n_known_src,init,init_seed,init_data,data_seed,converged,convergence_iteration,normalize_A,sn_ratio,Au_coherence,elapsed,A_err,A_err_angle_mean,A_err_angle_max,S_err_MSE,S_err_MCC,X_err,nsrc,nobs,sd_err,nreps,method,err_correlation_type,whiten_data,mu
0,0,1,0,1,True,135,False,10,0.9999638831384516,0.6069682161323726,0.35566201017168614,0.2758395376851502,0.7161029587110782,0.8623609292778425,0.5349489102151737,0.00020210862629727787,4,2,0.6324555320336759,2500,OLS_iid,iid,False,5
0,0,1,6,60001,True,134,False,10,0.9609036446010867,0.6245821136981249,0.15472527585945564,0.1298318667759832,0.24951079791147251,0.9017076637888258,0.6174853399372173,0.0002339471454488226,4,2,0.6324555320336759,2500,OLS_iid,iid,False,5
0,0,1,8,80001,True,135,False,10,0.9789056201687122,0.6326725631952286,0.30889322502525696,0.2333608415812698,0.5321358646859071,0.8872288446717297,0.5950371713237068,0.0002544078733321122,4,2,0.6324555320336759,2500,OLS_iid,iid,False,5
0,0,1,16,160001,True,132,False,10,0.964674965420479,0.6108157420530915,0.28563827424311433,0.2615130939833258,0.4881955308895601,0.931603933658101,0.5926863954276665,0.00025465990051118804,4,2,0.6324555320336759,2500,OLS_iid,iid,False,5
0,0,1,7,70001,True,138,False,10,0.9956082104551122,0.650380611885339,0.102898164962109,0.09077873484687564,0.1673577484092495,0.8859901342155008,0.6030437695533286,0.00015256857602359046,4,2,0.6324555320336759,2500,OLS_iid,iid,False,5
0,0,1,1,10001,True,148,False,10,0.9618454737965508,0.6871599401347339,0.29834726397699607,0.2750300069507435,0.45746049297466196,1.0041868364039432,0.5738009108802996,0.0002362128497569549,4,2,0.6324555320336759,2500,OLS_iid,iid,False,5
0,0,1,14,140001,True,142,False,10,0.9933920536229217,0.660552027169615,0.028799590945087872,0.023999579231749103,0.050329746251799784,0.8530181298738475,0.6405568505289065,0.00022498936847481854,4,2,0.6324555320336759,2500,OLS_iid,iid,False,5
0,1,1001,1,10001,True,129,False,10,0.9618454737965508,0.6219174209982157,0.17228921112967455,0.14368442477878549,0.2929702495456503,0.8855062292250304,0.6218255190614094,0.0002822778023425003,4,2,0.6324555320336759,2500,OLS_iid,iid,False,5
0,1,1001,8,80001,True,127,False,10,0.9789056201687122,0.6119878832250834,0.21729495168996435,0.1687709082595216,0.4021187293912088,0.8981005893166539,0.6307249666903121,0.0002766300964150388,4,2,0.6324555320336759,2500,OLS_iid,iid,False,5
0,0,1,24,240001,True,136,False,10,0.9962664992602762,0.6477928683161736,0.11540045832099012,0.08862080245622304,0.19206883144051953,0.768204078268618,0.6488409286051077,0.0004282496631578848,4,2,0.6324555320336759,2500,OLS_iid,iid,False,5
0,2,2001,3,30001,True,134,False,10,0.859635179861318,0.5703714159317315,0.27163279368224,0.22501941029684283,0.41682422239933,0.9036335835681524,0.6265570978538699,0.00032122009257280065,4,2,0.6324555320336759,2500,OLS_iid,iid,False,5
0,1,1001,10,100001,True,133,False,10,0.9849767786049096,0.6265923720784485,0.07006901793071116,0.06759216954364629,0.09447008761119158,0.8569059776972312,0.6310501250001,0.00021596271507308561,4,2,0.6324555320336759,2500,OLS_iid,iid,False,5
0,0,1,17,170001,True,144,False,10,0.9996446800254156,0.6900910111144185,0.14954931692092302,0.13077751178245603,0.17744449925380085,0.9665541641151442,0.5367035198192269,0.00010977289848818451,4,2,0.6324555320336759,2500,OLS_iid,iid,False,5
0,0,1,29,290001,True,138,False,10,0.9990986140700934,0.665256367996335,0.0785531647791145,0.07155952896553436,0.11488278790889574,0.8472683646946734,0.6333501932155349,0.00021626471102155617,4,2,0.6324555320336759,2500,OLS_iid,iid,False,5
0,0,1,13,130001,True,150,False,10,0.9184985308293767,0.7066254480741918,0.09952437684682514,0.09360817792455084,0.13581218553949145,0.8559709515580959,0.6354321441555746,0.00020758010250735098,4,2,0.6324555320336759,2500,OLS_iid,iid,False,5
0,0,1,9,90001,True,156,False,10,0.9834650607795635,0.7273988267406821,0.2600986657254682,0.21645584100657753,0.48054732593969923,0.9708870080552627,0.600139578354029,0.00024236364923189911,4,2,0.6324555320336759,2500,OLS_iid,iid,False,5
0,0,1,4,40001,True,160,False,10,0.9997019579933943,0.7518281722441316,0.459748169376829,0.4556207274054009,0.7404078413508162,1.006488260497484,0.5543754196548839,0.00020988950484103822,4,2,0.6324555320336759,2500,OLS_iid,iid,False,5
0,0,1,15,150001,True,158,False,10,0.996699191248906,0.7328557521104813,0.09024281800137592,0.07821697951194936,0.14382333752098078,0.8635496351644174,0.6117789623830043,0.0001503894040173304,4,2,0.6324555320336759,2500,OLS_iid,iid,False,5
0,0,1,5,50001,True,158,False,10,0.993482836219769,0.7550773718394339,0.3907639633090377,0.3022775309772001,0.7442713467658741,1.017863496934045,0.5150825826834925,0.00012358115357642276,4,2,0.6324555320336759,2500,OLS_iid,iid,False,5
0,1,1001,0,1,True,134,False,10,0.9999638831384516,0.6991532039828598,0.2908945969460455,0.22534436608293912,0.5779790853083756,0.9440738193582782,0.5765658120919955,0.00021914637848177953,4,2,0.6324555320336759,2500,OLS_iid,iid,False,5
0,2,2001,2,20001,True,132,False,10,0.9996237826626984,0.6387554141692817,0.49876882653850074,0.5025431409284377,0.5916536948196846,1.032425503281726,0.5316677572649006,0.00030042659317516487,4,2,0.6324555320336759,2500,OLS_iid,iid,False,5
0,2,2001,20,200001,True,127,False,10,0.968470534542595,0.6111265690997243,0.23220706847850475,0.2049749447873357,0.3691456787739416,0.8807800719421484,0.6258743915308866,0.0003153977273544621,4,2,0.6324555320336759,2500,OLS_iid,iid,False,5
0,0,1,28,280001,True,150,False,10,0.9921831318901502,0.716096417978406,0.12322035685720426,0.12171355316430746,0.15570332830252673,0.8819084055938512,0.6268827029388928,0.00017242374705209694,4,2,0.6324555320336759,2500,OLS_iid,iid,False,5
0,0,1,11,110001,True,162,False,10,0.9999785143387954,0.7556817079894245,0.19092867346499037,0.1677726186914269,0.21767649818492926,0.9229702453137658,0.5632083841170035,0.00010779502105670611,4,2,0.6324555320336759,2500,OLS_iid,iid,False,5
0,2,2001,22,220001,True,127,False,10,0.986162397461813,0.6196615057997406,0.3631612764457633,0.3587174527666911,0.4198861310579453,0.975954886521583,0.5799466425611002,0.0003387197553560357,4,2,0.6324555320336759,2500,OLS_iid,iid,False,5
0,3,3001,9,90001,True,128,False,10,0.9834650607795635,0.5948091321624815,0.2193482695067686,0.14595468424579308,0.4373028236066578,0.8453146467287427,0.6399507832870555,0.0003327963259992727,4,2,0.6324555320336759,2500,OLS_iid,iid,False,5
0,1,1001,14,140001,True,149,False,10,0.9933920536229217,0.6892042667604983,0.5225974903195562,0.4882505052652141,0.9185855018173533,1.1253172920499734,0.5085420752431173,0.0002517554376984709,4,2,0.6324555320336759,2500,OLS_iid,iid,False,5
0,0,1,10,100001,True,146,False,10,0.9849767786049096,0.7638422958552837,0.2594743815073513,0.21842229033971888,0.27013943058284307,0.8812702403305422,0.587012750513592,0.00018847715917877193,4,2,0.6324555320336759,2500,OLS_iid,iid,False,5
0,2,2001,24,240001,True,130,False,10,0.9962664992602762,0.639763758983463,0.493482005057003,0.3531714963304353,0.8641890748714408,0.8595906819304442,0.5275537406761825,0.0003058272066371575,4,2,0.6324555320336759,2500,OLS_iid,iid,False,5
0,3,3001,16,160001,True,129,False,10,0.964674965420479,0.6227902662940323,0.5008906732101295,0.4470906178571678,0.8700947116703248,0.9316496365110856,0.5433949434114609,0.00027533161439542275,4,2,0.6324555320336759,2500,OLS_iid,iid,False,5
0,1,1001,18,180001,True,146,False,10,0.8944006122661126,0.7140569910407066,0.3301514809611084,0.30652123558750816,0.5449978336864825,0.9609739167602078,0.5974779202362159,0.00027836682837723584,4,2,0.6324555320336759,2500,OLS_iid,iid,False,5
0,1,1001,16,160001,True,136,False,10,0.964674965420479,0.7266170810908079,0.4977256753272461,0.43427836341705284,0.7008954903136266,1.317252727982698,0.5196372900626308,0.00027161925912173483,4,2,0.6324555320336759,2500,OLS_iid,iid,False,5
0,1,1001,15,150001,True,152,False,10,0.996699191248906,0.7308683739975095,0.04112195636360779,0.039469505026261176,0.05311439060320778,0.8446021045724046,0.6224455027888594,0.00016235260029141257,4,2,0.6324555320336759,2500,OLS_iid,iid,False,5
0,1,1001,3,30001,True,154,False,10,0.859635179861318,0.7582350615411997,0.27833143707073155,0.25253888012122017,0.3944189912760285,0.9096648200289346,0.6272142787349236,0.00024015591596533055,4,2,0.6324555320336759,2500,OLS_iid,iid,False,5
0,3,3001,1,10001,True,137,False,10,0.9618454737965508,0.665457306895405,0.22178982696570504,0.17395713712648683,0.41817517690473555,0.8883899954384902,0.6290551494267351,0.00028160946223408965,4,2,0.6324555320336759,2500,OLS_iid,iid,False,5
0,1,1001,25,250001,True,153,False,10,0.9640498941685419,0.7334735379554331,0.3288782051986924,0.30886423073319075,0.4086803016610257,0.9403498702384735,0.5971783112172362,0.0002360832010146879,4,2,0.6324555320336759,2500,OLS_iid,iid,False,5
0,2,2001,26,260001,True,140,False,10,0.9541324351729277,0.6811395166441798,0.2816427186765942,0.2246168525529605,0.49374994555832785,0.9149188581981876,0.6272287903517348,0.00030504090726691933,4,2,0.6324555320336759,2500,OLS_iid,iid,False,5
0,3,3001,4,40001,True,128,False,10,0.9997019579933943,0.6694145118817687,0.37744731947758775,0.34525831911032845,0.5264388521315386,1.0636798233178935,0.5450487635921142,0.000310368560002245,4,2,0.6324555320336759,2500,OLS_iid,iid,False,5
0,2,2001,23,230001,True,142,False,10,0.9621238519682364,0.6866389634087682,0.35563457948817695,0.3200462291340774,0.6357831585409438,0.9539226732035023,0.5929573489577549,0.0002661060959212627,4,2,0.6324555320336759,2500,OLS_iid,iid,False,5
0,3,3001,8,80001,True,138,False,10,0.9789056201687122,0.6698231790214777,0.4805999488750963,0.3567676666560643,0.6029485686609489,0.8645326102877555,0.5361089029793726,0.00023838455379966117,4,2,0.6324555320336759,2500,OLS_iid,iid,False,5
0,3,3001,19,190001,True,134,False,10,0.9897324734011372,0.658299651928246,0.0878038967017126,0.07509913359206462,0.14265154240258338,0.8455759097018719,0.6431389412984638,0.00024023999073464165,4,2,0.6324555320336759,2500,OLS_iid,iid,False,5
0,3,3001,0,1,True,141,False,10,0.9999638831384516,0.6872493689879775,0.0997458648327594,0.0913160357375509,0.12251746114092224,0.8646423693717753,0.607033728900727,0.00016705472826066415,4,2,0.6324555320336759,2500,OLS_iid,iid,False,5
0,3,3001,25,250001,True,136,False,10,0.9640498941685419,0.6534677622839808,0.27938214940412526,0.24018457888496936,0.484840905801314,0.9391989926209248,0.6073205176503286,0.00031503540231372435,4,2,0.6324555320336759,2500,OLS_iid,iid,False,5
0,2,2001,18,180001,True,148,False,10,0.8944006122661126,0.7062688888981938,0.18344538735860152,0.11141539597467572,0.37021091043139337,0.8751415845906642,0.6339997620564275,0.00023800348949309537,4,2,0.6324555320336759,2500,OLS_iid,iid,False,5
0,3,3001,17,170001,True,145,False,10,0.9996446800254156,0.6902029109187424,0.15054542606715945,0.13317253925119246,0.18047449215091912,0.9710649071185555,0.5369359796929446,0.00011059860730825428,4,2,0.6324555320336759,2500,OLS_iid,iid,False,5
0,1,1001,17,170001,True,159,False,10,0.9996446800254156,0.7819963828660548,0.13538865832168845,0.1069150835182852,0.17114716144856656,0.9528263819193965,0.541198875536328,8.293690215151664e-05,4,2,0.6324555320336759,2500,OLS_iid,iid,False,5
0,1,1001,27,270001,True,160,False,10,0.9819889119240499,0.7714556278660893,0.43987878019830856,0.3831631959034977,0.829922511403284,1.0135740366170263,0.5463227157336966,0.00019246446636025428,4,2,0.6324555320336759,2500,OLS_iid,iid,False,5
0,0,1,19,190001,True,179,False,10,0.9897324734011372,0.8484765132889152,0.2261181992615062,0.18323306771196157,0.24993132408649285,0.8539315641355502,0.6006890417923768,0.00014601536427334976,4,2,0.6324555320336759,2500,OLS_iid,iid,False,5
0,1,1001,9,90001,True,140,False,10,0.9834650607795635,0.8127336679026484,0.3134949579679917,0.28810852141607707,0.47470581692425695,0.9238168012254891,0.6115999548634032,0.0002797885064441354,4,2,0.6324555320336759,2500,OLS_iid,iid,False,5
0,0,1,23,230001,True,166,False,10,0.9621238519682364,0.8550921520218253,0.21011882376343993,0.18725280674967573,0.33792187790977124,0.8476269942304798,0.6314319300942268,0.0001875323264030768,4,2,0.6324555320336759,2500,OLS_iid,iid,False,5
0,0,1,27,270001,True,186,False,10,0.9819889119240499,0.842904238961637,0.14053386053347214,0.12815233348040492,0.23141871326029956,0.878713254815744,0.6342394411245138,0.0001467578450221669,4,2,0.6324555320336759,2500,OLS_iid,iid,False,5
0,3,3001,14,140001,True,146,False,10,0.9933920536229217,0.7161998567171395,0.14416105618415134,0.13146841074538468,0.21718993918082702,0.8757867292560929,0.6242759020969316,0.00022706571919750714,4,2,0.6324555320336759,2500,OLS_iid,iid,False,5
0,3,3001,15,150001,True,146,False,10,0.996699191248906,0.717983815819025,0.3633776253560466,0.30731906865252484,0.6208448356910762,0.9739572381762205,0.5660593010073556,0.0002051809768835545,4,2,0.6324555320336759,2500,OLS_iid,iid,False,5
0,2,2001,11,110001,True,160,False,10,0.9999785143387954,0.7718822662718594,0.16465740922506042,0.14175115421448106,0.22558715243103114,0.9052269473053965,0.5722025267731863,0.00011912820022561236,4,2,0.6324555320336759,2500,OLS_iid,iid,False,5
0,3,3001,11,110001,True,149,False,10,0.9999785143387954,0.7275122762657702,0.15637093802739296,0.14144166385221052,0.1952859174772666,0.9139199239332274,0.5726674437693179,0.00012027105094121376,4,2,0.6324555320336759,2500,OLS_iid,iid,False,5
0,1,1001,23,230001,True,166,False,10,0.9621238519682364,0.8067941060289741,0.11051812240548703,0.08907492287182067,0.17784069737863006,0.841195444759203,0.6470388973179294,0.00016674011757603836,4,2,0.6324555320336759,2500,OLS_iid,iid,False,5
0,1,1001,26,260001,True,168,False,10,0.9541324351729277,0.8105589421465993,0.3439845918514843,0.26362084415447107,0.6967780987305983,0.9374246144158402,0.5993981558469246,0.00021585914758417887,4,2,0.6324555320336759,2500,OLS_iid,iid,False,5
0,3,3001,28,280001,True,144,False,10,0.9921831318901502,0.7032166593708098,0.04431160838700986,0.038128223376182574,0.07087176512717562,0.8620553512935063,0.6317479113587577,0.000173822458697744,4,2,0.6324555320336759,2500,OLS_iid,iid,False,5
0,3,3001,3,30001,True,159,False,10,0.859635179861318,0.7593323858454823,0.23449878402292315,0.22000158802678502,0.3433844045274961,0.90986954354261,0.6285644180447476,0.00022653911707327677,4,2,0.6324555320336759,2500,OLS_iid,iid,False,5
0,1,1001,7,70001,True,176,False,10,0.9956082104551122,0.8626286941580474,0.070117969266126,0.05647592329529417,0.11814154808417732,0.8060910225199764,0.6214594308797359,0.00010286630567829577,4,2,0.6324555320336759,2500,OLS_iid,iid,False,5
0,1,1001,24,240001,True,173,False,10,0.9962664992602762,0.8441537111066282,0.2528265031170891,0.21624950140403365,0.4578855016646953,0.9006850737162067,0.6190030272920606,0.00016903991340200158,4,2,0.6324555320336759,2500,OLS_iid,iid,False,5
0,1,1001,22,220001,True,172,False,10,0.986162397461813,0.8498446447774768,0.39768076124363666,0.3638150353890999,0.6702445993037226,0.9471295685524991,0.5925635644114247,0.0001809973354869087,4,2,0.6324555320336759,2500,OLS_iid,iid,False,5
0,2,2001,12,120001,True,171,False,10,0.9994146092103783,0.8224227977916598,0.37376659280191005,0.30211425662437796,0.4751486494625212,1.0365333824582927,0.5169838443030557,0.00016795095689789007,4,2,0.6324555320336759,2500,OLS_iid,iid,False,5
0,4,4001,3,30001,True,151,False,10,0.859635179861318,0.7210441259667277,0.22255565127575266,0.2091217803333163,0.3242789733045824,0.9091218448309231,0.6269830319051923,0.0002448401771387967,4,2,0.6324555320336759,2500,OLS_iid,iid,False,5
0,3,3001,21,210001,True,144,False,10,0.9056174432032106,0.7697588200680912,0.39784110606593975,0.3448699225265768,0.7386502821202953,0.9861546782611345,0.5749194966070623,0.00023811284833878118,4,2,0.6324555320336759,2500,OLS_iid,iid,False,5
0,1,1001,4,40001,True,191,False,10,0.9997019579933943,0.900586994830519,0.22530360570656818,0.1915493713486645,0.32808022978982154,1.1004877040766035,0.5615623354307797,6.349275615013374e-05,4,2,0.6324555320336759,2500,OLS_iid,iid,False,5
0,2,2001,7,70001,True,175,False,10,0.9956082104551122,0.8408773918636143,0.0808444963386046,0.06697098338237831,0.13890934795522245,1.00732770368207,0.5854427463451533,4.37870802566722e-05,4,2,0.6324555320336759,2500,OLS_iid,iid,False,5
0,2,2001,0,1,True,179,False,10,0.9999638831384516,0.8531104936264455,0.07501018755911358,0.06954527397318708,0.10256761735221896,0.7935451399618533,0.6218097177455478,0.00010832009578455277,4,2,0.6324555320336759,2500,OLS_iid,iid,False,5
0,1,1001,13,130001,True,184,False,10,0.9184985308293767,0.8959291041828692,0.3082351968505543,0.2792900430632932,0.44265992396110526,0.8997018030530418,0.5876639118891538,0.00013535170687521453,4,2,0.6324555320336759,2500,OLS_iid,iid,False,5
0,1,1001,2,20001,True,190,False,10,0.9996237826626984,0.9205241701565683,0.23277428563240155,0.23196806510913726,0.2735000966809276,0.8827568020985646,0.6156717132291958,0.00013732665332525341,4,2,0.6324555320336759,2500,OLS_iid,iid,False,5
0,1,1001,11,110001,True,195,False,10,0.9999785143387954,0.8987732562236488,0.11316254506239054,0.1059567192276285,0.1467265218904932,1.0012177462226566,0.5734557777464927,3.941543847422061e-05,4,2,0.6324555320336759,2500,OLS_iid,iid,False,5
0,3,3001,26,260001,True,165,False,10,0.9541324351729277,0.7931457720696926,0.39811964632201946,0.38352895423562106,0.6259276671473389,0.9726749167264794,0.5899274964642931,0.00022220478903645948,4,2,0.6324555320336759,2500,OLS_iid,iid,False,5
0,2,2001,21,210001,True,173,False,10,0.9056174432032106,0.8476972579956055,0.22021456262678468,0.18771263848830405,0.33693504935484725,0.8746202780857788,0.6144374407162618,0.00016399899164580835,4,2,0.6324555320336759,2500,OLS_iid,iid,False,5
0,1,1001,5,50001,True,200,False,10,0.993482836219769,0.9444742491468787,0.08693304480162525,0.0737306137480939,0.14988744198671336,0.9961300444207424,0.5748078002825108,3.450518290059264e-05,4,2,0.6324555320336759,2500,OLS_iid,iid,False,5
0,2,2001,19,190001,True,182,False,10,0.9897324734011372,0.8706512032076716,0.16096278253456103,0.13888130858240705,0.22621277894918831,0.8611776513334807,0.6272484446511368,0.00012708820869407805,4,2,0.6324555320336759,2500,OLS_iid,iid,False,5
0,2,2001,15,150001,True,181,False,10,0.996699191248906,0.8828544863499701,0.15763665629775686,0.1338451748884831,0.19389368719943234,0.8763393692819936,0.6102102307693634,0.00011912015424527608,4,2,0.6324555320336759,2500,OLS_iid,iid,False,5
0,1,1001,21,210001,True,193,False,10,0.9056174432032106,0.9290882349014282,0.16342315508526148,0.1381805418426086,0.28686388353698367,0.8760325453624248,0.6252995260304912,0.00013756263705443742,4,2,0.6324555320336759,2500,OLS_iid,iid,False,5
0,2,2001,10,100001,True,188,False,10,0.9849767786049096,0.8970752782188356,0.2339007439304965,0.17920967599341014,0.422375971111711,0.8952973892053331,0.6059514347775061,0.00012740372377785126,4,2,0.6324555320336759,2500,OLS_iid,iid,False,5
0,2,2001,4,40001,True,189,False,10,0.9997019579933943,0.9059244710952044,0.380894972684225,0.3585170755129179,0.6667406208172703,0.9469571736097023,0.5732415526002529,0.00013713553042649193,4,2,0.6324555320336759,2500,OLS_iid,iid,False,5
0,4,4001,5,50001,True,161,False,10,0.993482836219769,0.7787394528277218,0.13456470842908325,0.09381786919054605,0.2629881993766686,0.8950915526531475,0.5864569139862229,0.00011530866348594595,4,2,0.6324555320336759,2500,OLS_iid,iid,False,5
0,2,2001,1,10001,True,190,False,10,0.9618454737965508,0.9124930999241769,0.4165375299516218,0.37221455121391184,0.8022395883295699,0.9737553015788409,0.5709430352635976,0.00013206471566564186,4,2,0.6324555320336759,2500,OLS_iid,iid,False,5
0,1,1001,28,280001,True,192,False,10,0.9921831318901502,0.9200123427435756,0.13436925356922724,0.11529307676918768,0.2366441791427506,1.0320006992947366,0.5854493000616218,5.023354155098705e-05,4,2,0.6324555320336759,2500,OLS_iid,iid,False,5
0,2,2001,27,270001,True,187,False,10,0.9819889119240499,0.8900358309037983,0.2923100834111633,0.2060295538971451,0.5968886309222705,0.8794726106618702,0.5932978144940972,0.0001424238413248882,4,2,0.6324555320336759,2500,OLS_iid,iid,False,5
0,2,2001,13,130001,True,198,False,10,0.9184985308293767,0.93207983719185,0.1909006029851876,0.16283802202805267,0.3042864679723582,1.0079403664047704,0.5810591444420807,5.29885872770579e-05,4,2,0.6324555320336759,2500,OLS_iid,iid,False,5
0,0,1,25,250001,True,217,False,10,0.9640498941685419,1.0299491100013256,0.27381150980651553,0.20233443983116445,0.5551712134722815,0.9447239057250778,0.5982479117876969,0.00012842535997344706,4,2,0.6324555320336759,2500,OLS_iid,iid,False,5
0,3,3001,20,200001,True,187,False,10,0.968470534542595,0.8958453051745892,0.30311430021623387,0.25290505515874623,0.4865251904443664,0.9091098881781374,0.6109976178303077,0.00013207656241921622,4,2,0.6324555320336759,2500,OLS_iid,iid,False,5
0,3,3001,12,120001,True,190,False,10,0.9994146092103783,0.9132441049441695,0.3734733119991221,0.3223864541926641,0.6272559082788522,0.9563865450130797,0.5665906196480762,0.00013043162412728902,4,2,0.6324555320336759,2500,OLS_iid,iid,False,5
0,3,3001,5,50001,True,194,False,10,0.993482836219769,0.9308636439964175,0.13093926627499053,0.11749349356678078,0.17756339673680754,1.0228675141563643,0.5676655038924425,4.005720772116604e-05,4,2,0.6324555320336759,2500,OLS_iid,iid,False,5
0,2,2001,9,90001,True,205,False,10,0.9834650607795635,0.9805310517549515,0.29411442691850087,0.24799808899446568,0.45975925581711213,0.8950788081265394,0.6267479876935044,0.00013133488687154608,4,2,0.6324555320336759,2500,OLS_iid,iid,False,5
0,1,1001,12,120001,True,218,False,10,0.9994146092103783,1.0331497201696038,0.12534006977528359,0.10479459464560616,0.1804397357522691,0.824439126331834,0.6340184085878389,8.751612109851568e-05,4,2,0.6324555320336759,2500,OLS_iid,iid,False,5
0,0,1,2,20001,True,230,False,10,0.9996237826626984,1.1291590346954763,0.20473640729462184,0.17456154858847078,0.29601809681464764,0.8642054077518877,0.6258525981802955,9.721486609413057e-05,4,2,0.6324555320336759,2500,OLS_iid,iid,False,5
0,2,2001,14,140001,True,208,False,10,0.9933920536229217,0.9831423149444163,0.15947341875606588,0.13150812477709004,0.23956367210199264,0.8274576331437324,0.6350624262989335,9.502939023060368e-05,4,2,0.6324555320336759,2500,OLS_iid,iid,False,5
0,2,2001,25,250001,True,200,False,10,0.9640498941685419,0.961141973733902,0.12357914440533153,0.08990528379685969,0.19855462017366296,0.8504681412339941,0.6543894446948254,0.00013787417884341378,4,2,0.6324555320336759,2500,OLS_iid,iid,False,5
0,3,3001,2,20001,True,200,False,10,0.9996237826626984,0.9593068649992347,0.2858293040528469,0.2671736260221522,0.45840971895311144,0.8918744092372423,0.6093091787982386,0.00012148916651591166,4,2,0.6324555320336759,2500,OLS_iid,iid,False,5
0,1,1001,6,60001,True,225,False,10,0.9609036446010867,1.0712152495980263,0.28088611304904215,0.24720538062605166,0.5039274430214792,0.8800635657916965,0.6182218033077227,9.194240477991343e-05,4,2,0.6324555320336759,2500,OLS_iid,iid,False,5
0,2,2001,6,60001,True,216,False,10,0.9609036446010867,1.0150213539600372,0.11550097993473003,0.10408319544163666,0.16834872776210866,1.0336148087645887,0.590675777144537,4.560592767410351e-05,4,2,0.6324555320336759,2500,OLS_iid,iid,False,5
0,3,3001,7,70001,True,200,False,10,0.9956082104551122,0.974869417026639,0.08347562433813344,0.07155995533643313,0.12002853422890719,0.8828505152364193,0.6139816444853531,7.990379237460343e-05,4,2,0.6324555320336759,2500,OLS_iid,iid,False,5
0,3,3001,23,230001,True,201,False,10,0.9621238519682364,0.9576555658131838,0.36374574508398827,0.3010908736430242,0.6294641725646964,0.9398549955785419,0.5897495324811444,0.0001294344474911056,4,2,0.6324555320336759,2500,OLS_iid,iid,False,5
0,3,3001,6,60001,True,206,False,10,0.9609036446010867,0.9844143665395677,0.18397474369846034,0.16492505282801406,0.2950912715336475,0.8723582767445073,0.6199565030707428,0.00010324264064210151,4,2,0.6324555320336759,2500,OLS_iid,iid,False,5
0,3,3001,27,270001,True,181,False,10,0.9819889119240499,0.9448077660053968,0.12355869267304678,0.08948043511137728,0.22724035167235723,0.8545318292246782,0.6386334975588013,0.0001318466596117019,4,2,0.6324555320336759,2500,OLS_iid,iid,False,5
0,3,3001,13,130001,True,208,False,10,0.9184985308293767,0.9975202740170062,0.15348780560811173,0.1234681666181218,0.2734415968353929,0.786227049134572,0.6483804067118292,0.00013786676709837752,4,2,0.6324555320336759,2500,OLS_iid,iid,False,5
0,1,1001,20,200001,True,227,False,10,0.968470534542595,1.0897220028564334,0.11468222075765833,0.09671947227027437,0.1892483644562697,0.8070367755809156,0.6575989189954743,9.303511402021245e-05,4,2,0.6324555320336759,2500,OLS_iid,iid,False,5
0,3,3001,24,240001,True,204,False,10,0.9962664992602762,0.987790766172111,0.20555148363049458,0.14805580796659706,0.4007419049450877,0.8759581995748225,0.6307824533458519,0.00012590281395654892,4,2,0.6324555320336759,2500,OLS_iid,iid,False,5
0,2,2001,5,50001,True,215,False,10,0.993482836219769,1.0585055900737643,0.44658668097353715,0.33232352222650097,1.0566033837114428,0.9750499150129076,0.5298407616759953,7.565995666246791e-05,4,2,0.6324555320336759,2500,OLS_iid,iid,False,5
0,2,2001,16,160001,True,219,False,10,0.964674965420479,1.0507061090320349,0.24492238174750572,0.22608428846009904,0.3363607606716123,0.8697400217757753,0.6044177327030158,9.08415581502413e-05,4,2,0.6324555320336759,2500,OLS_iid,iid,False,5
0,4,4001,2,20001,True,204,False,10,0.9996237826626984,0.9695846899412572,0.20262482081840025,0.16940753193005137,0.292222782592407,0.87757094015028,0.6249855654990781,0.00011744425004853327,4,2,0.6324555320336759,2500,OLS_iid,iid,False,5
0,0,1,21,210001,True,206,False,10,0.9056174432032106,1.1696687089279294,0.1699997142016505,0.1322399389963019,0.2963787569524046,0.8819281782480844,0.6251929451138627,0.0001227528408414798,4,2,0.6324555320336759,2500,OLS_iid,iid,False,5
0,2,2001,28,280001,True,222,False,10,0.9921831318901502,1.0539478580467403,0.16659825499584985,0.15260180558326505,0.24610177920507606,0.8929121470313417,0.6045365901702551,8.061435655920561e-05,4,2,0.6324555320336759,2500,OLS_iid,iid,False,5
0,1,1001,19,190001,True,234,False,10,0.9897324734011372,1.119211966637522,0.1759036535197748,0.15330505397200733,0.2648855075061299,1.0019205657511705,0.5914925350803392,3.3508557823599844e-05,4,2,0.6324555320336759,2500,OLS_iid,iid,False,5
0,0,1,18,180001,True,254,False,10,0.8944006122661126,1.1991295237094164,0.22282497817167332,0.19060520206416656,0.3994018184281415,0.9419729321560927,0.6098866688262511,9.353381583718729e-05,4,2,0.6324555320336759,2500,OLS_iid,iid,False,5
0,4,4001,1,10001,True,211,False,10,0.9618454737965508,1.0150074637494981,0.12096553518804197,0.09652857032229187,0.22415500771836933,0.8494206258192586,0.6415757731377689,0.00010993415571651899,4,2,0.6324555320336759,2500,OLS_iid,iid,False,5
0,2,2001,8,80001,True,231,False,10,0.9789056201687122,1.1092107696458697,0.16678719583314594,0.14043502255938586,0.24517056508311674,0.8277951162094288,0.6344115476383146,8.413930735362756e-05,4,2,0.6324555320336759,2500,OLS_iid,iid,False,5
0,3,3001,10,100001,True,230,False,10,0.9849767786049096,1.0857316991314292,0.1869020830930219,0.17785305542807858,0.24721496329808557,1.0048459333065407,0.5792194762439103,3.614880999034197e-05,4,2,0.6324555320336759,2500,OLS_iid,iid,False,5
0,2,2001,17,170001,True,235,False,10,0.9996446800254156,1.123348331078887,0.06647862329350111,0.05271938001433287,0.11111909050031003,0.9801998728687665,0.5635170528265914,2.381031773137623e-05,4,2,0.6324555320336759,2500,OLS_iid,iid,False,5
0,4,4001,4,40001,True,223,False,10,0.9997019579933943,1.045219514053315,0.3427976365578527,0.25757099567321234,0.6250637209505853,0.9168115339455559,0.5956147803107763,0.00010189086838556767,4,2,0.6324555320336759,2500,OLS_iid,iid,False,5
0,1,1001,29,290001,True,234,False,10,0.9990986140700934,1.1899831108748913,0.44382161838589407,0.3580806019500016,0.7427353005530563,1.016092769293889,0.5505796691288897,8.61277504400556e-05,4,2,0.6324555320336759,2500,OLS_iid,iid,False,5
0,4,4001,6,60001,True,224,False,10,0.9609036446010867,1.0501064117997885,0.2783291560349713,0.26835183927313244,0.36713941378556203,0.8861091385435418,0.606295361356153,0.00010407815518196084,4,2,0.6324555320336759,2500,OLS_iid,iid,False,5
0,4,4001,0,1,True,228,False,10,0.9999638831384516,1.1016508382745087,0.0666611383296753,0.04607487627414457,0.1285871974135416,0.977431100459546,0.6004411633129259,3.5258460837668556e-05,4,2,0.6324555320336759,2500,OLS_iid,iid,False,5
0,4,4001,8,80001,True,146,False,10,0.9789056201687122,0.6936422791332006,0.23718780662514555,0.2141389075409847,0.35257762336066567,0.9199709046072557,0.6066077677251254,0.00022816739181026645,4,2,0.6324555320336759,2500,OLS_iid,iid,False,5
0,3,3001,18,180001,True,242,False,10,0.8944006122661126,1.151607173960656,0.2579373545598775,0.23135666835726693,0.447848911188091,0.8837143020503921,0.6286939081888395,0.00010030329282622578,4,2,0.6324555320336759,2500,OLS_iid,iid,False,5
0,4,4001,18,180001,True,138,False,10,0.8944006122661126,0.6523560988716781,0.41274226545980947,0.3831196994076519,0.7732453494517959,1.030598932252707,0.5680576439595026,0.00031084089996591136,4,2,0.6324555320336759,2500,OLS_iid,iid,False,5
0,3,3001,22,220001,True,248,False,10,0.986162397461813,1.195938023738563,0.15440118003154968,0.1328897708294887,0.21666526340089437,0.8258575100629892,0.6589933308887532,8.46675425418726e-05,4,2,0.6324555320336759,2500,OLS_iid,iid,False,5
0,4,4001,7,70001,True,175,False,10,0.9956082104551122,0.8383172866888344,0.15024887814142804,0.09188164851658068,0.29920962654927835,0.8786217553884558,0.612233368317945,0.00010887979195632207,4,2,0.6324555320336759,2500,OLS_iid,iid,False,5
0,4,4001,17,170001,True,154,False,10,0.9996446800254156,0.7224763273261487,0.1263384029610216,0.0977185990062158,0.22371181821592143,0.913535838104146,0.5636168053575755,7.912814655294413e-05,4,2,0.6324555320336759,2500,OLS_iid,iid,False,5
0,4,4001,11,110001,True,163,False,10,0.9999785143387954,0.7708367020823061,0.14980367773856454,0.13523443726239803,0.14852647443389716,1.0016466621954538,0.5568355725966059,3.895616770395984e-05,4,2,0.6324555320336759,2500,OLS_iid,iid,False,5
0,4,4001,23,230001,True,145,False,10,0.9621238519682364,0.6834492236375809,0.26580970484962535,0.18174311179706687,0.29370383629388813,0.8659539898549373,0.6087812999795041,0.0002483629693786594,4,2,0.6324555320336759,2500,OLS_iid,iid,False,5
0,4,4001,10,100001,True,169,False,10,0.9849767786049096,0.7963925013318658,0.15722897478172182,0.12613045027343708,0.23601564238871994,0.8677052438556224,0.6107250858122489,0.00016599896474092952,4,2,0.6324555320336759,2500,OLS_iid,iid,False,5
0,0,1,12,120001,True,311,False,10,0.9994146092103783,1.4240003260783851,0.24085055233700672,0.20610330573656763,0.39394753685308426,0.9025187570890115,0.5982794355372143,5.3957133130753544e-05,4,2,0.6324555320336759,2500,OLS_iid,iid,False,5
0,5,5001,3,30001,True,150,False,10,0.859635179861318,0.6728862300515175,0.32807951771187005,0.2514793088165799,0.6171843539682866,0.8879094104338983,0.6165979685516401,0.00025841608122846365,4,2,0.6324555320336759,2500,OLS_iid,iid,False,5
0,5,5001,13,130001,True,130,False,10,0.9184985308293767,0.6136178928427398,0.08262662850412686,0.07834193358686274,0.12268677782716472,0.8602195656525166,0.6401819454991347,0.00024827415668847826,4,2,0.6324555320336759,2500,OLS_iid,iid,False,5
0,5,5001,7,70001,True,135,False,10,0.9956082104551122,0.6467978050932288,0.13571025111548102,0.11784546380625688,0.23552041835487317,0.9253575572525786,0.5970277004177638,0.00016058206928408703,4,2,0.6324555320336759,2500,OLS_iid,iid,False,5
0,5,5001,11,110001,True,133,False,10,0.9999785143387954,0.6280920221470296,0.2023842009238544,0.166475937280126,0.3434807633581359,0.9205830829240329,0.5626987063686074,0.00016582969521868578,4,2,0.6324555320336759,2500,OLS_iid,iid,False,5
0,4,4001,14,140001,True,169,False,10,0.9933920536229217,0.7971993270330131,0.43308101650611563,0.3759599300795423,0.7693592269418933,0.993567465735512,0.5576145208374004,0.0001675476919205326,4,2,0.6324555320336759,2500,OLS_iid,iid,False,5
0,5,5001,27,270001,True,131,False,10,0.9819889119240499,0.58780771587044,0.18718429789673197,0.1716301580173868,0.26006921494411933,0.9096726369692556,0.6020828949282749,0.0002698104909632948,4,2,0.6324555320336759,2500,OLS_iid,iid,False,5
0,5,5001,0,1,True,150,False,10,0.9999638831384516,0.7114767259918153,0.22018889071967077,0.1737136957283552,0.36280480289620926,0.9305486651881651,0.586019841977026,0.00015492522513349487,4,2,0.6324555320336759,2500,OLS_iid,iid,False,5
0,5,5001,18,180001,True,134,False,10,0.8944006122661126,0.6342221326194704,0.26885264262148595,0.2153463523757129,0.5156748961815224,0.9732015408542144,0.5878882490707626,0.0002931760686624381,4,2,0.6324555320336759,2500,OLS_iid,iid,False,5
0,5,5001,20,200001,True,135,False,10,0.968470534542595,0.6343477526679635,0.17703190340275063,0.16757247248977855,0.2557108094267473,0.8561477139828724,0.6369156206872864,0.0002791901112714801,4,2,0.6324555320336759,2500,OLS_iid,iid,False,5
0,5,5001,17,170001,True,140,False,10,0.9996446800254156,0.6627785139717162,0.13367126850133615,0.09699211674922492,0.25327967561018216,0.9485281384478936,0.5419254199138845,0.0001189537670618345,4,2,0.6324555320336759,2500,OLS_iid,iid,False,5
0,5,5001,28,280001,True,130,False,10,0.9921831318901502,0.614073091186583,0.18427167961659743,0.16020985976482915,0.26646975575961906,0.8760559903821485,0.609707442538009,0.00022946030498919955,4,2,0.6324555320336759,2500,OLS_iid,iid,False,5
0,4,4001,19,190001,True,174,False,10,0.9897324734011372,0.8164235749281943,0.40962973064478697,0.36212774251525154,0.7005506570788973,0.8874053758037987,0.5686024276026561,0.00019562133302112531,4,2,0.6324555320336759,2500,OLS_iid,iid,False,5
0,4,4001,28,280001,True,165,False,10,0.9921831318901502,0.7778465189039707,0.18154002588385612,0.16339551958426915,0.2742773281241051,1.052275572926713,0.5612916017388659,5.919749193399685e-05,4,2,0.6324555320336759,2500,OLS_iid,iid,False,5
0,4,4001,13,130001,True,193,False,10,0.9184985308293767,0.9030902092345059,0.2256423854866524,0.16181722617002942,0.3997441968750371,1.0060744114342617,0.5717732562344203,5.4474912492727965e-05,4,2,0.6324555320336759,2500,OLS_iid,iid,False,5
0,3,3001,29,290001,True,288,False,10,0.9990986140700934,1.3763949372805655,0.07763205584683115,0.07106927821895741,0.093785995614483,0.8620061172979221,0.6346736087087607,3.481590842244269e-05,4,2,0.6324555320336759,2500,OLS_iid,iid,False,5
0,6,6001,13,130001,True,132,False,10,0.9184985308293767,0.6211981056258082,0.3472885174733563,0.2454046639262956,0.4403951024483986,0.8751666240030012,0.5631876480743938,0.0002569316537692916,4,2,0.6324555320336759,2500,OLS_iid,iid,False,5
0,5,5001,23,230001,True,155,False,10,0.9621238519682364,0.7293877331539989,0.3503925746990623,0.33268178917617447,0.49104669651542626,1.0307997287083694,0.5664059835748829,0.0002472755071946088,4,2,0.6324555320336759,2500,OLS_iid,iid,False,5
0,5,5001,5,50001,True,172,False,10,0.993482836219769,0.8184717232361436,0.19017467351638417,0.15885318887520325,0.23358877412851553,0.8955719328577116,0.5515944970218045,0.00010704190931667954,4,2,0.6324555320336759,2500,OLS_iid,iid,False,5
0,5,5001,10,100001,True,166,False,10,0.9849767786049096,0.7949780100025237,0.4769985611931065,0.44468061708490186,0.7664064648235547,1.034804918044653,0.5465523543199753,0.0001643405388249959,4,2,0.6324555320336759,2500,OLS_iid,iid,False,5
0,4,4001,20,200001,True,194,False,10,0.968470534542595,0.9038523240014911,0.155369017543006,0.1204229889462624,0.2685606809919535,0.8501798526509496,0.6465534731979934,0.00012485393604021994,4,2,0.6324555320336759,2500,OLS_iid,iid,False,5
0,4,4001,26,260001,True,165,False,10,0.9541324351729277,0.871963765937835,0.3960269130789747,0.31690671783421787,0.653642006520717,1.0225932113032774,0.574136062132132,0.0002244454493787001,4,2,0.6324555320336759,2500,OLS_iid,iid,False,5
0,6,6001,0,1,True,155,False,10,0.9999638831384516,0.7393158422783017,0.27138529232919034,0.2077904625942407,0.494323786899555,0.9406754657959426,0.5838975129507843,0.00015257193527645914,4,2,0.6324555320336759,2500,OLS_iid,iid,False,5
0,5,5001,14,140001,True,170,False,10,0.9933920536229217,0.8038311041891575,0.11110730052790146,0.08653752970339339,0.1992946441007391,0.8416189547922899,0.6335304861326813,0.00014214596891702307,4,2,0.6324555320336759,2500,OLS_iid,iid,False,5
0,4,4001,29,290001,True,187,False,10,0.9990986140700934,0.8767513651400805,0.42010823845242296,0.37284958505909693,0.6040433727641785,1.0385954320207569,0.5405444540963094,0.0001342554604488063,4,2,0.6324555320336759,2500,OLS_iid,iid,False,5
0,6,6001,11,110001,True,137,False,10,0.9999785143387954,0.685427260119468,0.20610379520086988,0.14025508752580046,0.40961416022372765,0.9336648568608624,0.5606676518802373,0.00017718274765934634,4,2,0.6324555320336759,2500,OLS_iid,iid,False,5
0,5,5001,8,80001,True,163,False,10,0.9789056201687122,0.8372258739545941,0.30735267956377993,0.2441904131584826,0.6042360844241789,0.9080003674019044,0.6112360036287774,0.00018069749013568072,4,2,0.6324555320336759,2500,OLS_iid,iid,False,5
0,6,6001,28,280001,True,133,False,10,0.9921831318901502,0.6289784270338714,0.14064249919679753,0.09364980145202123,0.27670902296817534,0.8856296264954935,0.62073902369676,0.00023631486899264623,4,2,0.6324555320336759,2500,OLS_iid,iid,False,5
0,6,6001,17,170001,True,144,False,10,0.9996446800254156,0.6982339201495051,0.11055475804511583,0.09195202735348344,0.19699339325183018,0.9386711784973202,0.5549666234149555,0.00010642312607670892,4,2,0.6324555320336759,2500,OLS_iid,iid,False,5
0,4,4001,9,90001,True,225,False,10,0.9834650607795635,1.0493295178748667,0.21365074114916593,0.17489068209742165,0.3094188218924552,0.8637565531167,0.6358706538662879,0.0001167380623639143,4,2,0.6324555320336759,2500,OLS_iid,iid,False,5
0,4,4001,27,270001,True,199,False,10,0.9819889119240499,0.9306876650080085,0.3848451710626306,0.30435002725623644,0.5981000284155029,1.0327901848161887,0.5187735707861206,5.432168746729008e-05,4,2,0.6324555320336759,2500,OLS_iid,iid,False,5
0,6,6001,27,270001,True,142,False,10,0.9819889119240499,0.6682994388975203,0.22369955573308187,0.1925576034651794,0.3984797025248512,0.9058243928845576,0.6083815040088717,0.00023733572491536502,4,2,0.6324555320336759,2500,OLS_iid,iid,False,5
0,6,6001,8,80001,True,163,False,10,0.9789056201687122,0.7701366674154997,0.3771593301228553,0.29491382239378955,0.8011581502837538,0.9394237289450027,0.5952239549174596,0.00018944032378437356,4,2,0.6324555320336759,2500,OLS_iid,iid,False,5
0,4,4001,12,120001,True,220,False,10,0.9994146092103783,1.0542828259058297,0.14881476332176655,0.12506358228803466,0.23556761558238112,0.8171179941069934,0.6309112996103405,8.212365666560007e-05,4,2,0.6324555320336759,2500,OLS_iid,iid,False,5
0,0,1,20,200001,True,362,False,10,0.968470534542595,1.697357484139502,0.1562340463373116,0.146303381075192,0.217687513286166,0.8869463757341605,0.6255934053491743,4.167511728336308e-05,4,2,0.6324555320336759,2500,OLS_iid,iid,False,5
0,7,7001,3,30001,True,133,False,10,0.859635179861318,0.6383399670012295,0.2625681466669531,0.22966786411167633,0.44954712371792904,0.9330809696795083,0.6185966203985577,0.00032397587040958187,4,2,0.6324555320336759,2500,OLS_iid,iid,False,5
0,4,4001,16,160001,True,221,False,10,0.964674965420479,1.0510380268096924,0.39016835555157975,0.3014157600276115,0.8156294586950136,0.959712219766752,0.576470871452539,0.00010753886086177897,4,2,0.6324555320336759,2500,OLS_iid,iid,False,5
0,6,6001,10,100001,True,167,False,10,0.9849767786049096,0.7893536258488894,0.4962618330152314,0.41512731832361116,0.6622329647823787,1.086709981766915,0.539073412413707,0.00015087007116472022,4,2,0.6324555320336759,2500,OLS_iid,iid,False,5
0,2,2001,29,290001,True,313,False,10,0.9990986140700934,1.6131397648714483,0.1077239403853211,0.09211082657103947,0.151675353412863,0.9913811044436318,0.6074107839293325,2.1137611116573766e-05,4,2,0.6324555320336759,2500,OLS_iid,iid,False,5
0,6,6001,21,210001,True,160,False,10,0.9056174432032106,0.7498978450894356,0.24515192804977576,0.22355613942341507,0.3020675934594049,0.8997021758380754,0.6058115871060897,0.0001986609960308257,4,2,0.6324555320336759,2500,OLS_iid,iid,False,5
0,6,6001,6,60001,True,179,False,10,0.9609036446010867,0.84131297795102,0.23257103053638542,0.20023056547722234,0.41608727778221527,0.8961905725883552,0.6192077451722631,0.00015362191168949847,4,2,0.6324555320336759,2500,OLS_iid,iid,False,5
0,5,5001,24,240001,True,190,False,10,0.9962664992602762,0.8933100597932935,0.28147214755577343,0.2650817603738408,0.332138901313561,0.875921319732833,0.6122862450784197,0.00015484027188476443,4,2,0.6324555320336759,2500,OLS_iid,iid,False,5
0,5,5001,26,260001,True,189,False,10,0.9541324351729277,0.8899406520649791,0.3389063094377657,0.2923383491136696,0.5007628887093074,0.916888910510983,0.6164060645063519,0.00018162737108040587,4,2,0.6324555320336759,2500,OLS_iid,iid,False,5
0,6,6001,1,10001,True,185,False,10,0.9618454737965508,0.8875473272055387,0.2884198328409278,0.2536061588440903,0.33571889679218725,0.9290802903114336,0.5873435922647682,0.0001468301994561452,4,2,0.6324555320336759,2500,OLS_iid,iid,False,5
0,6,6001,22,220001,True,164,False,10,0.986162397461813,0.7734628557227552,0.2781297655081366,0.19011815701696774,0.5756159077045984,0.9473141986141572,0.6102337429218914,0.000214680473780272,4,2,0.6324555320336759,2500,OLS_iid,iid,False,5
0,4,4001,22,220001,True,226,False,10,0.986162397461813,1.0707538230344653,0.48760467676800806,0.42933930956042143,0.6324273051076024,1.069753744400523,0.5573374083445306,0.00011496864089409963,4,2,0.6324555320336759,2500,OLS_iid,iid,False,5
0,7,7001,18,180001,True,137,False,10,0.8944006122661126,0.6227901359088719,0.4317895863165154,0.4076053667863921,0.8088134188900091,1.0339719774924852,0.5610327218521814,0.0003034064701765743,4,2,0.6324555320336759,2500,OLS_iid,iid,False,5
0,6,6001,18,180001,True,173,False,10,0.8944006122661126,0.8191758478060365,0.24919482377854632,0.21611212611125866,0.3523875408604625,0.9251926279998622,0.6178139830506224,0.00020297319988907053,4,2,0.6324555320336759,2500,OLS_iid,iid,False,5
0,7,7001,23,230001,True,129,False,10,0.9621238519682364,0.6115788361057639,0.2072579882103745,0.16845965690298187,0.3756920213962054,0.8695729969651976,0.6276888368572201,0.00029319332445687,4,2,0.6324555320336759,2500,OLS_iid,iid,False,5
0,7,7001,22,220001,True,132,False,10,0.986162397461813,0.6270166989415884,0.47559682983478596,0.36244398011679524,0.6540230962351091,1.223043882553934,0.5126423634461874,0.0003046847018922205,4,2,0.6324555320336759,2500,OLS_iid,iid,False,5
0,6,6001,7,70001,True,189,False,10,0.9956082104551122,0.8854681900702417,0.057524628144876785,0.05035213516189484,0.09077284559113043,1.00148159597222,0.5889819259662148,4.415844679249407e-05,4,2,0.6324555320336759,2500,OLS_iid,iid,False,5
0,6,6001,5,50001,True,192,False,10,0.993482836219769,0.905764611903578,0.2908694507016725,0.24259920878174437,0.49213730333916306,0.8763116583136469,0.5523616439960524,9.013968845407965e-05,4,2,0.6324555320336759,2500,OLS_iid,iid,False,5
0,5,5001,9,90001,True,218,False,10,0.9834650607795635,1.0223059779964387,0.1841843938399722,0.15911691650899948,0.2805392680459635,0.8498560912373496,0.6467272515399253,0.00011991351977396997,4,2,0.6324555320336759,2500,OLS_iid,iid,False,5
0,5,5001,16,160001,True,213,False,10,0.964674965420479,0.9968520989641547,0.21020187867286422,0.17209337260312668,0.33547228268469725,0.8978201202913727,0.593143674064754,9.754638560484416e-05,4,2,0.6324555320336759,2500,OLS_iid,iid,False,5
0,7,7001,24,240001,True,134,False,10,0.9962664992602762,0.6354512660764158,0.4000454484834599,0.3972469685231631,0.5089922497755209,0.9531784299987383,0.5793257399928969,0.00031139120040686683,4,2,0.6324555320336759,2500,OLS_iid,iid,False,5
0,6,6001,12,120001,True,189,False,10,0.9994146092103783,0.8961540819145739,0.3841789850208493,0.30828460973692656,0.4524458966525578,1.033840290815618,0.5119645906152688,0.00013026352853370187,4,2,0.6324555320336759,2500,OLS_iid,iid,False,5
0,6,6001,14,140001,True,188,False,10,0.9933920536229217,0.904015124309808,0.11398081699692324,0.09050362030010345,0.20679821560002035,0.8342557423624803,0.6348069192372428,0.00012439428264683278,4,2,0.6324555320336759,2500,OLS_iid,iid,False,5
0,7,7001,2,20001,True,149,False,10,0.9996237826626984,0.792719644960016,0.10451022851077403,0.0809631573883466,0.15941016778176054,0.8653042973849066,0.6384518280810947,0.00021461306056208595,4,2,0.6324555320336759,2500,OLS_iid,iid,False,5
0,7,7001,20,200001,True,146,False,10,0.968470534542595,0.6919702999293804,0.2861672900816771,0.2335102220248777,0.520403089450545,0.9012589081832731,0.6241752008238739,0.00021632636293178028,4,2,0.6324555320336759,2500,OLS_iid,iid,False,5
0,7,7001,26,260001,True,136,False,10,0.9541324351729277,0.648975339718163,0.5038806809974354,0.42567221894510865,0.6161539354423194,0.9185766327434615,0.5495798710393388,0.00030388127443819346,4,2,0.6324555320336759,2500,OLS_iid,iid,False,5
0,6,6001,23,230001,True,177,False,10,0.9621238519682364,0.8563552130945027,0.39150458941366406,0.33088626776256763,0.6959635886844994,1.2202405991056096,0.5193508271061325,6.921851486473604e-05,4,2,0.6324555320336759,2500,OLS_iid,iid,False,5
0,4,4001,21,210001,True,249,False,10,0.9056174432032106,1.1719295550137758,0.22196619127641037,0.21463496499131504,0.30615874795495934,0.878811535316725,0.6100621632160452,8.586194700487011e-05,4,2,0.6324555320336759,2500,OLS_iid,iid,False,5
0,4,4001,24,240001,True,241,False,10,0.9962664992602762,1.1458644289523363,0.3696147131996151,0.35766502858448945,0.45328697673938734,0.9154379582230197,0.5918613851774972,0.0001055844305682863,4,2,0.6324555320336759,2500,OLS_iid,iid,False,5
0,7,7001,8,80001,True,165,False,10,0.9789056201687122,0.7784343152306974,0.2016735355962869,0.17017572589350644,0.3660169257286865,0.8895792348989338,0.6218884017226072,0.00016634479582363916,4,2,0.6324555320336759,2500,OLS_iid,iid,False,5
0,0,1,3,30001,True,402,False,10,0.859635179861318,1.9084075042046607,0.24913329010144467,0.22106771911938206,0.44299582261231735,0.8871406249049334,0.6323285150863456,4.4156947147369854e-05,4,2,0.6324555320336759,2500,OLS_iid,iid,False,5
0,6,6001,19,190001,True,191,False,10,0.9897324734011372,0.8968374682590365,0.06888209372742625,0.05276404846417404,0.12673383077217257,0.8142084782364469,0.6477624453432194,0.0001127665549963993,4,2,0.6324555320336759,2500,OLS_iid,iid,False,5
0,5,5001,19,190001,True,224,False,10,0.9897324734011372,1.0598073420114815,0.07140468654053073,0.06472918536225838,0.09609127175651756,0.8019804508005772,0.6473142409592116,8.429831986183939e-05,4,2,0.6324555320336759,2500,OLS_iid,iid,False,5
0,7,7001,1,10001,True,177,False,10,0.9618454737965508,0.8333168090321124,0.09314475095314838,0.08893541266491277,0.12939409246118638,0.8455310655137045,0.633950909071129,0.0001478676674891176,4,2,0.6324555320336759,2500,OLS_iid,iid,False,5
0,6,6001,29,290001,True,185,False,10,0.9990986140700934,0.8647447009570897,0.18167800572233916,0.12373966932989648,0.35199422350105847,0.8959200864673023,0.6163718784615001,0.00013692030044422943,4,2,0.6324555320336759,2500,OLS_iid,iid,False,5
0,6,6001,3,30001,True,215,False,10,0.859635179861318,1.0021260348148644,0.513970522312658,0.411345169239071,0.8198620356153071,1.0726366202913291,0.4831586113659235,5.278187943958208e-05,4,2,0.6324555320336759,2500,OLS_iid,iid,False,5
0,7,7001,5,50001,True,172,False,10,0.993482836219769,0.8150605140253901,0.09982616878491436,0.08588449615078336,0.15848740172431444,0.8741036880590201,0.5946545635883519,8.865016088777202e-05,4,2,0.6324555320336759,2500,OLS_iid,iid,False,5
0,6,6001,15,150001,True,196,False,10,0.996699191248906,0.9440586906857789,0.17327006512571924,0.15841853485189136,0.1849834632908411,0.8725970289874501,0.6091151252396445,0.00010076935818305679,4,2,0.6324555320336759,2500,OLS_iid,iid,False,5
0,6,6001,9,90001,True,188,False,10,0.9834650607795635,0.9883802412077785,0.19474070690032996,0.14492511587773832,0.33408675236113666,0.8614259758375988,0.6384275630535584,0.0001531389337606341,4,2,0.6324555320336759,2500,OLS_iid,iid,False,5
0,7,7001,9,90001,True,176,False,10,0.9834650607795635,0.8250217610038817,0.17801261230223733,0.1330396590758393,0.31859022263253883,0.8563078699991796,0.6434485934596887,0.00017479194471131302,4,2,0.6324555320336759,2500,OLS_iid,iid,False,5
0,5,5001,25,250001,True,214,False,10,0.9640498941685419,1.0625297743827105,0.12295965329052931,0.1023408271062432,0.20235427548015916,0.842840966185071,0.6531547264258927,0.00012659898026371393,4,2,0.6324555320336759,2500,OLS_iid,iid,False,5
0,0,1,22,220001,True,410,False,10,0.986162397461813,1.9393385401926935,0.26597065771976475,0.22378451889376105,0.4753778291678628,0.9944664376422624,0.6031414819670913,1.883829252283663e-05,4,2,0.6324555320336759,2500,OLS_iid,iid,False,5
0,7,7001,29,290001,True,154,False,10,0.9990986140700934,0.7078050402924418,0.2970283458783419,0.26679921370790033,0.4386444875771551,0.9464003778905783,0.5807696609125794,0.00019242131363197604,4,2,0.6324555320336759,2500,OLS_iid,iid,False,5
0,8,8001,0,1,True,148,False,10,0.9999638831384516,0.7061783503741026,0.14293053985268298,0.11382705106851526,0.2190174108581508,0.8597427768678008,0.6097291724979125,0.000153039341434024,4,2,0.6324555320336759,2500,OLS_iid,iid,False,5
0,7,7001,17,170001,True,166,False,10,0.9996446800254156,0.7979136821813881,0.20030554884053248,0.1641098796164845,0.3678755965011912,0.952136005932849,0.5365042374572357,8.485158113062134e-05,4,2,0.6324555320336759,2500,OLS_iid,iid,False,5
0,5,5001,15,150001,True,218,False,10,0.996699191248906,1.1366894571110606,0.181790057738454,0.16494779145627653,0.2556825565562646,0.861324353283736,0.6065746796796045,8.048347729227747e-05,4,2,0.6324555320336759,2500,OLS_iid,iid,False,5
0,4,4001,25,250001,True,256,False,10,0.9640498941685419,1.2268140302039683,0.36356215285527976,0.3249154566992901,0.589160940533654,0.9076153947641684,0.606242187914641,9.40567498360157e-05,4,2,0.6324555320336759,2500,OLS_iid,iid,False,5
0,7,7001,11,110001,True,177,False,10,0.9999785143387954,0.8426553602330387,0.17834367407738172,0.15453350556151896,0.2693408498316535,0.9955579451514719,0.5464770937520541,4.249502690371747e-05,4,2,0.6324555320336759,2500,OLS_iid,iid,False,5
0,8,8001,4,40001,True,142,False,10,0.9997019579933943,0.6699186391197145,0.2181669415559588,0.16280730747596692,0.3529656300588806,0.925489845229267,0.6004989258695045,0.0002509167904249159,4,2,0.6324555320336759,2500,OLS_iid,iid,False,5
0,7,7001,6,60001,True,188,False,10,0.9609036446010867,0.8820266416296363,0.26814689774436884,0.19920870425515463,0.430212235740125,0.9442211043538398,0.5834631064979658,0.0001280457307802624,4,2,0.6324555320336759,2500,OLS_iid,iid,False,5
0,7,7001,14,140001,True,182,False,10,0.9933920536229217,0.8551740413531661,0.4224897005578027,0.3761636222003731,0.7087518271697755,0.9889813736844879,0.5652377858865761,0.0001484881973713247,4,2,0.6324555320336759,2500,OLS_iid,iid,False,5
0,5,5001,21,210001,True,241,False,10,0.9056174432032106,1.1355012548156083,0.3185736685991666,0.30894553895628485,0.39324272793008674,0.9215109213638345,0.5862615473013341,8.95003803050124e-05,4,2,0.6324555320336759,2500,OLS_iid,iid,False,5
0,7,7001,7,70001,True,193,False,10,0.9956082104551122,0.9109884197823703,0.1554855791745082,0.128496283061271,0.2572105996966064,1.0442386139491124,0.5679947055862075,3.56388135875916e-05,4,2,0.6324555320336759,2500,OLS_iid,iid,False,5
0,7,7001,25,250001,True,174,False,10,0.9640498941685419,0.8190555688925087,0.4203212731120744,0.3704078810639474,0.6294835183650158,0.9935338643561522,0.5764873028410699,0.00018130094145563786,4,2,0.6324555320336759,2500,OLS_iid,iid,False,5
0,7,7001,28,280001,True,167,False,10,0.9921831318901502,0.7977483333088458,0.20194294815408054,0.16705745803904737,0.22797686494914426,1.032940201592596,0.5706697845986635,5.309130412351022e-05,4,2,0.6324555320336759,2500,OLS_iid,iid,False,5
0,8,8001,8,80001,True,137,False,10,0.9789056201687122,0.6583766918629408,0.15836964940386408,0.14670632483213986,0.23261391262496176,0.8518871172226803,0.632899215699176,0.0002248310948001091,4,2,0.6324555320336759,2500,OLS_iid,iid,False,5
0,8,8001,1,10001,True,165,False,10,0.9618454737965508,0.7716818768531084,0.15336141033485762,0.13000280764949448,0.21851546748471962,0.8695374060431078,0.6322481254703455,0.00019370213895017198,4,2,0.6324555320336759,2500,OLS_iid,iid,False,5
0,5,5001,22,220001,True,249,False,10,0.986162397461813,1.190636208280921,0.41105152209625917,0.3827774363229044,0.6959844839609884,1.0602614387457079,0.5513754418969765,9.607777797611805e-05,4,2,0.6324555320336759,2500,OLS_iid,iid,False,5
0,8,8001,6,60001,True,157,False,10,0.9609036446010867,0.739663858897984,0.13991983366756963,0.12163810749781798,0.2004052131663713,0.8743447059278461,0.6295074331784629,0.00017528411197061984,4,2,0.6324555320336759,2500,OLS_iid,iid,False,5
0,8,8001,15,150001,True,141,False,10,0.996699191248906,0.6271097380667925,0.2704809533245231,0.2253344439061458,0.4530518460562591,0.9239664618348311,0.5859940326481291,0.00020435527998820065,4,2,0.6324555320336759,2500,OLS_iid,iid,False,5
0,8,8001,11,110001,True,135,False,10,0.9999785143387954,0.6578965652734041,0.32984190362489674,0.2746261712974799,0.5457981532921955,1.0132906307384966,0.5278993287214718,0.00016779876226446317,4,2,0.6324555320336759,2500,OLS_iid,iid,False,5
0,8,8001,9,90001,True,142,False,10,0.9834650607795635,0.6761942291632295,0.15971856712799745,0.1241375916529419,0.2421001292520704,0.8404245959427481,0.6499661137733362,0.0002802626682465808,4,2,0.6324555320336759,2500,OLS_iid,iid,False,5
0,8,8001,16,160001,True,135,False,10,0.964674965420479,0.6317961881868541,0.21014973911560497,0.16999016273561626,0.37044599261598404,0.9278311295646967,0.5870236141814181,0.00025719464947094515,4,2,0.6324555320336759,2500,OLS_iid,iid,False,5
0,7,7001,4,40001,True,210,False,10,0.9997019579933943,0.9799798848107457,0.27664329737332627,0.228968133725062,0.43087733868450667,0.8745312632628665,0.6072838361242339,0.00010548291587403548,4,2,0.6324555320336759,2500,OLS_iid,iid,False,5
0,7,7001,15,150001,True,200,False,10,0.996699191248906,0.9376321821473539,0.307254863887376,0.23772024580354972,0.5437060182098393,0.9127148274893399,0.591735955167831,0.00010823289944128956,4,2,0.6324555320336759,2500,OLS_iid,iid,False,5
0,8,8001,10,100001,True,144,False,10,0.9849767786049096,0.678333505988121,0.10848425441046426,0.10485004227487107,0.1400565362236965,0.8550769098212448,0.6239513375444701,0.00021009178282456364,4,2,0.6324555320336759,2500,OLS_iid,iid,False,5
0,8,8001,19,190001,True,132,False,10,0.9897324734011372,0.6205838690511882,0.12996321090802804,0.08608654004870338,0.2578615873502056,0.8323757777351503,0.6369702513716996,0.00023956779422186446,4,2,0.6324555320336759,2500,OLS_iid,iid,False,5
0,7,7001,12,120001,True,204,False,10,0.9994146092103783,0.9627160639502108,0.19421418988838554,0.18174741282787704,0.24954803407421494,0.8515010150678739,0.6132514868449499,9.997688212043962e-05,4,2,0.6324555320336759,2500,OLS_iid,iid,False,5
0,8,8001,7,70001,True,159,False,10,0.9956082104551122,0.7569951601326466,0.05122501773735648,0.048210904170285035,0.07060314105368239,0.8655758517368479,0.6192225155510105,0.00012115424126398974,4,2,0.6324555320336759,2500,OLS_iid,iid,False,5
0,7,7001,10,100001,True,177,False,10,0.9849767786049096,1.0065625868737698,0.1810714814721349,0.1479464326070338,0.2904718335866729,0.896695627360976,0.6018485030818609,0.00013261462730947647,4,2,0.6324555320336759,2500,OLS_iid,iid,False,5
0,8,8001,21,210001,True,138,False,10,0.9056174432032106,0.647577459923923,0.29646150575380126,0.24174298655528983,0.49826478281754466,0.9319039714544478,0.6006235478540577,0.00027268324049957736,4,2,0.6324555320336759,2500,OLS_iid,iid,False,5
0,8,8001,17,170001,True,143,False,10,0.9996446800254156,0.6787142031826079,0.19362447071492767,0.155236660588486,0.31209409846517727,0.9816608954988808,0.5330664341983059,0.00010415579698630721,4,2,0.6324555320336759,2500,OLS_iid,iid,False,5
0,5,5001,2,20001,True,286,False,10,0.9996237826626984,1.3628326817415655,0.3410746423565196,0.3075754379100163,0.4763064186077263,0.9273602126571034,0.5933050843463525,7.046925449572372e-05,4,2,0.6324555320336759,2500,OLS_iid,iid,False,5
0,6,6001,2,20001,True,243,False,10,0.9996237826626984,1.2424410609528422,0.4122071163915714,0.32201228224692696,0.7272843818314518,1.0566495930179332,0.529165406087147,3.6430469717836914e-05,4,2,0.6324555320336759,2500,OLS_iid,iid,False,5
0,5,5001,1,10001,True,291,False,10,0.9618454737965508,1.3816777230240405,0.31925753383485717,0.30167966765389065,0.4290706199765033,0.9172845471248063,0.5826632647119775,6.395486503323512e-05,4,2,0.6324555320336759,2500,OLS_iid,iid,False,5
0,6,6001,16,160001,True,253,False,10,0.964674965420479,1.1914846920408309,0.21006508254197462,0.17116157212593316,0.34728322279465745,0.8721684643552569,0.6017043578304543,7.64335450606297e-05,4,2,0.6324555320336759,2500,OLS_iid,iid,False,5
0,7,7001,21,210001,True,203,False,10,0.9056174432032106,0.9921769378706813,0.2620053090793379,0.24638435395809008,0.3832013374589499,0.9054188561561236,0.6030806914027704,0.00011701966677590466,4,2,0.6324555320336759,2500,OLS_iid,iid,False,5
0,6,6001,20,200001,True,256,False,10,0.968470534542595,1.1899933312088251,0.22629258509619052,0.18809981600153963,0.30370380904371497,1.0221806191447909,0.5863596041217882,2.969590353930849e-05,4,2,0.6324555320336759,2500,OLS_iid,iid,False,5
0,8,8001,27,270001,True,142,False,10,0.9819889119240499,0.6726394309662282,0.17104091138490282,0.15335626078229847,0.2880971961772889,0.8839044441132436,0.6331852888952426,0.000247097700849896,4,2,0.6324555320336759,2500,OLS_iid,iid,False,5
0,7,7001,19,190001,True,218,False,10,0.9897324734011372,1.0344086419790983,0.2738044134843239,0.2579010130875262,0.399251204192042,0.9000004505526636,0.6008762625264159,9.34882520981117e-05,4,2,0.6324555320336759,2500,OLS_iid,iid,False,5
0,8,8001,28,280001,True,132,False,10,0.9921831318901502,0.6342712840996683,0.2047122205642186,0.16750407389521677,0.3566031740507928,0.9148625856970516,0.6103629137123225,0.00023074601522458734,4,2,0.6324555320336759,2500,OLS_iid,iid,False,5
0,5,5001,4,40001,True,250,False,10,0.9997019579933943,1.4456198797561228,0.30200582228047984,0.2809592019182332,0.4640853098700015,0.8716429052957824,0.5826710752807592,8.060537067626436e-05,4,2,0.6324555320336759,2500,OLS_iid,iid,False,5
0,8,8001,23,230001,True,158,False,10,0.9621238519682364,0.7372598340734839,0.2683585102721566,0.24172694402428208,0.3318866756690367,0.9066705340298193,0.6125367640432178,0.0001996411669729299,4,2,0.6324555320336759,2500,OLS_iid,iid,False,5
0,7,7001,0,1,True,244,False,10,0.9999638831384516,1.1695781401358545,0.10119155978167159,0.07694066115675027,0.19196230194826172,0.9818587890384246,0.6008658041291279,3.0158703702347693e-05,4,2,0.6324555320336759,2500,OLS_iid,iid,False,5
0,8,8001,12,120001,True,175,False,10,0.9994146092103783,0.8372130240313709,0.4637154314574065,0.4167223683459038,0.8933534289518723,1.0343425418618326,0.5447265868844062,0.00015543164404299118,4,2,0.6324555320336759,2500,OLS_iid,iid,False,5
0,7,7001,16,160001,True,240,False,10,0.964674965420479,1.1239555482752621,0.3300151503078286,0.29025175682297233,0.6072841142241068,0.9312509098402479,0.5844829838990042,8.099772583165433e-05,4,2,0.6324555320336759,2500,OLS_iid,iid,False,5
0,8,8001,22,220001,True,171,False,10,0.986162397461813,0.8060162607580423,0.3232264978931456,0.31315909013789006,0.46872986142700984,0.8992941564312359,0.6064767220502012,0.0001828894997618631,4,2,0.6324555320336759,2500,OLS_iid,iid,False,5
0,8,8001,29,290001,True,149,False,10,0.9990986140700934,0.702563492115587,0.1720043406123212,0.12853713021219876,0.24963263124687202,0.768421054261867,0.6331184501057068,0.00023279548093036478,4,2,0.6324555320336759,2500,OLS_iid,iid,False,5
0,5,5001,6,60001,True,322,False,10,0.9609036446010867,1.5065380157902837,0.3335967407877827,0.30164804885492724,0.5583006699651787,0.9122504794485888,0.6061691459064265,5.108220123332776e-05,4,2,0.6324555320336759,2500,OLS_iid,iid,False,5
0,9,9001,0,1,True,162,False,10,0.9999638831384516,0.7560200863517821,0.3525202653626842,0.2651550896774422,0.6877937830432311,0.9457699247482694,0.5713794232544523,0.00016599827653712818,4,2,0.6324555320336759,2500,OLS_iid,iid,False,5
0,8,8001,14,140001,True,197,False,10,0.9933920536229217,0.9216582220979035,0.13942255102166434,0.10313509444883637,0.21137483847982066,0.8538140193865706,0.6368219071215757,0.0001043403204653472,4,2,0.6324555320336759,2500,OLS_iid,iid,False,5
0,9,9001,8,80001,True,159,False,10,0.9789056201687122,0.7457904298789799,0.4114226947797795,0.32217049233798456,0.9133290496249991,0.9539590746683911,0.5905740448097905,0.00020202251668084597,4,2,0.6324555320336759,2500,OLS_iid,iid,False,5
0,9,9001,18,180001,True,140,False,10,0.8944006122661126,0.6659723534248769,0.28800304569494073,0.269339235477246,0.4577058097014449,0.8891188703218601,0.6158106758949129,0.00029438606739032644,4,2,0.6324555320336759,2500,OLS_iid,iid,False,5
0,8,8001,18,180001,True,204,False,10,0.8944006122661126,0.956823100335896,0.26278056339365974,0.22657408276531488,0.387478996766208,0.9439355291197989,0.6062250048814664,0.00014109473037604434,4,2,0.6324555320336759,2500,OLS_iid,iid,False,5
0,9,9001,1,10001,True,172,False,10,0.9618454737965508,0.8080958784557879,0.21938812471135447,0.20904588903686572,0.30464772425580994,0.8844609242245728,0.6166769692871613,0.00015906755467470099,4,2,0.6324555320336759,2500,OLS_iid,iid,False,5
1,0,1,9,90001,True,148,False,10,0.9834650607795635,0.5552651910111308,0.3740680219884324,0.28744076762143544,0.7112516055042591,0.8794646684307811,0.615475545157621,0.00014054923525650553,4,2,0.6324555320336759,2500,OLS_iid,iid,False,5
1,0,1,4,40001,True,156,False,10,0.9001462387762448,0.5895924349315464,0.22062791829362113,0.17612095955430446,0.3291369394671669,0.751145507040011,0.7195610993708934,0.0001390096545226041,4,2,0.6324555320336759,2500,OLS_iid,iid,False,5
0,9,9001,2,20001,True,176,False,10,0.9996237826626984,0.8235782003030181,0.3116463220851182,0.2629658683659338,0.5015163410275809,0.929428507574733,0.5989272771026338,0.00016616466074484285,4,2,0.6324555320336759,2500,OLS_iid,iid,False,5
1,0,1,14,140001,True,147,False,10,0.9933920536229217,0.5581927015446126,0.13286732323761347,0.08804098636223695,0.26332892528420715,0.8159714493762215,0.6361516981222837,9.539957975068093e-05,4,2,0.6324555320336759,2500,OLS_iid,iid,False,5
0,9,9001,27,270001,True,140,False,10,0.9819889119240499,0.6545007550157607,0.4327556006137668,0.36159610287322713,0.8346741415831139,0.9083042529184101,0.5588494773762465,0.0002764639517862831,4,2,0.6324555320336759,2500,OLS_iid,iid,False,5
0,9,9001,24,240001,True,145,False,10,0.9962664992602762,0.6781897167675197,0.2741565381588005,0.2532398305489456,0.32479544439486613,0.8894005470304471,0.6104621693202826,0.0002491691432574141,4,2,0.6324555320336759,2500,OLS_iid,iid,False,5
0,9,9001,6,60001,True,172,False,10,0.9609036446010867,0.8113894872367382,0.18673024022095877,0.1860230623732136,0.23209539585475145,0.87569534523423,0.6239237756845825,0.0001581794252354153,4,2,0.6324555320336759,2500,OLS_iid,iid,False,5
1,0,1,1,10001,True,169,False,10,0.9618454737965508,0.6451417948119342,0.35972314204276923,0.26821852241735966,0.5621101585496008,0.8501278964730168,0.6206383937649003,8.140598801952021e-05,4,2,0.6324555320336759,2500,OLS_iid,iid,False,5
0,6,6001,26,260001,True,305,False,10,0.9541324351729277,1.432572363410145,0.38781682199409206,0.36537100234852893,0.6346114205449658,1.0883754708636357,0.561724405490087,3.508812889964007e-05,4,2,0.6324555320336759,2500,OLS_iid,iid,False,5
0,8,8001,20,200001,True,226,False,10,0.968470534542595,0.9944359231740236,0.1529892723675906,0.12845263907674334,0.22295482007240597,0.8378742274999976,0.6423346765603462,9.226626031668775e-05,4,2,0.6324555320336759,2500,OLS_iid,iid,False,5
1,0,1,17,170001,True,155,False,10,0.9996446800254156,0.5809932090342045,0.1147039420260005,0.10251236534516153,0.15749515852722634,0.7869243067188257,0.656282094423058,7.937150021135588e-05,4,2,0.6324555320336759,2500,OLS_iid,iid,False,5
0,9,9001,10,100001,True,173,False,10,0.9849767786049096,0.8209087569266558,0.4323888114628798,0.41826817970806884,0.5385961235763704,1.0260610177685519,0.5235105859398055,0.0001606523478775427,4,2,0.6324555320336759,2500,OLS_iid,iid,False,5
1,1,1001,4,40001,True,134,False,10,0.9001462387762448,0.5033425078727305,0.07491683411048947,0.04952503205112696,0.1464607546861001,0.9635142397635977,0.46591662730438976,0.00018657076038903532,4,2,0.6324555320336759,2500,OLS_iid,iid,False,5
0,9,9001,22,220001,True,152,False,10,0.986162397461813,0.7154529020190239,0.28389816688417513,0.20218708295488835,0.5747507085250269,0.9452403478082181,0.6088587861340617,0.0002427189685389794,4,2,0.6324555320336759,2500,OLS_iid,iid,False,5
0,9,9001,9,90001,True,179,False,10,0.9834650607795635,0.8368473271839321,0.15714906361353975,0.11994751132317902,0.2064656889316091,0.8379134320831166,0.6552236173873006,0.00016799583694326195,4,2,0.6324555320336759,2500,OLS_iid,iid,False,5
0,7,7001,13,130001,True,286,False,10,0.9184985308293767,1.344162670429796,0.13516298506591864,0.12501430853044587,0.18583338496666457,1.0435045936345773,0.5819165531508381,3.0032094716823777e-05,4,2,0.6324555320336759,2500,OLS_iid,iid,False,5
1,0,1,7,70001,True,174,False,10,0.9491554521740491,0.6471454622223973,0.44199994404062015,0.33532981238839754,0.8699197383434568,1.077938373094178,0.5474371920242108,4.363144931249964e-05,4,2,0.6324555320336759,2500,OLS_iid,iid,False,5
0,9,9001,13,130001,True,170,False,10,0.9184985308293767,0.8051812862977386,0.2280810021509588,0.20884679031715644,0.3562308962355899,1.0741231032662966,0.5531154922389347,6.207116961238727e-05,4,2,0.6324555320336759,2500,OLS_iid,iid,False,5
1,1,1001,1,10001,True,138,False,10,0.9618454737965508,0.5245783352293074,0.1317419344936387,0.09577449346493794,0.2457166505044153,0.7378109891653474,0.6996452227290133,0.00013724780684811917,4,2,0.6324555320336759,2500,OLS_iid,iid,False,5
1,0,1,15,150001,True,163,False,10,0.9370639838269078,0.6123954709619284,0.20888054029751713,0.15395192883559528,0.38256384429279916,0.7224600970768736,0.7123936171768582,0.00013442800250946285,4,2,0.6324555320336759,2500,OLS_iid,iid,False,5
1,0,1,6,60001,True,177,False,10,0.9609036446010867,0.6727040009573102,0.27518913624336233,0.202730788461361,0.5401292370693702,1.0068647429030486,0.6043367202390336,3.006889688021793e-05,4,2,0.6324555320336759,2500,OLS_iid,iid,False,5
1,0,1,18,180001,True,165,False,10,0.8282907660537875,0.6196922152303159,0.16149338584965978,0.13943214284573513,0.22712958043084283,0.8629612468943094,0.7119375157110307,5.657033424732131e-05,4,2,0.6324555320336759,2500,OLS_iid,iid,False,5
1,1,1001,0,1,True,148,False,10,0.9824268093821419,0.5540949087589979,0.2853878439776759,0.21336645418739691,0.5547295292901931,0.7693542344312491,0.6667658767153241,0.00014600798139264594,4,2,0.6324555320336759,2500,OLS_iid,iid,False,5
0,5,5001,12,120001,True,350,False,10,0.9994146092103783,1.6941185239702463,0.13335203314164498,0.11178391736890758,0.20366980694515788,1.0136076191829153,0.5952148031996407,2.2853680781000257e-05,4,2,0.6324555320336759,2500,OLS_iid,iid,False,5
1,1,1001,8,80001,True,140,False,10,0.9789056201687122,0.5248773130588233,0.16780056169566268,0.12273693780538437,0.27238480367303,0.7012825088741249,0.7222723262348715,0.00015876663845269364,4,2,0.6324555320336759,2500,OLS_iid,iid,False,5
0,9,9001,23,230001,True,162,False,10,0.9621238519682364,0.7590355868451297,0.37265847139666186,0.3037368355719554,0.7470939963933968,1.284583485714006,0.502873691831935,8.221708655524638e-05,4,2,0.6324555320336759,2500,OLS_iid,iid,False,5
1,1,1001,2,20001,True,151,False,10,0.7704746710867817,0.5653705568984151,0.09244660066136685,0.07442408629856564,0.1655717003884633,0.8981180486199403,0.5304964537076305,0.0001657203808805469,4,2,0.6324555320336759,2500,OLS_iid,iid,False,5
0,6,6001,4,40001,True,346,False,10,0.9997019579933943,1.628439238294959,0.2853779330079184,0.27517990953106186,0.3760360830750478,0.9167898924740026,0.5884962694620599,3.935673524895508e-05,4,2,0.6324555320336759,2500,OLS_iid,iid,False,5
0,8,8001,2,20001,True,267,False,10,0.9996237826626984,1.238845543935895,0.41176978507937034,0.39131946639156384,0.6904105685976127,0.9338806379534519,0.5723087452273952,8.531012674998032e-05,4,2,0.6324555320336759,2500,OLS_iid,iid,False,5
0,8,8001,5,50001,True,265,False,10,0.993482836219769,1.229872239753604,0.1401899432063256,0.10811137614209468,0.25699386464605517,0.9083680035749984,0.5986952136566493,2.818886506786753e-05,4,2,0.6324555320336759,2500,OLS_iid,iid,False,5
0,9,9001,5,50001,True,195,False,10,0.993482836219769,0.9163790447637439,0.08854462611214248,0.06349869181729559,0.13740878129130804,0.9030274284391688,0.5856295086970628,6.713196371324697e-05,4,2,0.6324555320336759,2500,OLS_iid,iid,False,5
1,0,1,24,240001,True,168,False,10,0.9962664992602762,0.6295347027480602,0.152274188737297,0.1006549150223369,0.30111663290508967,0.8728691506907517,0.6624790915497689,4.5589384492619424e-05,4,2,0.6324555320336759,2500,OLS_iid,iid,False,5
1,0,1,22,220001,True,169,False,10,0.986162397461813,0.6437854240648448,0.09355967457277553,0.06897425467800442,0.17688308426580437,0.8380224090731607,0.7098309186000552,4.909775158167914e-05,4,2,0.6324555320336759,2500,OLS_iid,iid,False,5
0,0,1,26,260001,True,538,False,10,0.9541324351729277,2.5148953730240464,0.4125640521220184,0.3815590578977842,0.6462006466141134,1.056863348511461,0.5656893111236715,1.4562492222580248e-05,4,2,0.6324555320336759,2500,OLS_iid,iid,False,5
1,1,1001,11,110001,True,140,False,10,0.9953486715076032,0.5280443327501416,0.49861617161402105,0.32137889724560115,0.7117557802758299,1.5668523001387091,0.5444256083347646,0.00016227390438637676,4,2,0.6324555320336759,2500,OLS_iid,iid,False,5
0,9,9001,14,140001,True,184,False,10,0.9933920536229217,0.87234166264534,0.14227313730057597,0.12229137326255046,0.22093537280177677,0.8469363622083301,0.631938589311885,0.000122536019221738,4,2,0.6324555320336759,2500,OLS_iid,iid,False,5
0,9,9001,19,190001,True,178,False,10,0.9897324734011372,0.8351577073335648,0.06521380988138077,0.04748014155350991,0.094868111523669,0.7628728087930623,0.6557575919760639,0.00011929429141378423,4,2,0.6324555320336759,2500,OLS_iid,iid,False,5
1,1,1001,15,150001,True,134,False,10,0.9370639838269078,0.5011453619226813,0.4205260273873739,0.35642572813101314,0.6996617230034811,0.917498920543952,0.599361867430379,0.00022133934648675994,4,2,0.6324555320336759,2500,OLS_iid,iid,False,5
0,9,9001,12,120001,True,191,False,10,0.9994146092103783,0.8865478932857513,0.4119465574383616,0.34661860056812444,0.7691576953354213,0.9786278589952367,0.564687911715067,0.00011412921445850552,4,2,0.6324555320336759,2500,OLS_iid,iid,False,5
0,9,9001,7,70001,True,198,False,10,0.9956082104551122,0.9260934540070593,0.0684046275969511,0.060313690589632145,0.10047078835014772,1.003172238575088,0.5938097105023958,3.9617456500075666e-05,4,2,0.6324555320336759,2500,OLS_iid,iid,False,5
0,9,9001,29,290001,True,166,False,10,0.9990986140700934,0.7729000202380121,0.09709616917760677,0.09009863360448868,0.12207078324366673,0.8352089927277393,0.6375248549621086,0.00015277743731332752,4,2,0.6324555320336759,2500,OLS_iid,iid,False,5
1,1,1001,13,130001,True,142,False,10,0.9184985308293767,0.5345754707232118,0.18819521412412563,0.12353566271899552,0.3745979749789635,0.700946044537742,0.736639909941745,0.00018312520563655582,4,2,0.6324555320336759,2500,OLS_iid,iid,False,5
1,0,1,20,200001,True,178,False,10,0.8989113757015645,0.6713931187987328,0.44596841156858325,0.37699714422280095,0.9428041479314675,1.2375372612045556,0.6121128728988,5.5139122813960094e-05,4,2,0.6324555320336759,2500,OLS_iid,iid,False,5
1,0,1,16,160001,True,137,False,10,0.9404266064001968,0.6887540798634291,0.42436574600417604,0.33545344891301837,0.940074323438136,0.8690130677110791,0.6225884129637621,0.00015678549944841066,4,2,0.6324555320336759,2500,OLS_iid,iid,False,5
1,1,1001,9,90001,True,151,False,10,0.9834650607795635,0.5801373641006649,0.2528542492423142,0.20656098526946143,0.4719826855289402,0.796276990200775,0.6588645432065428,0.00013566277295899655,4,2,0.6324555320336759,2500,OLS_iid,iid,False,5
1,1,1001,16,160001,True,136,False,10,0.9404266064001968,0.5189574901014566,0.24518507181489596,0.23493976367503785,0.3407044389820139,1.0908179760794037,0.39308208030056174,0.0001608761763690696,4,2,0.6324555320336759,2500,OLS_iid,iid,False,5
1,1,1001,14,140001,True,144,False,10,0.9933920536229217,0.5465126559138298,0.11916035219356316,0.11143068426101083,0.16976698348786612,0.8247815996370272,0.6265195610005383,8.994081302229338e-05,4,2,0.6324555320336759,2500,OLS_iid,iid,False,5
1,0,1,2,20001,True,168,False,10,0.7704746710867817,0.7962949117645621,0.4491691228419312,0.3544146771204929,1.0268936367914805,1.1553590196297543,0.44437741727329755,5.374715258154772e-05,4,2,0.6324555320336759,2500,OLS_iid,iid,False,5
1,1,1001,21,210001,True,134,False,10,0.9056174432032106,0.5258626462891698,0.29161316699400597,0.25463819895677625,0.4222428762456311,0.8097859748066573,0.655674785044237,0.0001860338224163168,4,2,0.6324555320336759,2500,OLS_iid,iid,False,5
1,0,1,26,260001,True,165,False,10,0.8891133945047289,0.6716432883404195,0.4541553800098061,0.378052670584772,0.6735734230182783,1.2591613561512964,0.6003718709309621,7.079170470430906e-05,4,2,0.6324555320336759,2500,OLS_iid,iid,False,5
1,1,1001,6,60001,True,169,False,10,0.9609036446010867,0.6351661770604551,0.03864166593602334,0.03145488827721688,0.06962815819616759,0.8983630680297056,0.6621807222051225,2.9699781791758116e-05,4,2,0.6324555320336759,2500,OLS_iid,iid,False,5
1,0,1,5,50001,True,210,False,10,0.9934033938368589,0.7944321637041867,0.1208876718028483,0.09667440319962838,0.21592618445864467,0.7797605268805717,0.6968617058519722,4.7928441152260785e-05,4,2,0.6324555320336759,2500,OLS_iid,iid,False,5
0,9,9001,4,40001,True,216,False,10,0.9997019579933943,1.0051190671510994,0.2646159944283265,0.22669725804306112,0.4165754316308079,0.895169785169558,0.5978079320843607,9.828531287003339e-05,4,2,0.6324555320336759,2500,OLS_iid,iid,False,5
1,0,1,23,230001,True,196,False,10,0.9021557841548206,0.7113620080053806,0.3965230773545604,0.3151891066480892,0.8273477724805625,1.1229278288048732,0.6396415360690664,4.1912477897171686e-05,4,2,0.6324555320336759,2500,OLS_iid,iid,False,5
1,1,1001,27,270001,True,135,False,10,0.7655068965378704,0.5042607821524143,0.3903171603084675,0.353102565411512,0.5604648373714304,0.8773752989785519,0.6250691319716984,0.00020393090386724343,4,2,0.6324555320336759,2500,OLS_iid,iid,False,5
0,9,9001,17,170001,True,195,False,10,0.9996446800254156,0.9099568361416459,0.41078647382408184,0.3201435555403869,0.9072722807965423,0.9752814153158237,0.5156250449938611,8.000404494985127e-05,4,2,0.6324555320336759,2500,OLS_iid,iid,False,5
0,9,9001,16,160001,True,198,False,10,0.964674965420479,0.9266437510959804,0.20429733938802896,0.16848438026424165,0.3088552792147353,0.8910689741354358,0.599268740399685,0.00010833251997641313,4,2,0.6324555320336759,2500,OLS_iid,iid,False,5
1,1,1001,7,70001,True,170,False,10,0.9491554521740491,0.6591440471820533,0.1457027576592683,0.11186034965979466,0.2183865230913354,0.902600297183484,0.6808700600502009,3.941846283836273e-05,4,2,0.6324555320336759,2500,OLS_iid,iid,False,5
1,0,1,3,30001,True,226,False,10,0.859635179861318,0.8439923017285764,0.22949374941172926,0.1885016799414514,0.343094548588535,0.8922320695241472,0.6732907735622683,3.182705993373495e-05,4,2,0.6324555320336759,2500,OLS_iid,iid,False,5
1,1,1001,20,200001,True,161,False,10,0.8989113757015645,0.598607667721808,0.21562881420509314,0.17256022617391187,0.3597021306150696,0.8815698973100724,0.6879153475721037,5.929696037653478e-05,4,2,0.6324555320336759,2500,OLS_iid,iid,False,5
1,1,1001,17,170001,True,178,False,10,0.9996446800254156,0.6199550027959049,0.16130331804705955,0.12803994016516917,0.2864225895096298,1.1159810710776983,0.45620689460442293,2.6696292312840654e-05,4,2,0.6324555320336759,2500,OLS_iid,iid,False,5
0,8,8001,25,250001,True,259,False,10,0.9640498941685419,1.2050381060689688,0.35283900683168506,0.3058419361893466,0.54691333678276,0.933519703577364,0.601178933304025,9.48157454041723e-05,4,2,0.6324555320336759,2500,OLS_iid,iid,False,5
1,1,1001,26,260001,True,166,False,10,0.8891133945047289,0.6186605608090758,0.27875528707341973,0.2377270806835293,0.44928816884606276,0.9807873015319402,0.6416144438768828,5.445291714073206e-05,4,2,0.6324555320336759,2500,OLS_iid,iid,False,5
1,0,1,27,270001,True,211,False,10,0.7655068965378704,0.790857766289264,0.15814542964375636,0.12940498622430774,0.22382969279232778,1.0464129876681891,0.4564902234244635,3.490866339152374e-05,4,2,0.6324555320336759,2500,OLS_iid,iid,False,5
0,8,8001,24,240001,True,266,False,10,0.9962664992602762,1.2298792200163007,0.11069993933461143,0.0846063701989615,0.1846827394654502,0.8511036030323363,0.645542688580903,8.077085487794769e-05,4,2,0.6324555320336759,2500,OLS_iid,iid,False,5
0,5,5001,29,290001,True,399,False,10,0.9990986140700934,1.8493492770940065,0.13003719076374237,0.10956599039604295,0.19745855029130127,0.9503911828086762,0.6151043386423805,1.7015706765365307e-05,4,2,0.6324555320336759,2500,OLS_iid,iid,False,5
1,0,1,13,130001,True,214,False,10,0.9184985308293767,0.8737183348275721,0.17368636871325485,0.14363644277380827,0.285685370216901,0.8572328200878064,0.6892857008865758,3.2538782407506e-05,4,2,0.6324555320336759,2500,OLS_iid,iid,False,5
0,9,9001,21,210001,True,216,False,10,0.9056174432032106,1.0070508937351406,0.3192553743227503,0.28837235230023917,0.47823772314159946,0.9184450163064566,0.5955132209385317,0.00010333649269666499,4,2,0.6324555320336759,2500,OLS_iid,iid,False,5
1,2,2001,0,1,True,173,False,10,0.9824268093821419,0.6484889341518283,0.2494595293239757,0.20624968087808151,0.4109872171174574,0.9858837922114262,0.43653052124162256,4.7540747236350834e-05,4,2,0.6324555320336759,2500,OLS_iid,iid,False,5
1,2,2001,6,60001,True,154,False,10,0.9609036446010867,0.5876182368956506,0.09233658340710116,0.053817355938747514,0.18468650513431226,0.7646322756569955,0.6883959830105666,8.766281809506065e-05,4,2,0.6324555320336759,2500,OLS_iid,iid,False,5
1,2,2001,4,40001,True,164,False,10,0.9001462387762448,0.6155129913240671,0.17652874551923217,0.15450646737334844,0.21999214228632025,0.8814124801294573,0.6859841370810099,5.1584708604806484e-05,4,2,0.6324555320336759,2500,OLS_iid,iid,False,5
0,9,9001,25,250001,True,219,False,10,0.9640498941685419,1.0359303220175207,0.18106802513614334,0.13686615492114293,0.3445463792481901,0.8507184367371723,0.6471869683840413,0.00010360063578202639,4,2,0.6324555320336759,2500,OLS_iid,iid,False,5
1,2,2001,9,90001,True,147,False,10,0.9834650607795635,0.6215374637395144,0.12354524936168493,0.09489225145085656,0.1791840802093267,0.7309376302461891,0.6978293296969431,0.00013573766077308203,4,2,0.6324555320336759,2500,OLS_iid,iid,False,5
1,1,1001,3,30001,True,235,False,10,0.859635179861318,0.8688336154446006,0.2830708442939831,0.2257312825261209,0.413251666618546,0.992186075164983,0.6533096359199914,2.720781922145814e-05,4,2,0.6324555320336759,2500,OLS_iid,iid,False,5
1,1,1001,29,290001,True,190,False,10,0.9990986140700934,0.7169564729556441,0.29995625983837787,0.28455778133413256,0.4063370921959785,1.093085565018736,0.4450709191083572,4.0845354283623474e-05,4,2,0.6324555320336759,2500,OLS_iid,iid,False,5
1,2,2001,10,100001,True,168,False,10,0.8639774470823087,0.6283857300877571,0.2586867556702572,0.17609128183384393,0.5259594763171761,0.9746227172517244,0.6815568945108513,5.4983189377760644e-05,4,2,0.6324555320336759,2500,OLS_iid,iid,False,5
1,2,2001,5,50001,True,176,False,10,0.9934033938368589,0.6632053712382913,0.2450638693491468,0.18742186003216377,0.44681779600703103,1.0933867719768493,0.47338107709051663,2.9882914975989268e-05,4,2,0.6324555320336759,2500,OLS_iid,iid,False,5
1,0,1,19,190001,True,260,False,10,0.9587959305027193,0.9680898101069033,0.32173812366242693,0.26434342392514276,0.5443363979868796,1.0014703529588045,0.6466532023108927,2.272497374840579e-05,4,2,0.6324555320336759,2500,OLS_iid,iid,False,5
1,2,2001,12,120001,True,159,False,10,0.9287983619514916,0.5959928850643337,0.19588870123982452,0.13522718470807457,0.38841099799297274,0.6992251177223547,0.7368052627590975,0.00013782674887889509,4,2,0.6324555320336759,2500,OLS_iid,iid,False,5
1,0,1,11,110001,True,257,False,10,0.9953486715076032,0.9930124618113041,0.09351077719588925,0.06772894434035795,0.16890816488787988,0.8799564685330212,0.6772231290651133,1.9345687354835588e-05,4,2,0.6324555320336759,2500,OLS_iid,iid,False,5
1,2,2001,1,10001,True,185,False,10,0.9618454737965508,0.7250824011862278,0.04767383517233474,0.03652810718640739,0.08872782372090106,0.8687342953561843,0.679265551313368,2.8350160427584115e-05,4,2,0.6324555320336759,2500,OLS_iid,iid,False,5
1,0,1,10,100001,True,269,False,10,0.8639774470823087,1.012552060186863,0.12180362395558225,0.08649255803902275,0.2193944955875036,0.8721310279211957,0.7096449005621658,2.2449767529429246e-05,4,2,0.6324555320336759,2500,OLS_iid,iid,False,5
1,1,1001,23,230001,True,214,False,10,0.9021557841548206,0.7906081578694284,0.17854372103900876,0.1589116524353683,0.2602439813577622,0.8975080404661178,0.6857885048396999,3.635022383000037e-05,4,2,0.6324555320336759,2500,OLS_iid,iid,False,5
0,8,8001,26,260001,True,296,False,10,0.9541324351729277,1.360189399216324,0.424550235727439,0.36189373023798505,0.8373722722080061,1.0072743377106157,0.57336189825341,7.76063321293269e-05,4,2,0.6324555320336759,2500,OLS_iid,iid,False,5
1,2,2001,3,30001,True,195,False,10,0.859635179861318,0.7310719741508365,0.12687694366160282,0.10633207317788372,0.2151237425167875,0.8835610654060578,0.6976890397695265,3.978525608820335e-05,4,2,0.6324555320336759,2500,OLS_iid,iid,False,5
0,9,9001,11,110001,True,270,False,10,0.9999785143387954,1.2522465591318905,0.12954773882972953,0.09971791453142144,0.24514397566148033,1.0158496446040262,0.5704104951743361,2.3512765148319332e-05,4,2,0.6324555320336759,2500,OLS_iid,iid,False,5
1,0,1,21,210001,True,270,False,10,0.9056174432032106,1.0119461040012538,0.38693763206734816,0.36295282696174436,0.6002114419100264,1.3179084073856189,0.3685568989445152,2.177945019230675e-05,4,2,0.6324555320336759,2500,OLS_iid,iid,False,5
1,3,3001,2,20001,True,129,False,10,0.7704746710867817,0.44776485906913877,0.38833683734138563,0.3441325427719078,0.5993716418706692,0.9931506282527313,0.4789120865332935,0.00023853619090110937,4,2,0.6324555320336759,2500,OLS_iid,iid,False,5
1,1,1001,19,190001,True,225,False,10,0.9587959305027193,0.8388627939857543,0.10988327605564215,0.10364197322469902,0.16297187530936424,0.8656250764570549,0.7015861487127099,2.8658931948975476e-05,4,2,0.6324555320336759,2500,OLS_iid,iid,False,5
0,9,9001,3,30001,True,280,False,10,0.859635179861318,1.310007625259459,0.5415155172293528,0.5381761524269065,1.1387149210271648,1.096496226963509,0.4821198613280331,3.377500681738342e-05,4,2,0.6324555320336759,2500,OLS_iid,iid,False,5
0,9,9001,26,260001,True,251,False,10,0.9541324351729277,1.1698841881006956,0.4169924714484405,0.38518302730844056,0.5958302568064495,1.0963742208630425,0.5581474748101206,4.513235624228819e-05,4,2,0.6324555320336759,2500,OLS_iid,iid,False,5
1,2,2001,14,140001,True,178,False,10,0.9933920536229217,0.6655159671790898,0.4152588780662165,0.3177407310546445,0.9064068257723656,1.1040296559226908,0.5221503446205018,3.219669775990868e-05,4,2,0.6324555320336759,2500,OLS_iid,iid,False,5
0,8,8001,3,30001,True,358,False,10,0.859635179861318,1.6520774797536433,0.29305291096176334,0.2584593310264889,0.5032530628405529,0.8903589990149815,0.6298093124703483,5.219639318771173e-05,4,2,0.6324555320336759,2500,OLS_iid,iid,False,5
1,3,3001,0,1,True,137,False,10,0.9824268093821419,0.5140876602381468,0.1222230425530466,0.07655284222272071,0.24271661572312783,0.7126208559395059,0.7135339793067899,0.00015429639270280723,4,2,0.6324555320336759,2500,OLS_iid,iid,False,5
1,3,3001,4,40001,True,132,False,10,0.9001462387762448,0.4966385308653116,0.37456832828543335,0.3150681491030348,0.693923553453547,0.8317531504530993,0.6482819304427705,0.00020043121311801246,4,2,0.6324555320336759,2500,OLS_iid,iid,False,5
1,0,1,0,1,True,313,False,10,0.9824268093821419,1.1700201770290732,0.04902311149232178,0.03732457057612483,0.08854918888941736,0.8409352546462806,0.7164462396154025,1.7020182882571723e-05,4,2,0.6324555320336759,2500,OLS_iid,iid,False,5
1,3,3001,1,10001,True,138,False,10,0.9618454737965508,0.5146717159077525,0.5079747652638285,0.42406703676812313,0.6221188745574384,1.5976204483145022,0.5262706439410875,0.00016402660034898348,4,2,0.6324555320336759,2500,OLS_iid,iid,False,5
1,3,3001,10,100001,True,132,False,10,0.8639774470823087,0.49134395411238074,0.14250358954282585,0.10979278428366213,0.2593265421221366,0.693179795172285,0.7444161365752594,0.00019348688426898536,4,2,0.6324555320336759,2500,OLS_iid,iid,False,5
1,3,3001,8,80001,True,135,False,10,0.9789056201687122,0.5010240329429507,0.1437447119969904,0.1113808507768366,0.2581372747680122,0.7093153196053997,0.7165366419693885,0.00017109022117136092,4,2,0.6324555320336759,2500,OLS_iid,iid,False,5
1,1,1001,24,240001,True,241,False,10,0.9962664992602762,0.8898586127907038,0.3338734452781864,0.2795182645288656,0.6015614500883688,0.9242706535109867,0.5978253975308305,2.7616548417480463e-05,4,2,0.6324555320336759,2500,OLS_iid,iid,False,5
1,0,1,29,290001,True,275,False,10,0.9990986140700934,1.0232412423938513,0.27760601897105164,0.1827086847912869,0.5776537650623168,0.843388850786125,0.6418239249128349,2.1630121034134868e-05,4,2,0.6324555320336759,2500,OLS_iid,iid,False,5
1,2,2001,17,170001,True,175,False,10,0.9996446800254156,0.6480649360455573,0.08746651021990304,0.06747433369975478,0.12932603795772746,1.0803953127201822,0.47855067224769465,2.605610676844781e-05,4,2,0.6324555320336759,2500,OLS_iid,iid,False,5
1,0,1,12,120001,True,301,False,10,0.9287983619514916,1.121149545069784,0.2033588833899115,0.179113037934302,0.2885150314357833,0.9013561765911637,0.6841000205333482,1.6615404978059845e-05,4,2,0.6324555320336759,2500,OLS_iid,iid,False,5
1,3,3001,7,70001,True,139,False,10,0.9491554521740491,0.5155409518629313,0.2162266321171213,0.15984967384692733,0.41937881942591276,0.8111171177564217,0.673508517628482,0.00015984103879625877,4,2,0.6324555320336759,2500,OLS_iid,iid,False,5
1,3,3001,11,110001,True,137,False,10,0.9953486715076032,0.5081907073035836,0.26041784781876326,0.22122600180510077,0.37448998452324317,0.8926333204322723,0.616830599005351,0.0001438868719139821,4,2,0.6324555320336759,2500,OLS_iid,iid,False,5
1,3,3001,18,180001,True,129,False,10,0.8282907660537875,0.47608738020062447,0.22115707103407062,0.1728168532001794,0.4172087172605782,0.7163105894558363,0.724705129881157,0.0002539229789705663,4,2,0.6324555320336759,2500,OLS_iid,iid,False,5
1,3,3001,12,120001,True,137,False,10,0.9287983619514916,0.5084667960181832,0.17079332951106604,0.14502252112757788,0.27200060338444393,0.6911156690343105,0.740574575982047,0.00019455372393218046,4,2,0.6324555320336759,2500,OLS_iid,iid,False,5
1,3,3001,9,90001,True,141,False,10,0.9834650607795635,0.5351753267459571,0.24291256293227365,0.20160155125380208,0.39812252600945947,0.8131699273875297,0.664029468838775,0.0001477795947817542,4,2,0.6324555320336759,2500,OLS_iid,iid,False,5
1,3,3001,15,150001,True,135,False,10,0.9370639838269078,0.49966332223266363,0.1077067778688869,0.09161445615566474,0.16758221367885096,0.6889868881329378,0.7363474210970415,0.00019502699703822265,4,2,0.6324555320336759,2500,OLS_iid,iid,False,5
0,6,6001,25,250001,True,429,False,10,0.9640498941685419,2.0039637121371925,0.19538823898549076,0.17431748879807224,0.333180418784979,0.9367370410469354,0.6298155276892848,2.8430951429350317e-05,4,2,0.6324555320336759,2500,OLS_iid,iid,False,5
1,3,3001,27,270001,True,129,False,10,0.7655068965378704,0.47677874471992254,0.14530555885623248,0.1307567559058238,0.20401065435435015,0.6855409122423525,0.7465892427280595,0.00022067586470393284,4,2,0.6324555320336759,2500,OLS_iid,iid,False,5
1,3,3001,16,160001,True,136,False,10,0.9404266064001968,0.5116103058680892,0.23779750200971916,0.16104775504600255,0.48400317957803696,0.7635148956510167,0.693903347261171,0.0001559946760772439,4,2,0.6324555320336759,2500,OLS_iid,iid,False,5
1,3,3001,23,230001,True,133,False,10,0.9021557841548206,0.49242378678172827,0.2427908025484462,0.23157590989373045,0.3667001609084221,0.93227432300471,0.5107556915245032,0.00021786644153150593,4,2,0.6324555320336759,2500,OLS_iid,iid,False,5
1,3,3001,21,210001,True,136,False,10,0.9056174432032106,0.5035553970374167,0.21099415193491475,0.14770164082948486,0.41179290914368405,0.9785390527412806,0.4901328399889367,0.00018812769018761798,4,2,0.6324555320336759,2500,OLS_iid,iid,False,5
1,3,3001,28,280001,True,132,False,10,0.8819881615161684,0.4895766149275005,0.20306399401826475,0.15432331737932056,0.3178417408537884,0.7551970942304868,0.7123852414807602,0.00017918200536797224,4,2,0.6324555320336759,2500,OLS_iid,iid,False,5
1,4,4001,2,20001,True,129,False,10,0.7704746710867817,0.4826341890729964,0.11373589035860923,0.08446294106372534,0.1621432808539977,0.9037417829341674,0.5371912142375818,0.00023151933668363753,4,2,0.6324555320336759,2500,OLS_iid,iid,False,5
1,3,3001,20,200001,True,135,False,10,0.8989113757015645,0.5126234702765942,0.07610419737520564,0.06757471382385816,0.1141458146044409,0.6509151220472139,0.7640686734434867,0.00019460260198993153,4,2,0.6324555320336759,2500,OLS_iid,iid,False,5
1,2,2001,11,110001,True,221,False,10,0.9953486715076032,0.8212935347110033,0.20328009901547905,0.1676890111644,0.31607651815844756,0.9419137273749634,0.6556322709870296,2.6881772131930976e-05,4,2,0.6324555320336759,2500,OLS_iid,iid,False,5
1,3,3001,26,260001,True,133,False,10,0.8891133945047289,0.504992326721549,0.09723086937280492,0.07829792471204586,0.171519505709937,0.6660703732424743,0.7545449012747502,0.0002089545029663116,4,2,0.6324555320336759,2500,OLS_iid,iid,False,5
1,1,1001,5,50001,True,292,False,10,0.9934033938368589,1.0899086017161608,0.06703048253084615,0.057263335810410376,0.09679157216738865,0.9857128508927562,0.5121943845027985,2.2308455373640333e-05,4,2,0.6324555320336759,2500,OLS_iid,iid,False,5
1,2,2001,29,290001,True,164,False,10,0.9990986140700934,0.6143670687451959,0.34777305641487133,0.29859892844157787,0.5959038780679454,0.9699217672510523,0.5080153328161638,0.00012386710683649635,4,2,0.6324555320336759,2500,OLS_iid,iid,False,5
0,7,7001,27,270001,True,397,False,10,0.9819889119240499,1.8417209438048303,0.19441704536929855,0.1742980531801614,0.28007152891416665,1.0276868395517775,0.5882914364242151,1.705421686856306e-05,4,2,0.6324555320336759,2500,OLS_iid,iid,False,5
1,4,4001,4,40001,True,136,False,10,0.9001462387762448,0.5014543207362294,0.34057436894902426,0.22613388725725586,0.7310219131486548,1.0621480601698767,0.4237012091801741,0.00019087760408444785,4,2,0.6324555320336759,2500,OLS_iid,iid,False,5
1,4,4001,3,30001,True,138,False,10,0.859635179861318,0.5116295362822711,0.15031557526670708,0.11581727261052074,0.2134205342164706,0.7039891600722057,0.739749049384335,0.000182189851326268,4,2,0.6324555320336759,2500,OLS_iid,iid,False,5
1,4,4001,9,90001,True,135,False,10,0.9834650607795635,0.49937095306813717,0.26674851204315664,0.19911968723147655,0.44366372188354564,0.8710896145533585,0.626999658909499,0.00017002619709687955,4,2,0.6324555320336759,2500,OLS_iid,iid,False,5
1,4,4001,7,70001,True,139,False,10,0.9491554521740491,0.5235014809295535,0.342636202276857,0.2534962675915404,0.7228867676943944,0.9663945088356393,0.4810406937287759,0.00015277807165413985,4,2,0.6324555320336759,2500,OLS_iid,iid,False,5
1,2,2001,19,190001,True,190,False,10,0.9587959305027193,0.7228342252783477,0.06458433218095716,0.06301244626733007,0.07596697982792347,0.8541436531667093,0.7096090051061511,4.067232301026455e-05,4,2,0.6324555320336759,2500,OLS_iid,iid,False,5
1,4,4001,12,120001,True,134,False,10,0.9287983619514916,0.4971893266774714,0.08300944199421251,0.06203538854658934,0.14486913745423402,0.6759950822801345,0.7486053138750339,0.0001786576754646421,4,2,0.6324555320336759,2500,OLS_iid,iid,False,5
1,2,2001,23,230001,True,190,False,10,0.9021557841548206,0.704157582949847,0.1158619221263167,0.10527096486440432,0.15881261306401617,0.8573684689000299,0.7097364912870819,4.28005932128958e-05,4,2,0.6324555320336759,2500,OLS_iid,iid,False,5
1,1,1001,10,100001,True,297,False,10,0.8639774470823087,1.0971316271461546,0.0970464359710415,0.06264524416020625,0.18923609835715594,0.8611987736418657,0.7185690449752488,2.097667086334245e-05,4,2,0.6324555320336759,2500,OLS_iid,iid,False,5
1,2,2001,18,180001,True,207,False,10,0.8282907660537875,0.7684153979644179,0.43938531424082494,0.34793584442740716,0.9144825095776536,1.2913395910342704,0.5915261698635687,4.15339260579432e-05,4,2,0.6324555320336759,2500,OLS_iid,iid,False,5
1,3,3001,25,250001,True,134,False,10,0.9640498941685419,0.5742330509237945,0.4474159579675162,0.35422390363890566,0.7059340634087204,0.8488909331536938,0.6353472876567404,0.00021037026726110773,4,2,0.6324555320336759,2500,OLS_iid,iid,False,5
1,4,4001,10,100001,True,141,False,10,0.8639774470823087,0.5215223943814635,0.1483730339655781,0.12916301820084355,0.19650212791438576,0.6935786399394592,0.7534835990682373,0.00019005661734491003,4,2,0.6324555320336759,2500,OLS_iid,iid,False,5
1,4,4001,16,160001,True,138,False,10,0.9404266064001968,0.5088115427643061,0.21622413245044445,0.17876097634214366,0.3892294932042304,0.7718412015777038,0.678719093106244,0.00013913829965636932,4,2,0.6324555320336759,2500,OLS_iid,iid,False,5
1,0,1,8,80001,True,346,False,10,0.9789056201687122,1.292436116375029,0.04101643371771533,0.035812802345264655,0.058968554271238156,0.7952908503805084,0.7274955876384421,1.5761077118143462e-05,4,2,0.6324555320336759,2500,OLS_iid,iid,False,5
1,4,4001,15,150001,True,139,False,10,0.9370639838269078,0.5119502441957593,0.14095288087066682,0.11474498532474492,0.23646571557264406,0.8922681683345502,0.5076422783643352,0.00017327679984916196,4,2,0.6324555320336759,2500,OLS_iid,iid,False,5
1,1,1001,22,220001,True,287,False,10,0.986162397461813,1.0586044089868665,0.22411173808784007,0.16610071725254671,0.27057473588844544,0.8722633293528933,0.6761060753807282,2.077174455997133e-05,4,2,0.6324555320336759,2500,OLS_iid,iid,False,5
1,2,2001,25,250001,True,192,False,10,0.9640498941685419,0.7112812781706452,0.08979550460956369,0.07721132198572649,0.15300240651207161,0.8516194951356569,0.7079094008633167,3.8926921110515423e-05,4,2,0.6324555320336759,2500,OLS_iid,iid,False,5
1,0,1,28,280001,True,324,False,10,0.8819881615161684,1.2070838930085301,0.13089691102812984,0.09405297110535549,0.21678021982675064,0.8671316987109883,0.7041992229154931,1.5468937652620263e-05,4,2,0.6324555320336759,2500,OLS_iid,iid,False,5
1,2,2001,2,20001,True,269,False,10,0.7704746710867817,1.001566139049828,0.3455044153236625,0.2684999900619099,0.5257576990711976,1.1004087625445547,0.4278670441737374,2.6580175280231277e-05,4,2,0.6324555320336759,2500,OLS_iid,iid,False,5
1,4,4001,17,170001,True,143,False,10,0.9996446800254156,0.5267170709557831,0.1304868068372084,0.10209690570657248,0.22949713840999306,0.8170990513249152,0.6310438566668325,9.775435145494756e-05,4,2,0.6324555320336759,2500,OLS_iid,iid,False,5
1,3,3001,6,60001,True,183,False,10,0.9609036446010867,0.6794692478142679,0.10280837055871302,0.08240992574005622,0.17713302893099064,0.9282128523700931,0.6514156563792953,2.6169178267218657e-05,4,2,0.6324555320336759,2500,OLS_iid,iid,False,5
1,4,4001,23,230001,True,136,False,10,0.9021557841548206,0.47071115393191576,0.10459686920281994,0.08406114158699957,0.18830770249273926,0.680951476328659,0.7433913577538425,0.00020836888729006597,4,2,0.6324555320336759,2500,OLS_iid,iid,False,5
1,4,4001,21,210001,True,135,False,10,0.9056174432032106,0.5015679788775742,0.23543993919556122,0.20813726793217044,0.3828071491973329,0.7674897234890423,0.6833955228820741,0.00018708706373955636,4,2,0.6324555320336759,2500,OLS_iid,iid,False,5
1,4,4001,19,190001,True,143,False,10,0.9587959305027193,0.5315704811364412,0.45415421650571447,0.39887503208997566,0.8407066503148021,0.8979929127186456,0.6079150837852073,0.00018484079229046595,4,2,0.6324555320336759,2500,OLS_iid,iid,False,5
1,3,3001,17,170001,True,174,False,10,0.9996446800254156,0.6478536278009415,0.08921939527222149,0.07893718995394261,0.1303977903926929,1.0818701733597103,0.4784186675081948,2.6174059227241266e-05,4,2,0.6324555320336759,2500,OLS_iid,iid,False,5
1,2,2001,27,270001,True,192,False,10,0.7655068965378704,0.7321156468242407,0.3614931969757682,0.3207417378223687,0.5941394163618986,1.0494091106269745,0.6351697533727699,4.6289575529476924e-05,4,2,0.6324555320336759,2500,OLS_iid,iid,False,5
1,1,1001,18,180001,True,296,False,10,0.8282907660537875,1.1063317288644612,0.32426871242607597,0.2837502459645468,0.4350181743395188,1.0965115833404093,0.4963445340939283,2.2687526993942603e-05,4,2,0.6324555320336759,2500,OLS_iid,iid,False,5
1,4,4001,0,1,True,163,False,10,0.9824268093821419,0.6222118688747287,0.07709266720601948,0.06558806858718016,0.11657125596736861,0.8699017360535514,0.6985867338376558,4.376582949891562e-05,4,2,0.6324555320336759,2500,OLS_iid,iid,False,5
1,4,4001,20,200001,True,140,False,10,0.8989113757015645,0.534813669975847,0.2647026786626717,0.2192183488765885,0.4058714281765341,0.7370279546025339,0.7078713734981025,0.00018229622520947496,4,2,0.6324555320336759,2500,OLS_iid,iid,False,5
1,3,3001,14,140001,True,184,False,10,0.9933920536229217,0.6818927330896258,0.07568003478058778,0.07257380545719105,0.09410091983395906,0.954792702757325,0.6221685325513314,2.5279389705923933e-05,4,2,0.6324555320336759,2500,OLS_iid,iid,False,5
1,4,4001,1,10001,True,171,False,10,0.9618454737965508,0.6321234358474612,0.11447749000591048,0.08349513188704907,0.21837871188143956,0.8646977149849571,0.6629284338135591,3.708047347473555e-05,4,2,0.6324555320336759,2500,OLS_iid,iid,False,5
1,0,1,25,250001,True,338,False,10,0.9640498941685419,1.2835893710143864,0.1640622360446757,0.14544782530216754,0.2547884916896609,0.8552242571065913,0.7009130023199334,1.5147577015485306e-05,4,2,0.6324555320336759,2500,OLS_iid,iid,False,5
1,2,2001,13,130001,True,254,False,10,0.9184985308293767,0.9373868629336357,0.12765000547066743,0.09142077437488422,0.2432718107262071,0.8611735725333522,0.7100630817844591,2.1716218567203253e-05,4,2,0.6324555320336759,2500,OLS_iid,iid,False,5
1,2,2001,15,150001,True,251,False,10,0.9370639838269078,0.9288143771700561,0.11708408368628184,0.09781361392475568,0.19729014206921516,0.867376190830516,0.7072076928051872,2.3965340812337036e-05,4,2,0.6324555320336759,2500,OLS_iid,iid,False,5
1,4,4001,5,50001,True,174,False,10,0.9934033938368589,0.6450585462152958,0.12858512200137404,0.1058276220764522,0.2256358266091436,1.0311970369094916,0.5094354175097618,2.824358311639027e-05,4,2,0.6324555320336759,2500,OLS_iid,iid,False,5
1,2,2001,16,160001,True,246,False,10,0.9404266064001968,0.9166402728296816,0.12557300926072154,0.10231188093393989,0.1973188869231455,0.8979726169593762,0.6828953214861652,2.354890286089221e-05,4,2,0.6324555320336759,2500,OLS_iid,iid,False,5
1,4,4001,11,110001,True,166,False,10,0.9953486715076032,0.6161656668409705,0.11852948903542858,0.09718166299957297,0.1977629501733828,1.0367383450940073,0.45317431335215574,3.264732301309135e-05,4,2,0.6324555320336759,2500,OLS_iid,iid,False,5
1,4,4001,26,260001,True,134,False,10,0.8891133945047289,0.5078075798228383,0.27757932389632434,0.2186393404070548,0.37422093590244776,0.7627123029117983,0.6945696285715518,0.00021404302357259697,4,2,0.6324555320336759,2500,OLS_iid,iid,False,5
1,5,5001,0,1,True,134,False,10,0.9824268093821419,0.4977009240537882,0.16761747902914292,0.12019889457698664,0.31708660741099726,0.7248496633978455,0.7098745649841797,0.00018085962120277665,4,2,0.6324555320336759,2500,OLS_iid,iid,False,5
1,2,2001,22,220001,True,230,False,10,0.986162397461813,0.8545981952920556,0.44278398302383454,0.3409201110920168,0.8624462824202885,1.194786584126126,0.6052078746754638,3.206762603176444e-05,4,2,0.6324555320336759,2500,OLS_iid,iid,False,5
1,2,2001,28,280001,True,218,False,10,0.8819881615161684,0.8184195728972554,0.2139671642475534,0.17056655582812447,0.34695761515085755,0.944760670142274,0.6774346387785339,3.210915353500635e-05,4,2,0.6324555320336759,2500,OLS_iid,iid,False,5
1,2,2001,20,200001,True,237,False,10,0.8989113757015645,0.8805994410067797,0.09624551708108935,0.07957095570813615,0.173846759642325,0.8695397408160165,0.7133002425370655,2.813858364089981e-05,4,2,0.6324555320336759,2500,OLS_iid,iid,False,5
1,4,4001,14,140001,True,175,False,10,0.9933920536229217,0.6484690327197313,0.14968841402376637,0.1157765586278496,0.27353593678280336,0.9881108020897204,0.5991492197109035,2.7704430370178e-05,4,2,0.6324555320336759,2500,OLS_iid,iid,False,5
1,5,5001,2,20001,True,128,False,10,0.7704746710867817,0.472892580088228,0.36625740883693236,0.32343427304317646,0.5527912667427318,1.000366293281633,0.4854768324078374,0.00024403404201671895,4,2,0.6324555320336759,2500,OLS_iid,iid,False,5
1,2,2001,7,70001,True,289,False,10,0.9491554521740491,1.066075513139367,0.015987134141371522,0.010604769517795458,0.03123705264609786,0.8208113932054641,0.7067152289309063,1.9544065669584402e-05,4,2,0.6324555320336759,2500,OLS_iid,iid,False,5
1,2,2001,8,80001,True,287,False,10,0.9789056201687122,1.0677527720108628,0.44019511843633513,0.3490870120294326,0.9909162082142118,1.3045937128082903,0.568825825435814,2.2375045744206998e-05,4,2,0.6324555320336759,2500,OLS_iid,iid,False,5
1,3,3001,29,290001,True,170,False,10,0.9990986140700934,0.7397702089510858,0.09484601847005396,0.08254124853784992,0.11677749163238876,0.8411161727807684,0.697710901898212,4.174605916834881e-05,4,2,0.6324555320336759,2500,OLS_iid,iid,False,5
1,5,5001,4,40001,True,131,False,10,0.9001462387762448,0.4954997869208455,0.4667966542606963,0.39349882532755986,0.928002888114076,0.9172205556420719,0.5987389898421962,0.0002074647557801186,4,2,0.6324555320336759,2500,OLS_iid,iid,False,5
1,4,4001,18,180001,True,185,False,10,0.8282907660537875,0.6832970236428082,0.2744472737102394,0.22068251118238405,0.4964985916060333,1.013367837847131,0.6481969383186564,4.7066031890747536e-05,4,2,0.6324555320336759,2500,OLS_iid,iid,False,5
1,4,4001,6,60001,True,201,False,10,0.9609036446010867,0.7394617809914052,0.07598108522780886,0.05385311183281149,0.14281565159385234,0.8933317914445288,0.6626475979588979,2.362281294935089e-05,4,2,0.6324555320336759,2500,OLS_iid,iid,False,5
1,4,4001,13,130001,True,191,False,10,0.9184985308293767,0.7062882496975362,0.06879435469554361,0.052587977700969665,0.1286769702938873,0.844970302072699,0.7077638900174588,4.000823857405109e-05,4,2,0.6324555320336759,2500,OLS_iid,iid,False,5
1,3,3001,5,50001,True,230,False,10,0.9934033938368589,0.8528281962499022,0.03333137888656057,0.03098516599053075,0.04452300025813171,0.8719870687283123,0.6807951609997961,2.3221611348849193e-05,4,2,0.6324555320336759,2500,OLS_iid,iid,False,5
1,4,4001,28,280001,True,162,False,10,0.8819881615161684,0.6002637180499732,0.10270013773311663,0.07458838417253122,0.1672940771887768,0.8794645206332418,0.7035949950432187,4.520586047964426e-05,4,2,0.6324555320336759,2500,OLS_iid,iid,False,5
1,4,4001,8,80001,True,197,False,10,0.9789056201687122,0.7568899909965694,0.09937714161195048,0.08069956735985906,0.1509915404607154,0.8562811268071391,0.6976346757390565,3.578073432856086e-05,4,2,0.6324555320336759,2500,OLS_iid,iid,False,5
0,8,8001,13,130001,True,417,False,10,0.9184985308293767,1.9234236399643123,0.39165339156204204,0.3594281360256394,0.71454195459957,1.1108444420551007,0.5356408288517508,1.3817372677393269e-05,4,2,0.6324555320336759,2500,OLS_iid,iid,False,5
1,5,5001,7,70001,True,136,False,10,0.9491554521740491,0.5033150278031826,0.17120906328011518,0.12782913993128392,0.3164980087453931,0.7747087809740382,0.6915059349554739,0.00015210812613137615,4,2,0.6324555320336759,2500,OLS_iid,iid,False,5
1,4,4001,27,270001,True,164,False,10,0.7655068965378704,0.619394585955888,0.251414202593283,0.20940825923808362,0.4629869578318778,1.0884379643019244,0.46313227998236156,6.0279770503508954e-05,4,2,0.6324555320336759,2500,OLS_iid,iid,False,5
1,5,5001,10,100001,True,132,False,10,0.8639774470823087,0.4942193650640547,0.23626899860989106,0.16836865319308347,0.4573556125258485,0.7403856495879181,0.724672315368438,0.00022303589662127482,4,2,0.6324555320336759,2500,OLS_iid,iid,False,5
1,5,5001,8,80001,True,134,False,10,0.9789056201687122,0.5006854948587716,0.20091007600476557,0.16595609328452915,0.31547477637782784,0.7477572269965284,0.7030859065095605,0.00019499720772513563,4,2,0.6324555320336759,2500,OLS_iid,iid,False,5
1,2,2001,21,210001,True,256,False,10,0.9056174432032106,0.9455060106702149,0.10018931997327775,0.09318137338015478,0.15371475625728934,0.8601165286581297,0.7011749174474331,2.071697913948808e-05,4,2,0.6324555320336759,2500,OLS_iid,iid,False,5
1,1,1001,25,250001,True,338,False,10,0.9640498941685419,1.2587721180170774,0.06444776964668081,0.05710079548282272,0.09727943276826377,0.8241972576131943,0.7149389405848496,1.6547468892599535e-05,4,2,0.6324555320336759,2500,OLS_iid,iid,False,5
1,3,3001,24,240001,True,178,False,10,0.9962664992602762,0.8110111299902201,0.057021080493972434,0.05114335236037352,0.09220059366680167,0.8677408120551232,0.68914021115237,3.500758869224593e-05,4,2,0.6324555320336759,2500,OLS_iid,iid,False,5
1,5,5001,9,90001,True,137,False,10,0.9834650607795635,0.5024575036950409,0.1513061363239435,0.13622160810723835,0.19759513011995258,0.753247065873658,0.6937090351591526,0.00015318470591760912,4,2,0.6324555320336759,2500,OLS_iid,iid,False,5
1,5,5001,20,200001,True,130,False,10,0.8989113757015645,0.44926814874634147,0.07534916458007831,0.06727033085689281,0.11721533356022884,0.6553264055392546,0.7627975851999951,0.00021073339911573604,4,2,0.6324555320336759,2500,OLS_iid,iid,False,5
1,5,5001,12,120001,True,135,False,10,0.9287983619514916,0.49964123079553246,0.1539997370884086,0.12157366322164129,0.22058029431070655,0.6909578845765787,0.737274427217558,0.00017812963519027867,4,2,0.6324555320336759,2500,OLS_iid,iid,False,5
1,5,5001,11,110001,True,139,False,10,0.9953486715076032,0.5111114298924804,0.29503526157219306,0.23946669456660558,0.4789511082723294,1.1041182357899155,0.39874904398538175,0.00014269880602703645,4,2,0.6324555320336759,2500,OLS_iid,iid,False,5
1,5,5001,15,150001,True,133,False,10,0.9370639838269078,0.4910065159201622,0.08677979506153781,0.07524077857654514,0.1337001970660739,0.6874004465948035,0.7305286421203524,0.0001907326186383061,4,2,0.6324555320336759,2500,OLS_iid,iid,False,5
1,1,1001,12,120001,True,368,False,10,0.9287983619514916,1.3517193519510329,0.13328259664955516,0.10595002985710447,0.22599048617327014,0.8993026885318276,0.6800021353080795,1.4176437883424642e-05,4,2,0.6324555320336759,2500,OLS_iid,iid,False,5
1,5,5001,18,180001,True,130,False,10,0.8282907660537875,0.49010493187233806,0.20903714742735016,0.1594913020214921,0.38578642628442833,0.7096169447523487,0.7302461773221595,0.0002367627575542449,4,2,0.6324555320336759,2500,OLS_iid,iid,False,5
0,4,4001,15,150001,True,585,False,10,0.996699191248906,2.730146965943277,0.11753707021286144,0.09402144570819408,0.1519168129348359,0.9403359159955328,0.6099201892026425,8.700438862746143e-06,4,2,0.6324555320336759,2500,OLS_iid,iid,False,5
1,5,5001,21,210001,True,132,False,10,0.9056174432032106,0.4876127280294895,0.10989134442983448,0.08711523937696858,0.20445077974992834,0.7072966886455334,0.726431507258547,0.00018064959196409435,4,2,0.6324555320336759,2500,OLS_iid,iid,False,5
1,2,2001,26,260001,True,252,False,10,0.8891133945047289,0.9724987018853426,0.09498741414318261,0.08292244823357478,0.12146488320432339,0.8579384513458627,0.713149925691486,2.5597042644055485e-05,4,2,0.6324555320336759,2500,OLS_iid,iid,False,5
1,5,5001,19,190001,True,137,False,10,0.9587959305027193,0.5055802040733397,0.22637067891672916,0.17381499032843872,0.4348091723463875,0.7195587433677956,0.710899997105814,0.00019423636931211453,4,2,0.6324555320336759,2500,OLS_iid,iid,False,5
0,6,6001,24,240001,True,505,False,10,0.9962664992602762,2.4060996281914413,0.3721780135125854,0.3253879315158429,0.5198231854406441,1.0704877227942713,0.5487973472387802,1.3740289203806266e-05,4,2,0.6324555320336759,2500,OLS_iid,iid,False,5
0,9,9001,20,200001,True,373,False,10,0.968470534542595,1.7039216430857778,0.2552845690487676,0.22052453882314224,0.30563345799741065,1.0966451641994746,0.563649126032022,1.7586930195858075e-05,4,2,0.6324555320336759,2500,OLS_iid,iid,False,5
1,5,5001,23,230001,True,131,False,10,0.9021557841548206,0.49250418692827225,0.24214352922215904,0.23265936586035899,0.340662227284848,0.9404604362926067,0.5114595554659697,0.00023039106059504028,4,2,0.6324555320336759,2500,OLS_iid,iid,False,5
1,5,5001,22,220001,True,137,False,10,0.986162397461813,0.5143087194301188,0.1921071377216969,0.15308622790460677,0.33004397611469005,0.7107492143070085,0.7145909173307214,0.00017044390520422925,4,2,0.6324555320336759,2500,OLS_iid,iid,False,5
1,5,5001,26,260001,True,132,False,10,0.8891133945047289,0.4874687176197767,0.07648041754094598,0.05058295406360367,0.14852629967580458,0.6712843545125837,0.7491001304334999,0.00019017686057746518,4,2,0.6324555320336759,2500,OLS_iid,iid,False,5
1,5,5001,1,10001,True,183,False,10,0.9618454737965508,0.6750628761947155,0.0985611385948885,0.08055970833089122,0.16593392369387186,0.879032433998046,0.6720130334710644,2.8021544938980698e-05,4,2,0.6324555320336759,2500,OLS_iid,iid,False,5
1,6,6001,0,1,True,135,False,10,0.9824268093821419,0.48735337937250733,0.3761277230820452,0.2819379171950576,0.6252225143069667,0.876369975711747,0.6196368021225516,0.00019690912301025435,4,2,0.6324555320336759,2500,OLS_iid,iid,False,5
1,6,6001,2,20001,True,133,False,10,0.7704746710867817,0.4894703747704625,0.15925100342036094,0.11727825050700993,0.3062838063171243,0.6836330951087025,0.7498979304234451,0.00021718198618524696,4,2,0.6324555320336759,2500,OLS_iid,iid,False,5
1,6,6001,3,30001,True,133,False,10,0.859635179861318,0.4900028919801116,0.11019975499762519,0.08027003634163453,0.18492310118208025,0.691037973533469,0.7434346208732574,0.00019557755424937104,4,2,0.6324555320336759,2500,OLS_iid,iid,False,5
1,4,4001,25,250001,True,144,False,10,0.9640498941685419,0.7451374153606594,0.5140964359557968,0.41996824693248497,0.7119437071114175,1.170260238006429,0.5402405391510822,0.00018406323855101799,4,2,0.6324555320336759,2500,OLS_iid,iid,False,5
1,5,5001,5,50001,True,174,False,10,0.9934033938368589,0.6407934119924903,0.06674431946106944,0.0559385706853876,0.10446935675145812,1.0177346888824188,0.5164680862778838,3.0144761503520778e-05,4,2,0.6324555320336759,2500,OLS_iid,iid,False,5
1,6,6001,4,40001,True,134,False,10,0.9001462387762448,0.4939442267641425,0.11902582247538236,0.10146939236258648,0.18457314606964112,0.7058854083670812,0.7324098460332676,0.00018714182402479565,4,2,0.6324555320336759,2500,OLS_iid,iid,False,5
1,5,5001,27,270001,True,130,False,10,0.7655068965378704,0.5203060423955321,0.1635240630126965,0.13468403111850205,0.23246756458954512,0.6970026952501928,0.7438807580081991,0.0002377839890967425,4,2,0.6324555320336759,2500,OLS_iid,iid,False,5
1,6,6001,1,10001,True,142,False,10,0.9618454737965508,0.5107081020250916,0.06244019531010078,0.05076995774868537,0.11043993328690124,0.7248593286885047,0.7020878427765606,0.00011858814353027878,4,2,0.6324555320336759,2500,OLS_iid,iid,False,5
1,6,6001,8,80001,True,135,False,10,0.9789056201687122,0.4956073872745037,0.4049109034641315,0.3165520306769972,0.8117701957162118,0.8320037535484839,0.6454550553291348,0.00019549896473674587,4,2,0.6324555320336759,2500,OLS_iid,iid,False,5
1,4,4001,22,220001,True,225,False,10,0.986162397461813,0.8257377063855529,0.21484044013413445,0.151924716523723,0.2467575958850969,0.8457540612706423,0.6787176064275497,3.467360552649108e-05,4,2,0.6324555320336759,2500,OLS_iid,iid,False,5
1,6,6001,10,100001,True,134,False,10,0.8639774470823087,0.4944912940263748,0.2524196991314218,0.2149056924339121,0.3494991165338982,0.7575620395096885,0.6985393802584706,0.0001923533831866726,4,2,0.6324555320336759,2500,OLS_iid,iid,False,5
1,1,1001,28,280001,True,384,False,10,0.8819881615161684,1.3922247071750462,0.3099024825034528,0.20551560335321142,0.6532573887427183,1.1528917794623774,0.5736945760088014,1.2574568962389462e-05,4,2,0.6324555320336759,2500,OLS_iid,iid,False,5
0,9,9001,15,150001,True,398,False,10,0.996699191248906,1.8221588879823685,0.17397668504026623,0.15112177090345424,0.23104508209102148,0.9112516662093322,0.6064366023924062,1.8286871763061645e-05,4,2,0.6324555320336759,2500,OLS_iid,iid,False,5
1,5,5001,16,160001,True,135,False,10,0.9404266064001968,0.6482387660071254,0.14403194035562367,0.09937571447912308,0.28390322308322014,0.7434680347008276,0.6999861321091844,0.00015520083937675563,4,2,0.6324555320336759,2500,OLS_iid,iid,False,5
1,5,5001,28,280001,True,136,False,10,0.8819881615161684,0.5658636339940131,0.18028971429881302,0.13030975004924167,0.3142423555327846,0.728727216800856,0.7234390852221614,0.00016807002582997787,4,2,0.6324555320336759,2500,OLS_iid,iid,False,5
1,5,5001,6,60001,True,192,False,10,0.9609036446010867,0.7060161912813783,0.07260460499047998,0.0511464067356912,0.13684737088275584,0.9089286159124911,0.6588432257960791,2.6649815287921774e-05,4,2,0.6324555320336759,2500,OLS_iid,iid,False,5
1,5,5001,14,140001,True,175,False,10,0.9933920536229217,0.6632652208209038,0.08151090439421706,0.07897637109772479,0.10515905459304742,0.9657266991147321,0.6258311492256694,2.4130483761555934e-05,4,2,0.6324555320336759,2500,OLS_iid,iid,False,5
1,5,5001,17,170001,True,177,False,10,0.9996446800254156,0.6508615789934993,0.08516110653341566,0.07605979221102274,0.12191683531032593,1.074930823270054,0.48107781812958983,2.6613036971488636e-05,4,2,0.6324555320336759,2500,OLS_iid,iid,False,5
1,6,6001,21,210001,True,134,False,10,0.9056174432032106,0.5036141769960523,0.21257894287917833,0.18330606343514008,0.32460671262539753,0.7631235551715619,0.6873009285475641,0.0001755314933020492,4,2,0.6324555320336759,2500,OLS_iid,iid,False,5
1,6,6001,16,160001,True,143,False,10,0.9404266064001968,0.5230880337767303,0.15783976403886624,0.12859179548295363,0.2298452667653108,1.0445227854819394,0.4219122539382328,0.00013020112049035148,4,2,0.6324555320336759,2500,OLS_iid,iid,False,5
1,6,6001,14,140001,True,144,False,10,0.9933920536229217,0.536453559063375,0.26811584104341396,0.22608858792150882,0.4826309758226905,0.9237219097747008,0.567400094786019,0.00011755771072662852,4,2,0.6324555320336759,2500,OLS_iid,iid,False,5
1,5,5001,13,130001,True,195,False,10,0.9184985308293767,0.717864106874913,0.22038487162790846,0.18993946981335802,0.3407915132017977,0.9470116287517105,0.6507480796590975,3.717493636114664e-05,4,2,0.6324555320336759,2500,OLS_iid,iid,False,5
1,6,6001,27,270001,True,134,False,10,0.7655068965378704,0.49505796981975436,0.23605232218059097,0.2107779764242013,0.3727016392695273,0.7362001586484919,0.7150524315509404,0.0002045369635929475,4,2,0.6324555320336759,2500,OLS_iid,iid,False,5
1,6,6001,22,220001,True,152,False,10,0.986162397461813,0.5387528548017144,0.32131287992999497,0.23240128412976807,0.6450608691879852,1.0120046894488988,0.51602654481334,0.00015128057803183125,4,2,0.6324555320336759,2500,OLS_iid,iid,False,5
1,7,7001,0,1,True,135,False,10,0.9824268093821419,0.49657312128692865,0.11135373267135402,0.07991836584449827,0.2071594440478343,0.6985101798766111,0.7214868835058281,0.00015988456386317008,4,2,0.6324555320336759,2500,OLS_iid,iid,False,5
1,6,6001,11,110001,True,161,False,10,0.9953486715076032,0.587837235070765,0.30439889304711004,0.18060838171992613,0.6452264217821279,0.8034964520922685,0.6506843049509211,0.00010841690414972414,4,2,0.6324555320336759,2500,OLS_iid,iid,False,5
1,6,6001,18,180001,True,138,False,10,0.8282907660537875,0.5493441177532077,0.20686687114819582,0.17163812277261858,0.30301246866108283,0.7069306657049893,0.7336503932853752,0.00021444322505375415,4,2,0.6324555320336759,2500,OLS_iid,iid,False,5
1,6,6001,5,50001,True,138,False,10,0.9934033938368589,0.6115577961318195,0.1718875258122459,0.15394572680114837,0.288456264192066,0.9386062132304396,0.504739983753128,0.00012237738470002773,4,2,0.6324555320336759,2500,OLS_iid,iid,False,5
1,6,6001,28,280001,True,136,False,10,0.8819881615161684,0.5060374210588634,0.23776462341938787,0.18016936671734354,0.46304940766539665,0.92691670695235,0.49717656213172684,0.0001936591448908014,4,2,0.6324555320336759,2500,OLS_iid,iid,False,5
1,6,6001,7,70001,True,171,False,10,0.9491554521740491,0.6172659401781857,0.04258296730886286,0.024759586828698155,0.08477103179939402,1.0207960372231322,0.5218139718895669,3.653994425047441e-05,4,2,0.6324555320336759,2500,OLS_iid,iid,False,5
1,7,7001,4,40001,True,131,False,10,0.9001462387762448,0.4957015160471201,0.42407238029091066,0.3562423921084156,0.8495171020931862,0.8615665134309238,0.628657558109479,0.00020501969258422976,4,2,0.6324555320336759,2500,OLS_iid,iid,False,5
1,6,6001,25,250001,True,150,False,10,0.9640498941685419,0.5503229517489672,0.08448776501620071,0.06018175702902028,0.158102837980753,0.6855565564273562,0.7408841253602368,0.00013671173643790022,4,2,0.6324555320336759,2500,OLS_iid,iid,False,5
1,6,6001,24,240001,True,151,False,10,0.9962664992602762,0.5564275840297341,0.22811055401857958,0.2003611256034016,0.3430377539834776,0.7775955915700136,0.670024334914458,0.0001518159478944784,4,2,0.6324555320336759,2500,OLS_iid,iid,False,5
1,7,7001,7,70001,True,137,False,10,0.9491554521740491,0.4905872088856995,0.22346934147358657,0.15431398172507288,0.4485581538726941,0.7971069224806199,0.6751946783676447,0.0001458038551730334,4,2,0.6324555320336759,2500,OLS_iid,iid,False,5
1,6,6001,13,130001,True,161,False,10,0.9184985308293767,0.5950854108668864,0.10784464208907074,0.07214812076544917,0.20900675052106543,0.68691517341862,0.7408289312219969,0.00012862945284153432,4,2,0.6324555320336759,2500,OLS_iid,iid,False,5
1,7,7001,1,10001,True,137,False,10,0.9618454737965508,0.5123157510533929,0.4216732002615509,0.313085147188646,0.8567976052684232,0.8972943191981401,0.5978529377895638,0.00015916840996473924,4,2,0.6324555320336759,2500,OLS_iid,iid,False,5
1,7,7001,15,150001,True,135,False,10,0.9370639838269078,0.4676764630712569,0.08979541720113739,0.07912114698509311,0.115777721562081,0.6830784981375579,0.7363349804428356,0.00019741437692740842,4,2,0.6324555320336759,2500,OLS_iid,iid,False,5
1,7,7001,10,100001,True,133,False,10,0.8639774470823087,0.49263889575377107,0.1813352685279826,0.13698259791183762,0.3365633820293156,0.7093468757788086,0.7376151593294433,0.00020826118713767453,4,2,0.6324555320336759,2500,OLS_iid,iid,False,5
1,7,7001,8,80001,True,136,False,10,0.9789056201687122,0.5046205101534724,0.16687195950934933,0.12139322331400214,0.32027556095522064,0.7206151060512154,0.7102303344197325,0.0001733152887293718,4,2,0.6324555320336759,2500,OLS_iid,iid,False,5
1,2,2001,24,240001,True,336,False,10,0.9962664992602762,1.235975980758667,0.371270328034791,0.3178467777790571,0.5419554773048066,1.0829326133885364,0.6020049831942239,1.6894040634171766e-05,4,2,0.6324555320336759,2500,OLS_iid,iid,False,5
1,7,7001,9,90001,True,138,False,10,0.9834650607795635,0.5099097872152925,0.19107504361114688,0.16373742598751606,0.29075073240401056,0.7863625652645432,0.6776683243936906,0.0001480390505728882,4,2,0.6324555320336759,2500,OLS_iid,iid,False,5
1,7,7001,12,120001,True,137,False,10,0.9287983619514916,0.5026087830774486,0.20774255081184181,0.16112894434616518,0.30675621009323295,0.7273923881621753,0.7164667999006228,0.00018881009831748084,4,2,0.6324555320336759,2500,OLS_iid,iid,False,5
1,7,7001,11,110001,True,138,False,10,0.9953486715076032,0.5096480580978096,0.27062924474828043,0.22337155746439039,0.4110401029768337,0.9294139181225965,0.6015181419874517,0.00014487089382908086,4,2,0.6324555320336759,2500,OLS_iid,iid,False,5
1,7,7001,18,180001,True,131,False,10,0.8282907660537875,0.48742765886709094,0.18546369068813634,0.1393694726588419,0.35611497212732657,0.6931751390333806,0.741623684013697,0.00023413724908581983,4,2,0.6324555320336759,2500,OLS_iid,iid,False,5
1,5,5001,29,290001,True,208,False,10,0.9990986140700934,0.694317664951086,0.16475455433945943,0.15264313080293562,0.2108908489669552,1.0122306277432933,0.5348752998031259,3.235868941283415e-05,4,2,0.6324555320336759,2500,OLS_iid,iid,False,5
1,7,7001,20,200001,True,132,False,10,0.8989113757015645,0.4865818340331316,0.08960137878488736,0.081852912201618,0.1352471470843112,0.6583499409928087,0.7637634819143497,0.00021417097465488427,4,2,0.6324555320336759,2500,OLS_iid,iid,False,5
1,7,7001,19,190001,True,136,False,10,0.9587959305027193,0.5035819266922772,0.2692034355644133,0.20217923358198395,0.5347122817900614,0.7342276868162276,0.7005258177555733,0.00020970258901566806,4,2,0.6324555320336759,2500,OLS_iid,iid,False,5
1,6,6001,6,60001,True,176,False,10,0.9609036446010867,0.6851410828530788,0.5150089976297595,0.404518125985535,0.761602779262931,0.9240669699031786,0.49686151523941136,2.6524435584860606e-05,4,2,0.6324555320336759,2500,OLS_iid,iid,False,5
1,7,7001,16,160001,True,136,False,10,0.9404266064001968,0.5211583152413368,0.19235628051805106,0.11848974899346361,0.39145312507214924,0.7556505417117997,0.6951578584516449,0.00015257300512760885,4,2,0.6324555320336759,2500,OLS_iid,iid,False,5
1,6,6001,17,170001,True,174,False,10,0.9996446800254156,0.638415927067399,0.1966174930026997,0.1582201438200067,0.3476109983497022,0.9918476590363762,0.5975467566706799,2.780804507117981e-05,4,2,0.6324555320336759,2500,OLS_iid,iid,False,5
1,7,7001,27,270001,True,130,False,10,0.7655068965378704,0.47661721613258123,0.14239782996650874,0.13083979646258279,0.19448850345993673,0.6753740869800865,0.7508044747968928,0.00021739898555586396,4,2,0.6324555320336759,2500,OLS_iid,iid,False,5
1,7,7001,23,230001,True,135,False,10,0.9021557841548206,0.5023800237104297,0.28237656620159235,0.26658255428279065,0.4186238051326906,0.9490268104449525,0.5047394376592923,0.00022548640336235345,4,2,0.6324555320336759,2500,OLS_iid,iid,False,5
1,7,7001,22,220001,True,135,False,10,0.986162397461813,0.5133768948726356,0.20375036418494685,0.14408853120944132,0.3863197557710932,0.7143854807229658,0.7100740920664518,0.00017799356255687507,4,2,0.6324555320336759,2500,OLS_iid,iid,False,5
1,7,7001,28,280001,True,132,False,10,0.8819881615161684,0.48619055608287454,0.17459164413467232,0.13285788099876022,0.2661284834453707,0.7435203465617702,0.7175544411636009,0.00018788069340783245,4,2,0.6324555320336759,2500,OLS_iid,iid,False,5
1,6,6001,26,260001,True,174,False,10,0.8891133945047289,0.6393792610615492,0.4038757931532175,0.30659448832514263,0.8341254114675304,0.9314722137466585,0.6273834858202849,4.567379258162976e-05,4,2,0.6324555320336759,2500,OLS_iid,iid,False,5
1,7,7001,21,210001,True,135,False,10,0.9056174432032106,0.5361885810270905,0.16466779710601007,0.1192084808428659,0.31941803979366046,0.7296373570373165,0.7184291019661907,0.00018134243762301817,4,2,0.6324555320336759,2500,OLS_iid,iid,False,5
1,7,7001,2,20001,True,128,False,10,0.7704746710867817,0.6164144361391664,0.4075832563376921,0.35509494537988723,0.6925658864761949,1.0056995687463306,0.47670748539666974,0.00025290016172280243,4,2,0.6324555320336759,2500,OLS_iid,iid,False,5
1,6,6001,12,120001,True,196,False,10,0.9287983619514916,0.7261602142825723,0.427261009606975,0.2832110478439332,0.9123844496126652,0.8698360238876323,0.5925086142847387,4.0543263179719725e-05,4,2,0.6324555320336759,2500,OLS_iid,iid,False,5
1,8,8001,1,10001,True,143,False,10,0.9618454737965508,0.5244787950068712,0.15137006159383123,0.11066963942962456,0.2848805351363276,0.7513991029881483,0.6962453903288145,0.00013228995634924874,4,2,0.6324555320336759,2500,OLS_iid,iid,False,5
1,8,8001,2,20001,True,144,False,10,0.7704746710867817,0.5214058943092823,0.2583420759675039,0.21377931844334863,0.4295867936155057,0.7193026175761918,0.7285768263598748,0.00017846532342967353,4,2,0.6324555320336759,2500,OLS_iid,iid,False,5
1,8,8001,17,170001,True,144,False,10,0.9996446800254156,0.4340683137997985,0.18271635482101223,0.16112351463759655,0.31440696447102356,1.0357203381149054,0.4474704698877086,0.00010194389536527049,4,2,0.6324555320336759,2500,OLS_iid,iid,False,5
1,7,7001,17,170001,True,173,False,10,0.9996446800254156,0.6330795609392226,0.08993307545069441,0.07998312491970405,0.13052232886494886,1.0845678728338877,0.48012818198229446,3.139461808671199e-05,4,2,0.6324555320336759,2500,OLS_iid,iid,False,5
1,8,8001,12,120001,True,144,False,10,0.9287983619514916,0.5017449883744121,0.3579884030393664,0.3021209852854196,0.6623115951525843,0.8017971040686706,0.662627336943203,0.00016451971213994683,4,2,0.6324555320336759,2500,OLS_iid,iid,False,5
1,6,6001,29,290001,True,194,False,10,0.9990986140700934,0.7097450667060912,0.13069093263521026,0.10152451333750595,0.17169354290737088,0.8825399789480762,0.689314250962664,3.3732783546878186e-05,4,2,0.6324555320336759,2500,OLS_iid,iid,False,5
1,7,7001,24,240001,True,172,False,10,0.9962664992602762,0.6294698840938509,0.04035480400293592,0.0319128311414992,0.07437243600656246,0.8707879554709711,0.685353288166786,3.763353920013203e-05,4,2,0.6324555320336759,2500,OLS_iid,iid,False,5
1,7,7001,14,140001,True,180,False,10,0.9933920536229217,0.6676871720701456,0.07089792748955784,0.06881587825186726,0.09246794248654383,0.9652596879176368,0.6195449144213107,2.4880471327167876e-05,4,2,0.6324555320336759,2500,OLS_iid,iid,False,5
1,7,7001,6,60001,True,195,False,10,0.9609036446010867,0.7118551041930914,0.11814040328268088,0.09249944265771184,0.21022975140942518,0.9299694840016811,0.6515062438585035,2.609561331614958e-05,4,2,0.6324555320336759,2500,OLS_iid,iid,False,5
1,8,8001,16,160001,True,138,False,10,0.9404266064001968,0.5070336647331715,0.2849342737174058,0.24830722628627044,0.4654325911913337,1.0967025953526974,0.4036579935860982,0.00015373098599764923,4,2,0.6324555320336759,2500,OLS_iid,iid,False,5
1,8,8001,21,210001,True,135,False,10,0.9056174432032106,0.4974106349982321,0.2928393415158707,0.23082159031807287,0.5360534836824797,0.7813194223690879,0.678525139370877,0.00018931438350336464,4,2,0.6324555320336759,2500,OLS_iid,iid,False,5
1,8,8001,10,100001,True,161,False,10,0.8639774470823087,0.550061154179275,0.1530497194005314,0.12335933642077723,0.26716398395364255,0.8721131856613883,0.7003589962110618,5.235519836065384e-05,4,2,0.6324555320336759,2500,OLS_iid,iid,False,5
1,7,7001,29,290001,True,172,False,10,0.9990986140700934,0.6270840191282332,0.09805082200074737,0.08020498454366627,0.12964871166294895,0.8773983913808884,0.6939405655267868,4.231212421401835e-05,4,2,0.6324555320336759,2500,OLS_iid,iid,False,5
1,3,3001,3,30001,True,380,False,10,0.859635179861318,1.3863145839422941,0.3591725809958143,0.27789062905407774,0.6333165450830918,1.106764299638252,0.5876428622392793,1.3980782569576847e-05,4,2,0.6324555320336759,2500,OLS_iid,iid,False,5
1,8,8001,19,190001,True,138,False,10,0.9587959305027193,0.5042537520639598,0.10658591715925196,0.09908110670346246,0.13612566211095856,0.6627095234416488,0.7469744255681894,0.00016973065309740321,4,2,0.6324555320336759,2500,OLS_iid,iid,False,5
1,8,8001,0,1,True,174,False,10,0.9824268093821419,0.638241948094219,0.27236982767264245,0.20160499248553002,0.33700467533619516,1.0713943798817491,0.45358730720318413,4.204096906235297e-05,4,2,0.6324555320336759,2500,OLS_iid,iid,False,5
1,8,8001,26,260001,True,140,False,10,0.8891133945047289,0.510583161842078,0.19258219187313103,0.16286097522479104,0.2785327276243646,0.7072590534543837,0.7260496096197048,0.000186075284760629,4,2,0.6324555320336759,2500,OLS_iid,iid,False,5
1,8,8001,20,200001,True,142,False,10,0.8989113757015645,0.5194168570451438,0.1907363827911393,0.1709332484849377,0.2864829554622057,0.6981015249953971,0.7414024012925209,0.00017615226217088727,4,2,0.6324555320336759,2500,OLS_iid,iid,False,5
1,5,5001,3,30001,True,296,False,10,0.859635179861318,1.0787513819523156,0.3279702524292661,0.22485029510328083,0.698694000366095,1.1398364868195794,0.5851953604368237,1.9190106187992045e-05,4,2,0.6324555320336759,2500,OLS_iid,iid,False,5
1,8,8001,13,130001,True,154,False,10,0.9184985308293767,0.5622369069606066,0.34888852564546463,0.2753775857169546,0.5979274881058044,0.9760358351196349,0.4937453082068301,0.0001694076422170374,4,2,0.6324555320336759,2500,OLS_iid,iid,False,5
1,8,8001,8,80001,True,171,False,10,0.9789056201687122,0.6232624719850719,0.1096896091040867,0.08718131490630572,0.1955291554412566,0.8426930005181846,0.7061451031654012,4.40675766415121e-05,4,2,0.6324555320336759,2500,OLS_iid,iid,False,5
1,9,9001,1,10001,True,141,False,10,0.9618454737965508,0.5150930238887668,0.11534414989794325,0.07281388903831049,0.22783640981074732,0.735479263061825,0.6978510973028925,0.00012557597101446851,4,2,0.6324555320336759,2500,OLS_iid,iid,False,5
1,6,6001,20,200001,True,217,False,10,0.8989113757015645,0.8510461668483913,0.2088524088881597,0.15937454298381667,0.35140876081666855,0.8919719359120841,0.6800783704857344,3.60851039398143e-05,4,2,0.6324555320336759,2500,OLS_iid,iid,False,5
1,5,5001,24,240001,True,252,False,10,0.9962664992602762,0.9572689179331064,0.11251427822744434,0.08575025401929308,0.1374095059647138,0.8711126693159396,0.6803126610671582,2.25939594952575e-05,4,2,0.6324555320336759,2500,OLS_iid,iid,False,5
1,8,8001,15,150001,True,139,False,10,0.9370639838269078,0.576731386128813,0.3695648813575582,0.30231934715607395,0.5886646667146496,0.8337738675703478,0.6527651722999187,0.0001949338335026419,4,2,0.6324555320336759,2500,OLS_iid,iid,False,5
2,1,1001,17,170001,True,19,False,10,0.9996446800254156,0.0876905070617795,0.48155553244148713,0.32445256017498886,1.2713934286448199,0.9895590717028775,0.36674641812837183,0.22398774357544776,4,2,0.6324555320336759,2500,OLS_iid,iid,False,5
1,6,6001,9,90001,True,253,False,10,0.9834650607795635,0.9236606699414551,0.028360616057990194,0.02478247113762818,0.03944799962868639,0.8518531701733659,0.6956748432952199,2.2354261831754557e-05,4,2,0.6324555320336759,2500,OLS_iid,iid,False,5
1,9,9001,8,80001,True,137,False,10,0.9789056201687122,0.5040861740708351,0.15445078614584096,0.1124834348402474,0.2469784969566185,0.6837650670569033,0.7367813054003202,0.0001729110379507656,4,2,0.6324555320336759,2500,OLS_iid,iid,False,5
1,8,8001,5,50001,True,183,False,10,0.9934033938368589,0.6758309807628393,0.10424910352139716,0.08901974594446177,0.13171004490769272,0.8889174927434734,0.6727393299136414,2.8782391472825974e-05,4,2,0.6324555320336759,2500,OLS_iid,iid,False,5
1,7,7001,26,260001,True,134,False,10,0.8891133945047289,0.7324451636523008,0.08214034246684719,0.05252883442840926,0.159693023324987,0.6638990549452509,0.7534576500315654,0.00018968272463401207,4,2,0.6324555320336759,2500,OLS_iid,iid,False,5
1,9,9001,12,120001,True,136,False,10,0.9287983619514916,0.49096880620345473,0.32036100036675585,0.23919214408741973,0.6569957263478101,0.763022077005805,0.6895003041546796,0.00020808274708312494,4,2,0.6324555320336759,2500,OLS_iid,iid,False,5
1,8,8001,11,110001,True,172,False,10,0.9953486715076032,0.6460434189066291,0.29581201091852366,0.22782185435949484,0.5170479909937392,0.9752123273950405,0.6123745096797957,3.6382010169544906e-05,4,2,0.6324555320336759,2500,OLS_iid,iid,False,5
1,8,8001,6,60001,True,142,False,10,0.9609036446010867,0.684262617956847,0.0919971010832577,0.07863859377662588,0.1362456080960943,0.7631361310837096,0.6816058667578543,0.00011069320091378727,4,2,0.6324555320336759,2500,OLS_iid,iid,False,5
1,8,8001,27,270001,True,174,False,10,0.7655068965378704,0.593099202029407,0.24511179972231098,0.22281175667619174,0.29405890370305865,0.9656764430855974,0.6621085033235353,4.895693995720149e-05,4,2,0.6324555320336759,2500,OLS_iid,iid,False,5
1,8,8001,18,180001,True,186,False,10,0.8282907660537875,0.6209545969031751,0.15785706587498735,0.14203628864837362,0.21376759682615473,0.9099027646707972,0.6900106459754681,4.3508453799593075e-05,4,2,0.6324555320336759,2500,OLS_iid,iid,False,5
1,9,9001,15,150001,True,135,False,10,0.9370639838269078,0.4931061821989715,0.495528241232903,0.3763952769889974,0.6380614609807183,1.1001608695175713,0.5940050113867843,0.00020622647507218819,4,2,0.6324555320336759,2500,OLS_iid,iid,False,5
1,9,9001,9,90001,True,146,False,10,0.9834650607795635,0.5352840279228985,0.2839420589105014,0.21338382278669565,0.5596696507364708,0.792141741686924,0.6553010855644231,0.0001435253552743015,4,2,0.6324555320336759,2500,OLS_iid,iid,False,5
1,8,8001,22,220001,True,180,False,10,0.986162397461813,0.6212781453505158,0.10942210729602753,0.07628635087007746,0.20370640351486913,0.8677834637030758,0.6992237120025083,4.01645708731305e-05,4,2,0.6324555320336759,2500,OLS_iid,iid,False,5
1,8,8001,29,290001,True,166,False,10,0.9990986140700934,0.604021814186126,0.1591987053370531,0.13916631570250917,0.21306484101579742,0.9130313782140499,0.5064591593874895,9.896703841624904e-05,4,2,0.6324555320336759,2500,OLS_iid,iid,False,5
1,9,9001,16,160001,True,136,False,10,0.9404266064001968,0.49887374602258205,0.2264813913518742,0.21825165641271743,0.2746983917653161,1.0828701788488997,0.40057870282854274,0.00016194392128081675,4,2,0.6324555320336759,2500,OLS_iid,iid,False,5
1,9,9001,2,20001,True,160,False,10,0.7704746710867817,0.5827883770689368,0.15169550986008942,0.09467351330670656,0.3025788589011464,0.9180549791598994,0.5264981905565191,0.0001533599546166508,4,2,0.6324555320336759,2500,OLS_iid,iid,False,5
1,9,9001,18,180001,True,136,False,10,0.8282907660537875,0.498340159188956,0.45409486785591024,0.39053944212255376,0.4217470082345015,0.9572595054562459,0.6204250834393907,0.00023934559797652365,4,2,0.6324555320336759,2500,OLS_iid,iid,False,5
1,9,9001,21,210001,True,134,False,10,0.9056174432032106,0.49201832991093397,0.3000606788340471,0.2593719457137594,0.4278017639664337,0.810312070645424,0.6552021889478749,0.00018589148552249096,4,2,0.6324555320336759,2500,OLS_iid,iid,False,5
1,8,8001,4,40001,True,201,False,10,0.9001462387762448,0.7289182860404253,0.21414946815217503,0.18686260384596276,0.29054667813721713,0.9079593961177997,0.6723616838535095,3.193022976590038e-05,4,2,0.6324555320336759,2500,OLS_iid,iid,False,5
1,7,7001,5,50001,True,219,False,10,0.9934033938368589,0.8599097821861506,0.03504989598248062,0.02778090900570314,0.05984440972842484,0.8662711137005822,0.6901340128532584,2.3739649987820126e-05,4,2,0.6324555320336759,2500,OLS_iid,iid,False,5
1,9,9001,14,140001,True,146,False,10,0.9933920536229217,0.5325526339001954,0.11713625503127142,0.11088726829257067,0.15196085471213475,0.8253809220725693,0.628923743250533,8.850075047291062e-05,4,2,0.6324555320336759,2500,OLS_iid,iid,False,5
1,8,8001,28,280001,True,177,False,10,0.8819881615161684,0.6457717809826136,0.21612589104438917,0.16266938253948388,0.3235117297416825,0.9602387099916058,0.6663825725847806,3.830073120883602e-05,4,2,0.6324555320336759,2500,OLS_iid,iid,False,5
1,5,5001,25,250001,True,295,False,10,0.9640498941685419,1.074556728824973,0.10408470654139995,0.0785835743569283,0.19802446911038846,0.8936206336711484,0.6854045820231471,1.7306374216822816e-05,4,2,0.6324555320336759,2500,OLS_iid,iid,False,5
1,8,8001,14,140001,True,194,False,10,0.9933920536229217,0.7094580898992717,0.10535269708377475,0.08461360139020813,0.18172578507723774,0.960819598682027,0.6216895193648031,2.5863038830314655e-05,4,2,0.6324555320336759,2500,OLS_iid,iid,False,5
1,9,9001,7,70001,True,167,False,10,0.9491554521740491,0.6073720320127904,0.191362430123931,0.1611628693933079,0.2792402280535683,0.9318284453429179,0.657279647329877,3.481721077902962e-05,4,2,0.6324555320336759,2500,OLS_iid,iid,False,5
1,9,9001,24,240001,True,143,False,10,0.9962664992602762,0.524641094263643,0.2509443526570231,0.20293956727739643,0.4278839803289899,0.8043295602093252,0.6532326724740588,0.0001529512139839362,4,2,0.6324555320336759,2500,OLS_iid,iid,False,5
1,9,9001,29,290001,True,139,False,10,0.9990986140700934,0.5092398007400334,0.22001768271438993,0.17701053746538678,0.3822337360425421,0.983332737733845,0.47348124237692213,0.00017792051624792516,4,2,0.6324555320336759,2500,OLS_iid,iid,False,5
1,8,8001,3,30001,True,223,False,10,0.859635179861318,0.7984269289299846,0.4371058388420551,0.33692321338362274,0.8968016259301347,0.8891298995709418,0.5965308878624315,3.1010977161324115e-05,4,2,0.6324555320336759,2500,OLS_iid,iid,False,5
1,8,8001,23,230001,True,198,False,10,0.9021557841548206,0.7178281960077584,0.257252824092902,0.23618540572355295,0.3665458058582059,1.0672755185439795,0.5032220850545351,3.89993124028774e-05,4,2,0.6324555320336759,2500,OLS_iid,iid,False,5
1,4,4001,24,240001,True,388,False,10,0.9962664992602762,1.3782368949614465,0.11236698515817577,0.09111599448375958,0.18145081772955615,0.8412586179135874,0.693526740495995,1.1599474519158942e-05,4,2,0.6324555320336759,2500,OLS_iid,iid,False,5
1,9,9001,6,60001,True,181,False,10,0.9609036446010867,0.6653792173601687,0.03397916891868421,0.029091191425736393,0.04839338894299456,0.8904957069229079,0.6664299297116328,2.4777294265089238e-05,4,2,0.6324555320336759,2500,OLS_iid,iid,False,5
1,9,9001,3,30001,True,191,False,10,0.859635179861318,0.6960706226527691,0.3268183045796646,0.24727232673830504,0.5064983104894754,1.0283575104277543,0.6319425410988492,3.8616980933894155e-05,4,2,0.6324555320336759,2500,OLS_iid,iid,False,5
1,9,9001,11,110001,True,180,False,10,0.9953486715076032,0.6532920831814408,0.12567094174743643,0.08601832399786682,0.24069544065701198,1.0026095577712233,0.4407082489871163,2.9611527642821377e-05,4,2,0.6324555320336759,2500,OLS_iid,iid,False,5
1,7,7001,25,250001,True,256,False,10,0.9640498941685419,0.9564156830310822,0.13212089422930917,0.10553517378856864,0.2085694442544439,0.9023493168016866,0.6789367998262748,2.4884763075717588e-05,4,2,0.6324555320336759,2500,OLS_iid,iid,False,5
1,9,9001,23,230001,True,181,False,10,0.9021557841548206,0.6521115913055837,0.16003825089603255,0.13956619561751588,0.2354107180667361,0.8940758971215068,0.6912019183216653,4.62603256554877e-05,4,2,0.6324555320336759,2500,OLS_iid,iid,False,5
1,9,9001,20,200001,True,187,False,10,0.8989113757015645,0.6799221462570131,0.2406896473824515,0.186061053360489,0.4180516511857602,0.9622113283323767,0.6629766633413685,4.620487522569005e-05,4,2,0.6324555320336759,2500,OLS_iid,iid,False,5
1,9,9001,26,260001,True,166,False,10,0.8891133945047289,0.6379601899534464,0.21908188041494997,0.16634138121879824,0.3281792360441877,0.884976811758157,0.6796629830094582,4.9158164916418425e-05,4,2,0.6324555320336759,2500,OLS_iid,iid,False,5
1,4,4001,29,290001,True,415,False,10,0.9990986140700934,1.49144634231925,0.1466454432423068,0.09610192244029236,0.29014974566394086,0.7909611391819977,0.7121375057531459,1.2199152317496951e-05,4,2,0.6324555320336759,2500,OLS_iid,iid,False,5
1,9,9001,19,190001,True,218,False,10,0.9587959305027193,0.7480066469870508,0.09981248372403792,0.08718419235319161,0.1623727650689601,0.8795628841384332,0.69736524328655,3.264721722916525e-05,4,2,0.6324555320336759,2500,OLS_iid,iid,False,5
2,0,1,11,110001,True,176,False,10,0.7613339377993895,0.6528455265797675,0.06494328208401016,0.053613459453778295,0.09480276818692057,1.000293170868926,0.4385731284603404,2.314181763466417e-05,4,2,0.6324555320336759,2500,OLS_iid,iid,False,5
2,0,1,19,190001,True,167,False,10,0.06457129572950791,0.654124528169632,0.4966593621853364,0.4049948211101921,0.8275614913935876,1.1492885407553728,0.6521983951416637,3.9138832018416156e-05,4,2,0.6324555320336759,2500,OLS_iid,iid,False,5
1,9,9001,22,220001,True,213,False,10,0.986162397461813,0.7841266980394721,0.18947866385567835,0.16474237133985167,0.2674045667447497,0.8624669812812281,0.6890881888752501,3.542767023934784e-05,4,2,0.6324555320336759,2500,OLS_iid,iid,False,5
2,0,1,1,10001,True,172,False,10,0.6221004727722926,0.7262793239206076,0.44441293572616536,0.34612516511113967,1.0002338798720116,1.266332962720601,0.31655081379498506,3.477289944948356e-05,4,2,0.6324555320336759,2500,OLS_iid,iid,False,5
1,6,6001,19,190001,True,348,False,10,0.9587959305027193,1.2442885502241552,0.06044714623706249,0.05197679571325098,0.0946915259826166,0.8527949861027967,0.7159383496939739,1.7352453393793964e-05,4,2,0.6324555320336759,2500,OLS_iid,iid,False,5
2,0,1,2,20001,True,176,False,10,0.3016106488049307,0.7367921667173505,0.14402024871788743,0.11092842628584451,0.2187060542362514,0.9599911724291197,0.4675197608518252,2.63731872199794e-05,4,2,0.6324555320336759,2500,OLS_iid,iid,False,5
2,0,1,3,30001,True,174,False,10,0.7071611505325205,0.7334321681410074,0.4436444633992623,0.3270178350952341,0.5356602566194739,1.0068763822553977,0.6689957089630781,2.896776779036711e-05,4,2,0.6324555320336759,2500,OLS_iid,iid,False,5
2,0,1,12,120001,True,177,False,10,0.27077198247902334,0.7005937960930169,0.07860794010306645,0.05466417643864215,0.14994062420589774,0.4762613563758116,0.8993874744879454,2.4100451862412646e-05,4,2,0.6324555320336759,2500,OLS_iid,iid,False,5
1,7,7001,3,30001,True,322,False,10,0.859635179861318,1.1915285312570632,0.33866339572737086,0.2604541765829714,0.6712336799780017,1.1304039114702051,0.5803189730026465,1.6622576637730198e-05,4,2,0.6324555320336759,2500,OLS_iid,iid,False,5
1,9,9001,27,270001,True,137,False,10,0.7655068965378704,0.7746725887991488,0.377607334936282,0.34214640683008574,0.541370980888131,0.8709663134674916,0.628065389033377,0.00021542980971704027,4,2,0.6324555320336759,2500,OLS_iid,iid,False,5
2,0,1,8,80001,True,169,False,10,0.535687505016201,0.7159585990011692,0.04486356289699893,0.03581319167844214,0.07661950018164294,0.49007404018458134,0.8943302576206613,2.9555017066895905e-05,4,2,0.6324555320336759,2500,OLS_iid,iid,False,5
1,6,6001,23,230001,True,353,False,10,0.9021557841548206,1.2767533641308546,0.15054646880693728,0.12168537328590559,0.26248927049522564,0.8896490469272763,0.6949201549785551,1.394014984417418e-05,4,2,0.6324555320336759,2500,OLS_iid,iid,False,5
1,8,8001,7,70001,True,298,False,10,0.9491554521740491,1.0735853351652622,0.0899125580112319,0.05287830016812959,0.17974136017742876,0.8504008855843638,0.6906081329728028,1.541154722456874e-05,4,2,0.6324555320336759,2500,OLS_iid,iid,False,5
2,0,1,4,40001,True,183,False,10,0.3466522338941456,0.7689076149836183,0.34960770791972706,0.26440489287522817,0.6169790554243488,0.7772968478430717,0.7819522915119866,2.7668609662221305e-05,4,2,0.6324555320336759,2500,OLS_iid,iid,False,5
2,0,1,13,130001,True,174,False,10,0.2367916216497513,0.7317343489266932,0.08299274721925666,0.07104725167813364,0.125320747491399,0.4647638829739381,0.9054439095672666,2.8294163983174604e-05,4,2,0.6324555320336759,2500,OLS_iid,iid,False,5
2,0,1,22,220001,True,168,False,10,0.10447079867692424,0.7059449916705489,0.025325331200314494,0.019966265878689174,0.04283605493301978,0.4451877809230852,0.9119664209472712,2.8295525327923265e-05,4,2,0.6324555320336759,2500,OLS_iid,iid,False,5
2,0,1,27,270001,True,166,False,10,0.04416950633781381,0.691560982260853,0.02305946802363281,0.021529314935918014,0.031110692876454054,0.4489715530431029,0.9124676703766389,3.411540996688206e-05,4,2,0.6324555320336759,2500,OLS_iid,iid,False,5
2,0,1,24,240001,True,170,False,10,0.43057353603620835,0.7055907142348588,0.045920453218601644,0.03394221824829213,0.08585840731835333,0.4943912655238425,0.8898658067122837,2.8975953930378018e-05,4,2,0.6324555320336759,2500,OLS_iid,iid,False,5
1,8,8001,9,90001,True,303,False,10,0.9834650607795635,1.093742297962308,0.08097440972033337,0.05839946416613359,0.15081920072620733,0.9090137004476874,0.6728997637129223,1.636674021978058e-05,4,2,0.6324555320336759,2500,OLS_iid,iid,False,5
1,7,7001,13,130001,True,315,False,10,0.9184985308293767,1.2187879597768188,0.5031335528920508,0.36407281452995,0.5914959722311941,0.8437064963249045,0.54492387228073,1.7544875412816052e-05,4,2,0.6324555320336759,2500,OLS_iid,iid,False,5
2,0,1,6,60001,True,184,False,10,0.9200871760451376,0.7730123391374946,0.22033029230507045,0.1284279186167316,0.45420975018649806,0.821657256042061,0.7076025030142283,1.685599027646054e-05,4,2,0.6324555320336759,2500,OLS_iid,iid,False,5
2,1,1001,2,20001,True,170,False,10,0.3016106488049307,0.6968462388031185,0.05782458015434724,0.04393167277191346,0.10298586638407871,0.9290053107176535,0.47167201691818234,3.0220606936952972e-05,4,2,0.6324555320336759,2500,OLS_iid,iid,False,5
2,0,1,29,290001,True,168,False,10,0.4203658597554998,0.7066202680580318,0.026812720983646614,0.025636740883734976,0.037738685618038066,0.4727352427228979,0.9020288647206764,3.0982490614125175e-05,4,2,0.6324555320336759,2500,OLS_iid,iid,False,5
2,0,1,18,180001,True,181,False,10,0.8282907660537875,0.7611913741566241,0.3252273416752406,0.2101621660851314,0.45975720743061343,0.812602920726143,0.7223023164461642,2.532706116980449e-05,4,2,0.6324555320336759,2500,OLS_iid,iid,False,5
1,9,9001,10,100001,True,266,False,10,0.8639774470823087,0.9601033399812877,0.10600601774303116,0.09290496646521396,0.14289135692898525,0.862088521185636,0.7097365428500093,2.1532463611014873e-05,4,2,0.6324555320336759,2500,OLS_iid,iid,False,5
2,0,1,16,160001,True,183,False,10,0.590565211088679,0.7715326990000904,0.3076368158364442,0.22634737034870522,0.5853868747124544,0.7182390663117272,0.7977989896451806,2.6064735213834268e-05,4,2,0.6324555320336759,2500,OLS_iid,iid,False,5
2,0,1,21,210001,True,181,False,10,0.9056174432032106,0.758343820925802,0.1428339051640295,0.09507066014839875,0.2802274986340171,0.7198070729213157,0.7605271514987506,2.032923559714527e-05,4,2,0.6324555320336759,2500,OLS_iid,iid,False,5
2,0,1,7,70001,True,190,False,10,0.9491554521740491,0.7952474686317146,0.4703645645466055,0.44311641274159624,1.0671963680922985,1.2242730528088932,0.5284993656142285,1.9300823422480728e-05,4,2,0.6324555320336759,2500,OLS_iid,iid,False,5
2,0,1,25,250001,True,178,False,10,0.6034868273123968,0.7478411379270256,0.21468285247686175,0.1524602759548145,0.400682045003677,0.6234681357962204,0.8396994181518302,2.7724354260192197e-05,4,2,0.6324555320336759,2500,OLS_iid,iid,False,5
2,0,1,20,200001,True,182,False,10,0.8989113757015645,0.7694333018735051,0.15123455400616825,0.08487874961702238,0.30659300825926084,0.7506533827473507,0.750846322253562,2.0549339246763388e-05,4,2,0.6324555320336759,2500,OLS_iid,iid,False,5
2,0,1,5,50001,True,195,False,10,0.9934033938368589,0.8202243512496352,0.24638839240477733,0.16061193981222727,0.49967939701383524,1.1967374035545317,0.2342712147975257,1.5222091186692233e-05,4,2,0.6324555320336759,2500,OLS_iid,iid,False,5
2,0,1,23,230001,True,182,False,10,0.9021557841548206,0.7665832000784576,0.10995048533992181,0.09099796468950366,0.17761452448032122,0.7241068769704546,0.7644611744004408,1.917063756131338e-05,4,2,0.6324555320336759,2500,OLS_iid,iid,False,5
2,0,1,14,140001,True,183,False,10,0.8728853444469148,0.7999564693309367,0.2930527370461859,0.192401138304657,0.6109662276112963,0.8233385036434848,0.7222382044758101,2.061931749640085e-05,4,2,0.6324555320336759,2500,OLS_iid,iid,False,5
2,0,1,15,150001,True,203,False,10,0.1806147704263652,0.7965059611015022,0.14890401909113568,0.10980632325251866,0.23122196768900555,0.513233580331439,0.8894503918323622,2.2087698659224675e-05,4,2,0.6324555320336759,2500,OLS_iid,iid,False,5
1,8,8001,25,250001,True,301,False,10,0.9640498941685419,1.0658838427625597,0.14384474716371942,0.12446449985243074,0.22213449040041464,0.8568435902754534,0.7023300458976198,1.6565919192099397e-05,4,2,0.6324555320336759,2500,OLS_iid,iid,False,5
2,1,1001,4,40001,True,184,False,10,0.3466522338941456,0.7291417350061238,0.16751274346626255,0.12566202412327065,0.29397355748276616,0.5276091389251132,0.8811704177293476,2.6354442725221483e-05,4,2,0.6324555320336759,2500,OLS_iid,iid,False,5
2,1,1001,3,30001,True,175,False,10,0.7071611505325205,0.7362618800252676,0.07658968650371335,0.05645933910146416,0.14322026044641614,0.554081796422772,0.8598065771135182,2.349036608714316e-05,4,2,0.6324555320336759,2500,OLS_iid,iid,False,5
1,3,3001,22,220001,True,524,False,10,0.986162397461813,1.8961197519674897,0.10747834775487072,0.08781096175954428,0.18784694962230056,0.7891811067511475,0.7237772448109672,8.610219070634672e-06,4,2,0.6324555320336759,2500,OLS_iid,iid,False,5
2,1,1001,0,1,True,172,False,10,0.44510652836134684,0.7500931131653488,0.12584130900018092,0.08712926534190925,0.22739713207847012,0.5202906170874327,0.8833080198012991,3.062396911141575e-05,4,2,0.6324555320336759,2500,OLS_iid,iid,False,5
2,0,1,28,280001,True,184,False,10,0.8819881615161684,0.7621725369244814,0.20104491925927268,0.12488004223096712,0.40845173991081773,0.7845129617658058,0.7422402306424313,2.0067345798904657e-05,4,2,0.6324555320336759,2500,OLS_iid,iid,False,5
2,0,1,17,170001,True,194,False,10,0.9996446800254156,0.8187107210978866,0.30464422729551116,0.19292609143743772,0.3591420845239207,1.092418025455622,0.4671619245966846,1.4886681565382543e-05,4,2,0.6324555320336759,2500,OLS_iid,iid,False,5
2,1,1001,1,10001,True,184,False,10,0.6221004727722926,0.767239854671061,0.18036103253489721,0.11962816427921488,0.347994425330818,0.6013911947470845,0.8484583638958612,2.436759328482282e-05,4,2,0.6324555320336759,2500,OLS_iid,iid,False,5
2,1,1001,6,60001,True,188,False,10,0.9200871760451376,0.7508530891500413,0.2632965266823863,0.15647554328218538,0.3081357640680372,0.8598672240935529,0.6822984211904528,1.8463133545854553e-05,4,2,0.6324555320336759,2500,OLS_iid,iid,False,5
2,1,1001,13,130001,True,169,False,10,0.2367916216497513,0.6909655360504985,0.04187878823221145,0.03461967690259381,0.06830981321314378,0.4534692624022262,0.9102076876736565,3.105889002322815e-05,4,2,0.6324555320336759,2500,OLS_iid,iid,False,5
2,0,1,0,1,True,170,False,10,0.44510652836134684,0.9273374867625535,0.036438086118388176,0.0282174102175922,0.052737953164945846,0.4736318780062606,0.9001208392484714,2.825053521146807e-05,4,2,0.6324555320336759,2500,OLS_iid,iid,False,5
2,0,1,26,260001,True,198,False,10,0.4735088292242298,0.8286766679957509,0.1476862885553046,0.09993418228897089,0.2722948865464191,1.0166194911084885,0.4513011952572097,1.9845808547182953e-05,4,2,0.6324555320336759,2500,OLS_iid,iid,False,5
2,1,1001,11,110001,True,182,False,10,0.7613339377993895,0.7235555909574032,0.10121840850876136,0.06824331194796955,0.1805872508426197,1.0156625521645937,0.4381918496154167,2.303818699600206e-05,4,2,0.6324555320336759,2500,OLS_iid,iid,False,5
1,9,9001,5,50001,True,312,False,10,0.9934033938368589,1.0880994740873575,0.07080462855076587,0.05350050725506148,0.10317809223797711,0.83258272063458,0.6892667213912534,1.5750263724611204e-05,4,2,0.6324555320336759,2500,OLS_iid,iid,False,5
2,1,1001,10,100001,True,179,False,10,0.8639774470823087,0.7516805632039905,0.156623355088856,0.09450283042201334,0.31562120111875225,0.7131685167065048,0.7769814322057584,2.3619188029805222e-05,4,2,0.6324555320336759,2500,OLS_iid,iid,False,5
2,1,1001,7,70001,True,186,False,10,0.9491554521740491,0.7817202243022621,0.12447647216894187,0.0954162559914011,0.22770399569512237,1.1410243842907755,0.37677536739384215,1.622084618431524e-05,4,2,0.6324555320336759,2500,OLS_iid,iid,False,5
2,1,1001,21,210001,True,195,False,10,0.9056174432032106,0.663542129099369,0.49703111457037763,0.3888541809971181,0.7613423751047506,1.4923217935354849,0.5394477563039404,2.1645749785832322e-05,4,2,0.6324555320336759,2500,OLS_iid,iid,False,5
2,1,1001,15,150001,True,169,False,10,0.1806147704263652,0.7049622079357505,0.015967788517000918,0.013736311654087603,0.02418627402636939,0.456271150551788,0.9092591935433731,2.979450186546701e-05,4,2,0.6324555320336759,2500,OLS_iid,iid,False,5
2,1,1001,12,120001,True,181,False,10,0.27077198247902334,0.7545121558941901,0.07731527605644768,0.05619435211885873,0.1418549523869425,0.9388993196402322,0.4476077013617187,2.8347956689100995e-05,4,2,0.6324555320336759,2500,OLS_iid,iid,False,5
2,1,1001,5,50001,True,197,False,10,0.9934033938368589,0.8232323219999671,0.36196765948870585,0.20954266215014083,0.809198675858383,1.079392291883269,0.4860579296422503,1.3531279318206402e-05,4,2,0.6324555320336759,2500,OLS_iid,iid,False,5
2,1,1001,8,80001,True,177,False,10,0.535687505016201,0.8020000760443509,0.10815323650554252,0.07610499873032323,0.20009841024912328,0.525242854436063,0.8805933511353684,2.6444513727113234e-05,4,2,0.6324555320336759,2500,OLS_iid,iid,False,5
2,1,1001,25,250001,True,175,False,10,0.6034868273123968,0.6813764460384846,0.4942028809518052,0.4043603134574919,0.6874086100443904,1.2076582232428623,0.6349161259139094,3.025029167343617e-05,4,2,0.6324555320336759,2500,OLS_iid,iid,False,5
2,1,1001,16,160001,True,175,False,10,0.590565211088679,0.7241363069042563,0.056807699972747344,0.04625454921102183,0.10359684399525589,0.5200026304636471,0.87995947743323,2.504131235676371e-05,4,2,0.6324555320336759,2500,OLS_iid,iid,False,5
2,1,1001,19,190001,True,171,False,10,0.06457129572950791,0.7166414735838771,0.07624462424681083,0.06118692012388523,0.12644931145666724,0.4587910917264223,0.9079198058560118,3.0066106632434507e-05,4,2,0.6324555320336759,2500,OLS_iid,iid,False,5
2,1,1001,24,240001,True,180,False,10,0.43057353603620835,0.7090031830593944,0.37749699593497177,0.28035185639948773,0.6899400940876567,0.8523990506975656,0.7486275473030686,2.812638049997649e-05,4,2,0.6324555320336759,2500,OLS_iid,iid,False,5
0,9,9001,28,280001,True,542,False,10,0.9921831318901502,2.777901655063033,0.12993954762791218,0.12230099567056987,0.1721950713702504,0.9974807682780175,0.5948162819980976,9.118937238296224e-06,4,2,0.6324555320336759,2500,OLS_iid,iid,False,5
2,1,1001,26,260001,True,170,False,10,0.4735088292242298,0.700998233165592,0.039689738184066146,0.03490466053940425,0.06334127219158625,0.49874915166693834,0.8903572552087324,2.9127612029111084e-05,4,2,0.6324555320336759,2500,OLS_iid,iid,False,5
2,0,1,10,100001,True,180,False,10,0.8639774470823087,0.9598234910517931,0.0949364875699768,0.07262384825520413,0.16741910089789167,0.6792717697821224,0.798125112017851,1.923777587261079e-05,4,2,0.6324555320336759,2500,OLS_iid,iid,False,5
2,2,2001,0,1,True,173,False,10,0.44510652836134684,0.7222172189503908,0.078481854228829,0.053635231133778355,0.14978715734540943,0.4963513333182553,0.8910213793749526,2.5939975627154643e-05,4,2,0.6324555320336759,2500,OLS_iid,iid,False,5
2,1,1001,14,140001,True,191,False,10,0.8728853444469148,0.7996100508607924,0.4451600034459156,0.32107757127039355,1.047355292657425,1.0597963480884345,0.6130660419870186,2.11952742598027e-05,4,2,0.6324555320336759,2500,OLS_iid,iid,False,5
2,2,2001,2,20001,True,170,False,10,0.3016106488049307,0.7082131267525256,0.4359830999797867,0.3418108461952256,0.7961904529540899,1.193981257669948,0.36276530036528604,3.745404562562914e-05,4,2,0.6324555320336759,2500,OLS_iid,iid,False,5
2,1,1001,29,290001,True,172,False,10,0.4203658597554998,0.7340218950994313,0.49484701814660187,0.39917521539556655,0.8048609938141765,1.1820752851783913,0.6336051958889513,3.361738897716593e-05,4,2,0.6324555320336759,2500,OLS_iid,iid,False,5
2,1,1001,18,180001,True,180,False,10,0.8282907660537875,0.7838307810015976,0.09628604803936651,0.07227697613202123,0.17729029584402153,0.6406764463389027,0.8142693558451941,2.0282219451608442e-05,4,2,0.6324555320336759,2500,OLS_iid,iid,False,5
2,1,1001,20,200001,True,185,False,10,0.8989113757015645,0.7670086068101227,0.3497313956347721,0.22386670471021924,0.5081819186013963,0.9030327154015869,0.6604657258889605,2.1572728730852432e-05,4,2,0.6324555320336759,2500,OLS_iid,iid,False,5
1,9,9001,17,170001,True,322,False,10,0.9996446800254156,1.1441462798975408,0.18707887831211895,0.17178628054460005,0.25106304389497897,1.106978112313551,0.4595888232464729,1.0953718237848618e-05,4,2,0.6324555320336759,2500,OLS_iid,iid,False,5
2,1,1001,28,280001,True,181,False,10,0.8819881615161684,0.7525167991407216,0.10666008433384981,0.0861038070320933,0.16031049071606104,0.7198931110155291,0.7680161859264145,2.142614109124899e-05,4,2,0.6324555320336759,2500,OLS_iid,iid,False,5
2,2,2001,3,30001,True,176,False,10,0.7071611505325205,0.7224189080297947,0.46241197940047957,0.3550009680714775,0.8617793311257614,1.0782579515281379,0.6556152950631924,3.208496744752259e-05,4,2,0.6324555320336759,2500,OLS_iid,iid,False,5
2,1,1001,23,230001,True,184,False,10,0.9021557841548206,0.7836969909258187,0.11598264127288453,0.0886028934358783,0.21766442481997295,0.7268721563105783,0.7612933619144331,1.700792732875063e-05,4,2,0.6324555320336759,2500,OLS_iid,iid,False,5
2,2,2001,8,80001,True,173,False,10,0.535687505016201,0.697461184579879,0.05899363494452767,0.035396357306469124,0.11693806156855376,0.4929027155618262,0.8920333120266393,2.8387348308687554e-05,4,2,0.6324555320336759,2500,OLS_iid,iid,False,5
2,2,2001,1,10001,True,175,False,10,0.6221004727722926,0.7412755093537271,0.16310396884407494,0.10915446744745787,0.3104067599666044,0.5939346294695065,0.8520455047001467,2.588446648522672e-05,4,2,0.6324555320336759,2500,OLS_iid,iid,False,5
2,0,1,9,90001,True,182,False,10,0.7371033529120893,1.038111838977784,0.14849239158690555,0.0982981899495611,0.29329228497681153,0.6088599689215544,0.8386230532817788,2.279494597038098e-05,4,2,0.6324555320336759,2500,OLS_iid,iid,False,5
1,9,9001,25,250001,True,322,False,10,0.9640498941685419,1.1359359719790518,0.06138175827369133,0.05724533483880588,0.09510115837621047,0.8319737293135159,0.7174933618638827,1.6632720903755927e-05,4,2,0.6324555320336759,2500,OLS_iid,iid,False,5
2,1,1001,27,270001,True,185,False,10,0.04416950633781381,0.7804868021048605,0.14655588832734515,0.1156332453789975,0.20965490752433244,0.5016659170871689,0.8939453500993613,2.6316815550591788e-05,4,2,0.6324555320336759,2500,OLS_iid,iid,False,5
2,1,1001,9,90001,True,183,False,10,0.7371033529120893,0.9269836880266666,0.12497287055404223,0.11448258433291957,0.16182161149327154,1.0520538183241985,0.424939198385031,2.142385321277751e-05,4,2,0.6324555320336759,2500,OLS_iid,iid,False,5
2,2,2001,14,140001,True,181,False,10,0.8728853444469148,0.7053926452063024,0.110182544549636,0.07850845470302377,0.2060332144544216,0.7033474500085473,0.7856673123952131,1.823716962887727e-05,4,2,0.6324555320336759,2500,OLS_iid,iid,False,5
2,2,2001,11,110001,True,175,False,10,0.7613339377993895,0.728998155798763,0.08090356862339064,0.055637006790532476,0.15484062610419985,0.5996203567806219,0.8430322753376238,2.5887899060884932e-05,4,2,0.6324555320336759,2500,OLS_iid,iid,False,5
2,2,2001,12,120001,True,177,False,10,0.27077198247902334,0.7395962500013411,0.3980926195798274,0.30748467463583523,0.6721338162887578,0.8625449107309282,0.7545766966938122,3.4915039899316314e-05,4,2,0.6324555320336759,2500,OLS_iid,iid,False,5
2,2,2001,20,200001,True,184,False,10,0.8989113757015645,0.7151606231927872,0.3565461182840048,0.23141455377362113,0.5244977121928815,0.9193350112889485,0.6568828270260916,2.3021108736589616e-05,4,2,0.6324555320336759,2500,OLS_iid,iid,False,5
2,2,2001,22,220001,True,170,False,10,0.10447079867692424,0.7068321658298373,0.05499782029815066,0.04096327059080267,0.08114691200708549,0.454421201347672,0.911729923920181,3.071083093963926e-05,4,2,0.6324555320336759,2500,OLS_iid,iid,False,5
2,2,2001,9,90001,True,179,False,10,0.7371033529120893,0.7482775850221515,0.2654406506641675,0.224902941775928,0.4725509958372691,1.1336983042128788,0.3971924535047651,2.9114990805129903e-05,4,2,0.6324555320336759,2500,OLS_iid,iid,False,5
2,2,2001,6,60001,True,185,False,10,0.9200871760451376,0.7791062514297664,0.1298734639288355,0.09283127198133928,0.24108947105448353,0.7569866552826094,0.7428733506044305,1.755325568460817e-05,4,2,0.6324555320336759,2500,OLS_iid,iid,False,5
2,1,1001,22,220001,True,214,False,10,0.10447079867692424,0.8595650540664792,0.23594220470429206,0.17281867520852406,0.3454455155167716,0.5940305913003012,0.8596946982505257,1.9218109447276726e-05,4,2,0.6324555320336759,2500,OLS_iid,iid,False,5
2,2,2001,4,40001,True,170,False,10,0.3466522338941456,0.8123579206876457,0.10792218293831252,0.07625750707233926,0.20061510059697255,0.4910823614711911,0.8941904863278483,3.115122708449941e-05,4,2,0.6324555320336759,2500,OLS_iid,iid,False,5
2,2,2001,7,70001,True,189,False,10,0.9491554521740491,0.793014382943511,0.41982824272447383,0.27948060779172,0.9865799619252468,1.043505195808071,0.5769377164271108,1.9442601213506742e-05,4,2,0.6324555320336759,2500,OLS_iid,iid,False,5
2,2,2001,24,240001,True,177,False,10,0.43057353603620835,0.7358456733636558,0.08432980863962429,0.060844780360124105,0.16000102838417546,0.4987718338617725,0.893758899867855,2.6258713420221663e-05,4,2,0.6324555320336759,2500,OLS_iid,iid,False,5
2,2,2001,16,160001,True,185,False,10,0.590565211088679,0.7615839913487434,0.1578665641559532,0.13658574264590542,0.23676280198309338,1.0481311442039754,0.43475855715592077,2.2268037497510272e-05,4,2,0.6324555320336759,2500,OLS_iid,iid,False,5
2,2,2001,27,270001,True,172,False,10,0.04416950633781381,0.7238001991063356,0.0875934946049809,0.07849486854180306,0.1193901373263387,0.4667668045808247,0.9043184572874439,3.243326381897741e-05,4,2,0.6324555320336759,2500,OLS_iid,iid,False,5
2,2,2001,18,180001,True,184,False,10,0.8282907660537875,0.7654936956241727,0.3730135457738862,0.256368795704241,0.4588757831161595,0.8736864972267744,0.6949264223934194,2.3066043322809864e-05,4,2,0.6324555320336759,2500,OLS_iid,iid,False,5
1,8,8001,24,240001,True,386,False,10,0.9962664992602762,1.3883346309885383,0.09596243036119043,0.08780539955355088,0.11654061624592824,0.8395195039496368,0.6987280046671244,1.4137768888885344e-05,4,2,0.6324555320336759,2500,OLS_iid,iid,False,5
2,2,2001,23,230001,True,183,False,10,0.9021557841548206,0.7536981608718634,0.1229813968115714,0.09090774843307886,0.23449056375490326,0.7161206501053273,0.7686597785675072,1.881019577807553e-05,4,2,0.6324555320336759,2500,OLS_iid,iid,False,5
2,2,2001,5,50001,True,189,False,10,0.9934033938368589,0.8437250126153231,0.18260869481179134,0.1394213000886862,0.24323467142276184,0.9654150187267196,0.5852416434512262,1.6718743757136128e-05,4,2,0.6324555320336759,2500,OLS_iid,iid,False,5
2,3,3001,0,1,True,170,False,10,0.44510652836134684,0.7158555090427399,0.0390530690826611,0.029050895527005807,0.058476023768787494,0.47206895616248046,0.9009204651242793,2.7871998493782052e-05,4,2,0.6324555320336759,2500,OLS_iid,iid,False,5
2,2,2001,26,260001,True,176,False,10,0.4735088292242298,0.7434586649760604,0.31659706483332173,0.27887815192748555,0.45096279816735463,1.1607801380145075,0.3950534792416538,3.111159091081869e-05,4,2,0.6324555320336759,2500,OLS_iid,iid,False,5
2,2,2001,19,190001,True,190,False,10,0.06457129572950791,0.7815100960433483,0.11544299467931095,0.09078126853017077,0.17775654375448138,0.47791673631129983,0.9012317915977344,2.2182541568142344e-05,4,2,0.6324555320336759,2500,OLS_iid,iid,False,5
2,3,3001,2,20001,True,169,False,10,0.3016106488049307,0.6996842613443732,0.07988337749157871,0.06523192075324069,0.13808351085320159,0.4699201468753428,0.9043510383561348,3.055654795388194e-05,4,2,0.6324555320336759,2500,OLS_iid,iid,False,5
2,2,2001,15,150001,True,191,False,10,0.1806147704263652,0.7912488537840545,0.3043874437090885,0.24848399140735775,0.547867549698455,1.0855777964729838,0.3929131144437337,2.7218870642329186e-05,4,2,0.6324555320336759,2500,OLS_iid,iid,False,5
2,3,3001,8,80001,True,171,False,10,0.535687505016201,0.656260784715414,0.04971887123284052,0.031214228975884342,0.09715760667189766,0.49727758185421184,0.8891427419793061,2.7094295070344472e-05,4,2,0.6324555320336759,2500,OLS_iid,iid,False,5
2,3,3001,4,40001,True,169,False,10,0.3466522338941456,0.7031743186526,0.4978205865373228,0.3943979278178591,0.9727482560574023,1.1872394756325697,0.6478739264185966,3.864288150938448e-05,4,2,0.6324555320336759,2500,OLS_iid,iid,False,5
2,2,2001,21,210001,True,192,False,10,0.9056174432032106,0.7973205158486962,0.4834970428412607,0.3661771501508895,0.7754701832827873,1.269773738523679,0.5560661602477484,2.2147717977293653e-05,4,2,0.6324555320336759,2500,OLS_iid,iid,False,5
2,2,2001,25,250001,True,173,False,10,0.6034868273123968,0.7998379496857524,0.04594913871416827,0.03728991405064317,0.07830001885258578,0.5177230859210624,0.8812899966094003,2.6971231311425224e-05,4,2,0.6324555320336759,2500,OLS_iid,iid,False,5
2,2,2001,28,280001,True,185,False,10,0.8819881615161684,0.7700021881610155,0.2706802884646729,0.17532245100456367,0.5602228739778287,0.8275548061741369,0.7190114556492493,1.9233130095817806e-05,4,2,0.6324555320336759,2500,OLS_iid,iid,False,5
2,3,3001,3,30001,True,188,False,10,0.7071611505325205,0.7455295519903302,0.279901399572609,0.21870516574935384,0.5237877923800816,1.1618172752957747,0.39742283911415666,2.256065287935259e-05,4,2,0.6324555320336759,2500,OLS_iid,iid,False,5
2,2,2001,29,290001,True,191,False,10,0.4203658597554998,0.7854823009110987,0.13034632313522265,0.10914923801539839,0.20612323239152935,0.9813937962072525,0.4625695555829487,2.5594525629312126e-05,4,2,0.6324555320336759,2500,OLS_iid,iid,False,5
1,3,3001,19,190001,True,630,False,10,0.9587959305027193,2.286536091938615,0.16745172929944876,0.1407954388347652,0.24960566361905953,0.8449787162452463,0.6985313277527342,6.303484314810162e-06,4,2,0.6324555320336759,2500,OLS_iid,iid,False,5
2,3,3001,1,10001,True,190,False,10,0.6221004727722926,0.786476984154433,0.2922326707978287,0.2043389482487193,0.5758516391292026,0.7016633309619652,0.8058324340760338,2.4060518149180334e-05,4,2,0.6324555320336759,2500,OLS_iid,iid,False,5
2,3,3001,6,60001,True,183,False,10,0.9200871760451376,0.7523534190841019,0.3093709910473205,0.19549355302825977,0.6593105487212737,0.9030273044348194,0.6547501142406504,2.241036706468201e-05,4,2,0.6324555320336759,2500,OLS_iid,iid,False,5
2,3,3001,7,70001,True,192,False,10,0.9491554521740491,0.7896883538924158,0.4713406006427157,0.44988409194461565,1.0602616014782198,1.206121988429651,0.5409170324420758,1.9555995607813763e-05,4,2,0.6324555320336759,2500,OLS_iid,iid,False,5
2,3,3001,10,100001,True,181,False,10,0.8639774470823087,0.7371353949420154,0.10755605846236034,0.07002544817560999,0.20967475355990872,0.6936851153958394,0.7871818493723124,1.8744202296659085e-05,4,2,0.6324555320336759,2500,OLS_iid,iid,False,5
1,9,9001,4,40001,True,387,False,10,0.9001462387762448,1.5029249391518533,0.08709866474566577,0.06594956367090206,0.13376268976291622,0.7992845321355849,0.7267996052336504,1.5926543294886465e-05,4,2,0.6324555320336759,2500,OLS_iid,iid,False,5
2,2,2001,17,170001,True,206,False,10,0.9996446800254156,0.9347729790024459,0.49873615521650233,0.41167091042603843,1.1308585721359956,3.868959845256002,0.35941033760208596,1.8540166566247518e-05,4,2,0.6324555320336759,2500,OLS_iid,iid,False,5
2,3,3001,11,110001,True,176,False,10,0.7613339377993895,0.7365430979989469,0.06404918934969527,0.052441518811627785,0.09503938535220677,0.9995488285873608,0.444048879104786,2.2015717079929105e-05,4,2,0.6324555320336759,2500,OLS_iid,iid,False,5
2,3,3001,9,90001,True,176,False,10,0.7371033529120893,0.7589519382454455,0.09713021325244268,0.06709736447756649,0.18726167317748957,0.5656618615187361,0.8578592106862015,2.4014531472543865e-05,4,2,0.6324555320336759,2500,OLS_iid,iid,False,5
2,3,3001,5,50001,True,189,False,10,0.9934033938368589,0.8372060339897871,0.32386122255517297,0.19376167574336017,0.7016908260921493,1.045780648696142,0.5183197365841755,1.60175695618713e-05,4,2,0.6324555320336759,2500,OLS_iid,iid,False,5
2,2,2001,10,100001,True,182,False,10,0.8639774470823087,0.9893371248617768,0.11042544157348609,0.07363392598939944,0.21070347186434885,0.6741934575154844,0.80068356533435,1.8711011534493176e-05,4,2,0.6324555320336759,2500,OLS_iid,iid,False,5
2,3,3001,13,130001,True,174,False,10,0.2367916216497513,0.701885337010026,0.046253196888178194,0.04266309821298182,0.06327931978180894,0.45407752486501163,0.9082032574886256,2.8205829256377564e-05,4,2,0.6324555320336759,2500,OLS_iid,iid,False,5
1,6,6001,15,150001,True,525,False,10,0.9370639838269078,1.9176699863746762,0.204302805306214,0.18038616965740398,0.26581594432353467,0.8651334650504299,0.6894294975140106,8.640075260972281e-06,4,2,0.6324555320336759,2500,OLS_iid,iid,False,5
2,3,3001,22,220001,True,168,False,10,0.10447079867692424,0.6447322871536016,0.08422212538948247,0.06217483464816345,0.12552220276471895,0.45707931175596545,0.9077853612940219,3.167315888748456e-05,4,2,0.6324555320336759,2500,OLS_iid,iid,False,5
2,2,2001,13,130001,True,216,False,10,0.2367916216497513,1.0272556873969734,0.20543255190114537,0.1546285760866081,0.3252269069828744,0.5656066333539823,0.8697955501890121,1.8053051091886538e-05,4,2,0.6324555320336759,2500,OLS_iid,iid,False,5
2,7,7001,7,70001,True,19,False,10,0.9491554521740491,0.08495040470734239,0.4752955969545316,0.344634487329987,0.656855462737769,0.9817644983542186,0.538610519776777,0.2791424014332493,4,2,0.6324555320336759,2500,OLS_iid,iid,False,5
2,3,3001,15,150001,True,174,False,10,0.1806147704263652,0.7222971790470183,0.10250675659185235,0.07724837255031873,0.1614705578502522,0.48058933207148824,0.8994084941226588,2.9111568886904306e-05,4,2,0.6324555320336759,2500,OLS_iid,iid,False,5
2,3,3001,16,160001,True,185,False,10,0.590565211088679,0.7173413489945233,0.16859182270472886,0.12526941167744574,0.3134947603765176,0.5907086833676263,0.8544922687323662,2.125900793144074e-05,4,2,0.6324555320336759,2500,OLS_iid,iid,False,5
2,3,3001,14,140001,True,186,False,10,0.8728853444469148,0.7785426741465926,0.42785566913860346,0.3034026598117694,0.9861314049053148,1.0175621387949838,0.6217038297874724,2.15198249079286e-05,4,2,0.6324555320336759,2500,OLS_iid,iid,False,5
2,3,3001,27,270001,True,168,False,10,0.04416950633781381,0.6914366027340293,0.023339502516496777,0.02242993948159351,0.031249271171874787,0.45360594045654856,0.9079567312747513,3.0226051961875807e-05,4,2,0.6324555320336759,2500,OLS_iid,iid,False,5
2,3,3001,12,120001,True,169,False,10,0.27077198247902334,0.8559770057909191,0.06219738218191476,0.04798073574329291,0.11110535677476696,0.46914934923629814,0.9037833232767328,2.9151789527152348e-05,4,2,0.6324555320336759,2500,OLS_iid,iid,False,5
2,3,3001,21,210001,True,180,False,10,0.9056174432032106,0.7465606448240578,0.11763730148854612,0.08837701765209166,0.17587833333248865,0.7021891107615764,0.7702788075249837,1.9405493025681978e-05,4,2,0.6324555320336759,2500,OLS_iid,iid,False,5
2,3,3001,20,200001,True,180,False,10,0.8989113757015645,0.7460359688848257,0.18800740725776258,0.10256388436968925,0.3850374250068327,0.7741953118505159,0.7408266144704376,1.9709267991374142e-05,4,2,0.6324555320336759,2500,OLS_iid,iid,False,5
2,3,3001,26,260001,True,175,False,10,0.4735088292242298,0.723235921934247,0.1397659765957034,0.10031139857565474,0.2597578414686245,0.5236406154324396,0.8831427654099936,2.8257581296593083e-05,4,2,0.6324555320336759,2500,OLS_iid,iid,False,5
2,4,4001,0,1,True,171,False,10,0.44510652836134684,0.7125841598026454,0.05554880039684257,0.033063788552979666,0.11030417895802337,0.47744020829896583,0.8986760263993157,2.5345908507154248e-05,4,2,0.6324555320336759,2500,OLS_iid,iid,False,5
2,3,3001,29,290001,True,170,False,10,0.4203658597554998,0.7156990603543818,0.036434193966918056,0.033975517584897516,0.04700742625748464,0.48358582537189687,0.8980148077535862,2.8323861732794144e-05,4,2,0.6324555320336759,2500,OLS_iid,iid,False,5
2,4,4001,27,270001,True,170,False,10,0.04416950633781381,0.6142499991692603,0.043650691096509105,0.04210665670870549,0.05538702449887749,0.4522882393373284,0.9095402039322429,2.7045425205373914e-05,4,2,0.6324555320336759,2500,OLS_iid,iid,False,5
2,3,3001,23,230001,True,181,False,10,0.9021557841548206,0.7588515491224825,0.1121529794255261,0.08446195948651136,0.2066823301266617,0.7261156938262008,0.7589820763448747,1.8935352935257982e-05,4,2,0.6324555320336759,2500,OLS_iid,iid,False,5
2,3,3001,19,190001,True,193,False,10,0.06457129572950791,0.7890326669439673,0.30839855313761855,0.23292206033551882,0.46594347062598396,0.6946469795280548,0.8218854224350545,2.4885588137756575e-05,4,2,0.6324555320336759,2500,OLS_iid,iid,False,5
2,4,4001,1,10001,True,177,False,10,0.6221004727722926,0.7292179646901786,0.329903998535894,0.22738133544196004,0.6605825530863351,0.752531459166035,0.7815081526959342,2.703563101831278e-05,4,2,0.6324555320336759,2500,OLS_iid,iid,False,5
2,4,4001,2,20001,True,169,False,10,0.3016106488049307,0.7363917087204754,0.06518724690714171,0.058510622475946364,0.10302567150347518,0.46519259669743074,0.9053394104976169,2.786601773103532e-05,4,2,0.6324555320336759,2500,OLS_iid,iid,False,5
1,3,3001,13,130001,True,715,False,10,0.9184985308293767,2.5956134740263224,0.5028595262238594,0.3784989104482533,0.6086648099491828,0.8854071251367267,0.5334988432846274,4.56365230634144e-06,4,2,0.6324555320336759,2500,OLS_iid,iid,False,5
2,3,3001,17,170001,True,189,False,10,0.9996446800254156,0.8166507938876748,0.20907514821801998,0.14982858486044343,0.23061496694375225,1.05143875104884,0.5213616312576488,1.3563231374797941e-05,4,2,0.6324555320336759,2500,OLS_iid,iid,False,5
2,4,4001,4,40001,True,167,False,10,0.3466522338941456,0.7290290170349181,0.45805016022638795,0.35206510965646115,0.8561074562428761,1.0323256003987882,0.6904589300179363,3.924357947696415e-05,4,2,0.6324555320336759,2500,OLS_iid,iid,False,5
2,4,4001,8,80001,True,175,False,10,0.535687505016201,0.7268289886415005,0.057854878675932864,0.03629616733727947,0.11447259781758086,0.49072960454855,0.8942720752400287,2.2993821738266755e-05,4,2,0.6324555320336759,2500,OLS_iid,iid,False,5
2,4,4001,15,150001,True,172,False,10,0.1806147704263652,0.7109133908525109,0.0734734098757261,0.05928032153279225,0.11356744771549974,0.47436083116580235,0.9038270592631381,3.229757835244388e-05,4,2,0.6324555320336759,2500,OLS_iid,iid,False,5
2,3,3001,28,280001,True,184,False,10,0.8819881615161684,0.7729413099586964,0.1582322529858238,0.09711056119309473,0.3188879152946953,0.7491749137649193,0.7580354638524958,1.7964157035856347e-05,4,2,0.6324555320336759,2500,OLS_iid,iid,False,5
2,4,4001,9,90001,True,175,False,10,0.7371033529120893,0.7309019141830504,0.08099744964558063,0.05482659962766214,0.15542897766003122,0.5740564961241899,0.8547814936819402,2.2233099495206967e-05,4,2,0.6324555320336759,2500,OLS_iid,iid,False,5
2,5,5001,5,50001,True,209,False,10,0.9934033938368589,0.6138030719012022,0.4992312833418112,0.39702723993058897,0.7991653560618184,3.072647008018415,0.41630422461702243,1.694744773804278e-05,4,2,0.6324555320336759,2500,OLS_iid,iid,False,5
2,4,4001,11,110001,True,176,False,10,0.7613339377993895,0.7354241656139493,0.07149446192501434,0.05564747911071248,0.11147712368538633,1.0072573954780242,0.43939976360586236,2.2325470411157e-05,4,2,0.6324555320336759,2500,OLS_iid,iid,False,5
2,4,4001,13,130001,True,167,False,10,0.2367916216497513,0.7402009447105229,0.033332724913838714,0.025619642848001004,0.047404379988987874,0.4462029990250982,0.9140757257730248,3.124526372770775e-05,4,2,0.6324555320336759,2500,OLS_iid,iid,False,5
2,4,4001,20,200001,True,182,False,10,0.8989113757015645,0.7261885539628565,0.2609771872855726,0.16014858642333513,0.542712551137501,0.8334384008792498,0.7045774335595445,1.942003852705998e-05,4,2,0.6324555320336759,2500,OLS_iid,iid,False,5
2,4,4001,6,60001,True,186,False,10,0.9200871760451376,0.7750707250088453,0.41335245550769445,0.2798129037832082,0.7604222616271321,0.9971232525682403,0.6123197029761726,2.192382645593468e-05,4,2,0.6324555320336759,2500,OLS_iid,iid,False,5
2,4,4001,16,160001,True,179,False,10,0.590565211088679,0.7401771359145641,0.17083195287912256,0.1312492861391042,0.31271504108416265,0.5809079503342462,0.8576442325100352,2.1155595934196094e-05,4,2,0.6324555320336759,2500,OLS_iid,iid,False,5
2,4,4001,5,50001,True,189,False,10,0.9934033938368589,0.7864469639025629,0.2835808130945611,0.17557442524414005,0.5966344536306916,1.0070844196442867,0.5488166350960761,1.6369503615072234e-05,4,2,0.6324555320336759,2500,OLS_iid,iid,False,5
2,4,4001,10,100001,True,181,False,10,0.8639774470823087,0.7679043309763074,0.10864258390906892,0.06545615759781355,0.2152297596298095,0.6963017651795763,0.7878394530066657,1.9154942447588462e-05,4,2,0.6324555320336759,2500,OLS_iid,iid,False,5
2,4,4001,14,140001,True,183,False,10,0.8728853444469148,0.7627087142318487,0.45512185272999633,0.32990452549038174,1.086264315890144,1.104994432635586,0.599313495681616,2.3613606342811107e-05,4,2,0.6324555320336759,2500,OLS_iid,iid,False,5
2,3,3001,25,250001,True,204,False,10,0.6034868273123968,0.8508764477446675,0.3017435584411252,0.21812275497790196,0.5825167734436032,0.7166863096601943,0.8001359533960726,1.9405792527990854e-05,4,2,0.6324555320336759,2500,OLS_iid,iid,False,5
2,4,4001,21,210001,True,181,False,10,0.9056174432032106,0.7563572442159057,0.11212012563097884,0.08453525885543939,0.1875368958651959,0.7028682715850529,0.7690971598119148,1.866189830934408e-05,4,2,0.6324555320336759,2500,OLS_iid,iid,False,5
2,4,4001,7,70001,True,195,False,10,0.9491554521740491,0.8034334783442318,0.48928310934852276,0.3711059799268569,0.7545097355440838,1.4729896552250592,0.5285387792655132,1.7981259597516605e-05,4,2,0.6324555320336759,2500,OLS_iid,iid,False,5
2,4,4001,29,290001,True,172,False,10,0.4203658597554998,0.7149055860936642,0.06042075435132845,0.04647628537385998,0.1040899161269153,0.9284443113835229,0.4697608974244204,2.726389519389283e-05,4,2,0.6324555320336759,2500,OLS_iid,iid,False,5
2,4,4001,12,120001,True,169,False,10,0.27077198247902334,0.7904066289775074,0.041133129102543305,0.03429937581822758,0.0686530521399374,0.4526035911146319,0.909280797464105,3.045462847520376e-05,4,2,0.6324555320336759,2500,OLS_iid,iid,False,5
2,4,4001,3,30001,True,197,False,10,0.7071611505325205,0.8220381997525692,0.2017734590019382,0.13492734391845257,0.39748572364648993,0.6431802982026129,0.8262554804026067,1.8551099288240297e-05,4,2,0.6324555320336759,2500,OLS_iid,iid,False,5
2,4,4001,18,180001,True,180,False,10,0.8282907660537875,0.7687205360271037,0.2093977575022867,0.12992338722377794,0.42726672064704824,0.6996004166981178,0.7826115703272251,1.9743442748487457e-05,4,2,0.6324555320336759,2500,OLS_iid,iid,False,5
2,3,3001,18,180001,True,183,False,10,0.8282907660537875,0.9056402831338346,0.2338740197202655,0.15137106505959386,0.47352719197248266,0.7300152807872391,0.7715003997881261,2.1319608750946438e-05,4,2,0.6324555320336759,2500,OLS_iid,iid,False,5
2,4,4001,26,260001,True,177,False,10,0.4735088292242298,0.7419677851721644,0.0922447849755317,0.06237014532854211,0.1791073855898126,0.5046037078984968,0.8880276835904759,2.336223788261476e-05,4,2,0.6324555320336759,2500,OLS_iid,iid,False,5
2,6,6001,6,60001,True,187,False,10,0.9200871760451376,0.5065881381742656,0.2168997123375923,0.12136076785304746,0.4480647847544899,0.8268218317132587,0.7038583596206094,2.0078483277519667e-05,4,2,0.6324555320336759,2500,OLS_iid,iid,False,5
2,5,5001,0,1,True,171,False,10,0.44510652836134684,0.7126450790092349,0.4974310303859133,0.39427107382564747,1.024835015898757,1.1999691829048094,0.6428502556740568,3.668059108840208e-05,4,2,0.6324555320336759,2500,OLS_iid,iid,False,5
2,4,4001,22,220001,True,177,False,10,0.10447079867692424,0.7698841588571668,0.07512296970329416,0.060929477835406115,0.10777260568533993,0.45682025162161133,0.9096538627300378,2.733142510541241e-05,4,2,0.6324555320336759,2500,OLS_iid,iid,False,5
2,5,5001,2,20001,True,171,False,10,0.3016106488049307,0.7075942009687424,0.4765186501160353,0.40929198945355094,0.6626180182739276,1.2709075234439644,0.34346321049734935,3.679615373474625e-05,4,2,0.6324555320336759,2500,OLS_iid,iid,False,5
2,5,5001,4,40001,True,170,False,10,0.3466522338941456,0.7026016828604043,0.06599193094730814,0.043081088953223594,0.1260223624803505,0.9351656540682232,0.4582531213363724,3.220809013412078e-05,4,2,0.6324555320336759,2500,OLS_iid,iid,False,5
2,4,4001,25,250001,True,185,False,10,0.6034868273123968,0.7673894348554313,0.3325598982928304,0.2358775210045273,0.648192514672178,0.7502488075524312,0.7849636974553849,2.6543826306377583e-05,4,2,0.6324555320336759,2500,OLS_iid,iid,False,5
2,4,4001,17,170001,True,191,False,10,0.9996446800254156,0.8074752218089998,0.20666575102612303,0.14920522093826916,0.27415276979033304,1.0405566549683725,0.5280094724103119,1.3325483103520325e-05,4,2,0.6324555320336759,2500,OLS_iid,iid,False,5
2,5,5001,8,80001,True,172,False,10,0.535687505016201,0.7078540693037212,0.4860056207679091,0.37547579367373723,0.8369833812482926,1.169180193072159,0.6580677180851399,3.391872558434305e-05,4,2,0.6324555320336759,2500,OLS_iid,iid,False,5
2,5,5001,3,30001,True,176,False,10,0.7071611505325205,0.7274927059188485,0.07410976779558111,0.04992351553146279,0.14344421029501933,0.5571793786306117,0.8593933767091593,2.171904421476179e-05,4,2,0.6324555320336759,2500,OLS_iid,iid,False,5
2,4,4001,28,280001,True,183,False,10,0.8819881615161684,0.7616967302747071,0.13496572268802082,0.0904167029786465,0.26604772023058176,0.7520834435841424,0.7565539468882658,1.9275333495385768e-05,4,2,0.6324555320336759,2500,OLS_iid,iid,False,5
2,4,4001,24,240001,True,177,False,10,0.43057353603620835,0.8127149692736566,0.09526698712533853,0.0658384989496235,0.1796372854199054,0.9670090398747078,0.45220512837549237,2.4256978995101037e-05,4,2,0.6324555320336759,2500,OLS_iid,iid,False,5
2,5,5001,1,10001,True,186,False,10,0.6221004727722926,0.7640006761066616,0.20112016248542472,0.14139368702702348,0.38475399141823174,0.6209191353481773,0.8391533208278965,2.215577512895864e-05,4,2,0.6324555320336759,2500,OLS_iid,iid,False,5
2,4,4001,19,190001,True,199,False,10,0.06457129572950791,0.8289670157246292,0.2169872485704419,0.1689643230550572,0.34004812315614996,0.5795480423197806,0.8629316651528364,2.1706327975038653e-05,4,2,0.6324555320336759,2500,OLS_iid,iid,False,5
2,3,3001,24,240001,True,175,False,10,0.43057353603620835,0.9437503628432751,0.07091123591761628,0.04713369566943162,0.13928294012428416,0.4997142119492076,0.8899746554067225,2.505781535422018e-05,4,2,0.6324555320336759,2500,OLS_iid,iid,False,5
2,5,5001,27,270001,True,180,False,10,0.04416950633781381,0.6375000830739737,0.3387412092135258,0.2655017895679457,0.5121083724604308,0.7475060439799088,0.8013111698812136,3.3587607598480307e-05,4,2,0.6324555320336759,2500,OLS_iid,iid,False,5
2,5,5001,7,70001,True,183,False,10,0.9491554521740491,0.7547964840196073,0.10553319931246694,0.0921641492963258,0.16926082054281205,1.1231846338244755,0.36398552340744816,1.7036677208042963e-05,4,2,0.6324555320336759,2500,OLS_iid,iid,False,5
2,5,5001,6,60001,True,184,False,10,0.9200871760451376,0.7584799202159047,0.1212735821005395,0.08859892426713044,0.22863087250701197,0.7768069409514008,0.7299382318827008,1.7945276436482786e-05,4,2,0.6324555320336759,2500,OLS_iid,iid,False,5
2,5,5001,15,150001,True,189,False,10,0.1806147704263652,0.736615277826786,0.24495072502259968,0.1949748412367206,0.4187989332819613,1.0291302511833127,0.41615414808829626,2.6905051350350517e-05,4,2,0.6324555320336759,2500,OLS_iid,iid,False,5
2,5,5001,11,110001,True,185,False,10,0.7613339377993895,0.7656489750370383,0.43815495975655805,0.31646166612697796,0.8887241385614304,0.9650912829144648,0.6868649854222255,2.7021387235075122e-05,4,2,0.6324555320336759,2500,OLS_iid,iid,False,5
2,5,5001,12,120001,True,183,False,10,0.27077198247902334,0.7529490762390196,0.40340915196034866,0.3076345206675525,0.6954045991276891,0.8840222224818606,0.7450788305747313,3.110300178998142e-05,4,2,0.6324555320336759,2500,OLS_iid,iid,False,5
2,5,5001,19,190001,True,173,False,10,0.06457129572950791,0.7155874911695719,0.02461545492857933,0.02055173574777976,0.04015897553075532,0.45223920856114386,0.9097860869838144,2.9314033771936508e-05,4,2,0.6324555320336759,2500,OLS_iid,iid,False,5
2,5,5001,10,100001,True,191,False,10,0.8639774470823087,0.7916050017811358,0.39262328005665587,0.26347578297445384,0.8755470513990713,1.1631284218441698,0.29890862698429604,1.814687211121269e-05,4,2,0.6324555320336759,2500,OLS_iid,iid,False,5
2,6,6001,12,120001,True,204,False,10,0.27077198247902334,0.611398106906563,0.17443604016025852,0.1297649768817788,0.296191898462899,0.5256556537915953,0.8827507058603421,2.0751944358920864e-05,4,2,0.6324555320336759,2500,OLS_iid,iid,False,5
2,5,5001,25,250001,True,173,False,10,0.6034868273123968,0.71927241794765,0.044165449718029715,0.03593448022735529,0.06167654630434234,0.49997150065655616,0.8890321740784206,2.569236535088742e-05,4,2,0.6324555320336759,2500,OLS_iid,iid,False,5
2,6,6001,7,70001,True,201,False,10,0.9491554521740491,0.6675250330008566,0.49786373696254266,0.39715159761087093,0.8755414814828749,1.842128015139799,0.4964552058348449,1.9569516776196483e-05,4,2,0.6324555320336759,2500,OLS_iid,iid,False,5
2,5,5001,14,140001,True,184,False,10,0.8728853444469148,0.7987591470591724,0.10640983392065163,0.0790141938851151,0.19565141214328016,0.7106380446711223,0.7765031249341033,1.633320815581403e-05,4,2,0.6324555320336759,2500,OLS_iid,iid,False,5
2,6,6001,3,30001,True,183,False,10,0.7071611505325205,0.7063880190253258,0.4408600562645298,0.3196284949559022,0.5129235345323424,0.9811164457220469,0.684932469677813,2.6282639074094127e-05,4,2,0.6324555320336759,2500,OLS_iid,iid,False,5
2,5,5001,20,200001,True,184,False,10,0.8989113757015645,0.7636867379769683,0.13272140597918425,0.08201018360761267,0.2589980068697458,1.093077993232274,0.393967586958887,1.6522073467743654e-05,4,2,0.6324555320336759,2500,OLS_iid,iid,False,5
2,5,5001,16,160001,True,173,False,10,0.590565211088679,0.7984161777421832,0.4630677174884652,0.3578925717579515,0.7725515465318362,1.369142895876593,0.2994916908509546,3.102217875905062e-05,4,2,0.6324555320336759,2500,OLS_iid,iid,False,5
2,5,5001,26,260001,True,180,False,10,0.4735088292242298,0.7428639191202819,0.09290500970838299,0.06651140136826093,0.17423563484926471,0.507537285853254,0.8844456345133165,2.0842750194616475e-05,4,2,0.6324555320336759,2500,OLS_iid,iid,False,5
2,5,5001,22,220001,True,189,False,10,0.10447079867692424,0.7772157131694257,0.13906789156371785,0.10469494011686795,0.22591178263632186,0.9518638667484869,0.45756003847991805,2.3190521003246774e-05,4,2,0.6324555320336759,2500,OLS_iid,iid,False,5
2,5,5001,23,230001,True,188,False,10,0.9021557841548206,0.7748196078464389,0.4132738054894347,0.28005069885538497,0.6713975045626027,0.9711554168687383,0.633475296676313,2.2729426510274214e-05,4,2,0.6324555320336759,2500,OLS_iid,iid,False,5
2,6,6001,4,40001,True,175,False,10,0.3466522338941456,0.7178317960351706,0.1625415377675205,0.12029472659863039,0.283129097467742,0.5221912060257135,0.8873743449732752,2.889306302147993e-05,4,2,0.6324555320336759,2500,OLS_iid,iid,False,5
2,5,5001,24,240001,True,182,False,10,0.43057353603620835,0.7743248408660293,0.10997401724102163,0.07947058666766832,0.19596738293883506,0.5169155239008878,0.8852553343786425,2.5938864348003e-05,4,2,0.6324555320336759,2500,OLS_iid,iid,False,5
2,6,6001,0,1,True,174,False,10,0.44510652836134684,0.7499419944360852,0.06411330860245955,0.04151153535511999,0.12348739381750203,0.4850933079179328,0.8972708775527021,2.719954993795467e-05,4,2,0.6324555320336759,2500,OLS_iid,iid,False,5
2,6,6001,1,10001,True,181,False,10,0.6221004727722926,0.7498616250231862,0.18243333977689472,0.12217552828150936,0.3487739153524492,0.6305011851582047,0.8331680025024641,2.3332196427967627e-05,4,2,0.6324555320336759,2500,OLS_iid,iid,False,5
2,5,5001,13,130001,True,198,False,10,0.2367916216497513,0.8403200753964484,0.1705801330767304,0.13254590073271233,0.282083943224415,0.5190151709228386,0.8852622965949332,2.208711015668964e-05,4,2,0.6324555320336759,2500,OLS_iid,iid,False,5
2,6,6001,8,80001,True,173,False,10,0.535687505016201,0.7112944973632693,0.03794909639938601,0.026768595623588198,0.07313023706785413,0.49320016717855086,0.8919421352210681,2.3937033618081193e-05,4,2,0.6324555320336759,2500,OLS_iid,iid,False,5
2,5,5001,17,170001,True,196,False,10,0.9996446800254156,0.8060248112305999,0.38665806102627237,0.23639531881743478,0.3693276093712386,1.133182832439674,0.43447439719979786,1.476520069789391e-05,4,2,0.6324555320336759,2500,OLS_iid,iid,False,5
2,5,5001,28,280001,True,184,False,10,0.8819881615161684,0.770375934895128,0.1837111917403945,0.10438737018669637,0.37386512860179855,0.7431246657499493,0.7562601004504883,1.8888062110461027e-05,4,2,0.6324555320336759,2500,OLS_iid,iid,False,5
2,6,6001,9,90001,True,176,False,10,0.7371033529120893,0.7298863301984966,0.4492874431245557,0.3490234187432427,0.7912939576647952,1.5347098133561259,0.3535528144946014,2.9888048799440792e-05,4,2,0.6324555320336759,2500,OLS_iid,iid,False,5
3,0,1,0,1,True,17,False,10,0.0,0.030260988976806402,0.010031439853018808,0.008293484047607583,0.016352233184324383,0.40088754131029625,0.9168546081399201,0.2282143828342175,4,2,0.6324555320336759,2500,OLS_iid,iid,False,5
1,9,9001,0,1,True,580,False,10,0.9824268093821419,2.0580936507321894,0.1575130563253243,0.11143830946025379,0.21194987880010932,0.8344199032180195,0.6978076488783967,5.575305267836049e-06,4,2,0.6324555320336759,2500,OLS_iid,iid,False,5
3,0,1,1,10001,True,18,False,10,0.0,0.03280083276331425,0.009194461530945218,0.00817582755945536,0.015025593021044063,0.4175814039227563,0.9097074170356879,0.21060178525872753,4,2,0.6324555320336759,2500,OLS_iid,iid,False,5
3,0,1,5,50001,True,17,False,10,0.0,0.03024252876639366,0.012410337625700178,0.008973518820876238,0.022934744833005453,0.395162130507857,0.9188883048141037,0.23039012915443954,4,2,0.6324555320336759,2500,OLS_iid,iid,False,5
3,0,1,4,40001,True,17,False,10,0.0,0.031839000061154366,0.0230955534714916,0.019577775902470826,0.03686082008966404,0.4055090843372988,0.9145290034271683,0.23054920711223112,4,2,0.6324555320336759,2500,OLS_iid,iid,False,5
2,6,6001,2,20001,True,185,False,10,0.3016106488049307,0.7759246211498976,0.34653851144013686,0.26475332691128084,0.5920327874436493,1.0791586000772033,0.424519919752206,2.941943118392286e-05,4,2,0.6324555320336759,2500,OLS_iid,iid,False,5
2,6,6001,22,220001,True,167,False,10,0.10447079867692424,0.6845101858489215,0.01319556544897059,0.011846060398760853,0.019773604205495933,0.45542943701549654,0.9098135998326078,3.120365484366755e-05,4,2,0.6324555320336759,2500,OLS_iid,iid,False,5
3,0,1,3,30001,True,25,False,10,0.0,0.043337666895240545,0.013353002990394363,0.010451587630656707,0.023500597892880472,0.39391969796035387,0.9201750555249154,0.2261782834451228,4,2,0.6324555320336759,2500,OLS_iid,iid,False,5
3,0,1,6,60001,True,24,False,10,0.0,0.04093335196375847,0.015799298518569194,0.013573500039340644,0.027571228890675068,0.3919511540181922,0.9201839388137331,0.2400679906603312,4,2,0.6324555320336759,2500,OLS_iid,iid,False,5
2,6,6001,11,110001,True,178,False,10,0.7613339377993895,0.7361379312351346,0.08329320377341547,0.06158980541943101,0.1569795695769571,0.6059991785639959,0.8400412743971426,2.210463141518294e-05,4,2,0.6324555320336759,2500,OLS_iid,iid,False,5
3,0,1,8,80001,True,17,False,10,0.0,0.03379031689837575,0.010531855417046777,0.009115153903258637,0.016087910457987336,0.39308147324432613,0.9204086561457182,0.2176706683642059,4,2,0.6324555320336759,2500,OLS_iid,iid,False,5
3,0,1,2,20001,True,34,False,10,0.0,0.05693691223859787,0.012621886617656149,0.00925624294572681,0.021532005428007175,0.39535056277295855,0.9196860212044705,0.23243255853370712,4,2,0.6324555320336759,2500,OLS_iid,iid,False,5
2,6,6001,5,50001,True,187,False,10,0.9934033938368589,0.771387048996985,0.15540026682818783,0.13549357851697216,0.26194544425462185,1.2016817505561432,0.294893069918326,1.6460313580131993e-05,4,2,0.6324555320336759,2500,OLS_iid,iid,False,5
3,0,1,7,70001,True,27,False,10,0.0,0.04732047161087394,0.01185640644870408,0.01157328377723007,0.015577874283026684,0.3934620474798267,0.9202807394304277,0.21834204174855049,4,2,0.6324555320336759,2500,OLS_iid,iid,False,5
3,0,1,10,100001,True,17,False,10,0.0,0.031341342721134424,0.014326750103043897,0.012690333549258982,0.020165490020861473,0.4092230184729185,0.9134295161364095,0.22670855200577333,4,2,0.6324555320336759,2500,OLS_iid,iid,False,5
2,6,6001,10,100001,True,180,False,10,0.8639774470823087,0.7531947838142514,0.10737872578121802,0.07309134128837023,0.1938495072706628,0.6852184090869573,0.7934930887056917,1.9675570369198998e-05,4,2,0.6324555320336759,2500,OLS_iid,iid,False,5
2,6,6001,16,160001,True,176,False,10,0.590565211088679,0.7237392589449883,0.28538204728852645,0.249343837584592,0.42310847819266056,1.1492574618722124,0.3987655412959935,2.8501778028911927e-05,4,2,0.6324555320336759,2500,OLS_iid,iid,False,5
3,0,1,12,120001,True,17,False,10,0.0,0.03018637979403138,0.019995383091718513,0.016996136053547422,0.030257940674650766,0.4131807226231385,0.9117690883966786,0.23682026104458756,4,2,0.6324555320336759,2500,OLS_iid,iid,False,5
3,0,1,11,110001,True,17,False,10,0.0,0.030786816030740738,0.010635858193963047,0.008572460440376765,0.017978988035708073,0.39174725684797035,0.920965937637374,0.226032209626329,4,2,0.6324555320336759,2500,OLS_iid,iid,False,5
3,0,1,9,90001,True,21,False,10,0.0,0.03675849875435233,0.027005495991923336,0.02427498015253682,0.03973852331996828,0.3909379417595512,0.9211797645035488,0.2268675839539139,4,2,0.6324555320336759,2500,OLS_iid,iid,False,5
2,6,6001,25,250001,True,177,False,10,0.6034868273123968,0.7045355108566582,0.07282225838245245,0.04788578220229232,0.14226910265064008,0.5277314608077157,0.8781915710473256,2.4409707361601056e-05,4,2,0.6324555320336759,2500,OLS_iid,iid,False,5
3,0,1,14,140001,True,17,False,10,0.0,0.03152485191822052,0.017841593676966416,0.014896651993430998,0.028695877653132165,0.4104499769049523,0.9124177954902781,0.2342211777503486,4,2,0.6324555320336759,2500,OLS_iid,iid,False,5
2,6,6001,24,240001,True,172,False,10,0.43057353603620835,0.7111820178106427,0.05692231378039834,0.037798717028547105,0.11041394454959243,0.5006379136197215,0.8903582422701172,2.5863624778046217e-05,4,2,0.6324555320336759,2500,OLS_iid,iid,False,5
3,0,1,13,130001,True,19,False,10,0.0,0.033815667033195496,0.01694773676584186,0.014378301103170975,0.024457460133169327,0.40808991514144777,0.9134274216358136,0.2318516011996041,4,2,0.6324555320336759,2500,OLS_iid,iid,False,5
2,6,6001,14,140001,True,182,False,10,0.8728853444469148,0.7456071609631181,0.1375362110958753,0.08053593946157747,0.2769128022179676,0.7308338125857223,0.7620208748563959,2.035347371438542e-05,4,2,0.6324555320336759,2500,OLS_iid,iid,False,5
2,6,6001,15,150001,True,168,False,10,0.1806147704263652,0.7438748832792044,0.4768747610507713,0.4151427383257055,0.9283579889992402,1.1048933455576764,0.6722910986024612,3.8320519726929705e-05,4,2,0.6324555320336759,2500,OLS_iid,iid,False,5
3,0,1,16,160001,True,19,False,10,0.0,0.03411061502993107,0.024910117373369466,0.022998796458282893,0.03578962082532871,0.4123848651562374,0.9117101541117436,0.22107840881808133,4,2,0.6324555320336759,2500,OLS_iid,iid,False,5
2,6,6001,27,270001,True,171,False,10,0.04416950633781381,0.7023449949920177,0.03860757834104858,0.03752050724621547,0.05289940845172428,0.4538958688830568,0.9100646558841464,2.9286409694936637e-05,4,2,0.6324555320336759,2500,OLS_iid,iid,False,5
3,0,1,17,170001,True,18,False,10,0.0,0.032581754960119724,0.011220334691064157,0.010065340045673953,0.014623735321028722,0.41271980541762937,0.9116937201415007,0.23211366413420373,4,2,0.6324555320336759,2500,OLS_iid,iid,False,5
3,0,1,18,180001,True,18,False,10,0.0,0.03456611232832074,0.007319401496008226,0.006155253824754895,0.012517172125740645,0.3970297929213086,0.9186013032286732,0.2207469771690423,4,2,0.6324555320336759,2500,OLS_iid,iid,False,5
2,5,5001,9,90001,True,188,False,10,0.7371033529120893,0.9566654111258686,0.28475276480039846,0.20067974407408776,0.568840291468667,0.7442090322393511,0.7760233078669592,2.3040286748562913e-05,4,2,0.6324555320336759,2500,OLS_iid,iid,False,5
3,0,1,15,150001,True,30,False,10,0.0,0.050678601022809744,0.012616618657124455,0.009754130547511737,0.0232445298308809,0.4106087218598001,0.9126816742955522,0.22379324512018756,4,2,0.6324555320336759,2500,OLS_iid,iid,False,5
3,0,1,22,220001,True,17,False,10,0.0,0.030588157009333372,0.00786776434051578,0.006136879232667877,0.013818354267722021,0.40338940291223674,0.9159762782445175,0.23657584011615718,4,2,0.6324555320336759,2500,OLS_iid,iid,False,5
3,0,1,19,190001,True,18,False,10,0.0,0.03378288773819804,0.021764179229761798,0.020221738510668445,0.029232940543513775,0.4055987261449138,0.9147868999495232,0.22263274944669492,4,2,0.6324555320336759,2500,OLS_iid,iid,False,5
3,0,1,23,230001,True,17,False,10,0.0,0.030641396064311266,0.020089862357472118,0.018052634372608217,0.026833501462549918,0.39377879840924124,0.9199864368643451,0.23599768332427212,4,2,0.6324555320336759,2500,OLS_iid,iid,False,5
3,0,1,25,250001,True,18,False,10,0.0,0.03190833888947964,0.02352385952311863,0.021705348846845076,0.03028783058134591,0.3881626464785035,0.9220061357888116,0.21910148298868598,4,2,0.6324555320336759,2500,OLS_iid,iid,False,5
3,0,1,26,260001,True,17,False,10,0.0,0.030191559810191393,0.019917531207407455,0.01724655947995339,0.02750777575339488,0.41090862262922573,0.912706275899949,0.24084174782834733,4,2,0.6324555320336759,2500,OLS_iid,iid,False,5
3,0,1,21,210001,True,21,False,10,0.0,0.036576729733496904,0.011002506642057928,0.009131526914923704,0.01713928482505543,0.3928946699090549,0.9207482547275888,0.21936264265988953,4,2,0.6324555320336759,2500,OLS_iid,iid,False,5
3,0,1,28,280001,True,18,False,10,0.0,0.03175009926781058,0.01590911578976715,0.012513684965121763,0.023849780973188156,0.427485510510737,0.9050060845351537,0.2303639861254001,4,2,0.6324555320336759,2500,OLS_iid,iid,False,5
3,0,1,27,270001,True,18,False,10,0.0,0.032224786933511496,0.016110044462160075,0.01474021524383614,0.023460445110721706,0.40619923289409204,0.9142028851991326,0.21650285174232917,4,2,0.6324555320336759,2500,OLS_iid,iid,False,5
3,0,1,24,240001,True,18,False,10,0.0,0.03517673909664154,0.01686269560034896,0.013754723829884012,0.02961375474666687,0.4081444086623646,0.9152805802602444,0.21491561610665513,4,2,0.6324555320336759,2500,OLS_iid,iid,False,5
2,6,6001,20,200001,True,184,False,10,0.8989113757015645,0.7527707759290934,0.11942533687238972,0.09103837126085851,0.22278705018760267,0.7177392568455425,0.7709854850344755,1.655504641404624e-05,4,2,0.6324555320336759,2500,OLS_iid,iid,False,5
3,0,1,20,200001,True,25,False,10,0.0,0.04287107987329364,0.009354679626661616,0.007398279417864949,0.014042342015443769,0.3930242597513131,0.920005601427932,0.22674723046058515,4,2,0.6324555320336759,2500,OLS_iid,iid,False,5
3,1,1001,1,10001,True,17,False,10,0.0,0.03024572040885687,0.015299676988437351,0.014738669293853483,0.019518902993725062,0.4063637827676864,0.9147323339399672,0.2339236873696369,4,2,0.6324555320336759,2500,OLS_iid,iid,False,5
3,1,1001,2,20001,True,17,False,10,0.0,0.030666726641356945,0.012151139995412454,0.011395503099594192,0.015885340250994986,0.4020159951949595,0.9169097621148382,0.22972615220532608,4,2,0.6324555320336759,2500,OLS_iid,iid,False,5
3,1,1001,0,1,True,18,False,10,0.0,0.03258394403383136,0.009412028788223484,0.008080402346579042,0.01502340917089845,0.40325166415392333,0.9153693892737255,0.22774851066052998,4,2,0.6324555320336759,2500,OLS_iid,iid,False,5
3,0,1,29,290001,True,18,False,10,0.0,0.033308770041912794,0.038690041670695736,0.02591870741881708,0.04450213437180028,0.375758199562496,0.9276363218969573,0.21982249161038753,4,2,0.6324555320336759,2500,OLS_iid,iid,False,5
3,1,1001,3,30001,True,17,False,10,0.0,0.030924075283110142,0.006138297558128518,0.004995134871610015,0.010843930955213799,0.3948604374914218,0.9195224436007083,0.22936844081287908,4,2,0.6324555320336759,2500,OLS_iid,iid,False,5
2,6,6001,23,230001,True,183,False,10,0.9021557841548206,0.7557717873714864,0.13106898388968524,0.0969475715251175,0.24968064203312523,0.7253389005753064,0.7674708894170656,1.893869267144331e-05,4,2,0.6324555320336759,2500,OLS_iid,iid,False,5
2,6,6001,18,180001,True,187,False,10,0.8282907660537875,0.7666541491635144,0.2833292351472341,0.18201662092605095,0.46442849027121835,0.7679500907675645,0.7472074264010641,2.34032820086093e-05,4,2,0.6324555320336759,2500,OLS_iid,iid,False,5
2,6,6001,13,130001,True,188,False,10,0.2367916216497513,0.7830965551547706,0.10047623329508343,0.07875689407523659,0.16275949917878155,0.47374120632747363,0.9020641991366574,2.7079422401586927e-05,4,2,0.6324555320336759,2500,OLS_iid,iid,False,5
3,1,1001,7,70001,True,17,False,10,0.0,0.03013789001852274,0.011613112254196832,0.008989117158293786,0.017658788185695787,0.39831833568124675,0.9183358981146681,0.21659013353184528,4,2,0.6324555320336759,2500,OLS_iid,iid,False,5
3,1,1001,6,60001,True,17,False,10,0.0,0.030120959971100092,0.015586724200138867,0.013329867981574713,0.024729868941979198,0.41203767987385476,0.9122815191404667,0.22053883913156752,4,2,0.6324555320336759,2500,OLS_iid,iid,False,5
3,1,1001,8,80001,True,18,False,10,0.0,0.03178936988115311,0.006643964261574994,0.006019269700258699,0.00869586030282632,0.39791493866897776,0.9176927610380817,0.236685044601843,4,2,0.6324555320336759,2500,OLS_iid,iid,False,5
3,1,1001,5,50001,True,22,False,10,0.0,0.03886810503900051,0.009456008255625327,0.008827432613199123,0.012709868860115096,0.3945975772629517,0.9195519374476956,0.22572874107964944,4,2,0.6324555320336759,2500,OLS_iid,iid,False,5
2,7,7001,0,1,True,171,False,10,0.44510652836134684,0.7161829569377005,0.06598072747125455,0.04110902999167533,0.1301454426693889,0.4844359743860902,0.8968886027137524,2.949427334105408e-05,4,2,0.6324555320336759,2500,OLS_iid,iid,False,5
3,1,1001,9,90001,True,17,False,10,0.0,0.032744043972343206,0.017414256770129144,0.014491528093061421,0.024391165505581347,0.384864258384971,0.9233333622979785,0.22689610167953775,4,2,0.6324555320336759,2500,OLS_iid,iid,False,5
3,1,1001,13,130001,True,17,False,10,0.0,0.030575978104025126,0.012258728907287535,0.010358115028675646,0.018382399641069646,0.40950503151566287,0.91303778393207,0.2315930510251409,4,2,0.6324555320336759,2500,OLS_iid,iid,False,5
3,1,1001,11,110001,True,18,False,10,0.0,0.03243862511590123,0.0024867069900747995,0.002111054748803726,0.004375639650193476,0.3962427065819096,0.9200183034870715,0.21728892507551514,4,2,0.6324555320336759,2500,OLS_iid,iid,False,5
3,1,1001,12,120001,True,18,False,10,0.0,0.03230592701584101,0.026856391982771954,0.020262540487208526,0.042874008806906956,0.41167742362760595,0.9121121142780148,0.22945307583790772,4,2,0.6324555320336759,2500,OLS_iid,iid,False,5
2,6,6001,21,210001,True,189,False,10,0.9056174432032106,0.7752398150041699,0.48923839931974483,0.37214973674817037,0.8362364424567231,1.3651345363734468,0.5676344479779281,2.294593836303579e-05,4,2,0.6324555320336759,2500,OLS_iid,iid,False,5
3,1,1001,15,150001,True,17,False,10,0.0,0.030532637145370245,0.012021016208642344,0.009578908770782315,0.02116924462165761,0.4094010631994255,0.9132785872615206,0.23953414745658402,4,2,0.6324555320336759,2500,OLS_iid,iid,False,5
3,1,1001,16,160001,True,17,False,10,0.0,0.03020356921479106,0.01600897760160494,0.010670039468123447,0.03050208012604665,0.4036507892471556,0.9161198297318641,0.22804664012220505,4,2,0.6324555320336759,2500,OLS_iid,iid,False,5
3,1,1001,17,170001,True,17,False,10,0.0,0.03069386724382639,0.007380048113210602,0.0060992538840529366,0.01276478318425228,0.4009237695185467,0.9164828923810756,0.23183584398353083,4,2,0.6324555320336759,2500,OLS_iid,iid,False,5
3,1,1001,20,200001,True,17,False,10,0.0,0.030230859760195017,0.010813093570743235,0.009265484587392282,0.01558970110592684,0.4011347840212896,0.9167744200991002,0.2234355004904766,4,2,0.6324555320336759,2500,OLS_iid,iid,False,5
3,1,1001,14,140001,True,20,False,10,0.0,0.03522346820682287,0.011138821975604443,0.009370085052111104,0.016276719579997507,0.4082012744245034,0.9135254697683746,0.23748384306496592,4,2,0.6324555320336759,2500,OLS_iid,iid,False,5
3,1,1001,18,180001,True,18,False,10,0.0,0.03228969685733318,0.007133265712652148,0.005379473151375177,0.01195131478476099,0.39457325574304297,0.9197632381558729,0.2198868000764283,4,2,0.6324555320336759,2500,OLS_iid,iid,False,5
3,1,1001,21,210001,True,17,False,10,0.0,0.03143188217654824,0.0068334094858207555,0.006426118055149935,0.010148820364456447,0.39007719765528714,0.9211161457663277,0.22697604820143832,4,2,0.6324555320336759,2500,OLS_iid,iid,False,5
3,1,1001,4,40001,True,31,False,10,0.0,0.05233277007937431,0.025726442416332318,0.023847035160193993,0.0335970597797657,0.40463880861494633,0.9151997806560348,0.2155163227832074,4,2,0.6324555320336759,2500,OLS_iid,iid,False,5
2,6,6001,29,290001,True,178,False,10,0.4203658597554998,0.7382296579889953,0.0892710809598505,0.07493583481707827,0.1530186735862766,0.48960466918524015,0.8956564369325783,2.7096940761451392e-05,4,2,0.6324555320336759,2500,OLS_iid,iid,False,5
3,1,1001,22,220001,True,18,False,10,0.0,0.031787939835339785,0.013856683756725736,0.011705930277340015,0.021453900869182044,0.397585741109486,0.9186364327461245,0.21955911546113785,4,2,0.6324555320336759,2500,OLS_iid,iid,False,5
3,1,1001,24,240001,True,17,False,10,0.0,0.03014125069603324,0.013300877881494746,0.011586596727698076,0.018107811937774124,0.4184217980891541,0.9094211502710493,0.21869556755148506,4,2,0.6324555320336759,2500,OLS_iid,iid,False,5
3,1,1001,10,100001,True,21,False,10,0.0,0.04421688104048371,0.008019041697548666,0.007290622326600537,0.012902231769832725,0.412972361309868,0.9119542672640417,0.21745964751261546,4,2,0.6324555320336759,2500,OLS_iid,iid,False,5
3,1,1001,25,250001,True,18,False,10,0.0,0.03215339779853821,0.017391918781908957,0.01545365827416981,0.028739304400098257,0.3822388374585783,0.924293491045236,0.21613903516940317,4,2,0.6324555320336759,2500,OLS_iid,iid,False,5
2,7,7001,2,20001,True,176,False,10,0.3016106488049307,0.7229552939534187,0.3976847516668543,0.3083592499329661,0.7049202072074198,1.1214783069471062,0.3898267970078338,3.3338272146204e-05,4,2,0.6324555320336759,2500,OLS_iid,iid,False,5
3,1,1001,28,280001,True,17,False,10,0.0,0.030434867832809687,0.014901750156120866,0.011608985354115739,0.026364939515241825,0.4312243380445367,0.9025853501316209,0.24784292345645767,4,2,0.6324555320336759,2500,OLS_iid,iid,False,5
3,1,1001,29,290001,True,17,False,10,0.0,0.030129519756883383,0.018792566775063024,0.01602648352272779,0.03042137814699149,0.3862825604504596,0.9235305721788204,0.2327002561383818,4,2,0.6324555320336759,2500,OLS_iid,iid,False,5
3,1,1001,27,270001,True,18,False,10,0.0,0.03194558899849653,0.021028843294140922,0.019156585262330796,0.0333845662029686,0.4056076756539676,0.9149256085815841,0.23795352858539237,4,2,0.6324555320336759,2500,OLS_iid,iid,False,5
3,1,1001,23,230001,True,24,False,10,0.0,0.04197039594873786,0.011058261625640017,0.008992420923149046,0.01840849343069612,0.38681870566612275,0.9227879835854104,0.22780651271460556,4,2,0.6324555320336759,2500,OLS_iid,iid,False,5
2,5,5001,21,210001,True,185,False,10,0.9056174432032106,0.9360803412273526,0.20531646910772192,0.12725595698444353,0.4190273930189946,1.1183175572317785,0.39548858379549845,1.8413674252388956e-05,4,2,0.6324555320336759,2500,OLS_iid,iid,False,5
2,7,7001,1,10001,True,177,False,10,0.6221004727722926,0.7331702103838325,0.09499405766734287,0.056109399657009625,0.18927263606138367,0.5557172358474414,0.8662607672034567,2.565615374889594e-05,4,2,0.6324555320336759,2500,OLS_iid,iid,False,5
3,2,2001,0,1,True,18,False,10,0.0,0.03220485709607601,0.012639076210034128,0.00975305699078275,0.0234647963865761,0.40029282508051856,0.9169370582406452,0.23023396189502104,4,2,0.6324555320336759,2500,OLS_iid,iid,False,5
2,4,4001,23,230001,True,183,False,10,0.9021557841548206,1.1072627427056432,0.11424782200347075,0.09137385653142455,0.19984964548376719,0.7167880026039266,0.7685796885282259,1.8794300383918673e-05,4,2,0.6324555320336759,2500,OLS_iid,iid,False,5
3,2,2001,4,40001,True,17,False,10,0.0,0.030258419923484325,0.025944413178735103,0.02031032753372472,0.04630489237086483,0.4020307761954369,0.9162358143620126,0.21293521018505107,4,2,0.6324555320336759,2500,OLS_iid,iid,False,5
3,2,2001,2,20001,True,18,False,10,0.0,0.03228282742202282,0.018345236565429798,0.01494320239989605,0.02936149808996126,0.41225548694474984,0.9118454395915685,0.22487795094905322,4,2,0.6324555320336759,2500,OLS_iid,iid,False,5
3,2,2001,3,30001,True,18,False,10,0.0,0.03221249720081687,0.017562823684775707,0.015333882696465644,0.02962914870625889,0.39858360292456474,0.9187168460877256,0.2145791574430812,4,2,0.6324555320336759,2500,OLS_iid,iid,False,5
2,6,6001,28,280001,True,184,False,10,0.8819881615161684,0.7634331989102066,0.18857937380952028,0.11422003042204938,0.3832911125533966,0.7906521604250412,0.7380388877501003,1.9949265730027732e-05,4,2,0.6324555320336759,2500,OLS_iid,iid,False,5
3,2,2001,5,50001,True,18,False,10,0.0,0.03289119293913245,0.016657796054485027,0.016246619896725666,0.020419049230922588,0.39475363104328093,0.9199504761492026,0.22836337770684575,4,2,0.6324555320336759,2500,OLS_iid,iid,False,5
3,2,2001,6,60001,True,18,False,10,0.0,0.0326657141558826,0.0201270892743466,0.016443954609657318,0.03626011698033871,0.40799241100409883,0.9143557341007019,0.2192881492727117,4,2,0.6324555320336759,2500,OLS_iid,iid,False,5
3,1,1001,19,190001,True,35,False,10,0.0,0.05900798784568906,0.026977633794406305,0.02194862484404943,0.04418877020836373,0.39882359490998537,0.9177819094321298,0.22418497913048072,4,2,0.6324555320336759,2500,OLS_iid,iid,False,5
3,2,2001,7,70001,True,18,False,10,0.0,0.03311874205246568,0.009181993120304082,0.008559221711818445,0.012166980329064382,0.390460145039713,0.9215475330648446,0.22545052557286577,4,2,0.6324555320336759,2500,OLS_iid,iid,False,5
3,2,2001,8,80001,True,18,False,10,0.0,0.03297303197905421,0.010123759622534097,0.0067146332579077145,0.0197434066833409,0.3951523373271201,0.9192395536920134,0.21938352702260772,4,2,0.6324555320336759,2500,OLS_iid,iid,False,5
3,2,2001,10,100001,True,18,False,10,0.0,0.03195596905425191,0.009363871640346362,0.009095958130998344,0.010954361928116675,0.4153732138624422,0.9105011035456518,0.2207697575753551,4,2,0.6324555320336759,2500,OLS_iid,iid,False,5
3,2,2001,9,90001,True,19,False,10,0.0,0.03470472106710076,0.026101457589079547,0.02404333359953678,0.038247290832462644,0.3921216689410802,0.9210339411982058,0.21562053363708392,4,2,0.6324555320336759,2500,OLS_iid,iid,False,5
3,1,1001,26,260001,True,31,False,10,0.0,0.05344683304429054,0.014807891487111195,0.012775020705848808,0.023906548702116857,0.40076987457645746,0.9167127861348711,0.22257610055650584,4,2,0.6324555320336759,2500,OLS_iid,iid,False,5
3,2,2001,11,110001,True,18,False,10,0.0,0.032100397162139416,0.01969666335684795,0.01611476778276458,0.03372463402193703,0.38684156368460204,0.9227057765294668,0.22949090776878328,4,2,0.6324555320336759,2500,OLS_iid,iid,False,5
3,2,2001,14,140001,True,17,False,10,0.0,0.030431427992880344,0.009736529177346142,0.009420499757117647,0.012938820102619207,0.41085368878177086,0.9119165548673803,0.22815152102592975,4,2,0.6324555320336759,2500,OLS_iid,iid,False,5
3,2,2001,13,130001,True,18,False,10,0.0,0.03178489999845624,0.009817593198475411,0.0068610787429811615,0.018787311791689958,0.4002706176252898,0.9168192162960335,0.22934375813143543,4,2,0.6324555320336759,2500,OLS_iid,iid,False,5
3,2,2001,12,120001,True,18,False,10,0.0,0.03356236778199673,0.01751952466569091,0.013236570024521917,0.03022491910210953,0.42387621052466323,0.9062155246398118,0.22709440794142502,4,2,0.6324555320336759,2500,OLS_iid,iid,False,5
3,2,2001,19,190001,True,18,False,10,0.0,0.03190239891409874,0.028394901168740078,0.028172057078374956,0.033291633146767974,0.40126427410252913,0.916817625964134,0.2221642586037341,4,2,0.6324555320336759,2500,OLS_iid,iid,False,5
3,2,2001,18,180001,True,18,False,10,0.0,0.032074637711048126,0.007678789943112428,0.0052624256841486555,0.014429555060509155,0.39253939298482,0.9202211922443208,0.23525422005636984,4,2,0.6324555320336759,2500,OLS_iid,iid,False,5
3,2,2001,20,200001,True,18,False,10,0.0,0.031690009869635105,0.014434591033367456,0.014037403470655827,0.019598440802605355,0.3963430840615541,0.9187289853622985,0.2217992941744294,4,2,0.6324555320336759,2500,OLS_iid,iid,False,5
2,6,6001,26,260001,True,193,False,10,0.4735088292242298,0.7953322981484234,0.20009770832666335,0.1740250167652393,0.2799257961111841,1.0578659212542627,0.438499480503136,2.18798829789694e-05,4,2,0.6324555320336759,2500,OLS_iid,iid,False,5
3,2,2001,15,150001,True,18,False,10,0.0,0.03418185515329242,0.015593724604656045,0.012545644156942872,0.022170774600906076,0.4008113871055037,0.9169196861957057,0.22458361326385512,4,2,0.6324555320336759,2500,OLS_iid,iid,False,5
3,2,2001,1,10001,True,31,False,10,0.0,0.05205114232376218,0.011477376964675493,0.010132042528535314,0.015969106560704643,0.4048293337400067,0.9153270733928485,0.21868972361179603,4,2,0.6324555320336759,2500,OLS_iid,iid,False,5
3,2,2001,22,220001,True,18,False,10,0.0,0.03220585687085986,0.010716306432837101,0.009021558408980522,0.015904608589494707,0.4062111451624314,0.9157180898700065,0.22541077891445502,4,2,0.6324555320336759,2500,OLS_iid,iid,False,5
3,2,2001,16,160001,True,21,False,10,0.0,0.036590758711099625,0.010377269329649233,0.010276535611294105,0.011871396740102935,0.40465993800038597,0.9151547156421115,0.2224400544862254,4,2,0.6324555320336759,2500,OLS_iid,iid,False,5
3,2,2001,23,230001,True,18,False,10,0.0,0.03194102877750993,0.017682015818088585,0.013130537999789513,0.03160754133189098,0.3930783370372188,0.9202287860448698,0.22102234898902534,4,2,0.6324555320336759,2500,OLS_iid,iid,False,5
3,2,2001,26,260001,True,17,False,10,0.0,0.030713707208633423,0.01963201491493798,0.017297369320451752,0.025764960904973322,0.4084727707928753,0.9130426123577399,0.23077942224163508,4,2,0.6324555320336759,2500,OLS_iid,iid,False,5
3,2,2001,21,210001,True,19,False,10,0.0,0.037078237161040306,0.01334677505925899,0.009576060821396854,0.02517140945438188,0.397072438850873,0.9184876835631829,0.2080777833156235,4,2,0.6324555320336759,2500,OLS_iid,iid,False,5
3,2,2001,25,250001,True,19,False,10,0.0,0.03324318025261164,0.016132461125858432,0.013938315078627386,0.025758575403652385,0.39012598964765893,0.9210199115649502,0.2191046117618997,4,2,0.6324555320336759,2500,OLS_iid,iid,False,5
3,2,2001,28,280001,True,17,False,10,0.0,0.03043405804783106,0.019823039058298013,0.01699726090619703,0.03454834658877538,0.43320213995260803,0.9036347207083735,0.22361439372422606,4,2,0.6324555320336759,2500,OLS_iid,iid,False,5
3,2,2001,27,270001,True,18,False,10,0.0,0.03323016967624426,0.020742061900652812,0.01620149615377056,0.03688467447144936,0.40478177572377877,0.9152170574750277,0.2334834703462109,4,2,0.6324555320336759,2500,OLS_iid,iid,False,5
3,3,3001,0,1,True,18,False,10,0.0,0.032130736857652664,0.010440372779382319,0.007647051922048483,0.017958375333666426,0.3996358066561212,0.9169055547306572,0.22898770054260523,4,2,0.6324555320336759,2500,OLS_iid,iid,False,5
3,2,2001,29,290001,True,19,False,10,0.0,0.03438698360696435,0.017613658257477575,0.01458607113178903,0.025107721176191287,0.3879077361720446,0.9221413799872352,0.22121652133321687,4,2,0.6324555320336759,2500,OLS_iid,iid,False,5
3,2,2001,24,240001,True,24,False,10,0.0,0.04099311213940382,0.014913420174000791,0.011368625739043276,0.02732201314532078,0.41516239543737604,0.9103957830578385,0.22945978185658755,4,2,0.6324555320336759,2500,OLS_iid,iid,False,5
3,3,3001,3,30001,True,18,False,10,0.0,0.031876040156930685,0.010143437953821667,0.009153164913897482,0.016498778901210986,0.40948969114106104,0.9134979766008776,0.22676495678766906,4,2,0.6324555320336759,2500,OLS_iid,iid,False,5
3,3,3001,2,20001,True,18,False,10,0.0,0.031710070092231035,0.015483387059463045,0.0146227249711277,0.02144287096192005,0.3947506324289098,0.9196566830217145,0.2205594392743381,4,2,0.6324555320336759,2500,OLS_iid,iid,False,5
3,2,2001,17,170001,True,27,False,10,0.0,0.055218671914190054,0.008265691846069184,0.007885158749077012,0.009607306824324773,0.41078801458910624,0.9132696877609547,0.21658726377416387,4,2,0.6324555320336759,2500,OLS_iid,iid,False,5
3,3,3001,4,40001,True,17,False,10,0.0,0.0350713194347918,0.022825857436574316,0.017123542684552982,0.04182697378005867,0.4068838983061734,0.9148355506599218,0.21636322070834613,4,2,0.6324555320336759,2500,OLS_iid,iid,False,5
3,3,3001,6,60001,True,18,False,10,0.0,0.032902942039072514,0.0201285829689047,0.018433696262530337,0.026569288069034684,0.40091234106187984,0.918330890125501,0.2233936845039651,4,2,0.6324555320336759,2500,OLS_iid,iid,False,5
3,3,3001,7,70001,True,18,False,10,0.0,0.033007051795721054,0.003913086025167945,0.0031558449863856265,0.006798647301134493,0.40148618165702393,0.9171472410645602,0.2251004686766763,4,2,0.6324555320336759,2500,OLS_iid,iid,False,5
3,3,3001,8,80001,True,18,False,10,0.0,0.03185014985501766,0.008008458594215865,0.006236523877654231,0.011783602278835563,0.3858114382610964,0.9234594498612078,0.23818148707743417,4,2,0.6324555320336759,2500,OLS_iid,iid,False,5
3,3,3001,9,90001,True,18,False,10,0.0,0.033155311830341816,0.012850402602956008,0.012159181480231129,0.01838115818799079,0.3945636884497531,0.9193877089562288,0.23258850888286126,4,2,0.6324555320336759,2500,OLS_iid,iid,False,5
3,3,3001,10,100001,True,18,False,10,0.0,0.03315259190276265,0.007425245582354688,0.007059265494239281,0.01001158040459157,0.4093869531635233,0.9134286712111406,0.22287958365947252,4,2,0.6324555320336759,2500,OLS_iid,iid,False,5
3,3,3001,11,110001,True,18,False,10,0.0,0.031901828944683075,0.014736591175482192,0.013038276525117631,0.021394104469765012,0.39202048697402553,0.9205958550010224,0.23174777916172562,4,2,0.6324555320336759,2500,OLS_iid,iid,False,5
3,3,3001,14,140001,True,17,False,10,0.0,0.03145509073510766,0.013447230389694241,0.011725742774107704,0.02270860404278506,0.40820744266783415,0.9137984828642838,0.23137680810111147,4,2,0.6324555320336759,2500,OLS_iid,iid,False,5
3,3,3001,13,130001,True,18,False,10,0.0,0.0323573756031692,0.01562433577953845,0.01211658293450409,0.025579673878676903,0.40097254088983336,0.9176337854856613,0.21183371363860806,4,2,0.6324555320336759,2500,OLS_iid,iid,False,5
3,3,3001,15,150001,True,18,False,10,0.0,0.03182893991470337,0.01079729815655091,0.009654923460196868,0.017754523046727526,0.4186863186580892,0.9093223253668543,0.2170944636096472,4,2,0.6324555320336759,2500,OLS_iid,iid,False,5
3,3,3001,16,160001,True,19,False,10,0.0,0.03342467872425914,0.01432463127772321,0.010931939694379247,0.026256525234396057,0.3962216100173309,0.9190274923063217,0.23591174001345408,4,2,0.6324555320336759,2500,OLS_iid,iid,False,5
3,3,3001,18,180001,True,17,False,10,0.0,0.030174280051141977,0.0070365571029560176,0.006221158254897149,0.00968331757598691,0.397818493693351,0.9179636869654888,0.22785534639369134,4,2,0.6324555320336759,2500,OLS_iid,iid,False,5
3,3,3001,19,190001,True,17,False,10,0.0,0.03027916932478547,0.027185825691273344,0.023506097916107173,0.0441490965789126,0.3969049847752885,0.9182838961022128,0.23849910185067857,4,2,0.6324555320336759,2500,OLS_iid,iid,False,5
3,3,3001,20,200001,True,18,False,10,0.0,0.03173196967691183,0.006581866114177249,0.0047598445947846565,0.012291588318641876,0.39065010203266504,0.9209027553011873,0.22255752510103338,4,2,0.6324555320336759,2500,OLS_iid,iid,False,5
3,3,3001,21,210001,True,18,False,10,0.0,0.031814780086278915,0.012389926309260536,0.010492092213652476,0.02088592034197443,0.39056277458155364,0.921361517611584,0.2185797069276543,4,2,0.6324555320336759,2500,OLS_iid,iid,False,5
3,3,3001,23,230001,True,18,False,10,0.0,0.03181102033704519,0.01935166083479704,0.014775328852773703,0.03488930825663982,0.3913022808989213,0.9206293794351149,0.22395675610341909,4,2,0.6324555320336759,2500,OLS_iid,iid,False,5
3,3,3001,12,120001,True,18,False,10,0.0,0.03836964908987284,0.01668029253370317,0.012824827687733905,0.030834765389215892,0.41428129627024846,0.9107771633208294,0.2295250734378156,4,2,0.6324555320336759,2500,OLS_iid,iid,False,5
3,3,3001,5,50001,True,18,False,10,0.0,0.04507976584136486,0.01412559975075643,0.012062218757850922,0.021491355864760656,0.397667322516775,0.9184711219137556,0.22935672651760733,4,2,0.6324555320336759,2500,OLS_iid,iid,False,5
3,3,3001,26,260001,True,17,False,10,0.0,0.030840545427054167,0.019742168854548357,0.015942589219357452,0.03008066307882043,0.40003801542991363,0.9173301316379786,0.2240193599113205,4,2,0.6324555320336759,2500,OLS_iid,iid,False,5
3,3,3001,1,10001,True,25,False,10,0.0,0.05420222785323858,0.01383673885655322,0.010728673400883541,0.025674611141843037,0.41573190579701286,0.9104104528882768,0.23053224418483714,4,2,0.6324555320336759,2500,OLS_iid,iid,False,5
2,7,7001,4,40001,True,178,False,10,0.3466522338941456,0.7645915416069329,0.1044359886138512,0.0696641211419512,0.2015711979375645,0.4773538612647006,0.8999362395849309,2.7721345533216546e-05,4,2,0.6324555320336759,2500,OLS_iid,iid,False,5
3,3,3001,17,170001,True,23,False,10,0.0,0.03942609205842018,0.014697487459408852,0.011102136002313811,0.024820739040882767,0.4204372684206487,0.9088927690157027,0.22341486019955686,4,2,0.6324555320336759,2500,OLS_iid,iid,False,5
3,3,3001,27,270001,True,17,False,10,0.0,0.030794546008110046,0.019964014733284616,0.014586984127114245,0.03815931882992842,0.3986385448232348,0.9178175651588311,0.2345365779094027,4,2,0.6324555320336759,2500,OLS_iid,iid,False,5
3,3,3001,28,280001,True,17,False,10,0.0,0.03085230616852641,0.012792109912697159,0.01115489155303868,0.019984172448052666,0.4190596166148074,0.909877065609882,0.2217960134148963,4,2,0.6324555320336759,2500,OLS_iid,iid,False,5
3,3,3001,22,220001,True,19,False,10,0.0,0.04144247900694609,0.002443954405963352,0.0018273925907712624,0.0035272093050229105,0.400903201662955,0.9167535123393488,0.23060027982728734,4,2,0.6324555320336759,2500,OLS_iid,iid,False,5
2,5,5001,29,290001,True,180,False,10,0.4203658597554998,0.9665059596300125,0.11440533939665447,0.09088758921887771,0.19407201203106397,0.5066061701240143,0.8881379234726965,2.7161862266396247e-05,4,2,0.6324555320336759,2500,OLS_iid,iid,False,5
3,4,4001,1,10001,True,17,False,10,0.0,0.03113637398928404,0.01623409739200789,0.013194753032939061,0.026229906617524338,0.40911207947085576,0.9141234604439916,0.23558674520715286,4,2,0.6324555320336759,2500,OLS_iid,iid,False,5
3,4,4001,2,20001,True,17,False,10,0.0,0.03058017697185278,0.003302589661328039,0.002285315574415533,0.006327568953835555,0.40050181463746365,0.9169709439623782,0.22542831758027168,4,2,0.6324555320336759,2500,OLS_iid,iid,False,5
3,4,4001,3,30001,True,17,False,10,0.0,0.030731766019016504,0.015095716053576739,0.009439454798545492,0.029787998462739607,0.3975565761387052,0.9181788093072725,0.22516955907020939,4,2,0.6324555320336759,2500,OLS_iid,iid,False,5
3,3,3001,25,250001,True,25,False,10,0.0,0.04289555875584483,0.014964475235183102,0.012568790174516129,0.020018682689015594,0.3894103389940229,0.9218461515098678,0.2271298889709401,4,2,0.6324555320336759,2500,OLS_iid,iid,False,5
3,4,4001,6,60001,True,17,False,10,0.0,0.030943685211241245,0.019186839697567584,0.018889658633425274,0.024647496940640827,0.4037529395537719,0.9153806422526606,0.21955469834613608,4,2,0.6324555320336759,2500,OLS_iid,iid,False,5
3,4,4001,4,40001,True,20,False,10,0.0,0.03496218007057905,0.021006135929904447,0.01875459233323842,0.03221600851553862,0.4024178430581874,0.9165294987701083,0.23196373064688233,4,2,0.6324555320336759,2500,OLS_iid,iid,False,5
3,4,4001,0,1,True,24,False,10,0.0,0.041574067901819944,0.014846095741533115,0.011023788946458947,0.028093041445797166,0.40409164129162745,0.9162038872127607,0.2229316960012151,4,2,0.6324555320336759,2500,OLS_iid,iid,False,5
3,3,3001,24,240001,True,29,False,10,0.0,0.049326568841934204,0.012292269648244175,0.011480849904516179,0.018155958811541757,0.4150382657210361,0.9122981503802691,0.22514720745051464,4,2,0.6324555320336759,2500,OLS_iid,iid,False,5
2,7,7001,3,30001,True,192,False,10,0.7071611505325205,0.7973925159312785,0.31218450383196883,0.21041774480473202,0.53220635408314,0.7583236211870716,0.7727689331917378,2.273521831347664e-05,4,2,0.6324555320336759,2500,OLS_iid,iid,False,5
3,4,4001,9,90001,True,17,False,10,0.0,0.030623516999185085,0.021971798317648485,0.019320849985436324,0.035173897662959114,0.3961254936795131,0.9185260432203373,0.22400199343312205,4,2,0.6324555320336759,2500,OLS_iid,iid,False,5
3,4,4001,13,130001,True,17,False,10,0.0,0.03166359011083841,0.005986367109274187,0.005451261259051638,0.009732461135836331,0.40572530478818913,0.9148298877788911,0.2335662815383287,4,2,0.6324555320336759,2500,OLS_iid,iid,False,5
3,4,4001,15,150001,True,17,False,10,0.0,0.030234898906201124,0.008928369434374717,0.007944023920388822,0.012058556322242009,0.4104201060294354,0.9129976952293178,0.22948374652029743,4,2,0.6324555320336759,2500,OLS_iid,iid,False,5
2,6,6001,17,170001,True,212,False,10,0.9996446800254156,0.8833732139319181,0.5000646148049178,0.3920262902253996,1.061283835255823,106.85381056667977,0.3580054992250284,1.6535384629658588e-05,4,2,0.6324555320336759,2500,OLS_iid,iid,False,5
3,4,4001,17,170001,True,17,False,10,0.0,0.03025803016498685,0.006795454236324298,0.00561794988589174,0.01155557216616236,0.40387203123881643,0.9163447004332218,0.21411142470240116,4,2,0.6324555320336759,2500,OLS_iid,iid,False,5
3,3,3001,29,290001,True,24,False,10,0.0,0.049017181154340506,0.036781803953721944,0.024342220554367286,0.04248865858359934,0.3812327221757989,0.9247939340322624,0.22714192201213046,4,2,0.6324555320336759,2500,OLS_iid,iid,False,5
3,4,4001,5,50001,True,23,False,10,0.0,0.04003050830215216,0.00546074856622668,0.0044691707118080445,0.00857409510863652,0.3962438567253562,0.9189637166764414,0.22422713302131142,4,2,0.6324555320336759,2500,OLS_iid,iid,False,5
3,4,4001,16,160001,True,17,False,10,0.0,0.03129885299131274,0.020310409262696703,0.011510668400915587,0.040483155959363165,0.40694905504865175,0.9147298481817251,0.22369437203156262,4,2,0.6324555320336759,2500,OLS_iid,iid,False,5
3,4,4001,18,180001,True,17,False,10,0.0,0.030222350265830755,0.009359188058073025,0.006734694788891438,0.014996497531892795,0.39228734104335533,0.9206139796911706,0.22105613960840065,4,2,0.6324555320336759,2500,OLS_iid,iid,False,5
3,4,4001,20,200001,True,17,False,10,0.0,0.030242749024182558,0.006054183663834453,0.004585026684052728,0.010844589985827999,0.39293896349654434,0.9203879197292614,0.23341417168903053,4,2,0.6324555320336759,2500,OLS_iid,iid,False,5
3,4,4001,12,120001,True,20,False,10,0.0,0.036506959702819586,0.03230351045309684,0.027205986234390037,0.046543573816892,0.41424736467102324,0.9118616571123268,0.21561379232412028,4,2,0.6324555320336759,2500,OLS_iid,iid,False,5
3,4,4001,21,210001,True,17,False,10,0.0,0.03019939875230193,0.014666864231029588,0.010902581709576312,0.02632311192753846,0.3937144478746753,0.9206266028524417,0.21964286651954845,4,2,0.6324555320336759,2500,OLS_iid,iid,False,5
3,4,4001,7,70001,True,17,False,10,0.0,0.040728612802922726,0.005687915733934805,0.0049325924416063986,0.009273452864630938,0.3863686607634114,0.922881030641296,0.22333174328195232,4,2,0.6324555320336759,2500,OLS_iid,iid,False,5
3,4,4001,19,190001,True,19,False,10,0.0,0.03328569978475571,0.025702367762266327,0.017548482235083585,0.048539522427155396,0.40083180555748454,0.9168290418018299,0.22577178255393718,4,2,0.6324555320336759,2500,OLS_iid,iid,False,5
3,4,4001,8,80001,True,23,False,10,0.0,0.04126831004396081,0.009770032858419144,0.007612934336322488,0.017657024369591063,0.38716712164845957,0.9227836528239336,0.2317425609542659,4,2,0.6324555320336759,2500,OLS_iid,iid,False,5
3,4,4001,22,220001,True,18,False,10,0.0,0.03174633998423815,0.017878563570733388,0.015773628383122667,0.028714125065479615,0.40850850192215304,0.9140756905795051,0.2146817910746198,4,2,0.6324555320336759,2500,OLS_iid,iid,False,5
3,4,4001,24,240001,True,18,False,10,0.0,0.03184088971465826,0.007693967503934636,0.006460900139491321,0.011288346920443525,0.4077566202099167,0.9142276119612596,0.2124542910099588,4,2,0.6324555320336759,2500,OLS_iid,iid,False,5
3,4,4001,28,280001,True,17,False,10,0.0,0.03043133905157447,0.01906629151821769,0.0160449557853184,0.03054396220610722,0.42785801218072045,0.9051465412113314,0.2263007788474688,4,2,0.6324555320336759,2500,OLS_iid,iid,False,5
3,4,4001,29,290001,True,18,False,10,0.0,0.03168511996045709,0.023376396578314022,0.019037843423395474,0.039355486535978444,0.3818690003498602,0.9251388276563737,0.22042764011632793,4,2,0.6324555320336759,2500,OLS_iid,iid,False,5
3,4,4001,10,100001,True,26,False,10,0.0,0.045972040854394436,0.01419113323146245,0.0102505616860642,0.027161816522802355,0.41356573454102147,0.9114972892603173,0.23506122317161043,4,2,0.6324555320336759,2500,OLS_iid,iid,False,5
3,4,4001,14,140001,True,27,False,10,0.0,0.045530394185334444,0.011017209468508165,0.009922795217405755,0.015427731933803255,0.4222212184428123,0.906723307284793,0.24142600089914412,4,2,0.6324555320336759,2500,OLS_iid,iid,False,5
3,5,5001,0,1,True,18,False,10,0.0,0.032439734786748886,0.013958567104194077,0.012240723030588721,0.019461074602056865,0.38943143392119123,0.9221069656872639,0.22261078740065154,4,2,0.6324555320336759,2500,OLS_iid,iid,False,5
3,4,4001,23,230001,True,22,False,10,0.0,0.03828385891392827,0.01271948452744365,0.009683057550601403,0.018616829995331426,0.39613272773112784,0.9186394328376878,0.23326623759557805,4,2,0.6324555320336759,2500,OLS_iid,iid,False,5
3,4,4001,11,110001,True,28,False,10,0.0,0.04761972976848483,0.01126139979438742,0.01012935181622481,0.018088859672362824,0.39148683245875254,0.9205892027471211,0.2186763904688803,4,2,0.6324555320336759,2500,OLS_iid,iid,False,5
3,5,5001,2,20001,True,17,False,10,0.0,0.03057507798075676,0.008482788623684982,0.008077439822621251,0.011282457881708223,0.39331311842029926,0.9195963817158194,0.22947041115354988,4,2,0.6324555320336759,2500,OLS_iid,iid,False,5
3,5,5001,1,10001,True,17,False,10,0.0,0.030812935903668404,0.019343974755902108,0.01376130443868095,0.03453721987771709,0.40943562780701315,0.9141448800864574,0.21908376262536153,4,2,0.6324555320336759,2500,OLS_iid,iid,False,5
3,4,4001,25,250001,True,18,False,10,0.0,0.0404168451204896,0.015330299701259447,0.010884155299571225,0.0284703381519858,0.3882106732655766,0.9221930451515056,0.2220571946922524,4,2,0.6324555320336759,2500,OLS_iid,iid,False,5
3,5,5001,6,60001,True,17,False,10,0.0,0.0307065867818892,0.016864269836828094,0.014135382112594203,0.02907380072021199,0.4031632940603687,0.915576989707303,0.21800659458170044,4,2,0.6324555320336759,2500,OLS_iid,iid,False,5
3,5,5001,7,70001,True,17,False,10,0.0,0.03034953773021698,0.013197006342882206,0.012136298294279672,0.017747389772316585,0.3892343729752624,0.921956072532425,0.22816945424825977,4,2,0.6324555320336759,2500,OLS_iid,iid,False,5
3,5,5001,3,30001,True,17,False,10,0.0,0.03431942267343402,0.0129136224026201,0.012463164584470686,0.015897599943787578,0.3894310905729416,0.9217682664643597,0.23230801328480255,4,2,0.6324555320336759,2500,OLS_iid,iid,False,5
3,5,5001,9,90001,True,17,False,10,0.0,0.030070411041378975,0.024017828071920624,0.02186240284000725,0.030412811282986407,0.38514510323950335,0.9234754292395405,0.22874742821830277,4,2,0.6324555320336759,2500,OLS_iid,iid,False,5
3,5,5001,8,80001,True,18,False,10,0.0,0.03231782605871558,0.007306251228606703,0.006340847465187677,0.011965119982114237,0.39661387105998575,0.9186033140309641,0.21674961485506683,4,2,0.6324555320336759,2500,OLS_iid,iid,False,5
3,5,5001,11,110001,True,18,False,10,0.0,0.03216344676911831,0.009414845275957463,0.008757059138447773,0.011580248401567694,0.3885860665512957,0.9223650985136043,0.2300048641792149,4,2,0.6324555320336759,2500,OLS_iid,iid,False,5
3,5,5001,5,50001,True,24,False,10,0.0,0.04126955009996891,0.003929582726394396,0.00354029250417362,0.005550810817704578,0.3923290658621011,0.9203090274286875,0.21714206970230088,4,2,0.6324555320336759,2500,OLS_iid,iid,False,5
3,5,5001,12,120001,True,18,False,10,0.0,0.032591124065220356,0.02278337541798909,0.01924805221706161,0.0381306671211308,0.42071973481172015,0.9078304598913176,0.23824536826116396,4,2,0.6324555320336759,2500,OLS_iid,iid,False,5
3,5,5001,15,150001,True,17,False,10,0.0,0.03024678025394678,0.0031727731766487337,0.003064233598827861,0.004051681811011467,0.41380873155706177,0.9109666273411746,0.23077637965088751,4,2,0.6324555320336759,2500,OLS_iid,iid,False,5
3,5,5001,17,170001,True,17,False,10,0.0,0.030177900101989508,0.00426332332458595,0.003949119847933491,0.005892903035320942,0.41272590382948693,0.911534848633601,0.21012980648635907,4,2,0.6324555320336759,2500,OLS_iid,iid,False,5
3,5,5001,16,160001,True,17,False,10,0.0,0.03037072904407978,0.013730005355119127,0.011599595059912544,0.022507263261086142,0.4023507056352259,0.9167387127320651,0.22715588082828048,4,2,0.6324555320336759,2500,OLS_iid,iid,False,5
3,5,5001,10,100001,True,21,False,10,0.0,0.036664888728410006,0.016914994700390592,0.015011630271885606,0.021284882886627405,0.40610169511509164,0.914305269644447,0.23499377906859553,4,2,0.6324555320336759,2500,OLS_iid,iid,False,5
3,5,5001,21,210001,True,17,False,10,0.0,0.03018835000693798,0.020012856868950317,0.013230262217468768,0.03812872408757695,0.39792962594550074,0.9183050304980211,0.21823928993517447,4,2,0.6324555320336759,2500,OLS_iid,iid,False,5
3,5,5001,4,40001,True,28,False,10,0.0,0.04811925673857331,0.02937761201395671,0.025408169072701544,0.04880740950996348,0.4048338388926358,0.9156721758488462,0.21611252506297488,4,2,0.6324555320336759,2500,OLS_iid,iid,False,5
3,5,5001,22,220001,True,18,False,10,0.0,0.03174107987433672,0.007007618859465594,0.006341384815080557,0.011498050668449706,0.40224096638189943,0.9166842610845514,0.2252210488079633,4,2,0.6324555320336759,2500,OLS_iid,iid,False,5
3,5,5001,25,250001,True,17,False,10,0.0,0.030217300169169903,0.016940640900429526,0.01567195767584948,0.026575960305452406,0.39195895676824455,0.9205546188398347,0.21758305903425418,4,2,0.6324555320336759,2500,OLS_iid,iid,False,5
3,5,5001,24,240001,True,17,False,10,0.0,0.03042402910068631,0.015395269606732967,0.013617208127997276,0.018817950616957405,0.4055345497530084,0.9155798308716878,0.23032617382588752,4,2,0.6324555320336759,2500,OLS_iid,iid,False,5
3,5,5001,20,200001,True,17,False,10,0.0,0.035101898945868015,0.005433510218977016,0.004634096205435497,0.00941797268839432,0.39946928810505855,0.9184259117435871,0.21682322108673271,4,2,0.6324555320336759,2500,OLS_iid,iid,False,5
3,5,5001,14,140001,True,21,False,10,0.0,0.037233596201986074,0.007727902804220407,0.0061405526142760255,0.013525066818397796,0.41371321452063187,0.911397217785075,0.23966696727458756,4,2,0.6324555320336759,2500,OLS_iid,iid,False,5
3,5,5001,18,180001,True,17,False,10,0.0,0.03617239184677601,0.015561876573842288,0.011313070952646016,0.027050580933325522,0.3829141917788404,0.9246047960389873,0.22663989334270687,4,2,0.6324555320336759,2500,OLS_iid,iid,False,5
3,5,5001,27,270001,True,17,False,10,0.0,0.031406802125275135,0.014256398523015261,0.009929366479013251,0.026068957843261475,0.40006952201506263,0.9166301026417056,0.22987884631548022,4,2,0.6324555320336759,2500,OLS_iid,iid,False,5
3,5,5001,29,290001,True,17,False,10,0.0,0.030580797232687473,0.021482372303042195,0.02057785193625716,0.027768438596870757,0.379759107934674,0.9255128866247347,0.22669374530967626,4,2,0.6324555320336759,2500,OLS_iid,iid,False,5
3,4,4001,26,260001,True,19,False,10,0.0,0.057958914898335934,0.014227095949220185,0.011003942567789592,0.026341621617123705,0.41200483964769474,0.9133588692156519,0.22419750522893714,4,2,0.6324555320336759,2500,OLS_iid,iid,False,5
3,4,4001,27,270001,True,18,False,10,0.0,0.06125843385234475,0.0222367670304444,0.016513841171302238,0.04221576932061502,0.4097459827386202,0.9137937737259424,0.2150449731052458,4,2,0.6324555320336759,2500,OLS_iid,iid,False,5
3,5,5001,28,280001,True,18,False,10,0.0,0.03220879705622792,0.021202859300217442,0.015271946268457116,0.04067431572895375,0.41337387696786315,0.9120892711515589,0.21167721923818317,4,2,0.6324555320336759,2500,OLS_iid,iid,False,5
1,9,9001,28,280001,True,599,False,10,0.8819881615161684,2.124211093876511,0.37733474017651336,0.25031817531474687,0.7342885270098956,0.8760610081751992,0.6129694420117223,5.7585389627756345e-06,4,2,0.6324555320336759,2500,OLS_iid,iid,False,5
2,7,7001,6,60001,True,185,False,10,0.9200871760451376,0.765816523693502,0.19431313972909972,0.11536751697177589,0.396360728491895,0.7995787122841402,0.7215074497279872,1.9186201986366983e-05,4,2,0.6324555320336759,2500,OLS_iid,iid,False,5
3,5,5001,13,130001,True,17,False,10,0.0,0.043013468850404024,0.009691002186040003,0.008699494238978365,0.014004809268139027,0.40858806623198396,0.913238695267771,0.22747177995490683,4,2,0.6324555320336759,2500,OLS_iid,iid,False,5
3,6,6001,1,10001,True,17,False,10,0.0,0.030061259865760803,0.010934845648574503,0.009049894813539636,0.01621189408771648,0.40371613523970723,0.9155436090648256,0.2153476606298552,4,2,0.6324555320336759,2500,OLS_iid,iid,False,5
3,6,6001,0,1,True,18,False,10,0.0,0.03235717583447695,0.00983178840281075,0.008399996298611823,0.01610285819601293,0.40204567399493846,0.9162883496336892,0.22830893686998346,4,2,0.6324555320336759,2500,OLS_iid,iid,False,5
3,6,6001,2,20001,True,17,False,10,0.0,0.03125996282324195,0.01883353613710506,0.015364451325026306,0.029828479753422087,0.399114435191377,0.9174692698840458,0.22488794820426342,4,2,0.6324555320336759,2500,OLS_iid,iid,False,5
3,6,6001,3,30001,True,17,False,10,0.0,0.0313576222397387,0.021149465951870342,0.017756742822195307,0.036270723265063004,0.40324112035150056,0.9152191525854241,0.22807972878204158,4,2,0.6324555320336759,2500,OLS_iid,iid,False,5
3,6,6001,6,60001,True,17,False,10,0.0,0.030176280066370964,0.01612793175710909,0.012099048951816878,0.02537557454720478,0.4042905875166763,0.9150332023169073,0.22922500712875826,4,2,0.6324555320336759,2500,OLS_iid,iid,False,5
3,6,6001,7,70001,True,17,False,10,0.0,0.030664637219160795,0.008885934725730831,0.007327810986521446,0.015190709158819917,0.39454314031507076,0.9192448243421661,0.23944211152477365,4,2,0.6324555320336759,2500,OLS_iid,iid,False,5
3,6,6001,5,50001,True,19,False,10,0.0,0.03361124824732542,0.011658189856117537,0.009878804290568838,0.01581343287699927,0.3952352250032499,0.9201422434301265,0.22915459941712457,4,2,0.6324555320336759,2500,OLS_iid,iid,False,5
3,5,5001,23,230001,True,25,False,10,0.0,0.04351251618936658,0.018196668430796054,0.014410969566936568,0.030879034263997386,0.38606702274712434,0.9229885673436359,0.22290626444498626,4,2,0.6324555320336759,2500,OLS_iid,iid,False,5
3,6,6001,9,90001,True,17,False,10,0.0,0.030208219774067402,0.01805997506169509,0.0175894501830255,0.024330140059221926,0.388050499517144,0.9229478494928247,0.22740286382838776,4,2,0.6324555320336759,2500,OLS_iid,iid,False,5
3,6,6001,8,80001,True,18,False,10,0.0,0.0355048063211143,0.008911966491834452,0.007810273694830245,0.01291002849498214,0.3979140464217025,0.9176227623643316,0.2348359014944587,4,2,0.6324555320336759,2500,OLS_iid,iid,False,5
3,6,6001,11,110001,True,18,False,10,0.0,0.032628864981234074,0.01784062141019789,0.01445804566695751,0.03093578533709399,0.38243088151912075,0.9245352220506174,0.22008325547208152,4,2,0.6324555320336759,2500,OLS_iid,iid,False,5
3,6,6001,10,100001,True,19,False,10,0.0,0.03447070298716426,0.014801203816187552,0.013194700586155702,0.023652338366606306,0.4078447344031405,0.9138506622628813,0.23393888811693822,4,2,0.6324555320336759,2500,OLS_iid,iid,False,5
2,7,7001,9,90001,True,185,False,10,0.7371033529120893,0.7709840522147715,0.30932579722129594,0.20986315474598824,0.444158982640024,0.7632150632297521,0.7667125996657713,2.4480531802016238e-05,4,2,0.6324555320336759,2500,OLS_iid,iid,False,5
3,5,5001,26,260001,True,29,False,10,0.0,0.0488253622315824,0.013609534474301507,0.009712416827892374,0.025488983999271148,0.398285598556826,0.9181262991972222,0.2395062187559257,4,2,0.6324555320336759,2500,OLS_iid,iid,False,5
2,7,7001,11,110001,True,177,False,10,0.7613339377993895,0.7593371951952577,0.07558356317888064,0.05231343313508861,0.1410822473866152,0.6020965282413191,0.8399578976441429,2.194262618084916e-05,4,2,0.6324555320336759,2500,OLS_iid,iid,False,5
2,7,7001,5,50001,True,193,False,10,0.9934033938368589,0.7952460790984333,0.1776309624929951,0.13536896294288317,0.22306164090118644,0.9822961543999924,0.567066319526125,1.2658744873217522e-05,4,2,0.6324555320336759,2500,OLS_iid,iid,False,5
3,6,6001,4,40001,True,25,False,10,0.0,0.04385462403297424,0.027217931848695035,0.02161037120496661,0.044680154130859,0.41181166695198185,0.912664238044018,0.22486906001183588,4,2,0.6324555320336759,2500,OLS_iid,iid,False,5
3,6,6001,13,130001,True,18,False,10,0.0,0.031664091162383556,0.019280241579706387,0.018302616809845972,0.02502391872584193,0.407072912411267,0.9144967817449585,0.23640323391586254,4,2,0.6324555320336759,2500,OLS_iid,iid,False,5
2,7,7001,10,100001,True,182,False,10,0.8639774470823087,0.7664818400517106,0.0943460534166767,0.06605760993242228,0.16726624140845675,0.6891620195465633,0.7873710899052104,1.970828267045443e-05,4,2,0.6324555320336759,2500,OLS_iid,iid,False,5
3,5,5001,19,190001,True,34,False,10,0.0,0.05675361305475235,0.030305650339835004,0.023845909705649662,0.054617712495174636,0.40696870387994016,0.9143899154921251,0.21538990181325043,4,2,0.6324555320336759,2500,OLS_iid,iid,False,5
3,6,6001,16,160001,True,17,False,10,0.0,0.030107609927654266,0.01624923555735539,0.013251002978556876,0.029441319149811844,0.41641144089150817,0.9097827808210542,0.21775493804002918,4,2,0.6324555320336759,2500,OLS_iid,iid,False,5
3,6,6001,15,150001,True,17,False,10,0.0,0.03130418295040727,0.0106133375821547,0.00876957759441336,0.0176815377473492,0.40770316318960853,0.9144211990672585,0.2275512335722483,4,2,0.6324555320336759,2500,OLS_iid,iid,False,5
3,6,6001,17,170001,True,17,False,10,0.0,0.03028231905773282,0.006530577084170546,0.005267704922626116,0.011133065349418466,0.4168992036376741,0.910733528928126,0.22110216964046572,4,2,0.6324555320336759,2500,OLS_iid,iid,False,5
3,6,6001,14,140001,True,19,False,10,0.0,0.033314819913357496,0.011823978016355725,0.00961390342232071,0.020970109756359965,0.40906771716974855,0.9127133052165276,0.23701689112528798,4,2,0.6324555320336759,2500,OLS_iid,iid,False,5
3,6,6001,21,210001,True,17,False,10,0.0,0.030273769050836563,0.011773174659716985,0.008514224539499448,0.019686425282007227,0.3842496372440155,0.9233909819852691,0.22676154514689179,4,2,0.6324555320336759,2500,OLS_iid,iid,False,5
3,6,6001,20,200001,True,18,False,10,0.0,0.031838889699429274,0.001392767422387656,0.0011490147219101413,0.0019258050123572683,0.39070024127773867,0.9222142496867913,0.21786281297885599,4,2,0.6324555320336759,2500,OLS_iid,iid,False,5
3,6,6001,22,220001,True,18,False,10,0.0,0.031704939901828766,0.010884363697770067,0.009385654749328927,0.014851806989522882,0.3966871722734063,0.9185537721764774,0.225849490258432,4,2,0.6324555320336759,2500,OLS_iid,iid,False,5
3,6,6001,24,240001,True,17,False,10,0.0,0.030115889851003885,0.014733495300452445,0.010520385559476075,0.02630582900234862,0.4214413174067347,0.9077041352656267,0.23632229946908564,4,2,0.6324555320336759,2500,OLS_iid,iid,False,5
3,6,6001,25,250001,True,18,False,10,0.0,0.032124857883900404,0.010940325903403773,0.00896012364853297,0.016153392148179187,0.4013709368618721,0.9173891211923,0.20605309653128043,4,2,0.6324555320336759,2500,OLS_iid,iid,False,5
3,7,7001,0,1,True,17,False,10,0.0,0.031245512887835503,0.006412757137765059,0.004943816093485227,0.009040297685031732,0.41256694289013174,0.9127176655021534,0.21163795165334012,4,2,0.6324555320336759,2500,OLS_iid,iid,False,5
3,6,6001,28,280001,True,18,False,10,0.0,0.03249495616182685,0.026045634733470623,0.0179774690526333,0.049923788416536205,0.4257139317684287,0.9052411781916083,0.22881857843682765,4,2,0.6324555320336759,2500,OLS_iid,iid,False,5
3,7,7001,4,40001,True,17,False,10,0.0,0.030295698903501034,0.02381882333012652,0.020133670402337635,0.042135431885808684,0.4124502982498614,0.9113445383767257,0.2170462245023732,4,2,0.6324555320336759,2500,OLS_iid,iid,False,5
3,6,6001,23,230001,True,21,False,10,0.0,0.03704701690003276,0.010502679842760461,0.007177422728349285,0.020249071196161997,0.3927227043867224,0.9206359338193034,0.22282136409788292,4,2,0.6324555320336759,2500,OLS_iid,iid,False,5
3,7,7001,8,80001,True,17,False,10,0.0,0.030107091180980206,0.009439632081391338,0.008865908145786265,0.013249263275973922,0.3952313864094712,0.9188011153734095,0.2360833486353588,4,2,0.6324555320336759,2500,OLS_iid,iid,False,5
3,7,7001,5,50001,True,17,False,10,0.0,0.03235441632568836,0.0064912078995077605,0.005743384703980197,0.010627590719831624,0.39812514564182244,0.9189668671829507,0.2326389145667862,4,2,0.6324555320336759,2500,OLS_iid,iid,False,5
3,6,6001,19,190001,True,26,False,10,0.0,0.04444759013131261,0.01985644083263753,0.01831779503081213,0.031173536737930153,0.38894648617371747,0.9224452290470759,0.21989993142490286,4,2,0.6324555320336759,2500,OLS_iid,iid,False,5
3,7,7001,12,120001,True,17,False,10,0.0,0.03005523094907403,0.025795122186636318,0.02054437646511487,0.03628154249151432,0.41557789394731426,0.9104699413296566,0.23250133997242,4,2,0.6324555320336759,2500,OLS_iid,iid,False,5
3,7,7001,11,110001,True,17,False,10,0.0,0.03074401617050171,0.011652706891601923,0.009401663797241078,0.020193465968177986,0.3894167075620927,0.9218189556977716,0.22230912404989311,4,2,0.6324555320336759,2500,OLS_iid,iid,False,5
3,7,7001,10,100001,True,17,False,10,0.0,0.031106873881071806,0.013905479146901873,0.009276422846937351,0.026109990616221327,0.4133018176871984,0.9116826819224768,0.2167067017708163,4,2,0.6324555320336759,2500,OLS_iid,iid,False,5
2,7,7001,19,190001,True,182,False,10,0.06457129572950791,0.70283282129094,0.11120010851045403,0.09030011354234072,0.17114672054784508,0.4757832379870225,0.9015172273370239,2.7615643439792047e-05,4,2,0.6324555320336759,2500,OLS_iid,iid,False,5
3,7,7001,14,140001,True,17,False,10,0.0,0.030323728919029236,0.007992531198596144,0.006517835200847694,0.01385172584033037,0.407902442270732,0.9137158082099495,0.23885198579862846,4,2,0.6324555320336759,2500,OLS_iid,iid,False,5
3,7,7001,9,90001,True,21,False,10,0.0,0.03684069821611047,0.019801510857985382,0.017687839332874666,0.03226206008973341,0.39293203355431083,0.92049031654157,0.2429061085637888,4,2,0.6324555320336759,2500,OLS_iid,iid,False,5
3,7,7001,13,130001,True,19,False,10,0.0,0.03388000698760152,0.017526971634969305,0.014408628948149774,0.02755485714222934,0.4028954190650511,0.9166621079943029,0.23145094706929303,4,2,0.6324555320336759,2500,OLS_iid,iid,False,5
3,7,7001,16,160001,True,19,False,10,0.0,0.03331731026992202,0.014632601246071358,0.012188715635657094,0.021007849677603645,0.39777960987708744,0.9180492461647627,0.21700631949169466,4,2,0.6324555320336759,2500,OLS_iid,iid,False,5
3,7,7001,6,60001,True,24,False,10,0.0,0.04116983991116285,0.01519821996656308,0.011120535262974856,0.025570583653148436,0.4050812061106505,0.9148980511254551,0.23587904432936094,4,2,0.6324555320336759,2500,OLS_iid,iid,False,5
3,6,6001,26,260001,True,28,False,10,0.0,0.04738594079390168,0.016190250346505355,0.009615939842320861,0.032017938862007204,0.41273679131616875,0.9112282428719874,0.22961845658806468,4,2,0.6324555320336759,2500,OLS_iid,iid,False,5
3,7,7001,3,30001,True,25,False,10,0.0,0.04366591479629278,0.0078029715934065415,0.006782030925891035,0.011027428471008759,0.4062003916257913,0.9144324491169434,0.22251652421074913,4,2,0.6324555320336759,2500,OLS_iid,iid,False,5
3,7,7001,18,180001,True,18,False,10,0.0,0.030953715089708567,0.01210285265783489,0.009863614914237786,0.018101310567213647,0.3847199626142293,0.924039551332691,0.2207537620778976,4,2,0.6324555320336759,2500,OLS_iid,iid,False,5
3,7,7001,17,170001,True,18,False,10,0.0,0.03216431802138686,0.007837646047238028,0.007043844408860356,0.012520922978679377,0.40623084183209074,0.9149221754037818,0.22409653401050364,4,2,0.6324555320336759,2500,OLS_iid,iid,False,5
3,7,7001,19,190001,True,17,False,10,0.0,0.030676366295665503,0.019924201023756225,0.01777544657756272,0.028752108605412434,0.4002251910816802,0.9178871430214075,0.21846508503405193,4,2,0.6324555320336759,2500,OLS_iid,iid,False,5
2,7,7001,14,140001,True,183,False,10,0.8728853444469148,0.7644623229280114,0.10248732843609572,0.08154169561720451,0.1631590552706388,0.6987006352050258,0.7842127704134187,1.9631616683720134e-05,4,2,0.6324555320336759,2500,OLS_iid,iid,False,5
3,7,7001,23,230001,True,17,False,10,0.0,0.030358849093317986,0.019596588489475392,0.014213973232894441,0.03559106704317304,0.39574990397218596,0.9192248569223999,0.2169726124831038,4,2,0.6324555320336759,2500,OLS_iid,iid,False,5
3,7,7001,7,70001,True,26,False,10,0.0,0.04526723409071565,0.006062708082542403,0.005466457539443064,0.008815400205341993,0.3963508891980273,0.9185229036678684,0.22618843886486767,4,2,0.6324555320336759,2500,OLS_iid,iid,False,5
3,6,6001,12,120001,True,18,False,10,0.0,0.06784741207957268,0.024003950264170626,0.018518556083458173,0.03701014975782298,0.417793801993957,0.910465121412032,0.22707355739839433,4,2,0.6324555320336759,2500,OLS_iid,iid,False,5
3,7,7001,22,220001,True,18,False,10,0.0,0.03242770489305258,0.009566166734644237,0.009198666557882559,0.011368094816930628,0.3976068373539245,0.9181776139537042,0.22100637949091279,4,2,0.6324555320336759,2500,OLS_iid,iid,False,5
2,8,8001,10,100001,True,187,False,10,0.8639774470823087,0.5892662359401584,0.3848240238505601,0.2565039841497189,0.8503919297204608,1.1635528526921939,0.3035585394139809,2.104717243238864e-05,4,2,0.6324555320336759,2500,OLS_iid,iid,False,5
3,7,7001,27,270001,True,18,False,10,0.0,0.03172293910756707,0.0289645413248421,0.022365225365932,0.05143872346821137,0.4088605759802978,0.9135749885513506,0.2314877965358698,4,2,0.6324555320336759,2500,OLS_iid,iid,False,5
3,7,7001,24,240001,True,18,False,10,0.0,0.03231942607089877,0.007019719337121948,0.006527071828345627,0.01082167532042104,0.4033706602848886,0.915691729419742,0.23234660133160515,4,2,0.6324555320336759,2500,OLS_iid,iid,False,5
3,8,8001,1,10001,True,17,False,10,0.0,0.030076720751821995,0.01413364725544603,0.012531827013101154,0.017123631065422824,0.40485929716569574,0.9158737212488096,0.23398209670424394,4,2,0.6324555320336759,2500,OLS_iid,iid,False,5
3,8,8001,0,1,True,17,False,10,0.0,0.030302779283374548,0.012199298833762522,0.010146913381509477,0.019273505557586154,0.40843156774002776,0.9138576688899765,0.22311303561801515,4,2,0.6324555320336759,2500,OLS_iid,iid,False,5
3,7,7001,28,280001,True,18,False,10,0.0,0.03175187995657325,0.016611705535503198,0.014015997012778048,0.02530956832835008,0.4303686091943436,0.9034053808599123,0.2338184660682287,4,2,0.6324555320336759,2500,OLS_iid,iid,False,5
3,7,7001,29,290001,True,18,False,10,0.0,0.032381206285208464,0.022754407863997236,0.018423368482009168,0.03612990985726579,0.38717025123363125,0.9232081716188171,0.21954077998082586,4,2,0.6324555320336759,2500,OLS_iid,iid,False,5
3,7,7001,25,250001,True,18,False,10,0.0,0.03162042098119855,0.019985452347327338,0.016479624332282852,0.03410072574611975,0.3909268613139653,0.9213131845087671,0.22543876362579207,4,2,0.6324555320336759,2500,OLS_iid,iid,False,5
3,7,7001,26,260001,True,17,False,10,0.0,0.0346435708925128,0.01928507556300618,0.01858639737908694,0.02568342307672564,0.4025758348393507,0.916172537047305,0.22575470663714303,4,2,0.6324555320336759,2500,OLS_iid,iid,False,5
3,6,6001,29,290001,True,17,False,10,0.0,0.055524980183690786,0.03902282054412494,0.026001021983770786,0.045229808171055236,0.38115316938161464,0.9252144184036296,0.2333818257017672,4,2,0.6324555320336759,2500,OLS_iid,iid,False,5
3,8,8001,7,70001,True,21,False,10,0.0,0.02386136958375573,0.0047807227797026074,0.0036643801861612983,0.008764131251373581,0.3996695862380234,0.917406379801416,0.22469281385343234,4,2,0.6324555320336759,2500,OLS_iid,iid,False,5
3,7,7001,21,210001,True,23,False,10,0.0,0.03937403205782175,0.014441471445981242,0.011146764250636428,0.02476357172315075,0.39121162754118965,0.9210909114137423,0.21702795450799012,4,2,0.6324555320336759,2500,OLS_iid,iid,False,5
3,8,8001,2,20001,True,19,False,10,0.0,0.03331502014771104,0.01455081985992318,0.013740913753387445,0.020256798140275853,0.39549839697759404,0.9199914645489163,0.2195330233853494,4,2,0.6324555320336759,2500,OLS_iid,iid,False,5
3,8,8001,4,40001,True,17,False,10,0.0,0.030188660137355328,0.02372052860804186,0.01790454397474882,0.04261985427126489,0.4068465922621071,0.9140397272325885,0.2308007775802057,4,2,0.6324555320336759,2500,OLS_iid,iid,False,5
3,8,8001,5,50001,True,17,False,10,0.0,0.030185990035533905,0.012133552406781285,0.010567777612191227,0.018279617964445622,0.38766210088996134,0.9233701632598728,0.20759643859238758,4,2,0.6324555320336759,2500,OLS_iid,iid,False,5
3,7,7001,20,200001,True,25,False,10,0.0,0.04287191014736891,0.008809296409591869,0.007493536093592154,0.01234415064197448,0.40059377737779195,0.9169715403870091,0.22803860851161126,4,2,0.6324555320336759,2500,OLS_iid,iid,False,5
3,6,6001,18,180001,True,18,False,10,0.0,0.06773421261459589,0.008943843974273639,0.006638750024840254,0.01423438487388818,0.38954353653478774,0.9219439716502617,0.21847782532961468,4,2,0.6324555320336759,2500,OLS_iid,iid,False,5
3,8,8001,3,30001,True,21,False,10,0.0,0.03650086000561714,0.011037302204180713,0.010063881735823715,0.016534689599016345,0.392721593965412,0.9198802848989975,0.2441378149196797,4,2,0.6324555320336759,2500,OLS_iid,iid,False,5
3,7,7001,1,10001,True,18,False,10,0.0,0.06271063536405563,0.017024341116238698,0.013405861676075909,0.02736386007792925,0.3993413712493971,0.9172995245982936,0.23181282640143572,4,2,0.6324555320336759,2500,OLS_iid,iid,False,5
3,8,8001,6,60001,True,18,False,10,0.0,0.03174817003309727,0.014417771997685798,0.011921097689037714,0.023008837879643387,0.40138427950623135,0.9169108348782788,0.2259676469870669,4,2,0.6324555320336759,2500,OLS_iid,iid,False,5
3,8,8001,8,80001,True,17,False,10,0.0,0.03069111704826355,0.011999561865260766,0.010562263448398926,0.01645543412588265,0.4022217430253052,0.9158381040595485,0.21741249418468242,4,2,0.6324555320336759,2500,OLS_iid,iid,False,5
3,7,7001,15,150001,True,32,False,10,0.0,0.05455324612557888,0.0070242687052907895,0.006422195363847532,0.009491506386780103,0.40624737975442443,0.9148425718482392,0.21209020871851367,4,2,0.6324555320336759,2500,OLS_iid,iid,False,5
3,8,8001,11,110001,True,17,False,10,0.0,0.03021651040762663,0.012056279171604525,0.01014915451327272,0.01866779641818916,0.38016889272465404,0.9264108107766192,0.21653021064086433,4,2,0.6324555320336759,2500,OLS_iid,iid,False,5
3,8,8001,10,100001,True,17,False,10,0.0,0.030759145971387625,0.014257766230675636,0.012857728178611784,0.022810174775196382,0.4104592231794558,0.9126031019453239,0.2286688418941656,4,2,0.6324555320336759,2500,OLS_iid,iid,False,5
3,8,8001,9,90001,True,18,False,10,0.0,0.032270516734570265,0.021481718498501928,0.018386530413181185,0.03481922568769832,0.4049723960589074,0.914687539477337,0.22929268779309933,4,2,0.6324555320336759,2500,OLS_iid,iid,False,5
3,6,6001,27,270001,True,18,False,10,0.0,0.06431074487045407,0.019463362478514695,0.014905525193769286,0.030836874521658206,0.40098532102891643,0.9172871462188007,0.2242096438057151,4,2,0.6324555320336759,2500,OLS_iid,iid,False,5
3,8,8001,12,120001,True,17,False,10,0.0,0.03156732069328427,0.014982594466134017,0.013917198058659536,0.01996477073068669,0.42303589446404616,0.9062718987893443,0.24491567322254326,4,2,0.6324555320336759,2500,OLS_iid,iid,False,5
3,8,8001,14,140001,True,17,False,10,0.0,0.030305689200758934,0.01609743153370964,0.014459191368935564,0.021938608076977388,0.4050039440640534,0.9151343868707601,0.22235980707377126,4,2,0.6324555320336759,2500,OLS_iid,iid,False,5
3,8,8001,17,170001,True,18,False,10,0.0,0.029908830765634775,0.010703471098341133,0.009763200403782219,0.01707844682981593,0.4069464402683979,0.9140169643163975,0.22493905366600048,4,2,0.6324555320336759,2500,OLS_iid,iid,False,5
3,8,8001,16,160001,True,17,False,10,0.0,0.03151668095961213,0.013595635043181042,0.012914506245685266,0.019504218907218183,0.39555225923508713,0.9190877445890195,0.23095532212100342,4,2,0.6324555320336759,2500,OLS_iid,iid,False,5
4,0,1,0,1,True,0,False,10,0.0,0.0015331609174609184,0.01175583455713948,0.010294589062695574,0.019918546216541908,0.0,1.0,0.3987442507809596,4,2,0.6324555320336759,2500,OLS_iid,iid,False,5
2,7,7001,16,160001,True,178,False,10,0.590565211088679,0.7614993522875011,0.14584436551962596,0.1258897632260867,0.23371679892816263,1.0313942671066698,0.435758660640512,2.557233608292606e-05,4,2,0.6324555320336759,2500,OLS_iid,iid,False,5
3,8,8001,15,150001,True,19,False,10,0.0,0.03392795566469431,0.01182498954488438,0.009490606023421062,0.017814408956085447,0.4072951682538164,0.9137004529425207,0.23064028117317306,4,2,0.6324555320336759,2500,OLS_iid,iid,False,5
4,0,1,1,10001,True,0,False,10,0.0,0.0015381700359284878,0.004984945716789828,0.004485359779205972,0.00821157754348353,0.0,1.0,0.3818021304404859,4,2,0.6324555320336759,2500,OLS_iid,iid,False,5
3,8,8001,19,190001,True,17,False,10,0.0,0.030723755713552237,0.02223982835786039,0.017336526105748915,0.03855839022161268,0.3964882605469537,0.9185715886402782,0.2327696877029982,4,2,0.6324555320336759,2500,OLS_iid,iid,False,5
4,0,1,3,30001,True,0,False,10,0.0,0.0013679522089660168,0.006809484423840993,0.00582553724182242,0.011874479332114614,0.0,1.0,0.40802769464182104,4,2,0.6324555320336759,2500,OLS_iid,iid,False,5
4,0,1,2,20001,True,0,False,10,0.0,0.001635539811104536,0.010112249187186484,0.007524325693132777,0.018434638044615224,0.0,1.0,0.4013146924771712,4,2,0.6324555320336759,2500,OLS_iid,iid,False,5
4,0,1,6,60001,True,0,False,10,0.0,0.001429511234164238,0.004765626219741554,0.004167785188270925,0.006197345415630902,0.0,1.0,0.39611626289846646,4,2,0.6324555320336759,2500,OLS_iid,iid,False,5
4,0,1,5,50001,True,0,False,10,0.0,0.0015616100281476974,0.006581705466382989,0.006357035531683876,0.008713365186645864,0.0,1.0,0.40942509711032493,4,2,0.6324555320336759,2500,OLS_iid,iid,False,5
4,0,1,7,70001,True,0,False,10,0.0,0.001567469909787178,0.005244996016286796,0.004703942319307286,0.007888192128682104,0.0,1.0,0.40964305507791887,4,2,0.6324555320336759,2500,OLS_iid,iid,False,5
3,8,8001,22,220001,True,17,False,10,0.0,0.03009985014796257,0.014079811937956413,0.011306058463499266,0.02532778788563545,0.4009408275252768,0.9178011204809764,0.2316091117433819,4,2,0.6324555320336759,2500,OLS_iid,iid,False,5
4,0,1,8,80001,True,0,False,10,0.0,0.0013773511163890362,0.007921205342246256,0.006258981018543848,0.014436212581038062,0.0,1.0,0.4104076082435464,4,2,0.6324555320336759,2500,OLS_iid,iid,False,5
4,0,1,9,90001,True,0,False,10,0.0,0.0013948711566627026,0.0078014352036900655,0.006431738399544543,0.010893312826847823,0.0,1.0,0.3943221807117728,4,2,0.6324555320336759,2500,OLS_iid,iid,False,5
4,0,1,4,40001,True,0,False,10,0.0,0.0018751593306660652,0.005033061008076192,0.00452893798489012,0.0072688031026674,0.0,1.0,0.39028617667502546,4,2,0.6324555320336759,2500,OLS_iid,iid,False,5
3,9,9001,13,130001,True,18,False,10,0.0,0.01891722111031413,0.011964989454718947,0.010538482586626569,0.019119836918855847,0.40465749604150236,0.9155189909098365,0.22441936914026406,4,2,0.6324555320336759,2500,OLS_iid,iid,False,5
3,8,8001,21,210001,True,18,False,10,0.0,0.03179218014702201,0.014091141707366295,0.013477900870579405,0.018110716042550105,0.4015796562500251,0.9167766002094466,0.22625772311404935,4,2,0.6324555320336759,2500,OLS_iid,iid,False,5
3,8,8001,23,230001,True,17,False,10,0.0,0.030263829976320267,0.022698546014351347,0.018154567076116093,0.03508373312343264,0.38769517291200944,0.9223088416757419,0.23462456678696839,4,2,0.6324555320336759,2500,OLS_iid,iid,False,5
4,0,1,10,100001,True,0,False,10,0.0,0.0014083008281886578,0.010167666341989371,0.007798513623320395,0.018386879785372866,0.0,1.0,0.41153864787167477,4,2,0.6324555320336759,2500,OLS_iid,iid,False,5
3,8,8001,24,240001,True,17,False,10,0.0,0.03079515602439642,0.01574256119731966,0.014227456741052753,0.025871318875995718,0.4122198792342617,0.9135155779589681,0.21375424604227738,4,2,0.6324555320336759,2500,OLS_iid,iid,False,5
4,0,1,11,110001,True,0,False,10,0.0,0.0015008901245892048,0.009195054675067402,0.008809736804916847,0.012600196392742503,0.0,1.0,0.39144411940387425,4,2,0.6324555320336759,2500,OLS_iid,iid,False,5
4,0,1,12,120001,True,0,False,10,0.0,0.001523439772427082,0.004986530349405075,0.00428997813161599,0.008656627108499022,0.0,1.0,0.40436973398353726,4,2,0.6324555320336759,2500,OLS_iid,iid,False,5
4,0,1,14,140001,True,0,False,10,0.0,0.001422680914402008,0.005051846189074876,0.004072939216768445,0.00891942203260375,0.0,1.0,0.3959948033712869,4,2,0.6324555320336759,2500,OLS_iid,iid,False,5
4,0,1,15,150001,True,0,False,10,0.0,0.001367230899631977,0.005648539788410156,0.004215862539148627,0.008942893039906644,0.0,1.0,0.3889634256416283,4,2,0.6324555320336759,2500,OLS_iid,iid,False,5
4,0,1,17,170001,True,0,False,10,0.0,0.0012979218736290932,0.012031689876467288,0.010101644917034544,0.020202600099258596,0.0,1.0,0.39858209451736387,4,2,0.6324555320336759,2500,OLS_iid,iid,False,5
4,0,1,13,130001,True,0,False,10,0.0,0.0016068601980805397,0.010284969808712267,0.009851221193478537,0.014758715931287707,0.0,1.0,0.39952247429169646,4,2,0.6324555320336759,2500,OLS_iid,iid,False,5
3,8,8001,25,250001,True,17,False,10,0.0,0.030977454967796803,0.019272374940534347,0.01795268918855527,0.024093609931472346,0.38132823843344604,0.9251219434727264,0.21877961297991105,4,2,0.6324555320336759,2500,OLS_iid,iid,False,5
4,0,1,16,160001,True,0,False,10,0.0,0.0016382187604904175,0.008518962549532227,0.007349378991673183,0.012053682474799404,0.0,1.0,0.3978606029223254,4,2,0.6324555320336759,2500,OLS_iid,iid,False,5
2,7,7001,13,130001,True,192,False,10,0.2367916216497513,0.8061500303447247,0.10253598504778691,0.08039636785513657,0.16308299114837002,0.4707969178060616,0.9041331225644484,2.394752440392179e-05,4,2,0.6324555320336759,2500,OLS_iid,iid,False,5
4,0,1,18,180001,True,0,False,10,0.0,0.0015733600594103336,0.01001106679585209,0.008153453472486548,0.01819418842771978,0.0,1.0,0.39085485016302257,4,2,0.6324555320336759,2500,OLS_iid,iid,False,5
4,0,1,19,190001,True,0,False,10,0.0,0.0015182700008153915,0.00939312313039525,0.008552813045332201,0.013661326110518813,0.0,1.0,0.3988240763932189,4,2,0.6324555320336759,2500,OLS_iid,iid,False,5
4,0,1,20,200001,True,0,False,10,0.0,0.0014341012574732304,0.009496147700376647,0.00844822073598882,0.015591912697460748,0.0,1.0,0.3980340017610443,4,2,0.6324555320336759,2500,OLS_iid,iid,False,5
4,0,1,26,260001,True,0,False,10,0.0,0.0011470532044768333,0.004549001617616633,0.0033407154261399325,0.008062343745380127,0.0,1.0,0.4083485350116494,4,2,0.6324555320336759,2500,OLS_iid,iid,False,5
3,8,8001,29,290001,True,17,False,10,0.0,0.030233499594032764,0.02307498923847128,0.019034445690522303,0.0376741552336921,0.3880061553092039,0.9223031481542273,0.221370202463434,4,2,0.6324555320336759,2500,OLS_iid,iid,False,5
4,0,1,24,240001,True,0,False,10,0.0,0.0014095809310674667,0.011301111742114811,0.010167136144605186,0.015163767341046039,0.0,1.0,0.4050269767888886,4,2,0.6324555320336759,2500,OLS_iid,iid,False,5
4,0,1,22,220001,True,0,False,10,0.0,0.0016115698963403702,0.0029020283448976942,0.002454255284948086,0.004188447883378089,0.0,1.0,0.39796738152663585,4,2,0.6324555320336759,2500,OLS_iid,iid,False,5
4,0,1,25,250001,True,0,False,10,0.0,0.001495980191975832,0.007837389063955274,0.006214708728914543,0.013137331333129774,0.0,1.0,0.4049908190208871,4,2,0.6324555320336759,2500,OLS_iid,iid,False,5
4,0,1,21,210001,True,0,False,10,0.0,0.001728949137032032,0.0068449820208143315,0.005953455290086564,0.008966919077369668,0.0,1.0,0.3957519533038442,4,2,0.6324555320336759,2500,OLS_iid,iid,False,5
4,0,1,23,230001,True,0,False,10,0.0,0.0015933793038129807,0.005876488789142414,0.004710301195274595,0.010379612399076503,0.0,1.0,0.4097131945993073,4,2,0.6324555320336759,2500,OLS_iid,iid,False,5
3,9,9001,0,1,True,17,False,10,0.0,0.0304988375864923,0.009882879318480635,0.007384540872365258,0.018400229064646036,0.40308588380849475,0.9157160512336218,0.22535448651396658,4,2,0.6324555320336759,2500,OLS_iid,iid,False,5
4,0,1,28,280001,True,0,False,10,0.0,0.001643420197069645,0.005065525228589729,0.004415378352289981,0.00846941533380076,0.0,1.0,0.40721830233564105,4,2,0.6324555320336759,2500,OLS_iid,iid,False,5
4,0,1,27,270001,True,0,False,10,0.0,0.002081566955894232,0.010232552706589144,0.009203434054868339,0.016399572837047748,0.0,1.0,0.39802818987514904,4,2,0.6324555320336759,2500,OLS_iid,iid,False,5
4,1,1001,1,10001,True,0,False,10,0.0,0.001465361099690199,0.013135276771728413,0.009679443212908966,0.023691597226703328,0.0,1.0,0.39484236807017886,4,2,0.6324555320336759,2500,OLS_iid,iid,False,5
4,1,1001,0,1,True,0,False,10,0.0,0.001846257597208023,0.004211430699870629,0.003382651283656287,0.005829143872114769,0.0,1.0,0.3874658101532005,4,2,0.6324555320336759,2500,OLS_iid,iid,False,5
4,0,1,29,290001,True,0,False,10,0.0,0.002062397077679634,0.008046014286719225,0.007440963065017493,0.012194500362728245,0.0,1.0,0.3966041189612008,4,2,0.6324555320336759,2500,OLS_iid,iid,False,5
4,1,1001,4,40001,True,0,False,10,0.0,0.0010867537930607796,0.00729176254690596,0.006000538108782122,0.01110991189007244,0.0,1.0,0.4084628239274621,4,2,0.6324555320336759,2500,OLS_iid,iid,False,5
4,1,1001,2,20001,True,0,False,10,0.0,0.0013939710333943367,0.009167283878097836,0.008264622598542264,0.013200591636140568,0.0,1.0,0.3854147815674829,4,2,0.6324555320336759,2500,OLS_iid,iid,False,5
4,1,1001,3,30001,True,0,False,10,0.0,0.0014100009575486183,0.008358156224231625,0.007569621965147462,0.010965425467173289,0.0,1.0,0.40632007538867526,4,2,0.6324555320336759,2500,OLS_iid,iid,False,5
4,1,1001,5,50001,True,0,False,10,0.0,0.00149160111322999,0.005307055194924413,0.004514913518595705,0.008513081869893451,0.0,1.0,0.40148024740504573,4,2,0.6324555320336759,2500,OLS_iid,iid,False,5
4,1,1001,6,60001,True,0,False,10,0.0,0.0013972311280667782,0.007894284913983012,0.007294910349385612,0.011233309134419006,0.0,1.0,0.39282626147504657,4,2,0.6324555320336759,2500,OLS_iid,iid,False,5
4,1,1001,8,80001,True,0,False,10,0.0,0.0013436507433652878,0.004345907788416245,0.0036714999163934836,0.006230027067735678,0.0,1.0,0.39201027386344023,4,2,0.6324555320336759,2500,OLS_iid,iid,False,5
4,1,1001,7,70001,True,0,False,10,0.0,0.0014913012273609638,0.009853559556719179,0.007930388521305088,0.016266351348792594,0.0,1.0,0.4004719703313063,4,2,0.6324555320336759,2500,OLS_iid,iid,False,5
4,1,1001,11,110001,True,0,False,10,0.0,0.0015053199604153633,0.006227638821180164,0.005702067871405201,0.009173292387219666,0.0,1.0,0.39644671272546245,4,2,0.6324555320336759,2500,OLS_iid,iid,False,5
4,1,1001,10,100001,True,0,False,10,0.0,0.0014568311162292957,0.01027115480294193,0.009368470152190585,0.014600595280196901,0.0,1.0,0.3916240721729959,4,2,0.6324555320336759,2500,OLS_iid,iid,False,5
4,1,1001,9,90001,True,0,False,10,0.0,0.0014647911302745342,0.013051201233293447,0.010797406749382581,0.020884759950774677,0.0,1.0,0.4050119370184291,4,2,0.6324555320336759,2500,OLS_iid,iid,False,5
4,1,1001,12,120001,True,0,False,10,0.0,0.001466331072151661,0.007949043704503458,0.0064772720913926435,0.013482283220317984,0.0,1.0,0.4121501116781711,4,2,0.6324555320336759,2500,OLS_iid,iid,False,5
3,8,8001,20,200001,True,22,False,10,0.0,0.038789446000009775,0.016347418375637388,0.01326043959057823,0.026837760027092143,0.39877982180064453,0.9180948506464675,0.22508864267874887,4,2,0.6324555320336759,2500,OLS_iid,iid,False,5
4,1,1001,17,170001,True,0,False,10,0.0,0.0010996432974934578,0.009230260193484753,0.00821955003958147,0.011697477817763736,0.0,1.0,0.40329486422860383,4,2,0.6324555320336759,2500,OLS_iid,iid,False,5
4,1,1001,18,180001,True,0,False,10,0.0,0.0013756710104644299,0.011098422285845509,0.009469814518610552,0.018356586206075696,0.0,1.0,0.3971663504052528,4,2,0.6324555320336759,2500,OLS_iid,iid,False,5
4,1,1001,14,140001,True,0,False,10,0.0,0.0014776713214814663,0.0052067434309763395,0.004769987915088613,0.007092581250265259,0.0,1.0,0.4020685635667042,4,2,0.6324555320336759,2500,OLS_iid,iid,False,5
4,1,1001,13,130001,True,0,False,10,0.0,0.0017590890638530254,0.007032500917576705,0.006040815183379286,0.010001111494398064,0.0,1.0,0.3994276542542068,4,2,0.6324555320336759,2500,OLS_iid,iid,False,5
3,9,9001,4,40001,True,17,False,10,0.0,0.030247829854488373,0.020708676879671827,0.018596808897897908,0.029910748500223613,0.41698648080506867,0.9096622736816935,0.23148736028918415,4,2,0.6324555320336759,2500,OLS_iid,iid,False,5
4,1,1001,15,150001,True,0,False,10,0.0,0.0015386096201837063,0.003619028903181316,0.003159080158043648,0.004582190225627029,0.0,1.0,0.4075212587006048,4,2,0.6324555320336759,2500,OLS_iid,iid,False,5
3,7,7001,2,20001,True,33,False,10,0.0,0.08205431327223778,0.010023631624580098,0.009698784218915225,0.012835938933451845,0.4058798468146396,0.9155057126298136,0.2211435768780584,4,2,0.6324555320336759,2500,OLS_iid,iid,False,5
4,1,1001,19,190001,True,0,False,10,0.0,0.00143497996032238,0.004118786875465761,0.00268333500246384,0.00803778521491366,0.0,1.0,0.39370484105333114,4,2,0.6324555320336759,2500,OLS_iid,iid,False,5
4,1,1001,16,160001,True,0,False,10,0.0,0.0017681880854070187,0.007830905566529852,0.006598114129239767,0.011693806285805873,0.0,1.0,0.3947640190412755,4,2,0.6324555320336759,2500,OLS_iid,iid,False,5
4,1,1001,20,200001,True,0,False,10,0.0,0.001401450950652361,0.00941970809408609,0.008323277322748976,0.01542137234664302,0.0,1.0,0.4022655617030216,4,2,0.6324555320336759,2500,OLS_iid,iid,False,5
3,9,9001,2,20001,True,18,False,10,0.0,0.03266774397343397,0.012460612044150398,0.010334247334883329,0.020636639519561236,0.397981964969806,0.9187711842068815,0.2263054905420582,4,2,0.6324555320336759,2500,OLS_iid,iid,False,5
4,1,1001,22,220001,True,0,False,10,0.0,0.0013635512441396713,0.012103012304612538,0.011932943500483401,0.014268333711317829,0.0,1.0,0.3951192607405228,4,2,0.6324555320336759,2500,OLS_iid,iid,False,5
4,1,1001,21,210001,True,0,False,10,0.0,0.0013746712356805801,0.004242647260534798,0.0037534777502306197,0.005736007487643093,0.0,1.0,0.3984184727776039,4,2,0.6324555320336759,2500,OLS_iid,iid,False,5
3,9,9001,3,30001,True,18,False,10,0.0,0.0328958029858768,0.014900958755014985,0.011681395687802507,0.02538745279571532,0.40211858655232907,0.9170696529923658,0.2292541284786279,4,2,0.6324555320336759,2500,OLS_iid,iid,False,5
4,1,1001,24,240001,True,0,False,10,0.0,0.001428771298378706,0.008979411060499293,0.0074281688361328025,0.015241646383075519,0.0,1.0,0.40464245467580123,4,2,0.6324555320336759,2500,OLS_iid,iid,False,5
2,7,7001,8,80001,True,172,False,10,0.535687505016201,0.8416010672226548,0.028128850289550752,0.018087677869360122,0.054714902108427034,0.49138664686019656,0.8916352280380104,2.7279539024370587e-05,4,2,0.6324555320336759,2500,OLS_iid,iid,False,5
4,1,1001,29,290001,True,0,False,10,0.0,0.001170853152871132,0.006014635316017784,0.005565351966837065,0.008582070933028365,0.0,1.0,0.3987700796022068,4,2,0.6324555320336759,2500,OLS_iid,iid,False,5
4,1,1001,23,230001,True,0,False,10,0.0,0.0015460001304745674,0.006890935394899068,0.006337910560340785,0.008372230938100834,0.0,1.0,0.4045958149254347,4,2,0.6324555320336759,2500,OLS_iid,iid,False,5
3,9,9001,8,80001,True,17,False,10,0.0,0.030173138715326786,0.009799473018024522,0.00831667717595393,0.014385212657116685,0.3913818306042421,0.9208844348494131,0.21520535132744661,4,2,0.6324555320336759,2500,OLS_iid,iid,False,5
4,1,1001,25,250001,True,0,False,10,0.0,0.001510830596089363,0.01415271718957544,0.012514889201891314,0.022269694847053958,0.0,1.0,0.3881330617346606,4,2,0.6324555320336759,2500,OLS_iid,iid,False,5
4,1,1001,26,260001,True,0,False,10,0.0,0.0014635897241532803,0.005772755039728032,0.005387960371028148,0.0075321385100691664,0.0,1.0,0.4042364959639219,4,2,0.6324555320336759,2500,OLS_iid,iid,False,5
3,9,9001,5,50001,True,17,False,10,0.0,0.03143549058586359,0.017059226863853354,0.014887848559581102,0.02877542570183745,0.3981797833368454,0.9182574134824242,0.2151376824524132,4,2,0.6324555320336759,2500,OLS_iid,iid,False,5
4,1,1001,27,270001,True,0,False,10,0.0,0.0015460099093616009,0.005084362502645051,0.004354571653658155,0.00845061826668539,0.0,1.0,0.3803392940145412,4,2,0.6324555320336759,2500,OLS_iid,iid,False,5
4,1,1001,28,280001,True,0,False,10,0.0,0.0016294699162244797,0.008789435029926664,0.007417606576072564,0.015276031602899698,0.0,1.0,0.41387440000107506,4,2,0.6324555320336759,2500,OLS_iid,iid,False,5
3,8,8001,28,280001,True,20,False,10,0.0,0.03625205112621188,0.019323431547450226,0.017163735722736446,0.03046926185247805,0.4307703986720211,0.904419173011604,0.23471150733902732,4,2,0.6324555320336759,2500,OLS_iid,iid,False,5
4,2,2001,0,1,True,0,False,10,0.0,0.0013862019404768944,0.010107508970436408,0.008911953451250053,0.014109469536515765,0.0,1.0,0.4066988114102872,4,2,0.6324555320336759,2500,OLS_iid,iid,False,5
4,2,2001,1,10001,True,0,False,10,0.0,0.0015048407949507236,0.011669399538358464,0.009024405670725507,0.0207371540873667,0.0,1.0,0.3952892437747103,4,2,0.6324555320336759,2500,OLS_iid,iid,False,5
4,2,2001,2,20001,True,0,False,10,0.0,0.0014676712453365326,0.007458912788253541,0.005534221042420635,0.013850416794459867,0.0,1.0,0.41436679033362134,4,2,0.6324555320336759,2500,OLS_iid,iid,False,5
3,9,9001,7,70001,True,18,False,10,0.0,0.031860578805208206,0.01383358857353921,0.01181510736570419,0.020672741521960847,0.383212025485546,0.9244284492164826,0.2230915970005138,4,2,0.6324555320336759,2500,OLS_iid,iid,False,5
4,2,2001,4,40001,True,0,False,10,0.0,0.0014161118306219578,0.00761613775242981,0.006742538472943345,0.011824699281261225,0.0,1.0,0.4039872994342839,4,2,0.6324555320336759,2500,OLS_iid,iid,False,5
4,2,2001,6,60001,True,0,False,10,0.0,0.001339971087872982,0.01276475775837748,0.008753258221846033,0.02419245055702176,0.0,1.0,0.4093003381608485,4,2,0.6324555320336759,2500,OLS_iid,iid,False,5
4,2,2001,3,30001,True,0,False,10,0.0,0.0015306109562516212,0.00892644008896394,0.007804929594490728,0.014822527630477225,0.0,1.0,0.40896176896452907,4,2,0.6324555320336759,2500,OLS_iid,iid,False,5
3,9,9001,10,100001,True,17,False,10,0.0,0.03018156997859478,0.01214342089701543,0.010573554749229703,0.01814239312458723,0.4147759595087486,0.9111467456336658,0.22320805151498566,4,2,0.6324555320336759,2500,OLS_iid,iid,False,5
4,2,2001,7,70001,True,0,False,10,0.0,0.0014484613202512264,0.008971412111594712,0.008589207648157252,0.010519587282698015,0.0,1.0,0.37915753139978675,4,2,0.6324555320336759,2500,OLS_iid,iid,False,5
4,2,2001,5,50001,True,0,False,10,0.0,0.0015548299998044968,0.01060405542660788,0.008866852720715695,0.017587251708839895,0.0,1.0,0.38294800452585226,4,2,0.6324555320336759,2500,OLS_iid,iid,False,5
4,2,2001,15,150001,True,0,False,10,0.0,0.001061753835529089,0.0057635776813722665,0.005143067115362139,0.009279110117366285,0.0,1.0,0.3985043600216415,4,2,0.6324555320336759,2500,OLS_iid,iid,False,5
4,2,2001,8,80001,True,0,False,10,0.0,0.0013428623788058758,0.002759051524019899,0.0024624412863941585,0.004568800422576807,0.0,1.0,0.4037684550463182,4,2,0.6324555320336759,2500,OLS_iid,iid,False,5
4,2,2001,10,100001,True,0,False,10,0.0,0.0013248119503259659,0.012108393655045173,0.010272414783393736,0.018695784121394936,0.0,1.0,0.39556819271034094,4,2,0.6324555320336759,2500,OLS_iid,iid,False,5
3,8,8001,13,130001,True,28,False,10,0.0,0.04754692129790783,0.016003009076396922,0.015222652633859853,0.02068597636951354,0.39515416370286266,0.9191332376136755,0.23185642814352778,4,2,0.6324555320336759,2500,OLS_iid,iid,False,5
4,2,2001,11,110001,True,0,False,10,0.0,0.0013982011005282402,0.007076885056828078,0.006611270675386025,0.010899349590833819,0.0,1.0,0.40307422305541124,4,2,0.6324555320336759,2500,OLS_iid,iid,False,5
4,2,2001,9,90001,True,0,False,10,0.0,0.0016093002632260323,0.009390927921053917,0.0064205190379115476,0.01808960556762774,0.0,1.0,0.39813550721796553,4,2,0.6324555320336759,2500,OLS_iid,iid,False,5
4,2,2001,13,130001,True,0,False,10,0.0,0.0014012008905410767,0.014890973029423429,0.013283081593709625,0.021170817463812185,0.0,1.0,0.38852330749187297,4,2,0.6324555320336759,2500,OLS_iid,iid,False,5
4,2,2001,12,120001,True,0,False,10,0.0,0.0014948612079024315,0.008612500396433551,0.0076661308627004685,0.014403487629242944,0.0,1.0,0.41158876747147094,4,2,0.6324555320336759,2500,OLS_iid,iid,False,5
4,2,2001,16,160001,True,0,False,10,0.0,0.0014147707261145115,0.01195360549714225,0.008963554526747648,0.01904578947341574,0.0,1.0,0.4022806025144358,4,2,0.6324555320336759,2500,OLS_iid,iid,False,5
4,2,2001,18,180001,True,0,False,10,0.0,0.00145639106631279,0.00762605120076836,0.0053027553693741816,0.014025289179362662,0.0,1.0,0.38514922019019415,4,2,0.6324555320336759,2500,OLS_iid,iid,False,5
4,2,2001,19,190001,True,0,False,10,0.0,0.0014387411065399647,0.004049161197750983,0.003753923915669106,0.005897427512977842,0.0,1.0,0.3817024056335486,4,2,0.6324555320336759,2500,OLS_iid,iid,False,5
4,2,2001,17,170001,True,0,False,10,0.0,0.0015084207989275455,0.006552721535825694,0.006052486839316627,0.010199760051343262,0.0,1.0,0.4124426990487472,4,2,0.6324555320336759,2500,OLS_iid,iid,False,5
4,2,2001,14,140001,True,0,False,10,0.0,0.0016327397897839546,0.005830218086776039,0.004449904315813438,0.010922004946663458,0.0,1.0,0.39240657071166035,4,2,0.6324555320336759,2500,OLS_iid,iid,False,5
4,2,2001,21,210001,True,0,False,10,0.0,0.0013756710104644299,0.012639962268292745,0.010808860729434265,0.019177111757398276,0.0,1.0,0.3982344970893231,4,2,0.6324555320336759,2500,OLS_iid,iid,False,5
4,2,2001,20,200001,True,0,False,10,0.0,0.0014925398863852024,0.009334770803994596,0.008425250908633,0.013215035209972867,0.0,1.0,0.39468862262908877,4,2,0.6324555320336759,2500,OLS_iid,iid,False,5
4,2,2001,22,220001,True,0,False,10,0.0,0.0014309310354292393,0.009576916273647,0.007447533191377041,0.01786920693672666,0.0,1.0,0.4079324034184756,4,2,0.6324555320336759,2500,OLS_iid,iid,False,5
3,9,9001,12,120001,True,17,False,10,0.0,0.030623057391494513,0.026245693782150165,0.022996118996355782,0.03810051321368822,0.40915910647429427,0.9128513894878323,0.2358550641185444,4,2,0.6324555320336759,2500,OLS_iid,iid,False,5
4,2,2001,24,240001,True,0,False,10,0.0,0.001352301798760891,0.008428050183859524,0.00827022691657212,0.010013792399766522,0.0,1.0,0.40833953009775487,4,2,0.6324555320336759,2500,OLS_iid,iid,False,5
4,3,3001,4,40001,True,0,False,10,0.0,0.0009945239871740341,0.013916191783490099,0.009526776670623153,0.025553165760546705,0.0,1.0,0.3949300929333229,4,2,0.6324555320336759,2500,OLS_iid,iid,False,5
4,2,2001,26,260001,True,0,False,10,0.0,0.0013238019309937954,0.010552331831685066,0.009407259536231182,0.015027371035108527,0.0,1.0,0.38943452271215334,4,2,0.6324555320336759,2500,OLS_iid,iid,False,5
4,2,2001,25,250001,True,0,False,10,0.0,0.00141903106123209,0.008923842948975063,0.005850408649156317,0.01726129877241719,0.0,1.0,0.39713379645502417,4,2,0.6324555320336759,2500,OLS_iid,iid,False,5
4,2,2001,29,290001,True,0,False,10,0.0,0.001325812190771103,0.011491478845536703,0.00855861595559563,0.02095844255210979,0.0,1.0,0.39070953081422505,4,2,0.6324555320336759,2500,OLS_iid,iid,False,5
4,3,3001,16,160001,True,0,False,10,0.0,0.0017907088622450829,0.008268104659500576,0.0067954659853843285,0.014782059441016947,0.0,1.0,0.40310519164824304,4,2,0.6324555320336759,2500,OLS_iid,iid,False,5
4,2,2001,28,280001,True,0,False,10,0.0,0.001407611183822155,0.010173713772531947,0.00924475578016819,0.013613311685338894,0.0,1.0,0.40309226014479016,4,2,0.6324555320336759,2500,OLS_iid,iid,False,5
4,3,3001,0,1,True,0,False,10,0.0,0.0013726120814681053,0.013954095660986194,0.009996088020734756,0.026694293690367424,0.0,1.0,0.4020265911405077,4,2,0.6324555320336759,2500,OLS_iid,iid,False,5
4,2,2001,27,270001,True,0,False,10,0.0,0.001513421069830656,0.007558295387656891,0.00667731784631318,0.011242183909131497,0.0,1.0,0.3858105284030825,4,2,0.6324555320336759,2500,OLS_iid,iid,False,5
4,2,2001,23,230001,True,0,False,10,0.0,0.001644078642129898,0.009486371475402811,0.00764640481519668,0.016179311860084908,0.0,1.0,0.40376000003220686,4,2,0.6324555320336759,2500,OLS_iid,iid,False,5
4,3,3001,3,30001,True,0,False,10,0.0,0.0014040418900549412,0.011318071804841493,0.010124923318419198,0.01685335856621553,0.0,1.0,0.41049522230185276,4,2,0.6324555320336759,2500,OLS_iid,iid,False,5
4,3,3001,5,50001,True,0,False,10,0.0,0.001394761260598898,0.007805124290289636,0.006496452913579878,0.01166943096913022,0.0,1.0,0.39133067723897735,4,2,0.6324555320336759,2500,OLS_iid,iid,False,5
4,3,3001,2,20001,True,0,False,10,0.0,0.0014930199831724167,0.004868877818669496,0.0038779568001694677,0.007535717997895123,0.0,1.0,0.40013089019329456,4,2,0.6324555320336759,2500,OLS_iid,iid,False,5
4,3,3001,6,60001,True,0,False,10,0.0,0.0013650520704686642,0.0068222415252917135,0.004892799442342142,0.010597756395791316,0.0,1.0,0.4063098856678488,4,2,0.6324555320336759,2500,OLS_iid,iid,False,5
3,9,9001,14,140001,True,17,False,10,0.0,0.030177519656717777,0.010488815321723048,0.008920452675916775,0.014653700395789466,0.4103723070437637,0.9125735858663561,0.22676800115605492,4,2,0.6324555320336759,2500,OLS_iid,iid,False,5
4,3,3001,8,80001,True,0,False,10,0.0,0.0013560010120272636,0.006526390626052017,0.005345415894345882,0.009285229575224102,0.0,1.0,0.38436019402387,4,2,0.6324555320336759,2500,OLS_iid,iid,False,5
4,4,4001,0,1,True,0,False,10,0.0,0.0017677093856036663,0.01044514318957764,0.009138376253706965,0.014548975757822356,0.0,1.0,0.39210903929572527,4,2,0.6324555320336759,2500,OLS_iid,iid,False,5
4,3,3001,7,70001,True,0,False,10,0.0,0.0015084496699273586,0.006098322195762745,0.005046151661564496,0.010632850155756731,0.0,1.0,0.4010536313931566,4,2,0.6324555320336759,2500,OLS_iid,iid,False,5
4,3,3001,11,110001,True,0,False,10,0.0,0.0013701808638870716,0.010914566783695798,0.00965418430129342,0.014297793204299948,0.0,1.0,0.4048964037626234,4,2,0.6324555320336759,2500,OLS_iid,iid,False,5
3,9,9001,6,60001,True,20,False,10,0.0,0.034736861009150743,0.015556572967764908,0.010254163081457084,0.03051676374742383,0.3909926977608305,0.9206583277017738,0.2311573241340636,4,2,0.6324555320336759,2500,OLS_iid,iid,False,5
4,3,3001,9,90001,True,0,False,10,0.0,0.0014497609809041023,0.00850830780991441,0.0061303223714737655,0.0160371100783785,0.0,1.0,0.3903306754038431,4,2,0.6324555320336759,2500,OLS_iid,iid,False,5
4,3,3001,12,120001,True,0,False,10,0.0,0.0014370512217283249,0.006820004331734449,0.005676917822422807,0.00965992058982297,0.0,1.0,0.40407823325438086,4,2,0.6324555320336759,2500,OLS_iid,iid,False,5
4,3,3001,13,130001,True,0,False,10,0.0,0.001455030869692564,0.007012665761162504,0.006725555972193866,0.008572179563883724,0.0,1.0,0.39474981038530343,4,2,0.6324555320336759,2500,OLS_iid,iid,False,5
4,3,3001,15,150001,True,0,False,10,0.0,0.0014062309637665749,0.007066581526448729,0.004685858978429066,0.013758499642450355,0.0,1.0,0.3819326336656448,4,2,0.6324555320336759,2500,OLS_iid,iid,False,5
4,3,3001,14,140001,True,0,False,10,0.0,0.0014390107244253159,0.004074395941271175,0.0036876246317774485,0.005462558311396542,0.0,1.0,0.4026990179770757,4,2,0.6324555320336759,2500,OLS_iid,iid,False,5
4,3,3001,18,180001,True,0,False,10,0.0,0.001417601015418768,0.007251165800263475,0.006413777000316359,0.01076399318517204,0.0,1.0,0.3932550067474271,4,2,0.6324555320336759,2500,OLS_iid,iid,False,5
4,3,3001,22,220001,True,0,False,10,0.0,0.0009902040474116802,0.0033722856465762136,0.002976234731186926,0.004916348326172051,0.0,1.0,0.40721795230308927,4,2,0.6324555320336759,2500,OLS_iid,iid,False,5
4,3,3001,17,170001,True,0,False,10,0.0,0.0014399709179997444,0.008466695885084275,0.008003422561960013,0.011386014914365248,0.0,1.0,0.3862483761708948,4,2,0.6324555320336759,2500,OLS_iid,iid,False,5
4,3,3001,19,190001,True,0,False,10,0.0,0.0014003613032400608,0.006076968639940199,0.005374299988619499,0.0077506900736628356,0.0,1.0,0.39929719623290405,4,2,0.6324555320336759,2500,OLS_iid,iid,False,5
3,9,9001,11,110001,True,17,False,10,0.0,0.03292936272919178,0.009948729831755264,0.008575229445631032,0.01324704081111626,0.3930740375639907,0.9202988919520673,0.2308467653820776,4,2,0.6324555320336759,2500,OLS_iid,iid,False,5
4,3,3001,1,10001,True,0,False,10,0.0,0.001479721162468195,0.00983388950761622,0.008181543211698165,0.017431001144120755,0.0,1.0,0.41104721219216117,4,2,0.6324555320336759,2500,OLS_iid,iid,False,5
4,3,3001,21,210001,True,0,False,10,0.0,0.0013524321839213371,0.0070989401046210035,0.005323464809884592,0.01335685818571639,0.0,1.0,0.4023308167051187,4,2,0.6324555320336759,2500,OLS_iid,iid,False,5
4,3,3001,23,230001,True,0,False,10,0.0,0.001354740932583809,0.006348423116053859,0.004632818057916454,0.012086912876147975,0.0,1.0,0.40391816193579794,4,2,0.6324555320336759,2500,OLS_iid,iid,False,5
3,9,9001,17,170001,True,27,False,10,0.0,0.04518159618601203,0.010437198627955026,0.009980116588479731,0.01447115538137722,0.41125810743308083,0.9121521370641431,0.22434857000496294,4,2,0.6324555320336759,2500,OLS_iid,iid,False,5
3,8,8001,18,180001,True,29,False,10,0.0,0.04879405302926898,0.00869788451118116,0.007829507581787222,0.011645987978907193,0.389700490629715,0.9220345353100102,0.23347046187925927,4,2,0.6324555320336759,2500,OLS_iid,iid,False,5
2,5,5001,18,180001,True,183,False,10,0.8282907660537875,1.154220056720078,0.09977946702614203,0.06775456255897118,0.19417690148508565,0.6558127285311509,0.8071992285566251,1.812508941728978e-05,4,2,0.6324555320336759,2500,OLS_iid,iid,False,5
4,3,3001,26,260001,True,0,False,10,0.0,0.0010112528689205647,0.007342688277789803,0.0058599920805767975,0.0129745676991008,0.0,1.0,0.3925729292102239,4,2,0.6324555320336759,2500,OLS_iid,iid,False,5
3,8,8001,27,270001,True,24,False,10,0.0,0.04249731171876192,0.020663451313674402,0.01886648994643557,0.02826827269419004,0.4043326823754043,0.9148246358258212,0.2264262769981563,4,2,0.6324555320336759,2500,OLS_iid,iid,False,5
4,3,3001,25,250001,True,0,False,10,0.0,0.00136491097509861,0.0031992374675000735,0.002983790408974973,0.004812803960019887,0.0,1.0,0.40727111577334335,4,2,0.6324555320336759,2500,OLS_iid,iid,False,5
4,4,4001,23,230001,True,0,False,10,0.0,0.0014374209567904472,0.006362758346563479,0.006092590091328774,0.00875713257906743,0.0,1.0,0.4066372650026265,4,2,0.6324555320336759,2500,OLS_iid,iid,False,5
4,3,3001,28,280001,True,0,False,10,0.0,0.0014160508289933205,0.011776154031240037,0.00942095595205731,0.020510315795063752,0.0,1.0,0.3938970687383524,4,2,0.6324555320336759,2500,OLS_iid,iid,False,5
4,3,3001,29,290001,True,0,False,10,0.0,0.0014342311769723892,0.013630410086532492,0.012652883022103045,0.01873404012022135,0.0,1.0,0.4038656516442209,4,2,0.6324555320336759,2500,OLS_iid,iid,False,5
4,3,3001,24,240001,True,0,False,10,0.0,0.0017742789350450039,0.0070252753575708584,0.00512413273769297,0.013215173673673853,0.0,1.0,0.41070746064057284,4,2,0.6324555320336759,2500,OLS_iid,iid,False,5
4,4,4001,24,240001,True,0,False,10,0.0,0.0013350020162761211,0.013527871130470277,0.011810853859861505,0.016621072859622735,0.0,1.0,0.3943153208450629,4,2,0.6324555320336759,2500,OLS_iid,iid,False,5
3,9,9001,18,180001,True,18,False,10,0.0,0.031851048581302166,0.005011678084324352,0.0037466998968720385,0.009480075195113211,0.39256793861328515,0.9205378831081988,0.22616838964345498,4,2,0.6324555320336759,2500,OLS_iid,iid,False,5
3,9,9001,19,190001,True,17,False,10,0.0,0.03135564178228378,0.02248706663809544,0.0193532549092578,0.03456882215343306,0.4072899927713787,0.9138429958608203,0.21127543967217516,4,2,0.6324555320336759,2500,OLS_iid,iid,False,5
4,4,4001,3,30001,True,0,False,10,0.0,0.0010773329995572567,0.009073467517334588,0.008610616843429772,0.012819759075394614,0.0,1.0,0.41036539978519415,4,2,0.6324555320336759,2500,OLS_iid,iid,False,5
4,4,4001,7,70001,True,0,False,10,0.0,0.001019342802464962,0.008463670178805519,0.008033925674137132,0.01078986860698677,0.0,1.0,0.39998939370671344,4,2,0.6324555320336759,2500,OLS_iid,iid,False,5
3,9,9001,15,150001,True,19,False,10,0.0,0.03388195717707276,0.013668416097413474,0.012705639688300132,0.020338019741956325,0.40851243487308425,0.915563971887413,0.2167042573830174,4,2,0.6324555320336759,2500,OLS_iid,iid,False,5
4,4,4001,4,40001,True,0,False,10,0.0,0.0013971510343253613,0.008182818323061813,0.00634579035665366,0.013449013922235888,0.0,1.0,0.3963102430321025,4,2,0.6324555320336759,2500,OLS_iid,iid,False,5
4,4,4001,2,20001,True,0,False,10,0.0,0.0014507509768009186,0.009663125384290025,0.00861609856781772,0.014731286110142553,0.0,1.0,0.39234651693698025,4,2,0.6324555320336759,2500,OLS_iid,iid,False,5
4,4,4001,6,60001,True,0,False,10,0.0,0.001384790986776352,0.005177084388407761,0.0037661846310713203,0.009314285761419006,0.0,1.0,0.400433551814284,4,2,0.6324555320336759,2500,OLS_iid,iid,False,5
4,4,4001,5,50001,True,0,False,10,0.0,0.0015166699886322021,0.007909849099734084,0.007459712286947698,0.010361045855994193,0.0,1.0,0.40087515507768945,4,2,0.6324555320336759,2500,OLS_iid,iid,False,5
4,4,4001,1,10001,True,0,False,10,0.0,0.002440374344587326,0.00976740827043865,0.008340451082609411,0.014686272681811111,0.0,1.0,0.40379291202267736,4,2,0.6324555320336759,2500,OLS_iid,iid,False,5
3,9,9001,9,90001,True,23,False,10,0.0,0.03984530828893185,0.011549013390407401,0.009079348563503129,0.019612986738267384,0.3972582588261677,0.9187478198788772,0.22263750636003396,4,2,0.6324555320336759,2500,OLS_iid,iid,False,5
3,9,9001,23,230001,True,17,False,10,0.0,0.030704866163432598,0.012657028686736694,0.010733344814229334,0.02071470167444429,0.390297794744218,0.9212841700488937,0.22662975027660617,4,2,0.6324555320336759,2500,OLS_iid,iid,False,5
3,9,9001,26,260001,True,17,False,10,0.0,0.029846861958503723,0.00631477283847813,0.005481771120812008,0.009074051953788357,0.41228889604944186,0.9120924162784413,0.2142710601920585,4,2,0.6324555320336759,2500,OLS_iid,iid,False,5
3,9,9001,22,220001,True,18,False,10,0.0,0.03160165110602975,0.014622559519325359,0.01158943401484947,0.026561082292195413,0.3956058091952946,0.9190712596955127,0.2245133077678479,4,2,0.6324555320336759,2500,OLS_iid,iid,False,5
3,8,8001,26,260001,True,17,False,10,0.0,0.04951830813661218,0.012256955121548993,0.011864408828886097,0.01593025703222296,0.4032622817691522,0.9161503768214591,0.21891725121938138,4,2,0.6324555320336759,2500,OLS_iid,iid,False,5
3,9,9001,27,270001,True,17,False,10,0.0,0.030025199986994267,0.016955758350615076,0.014244413151440939,0.025784715328228958,0.4121500346145059,0.9120805403944428,0.23183852174334166,4,2,0.6324555320336759,2500,OLS_iid,iid,False,5
3,9,9001,25,250001,True,18,False,10,0.0,0.03135651210322976,0.006174518472473775,0.005670249170589146,0.007576959479403632,0.39487683782590705,0.9191425317442106,0.22353569380670196,4,2,0.6324555320336759,2500,OLS_iid,iid,False,5
3,9,9001,24,240001,True,19,False,10,0.0,0.03247297601774335,0.015538642265158857,0.01422747886701134,0.02174144350514193,0.417086008450285,0.9096273531476718,0.2325050430923977,4,2,0.6324555320336759,2500,OLS_iid,iid,False,5
4,4,4001,12,120001,True,0,False,10,0.0,0.0010699331760406494,0.013377600529692842,0.010749470976511903,0.023895795899923716,0.0,1.0,0.4051239622034722,4,2,0.6324555320336759,2500,OLS_iid,iid,False,5
3,9,9001,1,10001,True,25,False,10,0.0,0.04791588755324483,0.01128203838895007,0.009793273817501773,0.0157909058422577,0.41086508204836136,0.9135998712673739,0.22472056772907664,4,2,0.6324555320336759,2500,OLS_iid,iid,False,5
4,4,4001,8,80001,True,0,False,10,0.0,0.0013931309804320335,0.008925384359342852,0.00728663339568497,0.013926514525834564,0.0,1.0,0.3823330031933394,4,2,0.6324555320336759,2500,OLS_iid,iid,False,5
4,4,4001,9,90001,True,0,False,10,0.0,0.0014506010338664055,0.0014199823760998244,0.0013415108554103445,0.0019701736353805997,0.0,1.0,0.4023642739557436,4,2,0.6324555320336759,2500,OLS_iid,iid,False,5
4,4,4001,14,140001,True,0,False,10,0.0,0.001481400802731514,0.0032176977317305206,0.0030548453392028815,0.004528586458220477,0.0,1.0,0.4056404994002224,4,2,0.6324555320336759,2500,OLS_iid,iid,False,5
4,4,4001,13,130001,True,0,False,10,0.0,0.0015040701255202293,0.005215932988230986,0.005183227541279971,0.006162651424012575,0.0,1.0,0.3958064855441284,4,2,0.6324555320336759,2500,OLS_iid,iid,False,5
4,4,4001,10,100001,True,0,False,10,0.0,0.0015516397543251514,0.011027324949528015,0.008303946954986556,0.0179782149641923,0.0,1.0,0.4034701988374581,4,2,0.6324555320336759,2500,OLS_iid,iid,False,5
4,4,4001,11,110001,True,0,False,10,0.0,0.0015334896743297577,0.0053731648525790375,0.003984403373920874,0.008453148412216926,0.0,1.0,0.39323306343371617,4,2,0.6324555320336759,2500,OLS_iid,iid,False,5
4,4,4001,16,160001,True,0,False,10,0.0,0.001025123056024313,0.008512080031420592,0.007343351630891023,0.013088359982768869,0.0,1.0,0.4047761105588562,4,2,0.6324555320336759,2500,OLS_iid,iid,False,5
4,4,4001,18,180001,True,0,False,10,0.0,0.0010586739517748356,0.01256923101191144,0.008195011425847297,0.024424184130714354,0.0,1.0,0.4071639036488752,4,2,0.6324555320336759,2500,OLS_iid,iid,False,5
4,4,4001,17,170001,True,0,False,10,0.0,0.0014962810091674328,0.005874136040440812,0.004599638446740403,0.010706417203550653,0.0,1.0,0.3813284155145559,4,2,0.6324555320336759,2500,OLS_iid,iid,False,5
4,4,4001,15,150001,True,0,False,10,0.0,0.0015604197978973389,0.008576773179772654,0.006738548480410167,0.014522660202394044,0.0,1.0,0.3969478263693922,4,2,0.6324555320336759,2500,OLS_iid,iid,False,5
4,4,4001,20,200001,True,0,False,10,0.0,0.001439560204744339,0.010481442396314353,0.010316375690050013,0.01347278799615381,0.0,1.0,0.4068902560264192,4,2,0.6324555320336759,2500,OLS_iid,iid,False,5
4,4,4001,19,190001,True,0,False,10,0.0,0.00159065006300807,0.01246702255096844,0.010830726677760963,0.019673991362075906,0.0,1.0,0.40844801064754177,4,2,0.6324555320336759,2500,OLS_iid,iid,False,5
4,6,6001,2,20001,True,0,False,10,0.0,0.0011218232102692127,0.007755500649160766,0.005476622619764273,0.014535362258779081,0.0,1.0,0.39823186096871477,4,2,0.6324555320336759,2500,OLS_iid,iid,False,5
4,4,4001,21,210001,True,0,False,10,0.0,0.001895558089017868,0.012873783692813645,0.008668064747359504,0.025045281984112294,0.0,1.0,0.4005705792361803,4,2,0.6324555320336759,2500,OLS_iid,iid,False,5
2,7,7001,18,180001,True,186,False,10,0.8282907660537875,0.774872818030417,0.21895411506177648,0.1320969168276435,0.44859048325649503,0.7110362969479198,0.777091809011185,2.0390911393779005e-05,4,2,0.6324555320336759,2500,OLS_iid,iid,False,5
4,6,6001,3,30001,True,0,False,10,0.0,0.0011426829732954502,0.00894381936663056,0.008127724521611158,0.01222291367337448,0.0,1.0,0.3958223345562455,4,2,0.6324555320336759,2500,OLS_iid,iid,False,5
3,9,9001,16,160001,True,28,False,10,0.0,0.046582017093896866,0.01886756263892154,0.013894715731637641,0.03373986663789097,0.4005075152177383,0.9178677722577806,0.2235398194635489,4,2,0.6324555320336759,2500,OLS_iid,iid,False,5
4,4,4001,22,220001,True,0,False,10,0.0,0.0014791609719395638,0.010495131475435257,0.009296314902061722,0.017722549846086677,0.0,1.0,0.3912869693872434,4,2,0.6324555320336759,2500,OLS_iid,iid,False,5
4,3,3001,27,270001,True,0,False,10,0.0,0.0014700409956276417,0.005830647519468296,0.005808751394759524,0.006223035069364015,0.0,1.0,0.4067286474551176,4,2,0.6324555320336759,2500,OLS_iid,iid,False,5
4,3,3001,20,200001,True,0,False,10,0.0,0.0015084100887179375,0.014919514564465025,0.01243403129941396,0.02253626387646298,0.0,1.0,0.4068501626147454,4,2,0.6324555320336759,2500,OLS_iid,iid,False,5
4,3,3001,10,100001,True,0,False,10,0.0,0.0014259410090744495,0.00729774842621774,0.007048722213564536,0.010100521430723106,0.0,1.0,0.4076870346342452,4,2,0.6324555320336759,2500,OLS_iid,iid,False,5
4,4,4001,25,250001,True,0,False,10,0.0,0.0015112413093447685,0.009458246698665365,0.007449604008962571,0.015624348976591557,0.0,1.0,0.4046966912963951,4,2,0.6324555320336759,2500,OLS_iid,iid,False,5
4,4,4001,26,260001,True,0,False,10,0.0,0.001526390202343464,0.009271912424447273,0.007803776254575596,0.014772752780298866,0.0,1.0,0.41191842712448506,4,2,0.6324555320336759,2500,OLS_iid,iid,False,5
2,7,7001,25,250001,True,173,False,10,0.6034868273123968,0.7104725730605423,0.06783467308271252,0.045667421054134114,0.13052958247710383,0.512323348653801,0.8829633382284894,2.4915431453909297e-05,4,2,0.6324555320336759,2500,OLS_iid,iid,False,5
4,4,4001,27,270001,True,0,False,10,0.0,0.0019638570956885815,0.00584187822552734,0.005111854385080017,0.009884727632687156,0.0,1.0,0.40452699726853614,4,2,0.6324555320336759,2500,OLS_iid,iid,False,5
4,4,4001,28,280001,True,0,False,10,0.0,0.0016670688055455685,0.005196461632522377,0.004136282893909577,0.0077670882191592724,0.0,1.0,0.40106559455844776,4,2,0.6324555320336759,2500,OLS_iid,iid,False,5
4,5,5001,4,40001,True,0,False,10,0.0,0.001290472224354744,0.00395424607689358,0.003484612875229315,0.005683316814841443,0.0,1.0,0.4174679166895117,4,2,0.6324555320336759,2500,OLS_iid,iid,False,5
4,5,5001,0,1,True,0,False,10,0.0,0.0013020820915699005,0.009271162124273525,0.007980484831846523,0.01571061530479182,0.0,1.0,0.3931864590363537,4,2,0.6324555320336759,2500,OLS_iid,iid,False,5
4,4,4001,29,290001,True,0,False,10,0.0,0.0014795903116464615,0.011407434717142817,0.008607490710221708,0.01976322235317555,0.0,1.0,0.38897544171526244,4,2,0.6324555320336759,2500,OLS_iid,iid,False,5
4,5,5001,2,20001,True,0,False,10,0.0,0.0014351708814501762,0.007452317930095448,0.006672733067416865,0.011444729045621398,0.0,1.0,0.4042460703070126,4,2,0.6324555320336759,2500,OLS_iid,iid,False,5
4,5,5001,1,10001,True,0,False,10,0.0,0.001465159934014082,0.007561666058592464,0.006062452797046932,0.012328312281388039,0.0,1.0,0.4043412716535053,4,2,0.6324555320336759,2500,OLS_iid,iid,False,5
4,5,5001,3,30001,True,0,False,10,0.0,0.0014338614419102669,0.007167880815939447,0.006127223742532863,0.01250458834596181,0.0,1.0,0.4005588881518316,4,2,0.6324555320336759,2500,OLS_iid,iid,False,5
3,9,9001,28,280001,True,17,False,10,0.0,0.039003764279186726,0.022663867812359826,0.018617311913143017,0.039457922593062335,0.4312022641342222,0.9043872941633857,0.23486062794754908,4,2,0.6324555320336759,2500,OLS_iid,iid,False,5
4,5,5001,5,50001,True,0,False,10,0.0,0.0015255599282681942,0.006498194972792394,0.005632601003073569,0.011058754333590621,0.0,1.0,0.3967937313089291,4,2,0.6324555320336759,2500,OLS_iid,iid,False,5
4,5,5001,7,70001,True,0,False,10,0.0,0.001116753090173006,0.010945921504699552,0.00996470993919165,0.01698042583889443,0.0,1.0,0.41105491759370344,4,2,0.6324555320336759,2500,OLS_iid,iid,False,5
4,5,5001,8,80001,True,0,False,10,0.0,0.0011879028752446175,0.005808400849247222,0.0052058924881040695,0.008210366264768874,0.0,1.0,0.3925076849834662,4,2,0.6324555320336759,2500,OLS_iid,iid,False,5
4,5,5001,6,60001,True,0,False,10,0.0,0.001573930960148573,0.005763159572077422,0.005563156091746618,0.00768568181529187,0.0,1.0,0.4066241313911838,4,2,0.6324555320336759,2500,OLS_iid,iid,False,5
4,5,5001,11,110001,True,0,False,10,0.0,0.0014475900679826736,0.011361057980038922,0.007702612745749109,0.02208379782608175,0.0,1.0,0.39067745809670584,4,2,0.6324555320336759,2500,OLS_iid,iid,False,5
4,5,5001,10,100001,True,0,False,10,0.0,0.0014987201429903507,0.0024274839056764776,0.002046910683249454,0.0042396038877084595,0.0,1.0,0.3883313624851717,4,2,0.6324555320336759,2500,OLS_iid,iid,False,5
4,5,5001,12,120001,True,0,False,10,0.0,0.001455371268093586,0.011999616642842662,0.011762431996824875,0.014654570045038963,0.0,1.0,0.395398856035207,4,2,0.6324555320336759,2500,OLS_iid,iid,False,5
4,5,5001,9,90001,True,0,False,10,0.0,0.0015286696143448353,0.003973057240452059,0.0035741929862447793,0.0056530039125089184,0.0,1.0,0.3994126507113595,4,2,0.6324555320336759,2500,OLS_iid,iid,False,5
2,6,6001,19,190001,True,208,False,10,0.06457129572950791,1.0331519301980734,0.18057660915898377,0.13927246043781438,0.2726472446938325,0.5381902819814306,0.8775639029681146,1.9451471751436618e-05,4,2,0.6324555320336759,2500,OLS_iid,iid,False,5
2,7,7001,15,150001,True,198,False,10,0.1806147704263652,0.8184951622970402,0.31777768803791545,0.25527451108081534,0.5867671084649119,1.092167664808565,0.39553684007912093,2.41077937147187e-05,4,2,0.6324555320336759,2500,OLS_iid,iid,False,5
2,7,7001,27,270001,True,173,False,10,0.04416950633781381,0.7112125977873802,0.05334422621748608,0.05248320775865066,0.06717362214206914,0.4626886006162484,0.9056018207948089,2.8897619781481658e-05,4,2,0.6324555320336759,2500,OLS_iid,iid,False,5
3,9,9001,21,210001,True,23,False,10,0.0,0.05248423898592591,0.012531074820738558,0.01146997573134374,0.019907637155683503,0.37540420315267964,0.9271837095108031,0.22454556299319076,4,2,0.6324555320336759,2500,OLS_iid,iid,False,5
4,5,5001,15,150001,True,0,False,10,0.0,0.0011985930614173412,0.004089801399233847,0.003096123507492464,0.007517972999700551,0.0,1.0,0.40048344539698755,4,2,0.6324555320336759,2500,OLS_iid,iid,False,5
4,5,5001,13,130001,True,0,False,10,0.0,0.0014730608090758324,0.010894549155904062,0.010013023624878893,0.01651952838059112,0.0,1.0,0.3991527248830203,4,2,0.6324555320336759,2500,OLS_iid,iid,False,5
4,5,5001,14,140001,True,0,False,10,0.0,0.001529230736196041,0.008042145922786448,0.007764947694473556,0.01138731640697595,0.0,1.0,0.3920124697646783,4,2,0.6324555320336759,2500,OLS_iid,iid,False,5
4,5,5001,17,170001,True,0,False,10,0.0,0.0012176623567938805,0.014153901355340826,0.013997382061809796,0.0174932241381564,0.0,1.0,0.3954201269350605,4,2,0.6324555320336759,2500,OLS_iid,iid,False,5
4,5,5001,19,190001,True,0,False,10,0.0,0.0015230909921228886,0.009935007319059861,0.009620754537395578,0.013216299729703338,0.0,1.0,0.39556312713129077,4,2,0.6324555320336759,2500,OLS_iid,iid,False,5
4,5,5001,16,160001,True,0,False,10,0.0,0.001672188751399517,0.008390400754288877,0.006349386292178186,0.012832994143356515,0.0,1.0,0.39208792746385834,4,2,0.6324555320336759,2500,OLS_iid,iid,False,5
4,5,5001,18,180001,True,0,False,10,0.0,0.0019882977940142155,0.007133380866082462,0.005892857586927361,0.01201540050080986,0.0,1.0,0.39092367313010046,4,2,0.6324555320336759,2500,OLS_iid,iid,False,5
2,7,7001,24,240001,True,176,False,10,0.43057353603620835,0.7324554440565407,0.08700347228060536,0.06075267480890614,0.15653107452682508,0.5052627246121395,0.8896466975826549,2.5318179669406476e-05,4,2,0.6324555320336759,2500,OLS_iid,iid,False,5
4,5,5001,23,230001,True,0,False,10,0.0,0.0010423436760902405,0.009097319968949793,0.008739763292640028,0.012473715591383114,0.0,1.0,0.4006680016275832,4,2,0.6324555320336759,2500,OLS_iid,iid,False,5
4,5,5001,24,240001,True,0,False,10,0.0,0.00125226192176342,0.00880400385617407,0.007187603009196585,0.01569704874971866,0.0,1.0,0.4070618391148833,4,2,0.6324555320336759,2500,OLS_iid,iid,False,5
2,8,8001,1,10001,True,174,False,10,0.6221004727722926,0.7002096483483911,0.060761083039328465,0.03676807689190094,0.12059322450939376,0.5328393320820011,0.8748042818867288,2.3902207101281554e-05,4,2,0.6324555320336759,2500,OLS_iid,iid,False,5
4,5,5001,20,200001,True,0,False,10,0.0,0.0016242698766291142,0.007167539277097436,0.005431727865753175,0.012822174877039707,0.0,1.0,0.4020629316516859,4,2,0.6324555320336759,2500,OLS_iid,iid,False,5
4,5,5001,25,250001,True,0,False,10,0.0,0.0014652111567556858,0.008342339099738926,0.007382715599511059,0.014049961775015534,0.0,1.0,0.39798338253116833,4,2,0.6324555320336759,2500,OLS_iid,iid,False,5
4,5,5001,21,210001,True,0,False,10,0.0,0.001581090036779642,0.012171941916089333,0.010802183705635139,0.016379411643172262,0.0,1.0,0.39482213686116374,4,2,0.6324555320336759,2500,OLS_iid,iid,False,5
4,5,5001,22,220001,True,0,False,10,0.0,0.0016644103452563286,0.010168692265771363,0.009640883722674817,0.014316205220454853,0.0,1.0,0.3989855597276033,4,2,0.6324555320336759,2500,OLS_iid,iid,False,5
4,5,5001,26,260001,True,0,False,10,0.0,0.0014925808645784855,0.010137466815011596,0.008858785317448463,0.012137016961973774,0.0,1.0,0.4007909321864308,4,2,0.6324555320336759,2500,OLS_iid,iid,False,5
4,6,6001,1,10001,True,0,False,10,0.0,0.0011341129429638386,0.008779073876136231,0.007899914981576597,0.011960766553193176,0.0,1.0,0.3982660271290881,4,2,0.6324555320336759,2500,OLS_iid,iid,False,5
3,9,9001,29,290001,True,18,False,10,0.0,0.03221712727099657,0.041358145649557566,0.026281090709520845,0.044606196006665044,0.3791388421805218,0.9258408418495092,0.2290764544506688,4,2,0.6324555320336759,2500,OLS_iid,iid,False,5
3,9,9001,20,200001,True,18,False,10,0.0,0.04045369476079941,0.010535596999564129,0.008540615228737171,0.01472373448416707,0.39220021527964405,0.9204480420990447,0.22717432574971563,4,2,0.6324555320336759,2500,OLS_iid,iid,False,5
4,5,5001,27,270001,True,0,False,10,0.0,0.001477729994803667,0.002320246021183634,0.001913811889091929,0.003679537511199986,0.0,1.0,0.3913778577537044,4,2,0.6324555320336759,2500,OLS_iid,iid,False,5
4,5,5001,29,290001,True,0,False,10,0.0,0.0014483309350907803,0.00912520741702905,0.008244982162674759,0.012210485084004559,0.0,1.0,0.3945316399368022,4,2,0.6324555320336759,2500,OLS_iid,iid,False,5
4,5,5001,28,280001,True,0,False,10,0.0,0.0015016100369393826,0.008898114563659479,0.007709540652244346,0.01185913516828996,0.0,1.0,0.37740633189066763,4,2,0.6324555320336759,2500,OLS_iid,iid,False,5
4,6,6001,0,1,True,0,False,10,0.0,0.0014897310175001621,0.005036280759027183,0.00427016617288116,0.008237710849544016,0.0,1.0,0.4011012609148001,4,2,0.6324555320336759,2500,OLS_iid,iid,False,5
4,6,6001,7,70001,True,0,False,10,0.0,0.0009473441168665886,0.010130636064675813,0.00866589566187476,0.017136335529407822,0.0,1.0,0.3987125538144821,4,2,0.6324555320336759,2500,OLS_iid,iid,False,5
4,7,7001,26,260001,True,0,False,10,0.0,0.0011294330470263958,0.006050676193598755,0.004399955978801684,0.009312554608269756,0.0,1.0,0.40493695015260756,4,2,0.6324555320336759,2500,OLS_iid,iid,False,5
4,6,6001,10,100001,True,0,False,10,0.0,0.0013548610731959343,0.01017101912913212,0.009682917598474897,0.013069562662715393,0.0,1.0,0.3900468704868474,4,2,0.6324555320336759,2500,OLS_iid,iid,False,5
4,6,6001,5,50001,True,0,False,10,0.0,0.0014724107459187508,0.01019419060097159,0.009136711186015386,0.01637019680034641,0.0,1.0,0.4098469126278974,4,2,0.6324555320336759,2500,OLS_iid,iid,False,5
4,6,6001,8,80001,True,0,False,10,0.0,0.001497920136898756,0.008007327035341438,0.006315598300219822,0.012660301674405681,0.0,1.0,0.40356292366598884,4,2,0.6324555320336759,2500,OLS_iid,iid,False,5
4,6,6001,9,90001,True,0,False,10,0.0,0.001525780651718378,0.0120327260794053,0.01009799998568299,0.02046234652360972,0.0,1.0,0.3998003745756466,4,2,0.6324555320336759,2500,OLS_iid,iid,False,5
4,6,6001,6,60001,True,0,False,10,0.0,0.0015915296971797943,0.007988154565684847,0.006873004787317326,0.013479785131234514,0.0,1.0,0.39843199808998325,4,2,0.6324555320336759,2500,OLS_iid,iid,False,5
4,6,6001,11,110001,True,0,False,10,0.0,0.0011939727701246738,0.004239829109594036,0.002555146019502088,0.0065733220892981534,0.0,1.0,0.394800963348874,4,2,0.6324555320336759,2500,OLS_iid,iid,False,5
4,8,8001,4,40001,True,0,False,10,0.0,0.0010534240864217281,0.0055571710803467445,0.0050441934105825495,0.008250251889126616,0.0,1.0,0.39896325324583715,4,2,0.6324555320336759,2500,OLS_iid,iid,False,5
4,8,8001,5,50001,True,0,False,10,0.0,0.0010570627637207508,0.009126959620730407,0.00616860365980436,0.017278116694483345,0.0,1.0,0.4024650207998083,4,2,0.6324555320336759,2500,OLS_iid,iid,False,5
4,6,6001,12,120001,True,0,False,10,0.0,0.0014829998835921288,0.0069756481193885625,0.006185442962309096,0.010745277456428417,0.0,1.0,0.4030289900128049,4,2,0.6324555320336759,2500,OLS_iid,iid,False,5
4,6,6001,16,160001,True,0,False,10,0.0,0.0015413500368595123,0.005309237735507083,0.004151136614305031,0.009350594077515414,0.0,1.0,0.3951991278989194,4,2,0.6324555320336759,2500,OLS_iid,iid,False,5
4,6,6001,17,170001,True,0,False,10,0.0,0.0015330109745264053,0.006283803469111182,0.005799363254006624,0.00842417930243415,0.0,1.0,0.39271173795250175,4,2,0.6324555320336759,2500,OLS_iid,iid,False,5
4,6,6001,14,140001,True,0,False,10,0.0,0.0016658389940857887,0.011849130940436945,0.009573044841009886,0.020528104777571263,0.0,1.0,0.4003169856907072,4,2,0.6324555320336759,2500,OLS_iid,iid,False,5
2,7,7001,20,200001,True,190,False,10,0.8989113757015645,0.7773764510639012,0.34131003158832757,0.22332028991362152,0.4856424189940581,0.900185860403359,0.6628985932436483,1.797803462540279e-05,4,2,0.6324555320336759,2500,OLS_iid,iid,False,5
4,8,8001,10,100001,True,0,False,10,0.0,0.0010720929130911827,0.006085275312840502,0.0052844109384284094,0.008646458627151337,0.0,1.0,0.38614683274447953,4,2,0.6324555320336759,2500,OLS_iid,iid,False,5
4,6,6001,22,220001,True,0,False,10,0.0,0.0013841111212968826,0.010298203144046282,0.009006444888844604,0.01344034438553835,0.0,1.0,0.3884579617005005,4,2,0.6324555320336759,2500,OLS_iid,iid,False,5
4,6,6001,23,230001,True,0,False,10,0.0,0.001425751019269228,0.0019382326890341499,0.0015795290489952097,0.0034080271673379713,0.0,1.0,0.4094276937913079,4,2,0.6324555320336759,2500,OLS_iid,iid,False,5
4,6,6001,20,200001,True,0,False,10,0.0,0.0015263310633599758,0.009580095902400604,0.008552528108245746,0.015671342867550404,0.0,1.0,0.4094639684932672,4,2,0.6324555320336759,2500,OLS_iid,iid,False,5
4,8,8001,18,180001,True,0,False,10,0.0,0.0010473141446709633,0.012418364775905672,0.011762204388054183,0.015406191032422972,0.0,1.0,0.38522487589447457,4,2,0.6324555320336759,2500,OLS_iid,iid,False,5
4,6,6001,24,240001,True,0,False,10,0.0,0.0014895908534526825,0.002137857108557435,0.0018359610721341195,0.0032293754414234174,0.0,1.0,0.40220229635453203,4,2,0.6324555320336759,2500,OLS_iid,iid,False,5
4,6,6001,18,180001,True,0,False,10,0.0,0.00231233611702919,0.007937178571300293,0.007158859608942893,0.010785886224599165,0.0,1.0,0.38690097834398174,4,2,0.6324555320336759,2500,OLS_iid,iid,False,5
4,7,7001,0,1,True,0,False,10,0.0,0.0011464129202067852,0.00760494031902427,0.006045747515647217,0.012099791078757785,0.0,1.0,0.40347152085165683,4,2,0.6324555320336759,2500,OLS_iid,iid,False,5
4,8,8001,19,190001,True,0,False,10,0.0,0.001104133203625679,0.010128823978940918,0.009821081788900905,0.012247475323788443,0.0,1.0,0.39963470235559867,4,2,0.6324555320336759,2500,OLS_iid,iid,False,5
4,6,6001,25,250001,True,0,False,10,0.0,0.0015188008546829224,0.006429985484230911,0.00635859330690383,0.007420342661057836,0.0,1.0,0.39478452377055484,4,2,0.6324555320336759,2500,OLS_iid,iid,False,5
4,6,6001,27,270001,True,0,False,10,0.0,0.0015233997255563736,0.0076985243720904106,0.005004324706470231,0.01471864524957671,0.0,1.0,0.40807830702396247,4,2,0.6324555320336759,2500,OLS_iid,iid,False,5
4,6,6001,28,280001,True,0,False,10,0.0,0.0014717606827616692,0.00552265978527444,0.00422801787321596,0.009042906968419468,0.0,1.0,0.3910442181883304,4,2,0.6324555320336759,2500,OLS_iid,iid,False,5
4,6,6001,29,290001,True,0,False,10,0.0,0.0015343599952757359,0.016574477642001473,0.015807275818458193,0.021365268740666243,0.0,1.0,0.4033669128854446,4,2,0.6324555320336759,2500,OLS_iid,iid,False,5
4,7,7001,1,10001,True,0,False,10,0.0,0.001436079852283001,0.010828091487871295,0.006895338145795068,0.021214777511984036,0.0,1.0,0.4009989723009271,4,2,0.6324555320336759,2500,OLS_iid,iid,False,5
2,7,7001,23,230001,True,185,False,10,0.9021557841548206,0.7458340297453105,0.12317909948492635,0.08375792160397552,0.2405370244657407,0.740624265334745,0.753879193083507,1.662310717452401e-05,4,2,0.6324555320336759,2500,OLS_iid,iid,False,5
4,7,7001,3,30001,True,0,False,10,0.0,0.0014417609199881554,0.014503345948480397,0.012586036044423803,0.024863737437582696,0.0,1.0,0.39739161048533883,4,2,0.6324555320336759,2500,OLS_iid,iid,False,5
4,7,7001,4,40001,True,0,False,10,0.0,0.0014297710731625557,0.015677101961645148,0.01406096106162989,0.021144148195251726,0.0,1.0,0.4084164724624321,4,2,0.6324555320336759,2500,OLS_iid,iid,False,5
4,7,7001,2,20001,True,0,False,10,0.0,0.001514940056949854,0.005121330394673143,0.004845195149082301,0.007560009082775803,0.0,1.0,0.39376090622968607,4,2,0.6324555320336759,2500,OLS_iid,iid,False,5
4,7,7001,5,50001,True,0,False,10,0.0,0.00152576994150877,0.003424780882370382,0.0027122412855113973,0.005717844183713988,0.0,1.0,0.39141062197445015,4,2,0.6324555320336759,2500,OLS_iid,iid,False,5
4,7,7001,8,80001,True,0,False,10,0.0,0.0016023400239646435,0.009029535942907238,0.007324254234821415,0.01409525981162503,0.0,1.0,0.40308612456603915,4,2,0.6324555320336759,2500,OLS_iid,iid,False,5
4,7,7001,6,60001,True,0,False,10,0.0,0.0016432590782642365,0.006900964478814153,0.00616712852298227,0.010114840372455785,0.0,1.0,0.4075427151785826,4,2,0.6324555320336759,2500,OLS_iid,iid,False,5
4,7,7001,7,70001,True,0,False,10,0.0,0.0016002999618649483,0.01157918363257679,0.008842612702203366,0.021304807719916927,0.0,1.0,0.41060739078741465,4,2,0.6324555320336759,2500,OLS_iid,iid,False,5
4,7,7001,13,130001,True,0,False,10,0.0,0.0011181123554706573,0.006673179736461772,0.005843997426400266,0.009989183877957846,0.0,1.0,0.399180369708717,4,2,0.6324555320336759,2500,OLS_iid,iid,False,5
4,7,7001,10,100001,True,0,False,10,0.0,0.0012767319567501545,0.0067215826938426095,0.005634302551695308,0.009627440643756877,0.0,1.0,0.3945719318622242,4,2,0.6324555320336759,2500,OLS_iid,iid,False,5
4,7,7001,11,110001,True,0,False,10,0.0,0.0014571608044207096,0.0069250452835523816,0.006560958789636625,0.008846788056551862,0.0,1.0,0.3929665783293317,4,2,0.6324555320336759,2500,OLS_iid,iid,False,5
4,7,7001,9,90001,True,0,False,10,0.0,0.0015272311866283417,0.012696211458177432,0.011650177808217883,0.01851187715502771,0.0,1.0,0.3966594950457816,4,2,0.6324555320336759,2500,OLS_iid,iid,False,5
4,7,7001,12,120001,True,0,False,10,0.0,0.0015024207532405853,0.007754274995533468,0.007071470776991144,0.01127176382465904,0.0,1.0,0.3948730058701588,4,2,0.6324555320336759,2500,OLS_iid,iid,False,5
4,7,7001,14,140001,True,0,False,10,0.0,0.0014889407902956009,0.007984746649546091,0.007958165464871023,0.008839689026615893,0.0,1.0,0.3925184074697177,4,2,0.6324555320336759,2500,OLS_iid,iid,False,5
4,7,7001,20,200001,True,0,False,10,0.0,0.00117005268111825,0.006132053613859794,0.004776335725243491,0.011288955304395082,0.0,1.0,0.39986184161821337,4,2,0.6324555320336759,2500,OLS_iid,iid,False,5
4,9,9001,10,100001,True,0,False,10,0.0,0.0011114529334008694,0.009002173434224593,0.006885354392293286,0.016503830065348883,0.0,1.0,0.3903921346629869,4,2,0.6324555320336759,2500,OLS_iid,iid,False,5
4,7,7001,16,160001,True,0,False,10,0.0,0.001469321083277464,0.007099286515303482,0.005760800917450665,0.012224129765647174,0.0,1.0,0.3888439836697267,4,2,0.6324555320336759,2500,OLS_iid,iid,False,5
4,7,7001,21,210001,True,0,False,10,0.0,0.0014088312163949013,0.007272127728976257,0.007119159734141748,0.008775267483910788,0.0,1.0,0.40925119393224646,4,2,0.6324555320336759,2500,OLS_iid,iid,False,5
4,7,7001,22,220001,True,0,False,10,0.0,0.0014394409954547882,0.004804257381122985,0.004735186568256632,0.005358126749642605,0.0,1.0,0.4111207006068301,4,2,0.6324555320336759,2500,OLS_iid,iid,False,5
4,7,7001,19,190001,True,0,False,10,0.0,0.0015318910591304302,0.013852886495001538,0.013782990320642223,0.016028484673511766,0.0,1.0,0.39519532353486275,4,2,0.6324555320336759,2500,OLS_iid,iid,False,5
4,7,7001,18,180001,True,0,False,10,0.0,0.0017593889497220516,0.0102150278863183,0.008710242753526734,0.01753861640164969,0.0,1.0,0.40308399654370347,4,2,0.6324555320336759,2500,OLS_iid,iid,False,5
4,7,7001,17,170001,True,0,False,10,0.0,0.002029196824878454,0.009797922800206216,0.007574682074854079,0.018179340656247506,0.0,1.0,0.3989307218654969,4,2,0.6324555320336759,2500,OLS_iid,iid,False,5
4,6,6001,4,40001,True,0,False,10,0.0,0.0011115828529000282,0.006271956177998112,0.005795658448075176,0.008364274149228202,0.0,1.0,0.40984745460101296,4,2,0.6324555320336759,2500,OLS_iid,iid,False,5
4,7,7001,24,240001,True,0,False,10,0.0,0.0014261812902987003,0.007197986122135996,0.006707231101253274,0.009856722884366202,0.0,1.0,0.3837205195265319,4,2,0.6324555320336759,2500,OLS_iid,iid,False,5
4,7,7001,23,230001,True,0,False,10,0.0,0.0014349520206451416,0.0028957882315071453,0.0027864234278154928,0.003965862175431156,0.0,1.0,0.39740135809825167,4,2,0.6324555320336759,2500,OLS_iid,iid,False,5
4,7,7001,25,250001,True,0,False,10,0.0,0.0014826306141912937,0.005468324313585925,0.004970043229974096,0.00811970642755286,0.0,1.0,0.3966435701826383,4,2,0.6324555320336759,2500,OLS_iid,iid,False,5
4,7,7001,27,270001,True,0,False,10,0.0,0.0014091809280216694,0.007026220349078261,0.005495210306202991,0.012186284149930168,0.0,1.0,0.40046127223718475,4,2,0.6324555320336759,2500,OLS_iid,iid,False,5
4,9,9001,18,180001,True,0,False,10,0.0,0.001088133081793785,0.006823986552742417,0.005385470726863843,0.01178438249171305,0.0,1.0,0.3940599929482531,4,2,0.6324555320336759,2500,OLS_iid,iid,False,5
2,8,8001,4,40001,True,178,False,10,0.3466522338941456,0.7030387897975743,0.06636194769812509,0.045906406872938774,0.12887177976243727,0.4805874266054432,0.8975056173961617,2.6582049253529803e-05,4,2,0.6324555320336759,2500,OLS_iid,iid,False,5
4,7,7001,29,290001,True,0,False,10,0.0,0.001906337682157755,0.010757279382450127,0.009087775394826579,0.016755292402414013,0.0,1.0,0.40075785037693923,4,2,0.6324555320336759,2500,OLS_iid,iid,False,5
4,6,6001,15,150001,True,0,False,10,0.0,0.0012505417689681053,0.010165396681038639,0.00863080884472918,0.015080237619239429,0.0,1.0,0.4022137387752967,4,2,0.6324555320336759,2500,OLS_iid,iid,False,5
4,8,8001,3,30001,True,0,False,10,0.0,0.0010573328472673893,0.009083882196845696,0.007771514134085539,0.015277661297602085,0.0,1.0,0.4160464057187552,4,2,0.6324555320336759,2500,OLS_iid,iid,False,5
4,6,6001,13,130001,True,0,False,10,0.0,0.0015513598918914795,0.01532358799781028,0.012547770543196203,0.022762297367924844,0.0,1.0,0.39532988417946935,4,2,0.6324555320336759,2500,OLS_iid,iid,False,5
4,8,8001,1,10001,True,0,False,10,0.0,0.0013692518696188927,0.006752629362193012,0.006308738121163096,0.010135482019050054,0.0,1.0,0.39861024179017795,4,2,0.6324555320336759,2500,OLS_iid,iid,False,5
4,8,8001,6,60001,True,0,False,10,0.0,0.0014368710108101368,0.007617230371839875,0.006170788717995465,0.013017532125482123,0.0,1.0,0.40686428396956315,4,2,0.6324555320336759,2500,OLS_iid,iid,False,5
4,8,8001,2,20001,True,0,False,10,0.0,0.0014896509237587452,0.007662211685132185,0.007313540946675598,0.009051807626820708,0.0,1.0,0.3886428881187552,4,2,0.6324555320336759,2500,OLS_iid,iid,False,5
4,8,8001,0,1,True,0,False,10,0.0,0.0015253201127052307,0.00466149020675121,0.004129556716904209,0.007531608137451496,0.0,1.0,0.39745843177521745,4,2,0.6324555320336759,2500,OLS_iid,iid,False,5
2,8,8001,2,20001,True,171,False,10,0.3016106488049307,0.7105648219585419,0.04816542965137669,0.03478547513559556,0.08777588010738346,0.9200563613708113,0.4758018054910416,2.9690943431349158e-05,4,2,0.6324555320336759,2500,OLS_iid,iid,False,5
4,8,8001,11,110001,True,0,False,10,0.0,0.0009377738460898399,0.007272162446983435,0.004536964554405051,0.014214466269446892,0.0,1.0,0.4008070903006811,4,2,0.6324555320336759,2500,OLS_iid,iid,False,5
4,6,6001,21,210001,True,0,False,10,0.0,0.0014248811639845371,0.006917324625998469,0.006222295669213391,0.011008034629338002,0.0,1.0,0.38685821680775445,4,2,0.6324555320336759,2500,OLS_iid,iid,False,5
4,8,8001,8,80001,True,0,False,10,0.0,0.0014730910770595074,0.00967836514526018,0.007626086357626474,0.01616496870502603,0.0,1.0,0.39556534757720274,4,2,0.6324555320336759,2500,OLS_iid,iid,False,5
4,8,8001,12,120001,True,0,False,10,0.0,0.001399810891598463,0.006074310192599136,0.005346367224102196,0.009010784315422078,0.0,1.0,0.39062176345575556,4,2,0.6324555320336759,2500,OLS_iid,iid,False,5
4,8,8001,9,90001,True,0,False,10,0.0,0.0015422496944665909,0.0036768892332646,0.0036536610132527755,0.004247347406450306,0.0,1.0,0.3893169745343886,4,2,0.6324555320336759,2500,OLS_iid,iid,False,5
4,8,8001,7,70001,True,0,False,10,0.0,0.0017401990480720997,0.006709044135328183,0.0049907106338771675,0.011805811457970139,0.0,1.0,0.3903019136212156,4,2,0.6324555320336759,2500,OLS_iid,iid,False,5
4,8,8001,13,130001,True,0,False,10,0.0,0.0015553701668977737,0.009263786630843459,0.00867720410188622,0.012247006371793361,0.0,1.0,0.4084604345075881,4,2,0.6324555320336759,2500,OLS_iid,iid,False,5
4,6,6001,19,190001,True,0,False,10,0.0,0.001589929684996605,0.012503036112866961,0.009662383243319621,0.022099363380897963,0.0,1.0,0.4053877391593397,4,2,0.6324555320336759,2500,OLS_iid,iid,False,5
4,6,6001,26,260001,True,0,False,10,0.0,0.001471261028200388,0.013304285112928242,0.01267976453386528,0.017562058714337768,0.0,1.0,0.3904606805680208,4,2,0.6324555320336759,2500,OLS_iid,iid,False,5
4,8,8001,14,140001,True,0,False,10,0.0,0.0014375611208379269,0.007130905012578862,0.006347298697500742,0.008862958703465353,0.0,1.0,0.39285019979863833,4,2,0.6324555320336759,2500,OLS_iid,iid,False,5
4,8,8001,16,160001,True,0,False,10,0.0,0.0014263009652495384,0.01235083384500842,0.011595560928712622,0.01763110604850616,0.0,1.0,0.4013275810330164,4,2,0.6324555320336759,2500,OLS_iid,iid,False,5
4,8,8001,20,200001,True,0,False,10,0.0,0.0013951812870800495,0.012012793183645102,0.007337572995857995,0.023748576556498494,0.0,1.0,0.4150320117672283,4,2,0.6324555320336759,2500,OLS_iid,iid,False,5
4,8,8001,15,150001,True,0,False,10,0.0,0.0015229908749461174,0.004534492957665959,0.004201271994392748,0.006262298966826394,0.0,1.0,0.40532065121157806,4,2,0.6324555320336759,2500,OLS_iid,iid,False,5
4,8,8001,17,170001,True,0,False,10,0.0,0.001483401283621788,0.008287381052982152,0.007522896567251323,0.012066791499396897,0.0,1.0,0.409404565805454,4,2,0.6324555320336759,2500,OLS_iid,iid,False,5
4,8,8001,22,220001,True,0,False,10,0.0,0.0009331139735877514,0.00796069562951229,0.0076243565103982685,0.010571567894126343,0.0,1.0,0.40206784685146996,4,2,0.6324555320336759,2500,OLS_iid,iid,False,5
4,8,8001,26,260001,True,0,False,10,0.0,0.0009238054044544697,0.008510132681813026,0.00797502361153861,0.011786445097199276,0.0,1.0,0.40739773653421973,4,2,0.6324555320336759,2500,OLS_iid,iid,False,5
2,7,7001,12,120001,True,184,False,10,0.27077198247902334,0.8759104199707508,0.3654736905946905,0.28005574370594033,0.62358293253471,0.805366922562677,0.7767375834740662,3.4211903100374555e-05,4,2,0.6324555320336759,2500,OLS_iid,iid,False,5
4,8,8001,25,250001,True,0,False,10,0.0,0.0011125430464744568,0.005269090706794255,0.004592398191195034,0.006730396793589281,0.0,1.0,0.40477764036415154,4,2,0.6324555320336759,2500,OLS_iid,iid,False,5
4,8,8001,24,240001,True,0,False,10,0.0,0.0012275027111172676,0.008304085629094146,0.00573982763136658,0.015486266533607383,0.0,1.0,0.40290319267383884,4,2,0.6324555320336759,2500,OLS_iid,iid,False,5
4,8,8001,23,230001,True,0,False,10,0.0,0.0014220010489225388,0.013403402386451725,0.008437060071353995,0.026453779843027794,0.0,1.0,0.39229293218656575,4,2,0.6324555320336759,2500,OLS_iid,iid,False,5
4,8,8001,21,210001,True,0,False,10,0.0,0.0014650998637080193,0.007131941878015469,0.006313788225686804,0.008967161345175192,0.0,1.0,0.39191305081206973,4,2,0.6324555320336759,2500,OLS_iid,iid,False,5
4,8,8001,27,270001,True,0,False,10,0.0,0.0014717597514390945,0.005195521324859665,0.0042281146105963615,0.009019536663338006,0.0,1.0,0.4032778761661434,4,2,0.6324555320336759,2500,OLS_iid,iid,False,5
4,9,9001,2,20001,True,0,False,10,0.0,0.0011951732449233532,0.01136800875512391,0.011147876784276914,0.014299296596198507,0.0,1.0,0.39785869128596546,4,2,0.6324555320336759,2500,OLS_iid,iid,False,5
4,8,8001,28,280001,True,0,False,10,0.0,0.001442320179194212,0.008637255087130273,0.006135296969277126,0.016394806929243517,0.0,1.0,0.39866293680023274,4,2,0.6324555320336759,2500,OLS_iid,iid,False,5
4,9,9001,1,10001,True,0,False,10,0.0,0.0014147707261145115,0.009177121563944743,0.006397636250192936,0.01723444374997485,0.0,1.0,0.3990951982753364,4,2,0.6324555320336759,2500,OLS_iid,iid,False,5
4,8,8001,29,290001,True,0,False,10,0.0,0.0014546713791787624,0.013946347238731747,0.009474705376807033,0.026980856420341173,0.0,1.0,0.4083283409709501,4,2,0.6324555320336759,2500,OLS_iid,iid,False,5
4,9,9001,3,30001,True,0,False,10,0.0,0.0014109211042523384,0.0073388378547220474,0.007160801636009,0.00940717131497681,0.0,1.0,0.3954426277847815,4,2,0.6324555320336759,2500,OLS_iid,iid,False,5
4,9,9001,4,40001,True,0,False,10,0.0,0.0013680420815944672,0.007710395824550312,0.0050489217918732445,0.0151279668161508,0.0,1.0,0.401589119792714,4,2,0.6324555320336759,2500,OLS_iid,iid,False,5
4,9,9001,0,1,True,0,False,10,0.0,0.0018452978692948818,0.005613007563963122,0.004359730589217071,0.010462531594371539,0.0,1.0,0.3929849931779894,4,2,0.6324555320336759,2500,OLS_iid,iid,False,5
4,9,9001,6,60001,True,0,False,10,0.0,0.0011072130873799324,0.00896909419883837,0.008268230561560454,0.013806888000593728,0.0,1.0,0.4033369911984443,4,2,0.6324555320336759,2500,OLS_iid,iid,False,5
4,9,9001,11,110001,True,0,False,10,0.0,0.0012386920861899853,0.011478983767637532,0.010673599347069405,0.016926180884590556,0.0,1.0,0.40208552977008527,4,2,0.6324555320336759,2500,OLS_iid,iid,False,5
4,9,9001,8,80001,True,0,False,10,0.0,0.0014277910813689232,0.0041105567886400235,0.0035774275088268207,0.0058037233533008645,0.0,1.0,0.3950515434765948,4,2,0.6324555320336759,2500,OLS_iid,iid,False,5
4,9,9001,5,50001,True,0,False,10,0.0,0.0016017500311136246,0.00945323798546888,0.006170772509953256,0.018522625337074668,0.0,1.0,0.4060294024150955,4,2,0.6324555320336759,2500,OLS_iid,iid,False,5
4,9,9001,7,70001,True,0,False,10,0.0,0.0015045404434204102,0.006592434276673731,0.006257294190175037,0.009208724509010299,0.0,1.0,0.40518249490521113,4,2,0.6324555320336759,2500,OLS_iid,iid,False,5
4,9,9001,9,90001,True,0,False,10,0.0,0.0014854511246085167,0.009960180466263655,0.006893302283027541,0.01932826282049467,0.0,1.0,0.4056180378511782,4,2,0.6324555320336759,2500,OLS_iid,iid,False,5
2,8,8001,19,190001,True,167,False,10,0.06457129572950791,0.6413343283347785,0.075238073796066,0.0639333271095961,0.12059183377629817,0.4726236912640798,0.9041666021586172,3.0086603733906265e-05,4,2,0.6324555320336759,2500,OLS_iid,iid,False,5
4,7,7001,15,150001,True,0,False,10,0.0,0.0023821541108191013,0.0038440502139432727,0.0034848874831941087,0.00494939465696179,0.0,1.0,0.4009884600161215,4,2,0.6324555320336759,2500,OLS_iid,iid,False,5
4,9,9001,16,160001,True,0,False,10,0.0,0.0010492028668522835,0.011893457994834449,0.009855782214102372,0.01971334608543146,0.0,1.0,0.4006778433685949,4,2,0.6324555320336759,2500,OLS_iid,iid,False,5
4,9,9001,15,150001,True,0,False,10,0.0,0.001180542167276144,0.0073368373085157855,0.007228511841855889,0.009263756413304715,0.0,1.0,0.40572131317538807,4,2,0.6324555320336759,2500,OLS_iid,iid,False,5
4,9,9001,12,120001,True,0,False,10,0.0,0.0014188308268785477,0.007197813813853362,0.0063851994272264125,0.010848582311733218,0.0,1.0,0.40754981633093795,4,2,0.6324555320336759,2500,OLS_iid,iid,False,5
4,9,9001,13,130001,True,0,False,10,0.0,0.0013965810649096966,0.012959928329268663,0.012581464550258393,0.016429843832907274,0.0,1.0,0.3910303981883194,4,2,0.6324555320336759,2500,OLS_iid,iid,False,5
4,9,9001,14,140001,True,0,False,10,0.0,0.0014710510149598122,0.002004152725840647,0.0014559788822694805,0.0036965256368260654,0.0,1.0,0.39537807476989856,4,2,0.6324555320336759,2500,OLS_iid,iid,False,5
4,9,9001,17,170001,True,0,False,10,0.0,0.001460071187466383,0.008119517049639542,0.006989749438920051,0.014055598949809149,0.0,1.0,0.40497556020357944,4,2,0.6324555320336759,2500,OLS_iid,iid,False,5
4,7,7001,28,280001,True,0,False,10,0.0,0.0016396497376263142,0.007632833336157141,0.006345215987960281,0.01244179710489075,0.0,1.0,0.39772109893556773,4,2,0.6324555320336759,2500,OLS_iid,iid,False,5
4,9,9001,24,240001,True,0,False,10,0.0,0.0011091730557382107,0.007439742381925684,0.007113684810128044,0.010693950760684676,0.0,1.0,0.40030919617524086,4,2,0.6324555320336759,2500,OLS_iid,iid,False,5
4,9,9001,19,190001,True,0,False,10,0.0,0.001413821242749691,0.0018658880673813872,0.0014540791069902574,0.0027876156864830477,0.0,1.0,0.41030447141224957,4,2,0.6324555320336759,2500,OLS_iid,iid,False,5
4,9,9001,21,210001,True,0,False,10,0.0,0.0013951309956610203,0.01673364820591251,0.016045434802230286,0.0240048716064184,0.0,1.0,0.39504386886879356,4,2,0.6324555320336759,2500,OLS_iid,iid,False,5
2,8,8001,13,130001,True,169,False,10,0.2367916216497513,0.6662404118105769,0.07716218895882633,0.06379217264175371,0.12906270982227128,0.4590880095896863,0.9075503393810826,2.8859913341237292e-05,4,2,0.6324555320336759,2500,OLS_iid,iid,False,5
4,9,9001,20,200001,True,0,False,10,0.0,0.0015460201539099216,0.0053802716842607555,0.004417796265621566,0.009660144254725452,0.0,1.0,0.3974799030165815,4,2,0.6324555320336759,2500,OLS_iid,iid,False,5
4,9,9001,22,220001,True,0,False,10,0.0,0.0015121996402740479,0.01076701032747579,0.009236546432423621,0.01799340352221048,0.0,1.0,0.3910967232184466,4,2,0.6324555320336759,2500,OLS_iid,iid,False,5
4,9,9001,23,230001,True,0,False,10,0.0,0.0015295511111617088,0.010513469043048975,0.008606117164820806,0.01785629591177046,0.0,1.0,0.39092564079569897,4,2,0.6324555320336759,2500,OLS_iid,iid,False,5
4,9,9001,29,290001,True,0,False,10,0.0,0.0009509441442787647,0.008360982323718034,0.007235399397289193,0.01190476668083434,0.0,1.0,0.40291389896158974,4,2,0.6324555320336759,2500,OLS_iid,iid,False,5
2,8,8001,3,30001,True,183,False,10,0.7071611505325205,0.719267497304827,0.08745394887294955,0.04905926303813692,0.1753553654861969,0.5611775245575557,0.8580730473326619,1.8007346489382818e-05,4,2,0.6324555320336759,2500,OLS_iid,iid,False,5
4,9,9001,25,250001,True,0,False,10,0.0,0.0018835379742085934,0.008658563330848813,0.007229023807694142,0.012776115380652112,0.0,1.0,0.40071691073489485,4,2,0.6324555320336759,2500,OLS_iid,iid,False,5
4,9,9001,26,260001,True,0,False,10,0.0,0.0014295009896159172,0.00852174809061525,0.007521581068224429,0.013245428175390152,0.0,1.0,0.4088912771913934,4,2,0.6324555320336759,2500,OLS_iid,iid,False,5
4,9,9001,27,270001,True,0,False,10,0.0,0.0014035110361874104,0.0025795595849818086,0.0017187603195795076,0.004998549756519246,0.0,1.0,0.40032840234463235,4,2,0.6324555320336759,2500,OLS_iid,iid,False,5
4,9,9001,28,280001,True,0,False,10,0.0,0.0014898311346769333,0.012179657044122211,0.010665061228976693,0.018267754274865322,0.0,1.0,0.3933075622644712,4,2,0.6324555320336759,2500,OLS_iid,iid,False,5
2,7,7001,28,280001,True,184,False,10,0.8819881615161684,0.7481470252387226,0.15879670457663034,0.09114104990141086,0.32016610249429167,0.7790537047686715,0.7424255496834191,1.9813179389857185e-05,4,2,0.6324555320336759,2500,OLS_iid,iid,False,5
2,7,7001,21,210001,True,191,False,10,0.9056174432032106,0.7863621348515153,0.4662322796973502,0.3416884499585566,0.772543158512813,1.1316292694327064,0.5900786708920631,2.4019730645806093e-05,4,2,0.6324555320336759,2500,OLS_iid,iid,False,5
2,8,8001,8,80001,True,176,False,10,0.535687505016201,0.6952695893123746,0.38153677216085424,0.2816501544265759,0.738077120386283,0.8531527627984705,0.7421328179887997,2.9662104552600876e-05,4,2,0.6324555320336759,2500,OLS_iid,iid,False,5
2,8,8001,15,150001,True,169,False,10,0.1806147704263652,0.6677554720081389,0.02244104507863036,0.018247356005477767,0.03999328175176271,0.45296636095007903,0.9126045293133228,2.9336526468420256e-05,4,2,0.6324555320336759,2500,OLS_iid,iid,False,5
2,8,8001,0,1,True,195,False,10,0.44510652836134684,0.7466406850144267,0.2011002848229442,0.13910627810893628,0.3734770155300142,0.9914551763553265,0.43501653935794127,2.1483256633636472e-05,4,2,0.6324555320336759,2500,OLS_iid,iid,False,5
2,7,7001,29,290001,True,184,False,10,0.4203658597554998,0.756134795024991,0.1290316217844125,0.10799255671364044,0.20141220594189088,0.9842477431915607,0.46134264448783247,2.2882827498031322e-05,4,2,0.6324555320336759,2500,OLS_iid,iid,False,5
2,8,8001,7,70001,True,188,False,10,0.9491554521740491,0.71895717876032,0.3998284013675564,0.25128812364237396,0.4673189586135253,0.9870709676664886,0.594218528069167,1.9172952272914818e-05,4,2,0.6324555320336759,2500,OLS_iid,iid,False,5
2,8,8001,9,90001,True,174,False,10,0.7371033529120893,0.7148220362141728,0.07940373626062439,0.06143529889223784,0.1490569306200482,0.5665393782517137,0.8561978949338137,2.564091291630044e-05,4,2,0.6324555320336759,2500,OLS_iid,iid,False,5
2,7,7001,26,260001,True,205,False,10,0.4735088292242298,0.7790119405835867,0.15091991359514795,0.10509497673015636,0.281247751818838,1.0184851069247531,0.45154989082562,1.9207171455002042e-05,4,2,0.6324555320336759,2500,OLS_iid,iid,False,5
2,9,9001,2,20001,True,172,False,10,0.3016106488049307,0.6420326638035476,0.04995462211869637,0.041332602474490665,0.06123998604074063,0.9168461382975593,0.47717640094618813,2.7254884218130047e-05,4,2,0.6324555320336759,2500,OLS_iid,iid,False,5
2,8,8001,6,60001,True,191,False,10,0.9200871760451376,0.734785390086472,0.49438647293977295,0.38679194168286796,0.749834706800302,1.5274054112253954,0.5318019801298429,2.4019927224493144e-05,4,2,0.6324555320336759,2500,OLS_iid,iid,False,5
2,8,8001,14,140001,True,183,False,10,0.8728853444469148,0.693172191735357,0.1925529105893941,0.11149198884457079,0.3937347281900746,0.7587571806480624,0.7505015567737827,1.813569373722532e-05,4,2,0.6324555320336759,2500,OLS_iid,iid,False,5
2,8,8001,21,210001,True,179,False,10,0.9056174432032106,0.6644672127440572,0.21599831102707787,0.11885981427048967,0.445850675966092,0.7919644773224556,0.7275326957018238,2.2684583953597088e-05,4,2,0.6324555320336759,2500,OLS_iid,iid,False,5
2,8,8001,18,180001,True,178,False,10,0.8282907660537875,0.6856038798578084,0.08807827062712667,0.064981233284743,0.15118970348784946,0.6292142823426813,0.8190737680700237,1.92075800567992e-05,4,2,0.6324555320336759,2500,OLS_iid,iid,False,5
2,8,8001,26,260001,True,169,False,10,0.4735088292242298,0.66095354501158,0.04614888243018226,0.036845963318833753,0.06571848862032544,0.4773922232112735,0.8994278335414334,2.8265264252456794e-05,4,2,0.6324555320336759,2500,OLS_iid,iid,False,5
2,8,8001,5,50001,True,200,False,10,0.9934033938368589,0.7533722827211022,0.48770184762366176,0.35178863510814057,0.6616023826627797,1.5848879284185333,0.4375707021193688,1.866340651970464e-05,4,2,0.6324555320336759,2500,OLS_iid,iid,False,5
2,9,9001,12,120001,True,173,False,10,0.27077198247902334,0.5833495738916099,0.035579386652513915,0.030307066049156374,0.060839841447882445,0.46545420455866865,0.9051859411860745,2.915436007946376e-05,4,2,0.6324555320336759,2500,OLS_iid,iid,False,5
2,8,8001,16,160001,True,171,False,10,0.590565211088679,0.6963471127673984,0.05481140454395203,0.04938785562537095,0.07718473121110707,0.5120201580475676,0.883257976765699,2.5314019086661764e-05,4,2,0.6324555320336759,2500,OLS_iid,iid,False,5
2,8,8001,23,230001,True,184,False,10,0.9021557841548206,0.6743806712329388,0.38905976923428237,0.25906138927445804,0.5950413850783994,0.937330732806519,0.6416124883684923,2.1920322529893977e-05,4,2,0.6324555320336759,2500,OLS_iid,iid,False,5
2,8,8001,11,110001,True,179,False,10,0.7613339377993895,0.734607401303947,0.4453239695014864,0.32331862697964614,0.9150040184562762,1.0060525411322616,0.668315661735768,2.72298427235473e-05,4,2,0.6324555320336759,2500,OLS_iid,iid,False,5
2,7,7001,17,170001,True,208,False,10,0.9996446800254156,0.882690257858485,0.48769909455304616,0.44651654414151754,1.256337925278261,1.6712467141700658,0.3737543705128605,1.5242503672307386e-05,4,2,0.6324555320336759,2500,OLS_iid,iid,False,5
2,8,8001,12,120001,True,175,False,10,0.27077198247902334,0.7298364713788033,0.056866950492383744,0.04084079858888131,0.10942291543386809,0.4666572194033821,0.9045717780963313,2.821222733525813e-05,4,2,0.6324555320336759,2500,OLS_iid,iid,False,5
2,8,8001,20,200001,True,185,False,10,0.8989113757015645,0.6928016846068203,0.4434704296884289,0.3099323162902407,1.0502993303929307,1.0465748247324416,0.6067176282187937,2.3347030041801907e-05,4,2,0.6324555320336759,2500,OLS_iid,iid,False,5
2,9,9001,13,130001,True,169,False,10,0.2367916216497513,0.6014133300632238,0.05870067467615217,0.047932218115853256,0.1006721532014496,0.4435328962044556,0.9154632523497408,2.9643963999100476e-05,4,2,0.6324555320336759,2500,OLS_iid,iid,False,5
2,8,8001,28,280001,True,186,False,10,0.8819881615161684,0.6808206401765347,0.1366535874689714,0.0915153537351776,0.2675631950110794,0.7209545408530955,0.766920633447661,1.6264854589172006e-05,4,2,0.6324555320336759,2500,OLS_iid,iid,False,5
2,7,7001,22,220001,True,170,False,10,0.10447079867692424,0.834515891969204,0.014142068082603623,0.011449207684335314,0.021812510173593973,0.4480732075424488,0.9125921161529549,3.018090714624162e-05,4,2,0.6324555320336759,2500,OLS_iid,iid,False,5
2,9,9001,1,10001,True,179,False,10,0.6221004727722926,0.6797891058959067,0.42391179793100153,0.3238225779164529,0.9266061390164609,1.1991452451652416,0.33894679599296323,3.0274761906189834e-05,4,2,0.6324555320336759,2500,OLS_iid,iid,False,5
2,9,9001,0,1,True,174,False,10,0.44510652836134684,0.6859948770143092,0.07279373824893319,0.04610290446002782,0.14341649961792133,0.4947582259801867,0.8919172060070018,2.5305413518258978e-05,4,2,0.6324555320336759,2500,OLS_iid,iid,False,5
2,9,9001,7,70001,True,186,False,10,0.9491554521740491,0.6598730809055269,0.14031706395868268,0.10355708331139414,0.26474341329580015,1.1404729130015618,0.38390007565689244,1.69021987124012e-05,4,2,0.6324555320336759,2500,OLS_iid,iid,False,5
2,9,9001,8,80001,True,172,False,10,0.535687505016201,0.6441982411779463,0.05318447515889155,0.033926863954257896,0.10442636445636232,0.4958105451446242,0.8920958679808679,2.6776909798138393e-05,4,2,0.6324555320336759,2500,OLS_iid,iid,False,5
2,8,8001,29,290001,True,188,False,10,0.4203658597554998,0.6961906729266047,0.2261810487914471,0.17022793671635922,0.38362871677645893,0.6146477561937065,0.8504895043848288,2.414412696000882e-05,4,2,0.6324555320336759,2500,OLS_iid,iid,False,5
2,8,8001,24,240001,True,184,False,10,0.43057353603620835,0.7048584977164865,0.30333231631690655,0.22886133301904585,0.5803666449544421,1.06890912658866,0.4008103214957744,2.736278829126475e-05,4,2,0.6324555320336759,2500,OLS_iid,iid,False,5
2,9,9001,3,30001,True,178,False,10,0.7071611505325205,0.6883578319102526,0.06864259096088073,0.05538643174502028,0.11953673666465113,0.5612656280176888,0.8609602668575664,2.180383515978962e-05,4,2,0.6324555320336759,2500,OLS_iid,iid,False,5
2,9,9001,14,140001,True,185,False,10,0.8728853444469148,0.6323915552347898,0.31464148204488795,0.20434549827855447,0.6668351619474007,0.8576276728849812,0.7029299947485173,2.28753494197206e-05,4,2,0.6324555320336759,2500,OLS_iid,iid,False,5
2,9,9001,6,60001,True,187,False,10,0.9200871760451376,0.6836307817138731,0.23209211533047788,0.13963908768395317,0.32329608790569725,0.8158377413788569,0.7094238412296404,1.9625042687551013e-05,4,2,0.6324555320336759,2500,OLS_iid,iid,False,5
2,9,9001,9,90001,True,176,False,10,0.7371033529120893,0.663679787889123,0.07011864108424808,0.050183618868536554,0.1344309641101731,0.5677445789785402,0.8567788967724845,2.3546475874831925e-05,4,2,0.6324555320336759,2500,OLS_iid,iid,False,5
2,8,8001,25,250001,True,187,False,10,0.6034868273123968,0.7281392910517752,0.1426171075199233,0.10355274628645592,0.26489641823535665,1.0176765708365654,0.44567255572159575,2.2955756355952458e-05,4,2,0.6324555320336759,2500,OLS_iid,iid,False,5
2,9,9001,16,160001,True,180,False,10,0.590565211088679,0.6131559358909726,0.14116003439771707,0.10633353779110358,0.25842734090280395,0.5698204705008864,0.8610568199712696,2.1614356396921954e-05,4,2,0.6324555320336759,2500,OLS_iid,iid,False,5
2,8,8001,17,170001,True,196,False,10,0.9996446800254156,0.7571260188706219,0.31197241773135626,0.19717885945781102,0.6631148106744029,1.1134240934508142,0.45900547624203325,1.4227448867104025e-05,4,2,0.6324555320336759,2500,OLS_iid,iid,False,5
2,9,9001,4,40001,True,177,False,10,0.3466522338941456,0.7004708359017968,0.385140659045996,0.29195068750084113,0.699276592715131,0.8194225956998205,0.7650520719264422,3.403505277048302e-05,4,2,0.6324555320336759,2500,OLS_iid,iid,False,5
2,9,9001,10,100001,True,183,False,10,0.8639774470823087,0.6762658194638789,0.11833113737269874,0.07631054021100449,0.23372658792541245,0.6974966717312496,0.787099882731597,1.7882423427866777e-05,4,2,0.6324555320336759,2500,OLS_iid,iid,False,5
2,8,8001,27,270001,True,198,False,10,0.04416950633781381,0.740154585801065,0.21448913607170392,0.1714915314896771,0.3082392563568053,0.5641942291622768,0.8695547493140917,2.174728612186995e-05,4,2,0.6324555320336759,2500,OLS_iid,iid,False,5
2,9,9001,20,200001,True,188,False,10,0.8989113757015645,0.5950550897978246,0.39247473119953113,0.26124083904686696,0.628701628113567,0.9678787860576525,0.6308967916921397,2.143489540016358e-05,4,2,0.6324555320336759,2500,OLS_iid,iid,False,5
2,9,9001,15,150001,True,168,False,10,0.1806147704263652,0.6362156309187412,0.01610985062940861,0.013730251843257381,0.0241584558808578,0.4549308734607128,0.9093756432013385,3.293993677925456e-05,4,2,0.6324555320336759,2500,OLS_iid,iid,False,5
2,9,9001,22,220001,True,187,False,10,0.10447079867692424,0.5813063061796129,0.1451432813619122,0.10793447213055646,0.21482202101637848,0.49647071964748546,0.8960779771049727,2.313153381066447e-05,4,2,0.6324555320336759,2500,OLS_iid,iid,False,5
2,8,8001,22,220001,True,182,False,10,0.10447079867692424,0.7650148491375148,0.37109990751867195,0.27940801939577886,0.5576470577388597,0.8091604205417471,0.7763151425129782,2.697342751579338e-05,4,2,0.6324555320336759,2500,OLS_iid,iid,False,5
2,9,9001,27,270001,True,172,False,10,0.04416950633781381,0.5784591650590301,0.09190620320658852,0.08174763259163056,0.13279612249434955,0.4595877255909504,0.9081922231448909,3.1378320574921545e-05,4,2,0.6324555320336759,2500,OLS_iid,iid,False,5
2,9,9001,5,50001,True,191,False,10,0.9934033938368589,0.7335913670249283,0.23423075161231388,0.15912640407231993,0.4649431071114054,0.992309681154657,0.5692990128834873,1.4549515247183426e-05,4,2,0.6324555320336759,2500,OLS_iid,iid,False,5
1,9,9001,13,130001,True,736,False,10,0.9184985308293767,2.5067210951820016,0.13846037661518787,0.12282249964734221,0.22396540591169192,0.8983706315607392,0.6909072591788669,4.489760766725473e-06,4,2,0.6324555320336759,2500,OLS_iid,iid,False,5
2,9,9001,19,190001,True,180,False,10,0.06457129572950791,0.6392018417827785,0.11542651226612988,0.09083644627488548,0.16298133526372086,0.48994044464356085,0.8987641620403081,2.7420498118803642e-05,4,2,0.6324555320336759,2500,OLS_iid,iid,False,5
2,9,9001,18,180001,True,181,False,10,0.8282907660537875,0.6424800213426352,0.09412553573021368,0.07252218235774666,0.15624181312311636,0.6442189638362105,0.812480610149213,1.9576141008537048e-05,4,2,0.6324555320336759,2500,OLS_iid,iid,False,5
2,9,9001,11,110001,True,182,False,10,0.7613339377993895,0.7013463508337736,0.053590322412442,0.04536109505080965,0.0852751989077903,1.014134901605073,0.43573709711664277,1.8243953098508978e-05,4,2,0.6324555320336759,2500,OLS_iid,iid,False,5
2,9,9001,24,240001,True,174,False,10,0.43057353603620835,0.6009328928776085,0.40006209157481276,0.30776781142645904,0.7979621056744479,1.1713892811268094,0.3647733034126393,3.243258646271999e-05,4,2,0.6324555320336759,2500,OLS_iid,iid,False,5
2,9,9001,26,260001,True,171,False,10,0.4735088292242298,0.6055524148978293,0.04750374256444081,0.042497994871984024,0.06388690998125711,0.48612801395884503,0.8942849182063983,2.946186978029784e-05,4,2,0.6324555320336759,2500,OLS_iid,iid,False,5
2,9,9001,28,280001,True,185,False,10,0.8819881615161684,0.5957713462412357,0.10730371319309093,0.0857338485911936,0.1610607993323484,0.7111703806996287,0.7742063976484252,1.9098273111129634e-05,4,2,0.6324555320336759,2500,OLS_iid,iid,False,5
2,9,9001,23,230001,True,184,False,10,0.9021557841548206,0.6295149228535593,0.10958076436979249,0.08390204627961725,0.20043624267181476,0.7114508125499313,0.7722957516081278,1.716118547396554e-05,4,2,0.6324555320336759,2500,OLS_iid,iid,False,5
2,9,9001,25,250001,True,194,False,10,0.6034868273123968,0.6196832051500678,0.2366073391062586,0.1684244379690791,0.44726824794390463,0.6528221345714914,0.828080046808946,2.470699263124493e-05,4,2,0.6324555320336759,2500,OLS_iid,iid,False,5
2,9,9001,21,210001,True,196,False,10,0.9056174432032106,0.6662385119125247,0.5017702712244296,0.4000323038008865,0.7798915953389969,1.8202083964823674,0.5488116790229607,2.1136079656058546e-05,4,2,0.6324555320336759,2500,OLS_iid,iid,False,5
2,9,9001,29,290001,True,205,False,10,0.4203658597554998,0.622948004398495,0.230178688653935,0.1799370105189252,0.38778992154100655,0.6200326913586744,0.8482033378277938,2.2625250454641172e-05,4,2,0.6324555320336759,2500,OLS_iid,iid,False,5
2,9,9001,17,170001,True,215,False,10,0.9996446800254156,0.7025431930087507,0.49841006021246287,0.4074280496982846,1.1137563404910935,3.28818312464949,0.36458940906024034,1.3892169298857404e-05,4,2,0.6324555320336759,2500,OLS_iid,iid,False,5
