n_known_src,init,init_seed,init_data,data_seed,converged,convergence_iteration,normalize_A,sn_ratio,Au_coherence,elapsed,A_err,A_err_angle_mean,A_err_angle_max,S_err_MSE,S_err_MCC,X_err,nsrc,nobs,sd_err,nreps,method,err_correlation_type,whiten_data,mu
0,0,1,0,1,True,228,False,10,0.9999689571958852,0.14437488792464137,0.38637862715277005,0.3182130452196538,0.8205182441179257,1.0988837178893958,0.15585410835376717,0.5454746028583576,8,2,0.8944271909999159,2500,OverICA,iid,False,5
0,0,1,1,10001,True,217,False,10,0.9999900660618494,0.15253438614308834,0.42094135196209165,0.38869645487189075,0.7356761630617612,1.121303668946975,0.14869677270270612,0.5408404772273804,8,2,0.8944271909999159,2500,OverICA,iid,False,5
0,0,1,2,20001,True,224,False,10,0.999911915422867,0.17126796394586563,0.29033657305422655,0.25061684851417276,0.5635294467326046,1.1665277702198913,0.1265000110091016,0.5440259831362909,8,2,0.8944271909999159,2500,OverICA,iid,False,5
0,0,1,3,30001,True,224,False,10,0.9999521432101807,0.17312822211533785,0.44035711468583816,0.29253269287663947,0.7984475772902879,1.198410214826191,0.1116276350902423,0.5444546522021366,8,2,0.8944271909999159,2500,OverICA,iid,False,5
0,0,1,4,40001,True,208,False,10,0.9976324277964014,0.16960205603390932,0.3674227466062756,0.30682610635853064,0.8038136184555277,1.102719500770012,0.15323170318867751,0.5229303956827789,8,2,0.8944271909999159,2500,OverICA,iid,False,5
0,0,1,7,70001,True,211,False,10,0.9999147554866513,0.16197202494367957,0.28718458530703633,0.26120726533673977,0.4890740713851449,1.117247870937764,0.15682205984972186,0.5390576237718843,8,2,0.8944271909999159,2500,OverICA,iid,False,5
0,0,1,9,90001,True,193,False,10,0.9999870486473779,0.16155178705230355,0.4485476393801693,0.3636793830900028,0.8856169505856146,1.1029491434485694,0.16757667303001803,0.525950372641305,8,2,0.8944271909999159,2500,OverICA,iid,False,5
0,0,1,6,60001,True,235,False,10,0.9998433033196863,0.18268742132931948,0.38614931475826575,0.3093697739017154,0.9337746886199115,1.1031741136339428,0.14998991786461557,0.5446239154521508,8,2,0.8944271909999159,2500,OverICA,iid,False,5
0,0,1,5,50001,True,213,False,10,0.9990389826239447,0.17703840788453817,0.41799889017517317,0.36189960273483046,0.8349680374291155,1.0816314949566976,0.16159848365784185,0.5393470423482997,8,2,0.8944271909999159,2500,OverICA,iid,False,5
0,0,1,8,80001,True,206,False,10,0.9954950315865992,0.17413434619084,0.3194185783939945,0.2661626924439561,0.7054025910962248,1.099004285907812,0.1638050711577254,0.528372013115125,8,2,0.8944271909999159,2500,OverICA,iid,False,5
0,0,1,18,180001,True,196,False,10,0.9998427436914263,0.15001362189650536,0.3762003561460988,0.34085239713859794,0.569515804832115,1.12851764542933,0.14491799978796177,0.5305948117088356,8,2,0.8944271909999159,2500,OverICA,iid,False,5
0,0,1,14,140001,True,221,False,10,0.9821231270741202,0.17522973893210292,0.37235093080657267,0.3031480305303173,0.7451720010159131,1.08483705171637,0.1602866703228402,0.5410911289923939,8,2,0.8944271909999159,2500,OverICA,iid,False,5
0,0,1,12,120001,True,219,False,10,0.9996315059850447,0.19258261704817414,0.3818721934037777,0.30173895103148185,0.8210707176193752,1.0959104536848834,0.1627860556941705,0.5395665012964351,8,2,0.8944271909999159,2500,OverICA,iid,False,5
0,0,1,10,100001,True,204,False,10,0.9986523161747195,0.20362259587273002,0.3956472613072251,0.3370248189806167,0.8804733566451324,1.089081735361109,0.1674661532376798,0.5306688035241441,8,2,0.8944271909999159,2500,OverICA,iid,False,5
0,0,1,19,190001,True,201,False,10,0.995360343257357,0.18764658877626061,0.3244363395146468,0.264174407369906,0.7793830241974784,1.0982495634260858,0.1580358151257482,0.533466315923833,8,2,0.8944271909999159,2500,OverICA,iid,False,5
0,0,1,15,150001,True,218,False,10,0.9992851310852704,0.1879877159371972,0.35802957138225544,0.2927489254177924,0.6178968303101197,1.0940921925716638,0.16737670622289372,0.5318663104006756,8,2,0.8944271909999159,2500,OverICA,iid,False,5
0,0,1,23,230001,True,188,False,10,0.9999247032454494,0.17510522017255425,0.4166413935270998,0.3854468910850843,0.7849501783618953,1.090275801133271,0.16473731648722106,0.5195794918988282,8,2,0.8944271909999159,2500,OverICA,iid,False,5
0,0,1,16,160001,True,180,False,10,0.9999406289997105,0.2016520188190043,0.43331116759413435,0.34009993373652087,0.8115839195566543,1.1169604570317948,0.1543688336781238,0.5229760896450284,8,2,0.8944271909999159,2500,OverICA,iid,False,5
0,0,1,22,220001,True,196,False,10,0.9911781603281574,0.19864639826118946,0.38139470219910715,0.3470620605347857,0.6243605166776429,1.1014453583881918,0.16566955499251343,0.5301508956958887,8,2,0.8944271909999159,2500,OverICA,iid,False,5
0,1,1001,1,10001,True,221,False,10,0.9999900660618494,0.18416646076366305,0.42094135196209165,0.38869645487189075,0.7356761630617612,1.1191142331930881,0.149220879834832,0.5392955012743833,8,2,0.8944271909999159,2500,OverICA,iid,False,5
0,0,1,13,130001,True,206,False,10,0.9999878553575059,0.23607563599944115,0.44595642873912417,0.42616060589854166,0.7581574015458098,1.108518371319779,0.15992607584213497,0.5241274264247718,8,2,0.8944271909999159,2500,OverICA,iid,False,5
0,1,1001,0,1,True,224,False,10,0.9999689571958852,0.1883981842547655,0.38637862715277005,0.3182130452196538,0.8205182441179257,1.0984282878492095,0.15652489625135757,0.5465228971662318,8,2,0.8944271909999159,2500,OverICA,iid,False,5
0,0,1,11,110001,True,218,False,10,0.9990896897361886,0.24425033293664455,0.4233475794652064,0.37115124203803934,0.9658307324905717,1.1140093002240525,0.1497197586214319,0.539841595984519,8,2,0.8944271909999159,2500,OverICA,iid,False,5
0,0,1,27,270001,True,198,False,10,0.9999254568550177,0.19609672389924526,0.4616559693058194,0.41428938275039684,0.8736536251620808,1.0974070520112027,0.15554907504822552,0.5260670836685571,8,2,0.8944271909999159,2500,OverICA,iid,False,5
0,2,2001,0,1,True,217,False,10,0.9999689571958852,0.1465851841494441,0.38637862715277005,0.3182130452196538,0.8205182441179257,1.0959973050434684,0.15683385310089049,0.5383758017652058,8,2,0.8944271909999159,2500,OverICA,iid,False,5
0,0,1,17,170001,True,238,False,10,0.9999417301227984,0.23631921503692865,0.5156220863621646,0.4329632779717366,0.776669236503618,1.0718343711976102,0.17090077276554405,0.5459203475509274,8,2,0.8944271909999159,2500,OverICA,iid,False,5
0,0,1,26,260001,True,222,False,10,0.9988554242201823,0.20669212518259883,0.39715880962878586,0.33046363382163757,0.7681317848628768,1.1028522395890366,0.15999568737303832,0.542234044141077,8,2,0.8944271909999159,2500,OverICA,iid,False,5
0,1,1001,6,60001,True,231,False,10,0.9998433033196863,0.19880825700238347,0.38614931475826575,0.3093697739017154,0.9337746886199115,1.1030482981002945,0.15299230703744904,0.5424832418537753,8,2,0.8944271909999159,2500,OverICA,iid,False,5
0,0,1,21,210001,True,219,False,10,0.9995244279503085,0.22720254305750132,0.38836163598528556,0.36688257783788725,0.7036026209892797,1.146772576272585,0.1288916585832088,0.5355756963206689,8,2,0.8944271909999159,2500,OverICA,iid,False,5
0,1,1001,8,80001,True,203,False,10,0.9954950315865992,0.19489127211272717,0.3194185783939945,0.2661626924439561,0.7054025910962248,1.097534334928666,0.162489270804497,0.5297598473064831,8,2,0.8944271909999159,2500,OverICA,iid,False,5
0,1,1001,4,40001,True,209,False,10,0.9976324277964014,0.21399621898308396,0.3674227466062756,0.30682610635853064,0.8038136184555277,1.1014948598902203,0.1524963610322859,0.5322252184865512,8,2,0.8944271909999159,2500,OverICA,iid,False,5
0,2,2001,3,30001,True,218,False,10,0.9999521432101807,0.16461230721324682,0.44035711468583816,0.29253269287663947,0.7984475772902879,1.2006697677439995,0.11153875453235446,0.5394547179312924,8,2,0.8944271909999159,2500,OverICA,iid,False,5
0,1,1001,10,100001,True,209,False,10,0.9986523161747195,0.20918302005156875,0.3956472613072251,0.3370248189806167,0.8804733566451324,1.0905178086883527,0.16745361004952533,0.5260381066539186,8,2,0.8944271909999159,2500,OverICA,iid,False,5
0,2,2001,6,60001,True,226,False,10,0.9998433033196863,0.16033236496150494,0.38614931475826575,0.3093697739017154,0.9337746886199115,1.0983106128652207,0.15527105205901193,0.5423325133889979,8,2,0.8944271909999159,2500,OverICA,iid,False,5
0,1,1001,23,230001,True,186,False,10,0.9999247032454494,0.179538331925869,0.4166413935270998,0.3854468910850843,0.7849501783618953,1.0897606591435935,0.16135830995207906,0.516575271548106,8,2,0.8944271909999159,2500,OverICA,iid,False,5
0,2,2001,1,10001,True,223,False,10,0.9999900660618494,0.18539249384775758,0.42094135196209165,0.38869645487189075,0.7356761630617612,1.118004247850981,0.14878954429037702,0.5420361455974954,8,2,0.8944271909999159,2500,OverICA,iid,False,5
0,0,1,24,240001,True,200,False,10,0.9977307214622922,0.24639348033815622,0.4176656155010449,0.3666267052649992,0.8486054292798584,1.1173866817290772,0.1520099414937844,0.5297972537803504,8,2,0.8944271909999159,2500,OverICA,iid,False,5
0,1,1001,15,150001,True,215,False,10,0.9992851310852704,0.21545860962942243,0.35802957138225544,0.2927489254177924,0.6178968303101197,1.092301876408529,0.16961480943437252,0.5319172826418332,8,2,0.8944271909999159,2500,OverICA,iid,False,5
0,1,1001,16,160001,True,184,False,10,0.9999406289997105,0.20876163290813565,0.43331116759413435,0.34009993373652087,0.8115839195566543,1.1161150856905198,0.15654907327188505,0.5244527477766645,8,2,0.8944271909999159,2500,OverICA,iid,False,5
0,0,1,25,250001,True,200,False,10,0.9983122397587095,0.24663605680689216,0.3758958627748019,0.3400713847053499,0.5477791770729775,1.1077685343604244,0.15539177076694732,0.5306769113525485,8,2,0.8944271909999159,2500,OverICA,iid,False,5
0,2,2001,27,270001,True,196,False,10,0.9999254568550177,0.13938971003517509,0.4616559693058194,0.41428938275039684,0.8736536251620808,1.102264674072579,0.15098469516261245,0.5284169155901339,8,2,0.8944271909999159,2500,OverICA,iid,False,5
0,1,1001,27,270001,True,204,False,10,0.9999254568550177,0.2109319888986647,0.4616559693058194,0.41428938275039684,0.8736536251620808,1.0988670520248593,0.15466392083250563,0.5239555399109378,8,2,0.8944271909999159,2500,OverICA,iid,False,5
0,1,1001,17,170001,True,221,False,10,0.9999417301227984,0.22138108126819134,0.5156220863621646,0.4329632779717366,0.776669236503618,1.0685173736401525,0.17198617568412866,0.546778123022831,8,2,0.8944271909999159,2500,OverICA,iid,False,5
0,1,1001,26,260001,True,225,False,10,0.9988554242201823,0.2076933099888265,0.39715880962878586,0.33046363382163757,0.7681317848628768,1.1033503840208851,0.1598205943225557,0.5399999206571033,8,2,0.8944271909999159,2500,OverICA,iid,False,5
0,2,2001,8,80001,True,203,False,10,0.9954950315865992,0.2066915249451995,0.3194185783939945,0.2661626924439561,0.7054025910962248,1.096099940311407,0.16511047311340737,0.5261571073817272,8,2,0.8944271909999159,2500,OverICA,iid,False,5
0,2,2001,26,260001,True,224,False,10,0.9988554242201823,0.16266298992559314,0.39715880962878586,0.33046363382163757,0.7681317848628768,1.106043825623407,0.15404950575940246,0.544721241056432,8,2,0.8944271909999159,2500,OverICA,iid,False,5
0,1,1001,3,30001,True,220,False,10,0.9999521432101807,0.2705718530341983,0.44035711468583816,0.29253269287663947,0.7984475772902879,1.201671085155154,0.11032231873793241,0.5386207574393417,8,2,0.8944271909999159,2500,OverICA,iid,False,5
0,1,1001,13,130001,True,202,False,10,0.9999878553575059,0.24273813283070922,0.44595642873912417,0.42616060589854166,0.7581574015458098,1.1046496951301894,0.16027492286827835,0.5243081919560681,8,2,0.8944271909999159,2500,OverICA,iid,False,5
0,0,1,28,280001,True,199,False,10,0.9984180929465528,0.27771147806197405,0.238573407182796,0.20914504244852533,0.3512806131637455,1.1077867436875546,0.1505331295727792,0.5348654667052317,8,2,0.8944271909999159,2500,OverICA,iid,False,5
0,2,2001,20,200001,True,213,False,10,0.9948982570987713,0.18384449370205402,0.2729133341645605,0.223259353136223,0.5695936212544184,1.0783933548944022,0.17156616820277903,0.5317226694135696,8,2,0.8944271909999159,2500,OverICA,iid,False,5
0,3,3001,11,110001,True,223,False,10,0.9990896897361886,0.15413673501461744,0.4233475794652064,0.37115124203803934,0.9658307324905717,1.1101909502474738,0.1496460985778102,0.53955366046623,8,2,0.8944271909999159,2500,OverICA,iid,False,5
0,2,2001,18,180001,True,206,False,10,0.9998427436914263,0.20028942683711648,0.3762003561460988,0.34085239713859794,0.569515804832115,1.132472387262018,0.14581896663879873,0.5313264428682051,8,2,0.8944271909999159,2500,OverICA,iid,False,5
0,1,1001,19,190001,True,202,False,10,0.995360343257357,0.26507091894745827,0.3244363395146468,0.264174407369906,0.7793830241974784,1.0973165976795234,0.16090335584383492,0.5311575204789815,8,2,0.8944271909999159,2500,OverICA,iid,False,5
0,1,1001,9,90001,True,197,False,10,0.9999870486473779,0.2828679238446057,0.4485476393801693,0.3636793830900028,0.8856169505856146,1.1023394645623172,0.16947099681063502,0.526823032280774,8,2,0.8944271909999159,2500,OverICA,iid,False,5
0,3,3001,2,20001,True,218,False,10,0.999911915422867,0.1893739067018032,0.29033657305422655,0.25061684851417276,0.5635294467326046,1.1620421641798044,0.12999603609442914,0.5423800822255361,8,2,0.8944271909999159,2500,OverICA,iid,False,5
0,2,2001,7,70001,True,206,False,10,0.9999147554866513,0.24615056067705154,0.28718458530703633,0.26120726533673977,0.4890740713851449,1.1183002193026756,0.15698251717787332,0.5348108490105836,8,2,0.8944271909999159,2500,OverICA,iid,False,5
0,2,2001,4,40001,True,203,False,10,0.9976324277964014,0.25070201233029366,0.3674227466062756,0.30682610635853064,0.8038136184555277,1.1022384739609574,0.15674509063170614,0.5240060533137691,8,2,0.8944271909999159,2500,OverICA,iid,False,5
0,2,2001,23,230001,True,194,False,10,0.9999247032454494,0.21732277795672417,0.4166413935270998,0.3854468910850843,0.7849501783618953,1.092115702349854,0.16261942389001874,0.5169536746260439,8,2,0.8944271909999159,2500,OverICA,iid,False,5
0,3,3001,19,190001,True,197,False,10,0.995360343257357,0.18047578493133187,0.3244363395146468,0.264174407369906,0.7793830241974784,1.099493896641699,0.15784848893461592,0.5299859400453509,8,2,0.8944271909999159,2500,OverICA,iid,False,5
0,3,3001,1,10001,True,226,False,10,0.9999900660618494,0.19846329931169748,0.42094135196209165,0.38869645487189075,0.7356761630617612,1.118665542321141,0.14864748301864014,0.5428204192513757,8,2,0.8944271909999159,2500,OverICA,iid,False,5
0,1,1001,20,200001,True,210,False,10,0.9948982570987713,0.2977868071757257,0.2729133341645605,0.223259353136223,0.5695936212544184,1.0782049047707094,0.16989735075786744,0.5303106809940855,8,2,0.8944271909999159,2500,OverICA,iid,False,5
0,2,2001,13,130001,True,204,False,10,0.9999878553575059,0.2467874069698155,0.44595642873912417,0.42616060589854166,0.7581574015458098,1.1012501597351037,0.16276363572321573,0.5296037119058797,8,2,0.8944271909999159,2500,OverICA,iid,False,5
0,2,2001,5,50001,True,220,False,10,0.9990389826239447,0.2777395569719374,0.41799889017517317,0.36189960273483046,0.8349680374291155,1.0878067384006007,0.15861985455719704,0.5398763500524018,8,2,0.8944271909999159,2500,OverICA,iid,False,5
0,1,1001,25,250001,True,201,False,10,0.9983122397587095,0.2867366187274456,0.3758958627748019,0.3400713847053499,0.5477791770729775,1.1077875900723275,0.15377324879115004,0.5318175856874388,8,2,0.8944271909999159,2500,OverICA,iid,False,5
0,4,4001,20,200001,True,214,False,10,0.9948982570987713,0.14991757180541754,0.2729133341645605,0.223259353136223,0.5695936212544184,1.0789716574744879,0.17183159428316067,0.5313669232412239,8,2,0.8944271909999159,2500,OverICA,iid,False,5
0,4,4001,17,170001,True,229,False,10,0.9999417301227984,0.14763418724760413,0.5156220863621646,0.4329632779717366,0.776669236503618,1.0705804320220262,0.16926957802170806,0.5476370173614988,8,2,0.8944271909999159,2500,OverICA,iid,False,5
0,1,1001,29,290001,True,223,False,10,0.9995280857338206,0.29086709255352616,0.5697686958378921,0.5427377419187326,0.9646775624474205,1.0637369323478107,0.17575883656029787,0.5427436444142035,8,2,0.8944271909999159,2500,OverICA,iid,False,5
0,4,4001,5,50001,True,216,False,10,0.9990389826239447,0.18185614561662078,0.41799889017517317,0.36189960273483046,0.8349680374291155,1.0805425987461605,0.16244849586612922,0.5396500442020397,8,2,0.8944271909999159,2500,OverICA,iid,False,5
0,1,1001,28,280001,True,215,False,10,0.9984180929465528,0.29814845509827137,0.238573407182796,0.20914504244852533,0.3512806131637455,1.109677761078387,0.15030407489184333,0.5362942657542631,8,2,0.8944271909999159,2500,OverICA,iid,False,5
0,2,2001,25,250001,True,205,False,10,0.9983122397587095,0.245195547118783,0.3758958627748019,0.3400713847053499,0.5477791770729775,1.1078406139148407,0.15478332649138882,0.5280115913582586,8,2,0.8944271909999159,2500,OverICA,iid,False,5
0,4,4001,11,110001,True,222,False,10,0.9990896897361886,0.17825859924778342,0.4233475794652064,0.37115124203803934,0.9658307324905717,1.1167911635156123,0.14948142812446563,0.5461382698962088,8,2,0.8944271909999159,2500,OverICA,iid,False,5
0,3,3001,5,50001,True,221,False,10,0.9990389826239447,0.24045523814857006,0.41799889017517317,0.36189960273483046,0.8349680374291155,1.0891330778323849,0.15804963175673237,0.5332289850366627,8,2,0.8944271909999159,2500,OverICA,iid,False,5
0,1,1001,22,220001,True,206,False,10,0.9911781603281574,0.32517380081117153,0.38139470219910715,0.3470620605347857,0.6243605166776429,1.0991892252266364,0.16792940960067174,0.5313819772893308,8,2,0.8944271909999159,2500,OverICA,iid,False,5
0,3,3001,29,290001,True,219,False,10,0.9995280857338206,0.2128107468597591,0.5697686958378921,0.5427377419187326,0.9646775624474205,1.0616008385492428,0.174725246435292,0.5446772692705472,8,2,0.8944271909999159,2500,OverICA,iid,False,5
0,1,1001,24,240001,True,198,False,10,0.9977307214622922,0.3256106083281338,0.4176656155010449,0.3666267052649992,0.8486054292798584,1.1176755246340317,0.15048850855476925,0.5254158890732177,8,2,0.8944271909999159,2500,OverICA,iid,False,5
0,3,3001,6,60001,True,223,False,10,0.9998433033196863,0.24310333095490932,0.38614931475826575,0.3093697739017154,0.9337746886199115,1.1043017251667036,0.15288908962186945,0.5438136355270652,8,2,0.8944271909999159,2500,OverICA,iid,False,5
0,2,2001,12,120001,True,221,False,10,0.9996315059850447,0.29155981820076704,0.3818721934037777,0.30173895103148185,0.8210707176193752,1.0974144759801367,0.16244081639729324,0.5433718760430868,8,2,0.8944271909999159,2500,OverICA,iid,False,5
0,4,4001,3,30001,True,220,False,10,0.9999521432101807,0.20824513584375381,0.44035711468583816,0.29253269287663947,0.7984475772902879,1.2031097995657103,0.11142649095902699,0.5405386015803815,8,2,0.8944271909999159,2500,OverICA,iid,False,5
0,3,3001,0,1,True,220,False,10,0.9999689571958852,0.26933749206364155,0.38637862715277005,0.3182130452196538,0.8205182441179257,1.0957808254424288,0.15951187718118795,0.5434176926981712,8,2,0.8944271909999159,2500,OverICA,iid,False,5
0,2,2001,19,190001,True,198,False,10,0.995360343257357,0.29340838687494397,0.3244363395146468,0.264174407369906,0.7793830241974784,1.0993571768728674,0.1600455673814361,0.5296157478249787,8,2,0.8944271909999159,2500,OverICA,iid,False,5
0,4,4001,4,40001,True,215,False,10,0.9976324277964014,0.22280644113197923,0.3674227466062756,0.30682610635853064,0.8038136184555277,1.10418770299035,0.15330369936155397,0.5255443824961135,8,2,0.8944271909999159,2500,OverICA,iid,False,5
0,3,3001,16,160001,True,182,False,10,0.9999406289997105,0.24932298110798,0.43331116759413435,0.34009993373652087,0.8115839195566543,1.112998264424185,0.15715414060321997,0.5279007103823238,8,2,0.8944271909999159,2500,OverICA,iid,False,5
0,1,1001,11,110001,True,221,False,10,0.9990896897361886,0.37433440377935767,0.4233475794652064,0.37115124203803934,0.9658307324905717,1.11657258112464,0.1487678125817959,0.542293597930417,8,2,0.8944271909999159,2500,OverICA,iid,False,5
0,2,2001,24,240001,True,199,False,10,0.9977307214622922,0.2998791839927435,0.4176656155010449,0.3666267052649992,0.8486054292798584,1.1208194301200196,0.15071171146720108,0.5222906410832711,8,2,0.8944271909999159,2500,OverICA,iid,False,5
0,4,4001,27,270001,True,200,False,10,0.9999254568550177,0.18458911823108792,0.4616559693058194,0.41428938275039684,0.8736536251620808,1.1014575643865752,0.1526754573201705,0.5261515341049182,8,2,0.8944271909999159,2500,OverICA,iid,False,5
0,2,2001,17,170001,True,235,False,10,0.9999417301227984,0.31072202417999506,0.5156220863621646,0.4329632779717366,0.776669236503618,1.0696857951642758,0.17141955679069937,0.542362873075351,8,2,0.8944271909999159,2500,OverICA,iid,False,5
0,1,1001,14,140001,True,217,False,10,0.9821231270741202,0.3731189318932593,0.37235093080657267,0.3031480305303173,0.7451720010159131,1.090545760034415,0.1566347412553687,0.5444818079543856,8,2,0.8944271909999159,2500,OverICA,iid,False,5
0,3,3001,25,250001,True,208,False,10,0.9983122397587095,0.2534058643504977,0.3758958627748019,0.3400713847053499,0.5477791770729775,1.1105251674771888,0.1566016222707468,0.528770255765159,8,2,0.8944271909999159,2500,OverICA,iid,False,5
0,3,3001,9,90001,True,192,False,10,0.9999870486473779,0.28016842156648636,0.4485476393801693,0.3636793830900028,0.8856169505856146,1.1025083309102728,0.16661791321842812,0.5302657724461955,8,2,0.8944271909999159,2500,OverICA,iid,False,5
0,4,4001,13,130001,True,212,False,10,0.9999878553575059,0.22205941565334797,0.44595642873912417,0.42616060589854166,0.7581574015458098,1.1076257017918796,0.16112465540175344,0.5234131989948164,8,2,0.8944271909999159,2500,OverICA,iid,False,5
0,4,4001,14,140001,True,218,False,10,0.9821231270741202,0.22439731191843748,0.37235093080657267,0.3031480305303173,0.7451720010159131,1.087124700192847,0.15680283316810426,0.5426938091801551,8,2,0.8944271909999159,2500,OverICA,iid,False,5
0,2,2001,14,140001,True,221,False,10,0.9821231270741202,0.32205033069476485,0.37235093080657267,0.3031480305303173,0.7451720010159131,1.0864712595659594,0.15754709069117684,0.5422395781523445,8,2,0.8944271909999159,2500,OverICA,iid,False,5
0,5,5001,22,220001,True,206,False,10,0.9911781603281574,0.14153242716565728,0.38139470219910715,0.3470620605347857,0.6243605166776429,1.096475447462438,0.17118437477446313,0.5292327773786843,8,2,0.8944271909999159,2500,OverICA,iid,False,5
0,5,5001,7,70001,True,201,False,10,0.9999147554866513,0.18029025616124272,0.28718458530703633,0.26120726533673977,0.4890740713851449,1.1171307033582816,0.15515999382163323,0.539996541895321,8,2,0.8944271909999159,2500,OverICA,iid,False,5
0,3,3001,22,220001,True,208,False,10,0.9911781603281574,0.26408875500783324,0.38139470219910715,0.3470620605347857,0.6243605166776429,1.1014412164631073,0.16613413042945352,0.5273033391402103,8,2,0.8944271909999159,2500,OverICA,iid,False,5
0,4,4001,26,260001,True,219,False,10,0.9988554242201823,0.20773144904524088,0.39715880962878586,0.33046363382163757,0.7681317848628768,1.1060709044060517,0.15800058376231385,0.5406200982622539,8,2,0.8944271909999159,2500,OverICA,iid,False,5
0,5,5001,23,230001,True,182,False,10,0.9999247032454494,0.15969589911401272,0.4166413935270998,0.3854468910850843,0.7849501783618953,1.0858753726691373,0.1647283619740798,0.5194045727098954,8,2,0.8944271909999159,2500,OverICA,iid,False,5
0,3,3001,10,100001,True,200,False,10,0.9986523161747195,0.30471091298386455,0.3956472613072251,0.3370248189806167,0.8804733566451324,1.0848214183189826,0.17106304338174305,0.5267323424743966,8,2,0.8944271909999159,2500,OverICA,iid,False,5
0,3,3001,4,40001,True,207,False,10,0.9976324277964014,0.3244129060767591,0.3674227466062756,0.30682610635853064,0.8038136184555277,1.094598087408438,0.15846502957410602,0.5320993777771333,8,2,0.8944271909999159,2500,OverICA,iid,False,5
0,2,2001,15,150001,True,211,False,10,0.9992851310852704,0.35366896679624915,0.35802957138225544,0.2927489254177924,0.6178968303101197,1.0895927749632666,0.1734232075558823,0.5295142467464368,8,2,0.8944271909999159,2500,OverICA,iid,False,5
0,6,6001,5,50001,True,215,False,10,0.9990389826239447,0.1291559673845768,0.41799889017517317,0.36189960273483046,0.8349680374291155,1.0873082364622055,0.16070635010783313,0.536639991771739,8,2,0.8944271909999159,2500,OverICA,iid,False,5
0,2,2001,2,20001,True,218,False,10,0.999911915422867,0.40181722585111856,0.29033657305422655,0.25061684851417276,0.5635294467326046,1.1580058590794797,0.12950000607408355,0.5396147575024932,8,2,0.8944271909999159,2500,OverICA,iid,False,5
0,3,3001,13,130001,True,198,False,10,0.9999878553575059,0.3260827758349478,0.44595642873912417,0.42616060589854166,0.7581574015458098,1.103764544294429,0.16088777932102488,0.5244237259182378,8,2,0.8944271909999159,2500,OverICA,iid,False,5
0,5,5001,8,80001,True,203,False,10,0.9954950315865992,0.212144510820508,0.3194185783939945,0.2661626924439561,0.7054025910962248,1.0919163748893592,0.1677679790932249,0.5281085523232039,8,2,0.8944271909999159,2500,OverICA,iid,False,5
0,4,4001,7,70001,True,212,False,10,0.9999147554866513,0.28406724566593766,0.28718458530703633,0.26120726533673977,0.4890740713851449,1.1190579458351255,0.15414014957487604,0.5322349431683003,8,2,0.8944271909999159,2500,OverICA,iid,False,5
0,5,5001,0,1,True,226,False,10,0.9999689571958852,0.2393174460157752,0.38637862715277005,0.3182130452196538,0.8205182441179257,1.0973709047652975,0.15735707312978697,0.5429576855787669,8,2,0.8944271909999159,2500,OverICA,iid,False,5
0,4,4001,24,240001,True,205,False,10,0.9977307214622922,0.26814873004332185,0.4176656155010449,0.3666267052649992,0.8486054292798584,1.1208121472236148,0.14933421126198737,0.5281770414193495,8,2,0.8944271909999159,2500,OverICA,iid,False,5
0,2,2001,29,290001,True,216,False,10,0.9995280857338206,0.3517517689615488,0.5697686958378921,0.5427377419187326,0.9646775624474205,1.0616065553551832,0.17520890103259606,0.543865277175337,8,2,0.8944271909999159,2500,OverICA,iid,False,5
0,2,2001,9,90001,True,200,False,10,0.9999870486473779,0.4113017451018095,0.4485476393801693,0.3636793830900028,0.8856169505856146,1.1028676332318252,0.17072464225524123,0.5277172044773721,8,2,0.8944271909999159,2500,OverICA,iid,False,5
0,2,2001,10,100001,True,207,False,10,0.9986523161747195,0.40979830361902714,0.3956472613072251,0.3370248189806167,0.8804733566451324,1.09093070805327,0.1676237080303984,0.5311955003341666,8,2,0.8944271909999159,2500,OverICA,iid,False,5
0,4,4001,9,90001,True,200,False,10,0.9999870486473779,0.293423006311059,0.4485476393801693,0.3636793830900028,0.8856169505856146,1.0996956715903712,0.17128891985579853,0.5293871551994463,8,2,0.8944271909999159,2500,OverICA,iid,False,5
0,2,2001,22,220001,True,208,False,10,0.9911781603281574,0.37745862314477563,0.38139470219910715,0.3470620605347857,0.6243605166776429,1.1018382667083022,0.16731524040808404,0.5277983246958428,8,2,0.8944271909999159,2500,OverICA,iid,False,5
0,4,4001,2,20001,True,225,False,10,0.999911915422867,0.3085437580011785,0.29033657305422655,0.25061684851417276,0.5635294467326046,1.1618437866813613,0.12775713863383234,0.5436639650641621,8,2,0.8944271909999159,2500,OverICA,iid,False,5
0,5,5001,19,190001,True,201,False,10,0.995360343257357,0.2093280591070652,0.3244363395146468,0.264174407369906,0.7793830241974784,1.0959505556263993,0.16028964635655862,0.5305532502713646,8,2,0.8944271909999159,2500,OverICA,iid,False,5
0,4,4001,1,10001,True,221,False,10,0.9999900660618494,0.33256887272000313,0.42094135196209165,0.38869645487189075,0.7356761630617612,1.1151936605113417,0.1508630164570015,0.5430656005445434,8,2,0.8944271909999159,2500,OverICA,iid,False,5
0,5,5001,2,20001,True,215,False,10,0.999911915422867,0.2749672350473702,0.29033657305422655,0.25061684851417276,0.5635294467326046,1.1639195859644405,0.1276309947366721,0.5367172232349842,8,2,0.8944271909999159,2500,OverICA,iid,False,5
0,4,4001,0,1,True,222,False,10,0.9999689571958852,0.34696091106161475,0.38637862715277005,0.3182130452196538,0.8205182441179257,1.1046868230561588,0.15232723358016947,0.5432197867489015,8,2,0.8944271909999159,2500,OverICA,iid,False,5
0,5,5001,10,100001,True,207,False,10,0.9986523161747195,0.2586666909046471,0.3956472613072251,0.3370248189806167,0.8804733566451324,1.087706075483604,0.16701843487658558,0.5323304945744214,8,2,0.8944271909999159,2500,OverICA,iid,False,5
0,5,5001,28,280001,True,215,False,10,0.9984180929465528,0.20915572997182608,0.238573407182796,0.20914504244852533,0.3512806131637455,1.1120502049092393,0.1488658936368754,0.5367051482763613,8,2,0.8944271909999159,2500,OverICA,iid,False,5
0,6,6001,11,110001,True,219,False,10,0.9990896897361886,0.1658849287778139,0.4233475794652064,0.37115124203803934,0.9658307324905717,1.1138647937593298,0.14965230838852128,0.5392859033145665,8,2,0.8944271909999159,2500,OverICA,iid,False,5
0,6,6001,27,270001,True,208,False,10,0.9999254568550177,0.1323256161995232,0.4616559693058194,0.41428938275039684,0.8736536251620808,1.0958043135950373,0.15656721248221292,0.5273666767139834,8,2,0.8944271909999159,2500,OverICA,iid,False,5
0,3,3001,21,210001,True,220,False,10,0.9995244279503085,0.3670140611939132,0.38836163598528556,0.36688257783788725,0.7036026209892797,1.1524394426199462,0.12639038256021665,0.5378137566500821,8,2,0.8944271909999159,2500,OverICA,iid,False,5
0,6,6001,16,160001,True,182,False,10,0.9999406289997105,0.1702480111271143,0.43331116759413435,0.34009993373652087,0.8115839195566543,1.1097675821655741,0.15942647870807986,0.5251858931693141,8,2,0.8944271909999159,2500,OverICA,iid,False,5
0,5,5001,29,290001,True,220,False,10,0.9995280857338206,0.2239799341186881,0.5697686958378921,0.5427377419187326,0.9646775624474205,1.0640313540315205,0.17581007853561828,0.5444807260703722,8,2,0.8944271909999159,2500,OverICA,iid,False,5
0,5,5001,21,210001,True,219,False,10,0.9995244279503085,0.2630907818675041,0.38836163598528556,0.36688257783788725,0.7036026209892797,1.151828938414979,0.12474134035644467,0.5375655819159391,8,2,0.8944271909999159,2500,OverICA,iid,False,5
0,3,3001,8,80001,True,198,False,10,0.9954950315865992,0.4057059707120061,0.3194185783939945,0.2661626924439561,0.7054025910962248,1.0987950345981208,0.16736419146305134,0.5332082709455,8,2,0.8944271909999159,2500,OverICA,iid,False,5
0,6,6001,4,40001,True,209,False,10,0.9976324277964014,0.2207796648144722,0.3674227466062756,0.30682610635853064,0.8038136184555277,1.1013343390241994,0.15499283089402024,0.5242592760038897,8,2,0.8944271909999159,2500,OverICA,iid,False,5
0,6,6001,9,90001,True,196,False,10,0.9999870486473779,0.19966522185131907,0.4485476393801693,0.3636793830900028,0.8856169505856146,1.100222249757461,0.16846678874821042,0.5227634576521412,8,2,0.8944271909999159,2500,OverICA,iid,False,5
0,3,3001,28,280001,True,221,False,10,0.9984180929465528,0.3788480646908283,0.238573407182796,0.20914504244852533,0.3512806131637455,1.1094257052073084,0.1518052858074874,0.5333176523797024,8,2,0.8944271909999159,2500,OverICA,iid,False,5
0,5,5001,25,250001,True,202,False,10,0.9983122397587095,0.25206396309658885,0.3758958627748019,0.3400713847053499,0.5477791770729775,1.1060002225595582,0.1560668744473068,0.5301098775987153,8,2,0.8944271909999159,2500,OverICA,iid,False,5
0,7,7001,2,20001,True,218,False,10,0.999911915422867,0.13423969317227602,0.29033657305422655,0.25061684851417276,0.5635294467326046,1.1637136829353867,0.1279593404296308,0.5445432679872078,8,2,0.8944271909999159,2500,OverICA,iid,False,5
0,5,5001,13,130001,True,204,False,10,0.9999878553575059,0.29578620102256536,0.44595642873912417,0.42616060589854166,0.7581574015458098,1.1066380046489062,0.15805143703449676,0.5235256022061785,8,2,0.8944271909999159,2500,OverICA,iid,False,5
0,3,3001,20,200001,True,222,False,10,0.9948982570987713,0.3874340793117881,0.2729133341645605,0.223259353136223,0.5695936212544184,1.0768464119081154,0.17226785600294026,0.5295188650256165,8,2,0.8944271909999159,2500,OverICA,iid,False,5
0,6,6001,2,20001,True,222,False,10,0.999911915422867,0.23317645490169525,0.29033657305422655,0.25061684851417276,0.5635294467326046,1.1664185492684798,0.12651981957264538,0.5413543681226702,8,2,0.8944271909999159,2500,OverICA,iid,False,5
0,4,4001,28,280001,True,214,False,10,0.9984180929465528,0.3370672450400889,0.238573407182796,0.20914504244852533,0.3512806131637455,1.1148241911272494,0.14954924196270714,0.5388463144953212,8,2,0.8944271909999159,2500,OverICA,iid,False,5
0,5,5001,3,30001,True,219,False,10,0.9999521432101807,0.3280244320631027,0.44035711468583816,0.29253269287663947,0.7984475772902879,1.1970381608904348,0.10873532605144699,0.5408228557880664,8,2,0.8944271909999159,2500,OverICA,iid,False,5
0,4,4001,8,80001,True,202,False,10,0.9954950315865992,0.37243146589025855,0.3194185783939945,0.2661626924439561,0.7054025910962248,1.094177916493593,0.16836648007816818,0.5288333103230137,8,2,0.8944271909999159,2500,OverICA,iid,False,5
0,1,1001,12,120001,True,212,False,10,0.9996315059850447,0.5301398579031229,0.3818721934037777,0.30173895103148185,0.8210707176193752,1.0971527817489273,0.1638973692133544,0.535946040253916,8,2,0.8944271909999159,2500,OverICA,iid,False,5
0,6,6001,24,240001,True,199,False,10,0.9977307214622922,0.17853299668058753,0.4176656155010449,0.3666267052649992,0.8486054292798584,1.121827800653838,0.15332867012127344,0.526883623740105,8,2,0.8944271909999159,2500,OverICA,iid,False,5
0,6,6001,14,140001,True,219,False,10,0.9821231270741202,0.21166446385905147,0.37235093080657267,0.3031480305303173,0.7451720010159131,1.0831673000478346,0.15981874150820294,0.5355964502340067,8,2,0.8944271909999159,2500,OverICA,iid,False,5
0,2,2001,11,110001,True,221,False,10,0.9990896897361886,0.49432694911956787,0.4233475794652064,0.37115124203803934,0.9658307324905717,1.1155050654597978,0.150142962169024,0.5413147092456136,8,2,0.8944271909999159,2500,OverICA,iid,False,5
0,5,5001,17,170001,True,230,False,10,0.9999417301227984,0.3059208560734987,0.5156220863621646,0.4329632779717366,0.776669236503618,1.0723742718581084,0.16775761945872825,0.540945848239926,8,2,0.8944271909999159,2500,OverICA,iid,False,5
0,7,7001,13,130001,True,200,False,10,0.9999878553575059,0.13023304007947445,0.44595642873912417,0.42616060589854166,0.7581574015458098,1.1066152920635113,0.16159897236154608,0.5237273288356177,8,2,0.8944271909999159,2500,OverICA,iid,False,5
0,0,1,20,200001,True,205,False,10,0.9948982570987713,0.5909021059051156,0.2729133341645605,0.223259353136223,0.5695936212544184,1.073968060354652,0.1713104416589034,0.5319091835102471,8,2,0.8944271909999159,2500,OverICA,iid,False,5
0,6,6001,7,70001,True,211,False,10,0.9999147554866513,0.23796443408355117,0.28718458530703633,0.26120726533673977,0.4890740713851449,1.116418488118489,0.15863119329007475,0.5349790284695447,8,2,0.8944271909999159,2500,OverICA,iid,False,5
0,3,3001,23,230001,True,189,False,10,0.9999247032454494,0.4242735309526324,0.4166413935270998,0.3854468910850843,0.7849501783618953,1.0924048555412726,0.16306817514261923,0.5163639504443186,8,2,0.8944271909999159,2500,OverICA,iid,False,5
0,6,6001,17,170001,True,232,False,10,0.9999417301227984,0.21581472735852003,0.5156220863621646,0.4329632779717366,0.776669236503618,1.0694536826817371,0.17135057778528714,0.5467764210078662,8,2,0.8944271909999159,2500,OverICA,iid,False,5
0,3,3001,26,260001,True,224,False,10,0.9988554242201823,0.43446518620476127,0.39715880962878586,0.33046363382163757,0.7681317848628768,1.1026947906172262,0.15911335072257876,0.5413718916818158,8,2,0.8944271909999159,2500,OverICA,iid,False,5
0,4,4001,6,60001,True,230,False,10,0.9998433033196863,0.3957431549206376,0.38614931475826575,0.3093697739017154,0.9337746886199115,1.1020792068527225,0.152875083281486,0.539770145676887,8,2,0.8944271909999159,2500,OverICA,iid,False,5
0,4,4001,15,150001,True,211,False,10,0.9992851310852704,0.40058169420808554,0.35802957138225544,0.2927489254177924,0.6178968303101197,1.0922747862205542,0.16835653745341106,0.5286452864218565,8,2,0.8944271909999159,2500,OverICA,iid,False,5
0,4,4001,29,290001,True,220,False,10,0.9995280857338206,0.3726730840280652,0.5697686958378921,0.5427377419187326,0.9646775624474205,1.0647875513014629,0.17423180966612226,0.5441131701548337,8,2,0.8944271909999159,2500,OverICA,iid,False,5
0,4,4001,12,120001,True,221,False,10,0.9996315059850447,0.40590181993320584,0.3818721934037777,0.30173895103148185,0.8210707176193752,1.0988636161696477,0.1643243253700099,0.5405686535608057,8,2,0.8944271909999159,2500,OverICA,iid,False,5
0,6,6001,25,250001,True,200,False,10,0.9983122397587095,0.21752710593864322,0.3758958627748019,0.3400713847053499,0.5477791770729775,1.105501429310853,0.1563027396049267,0.5307333165871155,8,2,0.8944271909999159,2500,OverICA,iid,False,5
0,5,5001,5,50001,True,222,False,10,0.9990389826239447,0.3699766220524907,0.41799889017517317,0.36189960273483046,0.8349680374291155,1.0810049488782143,0.16455447905714968,0.5385806174443649,8,2,0.8944271909999159,2500,OverICA,iid,False,5
0,6,6001,18,180001,True,204,False,10,0.9998427436914263,0.2404116578400135,0.3762003561460988,0.34085239713859794,0.569515804832115,1.1386738037922988,0.14389924855035197,0.526991956671907,8,2,0.8944271909999159,2500,OverICA,iid,False,5
0,6,6001,12,120001,True,218,False,10,0.9996315059850447,0.2582712830044329,0.3818721934037777,0.30173895103148185,0.8210707176193752,1.096298057736555,0.16336705132928095,0.5395366445563488,8,2,0.8944271909999159,2500,OverICA,iid,False,5
0,6,6001,0,1,True,225,False,10,0.9999689571958852,0.30287840496748686,0.38637862715277005,0.3182130452196538,0.8205182441179257,1.1010348941421442,0.15609593120875526,0.5419007710431938,8,2,0.8944271909999159,2500,OverICA,iid,False,5
0,5,5001,4,40001,True,206,False,10,0.9976324277964014,0.35050820698961616,0.3674227466062756,0.30682610635853064,0.8038136184555277,1.1018797108365432,0.15325978115240443,0.5262908721967492,8,2,0.8944271909999159,2500,OverICA,iid,False,5
0,7,7001,10,100001,True,199,False,10,0.9986523161747195,0.19230974791571498,0.3956472613072251,0.3370248189806167,0.8804733566451324,1.0822641925849994,0.16984217998616596,0.5275676985416894,8,2,0.8944271909999159,2500,OverICA,iid,False,5
0,3,3001,17,170001,True,235,False,10,0.9999417301227984,0.478094563819468,0.5156220863621646,0.4329632779717366,0.776669236503618,1.0731187414918462,0.16976799102026147,0.5464592397330985,8,2,0.8944271909999159,2500,OverICA,iid,False,5
0,5,5001,12,120001,True,216,False,10,0.9996315059850447,0.3704728991724551,0.3818721934037777,0.30173895103148185,0.8210707176193752,1.0989881550532816,0.1619651742131791,0.5384342504944689,8,2,0.8944271909999159,2500,OverICA,iid,False,5
0,7,7001,22,220001,True,198,False,10,0.9911781603281574,0.15761826327070594,0.38139470219910715,0.3470620605347857,0.6243605166776429,1.101593411010528,0.1660461676332356,0.530037264797506,8,2,0.8944271909999159,2500,OverICA,iid,False,5
0,6,6001,21,210001,True,224,False,10,0.9995244279503085,0.2466737381182611,0.38836163598528556,0.36688257783788725,0.7036026209892797,1.1493332546157582,0.12876584018727028,0.5451716132120445,8,2,0.8944271909999159,2500,OverICA,iid,False,5
0,6,6001,1,10001,True,224,False,10,0.9999900660618494,0.31728302175179124,0.42094135196209165,0.38869645487189075,0.7356761630617612,1.1217979044921726,0.1481802442450502,0.5361374188638877,8,2,0.8944271909999159,2500,OverICA,iid,False,5
0,6,6001,15,150001,True,214,False,10,0.9992851310852704,0.26875470485538244,0.35802957138225544,0.2927489254177924,0.6178968303101197,1.0935311701817798,0.1704755484249443,0.5300595505931144,8,2,0.8944271909999159,2500,OverICA,iid,False,5
0,5,5001,27,270001,True,198,False,10,0.9999254568550177,0.32414337806403637,0.4616559693058194,0.41428938275039684,0.8736536251620808,1.0968142432563945,0.15385932429158655,0.5326340533835452,8,2,0.8944271909999159,2500,OverICA,iid,False,5
0,5,5001,16,160001,True,194,False,10,0.9999406289997105,0.3703915989026427,0.43331116759413435,0.34009993373652087,0.8115839195566543,1.1113276651423007,0.15848729476333748,0.5230975398635525,8,2,0.8944271909999159,2500,OverICA,iid,False,5
0,7,7001,17,170001,True,244,False,10,0.9999417301227984,0.1674932991154492,0.5156220863621646,0.4329632779717366,0.776669236503618,1.0773286015625216,0.1657847437259444,0.5429930427435835,8,2,0.8944271909999159,2500,OverICA,iid,False,5
0,7,7001,6,60001,True,231,False,10,0.9998433033196863,0.21757804602384567,0.38614931475826575,0.3093697739017154,0.9337746886199115,1.1010227428924608,0.15263119727977367,0.5425354942359788,8,2,0.8944271909999159,2500,OverICA,iid,False,5
0,7,7001,23,230001,True,186,False,10,0.9999247032454494,0.16518202424049377,0.4166413935270998,0.3854468910850843,0.7849501783618953,1.0921133344534808,0.16412197374136908,0.516555436926196,8,2,0.8944271909999159,2500,OverICA,iid,False,5
0,7,7001,18,180001,True,207,False,10,0.9998427436914263,0.18214321369305253,0.3762003561460988,0.34085239713859794,0.569515804832115,1.134496442689695,0.1410165648454988,0.5290139972225903,8,2,0.8944271909999159,2500,OverICA,iid,False,5
0,7,7001,9,90001,True,199,False,10,0.9999870486473779,0.2197007010690868,0.4485476393801693,0.3636793830900028,0.8856169505856146,1.0997912726396695,0.1694953417256327,0.5230831708345958,8,2,0.8944271909999159,2500,OverICA,iid,False,5
0,5,5001,11,110001,True,222,False,10,0.9990896897361886,0.39652627101168036,0.4233475794652064,0.37115124203803934,0.9658307324905717,1.1118288424811218,0.15050592098879972,0.5439244358350163,8,2,0.8944271909999159,2500,OverICA,iid,False,5
0,7,7001,29,290001,True,218,False,10,0.9995280857338206,0.16427787905558944,0.5697686958378921,0.5427377419187326,0.9646775624474205,1.0644571410001213,0.17324333769101252,0.5463969131657725,8,2,0.8944271909999159,2500,OverICA,iid,False,5
0,6,6001,26,260001,True,220,False,10,0.9988554242201823,0.26256867591291666,0.39715880962878586,0.33046363382163757,0.7681317848628768,1.1037413762597998,0.15821686486672984,0.5413635598185185,8,2,0.8944271909999159,2500,OverICA,iid,False,5
0,8,8001,7,70001,True,210,False,10,0.9999147554866513,0.12961432291194797,0.28718458530703633,0.26120726533673977,0.4890740713851449,1.1168371653786142,0.15566144067100346,0.5442912521431681,8,2,0.8944271909999159,2500,OverICA,iid,False,5
0,3,3001,3,30001,True,229,False,10,0.9999521432101807,0.5410497770644724,0.44035711468583816,0.29253269287663947,0.7984475772902879,1.2037637344468304,0.10974162353027361,0.5448159084168652,8,2,0.8944271909999159,2500,OverICA,iid,False,5
0,8,8001,9,90001,True,202,False,10,0.9999870486473779,0.13019556924700737,0.4485476393801693,0.3636793830900028,0.8856169505856146,1.1045883920087358,0.16642739872838805,0.5302127378548146,8,2,0.8944271909999159,2500,OverICA,iid,False,5
0,7,7001,14,140001,True,217,False,10,0.9821231270741202,0.21752235619351268,0.37235093080657267,0.3031480305303173,0.7451720010159131,1.0806294658885607,0.16193362117981164,0.5373982369017746,8,2,0.8944271909999159,2500,OverICA,iid,False,5
0,3,3001,7,70001,True,206,False,10,0.9999147554866513,0.5310968020930886,0.28718458530703633,0.26120726533673977,0.4890740713851449,1.1218341908878253,0.1559099401269317,0.5339964268773694,8,2,0.8944271909999159,2500,OverICA,iid,False,5
0,4,4001,22,220001,True,201,False,10,0.9911781603281574,0.4548120042309165,0.38139470219910715,0.3470620605347857,0.6243605166776429,1.1004091671348384,0.16879626218008525,0.5319271183490744,8,2,0.8944271909999159,2500,OverICA,iid,False,5
0,5,5001,18,180001,True,208,False,10,0.9998427436914263,0.4031327967531979,0.3762003561460988,0.34085239713859794,0.569515804832115,1.1360577280803152,0.13983800861072243,0.5307433041591514,8,2,0.8944271909999159,2500,OverICA,iid,False,5
0,7,7001,0,1,True,220,False,10,0.9999689571958852,0.26523164799436927,0.38637862715277005,0.3182130452196538,0.8205182441179257,1.1023043782659379,0.15550393719183947,0.5443150080212869,8,2,0.8944271909999159,2500,OverICA,iid,False,5
0,6,6001,20,200001,True,214,False,10,0.9948982570987713,0.30101317586377263,0.2729133341645605,0.223259353136223,0.5695936212544184,1.0761921565033088,0.17426160607152902,0.53304056219598,8,2,0.8944271909999159,2500,OverICA,iid,False,5
0,7,7001,15,150001,True,223,False,10,0.9992851310852704,0.22509549697861075,0.35802957138225544,0.2927489254177924,0.6178968303101197,1.0914149272204376,0.17121876357294272,0.5322556671890517,8,2,0.8944271909999159,2500,OverICA,iid,False,5
0,7,7001,7,70001,True,211,False,10,0.9999147554866513,0.25660389428958297,0.28718458530703633,0.26120726533673977,0.4890740713851449,1.1170038981319477,0.15590976054681915,0.5355356428414861,8,2,0.8944271909999159,2500,OverICA,iid,False,5
0,1,1001,7,70001,True,210,False,10,0.9999147554866513,0.6622845251113176,0.28718458530703633,0.26120726533673977,0.4890740713851449,1.1194104256035853,0.15589622050167878,0.5388902401173965,8,2,0.8944271909999159,2500,OverICA,iid,False,5
0,4,4001,10,100001,True,198,False,10,0.9986523161747195,0.4898185380734503,0.3956472613072251,0.3370248189806167,0.8804733566451324,1.0896726274108621,0.16924327286755295,0.5319369749646967,8,2,0.8944271909999159,2500,OverICA,iid,False,5
0,9,9001,1,10001,True,214,False,10,0.9999900660618494,0.10960219288244843,0.42094135196209165,0.38869645487189075,0.7356761630617612,1.117452257430239,0.14956436899490363,0.5374082172124467,8,2,0.8944271909999159,2500,OverICA,iid,False,5
0,6,6001,23,230001,True,182,False,10,0.9999247032454494,0.3133652866818011,0.4166413935270998,0.3854468910850843,0.7849501783618953,1.0903729329460792,0.16312891535242857,0.5189928048258473,8,2,0.8944271909999159,2500,OverICA,iid,False,5
0,1,1001,2,20001,True,209,False,10,0.999911915422867,0.6904918029904366,0.29033657305422655,0.25061684851417276,0.5635294467326046,1.1619892903457862,0.12727547227603325,0.5406013282041009,8,2,0.8944271909999159,2500,OverICA,iid,False,5
0,3,3001,12,120001,True,217,False,10,0.9996315059850447,0.5500409388914704,0.3818721934037777,0.30173895103148185,0.8210707176193752,1.102858600632315,0.16320452364693083,0.5443016046170497,8,2,0.8944271909999159,2500,OverICA,iid,False,5
0,8,8001,14,140001,True,211,False,10,0.9821231270741202,0.15384694701060653,0.37235093080657267,0.3031480305303173,0.7451720010159131,1.0864348759927411,0.1589230268076595,0.5368406345081829,8,2,0.8944271909999159,2500,OverICA,iid,False,5
0,6,6001,22,220001,True,199,False,10,0.9911781603281574,0.32183720311149955,0.38139470219910715,0.3470620605347857,0.6243605166776429,1.1004167418670987,0.16637755362913187,0.527986833624427,8,2,0.8944271909999159,2500,OverICA,iid,False,5
0,7,7001,1,10001,True,222,False,10,0.9999900660618494,0.2975745890289545,0.42094135196209165,0.38869645487189075,0.7356761630617612,1.1233485192820878,0.1468793906501632,0.5396673445394254,8,2,0.8944271909999159,2500,OverICA,iid,False,5
0,9,9001,6,60001,True,218,False,10,0.9998433033196863,0.11842020601034164,0.38614931475826575,0.3093697739017154,0.9337746886199115,1.1007874987740274,0.15413079944123836,0.545332291631107,8,2,0.8944271909999159,2500,OverICA,iid,False,5
0,1,1001,21,210001,True,214,False,10,0.9995244279503085,0.6777233951725066,0.38836163598528556,0.36688257783788725,0.7036026209892797,1.1492531468439888,0.12733962618812847,0.5433582365667455,8,2,0.8944271909999159,2500,OverICA,iid,False,5
0,8,8001,28,280001,True,215,False,10,0.9984180929465528,0.1575254825875163,0.238573407182796,0.20914504244852533,0.3512806131637455,1.1084716581870215,0.1529398112536439,0.5365792620051206,8,2,0.8944271909999159,2500,OverICA,iid,False,5
0,8,8001,21,210001,True,213,False,10,0.9995244279503085,0.17601695330813527,0.38836163598528556,0.36688257783788725,0.7036026209892797,1.1507601399812546,0.12822543512930273,0.5387162722178149,8,2,0.8944271909999159,2500,OverICA,iid,False,5
0,6,6001,29,290001,True,223,False,10,0.9995280857338206,0.33742118207737803,0.5697686958378921,0.5427377419187326,0.9646775624474205,1.0655920198023985,0.1761215317086175,0.5447040319042599,8,2,0.8944271909999159,2500,OverICA,iid,False,5
0,9,9001,12,120001,True,217,False,10,0.9996315059850447,0.12635374441742897,0.3818721934037777,0.30173895103148185,0.8210707176193752,1.0981759119767114,0.16398577180771454,0.5405307639296346,8,2,0.8944271909999159,2500,OverICA,iid,False,5
0,4,4001,23,230001,True,185,False,10,0.9999247032454494,0.5400844542309642,0.4166413935270998,0.3854468910850843,0.7849501783618953,1.086508554494149,0.16704236018622196,0.5164572914267115,8,2,0.8944271909999159,2500,OverICA,iid,False,5
0,7,7001,25,250001,True,205,False,10,0.9983122397587095,0.2666975688189268,0.3758958627748019,0.3400713847053499,0.5477791770729775,1.1063327613499927,0.15421817797789167,0.5242637850467103,8,2,0.8944271909999159,2500,OverICA,iid,False,5
0,9,9001,13,130001,True,211,False,10,0.9999878553575059,0.13243971625342965,0.44595642873912417,0.42616060589854166,0.7581574015458098,1.1070288373860377,0.15929403855855517,0.5233390997527843,8,2,0.8944271909999159,2500,OverICA,iid,False,5
0,8,8001,4,40001,True,203,False,10,0.9976324277964014,0.23669395176693797,0.3674227466062756,0.30682610635853064,0.8038136184555277,1.1053220959697754,0.1526976450053232,0.5224681256643787,8,2,0.8944271909999159,2500,OverICA,iid,False,5
0,5,5001,26,260001,True,221,False,10,0.9988554242201823,0.45316622499376535,0.39715880962878586,0.33046363382163757,0.7681317848628768,1.1017207851260091,0.1580766749342944,0.5453168753859713,8,2,0.8944271909999159,2500,OverICA,iid,False,5
0,5,5001,9,90001,True,195,False,10,0.9999870486473779,0.5061693326570094,0.4485476393801693,0.3636793830900028,0.8856169505856146,1.102281935770673,0.16931006026056666,0.5246337173072185,8,2,0.8944271909999159,2500,OverICA,iid,False,5
0,9,9001,9,90001,True,193,False,10,0.9999870486473779,0.14447196712717414,0.4485476393801693,0.3636793830900028,0.8856169505856146,1.0986197182400035,0.16970975322355156,0.5275863730012068,8,2,0.8944271909999159,2500,OverICA,iid,False,5
0,8,8001,5,50001,True,212,False,10,0.9990389826239447,0.2478137412108481,0.41799889017517317,0.36189960273483046,0.8349680374291155,1.0826694284009815,0.1597109079525203,0.5398306890407751,8,2,0.8944271909999159,2500,OverICA,iid,False,5
0,5,5001,24,240001,True,193,False,10,0.9977307214622922,0.46455285092815757,0.4176656155010449,0.3666267052649992,0.8486054292798584,1.1232716620572858,0.1485028205660719,0.5260568310167711,8,2,0.8944271909999159,2500,OverICA,iid,False,5
1,0,1,4,40001,True,205,False,10,0.9976324277964014,0.10490818321704865,0.38381750341299675,0.29205641472854516,0.8038136184555277,1.078269089665233,0.184380103111858,0.5212503503690499,8,2,0.8944271909999159,2500,OverICA,iid,False,5
0,8,8001,19,190001,True,194,False,10,0.995360343257357,0.2141523971222341,0.3244363395146468,0.264174407369906,0.7793830241974784,1.0978840991718188,0.15987612699999748,0.5279645674748417,8,2,0.8944271909999159,2500,OverICA,iid,False,5
0,4,4001,21,210001,True,215,False,10,0.9995244279503085,0.566995169967413,0.38836163598528556,0.36688257783788725,0.7036026209892797,1.146373023155462,0.12882284816326914,0.5408375483226254,8,2,0.8944271909999159,2500,OverICA,iid,False,5
0,8,8001,26,260001,True,230,False,10,0.9988554242201823,0.20723300194367766,0.39715880962878586,0.33046363382163757,0.7681317848628768,1.1057819353692118,0.15445150362248045,0.5375071407898611,8,2,0.8944271909999159,2500,OverICA,iid,False,5
0,8,8001,11,110001,True,221,False,10,0.9990896897361886,0.2360316957347095,0.4233475794652064,0.37115124203803934,0.9658307324905717,1.115152667404236,0.14817350582906164,0.5427690272862725,8,2,0.8944271909999159,2500,OverICA,iid,False,5
1,0,1,2,20001,True,213,False,10,0.999911915422867,0.12224246095865965,0.2966042281457975,0.24587141895933445,0.5635294467326046,1.2007619009994446,0.16843827043796158,0.531047342154477,8,2,0.8944271909999159,2500,OverICA,iid,False,5
0,7,7001,4,40001,True,206,False,10,0.9976324277964014,0.36210705200210214,0.3674227466062756,0.30682610635853064,0.8038136184555277,1.1042418491671588,0.1564729111697788,0.5349544809689024,8,2,0.8944271909999159,2500,OverICA,iid,False,5
0,6,6001,8,80001,True,202,False,10,0.9954950315865992,0.44524300610646605,0.3194185783939945,0.2661626924439561,0.7054025910962248,1.0961595887670645,0.16637874738887187,0.5307233116875255,8,2,0.8944271909999159,2500,OverICA,iid,False,5
0,9,9001,7,70001,True,210,False,10,0.9999147554866513,0.18459171801805496,0.28718458530703633,0.26120726533673977,0.4890740713851449,1.115534654632683,0.15775076323978302,0.5384558081287888,8,2,0.8944271909999159,2500,OverICA,iid,False,5
0,6,6001,3,30001,True,231,False,10,0.9999521432101807,0.4554952001199126,0.44035711468583816,0.29253269287663947,0.7984475772902879,1.197413238425651,0.11545325806915815,0.5452132961261915,8,2,0.8944271909999159,2500,OverICA,iid,False,5
1,0,1,19,190001,True,201,False,10,0.9810312368856301,0.09997833520174026,0.3213321025576681,0.2513410475267112,0.7793830241974784,1.1374394846503812,0.19719785935121095,0.5302901041192212,8,2,0.8944271909999159,2500,OverICA,iid,False,5
0,9,9001,8,80001,True,207,False,10,0.9954950315865992,0.2001730278134346,0.3194185783939945,0.2661626924439561,0.7054025910962248,1.0982306996471825,0.16259361614329548,0.5283228731451722,8,2,0.8944271909999159,2500,OverICA,iid,False,5
0,9,9001,22,220001,True,200,False,10,0.9911781603281574,0.17122289491817355,0.38139470219910715,0.3470620605347857,0.6243605166776429,1.1021710968762588,0.16774854053993238,0.5321168675855961,8,2,0.8944271909999159,2500,OverICA,iid,False,5
0,8,8001,10,100001,True,208,False,10,0.9986523161747195,0.27132032765075564,0.3956472613072251,0.3370248189806167,0.8804733566451324,1.0908744683369274,0.1673891651480186,0.5292432529760168,8,2,0.8944271909999159,2500,OverICA,iid,False,5
0,6,6001,6,60001,True,227,False,10,0.9998433033196863,0.48044018913060427,0.38614931475826575,0.3093697739017154,0.9337746886199115,1.1019135883928661,0.15264651764573006,0.543446531115821,8,2,0.8944271909999159,2500,OverICA,iid,False,5
0,8,8001,22,220001,True,197,False,10,0.9911781603281574,0.25446564704179764,0.38139470219910715,0.3470620605347857,0.6243605166776429,1.1003070028274784,0.16675541423813312,0.527061638499181,8,2,0.8944271909999159,2500,OverICA,iid,False,5
0,2,2001,21,210001,True,222,False,10,0.9995244279503085,0.7054346157237887,0.38836163598528556,0.36688257783788725,0.7036026209892797,1.1487101520113605,0.1264923079442603,0.536071471895873,8,2,0.8944271909999159,2500,OverICA,iid,False,5
0,6,6001,19,190001,True,199,False,10,0.995360343257357,0.45195754198357463,0.3244363395146468,0.264174407369906,0.7793830241974784,1.1008129630551395,0.15907884044786688,0.5355379101981004,8,2,0.8944271909999159,2500,OverICA,iid,False,5
0,7,7001,28,280001,True,214,False,10,0.9984180929465528,0.34068979090079665,0.238573407182796,0.20914504244852533,0.3512806131637455,1.109951642408242,0.15188412344634925,0.5357064921101399,8,2,0.8944271909999159,2500,OverICA,iid,False,5
0,8,8001,18,180001,True,199,False,10,0.9998427436914263,0.2759408983401954,0.3762003561460988,0.34085239713859794,0.569515804832115,1.133939156488408,0.14276414042123153,0.5289133455376485,8,2,0.8944271909999159,2500,OverICA,iid,False,5
0,8,8001,2,20001,True,222,False,10,0.999911915422867,0.32794168312102556,0.29033657305422655,0.25061684851417276,0.5635294467326046,1.1627517300802204,0.1269274936985879,0.5397606276631126,8,2,0.8944271909999159,2500,OverICA,iid,False,5
0,8,8001,0,1,True,223,False,10,0.9999689571958852,0.3471861290745437,0.38637862715277005,0.3182130452196538,0.8205182441179257,1.0970388039679304,0.15820528431767159,0.542636766472938,8,2,0.8944271909999159,2500,OverICA,iid,False,5
1,0,1,24,240001,True,199,False,10,0.9977307214622922,0.10731570702046156,0.4040793934859564,0.32870429806520546,0.8486054292798584,1.096609262570429,0.18217938003381523,0.5248785973713822,8,2,0.8944271909999159,2500,OverICA,iid,False,5
0,8,8001,12,120001,True,225,False,10,0.9996315059850447,0.2967707538045943,0.3818721934037777,0.30173895103148185,0.8210707176193752,1.1014810008673246,0.16274195779704115,0.5439143988047588,8,2,0.8944271909999159,2500,OverICA,iid,False,5
0,9,9001,15,150001,True,213,False,10,0.9992851310852704,0.22068483522161841,0.35802957138225544,0.2927489254177924,0.6178968303101197,1.0936619253811828,0.17163270964901955,0.5315206136656891,8,2,0.8944271909999159,2500,OverICA,iid,False,5
0,9,9001,29,290001,True,218,False,10,0.9995280857338206,0.19027015194296837,0.5697686958378921,0.5427377419187326,0.9646775624474205,1.0608440891870203,0.17645155136909987,0.5427716392294808,8,2,0.8944271909999159,2500,OverICA,iid,False,5
1,0,1,26,260001,True,218,False,10,0.9988554242201823,0.11031715804710984,0.2554691557926536,0.20435682304908362,0.5492879508286921,1.0884587408634319,0.1832893439884869,0.5347654001667831,8,2,0.8944271909999159,2500,OverICA,iid,False,5
0,9,9001,21,210001,True,218,False,10,0.9995244279503085,0.21604871517047286,0.38836163598528556,0.36688257783788725,0.7036026209892797,1.148081744334995,0.13019670189650007,0.5408759352320026,8,2,0.8944271909999159,2500,OverICA,iid,False,5
1,0,1,3,30001,True,222,False,10,0.9999521432101807,0.1872502719052136,0.34318344450992677,0.19909781197255497,0.7984475772902879,1.4529007447660125,0.07078330984552143,0.5389865659152915,8,2,0.8944271909999159,2500,OverICA,iid,False,5
0,7,7001,11,110001,True,223,False,10,0.9990896897361886,0.43078088015317917,0.4233475794652064,0.37115124203803934,0.9658307324905717,1.1128358248816812,0.15133929114420863,0.5418125315866521,8,2,0.8944271909999159,2500,OverICA,iid,False,5
0,9,9001,18,180001,True,204,False,10,0.9998427436914263,0.22496254788711667,0.3762003561460988,0.34085239713859794,0.569515804832115,1.1360250016733835,0.14207990595346062,0.5320745880348342,8,2,0.8944271909999159,2500,OverICA,iid,False,5
1,1,1001,7,70001,True,201,False,10,0.9999147554866513,0.0971325128339231,0.26189826237690395,0.22467545369681735,0.4506723085578529,1.0733192783076102,0.20536137946279528,0.5230032479136929,8,2,0.8944271909999159,2500,OverICA,iid,False,5
1,0,1,15,150001,True,215,False,10,0.9992851310852704,0.18430309975519776,0.43062031936255973,0.32858406118033257,0.6178968303101197,1.4352164203810909,0.1502286515231435,0.5260317737119591,8,2,0.8944271909999159,2500,OverICA,iid,False,5
1,0,1,27,270001,True,192,False,10,0.9999254568550177,0.13532018614932895,0.4295091785914061,0.3532283732429609,0.9862980234434047,1.0702661020132047,0.19485679349469437,0.518501930864113,8,2,0.8944271909999159,2500,OverICA,iid,False,5
0,7,7001,12,120001,True,223,False,10,0.9996315059850447,0.44733862299472094,0.3818721934037777,0.30173895103148185,0.8210707176193752,1.101318564111379,0.16127770355552362,0.5384568973141277,8,2,0.8944271909999159,2500,OverICA,iid,False,5
0,7,7001,27,270001,True,196,False,10,0.9999254568550177,0.387728416826576,0.4616559693058194,0.41428938275039684,0.8736536251620808,1.1006322893469103,0.15339185666788452,0.5277021110010264,8,2,0.8944271909999159,2500,OverICA,iid,False,5
1,0,1,0,1,True,219,False,10,0.9999689571958852,0.22130518220365047,0.35821720762918835,0.26933071454150015,0.8205182441179257,1.0680094470921782,0.19184595918429845,0.5359753122716872,8,2,0.8944271909999159,2500,OverICA,iid,False,5
0,3,3001,24,240001,True,200,False,10,0.9977307214622922,0.7215989818796515,0.4176656155010449,0.3666267052649992,0.8486054292798584,1.1198978346356252,0.15294101307708197,0.5260207718142812,8,2,0.8944271909999159,2500,OverICA,iid,False,5
0,3,3001,14,140001,True,226,False,10,0.9821231270741202,0.7407570793293417,0.37235093080657267,0.3031480305303173,0.7451720010159131,1.0856868296838544,0.15798681102256315,0.5365958007695099,8,2,0.8944271909999159,2500,OverICA,iid,False,5
1,0,1,20,200001,True,212,False,10,0.9894655370179077,0.1805858640000224,0.20277396267638573,0.16466352405388734,0.3870736257551045,1.0616092299886883,0.2029509547761133,0.5305496404307818,8,2,0.8944271909999159,2500,OverICA,iid,False,5
1,0,1,17,170001,True,227,False,10,0.9999417301227984,0.1877140481956303,0.38105754352422583,0.26538281935898933,0.7766790162614948,1.0566338568583762,0.19906364955022177,0.539283178868954,8,2,0.8944271909999159,2500,OverICA,iid,False,5
1,0,1,10,100001,True,199,False,10,0.9986523161747195,0.21740243723616004,0.383471223639459,0.3083864891353545,0.8804733566451324,1.1238781937063556,0.12643459942740948,0.5259950609809008,8,2,0.8944271909999159,2500,OverICA,iid,False,5
1,0,1,9,90001,True,193,False,10,0.9999870486473779,0.22181774768978357,0.40304634844404835,0.29378208715406395,0.8856169505856146,1.076777633274628,0.20393595647683874,0.5206176282976507,8,2,0.8944271909999159,2500,OverICA,iid,False,5
1,0,1,12,120001,True,212,False,10,0.9996315059850447,0.2169487001374364,0.22095668675082134,0.18645744622620908,0.35429047922857243,1.1286385363276243,0.14055174288273192,0.5310261593194847,8,2,0.8944271909999159,2500,OverICA,iid,False,5
1,0,1,28,280001,True,201,False,10,0.9984180929465528,0.16007558722048998,0.3033919138417773,0.2396898371744524,0.6568921147875266,1.0883943599360948,0.1932136606221763,0.5230733755135795,8,2,0.8944271909999159,2500,OverICA,iid,False,5
0,8,8001,23,230001,True,195,False,10,0.9999247032454494,0.34219947131350636,0.4166413935270998,0.3854468910850843,0.7849501783618953,1.0869774301671575,0.16740326555330143,0.5150856956993625,8,2,0.8944271909999159,2500,OverICA,iid,False,5
0,9,9001,24,240001,True,201,False,10,0.9977307214622922,0.26909869257360697,0.4176656155010449,0.3666267052649992,0.8486054292798584,1.1215939861597213,0.14878118749893826,0.5241221683525426,8,2,0.8944271909999159,2500,OverICA,iid,False,5
1,0,1,22,220001,True,208,False,10,0.9911781603281574,0.19890539580956101,0.44099927302288644,0.37178426949734233,0.6243702964355199,3.269314598861459,0.13117980707636717,0.518317865319053,8,2,0.8944271909999159,2500,OverICA,iid,False,5
0,5,5001,14,140001,True,218,False,10,0.9821231270741202,0.6496872557327151,0.37235093080657267,0.3031480305303173,0.7451720010159131,1.0853471885669745,0.1590953091373594,0.5400315697723425,8,2,0.8944271909999159,2500,OverICA,iid,False,5
1,1,1001,5,50001,True,215,False,10,0.99643378553034,0.14905328815802932,0.317300439343448,0.2549119596941096,0.5666515632238128,1.058530490665079,0.1971156909999187,0.5318186114786991,8,2,0.8944271909999159,2500,OverICA,iid,False,5
0,9,9001,5,50001,True,221,False,10,0.9990389826239447,0.32919684471562505,0.41799889017517317,0.36189960273483046,0.8349680374291155,1.0806821841117458,0.1633730625262851,0.5370433814255182,8,2,0.8944271909999159,2500,OverICA,iid,False,5
1,1,1001,15,150001,True,214,False,10,0.9992851310852704,0.12683007074519992,0.43049172255007073,0.3304255379360451,0.6178968303101197,1.4320484699951608,0.15405902941192137,0.5206709927922069,8,2,0.8944271909999159,2500,OverICA,iid,False,5
0,5,5001,15,150001,True,217,False,10,0.9992851310852704,0.6451013060286641,0.35802957138225544,0.2927489254177924,0.6178968303101197,1.089224419754764,0.17010452480031138,0.5322454757452707,8,2,0.8944271909999159,2500,OverICA,iid,False,5
0,9,9001,16,160001,True,187,False,10,0.9999406289997105,0.2951298151165247,0.43331116759413435,0.34009993373652087,0.8115839195566543,1.1155172672329035,0.15660781656748204,0.5224490777604286,8,2,0.8944271909999159,2500,OverICA,iid,False,5
0,8,8001,17,170001,True,244,False,10,0.9999417301227984,0.37799990037456155,0.5156220863621646,0.4329632779717366,0.776669236503618,1.0721281657036794,0.17035565667531022,0.5423141527216847,8,2,0.8944271909999159,2500,OverICA,iid,False,5
1,1,1001,10,100001,True,206,False,10,0.9986523161747195,0.15647236909717321,0.38528246542277217,0.3093819730612909,0.8804733566451324,1.0775817916612218,0.19202234498324525,0.5281019664131129,8,2,0.8944271909999159,2500,OverICA,iid,False,5
1,0,1,29,290001,True,219,False,10,0.9995280857338206,0.1948287128470838,0.4792836038987196,0.41163303667013595,0.8013519339599776,1.045151111805328,0.20101048541492247,0.53288821016963,8,2,0.8944271909999159,2500,OverICA,iid,False,5
1,1,1001,12,120001,True,212,False,10,0.9996315059850447,0.15730879409238696,0.2216556376094919,0.18729705048041248,0.35429047922857243,1.129777431531798,0.14187631493328082,0.531593736770137,8,2,0.8944271909999159,2500,OverICA,iid,False,5
1,0,1,21,210001,True,231,False,10,0.9995244279503085,0.23497495288029313,0.35096111799681795,0.30584043258234195,0.7036026209892797,1.1256826426624746,0.17215721099793715,0.5325691981675927,8,2,0.8944271909999159,2500,OverICA,iid,False,5
1,1,1001,18,180001,True,199,False,10,0.9998427436914263,0.13877718383446336,0.37584199384661654,0.32289022324875705,0.569515804832115,1.1085951382397194,0.18627895396825087,0.5196311642952625,8,2,0.8944271909999159,2500,OverICA,iid,False,5
0,2,2001,28,280001,True,215,False,10,0.9984180929465528,0.8326179459691048,0.238573407182796,0.20914504244852533,0.3512806131637455,1.1105695824187767,0.14973389905473306,0.5394940992196993,8,2,0.8944271909999159,2500,OverICA,iid,False,5
0,9,9001,3,30001,True,226,False,10,0.9999521432101807,0.36078006122261286,0.44035711468583816,0.29253269287663947,0.7984475772902879,1.1989098617356877,0.10999522585016751,0.5400539876273457,8,2,0.8944271909999159,2500,OverICA,iid,False,5
0,8,8001,8,80001,True,210,False,10,0.9954950315865992,0.41897306498140097,0.3194185783939945,0.2661626924439561,0.7054025910962248,1.0977243289047318,0.1662291558483929,0.5315082850562707,8,2,0.8944271909999159,2500,OverICA,iid,False,5
1,1,1001,13,130001,True,206,False,10,0.997173695686639,0.1729206438176334,0.405813003144064,0.3751194073953051,0.6829558503603121,1.0524011015269001,0.13194793184771586,0.5202784472410049,8,2,0.8944271909999159,2500,OverICA,iid,False,5
0,9,9001,25,250001,True,199,False,10,0.9983122397587095,0.32054828107357025,0.3758958627748019,0.3400713847053499,0.5477791770729775,1.1046235980735646,0.15689913446907044,0.5265429318057877,8,2,0.8944271909999159,2500,OverICA,iid,False,5
0,3,3001,18,180001,True,203,False,10,0.9998427436914263,0.8149045198224485,0.3762003561460988,0.34085239713859794,0.569515804832115,1.137241311896505,0.13965885766815841,0.5302910918549857,8,2,0.8944271909999159,2500,OverICA,iid,False,5
0,8,8001,13,130001,True,202,False,10,0.9999878553575059,0.4130436237901449,0.44595642873912417,0.42616060589854166,0.7581574015458098,1.1033455669927565,0.1604914568191525,0.529062625972452,8,2,0.8944271909999159,2500,OverICA,iid,False,5
1,1,1001,9,90001,True,200,False,10,0.9999870486473779,0.1886995122767985,0.41371786059468363,0.29803397550061395,0.8856169505856146,1.1399496613234386,0.204295999688283,0.521289911697641,8,2,0.8944271909999159,2500,OverICA,iid,False,5
1,0,1,11,110001,True,214,False,10,0.9794777790118621,0.2817082218825817,0.2712832326510583,0.23655724379322243,0.5322588536050029,1.1554702398466887,0.18149431043929048,0.5360636534084376,8,2,0.8944271909999159,2500,OverICA,iid,False,5
0,8,8001,15,150001,True,215,False,10,0.9992851310852704,0.4153415886685252,0.35802957138225544,0.2927489254177924,0.6178968303101197,1.0950130911393359,0.16949319890901302,0.5316280353952295,8,2,0.8944271909999159,2500,OverICA,iid,False,5
0,0,1,29,290001,True,219,False,10,0.9995280857338206,0.9634017911739647,0.5697686958378921,0.5427377419187326,0.9646775624474205,1.0603269042957923,0.1769085577597069,0.5406206330192063,8,2,0.8944271909999159,2500,OverICA,iid,False,5
1,2,2001,8,80001,True,199,False,10,0.9954950315865992,0.09723437204957008,0.43057650150059096,0.35189065262640656,0.7670405635988361,1.2713253071014736,0.16041950936710217,0.5178512253594164,8,2,0.8944271909999159,2500,OverICA,iid,False,5
1,1,1001,22,220001,True,207,False,10,0.9911781603281574,0.15682704793289304,0.44103913644373066,0.3705422887850982,0.6243702964355199,3.288566467835715,0.13296560657887263,0.5182177023583522,8,2,0.8944271909999159,2500,OverICA,iid,False,5
0,9,9001,14,140001,True,217,False,10,0.9821231270741202,0.3641177690587938,0.37235093080657267,0.3031480305303173,0.7451720010159131,1.0823830776928465,0.16230823067163355,0.5442584439684519,8,2,0.8944271909999159,2500,OverICA,iid,False,5
1,1,1001,21,210001,True,219,False,10,0.9995244279503085,0.1672717402689159,0.35090573887825066,0.3046132410616332,0.7036026209892797,1.1267480899461186,0.1692890377250264,0.5298674663689199,8,2,0.8944271909999159,2500,OverICA,iid,False,5
1,1,1001,26,260001,True,214,False,10,0.9988554242201823,0.15288314316421747,0.25553013861383617,0.2048841280933524,0.5492879508286921,1.087130428066461,0.1831943648907949,0.5383707198112513,8,2,0.8944271909999159,2500,OverICA,iid,False,5
0,9,9001,26,260001,True,214,False,10,0.9988554242201823,0.3470492400228977,0.39715880962878586,0.33046363382163757,0.7681317848628768,1.1021816207481572,0.1578255698749792,0.5460452077736929,8,2,0.8944271909999159,2500,OverICA,iid,False,5
1,2,2001,17,170001,True,227,False,10,0.9999417301227984,0.1131323091685772,0.3810132005456046,0.2639856162108072,0.7766790162614948,1.0582200079578865,0.19595124277436662,0.5392344957555979,8,2,0.8944271909999159,2500,OverICA,iid,False,5
1,2,2001,21,210001,True,223,False,10,0.9995244279503085,0.10274621704593301,0.35091907862701366,0.3049896829479678,0.7036026209892797,1.1299673568347477,0.16612778623566232,0.5331751316736494,8,2,0.8944271909999159,2500,OverICA,iid,False,5
1,0,1,18,180001,True,205,False,10,0.9998427436914263,0.3007264188490808,0.37617247534791937,0.3261145609192959,0.569515804832115,1.1133714818888516,0.18279659076960253,0.5220796948041141,8,2,0.8944271909999159,2500,OverICA,iid,False,5
1,2,2001,24,240001,True,198,False,10,0.9977307214622922,0.0951236761175096,0.4040806422414422,0.32904577539981716,0.8486054292798584,1.106037184720859,0.17745549085866957,0.522201340495687,8,2,0.8944271909999159,2500,OverICA,iid,False,5
1,1,1001,19,190001,True,201,False,10,0.9810312368856301,0.20274031162261963,0.32166132155222893,0.2541071636382058,0.7793830241974784,1.1371097133938366,0.19910440282803982,0.5282833501032438,8,2,0.8944271909999159,2500,OverICA,iid,False,5
0,7,7001,8,80001,True,203,False,10,0.9954950315865992,0.5931889610365033,0.3194185783939945,0.2661626924439561,0.7054025910962248,1.0977760036238318,0.1660596191412947,0.5284830268676692,8,2,0.8944271909999159,2500,OverICA,iid,False,5
0,4,4001,19,190001,True,203,False,10,0.995360343257357,0.8191507421433926,0.3244363395146468,0.264174407369906,0.7793830241974784,1.0984143734799292,0.16053484862552733,0.5317554245243719,8,2,0.8944271909999159,2500,OverICA,iid,False,5
1,2,2001,2,20001,True,211,False,10,0.999911915422867,0.17572082579135895,0.2962127317641169,0.24412777811849315,0.5635294467326046,1.1972174728468927,0.16938543962036104,0.5279420994299094,8,2,0.8944271909999159,2500,OverICA,iid,False,5
0,8,8001,25,250001,True,199,False,10,0.9983122397587095,0.45571179781109095,0.3758958627748019,0.3400713847053499,0.5477791770729775,1.1072935032824005,0.15342135190815948,0.5334838255113349,8,2,0.8944271909999159,2500,OverICA,iid,False,5
1,2,2001,18,180001,True,202,False,10,0.9998427436914263,0.12055107206106186,0.37585653851024525,0.3230965317597372,0.569515804832115,1.111697880273943,0.18349407288376757,0.5189145128030824,8,2,0.8944271909999159,2500,OverICA,iid,False,5
0,7,7001,21,210001,True,222,False,10,0.9995244279503085,0.5536489360965788,0.38836163598528556,0.36688257783788725,0.7036026209892797,1.1529673217203604,0.12455759776464276,0.542024923612646,8,2,0.8944271909999159,2500,OverICA,iid,False,5
0,9,9001,19,190001,True,200,False,10,0.995360343257357,0.3931497731246054,0.3244363395146468,0.264174407369906,0.7793830241974784,1.1020792398982637,0.15836735191537712,0.5316519558442523,8,2,0.8944271909999159,2500,OverICA,iid,False,5
0,1,1001,18,180001,True,212,False,10,0.9998427436914263,0.9823419791646302,0.3762003561460988,0.34085239713859794,0.569515804832115,1.1351390054931874,0.14343376922992224,0.530600960080193,8,2,0.8944271909999159,2500,OverICA,iid,False,5
1,0,1,7,70001,True,206,False,10,0.9999147554866513,0.36089798994362354,0.2619454011757373,0.22501243497502896,0.4506723085578529,1.0798765868975744,0.20347683416100196,0.527109741689162,8,2,0.8944271909999159,2500,OverICA,iid,False,5
1,1,1001,1,10001,True,216,False,10,0.9999900660618494,0.27790963603183627,0.34697503734645285,0.2818985919743033,0.7356761630617612,1.0727696143511865,0.1926362109823621,0.5299602186093603,8,2,0.8944271909999159,2500,OverICA,iid,False,5
1,0,1,5,50001,True,211,False,10,0.99643378553034,0.37539322674274445,0.3173980293855884,0.2560416022804468,0.5666515632238128,1.0616746136950244,0.1948941508661543,0.5340414782763635,8,2,0.8944271909999159,2500,OverICA,iid,False,5
1,1,1001,24,240001,True,201,False,10,0.9977307214622922,0.21794159291312099,0.40408140180287244,0.3291409652642326,0.8486054292798584,1.1042597078982486,0.17614283954443705,0.516449943837192,8,2,0.8944271909999159,2500,OverICA,iid,False,5
0,8,8001,24,240001,True,201,False,10,0.9977307214622922,0.48709219601005316,0.4176656155010449,0.3666267052649992,0.8486054292798584,1.1197083647847426,0.1504973638992957,0.5221392761565152,8,2,0.8944271909999159,2500,OverICA,iid,False,5
0,6,6001,10,100001,True,204,False,10,0.9986523161747195,0.7021299577318132,0.3956472613072251,0.3370248189806167,0.8804733566451324,1.085860287324947,0.16674661874960725,0.5321171688223522,8,2,0.8944271909999159,2500,OverICA,iid,False,5
1,1,1001,11,110001,True,214,False,10,0.9794777790118621,0.27383862202987075,0.27355886238381266,0.24151921284839967,0.5322588536050029,1.155493381649334,0.18170777612119848,0.5315338624400587,8,2,0.8944271909999159,2500,OverICA,iid,False,5
1,2,2001,20,200001,True,210,False,10,0.9894655370179077,0.15849649719893932,0.1980204941395446,0.16372676165793365,0.3870736257551045,1.0709144877789027,0.14311734230997603,0.5231306515595785,8,2,0.8944271909999159,2500,OverICA,iid,False,5
1,1,1001,2,20001,True,210,False,10,0.999911915422867,0.30662530986592174,0.30246734677756343,0.2476468592971533,0.5635294467326046,1.134548219565547,0.16875522273926066,0.5292144224426908,8,2,0.8944271909999159,2500,OverICA,iid,False,5
1,2,2001,22,220001,True,205,False,10,0.9911781603281574,0.15640052082017064,0.44099675260631355,0.37191237264976307,0.6243702964355199,3.3451092408303964,0.13008520357367606,0.5190728287631573,8,2,0.8944271909999159,2500,OverICA,iid,False,5
1,3,3001,18,180001,True,203,False,10,0.9998427436914263,0.09781746892258525,0.37597002799913054,0.3244070631153513,0.569515804832115,1.1093408044607815,0.18475025919208526,0.5246358680835296,8,2,0.8944271909999159,2500,OverICA,iid,False,5
1,2,2001,19,190001,True,202,False,10,0.9810312368856301,0.17553103575482965,0.32191505837057016,0.2555870032270928,0.7793830241974784,1.1363840749410807,0.19726567160337716,0.52938715089753,8,2,0.8944271909999159,2500,OverICA,iid,False,5
1,2,2001,3,30001,True,222,False,10,0.9999521432101807,0.22025278815999627,0.34305860111448233,0.19874573574971022,0.7984475772902879,1.4341370111125755,0.07053952959503894,0.5345221104719607,8,2,0.8944271909999159,2500,OverICA,iid,False,5
1,2,2001,0,1,True,228,False,10,0.9999689571958852,0.2283551157452166,0.35810837275501384,0.2678539957042554,0.8205182441179257,1.069442410256053,0.19113082449911814,0.5396898685731617,8,2,0.8944271909999159,2500,OverICA,iid,False,5
1,2,2001,27,270001,True,189,False,10,0.9999254568550177,0.155821043998003,0.4294753658421035,0.35167205727668743,0.9862980234434047,1.0778255438376603,0.1881497024982354,0.520586431738461,8,2,0.8944271909999159,2500,OverICA,iid,False,5
1,2,2001,26,260001,True,223,False,10,0.9988554242201823,0.16005023708567023,0.2558783242655185,0.20708594125044996,0.5492879508286921,1.0895605526707763,0.18365553150379552,0.5425199171532832,8,2,0.8944271909999159,2500,OverICA,iid,False,5
1,2,2001,1,10001,True,214,False,10,0.9999900660618494,0.23543227091431618,0.3468260755654635,0.27916401734336943,0.7356761630617612,1.0786240631153834,0.19170050523129537,0.5293955831863932,8,2,0.8944271909999159,2500,OverICA,iid,False,5
1,3,3001,20,200001,True,210,False,10,0.9894655370179077,0.10243141883984208,0.2028280259843242,0.16634641838670156,0.3870736257551045,1.0624281589204678,0.20281884508306705,0.5300012817094468,8,2,0.8944271909999159,2500,OverICA,iid,False,5
1,3,3001,10,100001,True,201,False,10,0.9986523161747195,0.1252834708429873,0.3834478932654252,0.3082979110717918,0.8804733566451324,1.1312034056455376,0.12135084128032411,0.5274192579760344,8,2,0.8944271909999159,2500,OverICA,iid,False,5
1,2,2001,16,160001,True,189,False,10,0.9999406289997105,0.19834361877292395,0.4663394793095716,0.3649018816936339,0.8115839195566543,1.1476083669513524,0.1741881925804955,0.5190402325296036,8,2,0.8944271909999159,2500,OverICA,iid,False,5
1,0,1,13,130001,True,201,False,10,0.997173695686639,0.4074087799526751,0.40556831806212323,0.3733008466907644,0.6829558503603121,1.0549710343548107,0.12968772872142173,0.5239803299497569,8,2,0.8944271909999159,2500,OverICA,iid,False,5
1,3,3001,4,40001,True,202,False,10,0.9976324277964014,0.14955057483166456,0.38382606146427356,0.2922059025643594,0.8038136184555277,1.0816865171876062,0.18401070856900598,0.5260407252239059,8,2,0.8944271909999159,2500,OverICA,iid,False,5
1,2,2001,6,60001,True,213,False,10,0.9972620216762228,0.23185791308060288,0.3086570706468777,0.2526921123836789,0.5543821342581793,1.0783940814726705,0.18417476345911196,0.529559428026586,8,2,0.8944271909999159,2500,OverICA,iid,False,5
0,7,7001,20,200001,True,204,False,10,0.9948982570987713,0.6264796759933233,0.2729133341645605,0.223259353136223,0.5695936212544184,1.0750439717056353,0.17325577325707345,0.5292445413724264,8,2,0.8944271909999159,2500,OverICA,iid,False,5
1,1,1001,0,1,True,226,False,10,0.9999689571958852,0.3592420909553766,0.3580350413919198,0.2653440397698192,0.8205182441179257,1.0725772624809504,0.19086101689013485,0.5411247354445199,8,2,0.8944271909999159,2500,OverICA,iid,False,5
1,3,3001,27,270001,True,199,False,10,0.9999254568550177,0.0970126842148602,0.4294739853218237,0.3513345482783483,0.9862980234434047,1.0777571577011114,0.1892106372457612,0.52147631752663,8,2,0.8944271909999159,2500,OverICA,iid,False,5
0,5,5001,6,60001,True,226,False,10,0.9998433033196863,0.8612818312831223,0.38614931475826575,0.3093697739017154,0.9337746886199115,1.1067439533699825,0.1499825416779124,0.5387754387995662,8,2,0.8944271909999159,2500,OverICA,iid,False,5
1,3,3001,24,240001,True,196,False,10,0.9977307214622922,0.10457496484741569,0.4040838280693018,0.3293597898217624,0.8486054292798584,1.1051992139813067,0.18078598553509512,0.5203526461796772,8,2,0.8944271909999159,2500,OverICA,iid,False,5
1,3,3001,25,250001,True,203,False,10,0.9983122397587095,0.10065354080870748,0.3279227827269927,0.27576310913358026,0.5402347356271,1.0888542871317148,0.18869993713507824,0.5244701286288317,8,2,0.8944271909999159,2500,OverICA,iid,False,5
0,9,9001,27,270001,True,200,False,10,0.9999254568550177,0.4667546171694994,0.4616559693058194,0.41428938275039684,0.8736536251620808,1.1003739874304792,0.1528407395315426,0.5281620102216659,8,2,0.8944271909999159,2500,OverICA,iid,False,5
1,1,1001,8,80001,True,199,False,10,0.9954950315865992,0.34108231822028756,0.43046383077366884,0.34995275153960737,0.7515373549044423,1.2696912969596892,0.15627649641534486,0.5213111070367052,8,2,0.8944271909999159,2500,OverICA,iid,False,5
1,3,3001,21,210001,True,218,False,10,0.9995244279503085,0.13183366879820824,0.3509048083649594,0.3045830325273874,0.7036026209892797,1.1255233483912914,0.170434319264936,0.53248797071823,8,2,0.8944271909999159,2500,OverICA,iid,False,5
1,3,3001,14,140001,True,214,False,10,0.9821231270741202,0.15149577194824815,0.22377069522462698,0.17973748979455823,0.358486353286942,1.0601923193224505,0.1936311802289825,0.529831296831094,8,2,0.8944271909999159,2500,OverICA,iid,False,5
1,3,3001,3,30001,True,213,False,10,0.9999521432101807,0.17527491878718138,0.34255592735601803,0.1972400244105595,0.7984475772902879,1.4409774741076777,0.07231019313519914,0.5370919307745678,8,2,0.8944271909999159,2500,OverICA,iid,False,5
1,2,2001,28,280001,True,205,False,10,0.9984180929465528,0.20002070907503366,0.3033684760843371,0.2393876659043476,0.6568921147875266,1.0942951170013584,0.18841570227549667,0.5241927329006616,8,2,0.8944271909999159,2500,OverICA,iid,False,5
1,0,1,1,10001,True,211,False,10,0.9999900660618494,0.46191447880119085,0.3468266298415036,0.2791878691952473,0.7356761630617612,1.0728007458906972,0.19222564924735533,0.5324244838160282,8,2,0.8944271909999159,2500,OverICA,iid,False,5
1,1,1001,27,270001,True,198,False,10,0.9999254568550177,0.28173301089555025,0.4294748648747329,0.35159519702177616,0.9862980234434047,1.075732507128835,0.19177631734423714,0.5245089516244404,8,2,0.8944271909999159,2500,OverICA,iid,False,5
1,2,2001,25,250001,True,204,False,10,0.9983122397587095,0.20317062782123685,0.32772846938223127,0.27278189809036346,0.5402347356271,1.0880185305453,0.18910260137829923,0.5272809415681828,8,2,0.8944271909999159,2500,OverICA,iid,False,5
1,3,3001,8,80001,True,197,False,10,0.9954950315865992,0.17488459078595042,0.4305816973871621,0.35195836462527075,0.7675822595897497,1.2730610662279616,0.1597693767295724,0.5226105442458947,8,2,0.8944271909999159,2500,OverICA,iid,False,5
1,2,2001,7,70001,True,207,False,10,0.9999147554866513,0.26415866520255804,0.2619847117914248,0.22527624722357475,0.4506723085578529,1.07803123473787,0.2019427560195824,0.525402369282621,8,2,0.8944271909999159,2500,OverICA,iid,False,5
1,4,4001,7,70001,True,196,False,10,0.9999147554866513,0.09660098608583212,0.26229961949332153,0.2270298954781818,0.4506723085578529,1.0726271989352927,0.20795357758165992,0.5258529987350868,8,2,0.8944271909999159,2500,OverICA,iid,False,5
1,1,1001,25,250001,True,207,False,10,0.9983122397587095,0.30511424085125327,0.3280375118410819,0.2767719013765879,0.5402347356271,1.0950958458950804,0.18437394067981278,0.5310946917798547,8,2,0.8944271909999159,2500,OverICA,iid,False,5
1,3,3001,19,190001,True,206,False,10,0.9810312368856301,0.16084233205765486,0.32165446990267393,0.25406228735457737,0.7793830241974784,1.1326181144227006,0.19818283185246316,0.5280345377913569,8,2,0.8944271909999159,2500,OverICA,iid,False,5
1,3,3001,22,220001,True,210,False,10,0.9911781603281574,0.15111363492906094,0.4413032703335217,0.3670276499160786,0.6243702964355199,3.2832182622974635,0.13039647686027941,0.5205768702028694,8,2,0.8944271909999159,2500,OverICA,iid,False,5
0,1,1001,5,50001,True,214,False,10,0.9990389826239447,1.1229251306504011,0.41799889017517317,0.36189960273483046,0.8349680374291155,1.0804533297032832,0.1615924543952721,0.5361447997930802,8,2,0.8944271909999159,2500,OverICA,iid,False,5
0,7,7001,24,240001,True,193,False,10,0.9977307214622922,0.6663111890666187,0.4176656155010449,0.3666267052649992,0.8486054292798584,1.1222217951078035,0.1495113505254115,0.5235154589626597,8,2,0.8944271909999159,2500,OverICA,iid,False,5
1,4,4001,4,40001,True,200,False,10,0.9976324277964014,0.12034331308677793,0.38385943078154966,0.2927255800647683,0.8038136184555277,1.0746813478463888,0.18752566522095218,0.5190303710751426,8,2,0.8944271909999159,2500,OverICA,iid,False,5
0,9,9001,20,200001,True,217,False,10,0.9948982570987713,0.5151455854065716,0.2729133341645605,0.223259353136223,0.5695936212544184,1.0769637774681557,0.1722379165602868,0.5290328380450863,8,2,0.8944271909999159,2500,OverICA,iid,False,5
1,4,4001,9,90001,True,199,False,10,0.9999870486473779,0.10537966014817357,0.40306789503542756,0.2940416975603505,0.8856169505856146,1.073039541451169,0.2035028106888744,0.5188873656212986,8,2,0.8944271909999159,2500,OverICA,iid,False,5
1,3,3001,0,1,True,227,False,10,0.9999689571958852,0.2251422367990017,0.3580461697884685,0.26629060929677056,0.8205182441179257,1.0676934629932526,0.19400265737985634,0.5412723639128316,8,2,0.8944271909999159,2500,OverICA,iid,False,5
0,9,9001,11,110001,True,219,False,10,0.9990896897361886,0.5368007249198854,0.4233475794652064,0.37115124203803934,0.9658307324905717,1.113001958424261,0.1486776063034041,0.5437732800575839,8,2,0.8944271909999159,2500,OverICA,iid,False,5
0,2,2001,16,160001,True,188,False,10,0.9999406289997105,1.0680507360957563,0.43331116759413435,0.34009993373652087,0.8115839195566543,1.1121789964002442,0.15745725395167606,0.523445843680064,8,2,0.8944271909999159,2500,OverICA,iid,False,5
0,9,9001,23,230001,True,185,False,10,0.9999247032454494,0.527077398262918,0.4166413935270998,0.3854468910850843,0.7849501783618953,1.0845754252955442,0.1669119621949011,0.5210315080137585,8,2,0.8944271909999159,2500,OverICA,iid,False,5
1,2,2001,11,110001,True,213,False,10,0.9794777790118621,0.28859664779156446,0.27261599842664563,0.23963778444311618,0.5322588536050029,1.1510961264189987,0.18283998669609855,0.537197303703802,8,2,0.8944271909999159,2500,OverICA,iid,False,5
1,1,1001,29,290001,True,212,False,10,0.9995280857338206,0.32835223991423845,0.4793003234981964,0.4122997334665625,0.8013519339599776,1.0369057267232975,0.21041160821591914,0.5352794272085344,8,2,0.8944271909999159,2500,OverICA,iid,False,5
1,4,4001,17,170001,True,232,False,10,0.9999417301227984,0.10046034213155508,0.3811286699160757,0.26658778486440626,0.7766790162614948,1.0580705501744423,0.19866312416648152,0.5405209429706977,8,2,0.8944271909999159,2500,OverICA,iid,False,5
0,3,3001,15,150001,True,212,False,10,0.9992851310852704,1.0399727066978812,0.35802957138225544,0.2927489254177924,0.6178968303101197,1.092641263266855,0.1679220898604845,0.5339552507530492,8,2,0.8944271909999159,2500,OverICA,iid,False,5
0,6,6001,13,130001,True,193,False,10,0.9999878553575059,0.8218995039351285,0.44595642873912417,0.42616060589854166,0.7581574015458098,1.101733668777989,0.16495413826347322,0.5244593326354278,8,2,0.8944271909999159,2500,OverICA,iid,False,5
1,2,2001,5,50001,True,208,False,10,0.99643378553034,0.32129458570852876,0.3172079790654309,0.2529793266624593,0.5666515632238128,1.060125481293896,0.19661691645857513,0.5355106187718391,8,2,0.8944271909999159,2500,OverICA,iid,False,5
1,4,4001,1,10001,True,209,False,10,0.9999900660618494,0.15781118208542466,0.3468310303292944,0.2793604178341076,0.7356761630617612,1.0675107494591096,0.19505799061483595,0.5324594087806034,8,2,0.8944271909999159,2500,OverICA,iid,False,5
1,4,4001,24,240001,True,202,False,10,0.9977307214622922,0.09861202305182815,0.3927822773770737,0.32789462880018805,0.8486054292798584,1.170269292765019,0.18062671279051304,0.521668914065707,8,2,0.8944271909999159,2500,OverICA,iid,False,5
1,3,3001,23,230001,True,175,False,10,0.9999247032454494,0.1992230941541493,0.4515528796375021,0.3965544626402061,0.7849501783618953,1.072156579417332,0.1992720604560623,0.5158367413696805,8,2,0.8944271909999159,2500,OverICA,iid,False,5
0,5,5001,1,10001,True,223,False,10,0.9999900660618494,0.9518509460613132,0.42094135196209165,0.38869645487189075,0.7356761630617612,1.1207564621656867,0.14726462602016827,0.5400592227874597,8,2,0.8944271909999159,2500,OverICA,iid,False,5
1,4,4001,13,130001,True,211,False,10,0.997173695686639,0.1332192001864314,0.40557511153936143,0.3733587525677882,0.6829558503603121,1.0571727418294683,0.13017360449648954,0.5236732670865633,8,2,0.8944271909999159,2500,OverICA,iid,False,5
0,4,4001,18,180001,True,213,False,10,0.9998427436914263,0.991808416787535,0.3762003561460988,0.34085239713859794,0.569515804832115,1.1333434502949313,0.14440994396879894,0.5296623247832689,8,2,0.8944271909999159,2500,OverICA,iid,False,5
1,0,1,6,60001,True,214,False,10,0.9972620216762228,0.5272885370068252,0.30854724048917603,0.24995196500003886,0.5324609551890592,1.0812021697125502,0.18374767957127944,0.5352822093120063,8,2,0.8944271909999159,2500,OverICA,iid,False,5
1,5,5001,2,20001,True,219,False,10,0.999911915422867,0.09747884096577764,0.29673717389953225,0.24639364239585984,0.5635294467326046,1.1937521296218694,0.17109308027666623,0.5301921799785586,8,2,0.8944271909999159,2500,OverICA,iid,False,5
1,4,4001,5,50001,True,208,False,10,0.99643378553034,0.18189948610961437,0.31746659279003236,0.2566733969091336,0.5666515632238128,1.0615641143589702,0.19673697130385406,0.5349607014421416,8,2,0.8944271909999159,2500,OverICA,iid,False,5
1,4,4001,10,100001,True,195,False,10,0.9986523161747195,0.1630000681616366,0.38274872965047857,0.30528146233704967,0.8804733566451324,1.122460467572905,0.12579651493707525,0.5238530571496572,8,2,0.8944271909999159,2500,OverICA,iid,False,5
0,4,4001,25,250001,True,204,False,10,0.9983122397587095,0.9929980901069939,0.3758958627748019,0.3400713847053499,0.5477791770729775,1.1138921717165022,0.1522630457973843,0.5287772688973641,8,2,0.8944271909999159,2500,OverICA,iid,False,5
0,8,8001,20,200001,True,216,False,10,0.9948982570987713,0.6543011358007789,0.2729133341645605,0.223259353136223,0.5695936212544184,1.077066570065854,0.17125711625290102,0.5323564769121709,8,2,0.8944271909999159,2500,OverICA,iid,False,5
1,5,5001,5,50001,True,215,False,10,0.99643378553034,0.10161509411409497,0.31723487395856004,0.25378019677866515,0.5666515632238128,1.0598424604906398,0.19613017496507373,0.5345306234457641,8,2,0.8944271909999159,2500,OverICA,iid,False,5
1,4,4001,25,250001,True,204,False,10,0.9983122397587095,0.13067280687391758,0.3280760164515193,0.27706905913232377,0.5402347356271,1.0936881703379575,0.18800794944096963,0.5262968306528162,8,2,0.8944271909999159,2500,OverICA,iid,False,5
1,4,4001,22,220001,True,197,False,10,0.9911781603281574,0.1394263398833573,0.4412523382213864,0.3675249861564285,0.6243702964355199,3.3599632801503296,0.13915855554173523,0.5222358919419452,8,2,0.8944271909999159,2500,OverICA,iid,False,5
1,5,5001,9,90001,True,201,False,10,0.9999870486473779,0.09848496364429593,0.41371193824145136,0.29841566353636706,0.8856169505856146,1.147573008035453,0.20056390361821455,0.5213892194335198,8,2,0.8944271909999159,2500,OverICA,iid,False,5
1,5,5001,4,40001,True,214,False,10,0.9976324277964014,0.10771925374865532,0.3839547208070187,0.2938914355463032,0.8038136184555277,1.0777213810426984,0.18393310602381296,0.5244644604801976,8,2,0.8944271909999159,2500,OverICA,iid,False,5
1,4,4001,16,160001,True,187,False,10,0.9999406289997105,0.15171253075823188,0.4663314364094539,0.3656681455078524,0.8115839195566543,1.1406500672858708,0.1809710038865277,0.520964062492614,8,2,0.8944271909999159,2500,OverICA,iid,False,5
1,1,1001,4,40001,True,206,False,10,0.9976324277964014,0.4609252237714827,0.38375828126100847,0.2905922109409439,0.8038136184555277,1.0808181716095795,0.18180673987201984,0.521897503665004,8,2,0.8944271909999159,2500,OverICA,iid,False,5
1,3,3001,16,160001,True,199,False,10,0.9999406289997105,0.24858457501977682,0.4663386365273273,0.3668411995990394,0.8115839195566543,1.1396538952002297,0.1795277565083981,0.5208003850915173,8,2,0.8944271909999159,2500,OverICA,iid,False,5
1,3,3001,2,20001,True,211,False,10,0.999911915422867,0.29451571917161345,0.2965336854540613,0.24558211873011468,0.5635294467326046,1.1988152847842923,0.16973531777972875,0.5316639576002328,8,2,0.8944271909999159,2500,OverICA,iid,False,5
1,5,5001,1,10001,True,207,False,10,0.9999900660618494,0.11954608839005232,0.3469398785890324,0.28146431163064933,0.7356761630617612,1.0747493220137332,0.18746777691209535,0.5288975549517898,8,2,0.8944271909999159,2500,OverICA,iid,False,5
0,3,3001,27,270001,True,204,False,10,0.9999254568550177,1.06650474620983,0.4616559693058194,0.41428938275039684,0.8736536251620808,1.0997261810323096,0.15442580731403957,0.5239512867556753,8,2,0.8944271909999159,2500,OverICA,iid,False,5
1,3,3001,26,260001,True,223,False,10,0.9988554242201823,0.21990878088399768,0.25583024362776896,0.20683068656860076,0.5492879508286921,1.08432077101204,0.18713493146936852,0.5439470048035926,8,2,0.8944271909999159,2500,OverICA,iid,False,5
0,9,9001,10,100001,True,201,False,10,0.9986523161747195,0.6281402250751853,0.3956472613072251,0.3370248189806167,0.8804733566451324,1.0864925674113797,0.16703191114037458,0.5283377898075492,8,2,0.8944271909999159,2500,OverICA,iid,False,5
1,1,1001,14,140001,True,217,False,10,0.9821231270741202,0.4492413098923862,0.22411264937052638,0.18274375944333499,0.358486353286942,1.060137114102916,0.195570445746247,0.5317203647730201,8,2,0.8944271909999159,2500,OverICA,iid,False,5
1,5,5001,18,180001,True,200,False,10,0.9998427436914263,0.09667931590229273,0.3759286959397355,0.32397619997669425,0.569515804832115,1.1103859510207508,0.1867478205905529,0.525516873845129,8,2,0.8944271909999159,2500,OverICA,iid,False,5
1,2,2001,13,130001,True,196,False,10,0.997173695686639,0.3672354193404317,0.40559068673024495,0.37348945247703086,0.6829558503603121,1.057173119386636,0.13067314909110106,0.5254627343025455,8,2,0.8944271909999159,2500,OverICA,iid,False,5
1,4,4001,21,210001,True,218,False,10,0.9995244279503085,0.17599354358389974,0.3509882912587615,0.30626542805064394,0.7036026209892797,1.1280088300143731,0.1693641254696568,0.5340338929163602,8,2,0.8944271909999159,2500,OverICA,iid,False,5
1,4,4001,23,230001,True,185,False,10,0.9999247032454494,0.17414466571062803,0.45193528599722704,0.3998122987443341,0.7849501783618953,1.0751187596123142,0.19585300797123556,0.514347635857247,8,2,0.8944271909999159,2500,OverICA,iid,False,5
1,3,3001,11,110001,True,217,False,10,0.9794777790118621,0.29543204326182604,0.27346093356259676,0.2413323889342336,0.5322588536050029,1.1538602350529434,0.18120993161782845,0.5333291433491366,8,2,0.8944271909999159,2500,OverICA,iid,False,5
1,4,4001,26,260001,True,225,False,10,0.9988554242201823,0.16656198492273688,0.2554551664753442,0.2042240316373521,0.5492879508286921,1.0868412269905565,0.18557996635541762,0.5373881777645488,8,2,0.8944271909999159,2500,OverICA,iid,False,5
1,5,5001,12,120001,True,205,False,10,0.9996315059850447,0.14138140715658665,0.2203205963761066,0.1856697178299211,0.35429047922857243,1.126429126097609,0.142748237113099,0.5370210764579857,8,2,0.8944271909999159,2500,OverICA,iid,False,5
1,5,5001,11,110001,True,212,False,10,0.9794777790118621,0.14276318904012442,0.2721097903508922,0.2385379002707986,0.5322588536050029,1.149865262442876,0.18388773095043606,0.5355563560954935,8,2,0.8944271909999159,2500,OverICA,iid,False,5
0,8,8001,27,270001,True,196,False,10,0.9999254568550177,0.6943494779989123,0.4616559693058194,0.41428938275039684,0.8736536251620808,1.1008738192150676,0.15215372235973446,0.5254652453467598,8,2,0.8944271909999159,2500,OverICA,iid,False,5
1,5,5001,23,230001,True,176,False,10,0.9999247032454494,0.11866100411862135,0.4517759147103627,0.39863771663751235,0.7849501783618953,1.0711414504251031,0.20105317699128314,0.5082676386847641,8,2,0.8944271909999159,2500,OverICA,iid,False,5
1,5,5001,24,240001,True,208,False,10,0.9977307214622922,0.12011239398270845,0.3925699184666482,0.32719896720878006,0.8486054292798584,1.1743346410557027,0.17874982855352428,0.5204370927128698,8,2,0.8944271909999159,2500,OverICA,iid,False,5
1,6,6001,2,20001,True,211,False,10,0.999911915422867,0.09871059283614159,0.2961924870818144,0.24402654247688804,0.5635294467326046,1.1960847978904827,0.16864991521989284,0.5341918632658775,8,2,0.8944271909999159,2500,OverICA,iid,False,5
0,7,7001,19,190001,True,198,False,10,0.995360343257357,0.8025179589167237,0.3244363395146468,0.264174407369906,0.7793830241974784,1.1022907942523492,0.1588358971851394,0.5321736410048677,8,2,0.8944271909999159,2500,OverICA,iid,False,5
1,6,6001,7,70001,True,204,False,10,0.9999147554866513,0.09971568593755364,0.2618548328911078,0.22434053703785536,0.4506723085578529,1.0813088031127618,0.19822252608658048,0.5207201686952417,8,2,0.8944271909999159,2500,OverICA,iid,False,5
0,7,7001,16,160001,True,186,False,10,0.9999406289997105,0.8299555731937289,0.43331116759413435,0.34009993373652087,0.8115839195566543,1.1118072569415183,0.15825697218295387,0.5241748463216233,8,2,0.8944271909999159,2500,OverICA,iid,False,5
0,8,8001,6,60001,True,222,False,10,0.9998433033196863,0.7768506947904825,0.38614931475826575,0.3093697739017154,0.9337746886199115,1.1042258662929247,0.1493029170577998,0.5453673119334101,8,2,0.8944271909999159,2500,OverICA,iid,False,5
1,3,3001,15,150001,True,211,False,10,0.9992851310852704,0.3279619929380715,0.4304721879341829,0.33082367322171824,0.6178968303101197,1.4382670298185771,0.15370258200188006,0.5272745879808389,8,2,0.8944271909999159,2500,OverICA,iid,False,5
1,6,6001,10,100001,True,202,False,10,0.9986523161747195,0.11059884587302804,0.3831391378146447,0.30706265547770106,0.8804733566451324,1.1285323789444741,0.12171509205646237,0.5201232968695129,8,2,0.8944271909999159,2500,OverICA,iid,False,5
1,6,6001,13,130001,True,199,False,10,0.997173695686639,0.09516299515962601,0.4057642931979473,0.3747927788933997,0.6829558503603121,1.0509480984677262,0.13115173130725816,0.5239286527238332,8,2,0.8944271909999159,2500,OverICA,iid,False,5
1,5,5001,10,100001,True,203,False,10,0.9986523161747195,0.18969454616308212,0.3829383324167938,0.30618353197934284,0.8804733566451324,1.1218821531139305,0.12350499627954833,0.5166600697052152,8,2,0.8944271909999159,2500,OverICA,iid,False,5
1,6,6001,23,230001,True,182,False,10,0.9999247032454494,0.09515338577330112,0.4518369408394473,0.399108898012114,0.7849501783618953,1.072492939246316,0.2010548508761976,0.512247173376909,8,2,0.8944271909999159,2500,OverICA,iid,False,5
1,4,4001,6,60001,True,218,False,10,0.9972620216762228,0.28436637483537197,0.30858558233177036,0.2515044761461097,0.5448810443576262,1.0795126920072666,0.18172701820468684,0.5302715249421583,8,2,0.8944271909999159,2500,OverICA,iid,False,5
1,5,5001,20,200001,True,214,False,10,0.9894655370179077,0.17962007084861398,0.2028097307247555,0.1660374562604412,0.3870736257551045,1.0610251336191783,0.20235639275020983,0.5268480825132734,8,2,0.8944271909999159,2500,OverICA,iid,False,5
1,6,6001,6,60001,True,222,False,10,0.9972620216762228,0.14515148429200053,0.30864087608158836,0.25246930006387697,0.552599635699764,1.0843376216875735,0.18333556001239337,0.5365928669122287,8,2,0.8944271909999159,2500,OverICA,iid,False,5
1,6,6001,18,180001,True,202,False,10,0.9998427436914263,0.1102211088873446,0.3757377140274525,0.3203928025828471,0.569515804832115,1.1127613069784223,0.1852394080595829,0.5293561044432729,8,2,0.8944271909999159,2500,OverICA,iid,False,5
1,6,6001,21,210001,True,223,False,10,0.9995244279503085,0.11442333087325096,0.3509030669278421,0.3045245806972252,0.7036026209892797,1.1282098029510619,0.16846080477634676,0.5313029409395738,8,2,0.8944271909999159,2500,OverICA,iid,False,5
1,4,4001,19,190001,True,206,False,10,0.9810312368856301,0.2619828679598868,0.32163837363545056,0.2539555535911696,0.7793830241974784,1.135221898415682,0.19867305306217056,0.5250517154446521,8,2,0.8944271909999159,2500,OverICA,iid,False,5
1,7,7001,2,20001,True,211,False,10,0.999911915422867,0.09817531611770391,0.3024698310867818,0.2477472450285073,0.5635294467326046,1.1298368803030472,0.16965537253789617,0.5353966896190065,8,2,0.8944271909999159,2500,OverICA,iid,False,5
1,5,5001,19,190001,True,198,False,10,0.9810312368856301,0.19752148492261767,0.3215204745724625,0.2531074366129106,0.7793830241974784,1.1323066776723059,0.19712227559598108,0.5255142989849814,8,2,0.8944271909999159,2500,OverICA,iid,False,5
1,6,6001,22,220001,True,211,False,10,0.9911781603281574,0.11783587886020541,0.441065554654786,0.369995415908175,0.6243702964355199,3.342239536111767,0.13573348944050717,0.5207055762579994,8,2,0.8944271909999159,2500,OverICA,iid,False,5
1,5,5001,15,150001,True,204,False,10,0.9992851310852704,0.21186527190729976,0.4304697624003009,0.33087773232418916,0.6178968303101197,1.4511269030432994,0.15151328229962546,0.5237299976465529,8,2,0.8944271909999159,2500,OverICA,iid,False,5
1,2,2001,23,230001,True,183,False,10,0.9999247032454494,0.42945932783186436,0.4517748620948077,0.39862931644646504,0.7849501783618953,1.0752867168788394,0.1951479867822806,0.5148403238224222,8,2,0.8944271909999159,2500,OverICA,iid,False,5
1,3,3001,1,10001,True,219,False,10,0.9999900660618494,0.41448861500248313,0.3468208105449888,0.2788996372064625,0.7356761630617612,1.0715601039229687,0.19078156995788595,0.532480821054384,8,2,0.8944271909999159,2500,OverICA,iid,False,5
1,6,6001,17,170001,True,230,False,10,0.9999417301227984,0.13533026725053787,0.381006811220591,0.2634019253882234,0.7766790162614948,1.0583742251218617,0.1974966370862842,0.5403180698925416,8,2,0.8944271909999159,2500,OverICA,iid,False,5
1,6,6001,5,50001,True,221,False,10,0.99643378553034,0.1703531900420785,0.31737495027997586,0.2558051824431816,0.5666515632238128,1.0630649260676912,0.19135593461268124,0.5369873040453536,8,2,0.8944271909999159,2500,OverICA,iid,False,5
1,6,6001,1,10001,True,213,False,10,0.9999900660618494,0.18181231571361423,0.3471188010840073,0.2833063352487132,0.7356761630617612,1.0726899555098506,0.19049777964674197,0.5268227089549691,8,2,0.8944271909999159,2500,OverICA,iid,False,5
1,4,4001,29,290001,True,215,False,10,0.9995280857338206,0.26277830405160785,0.47928267429655463,0.41158439212084075,0.8013519339599776,1.0412764821466662,0.20758086872407353,0.5346068226438889,8,2,0.8944271909999159,2500,OverICA,iid,False,5
1,7,7001,7,70001,True,205,False,10,0.9999147554866513,0.09909834107384086,0.26206144961369343,0.22575503380438922,0.4506723085578529,1.0842608823727569,0.20011223435379893,0.5210347231390946,8,2,0.8944271909999159,2500,OverICA,iid,False,5
1,4,4001,12,120001,True,217,False,10,0.9996315059850447,0.3050699201412499,0.22050475010731996,0.18590023387693147,0.35429047922857243,1.1281285470846758,0.14211841815403722,0.5343297118255889,8,2,0.8944271909999159,2500,OverICA,iid,False,5
1,6,6001,19,190001,True,204,False,10,0.9810312368856301,0.1415291470475495,0.3213734050900785,0.2517979192371859,0.7793830241974784,1.1300617478891526,0.1976982634836836,0.5283804213724487,8,2,0.8944271909999159,2500,OverICA,iid,False,5
1,7,7001,13,130001,True,206,False,10,0.997173695686639,0.09786057891324162,0.4058667778042107,0.3754648176501322,0.6829558503603121,1.057088955144409,0.13050433960105995,0.5264961783017097,8,2,0.8944271909999159,2500,OverICA,iid,False,5
1,7,7001,11,110001,True,212,False,10,0.9794777790118621,0.10232164990156889,0.27438815104265274,0.243035157719362,0.5322588536050029,1.1547594869284044,0.18398374971861495,0.5362005360021196,8,2,0.8944271909999159,2500,OverICA,iid,False,5
1,5,5001,17,170001,True,234,False,10,0.9999417301227984,0.2374697169288993,0.3810079673575753,0.26357590416060206,0.7766790162614948,1.0536120883025661,0.19968978948410185,0.5386617150156416,8,2,0.8944271909999159,2500,OverICA,iid,False,5
0,7,7001,5,50001,True,213,False,10,0.9990389826239447,0.9511027811095119,0.41799889017517317,0.36189960273483046,0.8349680374291155,1.0841529720460645,0.1618455494386295,0.5384215455434762,8,2,0.8944271909999159,2500,OverICA,iid,False,5
1,7,7001,5,50001,True,212,False,10,0.99643378553034,0.11977937677875161,0.3173325342878856,0.25532662548336804,0.5666515632238128,1.0574763437392076,0.1981778601230653,0.533226174670031,8,2,0.8944271909999159,2500,OverICA,iid,False,5
1,4,4001,14,140001,True,214,False,10,0.9821231270741202,0.31846094503998756,0.22386430883212938,0.18089572837901968,0.358486353286942,1.0586473675855068,0.1944607213790464,0.5335478222491289,8,2,0.8944271909999159,2500,OverICA,iid,False,5
1,6,6001,14,140001,True,209,False,10,0.9821231270741202,0.1758803348056972,0.22378231683198344,0.17992073465244404,0.358486353286942,1.0646273694675745,0.1923643571569104,0.5364001647535875,8,2,0.8944271909999159,2500,OverICA,iid,False,5
1,7,7001,15,150001,True,219,False,10,0.9992851310852704,0.09958474710583687,0.43073839930415003,0.3273795330877822,0.6178968303101197,1.434775399113306,0.1517076902485847,0.524106056190557,8,2,0.8944271909999159,2500,OverICA,iid,False,5
1,5,5001,16,160001,True,188,False,10,0.9999406289997105,0.26683003827929497,0.46633131167669023,0.3657025160657097,0.8115839195566543,1.1466901821468147,0.17619931091715488,0.5159480118370644,8,2,0.8944271909999159,2500,OverICA,iid,False,5
0,9,9001,17,170001,True,225,False,10,0.9999417301227984,0.7705964162014425,0.5156220863621646,0.4329632779717366,0.776669236503618,1.0686473660116427,0.17163090626082578,0.5487858479895568,8,2,0.8944271909999159,2500,OverICA,iid,False,5
1,4,4001,2,20001,True,208,False,10,0.999911915422867,0.37642957968637347,0.29647966571261586,0.2453541717174563,0.5635294467326046,1.195398277614195,0.17299554633785577,0.5325416350553116,8,2,0.8944271909999159,2500,OverICA,iid,False,5
1,3,3001,7,70001,True,208,False,10,0.9999147554866513,0.448479144833982,0.2620716526832066,0.2258156036932659,0.4506723085578529,1.0788937148203732,0.20096926624730702,0.5264624663217852,8,2,0.8944271909999159,2500,OverICA,iid,False,5
1,7,7001,20,200001,True,214,False,10,0.9894655370179077,0.09652850683778524,0.19762282912074006,0.16284622731714776,0.3870736257551045,1.0774152768438152,0.14059857330434453,0.5233065887697185,8,2,0.8944271909999159,2500,OverICA,iid,False,5
1,4,4001,3,30001,True,219,False,10,0.9999521432101807,0.38420281978324056,0.34392352145885524,0.20104519227969825,0.7984475772902879,1.4487455152580975,0.07073942819906018,0.5389501524844985,8,2,0.8944271909999159,2500,OverICA,iid,False,5
1,1,1001,20,200001,True,218,False,10,0.9894655370179077,0.5930330520495772,0.19823564591204396,0.16417749198307174,0.3870736257551045,1.0769197208036243,0.14269712875356147,0.5305076343019847,8,2,0.8944271909999159,2500,OverICA,iid,False,5
1,5,5001,0,1,True,224,False,10,0.9999689571958852,0.3142002518288791,0.35817073826967816,0.26877745095346944,0.8205182441179257,1.0732452756637647,0.1930819452022932,0.5453166163839221,8,2,0.8944271909999159,2500,OverICA,iid,False,5
1,6,6001,16,160001,True,190,False,10,0.9999406289997105,0.20563914207741618,0.4663649731014529,0.36390624719947273,0.8115839195566543,1.142537698588209,0.17677288662447727,0.5180574932149667,8,2,0.8944271909999159,2500,OverICA,iid,False,5
1,2,2001,4,40001,True,207,False,10,0.9976324277964014,0.5668826811015606,0.38375823553898636,0.2905903947718791,0.8038136184555277,1.0770529988544302,0.18625191836537583,0.5234890529670196,8,2,0.8944271909999159,2500,OverICA,iid,False,5
1,0,1,16,160001,True,181,False,10,0.9999406289997105,0.7245998820289969,0.46633614765265075,0.36667248840410394,0.8115839195566543,1.140953114589377,0.177677880735477,0.5173650903108735,8,2,0.8944271909999159,2500,OverICA,iid,False,5
1,4,4001,0,1,True,228,False,10,0.9999689571958852,0.39872854575514793,0.3580508056428129,0.2664802271912285,0.8205182441179257,1.0707074070337723,0.1902430842365874,0.5357317628178736,8,2,0.8944271909999159,2500,OverICA,iid,False,5
1,7,7001,12,120001,True,207,False,10,0.9996315059850447,0.15401941491290927,0.21840509937068112,0.18313342657281584,0.35429047922857243,1.125675643671562,0.1413441568745051,0.5334862566082311,8,2,0.8944271909999159,2500,OverICA,iid,False,5
1,6,6001,15,150001,True,210,False,10,0.9992851310852704,0.2156147980131209,0.43058008186596747,0.3290725587351533,0.6178968303101197,1.4304893360916153,0.1538461604661949,0.5267386622734082,8,2,0.8944271909999159,2500,OverICA,iid,False,5
1,7,7001,22,220001,True,201,False,10,0.9911781603281574,0.11505223670974374,0.4410375532623218,0.3705790897310688,0.6243702964355199,3.284809604445054,0.13317697832200906,0.5194036083424457,8,2,0.8944271909999159,2500,OverICA,iid,False,5
1,5,5001,26,260001,True,225,False,10,0.9988554242201823,0.27773206727579236,0.25542093883807415,0.2038740870715216,0.5492879508286921,1.0891199726507987,0.1848336425990098,0.5373141408596687,8,2,0.8944271909999159,2500,OverICA,iid,False,5
1,6,6001,29,290001,True,216,False,10,0.9995280857338206,0.2045015301555395,0.4792872014603701,0.4118047673206214,0.8013519339599776,1.0431133759773503,0.20453331679671657,0.5328293538550312,8,2,0.8944271909999159,2500,OverICA,iid,False,5
1,0,1,23,230001,True,183,False,10,0.9999247032454494,0.7056391946971416,0.45180043970296213,0.3988307107381492,0.7849501783618953,1.0752979466079189,0.19781057172714708,0.5102579700725457,8,2,0.8944271909999159,2500,OverICA,iid,False,5
1,6,6001,27,270001,True,199,False,10,0.9999254568550177,0.20754668023437262,0.4294778135265572,0.3519268472788347,0.9862980234434047,1.0799592425922468,0.19070477416818363,0.5197602868221232,8,2,0.8944271909999159,2500,OverICA,iid,False,5
1,4,4001,18,180001,True,194,False,10,0.9998427436914263,0.3678401163779199,0.3759261889942551,0.3239486719742415,0.569515804832115,1.1130308879473059,0.18522267690755015,0.5237977085221093,8,2,0.8944271909999159,2500,OverICA,iid,False,5
1,3,3001,9,90001,True,201,False,10,0.9999870486473779,0.48571124533191323,0.413728400006369,0.2975861526545345,0.8856169505856146,1.1475261724973613,0.20030672835084157,0.5210013211024772,8,2,0.8944271909999159,2500,OverICA,iid,False,5
0,9,9001,4,40001,True,200,False,10,0.9976324277964014,0.85382059821859,0.3674227466062756,0.30682610635853064,0.8038136184555277,1.101967611057719,0.1525813228931988,0.5240724952307318,8,2,0.8944271909999159,2500,OverICA,iid,False,5
1,4,4001,11,110001,True,220,False,10,0.9794777790118621,0.39143111277371645,0.27357692513693815,0.24155347697105303,0.5322588536050029,1.1548203399833434,0.1824230284811136,0.5340305677871262,8,2,0.8944271909999159,2500,OverICA,iid,False,5
1,7,7001,8,80001,True,193,False,10,0.9954950315865992,0.1762133720330894,0.4305067344026282,0.35083938552582283,0.7586304267941664,1.264527694426624,0.15771375596811657,0.5204164406277625,8,2,0.8944271909999159,2500,OverICA,iid,False,5
0,8,8001,16,160001,True,192,False,10,0.9999406289997105,0.8952875407412648,0.43331116759413435,0.34009993373652087,0.8115839195566543,1.1176407623301337,0.15275922331477565,0.5260560797767384,8,2,0.8944271909999159,2500,OverICA,iid,False,5
1,6,6001,26,260001,True,224,False,10,0.9988554242201823,0.22311030002310872,0.256250818872933,0.2087896582197982,0.5492879508286921,1.0856475681715856,0.18709910834358887,0.5351653090921825,8,2,0.8944271909999159,2500,OverICA,iid,False,5
0,4,4001,16,160001,True,184,False,10,0.9999406289997105,1.2613964178599417,0.43331116759413435,0.34009993373652087,0.8115839195566543,1.11300988843956,0.15691142763146088,0.5240204587741859,8,2,0.8944271909999159,2500,OverICA,iid,False,5
1,7,7001,24,240001,True,198,False,10,0.9977307214622922,0.12923153582960367,0.40408941031728013,0.32969637110117056,0.8486054292798584,1.1029092843683959,0.17838420063779578,0.5224135043711937,8,2,0.8944271909999159,2500,OverICA,iid,False,5
1,1,1001,16,160001,True,190,False,10,0.9999406289997105,0.6575674163177609,0.46636599754427693,0.3638764639566203,0.8115839195566543,1.1446855466840695,0.17794696908034766,0.5181673615458938,8,2,0.8944271909999159,2500,OverICA,iid,False,5
1,4,4001,28,280001,True,209,False,10,0.9984180929465528,0.36736634792760015,0.3040387367528926,0.2442613773326319,0.6568921147875266,1.090470751394999,0.19328339117639595,0.5288312985934255,8,2,0.8944271909999159,2500,OverICA,iid,False,5
1,8,8001,9,90001,True,203,False,10,0.9999870486473779,0.10048954095691442,0.40315807216162186,0.294991406676705,0.8856169505856146,1.0761217499351658,0.20319191122284685,0.5207749019483439,8,2,0.8944271909999159,2500,OverICA,iid,False,5
1,3,3001,6,60001,True,215,False,10,0.9972620216762228,0.5199925028719008,0.30860437023360177,0.2518824216043212,0.547904608023318,1.081084673317476,0.18322222382440176,0.5327528586845738,8,2,0.8944271909999159,2500,OverICA,iid,False,5
1,7,7001,19,190001,True,200,False,10,0.9810312368856301,0.1627737688831985,0.32145122871683285,0.2525373740685507,0.7793830241974784,1.1304937781811604,0.1975841441762686,0.5254212449954768,8,2,0.8944271909999159,2500,OverICA,iid,False,5
1,8,8001,12,120001,True,207,False,10,0.9996315059850447,0.09817101573571563,0.22134099482327227,0.18692227822013763,0.35429047922857243,1.1279933799197102,0.14262908830108792,0.5310868263244153,8,2,0.8944271909999159,2500,OverICA,iid,False,5
1,3,3001,13,130001,True,205,False,10,0.997173695686639,0.5028078248724341,0.4060815233726064,0.37671881711923294,0.6829558503603121,1.0536159132152665,0.13002460529073875,0.5242167677207532,8,2,0.8944271909999159,2500,OverICA,iid,False,5
1,8,8001,4,40001,True,208,False,10,0.9976324277964014,0.12235852098092437,0.3837933554757587,0.29158049088844507,0.8038136184555277,1.0772286495032823,0.18397584703140116,0.523760001823098,8,2,0.8944271909999159,2500,OverICA,iid,False,5
1,8,8001,16,160001,True,192,False,10,0.9999406289997105,0.09578207181766629,0.44240636304973335,0.36302802262288525,0.8115839195566543,1.1014187291245128,0.12810270441529453,0.5237825238716337,8,2,0.8944271909999159,2500,OverICA,iid,False,5
1,6,6001,28,280001,True,198,False,10,0.9984180929465528,0.24558878503739834,0.3035744119510252,0.24143631272927388,0.6568921147875266,1.0917180695538415,0.19250556792547988,0.5275206029142436,8,2,0.8944271909999159,2500,OverICA,iid,False,5
1,8,8001,17,170001,True,226,False,10,0.9999417301227984,0.10245193867012858,0.38102375105336755,0.2644632833623841,0.7766790162614948,1.0532110992291497,0.2027383666046752,0.5368588500940161,8,2,0.8944271909999159,2500,OverICA,iid,False,5
1,2,2001,12,120001,True,205,False,10,0.9996315059850447,0.6035371348261833,0.22227820231576617,0.18802419170077067,0.35429047922857243,1.1322396368611785,0.13928316906246732,0.5325585903895126,8,2,0.8944271909999159,2500,OverICA,iid,False,5
1,8,8001,7,70001,True,205,False,10,0.9999147554866513,0.13559244386851788,0.26209783908152634,0.2259681349438835,0.4506723085578529,1.0831694862776264,0.20048334823916908,0.5197818441770838,8,2,0.8944271909999159,2500,OverICA,iid,False,5
1,3,3001,5,50001,True,212,False,10,0.99643378553034,0.5473148869350553,0.31724228640334556,0.25394232760051866,0.5666515632238128,1.0623474776812871,0.19400608889263632,0.5328285432650025,8,2,0.8944271909999159,2500,OverICA,iid,False,5
1,1,1001,3,30001,True,213,False,10,0.9999521432101807,0.7336726537905633,0.3436397861329327,0.2003242363180958,0.7984475772902879,1.4369965079221692,0.07182305127816654,0.5364035755966011,8,2,0.8944271909999159,2500,OverICA,iid,False,5
1,4,4001,20,200001,True,225,False,10,0.9894655370179077,0.4222814040258527,0.20278059210569924,0.16527089665516684,0.3870736257551045,1.059903950320145,0.20348235848969956,0.5278980896142974,8,2,0.8944271909999159,2500,OverICA,iid,False,5
1,7,7001,21,210001,True,220,False,10,0.9995244279503085,0.18371398421004415,0.35091602581932463,0.30491106223086695,0.7036026209892797,1.1258551026926567,0.17116673746497077,0.5327054841098224,8,2,0.8944271909999159,2500,OverICA,iid,False,5
1,8,8001,5,50001,True,217,False,10,0.99643378553034,0.14662163378670812,0.31731407711996906,0.25509505134377725,0.5666515632238128,1.063267988583134,0.19470660088310524,0.5383495228435818,8,2,0.8944271909999159,2500,OverICA,iid,False,5
0,6,6001,28,280001,True,213,False,10,0.9984180929465528,1.101940797176212,0.238573407182796,0.20914504244852533,0.3512806131637455,1.1107074765967078,0.1513064440333531,0.5365753452811663,8,2,0.8944271909999159,2500,OverICA,iid,False,5
1,6,6001,24,240001,True,195,False,10,0.9977307214622922,0.2791860275901854,0.3924198719733302,0.32668764411043033,0.8486054292798584,1.1629134083870813,0.18364271070799174,0.5222871546266501,8,2,0.8944271909999159,2500,OverICA,iid,False,5
1,2,2001,10,100001,True,193,False,10,0.9986523161747195,0.6240830807946622,0.3832276818537526,0.3074298619883818,0.8804733566451324,1.1288776854373521,0.12099138415945486,0.5259925660683185,8,2,0.8944271909999159,2500,OverICA,iid,False,5
1,7,7001,25,250001,True,213,False,10,0.9983122397587095,0.18201554520055652,0.3277631419830499,0.27365889762453793,0.5402347356271,1.0966335357971058,0.18621500236200667,0.5231330814078686,8,2,0.8944271909999159,2500,OverICA,iid,False,5
1,7,7001,23,230001,True,178,False,10,0.9999247032454494,0.1854760032147169,0.45159456503162215,0.39700425391603067,0.7849501783618953,1.0705479740579806,0.1979774971304848,0.5136849039804651,8,2,0.8944271909999159,2500,OverICA,iid,False,5
1,8,8001,8,80001,True,202,False,10,0.9954950315865992,0.15208564838394523,0.4305507882793243,0.3515376293202207,0.7642163771493493,1.2674765662199652,0.15701672247763923,0.5197625824188029,8,2,0.8944271909999159,2500,OverICA,iid,False,5
1,1,1001,17,170001,True,227,False,10,0.9999417301227984,0.7126293601468205,0.3810117674068886,0.2638968319263152,0.7766790162614948,1.0579506336483575,0.19795622088609774,0.537770477555283,8,2,0.8944271909999159,2500,OverICA,iid,False,5
1,8,8001,28,280001,True,215,False,10,0.9984180929465528,0.09968820726498961,0.30340170398473654,0.23980766158310682,0.6568921147875266,1.0926192381456294,0.19038114121616445,0.5290325562497968,8,2,0.8944271909999159,2500,OverICA,iid,False,5
1,2,2001,15,150001,True,212,False,10,0.9992851310852704,0.6233964557759464,0.43099239027752356,0.325387703827111,0.6178968303101197,1.4466093201457286,0.1518489581765381,0.5202617836773383,8,2,0.8944271909999159,2500,OverICA,iid,False,5
1,7,7001,28,280001,True,218,False,10,0.9984180929465528,0.18626277800649405,0.3034287534276585,0.24011277425810743,0.6568921147875266,1.0956267210030501,0.18632404931027408,0.5232174199418443,8,2,0.8944271909999159,2500,OverICA,iid,False,5
1,0,1,14,140001,True,213,False,10,0.9821231270741202,0.847090972121805,0.22380782585376777,0.18027047193316675,0.358486353286942,1.0635360870470008,0.19383357625549522,0.5356043648547335,8,2,0.8944271909999159,2500,OverICA,iid,False,5
1,5,5001,8,80001,True,198,False,10,0.9954950315865992,0.4120993600226939,0.43045801196196787,0.3498026488720992,0.7503365335643771,1.2757735022484609,0.1595242479651397,0.5217031321548807,8,2,0.8944271909999159,2500,OverICA,iid,False,5
1,5,5001,7,70001,True,210,False,10,0.9999147554866513,0.4111419660039246,0.2622813669418879,0.2269407420006589,0.4506723085578529,1.0804241458151669,0.20279088180278387,0.5248777303293775,8,2,0.8944271909999159,2500,OverICA,iid,False,5
1,9,9001,6,60001,True,215,False,10,0.9972620216762228,0.09841128531843424,0.30870193773829846,0.2532353591687594,0.5587281085388235,1.0840861116995417,0.1826049931718305,0.5332626920806347,8,2,0.8944271909999159,2500,OverICA,iid,False,5
1,5,5001,25,250001,True,212,False,10,0.9983122397587095,0.38571928022429347,0.3277444457956968,0.27324513780406323,0.5402347356271,1.0945436316476274,0.18702905974049935,0.5272218443143288,8,2,0.8944271909999159,2500,OverICA,iid,False,5
1,8,8001,0,1,True,230,False,10,0.9999689571958852,0.2017440781928599,0.35803558733706226,0.2655184461128606,0.8205182441179257,1.076574407113301,0.18855812037358957,0.5400035933529289,8,2,0.8944271909999159,2500,OverICA,iid,False,5
1,5,5001,13,130001,True,202,False,10,0.997173695686639,0.41293102502822876,0.40562799633675733,0.37379177649184,0.6829558503603121,1.0495788621914266,0.13206658086795914,0.5248552583772572,8,2,0.8944271909999159,2500,OverICA,iid,False,5
1,9,9001,10,100001,True,196,False,10,0.9986523161747195,0.10163890430703759,0.38292882024434355,0.3061400945936903,0.8804733566451324,1.128080228706154,0.12180781893105344,0.5242487757067594,8,2,0.8944271909999159,2500,OverICA,iid,False,5
1,9,9001,12,120001,True,221,False,10,0.9996315059850447,0.10182377323508263,0.22132695419261536,0.18690543501792817,0.35429047922857243,1.123464222571924,0.14520499706989048,0.5386128676893365,8,2,0.8944271909999159,2500,OverICA,iid,False,5
1,1,1001,23,230001,True,173,False,10,0.9999247032454494,0.7284853369928896,0.45166274287345215,0.39766939120623024,0.7849501783618953,1.0785684760128555,0.18957773341139778,0.5134000417367203,8,2,0.8944271909999159,2500,OverICA,iid,False,5
1,9,9001,4,40001,True,208,False,10,0.9976324277964014,0.11510855704545975,0.3837925640149113,0.2915631355362708,0.8038136184555277,1.0807526205170686,0.18456514795847007,0.523935046388195,8,2,0.8944271909999159,2500,OverICA,iid,False,5
1,8,8001,6,60001,True,217,False,10,0.9972620216762228,0.202987358905375,0.3086651846342418,0.2527975854374023,0.5552259186879667,1.084322417343235,0.18187857608862318,0.5306245365814101,8,2,0.8944271909999159,2500,OverICA,iid,False,5
1,9,9001,8,80001,True,190,False,10,0.9954950315865992,0.11950229899957776,0.4304771278073532,0.3502617812596043,0.7540095926644177,1.2684195171452664,0.15974833543203074,0.516568379180574,8,2,0.8944271909999159,2500,OverICA,iid,False,5
1,2,2001,29,290001,True,217,False,10,0.9995280857338206,0.6445984090678394,0.47927578461926373,0.4111197095713059,0.8013519339599776,1.0392122095032372,0.20616980977852956,0.5352222453773611,8,2,0.8944271909999159,2500,OverICA,iid,False,5
1,9,9001,23,230001,True,185,False,10,0.9999247032454494,0.09637176804244518,0.4518445358022774,0.39916551477453804,0.7849501783618953,1.0730241893490984,0.19813370158991442,0.5155749151563901,8,2,0.8944271909999159,2500,OverICA,iid,False,5
1,9,9001,26,260001,True,219,False,10,0.9988554242201823,0.09809811599552631,0.25554607124785794,0.2050107291540676,0.5492879508286921,1.0834342019229206,0.18794622819764276,0.5349743694320314,8,2,0.8944271909999159,2500,OverICA,iid,False,5
1,8,8001,14,140001,True,212,False,10,0.9821231270741202,0.20326663786545396,0.22392420750569067,0.18143489864815066,0.358486353286942,1.0624248986184506,0.19193106905326365,0.5317498260942942,8,2,0.8944271909999159,2500,OverICA,iid,False,5
1,8,8001,22,220001,True,205,False,10,0.9911781603281574,0.1869202540256083,0.44104338379624003,0.370446246470544,0.6243702964355199,3.318580122810934,0.13281011748335453,0.5192107473938616,8,2,0.8944271909999159,2500,OverICA,iid,False,5
1,7,7001,9,90001,True,196,False,10,0.9999870486473779,0.32336221169680357,0.40334021808906545,0.29651715811583346,0.8856169505856146,1.0812172365155803,0.1957483397800248,0.5221682209380201,8,2,0.8944271909999159,2500,OverICA,iid,False,5
1,9,9001,28,280001,True,208,False,10,0.9984180929465528,0.10348882200196385,0.3033524102336662,0.2391600765609448,0.6568921147875266,1.0884316560470266,0.193058374649282,0.5282811646899499,8,2,0.8944271909999159,2500,OverICA,iid,False,5
0,8,8001,3,30001,True,218,False,10,0.9999521432101807,1.0819958848878741,0.44035711468583816,0.29253269287663947,0.7984475772902879,1.1982418278152371,0.11109796011808724,0.5440599509559388,8,2,0.8944271909999159,2500,OverICA,iid,False,5
2,0,1,3,30001,True,210,False,10,0.9999521432101807,0.09477891819551587,0.25472174304613737,0.16474052252956162,0.6697465565746046,1.1509559248572463,0.09457660037111783,0.5322550152836698,8,2,0.8944271909999159,2500,OverICA,iid,False,5
1,7,7001,14,140001,True,212,False,10,0.9821231270741202,0.31870995182543993,0.223798635976336,0.18015120326579054,0.358486353286942,1.0651994811452625,0.1936741935121739,0.5333203289664245,8,2,0.8944271909999159,2500,OverICA,iid,False,5
1,5,5001,27,270001,True,205,False,10,0.9999254568550177,0.43342444207519293,0.42948180969923305,0.3522017019181488,0.9862980234434047,1.075593172881433,0.1908635714106873,0.5212492375410819,8,2,0.8944271909999159,2500,OverICA,iid,False,5
1,1,1001,28,280001,True,203,False,10,0.9984180929465528,0.7587650418281555,0.3033718302573229,0.23943288093927453,0.6568921147875266,1.0863618749464785,0.19438651204076823,0.5292151422037094,8,2,0.8944271909999159,2500,OverICA,iid,False,5
0,8,8001,1,10001,True,222,False,10,0.9999900660618494,1.1022605150938034,0.42094135196209165,0.38869645487189075,0.7356761630617612,1.119884249283142,0.15041963394028415,0.542009220781576,8,2,0.8944271909999159,2500,OverICA,iid,False,5
1,4,4001,27,270001,True,195,False,10,0.9999254568550177,0.514774426817894,0.42948513008507466,0.3523788079326524,0.9862980234434047,1.0822335662372506,0.19030198918085947,0.5217906747359892,8,2,0.8944271909999159,2500,OverICA,iid,False,5
2,0,1,12,120001,True,221,False,10,0.9996315059850447,0.09040754660964012,0.21442966867660865,0.1694907857057946,0.35429047922857243,1.0840698374939524,0.18435133899011846,0.5294788923493615,8,2,0.8944271909999159,2500,OverICA,iid,False,5
2,0,1,8,80001,True,199,False,10,0.991857738194658,0.10434086667373776,0.4640396461224232,0.35308211680731316,0.8070371841014883,1.1673562869988758,0.2094394778938797,0.5173803707142858,8,2,0.8944271909999159,2500,OverICA,iid,False,5
1,6,6001,0,1,True,229,False,10,0.9999689571958852,0.44016742892563343,0.3580570760972556,0.2666965803343588,0.8205182441179257,1.0719244007259747,0.1931372919941218,0.5404632049886262,8,2,0.8944271909999159,2500,OverICA,iid,False,5
1,6,6001,25,250001,True,206,False,10,0.9983122397587095,0.3850021748803556,0.32796347620807986,0.27614652143577867,0.5402347356271,1.0920671990450133,0.18833515870066955,0.5275395894294314,8,2,0.8944271909999159,2500,OverICA,iid,False,5
2,0,1,0,1,True,225,False,10,0.9999689571958852,0.12524209124967456,0.3567026135199027,0.25885091625930634,0.8205182441179257,1.0206892803326126,0.25652615673857526,0.5419411150185144,8,2,0.8944271909999159,2500,OverICA,iid,False,5
0,5,5001,20,200001,True,206,False,10,0.9948982570987713,1.3397026020102203,0.2729133341645605,0.223259353136223,0.5695936212544184,1.0753828691731415,0.1728512547416315,0.5355332098264688,8,2,0.8944271909999159,2500,OverICA,iid,False,5
2,0,1,10,100001,True,194,False,10,0.9986523161747195,0.10854558926075697,0.380057816189362,0.28712062477652117,0.8300636547849336,1.1370862752033262,0.1488281524883952,0.5179903696736872,8,2,0.8944271909999159,2500,OverICA,iid,False,5
1,7,7001,6,60001,True,219,False,10,0.9972620216762228,0.3600108860991895,0.3086682077757543,0.2528359550472015,0.5555328755663607,1.0820547390879391,0.17977017121064012,0.5257833183742227,8,2,0.8944271909999159,2500,OverICA,iid,False,5
2,0,1,19,190001,True,190,False,10,0.9810312368856301,0.08674291986972094,0.40888984187612215,0.3363227884976323,0.6893464832839772,1.1800704222052727,0.21184210897473452,0.5153069407478046,8,2,0.8944271909999159,2500,OverICA,iid,False,5
1,7,7001,4,40001,True,206,False,10,0.9976324277964014,0.3684615409001708,0.3837432748296839,0.28923854358920764,0.8038136184555277,1.0766490573007945,0.1871607035166075,0.5246678378093973,8,2,0.8944271909999159,2500,OverICA,iid,False,5
1,8,8001,21,210001,True,220,False,10,0.9995244279503085,0.2241770727559924,0.3509943081655912,0.3063516859684222,0.7036026209892797,1.125109108137845,0.1723239602884998,0.5326585575655568,8,2,0.8944271909999159,2500,OverICA,iid,False,5
1,5,5001,22,220001,True,205,False,10,0.9911781603281574,0.48452219320461154,0.44112351561519214,0.36905688249903534,0.6243702964355199,3.3099965661355384,0.13261769157253847,0.516781104915408,8,2,0.8944271909999159,2500,OverICA,iid,False,5
1,2,2001,9,90001,True,201,False,10,0.9999870486473779,0.7452164897695184,0.40326696629377207,0.2959484870553917,0.8856169505856146,1.0823921030244197,0.19868005342977044,0.5180258805833667,8,2,0.8944271909999159,2500,OverICA,iid,False,5
2,0,1,20,200001,True,216,False,10,0.9469648565751755,0.09048444591462612,0.18144088990313248,0.1413540046890092,0.3870736257551045,1.072365398177552,0.17270653931351101,0.526169496145265,8,2,0.8944271909999159,2500,OverICA,iid,False,5
2,0,1,23,230001,True,172,False,10,0.9989003968439116,0.08638054272159934,0.5188772910678577,0.4479639136362942,0.7849501783618953,1.0516193915466594,0.24393495271080426,0.5028962433281758,8,2,0.8944271909999159,2500,OverICA,iid,False,5
2,0,1,21,210001,True,204,False,10,0.9993315980120375,0.08969805063679814,0.39489662661746755,0.3137313797484459,1.0885977485993275,1.2909759006013903,0.13757137014862972,0.5183959091462802,8,2,0.8944271909999159,2500,OverICA,iid,False,5
1,5,5001,29,290001,True,220,False,10,0.9995280857338206,0.47019088501110673,0.4792786297686069,0.41134192909292655,0.8013519339599776,1.0396799411085915,0.20690819621990686,0.5333075055885784,8,2,0.8944271909999159,2500,OverICA,iid,False,5
2,0,1,26,260001,True,214,False,10,0.9988554242201823,0.088606808334589,0.2599371239069795,0.20706442118292406,0.5492879508286921,1.0587009336068476,0.23505666471958078,0.5273917044259692,8,2,0.8944271909999159,2500,OverICA,iid,False,5
1,5,5001,14,140001,True,208,False,10,0.9821231270741202,0.5178947867825627,0.22387306523090297,0.18098074047085855,0.358486353286942,1.0631291027881153,0.19367903642601667,0.5346756423018516,8,2,0.8944271909999159,2500,OverICA,iid,False,5
2,0,1,4,40001,True,201,False,10,0.9976324277964014,0.1505122180096805,0.3852113352035482,0.2934676065125135,0.8038136184555277,1.1190903795344753,0.23753889674440865,0.5196137244451287,8,2,0.8944271909999159,2500,OverICA,iid,False,5
1,5,5001,21,210001,True,223,False,10,0.9995244279503085,0.5104787549935281,0.35101508017717714,0.306632648592882,0.7036026209892797,1.1261765144194642,0.16971291726415252,0.5342113817138578,8,2,0.8944271909999159,2500,OverICA,iid,False,5
1,9,9001,20,200001,True,215,False,10,0.9894655370179077,0.1986154280602932,0.19814821449618278,0.1639962974890609,0.3870736257551045,1.0717249745960316,0.1446895311571538,0.5277850280635539,8,2,0.8944271909999159,2500,OverICA,iid,False,5
2,1,1001,1,10001,True,208,False,10,0.9616997664995592,0.08910527499392629,0.2533157334911931,0.19300545860058735,0.4768947746410589,1.0400029210084882,0.2435241284914872,0.5239309535524957,8,2,0.8944271909999159,2500,OverICA,iid,False,5
1,9,9001,13,130001,True,208,False,10,0.997173695686639,0.2199765001423657,0.40549853311965567,0.3726696637564755,0.6829558503603121,1.0568158263539775,0.12993978944420898,0.5238710011845116,8,2,0.8944271909999159,2500,OverICA,iid,False,5
2,1,1001,2,20001,True,212,False,10,0.9928013053566759,0.08869203692302108,0.30518248550883953,0.23858328943103305,0.6236909449772143,1.1575915195022304,0.2392661600116134,0.525920318570136,8,2,0.8944271909999159,2500,OverICA,iid,False,5
1,9,9001,17,170001,True,229,False,10,0.9999417301227984,0.21254864800721407,0.3810098046233332,0.26375363173501903,0.7766790162614948,1.0548462138339554,0.19995806241178965,0.5345779654533669,8,2,0.8944271909999159,2500,OverICA,iid,False,5
1,8,8001,20,200001,True,210,False,10,0.9894655370179077,0.27714565116912127,0.1982906300840891,0.16429012475912844,0.3870736257551045,1.0762481166045788,0.14189073639022068,0.5272236994052711,8,2,0.8944271909999159,2500,OverICA,iid,False,5
2,1,1001,4,40001,True,205,False,10,0.9976324277964014,0.0885899979621172,0.3862903480549427,0.2959014158902147,0.8038136184555277,1.1252018096093586,0.24015469270532852,0.5157902821269296,8,2,0.8944271909999159,2500,OverICA,iid,False,5
1,9,9001,27,270001,True,198,False,10,0.9999254568550177,0.19825307978317142,0.4294747614371943,0.3515768276403914,0.9862980234434047,1.0766522736316924,0.1935742405848644,0.5265306319038414,8,2,0.8944271909999159,2500,OverICA,iid,False,5
2,0,1,16,160001,True,182,False,10,0.9965742940658001,0.14984634285792708,0.4663762877222824,0.36845032097715374,0.8115839195566543,1.1901516764526427,0.2202350108429129,0.5133497528044897,8,2,0.8944271909999159,2500,OverICA,iid,False,5
1,6,6001,9,90001,True,188,False,10,0.9999870486473779,0.48747295420616865,0.4033173939174996,0.29634518167545665,0.8856169505856146,1.0743778822077061,0.2004901152044285,0.5253533333201482,8,2,0.8944271909999159,2500,OverICA,iid,False,5
1,7,7001,1,10001,True,217,False,10,0.9999900660618494,0.4463035389780998,0.34690839647559946,0.28101996303847854,0.7356761630617612,1.0747384408529115,0.18984938566423754,0.5337707963914239,8,2,0.8944271909999159,2500,OverICA,iid,False,5
2,1,1001,7,70001,True,189,False,10,0.9754110145031726,0.0925123430788517,0.40374650834243614,0.311512160667929,0.7198976408696269,1.0522487219445347,0.2524086337679384,0.5131466847638491,8,2,0.8944271909999159,2500,OverICA,iid,False,5
1,9,9001,0,1,True,227,False,10,0.9999689571958852,0.2591875270009041,0.3580550902518547,0.26663184362529635,0.8205182441179257,1.0758119936883639,0.187527719680963,0.5444069731919411,8,2,0.8944271909999159,2500,OverICA,iid,False,5
1,7,7001,16,160001,True,186,False,10,0.9999406289997105,0.3981125499121845,0.46633147443006534,0.3656586529220762,0.8115839195566543,1.1420831541879204,0.17560597078397724,0.5205669941760652,8,2,0.8944271909999159,2500,OverICA,iid,False,5
1,8,8001,18,180001,True,203,False,10,0.9998427436914263,0.3051604498177767,0.3758785621649051,0.3233871708155529,0.569515804832115,1.1158352318665665,0.18242334800372875,0.5237467034860874,8,2,0.8944271909999159,2500,OverICA,iid,False,5
1,8,8001,19,190001,True,202,False,10,0.9810312368856301,0.3038087491877377,0.32143558604726424,0.25239856376547387,0.7793830241974784,1.1385577242294804,0.19792184583273928,0.5287991852926338,8,2,0.8944271909999159,2500,OverICA,iid,False,5
0,9,9001,28,280001,True,212,False,10,0.9984180929465528,1.0494411760009825,0.238573407182796,0.20914504244852533,0.3512806131637455,1.1064362558183867,0.15291861139461024,0.5391533783566812,8,2,0.8944271909999159,2500,OverICA,iid,False,5
1,3,3001,29,290001,True,218,False,10,0.9995280857338206,0.6853259759955108,0.4792741236477221,0.4109446473497584,0.8013519339599776,1.0387745607192584,0.2059416524403162,0.5304292195823901,8,2,0.8944271909999159,2500,OverICA,iid,False,5
1,8,8001,25,250001,True,207,False,10,0.9983122397587095,0.30075030913576484,0.327787134689317,0.27409118180840086,0.5402347356271,1.091841133767553,0.18940783321900642,0.5262080892285514,8,2,0.8944271909999159,2500,OverICA,iid,False,5
2,0,1,24,240001,True,197,False,10,0.9756608042233618,0.16360858408734202,0.41009384389135395,0.32211967900873795,0.8486054292798584,1.1043737944255831,0.1368729801885386,0.5157515365624996,8,2,0.8944271909999159,2500,OverICA,iid,False,5
2,1,1001,14,140001,True,211,False,10,0.947438904593053,0.10253603896126151,0.26553937619495127,0.19060712641591399,0.553096438226209,1.0480943819664528,0.2402813518855715,0.5256807759434922,8,2,0.8944271909999159,2500,OverICA,iid,False,5
2,0,1,14,140001,True,210,False,10,0.947438904593053,0.19127120496705174,0.26549883571277005,0.18923692357279734,0.553096438226209,1.0461205797120998,0.24606805598801973,0.5209607537423065,8,2,0.8944271909999159,2500,OverICA,iid,False,5
2,1,1001,13,130001,True,203,False,10,0.997173695686639,0.10714183887466788,0.40312792159480015,0.352326273149226,0.7581574015458098,1.0332571248798603,0.16693943906758335,0.5169031943389849,8,2,0.8944271909999159,2500,OverICA,iid,False,5
1,6,6001,3,30001,True,219,False,10,0.9999521432101807,0.5435837609693408,0.3431529527013139,0.19901253431962812,0.7984475772902879,1.4461251086615285,0.07315152690179336,0.5410330128696751,8,2,0.8944271909999159,2500,OverICA,iid,False,5
1,7,7001,26,260001,True,222,False,10,0.9988554242201823,0.3899113228544593,0.25640984916550086,0.20941456883157827,0.5492879508286921,1.087318529927611,0.18609091059437863,0.5379190677212674,8,2,0.8944271909999159,2500,OverICA,iid,False,5
1,7,7001,3,30001,True,216,False,10,0.9999521432101807,0.463281218893826,0.3429737608205444,0.19850191132140213,0.7984475772902879,1.4400606504798084,0.07202640502593886,0.5370565883752406,8,2,0.8944271909999159,2500,OverICA,iid,False,5
2,1,1001,21,210001,True,204,False,10,0.9993315980120375,0.09125544130802155,0.39489905286340377,0.3138758570214308,1.0885977485993275,1.2947483380334488,0.1299525193118807,0.5179526950557756,8,2,0.8944271909999159,2500,OverICA,iid,False,5
2,1,1001,27,270001,True,190,False,10,0.9999254568550177,0.08732657693326473,0.4871516966282813,0.3802597810948099,0.9862980234434047,1.1177854563965661,0.20878450651222816,0.5139270841633986,8,2,0.8944271909999159,2500,OverICA,iid,False,5
2,1,1001,19,190001,True,192,False,10,0.9810312368856301,0.09908454120159149,0.41019482520372513,0.3369280819757041,0.6893464832839772,1.1048405058555908,0.2080284879348305,0.5140180332227879,8,2,0.8944271909999159,2500,OverICA,iid,False,5
2,1,1001,28,280001,True,200,False,10,0.9537230138052385,0.0884181591682136,0.3010498642781193,0.230918010526098,0.6568921147875266,1.0469181550124265,0.2383862915499307,0.5202329866749793,8,2,0.8944271909999159,2500,OverICA,iid,False,5
2,0,1,2,20001,True,205,False,10,0.9928013053566759,0.22637233790010214,0.3055809033720463,0.24082077178487676,0.6236909449772143,1.160707902222322,0.23526819368086835,0.5177438690141598,8,2,0.8944271909999159,2500,OverICA,iid,False,5
2,2,2001,0,1,True,223,False,10,0.9999689571958852,0.08954246202483773,0.356647295286531,0.2578964652561712,0.8205182441179257,1.0215888695067536,0.25918981095696153,0.5404265107557772,8,2,0.8944271909999159,2500,OverICA,iid,False,5
1,9,9001,29,290001,True,215,False,10,0.9995280857338206,0.24581281282007694,0.47927542941318435,0.4110864227572667,0.8013519339599776,1.0388130833980964,0.20657679709295124,0.5368536466171179,8,2,0.8944271909999159,2500,OverICA,iid,False,5
2,0,1,6,60001,True,204,False,10,0.9972620216762228,0.2227857420220971,0.3422213562530236,0.27564321509914635,0.5940243583129301,1.0911575571724288,0.20689289780945483,0.5245331782754906,8,2,0.8944271909999159,2500,OverICA,iid,False,5
1,8,8001,15,150001,True,210,False,10,0.9992851310852704,0.3633422842249274,0.4305722544894502,0.3291743398692365,0.6178968303101197,1.4344903786490935,0.1543711637527836,0.5197560697329954,8,2,0.8944271909999159,2500,OverICA,iid,False,5
1,8,8001,13,130001,True,206,False,10,0.997173695686639,0.36377866193652153,0.40578966556438767,0.37496465565384596,0.6829558503603121,1.05173158405961,0.13694446004678096,0.5246234103304036,8,2,0.8944271909999159,2500,OverICA,iid,False,5
0,8,8001,29,290001,True,230,False,10,0.9995280857338206,1.1727770692668855,0.5697686958378921,0.5427377419187326,0.9646775624474205,1.065658166223401,0.1741065349972564,0.546371931531523,8,2,0.8944271909999159,2500,OverICA,iid,False,5
0,7,7001,3,30001,True,224,False,10,0.9999521432101807,1.336030914913863,0.44035711468583816,0.29253269287663947,0.7984475772902879,1.2015335039821258,0.11016170687093987,0.5434380630780722,8,2,0.8944271909999159,2500,OverICA,iid,False,5
1,3,3001,28,280001,True,209,False,10,0.9984180929465528,0.7385805519297719,0.3036958577763348,0.24231079285435986,0.6568921147875266,1.094442265343686,0.191018024936527,0.5265663101057712,8,2,0.8944271909999159,2500,OverICA,iid,False,5
2,0,1,15,150001,True,194,False,10,0.9992851310852704,0.22474462864920497,0.4778121845552019,0.37160982668994413,0.892233779577496,1.469954905373057,0.11420415935848804,0.5118941671185794,8,2,0.8944271909999159,2500,OverICA,iid,False,5
2,2,2001,5,50001,True,213,False,10,0.99643378553034,0.0898465202189982,0.2664487988941412,0.20192371909922405,0.5666515632238128,1.0149578847719831,0.25486263460028863,0.5257054972632501,8,2,0.8944271909999159,2500,OverICA,iid,False,5
2,0,1,13,130001,True,202,False,10,0.997173695686639,0.2427513930015266,0.40283202579051214,0.3501842290827041,0.7581574015458098,1.0336713350972706,0.1634201960527227,0.5130191600581924,8,2,0.8944271909999159,2500,OverICA,iid,False,5
2,2,2001,9,90001,True,178,False,10,0.9999870486473779,0.08882137620821595,0.5224378359233961,0.41877010039618673,0.8856169505856146,1.2193390264615642,0.19662598690280622,0.5063734431481623,8,2,0.8944271909999159,2500,OverICA,iid,False,5
2,1,1001,26,260001,True,217,False,10,0.9988554242201823,0.13561771484091878,0.25980329210195263,0.20525393382416343,0.5492879508286921,1.05728777422738,0.2374337485335761,0.5279491572808476,8,2,0.8944271909999159,2500,OverICA,iid,False,5
2,2,2001,10,100001,True,190,False,10,0.9986523161747195,0.08714019833132625,0.3797950048012041,0.2832489882271074,0.8300636547849336,1.1426256893921105,0.1439434953241599,0.5140363090882429,8,2,0.8944271909999159,2500,OverICA,iid,False,5
2,1,1001,3,30001,True,223,False,10,0.9999521432101807,0.1846832879818976,0.25312859120670533,0.16302084686849694,0.6697465565746046,1.146280013873721,0.09595235667881981,0.5357236222406233,8,2,0.8944271909999159,2500,OverICA,iid,False,5
2,1,1001,25,250001,True,188,False,10,0.9983122397587095,0.14901714818552136,0.42184540164948114,0.3188106741853398,0.6432866000266766,1.0519008940722168,0.24059252310802545,0.5193067932320239,8,2,0.8944271909999159,2500,OverICA,iid,False,5
2,2,2001,15,150001,True,201,False,10,0.9992851310852704,0.09400141332298517,0.4780855202100848,0.3649082131510269,0.892233779577496,1.470958982232629,0.11577052599797732,0.507813441729195,8,2,0.8944271909999159,2500,OverICA,iid,False,5
1,4,4001,8,80001,True,193,False,10,0.9954950315865992,0.7371449619531631,0.43072487876004967,0.35351814251562874,0.7800604827126134,1.2701225823362383,0.15895034504027544,0.518444531739804,8,2,0.8944271909999159,2500,OverICA,iid,False,5
2,2,2001,4,40001,True,203,False,10,0.9976324277964014,0.11734094331040978,0.3851502729073516,0.2900298580412733,0.8038136184555277,1.1169630061756088,0.24524027605430257,0.5177210233911611,8,2,0.8944271909999159,2500,OverICA,iid,False,5
1,6,6001,20,200001,True,213,False,10,0.9894655370179077,0.5661752549931407,0.20304869847205675,0.16842439480434065,0.3870736257551045,1.0612830363188641,0.20385576885415263,0.5283722732649125,8,2,0.8944271909999159,2500,OverICA,iid,False,5
2,2,2001,16,160001,True,190,False,10,0.9965742940658001,0.09987859474495053,0.46640655195413533,0.36917978754833913,0.8115839195566543,1.1931440079509639,0.21856518770766753,0.5099212432565428,8,2,0.8944271909999159,2500,OverICA,iid,False,5
2,2,2001,13,130001,True,200,False,10,0.997173695686639,0.10604116600006819,0.4028374540930636,0.3495936181036645,0.7581574015458098,1.0302355446036358,0.16644420502095922,0.5137271851715716,8,2,0.8944271909999159,2500,OverICA,iid,False,5
2,1,1001,29,290001,True,210,False,10,0.9886290469099419,0.15085235703736544,0.3631502511221736,0.2730878571444012,0.8013519339599776,1.0099389610089788,0.25714127056270314,0.5293000673376022,8,2,0.8944271909999159,2500,OverICA,iid,False,5
2,0,1,1,10001,True,205,False,10,0.9616997664995592,0.29601892875507474,0.25300092505580846,0.18887538571705526,0.4768947746410589,1.0376184630589351,0.24515424205558153,0.5246493551054661,8,2,0.8944271909999159,2500,OverICA,iid,False,5
2,1,1001,17,170001,True,227,False,10,0.9999417301227984,0.17402438633143902,0.18478356923413194,0.11779361387019074,0.46988787006959354,1.08834248875358,0.25978054287206653,0.5247334149536533,8,2,0.8944271909999159,2500,OverICA,iid,False,5
2,2,2001,8,80001,True,200,False,10,0.991857738194658,0.12093010963872075,0.46356560358522203,0.3535648238853011,0.7922138437718405,1.168895052939727,0.21004513296630867,0.5135973148607537,8,2,0.8944271909999159,2500,OverICA,iid,False,5
2,0,1,28,280001,True,201,False,10,0.9537230138052385,0.2361595258116722,0.3013535928626795,0.2321846322738595,0.6568921147875266,1.0499991159188296,0.2398857284450828,0.5192323349823433,8,2,0.8944271909999159,2500,OverICA,iid,False,5
2,1,1001,15,150001,True,201,False,10,0.9992851310852704,0.18437430914491415,0.4781879451333247,0.37253004394184996,0.8884108666080878,1.3761010670014369,0.16391084106631115,0.5143381480452713,8,2,0.8944271909999159,2500,OverICA,iid,False,5
1,8,8001,10,100001,True,201,False,10,0.9986523161747195,0.435422298964113,0.38325598186614773,0.30754488540849295,0.8804733566451324,1.1209346012579622,0.12680726251433402,0.5202384969513477,8,2,0.8944271909999159,2500,OverICA,iid,False,5
2,0,1,11,110001,True,205,False,10,0.9794777790118621,0.28907933412119746,0.24858631478035548,0.1996769298086544,0.3887294172463533,1.137178807936358,0.22002330080967777,0.5249932835195903,8,2,0.8944271909999159,2500,OverICA,iid,False,5
2,2,2001,12,120001,True,204,False,10,0.9996315059850447,0.12919341726228595,0.2143691099305631,0.16857920135955456,0.35429047922857243,1.0831944639230515,0.18427138780784466,0.5327800306787405,8,2,0.8944271909999159,2500,OverICA,iid,False,5
2,3,3001,0,1,True,226,False,10,0.9999689571958852,0.09007448796182871,0.3566151447341265,0.2573832153874556,0.8205182441179257,1.0173631444441595,0.26042563864354823,0.5395994424021896,8,2,0.8944271909999159,2500,OverICA,iid,False,5
2,0,1,27,270001,True,185,False,10,0.9999254568550177,0.2550248531624675,0.4871934438186367,0.38033248002803816,0.9862980234434047,1.122286462058909,0.2086309371410874,0.5134383417291265,8,2,0.8944271909999159,2500,OverICA,iid,False,5
2,2,2001,26,260001,True,224,False,10,0.9988554242201823,0.0964031876064837,0.2598530200281144,0.20513273207240418,0.5492879508286921,1.0613191330331042,0.23574647156638773,0.5291380935293525,8,2,0.8944271909999159,2500,OverICA,iid,False,5
2,2,2001,22,220001,True,187,False,10,0.9911781603281574,0.1048082341440022,0.4188558050408814,0.3296816469580587,0.5593350632150397,1.255772026271225,0.21511893666577672,0.5104175634163548,8,2,0.8944271909999159,2500,OverICA,iid,False,5
1,7,7001,27,270001,True,196,False,10,0.9999254568550177,0.4858650229871273,0.4294955091425161,0.35280481295067967,0.9862980234434047,1.0731360008835515,0.19369123013666217,0.5190972489489392,8,2,0.8944271909999159,2500,OverICA,iid,False,5
2,1,1001,23,230001,True,177,False,10,0.9989003968439116,0.20007806923240423,0.519019245834165,0.4482215919288707,0.7849501783618953,1.0458053155695992,0.2487607119309244,0.5055340112195656,8,2,0.8944271909999159,2500,OverICA,iid,False,5
1,8,8001,3,30001,True,212,False,10,0.9999521432101807,0.49168480606749654,0.34258190363915586,0.19732174220982468,0.7984475772902879,1.448609801858788,0.07114635174128793,0.5347248628734169,8,2,0.8944271909999159,2500,OverICA,iid,False,5
2,3,3001,1,10001,True,207,False,10,0.9616997664995592,0.11570297321304679,0.2531294255256336,0.1905555765901331,0.4768947746410589,1.0333019938344776,0.24334871213334874,0.5233943161312012,8,2,0.8944271909999159,2500,OverICA,iid,False,5
2,3,3001,14,140001,True,208,False,10,0.947438904593053,0.08891888614743948,0.265553877952288,0.19103756504050445,0.553096438226209,1.049550382666632,0.24098904825792467,0.5223949410453912,8,2,0.8944271909999159,2500,OverICA,iid,False,5
2,3,3001,16,160001,True,186,False,10,0.9965742940658001,0.08853100892156363,0.4664242326962604,0.3686779641544114,0.8115839195566543,1.1148131289773728,0.21659765124670768,0.5174830843492247,8,2,0.8944271909999159,2500,OverICA,iid,False,5
2,1,1001,6,60001,True,206,False,10,0.9972620216762228,0.26708032563328743,0.34205632296603594,0.2763812992044041,0.5856302380671108,1.1490386682147273,0.15876478956863002,0.5206670206696966,8,2,0.8944271909999159,2500,OverICA,iid,False,5
1,4,4001,15,150001,True,212,False,10,0.9992851310852704,0.8019947232678533,0.43082925415474554,0.32659874187661553,0.6178968303101197,1.4268942635930186,0.152686192407701,0.5214251024065303,8,2,0.8944271909999159,2500,OverICA,iid,False,5
2,2,2001,24,240001,True,196,False,10,0.9756608042233618,0.14873114973306656,0.41059465298323145,0.3237165955171082,0.8486054292798584,1.112761257399158,0.13436144855976154,0.5102800104945522,8,2,0.8944271909999159,2500,OverICA,iid,False,5
2,2,2001,17,170001,True,221,False,10,0.9999417301227984,0.17643346078693867,0.1836061545950739,0.11630557324748908,0.46988787006959354,1.0908456933948434,0.24963004447171175,0.527413784113275,8,2,0.8944271909999159,2500,OverICA,iid,False,5
2,3,3001,19,190001,True,196,False,10,0.9810312368856301,0.09029939724132419,0.4085526110717386,0.33317994533088263,0.6893464832839772,1.1801778874050413,0.21031689811312085,0.5174112072208608,8,2,0.8944271909999159,2500,OverICA,iid,False,5
1,9,9001,25,250001,True,209,False,10,0.9983122397587095,0.3925380762666464,0.32819130689362674,0.27787559427114383,0.5402347356271,1.0910884660748663,0.1865112928084571,0.522346158506764,8,2,0.8944271909999159,2500,OverICA,iid,False,5
2,3,3001,21,210001,True,204,False,10,0.9993315980120375,0.0917549580335617,0.39491430003092204,0.3138157939276961,1.0885977485993275,1.29214494744268,0.13765807445871428,0.5180031456059919,8,2,0.8944271909999159,2500,OverICA,iid,False,5
2,3,3001,23,230001,True,172,False,10,0.9989003968439116,0.09198572719469666,0.5192556656595025,0.44854925270926294,0.7849501783618953,1.0437071860801665,0.24567877733488966,0.5000580676849619,8,2,0.8944271909999159,2500,OverICA,iid,False,5
1,9,9001,11,110001,True,210,False,10,0.9794777790118621,0.4318003421649337,0.27288986191659803,0.24020455078566527,0.5322588536050029,1.1503940000614783,0.18701680845121507,0.5362053745890909,8,2,0.8944271909999159,2500,OverICA,iid,False,5
1,5,5001,6,60001,True,223,False,10,0.9972620216762228,0.7620671899057925,0.3087148857257277,0.2533769539765185,0.5598608670008964,1.0852784716987227,0.1802550500945744,0.5327961350416783,8,2,0.8944271909999159,2500,OverICA,iid,False,5
2,2,2001,29,290001,True,221,False,10,0.9886290469099419,0.15305072208866477,0.36319330537578415,0.2739347317004843,0.8013519339599776,1.0074229192837325,0.2578355086558571,0.524806458884815,8,2,0.8944271909999159,2500,OverICA,iid,False,5
2,3,3001,5,50001,True,215,False,10,0.99643378553034,0.1487375502474606,0.266364052304927,0.20062195231795749,0.5666515632238128,1.018934908993337,0.2544539664573712,0.5312614176415991,8,2,0.8944271909999159,2500,OverICA,iid,False,5
2,0,1,18,180001,True,187,False,10,0.9998427436914263,0.33633553935214877,0.45785335888880524,0.4193397589462353,0.7202366038286045,1.0910049453631399,0.22806812995221573,0.5097978566870189,8,2,0.8944271909999159,2500,OverICA,iid,False,5
1,9,9001,3,30001,True,219,False,10,0.9999521432101807,0.44455410121008754,0.34402103842952725,0.20128651175055973,0.7984475772902879,1.4516448723296997,0.06943419304665721,0.5403179859858476,8,2,0.8944271909999159,2500,OverICA,iid,False,5
2,3,3001,29,290001,True,216,False,10,0.9886290469099419,0.09054708620533347,0.3630998792421984,0.2718277876597694,0.8013519339599776,1.0136948342544378,0.2541336936596968,0.5254431790623335,8,2,0.8944271909999159,2500,OverICA,iid,False,5
2,3,3001,20,200001,True,223,False,10,0.9469648565751755,0.10830855974927545,0.1818513434757894,0.14210351408710536,0.3870736257551045,1.0694402022989928,0.17451956366223909,0.5214857436720258,8,2,0.8944271909999159,2500,OverICA,iid,False,5
1,1,1001,6,60001,True,219,False,10,0.9972620216762228,1.1183695909567177,0.3086629379750775,0.2527687528434884,0.5549952579366555,1.083495411443396,0.18130624695454542,0.5317862724762809,8,2,0.8944271909999159,2500,OverICA,iid,False,5
2,3,3001,25,250001,True,189,False,10,0.9983122397587095,0.10372574999928474,0.4220547634645421,0.3173082077653881,0.6291851302003574,1.0569805027374846,0.2383661445889016,0.514396486995064,8,2,0.8944271909999159,2500,OverICA,iid,False,5
2,3,3001,24,240001,True,198,False,10,0.9756608042233618,0.10656626289710402,0.4099169671147629,0.32015425163846234,0.8486054292798584,1.1136817945827235,0.13566978963521037,0.5137194137249927,8,2,0.8944271909999159,2500,OverICA,iid,False,5
2,3,3001,6,60001,True,203,False,10,0.9972620216762228,0.16714254207909107,0.3422614091601046,0.275985709718273,0.5896896472345416,1.0909044873150775,0.20762870172214862,0.5235589459360351,8,2,0.8944271909999159,2500,OverICA,iid,False,5
1,9,9001,16,160001,True,184,False,10,0.9999406289997105,0.44117342168465257,0.4663679893117775,0.3638197793991137,0.8115839195566543,1.1440774285934903,0.1779327536933395,0.5208305756242038,8,2,0.8944271909999159,2500,OverICA,iid,False,5
2,2,2001,2,20001,True,204,False,10,0.9928013053566759,0.25169907603412867,0.30533419806256556,0.23869750358221792,0.6236909449772143,1.155525722676008,0.23935460327365873,0.5234336556568187,8,2,0.8944271909999159,2500,OverICA,iid,False,5
2,4,4001,6,60001,True,203,False,10,0.9972620216762228,0.08839138923212886,0.333948489740813,0.275152021605358,0.5829932792709268,1.1567650291591964,0.15611439414121242,0.5184824101513971,8,2,0.8944271909999159,2500,OverICA,iid,False,5
2,4,4001,9,90001,True,174,False,10,0.9999870486473779,0.08569587720558047,0.5307859146494406,0.42666384979495964,0.8856169505856146,1.29690509200701,0.1978932957292648,0.5095994221771605,8,2,0.8944271909999159,2500,OverICA,iid,False,5
2,3,3001,18,180001,True,191,False,10,0.9998427436914263,0.13550585601478815,0.45760236639527124,0.42186694833847493,0.7202366038286045,1.0851237639708164,0.2316979021937328,0.5117923423095659,8,2,0.8944271909999159,2500,OverICA,iid,False,5
2,0,1,7,70001,True,194,False,10,0.9754110145031726,0.4035901250317693,0.4035468946459381,0.3099682058921749,0.721239249880547,1.0585588618389428,0.24968962832884367,0.5172094122753782,8,2,0.8944271909999159,2500,OverICA,iid,False,5
2,3,3001,15,150001,True,202,False,10,0.9992851310852704,0.1439409600570798,0.4781848317256502,0.37084548877852763,0.892233779577496,1.4488037859776695,0.11675894054238223,0.5073549414287482,8,2,0.8944271909999159,2500,OverICA,iid,False,5
2,1,1001,20,200001,True,211,False,10,0.9469648565751755,0.2818073998205364,0.1873579233103189,0.144516118613019,0.3870736257551045,1.015091648454829,0.25880274016034516,0.5244326764764606,8,2,0.8944271909999159,2500,OverICA,iid,False,5
2,3,3001,27,270001,True,190,False,10,0.9999254568550177,0.12023979285731912,0.48733181398902115,0.38511156367173804,0.9862980234434047,1.1167184606446536,0.20711069171233332,0.5146469435944695,8,2,0.8944271909999159,2500,OverICA,iid,False,5
2,4,4001,8,80001,True,196,False,10,0.991857738194658,0.09836838487535715,0.46386690809322223,0.3518241561143834,0.7973108376844403,1.1620306179131557,0.2112297442523133,0.5156447996339719,8,2,0.8944271909999159,2500,OverICA,iid,False,5
2,4,4001,0,1,True,221,False,10,0.9999689571958852,0.12786308396607637,0.3567161005438412,0.25888290004907283,0.8205182441179257,1.0130837526426721,0.2625203997320588,0.5369634436611751,8,2,0.8944271909999159,2500,OverICA,iid,False,5
2,3,3001,2,20001,True,206,False,10,0.9928013053566759,0.20195899717509747,0.30529368156805353,0.2387567535608109,0.6236909449772143,1.1586928008311799,0.23743789282581082,0.5243107018940129,8,2,0.8944271909999159,2500,OverICA,iid,False,5
2,2,2001,1,10001,True,207,False,10,0.9616997664995592,0.28114418499171734,0.252975217072315,0.18740875149323488,0.4768947746410589,1.109409292770868,0.15116916666913768,0.5205096041829825,8,2,0.8944271909999159,2500,OverICA,iid,False,5
2,4,4001,10,100001,True,194,False,10,0.9986523161747195,0.10525936027988791,0.3799059333943595,0.2845136364119719,0.8300636547849336,1.140586884729797,0.1475164536324376,0.5159037887724631,8,2,0.8944271909999159,2500,OverICA,iid,False,5
2,4,4001,14,140001,True,207,False,10,0.947438904593053,0.0898165600374341,0.2655932807200888,0.1920471935586738,0.553096438226209,1.0457368199522212,0.24555875732572127,0.5190858170364617,8,2,0.8944271909999159,2500,OverICA,iid,False,5
1,0,1,25,250001,True,201,False,10,0.9983122397587095,1.2009383579716086,0.3280578676405139,0.27693105137262575,0.5402347356271,1.0878046783763475,0.18841065008814084,0.5282763460149728,8,2,0.8944271909999159,2500,OverICA,iid,False,5
1,8,8001,29,290001,True,223,False,10,0.9995280857338206,0.5210908460430801,0.4792939600406547,0.41207875410898076,0.8013519339599776,1.0382824486137923,0.20749888688985368,0.5365494573029223,8,2,0.8944271909999159,2500,OverICA,iid,False,5
1,9,9001,15,150001,True,215,False,10,0.9992851310852704,0.4872691943310201,0.43083087208399834,0.3265856605035534,0.6178968303101197,1.4251046421009217,0.15548814912031053,0.5226911116120855,8,2,0.8944271909999159,2500,OverICA,iid,False,5
1,6,6001,12,120001,True,208,False,10,0.9996315059850447,0.7410995671525598,0.22307409201381792,0.18892812027731637,0.35429047922857243,1.1270678457678505,0.1422786821551123,0.5350124875297462,8,2,0.8944271909999159,2500,OverICA,iid,False,5
1,7,7001,0,1,True,229,False,10,0.9999689571958852,0.7209577159956098,0.3580378074872641,0.2657915372565012,0.8205182441179257,1.0767130698216334,0.18895141825610876,0.5407983475465852,8,2,0.8944271909999159,2500,OverICA,iid,False,5
2,0,1,25,250001,True,189,False,10,0.9983122397587095,0.4130099737085402,0.422120972815576,0.3166667143350973,0.6251951629276769,1.0461514384382389,0.24342096192535698,0.5157534824613165,8,2,0.8944271909999159,2500,OverICA,iid,False,5
2,4,4001,20,200001,True,216,False,10,0.9469648565751755,0.09487286722287536,0.18165452478405344,0.14012095375542594,0.3870736257551045,1.067492464141069,0.17952642040942932,0.5264301471202787,8,2,0.8944271909999159,2500,OverICA,iid,False,5
2,2,2001,23,230001,True,184,False,10,0.9989003968439116,0.25133606791496277,0.5186946353975762,0.4444151115207936,0.7849501783618953,1.0541414490596221,0.2369874358611294,0.5013803452795107,8,2,0.8944271909999159,2500,OverICA,iid,False,5
2,4,4001,5,50001,True,208,False,10,0.99643378553034,0.1529141329228878,0.26646215674503515,0.2018270770980471,0.5666515632238128,1.010197234881572,0.25894837215128946,0.5269680683152064,8,2,0.8944271909999159,2500,OverICA,iid,False,5
2,4,4001,13,130001,True,204,False,10,0.997173695686639,0.1307683060877025,0.4027829408858338,0.34972417442024445,0.7581574015458098,1.0320582273284125,0.1669170997813366,0.5126898063642534,8,2,0.8944271909999159,2500,OverICA,iid,False,5
1,3,3001,17,170001,True,225,False,10,0.9999417301227984,1.0019190520979464,0.38101896513190914,0.26427260790030277,0.7766790162614948,1.0560773266703687,0.20027343261838573,0.5382160023334719,8,2,0.8944271909999159,2500,OverICA,iid,False,5
2,4,4001,23,230001,True,169,False,10,0.9989003968439116,0.0930609586648643,0.5187908633315041,0.44487833107004615,0.7849501783618953,1.0541026440404555,0.23648555561279003,0.507403329175609,8,2,0.8944271909999159,2500,OverICA,iid,False,5
2,1,1001,16,160001,True,191,False,10,0.9965742940658001,0.3587925639003515,0.46644832304713435,0.36942802407707986,0.8115839195566543,1.111319421096577,0.21796440906791612,0.5117230653370348,8,2,0.8944271909999159,2500,OverICA,iid,False,5
2,4,4001,7,70001,True,192,False,10,0.9754110145031726,0.16122996900230646,0.4035584856182919,0.3125372863378567,0.7350661376064364,1.0560431727973818,0.2455111982293107,0.5161280318529482,8,2,0.8944271909999159,2500,OverICA,iid,False,5
2,4,4001,26,260001,True,222,False,10,0.9988554242201823,0.09814272588118911,0.2602827965724948,0.21134615413465485,0.5492879508286921,1.1323286013896727,0.1429108507990511,0.5318432495308111,8,2,0.8944271909999159,2500,OverICA,iid,False,5
2,2,2001,28,280001,True,206,False,10,0.9537230138052385,0.257732595782727,0.30131024803228945,0.23073694324606953,0.6568921147875266,1.046091628318209,0.23991443901523435,0.5183601013103611,8,2,0.8944271909999159,2500,OverICA,iid,False,5
1,9,9001,19,190001,True,196,False,10,0.9810312368856301,0.5245485035702586,0.32155675990692767,0.25338247297414596,0.7793830241974784,1.1371451290895997,0.19701868719202656,0.5299507931745532,8,2,0.8944271909999159,2500,OverICA,iid,False,5
2,5,5001,9,90001,True,183,False,10,0.9999870486473779,0.08652638085186481,0.5308951421782271,0.4267286598889818,0.8856169505856146,1.3049697003968677,0.19936319635201674,0.5082150116744246,8,2,0.8944271909999159,2500,OverICA,iid,False,5
2,5,5001,8,80001,True,195,False,10,0.991857738194658,0.0877189040184021,0.46363631486073703,0.3528009957835698,0.7926380913481345,1.1661706230007522,0.21229100475084517,0.5139751310759313,8,2,0.8944271909999159,2500,OverICA,iid,False,5
1,9,9001,22,220001,True,205,False,10,0.9911781603281574,0.5246375040151179,0.44099021579051184,0.3723664841665455,0.6243702964355199,3.367703934100145,0.13517235902365596,0.5217561115509799,8,2,0.8944271909999159,2500,OverICA,iid,False,5
2,5,5001,0,1,True,230,False,10,0.9999689571958852,0.10952114313840866,0.35685193799373155,0.25996091874324107,0.8205182441179257,1.019824429607912,0.2584489478260593,0.5318001788092211,8,2,0.8944271909999159,2500,OverICA,iid,False,5
1,8,8001,24,240001,True,199,False,10,0.9977307214622922,0.5997137292288244,0.4040857319541446,0.3294906501718541,0.8486054292798584,1.1019413750487685,0.17972788375062226,0.520872202867348,8,2,0.8944271909999159,2500,OverICA,iid,False,5
2,4,4001,3,30001,True,211,False,10,0.9999521432101807,0.19961225194856524,0.26202511208759344,0.16461044285469367,0.6697465565746046,1.1274585112870725,0.16031194712303387,0.5318877525236647,8,2,0.8944271909999159,2500,OverICA,iid,False,5
2,5,5001,6,60001,True,205,False,10,0.9972620216762228,0.1033249837346375,0.34220770148673774,0.275373002441903,0.5978646594830275,1.0836025070449065,0.21136879311989998,0.5209271893837948,8,2,0.8944271909999159,2500,OverICA,iid,False,5
2,3,3001,28,280001,True,214,False,10,0.9537230138052385,0.21537994965910912,0.3016488579044317,0.2320934818917674,0.6568921147875266,1.0480853714248421,0.24163474376740424,0.5196199637539799,8,2,0.8944271909999159,2500,OverICA,iid,False,5
2,5,5001,4,40001,True,205,False,10,0.9976324277964014,0.1134632877074182,0.3875766132699807,0.29346869949338805,0.8038136184555277,1.122941452671564,0.24046017128838992,0.5166472162554105,8,2,0.8944271909999159,2500,OverICA,iid,False,5
2,5,5001,15,150001,True,200,False,10,0.9992851310852704,0.09399282280355692,0.47821749858926543,0.36485130093273777,0.892233779577496,1.4676918039995475,0.11207952946251742,0.5051410146019831,8,2,0.8944271909999159,2500,OverICA,iid,False,5
1,7,7001,29,290001,True,225,False,10,0.9995280857338206,0.6763525339774787,0.47927836623940323,0.4113237623748379,0.8013519339599776,1.0381154688552907,0.20925912434719265,0.539213666030498,8,2,0.8944271909999159,2500,OverICA,iid,False,5
1,6,6001,8,80001,True,200,False,10,0.9954950315865992,0.8226383402943611,0.43055543127022033,0.3516037885485299,0.764745650975823,1.2781807202628,0.1526426215755666,0.5203073171055855,8,2,0.8944271909999159,2500,OverICA,iid,False,5
2,4,4001,19,190001,True,197,False,10,0.9810312368856301,0.15334441978484392,0.4086319722665465,0.33446250983620895,0.6893464832839772,1.1764254412190076,0.21206520596460524,0.513448993212468,8,2,0.8944271909999159,2500,OverICA,iid,False,5
2,5,5001,19,190001,True,188,False,10,0.9810312368856301,0.0936103449203074,0.4087190376661611,0.3351021284365404,0.6893464832839772,1.1791862578022447,0.20886454317839018,0.5161324317953877,8,2,0.8944271909999159,2500,OverICA,iid,False,5
1,8,8001,26,260001,True,218,False,10,0.9988554242201823,0.6125755761750042,0.25548036460579254,0.20445963153253205,0.5492879508286921,1.085037942662741,0.18784860941753295,0.5376768358080345,8,2,0.8944271909999159,2500,OverICA,iid,False,5
2,4,4001,15,150001,True,202,False,10,0.9992851310852704,0.16487871622666717,0.4784481625478347,0.3662798467526516,0.892233779577496,1.4571567398393566,0.11165612974463017,0.5050913438719162,8,2,0.8944271909999159,2500,OverICA,iid,False,5
2,3,3001,3,30001,True,218,False,10,0.9999521432101807,0.30720048770308495,0.25245250142288667,0.164237903816665,0.6697465565746046,1.1508767836000067,0.09374932016847842,0.5330148123575654,8,2,0.8944271909999159,2500,OverICA,iid,False,5
2,5,5001,1,10001,True,201,False,10,0.9616997664995592,0.13681579707190394,0.25303432423145333,0.18872987418242562,0.4768947746410589,1.111993017848843,0.14947168751551002,0.5252118319726895,8,2,0.8944271909999159,2500,OverICA,iid,False,5
2,4,4001,12,120001,True,214,False,10,0.9996315059850447,0.19898537592962384,0.21473235601233384,0.16892015138078942,0.35429047922857243,1.0866469465106765,0.18457425046557352,0.5308563419556042,8,2,0.8944271909999159,2500,OverICA,iid,False,5
2,4,4001,27,270001,True,186,False,10,0.9999254568550177,0.1586458757519722,0.48717800659473254,0.3818613430998144,0.9862980234434047,1.1175701145794816,0.2047139432313915,0.5092320921222928,8,2,0.8944271909999159,2500,OverICA,iid,False,5
1,5,5001,3,30001,True,224,False,10,0.9999521432101807,0.9232877101749182,0.34295489282333896,0.1984471622384401,0.7984475772902879,1.4391945477269978,0.07413345850050991,0.5363499021195572,8,2,0.8944271909999159,2500,OverICA,iid,False,5
2,3,3001,26,260001,True,216,False,10,0.9988554242201823,0.25132439797744155,0.26002786395595967,0.20676377072743918,0.5492879508286921,1.0621178778926093,0.23476817934573288,0.5304201105342696,8,2,0.8944271909999159,2500,OverICA,iid,False,5
2,5,5001,18,180001,True,192,False,10,0.9998427436914263,0.11450497107580304,0.45818979515381614,0.42002501825277794,0.7202366038286045,1.0853699908567487,0.2303453898726929,0.5139536312578089,8,2,0.8944271909999159,2500,OverICA,iid,False,5
2,5,5001,10,100001,True,189,False,10,0.9986523161747195,0.1406238116323948,0.3793169367051853,0.282839471950861,0.8300636547849336,1.1405419918930668,0.1441058568537531,0.5105071721354326,8,2,0.8944271909999159,2500,OverICA,iid,False,5
2,5,5001,28,280001,True,206,False,10,0.9537230138052385,0.08777847280725837,0.30150695761636187,0.2328099332627965,0.6568921147875266,1.0418131491130618,0.2438714552932222,0.5186158181731934,8,2,0.8944271909999159,2500,OverICA,iid,False,5
1,8,8001,1,10001,True,208,False,10,0.9999900660618494,0.7144361878745258,0.34694455665531543,0.28152533090559273,0.7356761630617612,1.0781713444713996,0.18865179546618727,0.5330151502019779,8,2,0.8944271909999159,2500,OverICA,iid,False,5
2,5,5001,16,160001,True,187,False,10,0.9965742940658001,0.13288622302934527,0.4663300978932915,0.3659619745557412,0.8115839195566543,1.1136848390142575,0.21669351285890967,0.5118788678464345,8,2,0.8944271909999159,2500,OverICA,iid,False,5
2,5,5001,27,270001,True,179,False,10,0.9999254568550177,0.09833326516672969,0.4871106160802745,0.38031486017493793,0.9862980234434047,1.1164720903923415,0.2061643182828469,0.5079145083033764,8,2,0.8944271909999159,2500,OverICA,iid,False,5
2,2,2001,27,270001,True,185,False,10,0.9999254568550177,0.3430977747775614,0.48712452019959007,0.37888798251970823,0.9862980234434047,1.1199487932884742,0.20914599816502114,0.5111111382902316,8,2,0.8944271909999159,2500,OverICA,iid,False,5
2,1,1001,9,90001,True,175,False,10,0.9999870486473779,0.4643305526115,0.5223741790209494,0.41943558791465085,0.8856169505856146,1.2125308517113222,0.19813241481608423,0.5055064941225209,8,2,0.8944271909999159,2500,OverICA,iid,False,5
2,5,5001,5,50001,True,214,False,10,0.99643378553034,0.16318922629579902,0.2663458433155718,0.19997821491925089,0.5666515632238128,1.0135338051352114,0.2550875049247381,0.5319101922980817,8,2,0.8944271909999159,2500,OverICA,iid,False,5
2,4,4001,18,180001,True,192,False,10,0.9998427436914263,0.19850854901596904,0.4577444073092775,0.4215998514351172,0.7202366038286045,1.0819800013313576,0.23366904796601498,0.509545797364709,8,2,0.8944271909999159,2500,OverICA,iid,False,5
2,3,3001,17,170001,True,221,False,10,0.9999417301227984,0.29812199575826526,0.18283822347629963,0.11708359409564473,0.46988787006959354,1.0221194550039765,0.2509502821874855,0.5272949552189073,8,2,0.8944271909999159,2500,OverICA,iid,False,5
2,5,5001,7,70001,True,190,False,10,0.9754110145031726,0.1663644560612738,0.4036941878763037,0.3151745298128195,0.7462165608666306,1.05924024618421,0.2475503031252905,0.5120878622679013,8,2,0.8944271909999159,2500,OverICA,iid,False,5
2,6,6001,2,20001,True,212,False,10,0.9928013053566759,0.09920292999595404,0.3051461194894215,0.23903217076426816,0.6236909449772143,1.1656049898418135,0.2343394937434707,0.5227768130793395,8,2,0.8944271909999159,2500,OverICA,iid,False,5
2,6,6001,9,90001,True,169,False,10,0.9999870486473779,0.08559515792876482,0.5306846968467799,0.423917862387432,0.8856169505856146,1.2837861045019903,0.19657065042736396,0.5047218625992881,8,2,0.8944271909999159,2500,OverICA,iid,False,5
2,2,2001,25,250001,True,194,False,10,0.9983122397587095,0.36989309219643474,0.42245189692132534,0.31517827509228946,0.6092659163410626,1.053542705152794,0.24087819463171045,0.5130452816517462,8,2,0.8944271909999159,2500,OverICA,iid,False,5
2,5,5001,14,140001,True,206,False,10,0.947438904593053,0.1760636828839779,0.26555076805830613,0.19103374813418594,0.553096438226209,1.0384214522489594,0.24768787043232707,0.5202285985054946,8,2,0.8944271909999159,2500,OverICA,iid,False,5
2,6,6001,8,80001,True,200,False,10,0.991857738194658,0.1026164679788053,0.4636941433409584,0.35364971304127835,0.797440953823819,1.169023975972931,0.21153162172741605,0.5141471763144916,8,2,0.8944271909999159,2500,OverICA,iid,False,5
2,1,1001,22,220001,True,197,False,10,0.9911781603281574,0.47349387407302856,0.41878747307741276,0.33259342623251,0.5593350632150397,1.2624526854804097,0.21350947423406033,0.507846736801655,8,2,0.8944271909999159,2500,OverICA,iid,False,5
2,6,6001,15,150001,True,198,False,10,0.9992851310852704,0.09287219122052193,0.477976876846353,0.36582385185847,0.892233779577496,1.4625423130395505,0.11209311763439651,0.5117359623366041,8,2,0.8944271909999159,2500,OverICA,iid,False,5
2,6,6001,11,110001,True,209,False,10,0.9794777790118621,0.10767208505421877,0.2506650568493655,0.19964490380427477,0.3887294172463533,1.140802972111097,0.21791527981372702,0.5224022682168986,8,2,0.8944271909999159,2500,OverICA,iid,False,5
2,4,4001,17,170001,True,223,False,10,0.9999417301227984,0.2441975842230022,0.18360164143982552,0.11577241507121813,0.46988787006959354,1.0926173116554077,0.25217341599788384,0.5338458508275644,8,2,0.8944271909999159,2500,OverICA,iid,False,5
2,5,5001,3,30001,True,213,False,10,0.9999521432101807,0.21425148705020547,0.2549223517660761,0.1653683871897306,0.6697465565746046,1.1562919441092878,0.09144692539051241,0.5315264788725431,8,2,0.8944271909999159,2500,OverICA,iid,False,5
2,5,5001,22,220001,True,191,False,10,0.9911781603281574,0.16632758639752865,0.4199463126558002,0.3325226542708641,0.5593350632150397,1.2678666100151235,0.21630157397335092,0.5113254900653863,8,2,0.8944271909999159,2500,OverICA,iid,False,5
2,6,6001,18,180001,True,199,False,10,0.9998427436914263,0.09280286123976111,0.4581533337256516,0.4247935046392271,0.7202366038286045,1.0918318368940125,0.22454924177472033,0.5118345081864518,8,2,0.8944271909999159,2500,OverICA,iid,False,5
2,4,4001,22,220001,True,188,False,10,0.9911781603281574,0.2395655526779592,0.4185222049346144,0.33087061765401077,0.5593350632150397,1.2689671367040507,0.21142258552969417,0.508552834784434,8,2,0.8944271909999159,2500,OverICA,iid,False,5
2,1,1001,8,80001,True,198,False,10,0.991857738194658,0.5200521531514823,0.46367649396874205,0.35097562766021134,0.7876526164744123,1.1662690899229433,0.2098128714054129,0.5125273468431066,8,2,0.8944271909999159,2500,OverICA,iid,False,5
2,3,3001,7,70001,True,192,False,10,0.9754110145031726,0.37928167171776295,0.40369159501887963,0.3135532882273664,0.7345138437498001,1.0570302251019459,0.24778104284707683,0.5120041973882887,8,2,0.8944271909999159,2500,OverICA,iid,False,5
2,6,6001,13,130001,True,204,False,10,0.997173695686639,0.11350717674940825,0.40283735289213574,0.3500669741511604,0.7581574015458098,1.0335636269452901,0.16575883329764726,0.5153597533291244,8,2,0.8944271909999159,2500,OverICA,iid,False,5
2,6,6001,10,100001,True,194,False,10,0.9986523161747195,0.13439277280122042,0.379552713195535,0.28269054646862624,0.8300636547849336,1.1384220956014641,0.14889269550761833,0.5152870254035841,8,2,0.8944271909999159,2500,OverICA,iid,False,5
2,3,3001,9,90001,True,176,False,10,0.9999870486473779,0.3929988630115986,0.5224938749872228,0.4204742083892874,0.8856169505856146,1.2217237664943748,0.20023024374813847,0.5089672412335934,8,2,0.8944271909999159,2500,OverICA,iid,False,5
2,4,4001,16,160001,True,195,False,10,0.9965742940658001,0.27693581208586693,0.4663258335403856,0.3655661627535507,0.8115839195566543,1.1125852311738857,0.21713322301317026,0.5104176196212798,8,2,0.8944271909999159,2500,OverICA,iid,False,5
2,6,6001,29,290001,True,222,False,10,0.9886290469099419,0.0962629783898592,0.35903116357783776,0.269014320626476,0.8013519339599776,1.06905353778171,0.2616560194547375,0.5316035644339793,8,2,0.8944271909999159,2500,OverICA,iid,False,5
2,6,6001,7,70001,True,187,False,10,0.9754110145031726,0.15453353198245168,0.40343880236195756,0.3101080506191586,0.7282124779281756,1.0600442063491586,0.24514110086886354,0.5104507710778211,8,2,0.8944271909999159,2500,OverICA,iid,False,5
2,7,7001,2,20001,True,205,False,10,0.9928013053566759,0.08851277781650424,0.3052522088880177,0.23976309816682095,0.6236909449772143,1.1503823103590805,0.240802872428126,0.5215813043040506,8,2,0.8944271909999159,2500,OverICA,iid,False,5
2,7,7001,0,1,True,232,False,10,0.9999689571958852,0.1015606140717864,0.35657590169099423,0.2559894275120156,0.8205182441179257,1.0209550128750944,0.2590222043924353,0.5363287329875739,8,2,0.8944271909999159,2500,OverICA,iid,False,5
2,2,2001,21,210001,True,204,False,10,0.9993315980120375,0.44051152700558305,0.39520059576043326,0.31965545386669925,1.0885977485993275,1.293010773576288,0.13760764899598976,0.5152991667072625,8,2,0.8944271909999159,2500,OverICA,iid,False,5
2,6,6001,3,30001,True,213,False,10,0.9999521432101807,0.17131856409832835,0.2563346156621189,0.1657628773413884,0.6697465565746046,1.1505222811840345,0.09305478099889204,0.5317662322391589,8,2,0.8944271909999159,2500,OverICA,iid,False,5
0,7,7001,26,260001,True,223,False,10,0.9988554242201823,1.668239020742476,0.39715880962878586,0.33046363382163757,0.7681317848628768,1.1061030375709149,0.15657132898214038,0.5412784151814293,8,2,0.8944271909999159,2500,OverICA,iid,False,5
2,0,1,29,290001,True,222,False,10,0.9886290469099419,0.5849705538712442,0.35906651542736173,0.2692678157871885,0.8013519339599776,1.0715381678788247,0.2608176188798742,0.5313285956106581,8,2,0.8944271909999159,2500,OverICA,iid,False,5
2,6,6001,21,210001,True,211,False,10,0.9993315980120375,0.12888939771801233,0.3885255904902629,0.3144791317942688,1.0885977485993275,1.3501734394336973,0.14257007092969678,0.5166189411570145,8,2,0.8944271909999159,2500,OverICA,iid,False,5
1,7,7001,18,180001,True,197,False,10,0.9998427436914263,0.8591080252081156,0.3759760260122922,0.3244663769464119,0.569515804832115,1.1105622745342125,0.18795236443654426,0.5242958735881722,8,2,0.8944271909999159,2500,OverICA,iid,False,5
2,7,7001,9,90001,True,177,False,10,0.9999870486473779,0.09989860514178872,0.5224712384077445,0.42064634212844865,0.8856169505856146,1.230826233295227,0.194659522441065,0.5032480436095016,8,2,0.8944271909999159,2500,OverICA,iid,False,5
2,1,1001,0,1,True,227,False,10,0.9999689571958852,0.5978165911510587,0.35656997737873763,0.2556668603068707,0.8205182441179257,1.0153898539185127,0.26342088332460406,0.5381148694574714,8,2,0.8944271909999159,2500,OverICA,iid,False,5
2,5,5001,17,170001,True,219,False,10,0.9999417301227984,0.23943864507600665,0.181842630641735,0.11409517936726704,0.46988787006959354,1.019574326243073,0.25305860710073175,0.5308291012690247,8,2,0.8944271909999159,2500,OverICA,iid,False,5
2,6,6001,25,250001,True,180,False,10,0.9983122397587095,0.13845784589648247,0.422144552711135,0.3163231523183553,0.6237557158338248,1.0519699822086632,0.2383722861487214,0.5172123408668977,8,2,0.8944271909999159,2500,OverICA,iid,False,5
2,2,2001,20,200001,True,213,False,10,0.9469648565751755,0.4744092975743115,0.1805301160655255,0.13804923172521044,0.3870736257551045,1.0719433811378911,0.1746949155810823,0.5267492005060797,8,2,0.8944271909999159,2500,OverICA,iid,False,5
2,6,6001,4,40001,True,198,False,10,0.9976324277964014,0.19905313523486257,0.3861749772785645,0.29450214313121403,0.8038136184555277,1.1185320330623463,0.2405675800213706,0.5187806880100551,8,2,0.8944271909999159,2500,OverICA,iid,False,5
2,6,6001,14,140001,True,207,False,10,0.947438904593053,0.16390809183940291,0.2655903748107231,0.19206196301878523,0.553096438226209,1.0433817847535334,0.24549870390669504,0.5227374099927643,8,2,0.8944271909999159,2500,OverICA,iid,False,5
2,7,7001,3,30001,True,213,False,10,0.9999521432101807,0.12839091196656227,0.2545364550141843,0.166836037346009,0.6697465565746046,1.1441103389742944,0.09302607573739148,0.5322377309542026,8,2,0.8944271909999159,2500,OverICA,iid,False,5
2,7,7001,1,10001,True,204,False,10,0.9616997664995592,0.1314248712733388,0.2529783771199045,0.18786421244649626,0.4768947746410589,1.0307350111175895,0.2478914462419984,0.5249253035551141,8,2,0.8944271909999159,2500,OverICA,iid,False,5
2,0,1,9,90001,True,172,False,10,0.9999870486473779,0.6738111712038517,0.5309554438290796,0.4277220662877827,0.8856169505856146,1.2917572789259237,0.20052227134697828,0.509798319391204,8,2,0.8944271909999159,2500,OverICA,iid,False,5
2,7,7001,6,60001,True,206,False,10,0.9972620216762228,0.123691292013973,0.33119487289754906,0.2701785421392462,0.5676149585844711,1.161687937191415,0.15473019198104354,0.5184328141377156,8,2,0.8944271909999159,2500,OverICA,iid,False,5
2,1,1001,10,100001,True,189,False,10,0.9986523161747195,0.5930270720273256,0.38028621453967054,0.28654749371704685,0.8300636547849336,1.1419438530736732,0.14898297295935012,0.5122453801044691,8,2,0.8944271909999159,2500,OverICA,iid,False,5
2,7,7001,5,50001,True,208,False,10,0.99643378553034,0.1331492206081748,0.26642621514970755,0.2010350601921673,0.5666515632238128,1.0145248530160635,0.25339045902361007,0.5257672489422376,8,2,0.8944271909999159,2500,OverICA,iid,False,5
2,4,4001,4,40001,True,204,False,10,0.9976324277964014,0.38284756895154715,0.3863917260294724,0.29300537397718907,0.8038136184555277,1.1246538168601221,0.23856379637990877,0.5233123334912452,8,2,0.8944271909999159,2500,OverICA,iid,False,5
2,7,7001,8,80001,True,196,False,10,0.991857738194658,0.1353260767646134,0.41813285924634863,0.3471503515334588,0.7762098810341342,1.2609268126706046,0.2130124725242469,0.5132215915064644,8,2,0.8944271909999159,2500,OverICA,iid,False,5
2,7,7001,20,200001,True,219,False,10,0.9469648565751755,0.09123116079717875,0.18201326877633964,0.1425828088387599,0.3870736257551045,1.0760798415579473,0.17229812077183768,0.525808673951859,8,2,0.8944271909999159,2500,OverICA,iid,False,5
2,7,7001,16,160001,True,193,False,10,0.9965742940658001,0.10570525703951716,0.4664146988634238,0.3689937332072729,0.8115839195566543,1.1145464523217994,0.21559864223746392,0.5136026603798844,8,2,0.8944271909999159,2500,OverICA,iid,False,5
2,7,7001,4,40001,True,208,False,10,0.9976324277964014,0.14528142241761088,0.3837052974151851,0.28669914819601594,0.8038136184555277,1.0554211587742515,0.2302563669965326,0.518164523622814,8,2,0.8944271909999159,2500,OverICA,iid,False,5
2,6,6001,27,270001,True,191,False,10,0.9999254568550177,0.1649135760962963,0.48724199588541395,0.38381307941184317,0.9862980234434047,1.1215725806558101,0.20691376960810515,0.5096736645101096,8,2,0.8944271909999159,2500,OverICA,iid,False,5
2,7,7001,11,110001,True,205,False,10,0.9794777790118621,0.13647199887782335,0.26815266174176655,0.20207129575854085,0.39007240344432215,1.0724500054165007,0.21632898603952713,0.5199970870186151,8,2,0.8944271909999159,2500,OverICA,iid,False,5
2,5,5001,29,290001,True,218,False,10,0.9886290469099419,0.24113441398367286,0.36313317388765676,0.2728562421312997,0.8013519339599776,1.0116754411355229,0.2536917036119314,0.5238735421978743,8,2,0.8944271909999159,2500,OverICA,iid,False,5
2,7,7001,10,100001,True,194,False,10,0.9986523161747195,0.14200547290965915,0.37974237739372974,0.2851104531513794,0.8300636547849336,1.1381959101285102,0.14994277346484414,0.5180762741086968,8,2,0.8944271909999159,2500,OverICA,iid,False,5
2,6,6001,28,280001,True,201,False,10,0.9537230138052385,0.1698531941510737,0.3014387457463867,0.234656519850873,0.6568921147875266,1.0524465637383096,0.234813411271637,0.5235108306795229,8,2,0.8944271909999159,2500,OverICA,iid,False,5
2,0,1,17,170001,True,227,False,10,0.9999417301227984,0.6810153238475323,0.18151871322748644,0.11271668591503037,0.46988787006959354,1.025107989317856,0.24884224602534263,0.52421245248224,8,2,0.8944271909999159,2500,OverICA,iid,False,5
1,7,7001,10,100001,True,199,False,10,0.9986523161747195,0.9463251219131052,0.3835643281316927,0.30873415095610823,0.8804733566451324,1.1265211619908848,0.12437519384098986,0.5193442035474971,8,2,0.8944271909999159,2500,OverICA,iid,False,5
2,2,2001,11,110001,True,206,False,10,0.9794777790118621,0.5324621531181037,0.24992960969036776,0.2013970702268736,0.3887294172463533,1.148702196085252,0.21165951374976358,0.5226197433093485,8,2,0.8944271909999159,2500,OverICA,iid,False,5
2,6,6001,5,50001,True,211,False,10,0.99643378553034,0.24120233301073313,0.2663554944837064,0.2005790370414938,0.5666515632238128,1.0111881194087322,0.25681694959984225,0.5267951139560808,8,2,0.8944271909999159,2500,OverICA,iid,False,5
1,8,8001,2,20001,True,208,False,10,0.999911915422867,0.8923125597648323,0.3024585500308433,0.24710623759892003,0.5635294467326046,1.1324528933597384,0.16884695516293155,0.5318058707560074,8,2,0.8944271909999159,2500,OverICA,iid,False,5
2,0,1,5,50001,True,216,False,10,0.99643378553034,0.7314677182585001,0.2664557641970674,0.2014467000471324,0.5666515632238128,1.0217722742787048,0.2522651727207262,0.527917041205198,8,2,0.8944271909999159,2500,OverICA,iid,False,5
2,8,8001,3,30001,True,209,False,10,0.9999521432101807,0.08800628175958991,0.2550450480695151,0.16417062644248975,0.6697465565746046,1.1525201266560277,0.09306603408755666,0.5349628412892805,8,2,0.8944271909999159,2500,OverICA,iid,False,5
2,8,8001,1,10001,True,206,False,10,0.9616997664995592,0.09189046686515212,0.25305678852329383,0.18951296544775886,0.4768947746410589,1.0327224213619004,0.24403707564005642,0.5258553192176404,8,2,0.8944271909999159,2500,OverICA,iid,False,5
2,7,7001,27,270001,True,178,False,10,0.9999254568550177,0.1179645792581141,0.4871772724611218,0.382032887994333,0.9862980234434047,1.1153584774735328,0.20974072583432646,0.5133942121555533,8,2,0.8944271909999159,2500,OverICA,iid,False,5
2,7,7001,17,170001,True,215,False,10,0.9999417301227984,0.14176810486242175,0.18380863192556637,0.11731551384904225,0.46988787006959354,1.0917503658374523,0.2512971946990569,0.5275527421070514,8,2,0.8944271909999159,2500,OverICA,iid,False,5
2,6,6001,17,170001,True,221,False,10,0.9999417301227984,0.2273506917990744,0.1819163675443691,0.1151698150238087,0.46988787006959354,1.021354983034729,0.25280849141095724,0.5255470143800509,8,2,0.8944271909999159,2500,OverICA,iid,False,5
2,7,7001,13,130001,True,213,False,10,0.997173695686639,0.16599705815315247,0.40258258354921955,0.34752586813407194,0.7581574015458098,1.0353006120091461,0.16408006261831937,0.5174503338840206,8,2,0.8944271909999159,2500,OverICA,iid,False,5
2,5,5001,20,200001,True,220,False,10,0.9469648565751755,0.3084244793280959,0.18032618345200585,0.13758891992712524,0.3870736257551045,1.071276332803363,0.1744388131445167,0.5216253601702572,8,2,0.8944271909999159,2500,OverICA,iid,False,5
2,6,6001,23,230001,True,169,False,10,0.9989003968439116,0.22209562687203288,0.5188369234834823,0.4470578187493718,0.7849501783618953,1.049738847948293,0.24387186526786986,0.5017368117965377,8,2,0.8944271909999159,2500,OverICA,iid,False,5
2,3,3001,13,130001,True,201,False,10,0.997173695686639,0.49331475514918566,0.40254284932216683,0.3466896633510408,0.7581574015458098,1.0293451811830043,0.17049234741146405,0.5167546189414098,8,2,0.8944271909999159,2500,OverICA,iid,False,5
2,5,5001,24,240001,True,201,False,10,0.9756608042233618,0.3003387707285583,0.4090323268095943,0.31775087711492533,0.8486054292798584,1.1047128203464127,0.13905680620024805,0.5126664062394232,8,2,0.8944271909999159,2500,OverICA,iid,False,5
2,8,8001,11,110001,True,209,False,10,0.9794777790118621,0.09050093591213226,0.2502146081602856,0.19984520620102558,0.3887294172463533,1.149319073239054,0.2128397481527006,0.5200317401654023,8,2,0.8944271909999159,2500,OverICA,iid,False,5
2,7,7001,19,190001,True,187,False,10,0.9810312368856301,0.1568950372748077,0.40802164389307005,0.328830091435185,0.6893464832839772,1.1776463820029408,0.2078640306712799,0.5181721723271143,8,2,0.8944271909999159,2500,OverICA,iid,False,5
2,4,4001,25,250001,True,186,False,10,0.9983122397587095,0.39179132087156177,0.4219105424597873,0.32139540059552163,0.6449727199108264,1.0544812895812872,0.23897506388928558,0.5202289285158204,8,2,0.8944271909999159,2500,OverICA,iid,False,5
2,7,7001,7,70001,True,191,False,10,0.9754110145031726,0.20514263585209846,0.4037624803673747,0.3137036107482249,0.7320878388656161,1.049964948867052,0.25278139056471577,0.5148561613507292,8,2,0.8944271909999159,2500,OverICA,iid,False,5
2,2,2001,6,60001,True,204,False,10,0.9972620216762228,0.6005659839138389,0.3363747845713904,0.2729614913582637,0.592027812785102,1.1556108647933887,0.15621844890266215,0.5242859308888572,8,2,0.8944271909999159,2500,OverICA,iid,False,5
2,8,8001,19,190001,True,192,False,10,0.9810312368856301,0.09429796226322651,0.40865325798062696,0.33328772155048647,0.6893464832839772,1.1742746781992646,0.21289035498536238,0.5171097795250816,8,2,0.8944271909999159,2500,OverICA,iid,False,5
2,8,8001,9,90001,True,176,False,10,0.9999870486473779,0.12884435802698135,0.5227368353437405,0.42430616698950635,0.8856169505856146,1.2228971706188105,0.19735440487359768,0.507407018016778,8,2,0.8944271909999159,2500,OverICA,iid,False,5
2,5,5001,26,260001,True,224,False,10,0.9988554242201823,0.3251155219040811,0.2599398953038293,0.206639781247179,0.5492879508286921,1.0595494723117638,0.23684392158187206,0.5299468972495736,8,2,0.8944271909999159,2500,OverICA,iid,False,5
2,7,7001,12,120001,True,213,False,10,0.9996315059850447,0.20653237728402019,0.21173264107032805,0.16542723272140394,0.35429047922857243,1.08264450943655,0.185015522512432,0.5294040487867098,8,2,0.8944271909999159,2500,OverICA,iid,False,5
2,8,8001,27,270001,True,185,False,10,0.9999254568550177,0.08634312311187387,0.48720660995973836,0.38273492859338337,0.9862980234434047,1.121425499619896,0.2071754690734465,0.5102020860282168,8,2,0.8944271909999159,2500,OverICA,iid,False,5
1,9,9001,9,90001,True,195,False,10,0.9999870486473779,0.8480365960858762,0.4032683289414351,0.2959595365823142,0.8856169505856146,1.077198323195037,0.2025979679363244,0.5273697895930989,8,2,0.8944271909999159,2500,OverICA,iid,False,5
2,8,8001,2,20001,True,198,False,10,0.9928013053566759,0.14550503063946962,0.31111484132312694,0.24144918850464403,0.6236909449772143,1.1533128600821159,0.24050778536121623,0.520215250856264,8,2,0.8944271909999159,2500,OverICA,iid,False,5
2,5,5001,21,210001,True,202,False,10,0.9993315980120375,0.34927161457017064,0.3949114554107959,0.3141752913065826,1.0885977485993275,1.282068731947069,0.13554366975304602,0.5188546669778692,8,2,0.8944271909999159,2500,OverICA,iid,False,5
2,4,4001,28,280001,True,200,False,10,0.9537230138052385,0.41473112301900983,0.30151592762690566,0.2316753645442408,0.6568921147875266,1.0428307725062693,0.2428203058143227,0.5159232865776284,8,2,0.8944271909999159,2500,OverICA,iid,False,5
1,9,9001,5,50001,True,222,False,10,0.99643378553034,0.8621420250274241,0.3174466057846706,0.2564984649877887,0.5666515632238128,1.0653636782535327,0.19218932230843425,0.5355250913836388,8,2,0.8944271909999159,2500,OverICA,iid,False,5
2,4,4001,24,240001,True,193,False,10,0.9756608042233618,0.42156111914664507,0.4098471250566987,0.320838288862845,0.8486054292798584,1.1146737304428396,0.13294836306345914,0.5119093303609766,8,2,0.8944271909999159,2500,OverICA,iid,False,5
2,8,8001,29,290001,True,224,False,10,0.9886290469099419,0.09340668702498078,0.3631157564837154,0.2726177181524357,0.8013519339599776,1.0166975267337104,0.2504017275057761,0.5255800475389547,8,2,0.8944271909999159,2500,OverICA,iid,False,5
2,6,6001,26,260001,True,221,False,10,0.9988554242201823,0.2690288941375911,0.2597757201841975,0.20528446338893203,0.5492879508286921,1.0556943295019647,0.2386253958694653,0.532319947731066,8,2,0.8944271909999159,2500,OverICA,iid,False,5
2,8,8001,26,260001,True,221,False,10,0.9988554242201823,0.1017578630708158,0.2596988900893736,0.20396207926096652,0.5492879508286921,1.0643384580673312,0.23276891606017233,0.5331450021130185,8,2,0.8944271909999159,2500,OverICA,iid,False,5
2,7,7001,28,280001,True,210,False,10,0.9537230138052385,0.1733312914147973,0.30201770311123577,0.23557832125336708,0.6568921147875266,1.0474116233844815,0.24131455042625682,0.518137330241064,8,2,0.8944271909999159,2500,OverICA,iid,False,5
2,6,6001,16,160001,True,182,False,10,0.9965742940658001,0.3009138982743025,0.466350404324535,0.3673460856814757,0.8115839195566543,1.1143985016990967,0.21646647709349573,0.5132503575037402,8,2,0.8944271909999159,2500,OverICA,iid,False,5
2,7,7001,21,210001,True,210,False,10,0.9993315980120375,0.20371429482474923,0.3950142480848842,0.31643225228614086,1.0885977485993275,1.291915927352495,0.1351058268078197,0.5145681345736848,8,2,0.8944271909999159,2500,OverICA,iid,False,5
2,8,8001,14,140001,True,204,False,10,0.947438904593053,0.14140438800677657,0.26563110684711233,0.1927560266101957,0.553096438226209,1.039791723850786,0.24688048334065338,0.5255813942839774,8,2,0.8944271909999159,2500,OverICA,iid,False,5
2,9,9001,10,100001,True,194,False,10,0.9986523161747195,0.08646760229021311,0.3795604725085197,0.2837881994867622,0.8300636547849336,1.1384129022889258,0.14723539305208042,0.5125606830483818,8,2,0.8944271909999159,2500,OverICA,iid,False,5
2,9,9001,8,80001,True,196,False,10,0.991857738194658,0.09264689218252897,0.4639905990929743,0.3513281353295198,0.7993345155516458,1.1671360220684779,0.21325289263421288,0.5148302336734563,8,2,0.8944271909999159,2500,OverICA,iid,False,5
2,9,9001,11,110001,True,202,False,10,0.9794777790118621,0.09092342294752598,0.2484976872835894,0.19691679727271333,0.3887294172463533,1.1514118231820423,0.2109350292056861,0.5232696845406359,8,2,0.8944271909999159,2500,OverICA,iid,False,5
2,8,8001,5,50001,True,213,False,10,0.99643378553034,0.1823832830414176,0.26640404575721605,0.20113093828086145,0.5666515632238128,1.0230534891188503,0.2489940184585595,0.5260944395568818,8,2,0.8944271909999159,2500,OverICA,iid,False,5
2,4,4001,11,110001,True,205,False,10,0.9794777790118621,0.49931251583620906,0.24856779300284812,0.19746521383180768,0.3887294172463533,1.142055681165911,0.2166818826560685,0.5240786340322275,8,2,0.8944271909999159,2500,OverICA,iid,False,5
2,5,5001,25,250001,True,175,False,10,0.9983122397587095,0.3722500465810299,0.42201936993139333,0.3172846596896558,0.6310931767902652,1.0504967722660619,0.24251808603276617,0.5148543742597483,8,2,0.8944271909999159,2500,OverICA,iid,False,5
2,9,9001,16,160001,True,188,False,10,0.9965742940658001,0.08740056492388248,0.46644886089201043,0.36976581650756457,0.8115839195566543,1.113997610081954,0.21454913091592864,0.5098098167614422,8,2,0.8944271909999159,2500,OverICA,iid,False,5
2,9,9001,1,10001,True,202,False,10,0.9616997664995592,0.1294301049783826,0.25299401495899054,0.18845681080658871,0.4768947746410589,1.0361676559282766,0.24315923564947406,0.5243137038296607,8,2,0.8944271909999159,2500,OverICA,iid,False,5
2,8,8001,23,230001,True,167,False,10,0.9989003968439116,0.14880092907696962,0.5190406597462822,0.4485576037998126,0.7849501783618953,1.051756252463292,0.24089151673854292,0.5038197689924558,8,2,0.8944271909999159,2500,OverICA,iid,False,5
2,7,7001,18,180001,True,193,False,10,0.9998427436914263,0.24479980999603868,0.45794106601219037,0.42070740394168926,0.7202366038286045,1.0875680547319493,0.23218251407827264,0.5097954377566348,8,2,0.8944271909999159,2500,OverICA,iid,False,5
2,6,6001,0,1,True,230,False,10,0.9999689571958852,0.3825424201786518,0.3567070747548805,0.2587962974660529,0.8205182441179257,1.014461022607098,0.26332774318829105,0.5357344870871029,8,2,0.8944271909999159,2500,OverICA,iid,False,5
2,8,8001,25,250001,True,188,False,10,0.9983122397587095,0.15541230700910091,0.4219082475547305,0.31823486896492703,0.6385350856080071,1.053346808694466,0.23631649456801698,0.5142723076156415,8,2,0.8944271909999159,2500,OverICA,iid,False,5
2,8,8001,28,280001,True,203,False,10,0.9537230138052385,0.14985755272209644,0.30120322400887084,0.231741139622625,0.6568921147875266,1.0443344033114432,0.24059044565258203,0.5182950045460762,8,2,0.8944271909999159,2500,OverICA,iid,False,5
1,8,8001,27,270001,True,198,False,10,0.9999254568550177,0.9404065101407468,0.42947408311672347,0.35139810131764265,0.9862980234434047,1.074763742554486,0.18984054188058413,0.5230266061163058,8,2,0.8944271909999159,2500,OverICA,iid,False,5
2,9,9001,13,130001,True,206,False,10,0.997173695686639,0.12274491833522916,0.40293797364294553,0.3504953592736311,0.7581574015458098,1.0325287560405907,0.166090059449263,0.5170550058891465,8,2,0.8944271909999159,2500,OverICA,iid,False,5
2,5,5001,12,120001,True,208,False,10,0.9996315059850447,0.45422694785520434,0.2150306380713878,0.16887675648299524,0.35429047922857243,1.087860384535947,0.18302899185254776,0.5315975509463109,8,2,0.8944271909999159,2500,OverICA,iid,False,5
2,8,8001,20,200001,True,217,False,10,0.9469648565751755,0.18588260002434254,0.18088033248653612,0.13884434809245638,0.3870736257551045,1.0744652652553583,0.17065431091930083,0.5246615830222001,8,2,0.8944271909999159,2500,OverICA,iid,False,5
1,2,2001,14,140001,True,215,False,10,0.9821231270741202,1.4867487028241158,0.22373815604135802,0.17906029946287744,0.358486353286942,1.065366927519269,0.19293607950568695,0.5373768555031608,8,2,0.8944271909999159,2500,OverICA,iid,False,5
2,9,9001,15,150001,True,198,False,10,0.9992851310852704,0.13336963905021548,0.4782798620814806,0.3696676508222298,0.892233779577496,1.4765353321451447,0.11195621072646766,0.5070809121471015,8,2,0.8944271909999159,2500,OverICA,iid,False,5
2,5,5001,23,230001,True,181,False,10,0.9989003968439116,0.4282289263792336,0.5190886764790434,0.44899161626872064,0.7849501783618953,1.0511618695473273,0.2460283659805972,0.5034617782428898,8,2,0.8944271909999159,2500,OverICA,iid,False,5
1,9,9001,2,20001,True,214,False,10,0.999911915422867,0.9512695898301899,0.3024570833270465,0.24667163931829744,0.5635294467326046,1.1371522767932967,0.1675601124450858,0.5362885803977416,8,2,0.8944271909999159,2500,OverICA,iid,False,5
2,9,9001,29,290001,True,221,False,10,0.9886290469099419,0.09014142770320177,0.36310151124360224,0.27212684774968976,0.8013519339599776,1.0150654971596138,0.25301781568110654,0.5309892819386896,8,2,0.8944271909999159,2500,OverICA,iid,False,5
2,3,3001,8,80001,True,193,False,10,0.991857738194658,0.6406118650920689,0.4633518139732976,0.3519663163571345,0.7776691596081515,1.1630066802578491,0.21501140247096248,0.5176371411584185,8,2,0.8944271909999159,2500,OverICA,iid,False,5
2,9,9001,17,170001,True,227,False,10,0.9999417301227984,0.1356174936518073,0.18290049521935745,0.11794150617941371,0.46988787006959354,1.0197700707651751,0.25253154299771224,0.5298146936959958,8,2,0.8944271909999159,2500,OverICA,iid,False,5
3,0,1,5,50001,True,182,False,10,0.99643378553034,0.08796788193285465,0.21781968352570405,0.14507287143375813,0.5666515632238128,0.9654767315677935,0.33353930653137365,0.517633805550348,8,2,0.8944271909999159,2500,OverICA,iid,False,5
1,8,8001,11,110001,True,211,False,10,0.9794777790118621,1.0289280586875975,0.27334175785155584,0.2411025606367133,0.5322588536050029,1.1513317280124546,0.18244937543822187,0.5333013722331998,8,2,0.8944271909999159,2500,OverICA,iid,False,5
2,4,4001,1,10001,True,208,False,10,0.9616997664995592,0.5932716000825167,0.252985308836659,0.1877621846298278,0.4768947746410589,1.1098499397782149,0.14883700862316387,0.5225854074530384,8,2,0.8944271909999159,2500,OverICA,iid,False,5
3,0,1,13,130001,True,173,False,10,0.9661074327610626,0.07447373028844595,0.3215834066430274,0.2607274273155982,0.6829558503603121,1.0355801390744872,0.2043255789479746,0.5084925241133559,8,2,0.8944271909999159,2500,OverICA,iid,False,5
3,0,1,8,80001,True,168,False,10,0.9522616095427329,0.09336577728390694,0.35767949929321685,0.24805395723446405,0.7836353203215924,1.2312566929657511,0.25285581530798196,0.508166322616238,8,2,0.8944271909999159,2500,OverICA,iid,False,5
3,0,1,1,10001,True,174,False,10,0.9616997664995592,0.10655197175219655,0.24146369952091432,0.18338277431319097,0.4769034124761421,1.1390372258435142,0.16919722747074348,0.5120496911004814,8,2,0.8944271909999159,2500,OverICA,iid,False,5
3,0,1,2,20001,True,185,False,10,0.971529244842938,0.10644902288913727,0.27376974368657225,0.1943323356527501,0.6236909449772143,1.1455879647728033,0.2872569135384758,0.5140633224382279,8,2,0.8944271909999159,2500,OverICA,iid,False,5
2,9,9001,12,120001,True,208,False,10,0.9996315059850447,0.16157923685386777,0.21451827463956652,0.1685881755103352,0.35429047922857243,1.0819128633804944,0.18693461668809552,0.5307411398693004,8,2,0.8944271909999159,2500,OverICA,iid,False,5
3,0,1,7,70001,True,169,False,10,0.9542806331782764,0.09660262707620859,0.21615181561327165,0.1585231676341449,0.4506723085578529,1.0047956558906947,0.3198005324920173,0.5131168889911685,8,2,0.8944271909999159,2500,OverICA,iid,False,5
3,0,1,0,1,True,191,False,10,0.9907824984493582,0.11252924334257841,0.34589359529449537,0.24143457109628574,0.8205182441179257,1.0543392153769446,0.3323156299659815,0.5231982579993976,8,2,0.8944271909999159,2500,OverICA,iid,False,5
2,9,9001,19,190001,True,191,False,10,0.9810312368856301,0.14887119876220822,0.4082516110785662,0.33152516878907856,0.6893464832839772,1.1749558590991174,0.2154529773826562,0.5127286058747416,8,2,0.8944271909999159,2500,OverICA,iid,False,5
2,9,9001,22,220001,True,187,False,10,0.9911781603281574,0.13124553300440311,0.41821436549922436,0.3334375609312752,0.5593350632150397,1.253100428099368,0.21638021705688945,0.5132008592630983,8,2,0.8944271909999159,2500,OverICA,iid,False,5
2,9,9001,2,20001,True,202,False,10,0.9928013053566759,0.19732215628027916,0.30538217648240085,0.2412209102687134,0.6236909449772143,1.1535158850515783,0.24306442967472233,0.5251842797039622,8,2,0.8944271909999159,2500,OverICA,iid,False,5
2,9,9001,27,270001,True,184,False,10,0.9999254568550177,0.12411794904619455,0.48718746515441547,0.3826079341789188,0.9862980234434047,1.127855744437748,0.20238750477217948,0.5123019314683889,8,2,0.8944271909999159,2500,OverICA,iid,False,5
3,0,1,15,150001,True,183,False,10,0.9992851310852704,0.08293851371854544,0.3833187237383709,0.2597979883472713,0.5800827032172595,1.4889873498034096,0.1611963454174939,0.5046814201141098,8,2,0.8944271909999159,2500,OverICA,iid,False,5
2,6,6001,19,190001,True,192,False,10,0.9810312368856301,0.4005008148960769,0.40877497825623993,0.33253137532943916,0.6893464832839772,1.1766329313085164,0.211284397212413,0.5155328775676448,8,2,0.8944271909999159,2500,OverICA,iid,False,5
2,7,7001,24,240001,True,192,False,10,0.9756608042233618,0.3018108420073986,0.4107346850755552,0.32496445521492745,0.8486054292798584,1.10646053633526,0.13775537239799798,0.5133691800347995,8,2,0.8944271909999159,2500,OverICA,iid,False,5
2,3,3001,11,110001,True,204,False,10,0.9794777790118621,0.6687880330719054,0.24972026480567414,0.19799359665869715,0.3887294172463533,1.142490819612738,0.21801343314045898,0.5211147932152519,8,2,0.8944271909999159,2500,OverICA,iid,False,5
2,5,5001,2,20001,True,200,False,10,0.9928013053566759,0.5280260611325502,0.3053265283603034,0.23971528344692405,0.6236909449772143,1.1600665315707253,0.2392969169931222,0.5243552785658597,8,2,0.8944271909999159,2500,OverICA,iid,False,5
3,0,1,20,200001,True,176,False,10,0.8851029740946011,0.08482604240998626,0.15679609463595512,0.12685768750210036,0.30040756707616717,1.1808046861298112,0.125213624656348,0.5113873292080854,8,2,0.8944271909999159,2500,OverICA,iid,False,5
3,0,1,19,190001,True,169,False,10,0.9810312368856301,0.08260948723182082,0.31640290536547355,0.23628846654108443,0.6358985461333625,1.0306508303170427,0.27958166277229834,0.5115358692901658,8,2,0.8944271909999159,2500,OverICA,iid,False,5
2,1,1001,24,240001,True,200,False,10,0.9756608042233618,0.7964119790121913,0.4096060810165866,0.32023671231541473,0.8486054292798584,1.108657552216073,0.1386111942476353,0.5128896798700915,8,2,0.8944271909999159,2500,OverICA,iid,False,5
2,9,9001,25,250001,True,188,False,10,0.9983122397587095,0.14710878068581223,0.42210826077919295,0.3167686175529748,0.6259236361741343,1.054473484484438,0.23845669166456754,0.5143056073976627,8,2,0.8944271909999159,2500,OverICA,iid,False,5
3,0,1,4,40001,True,174,False,10,0.9976324277964014,0.1334445378743112,0.35666977131912814,0.23423663275679613,0.4348784838582293,1.2424051300122065,0.2525762539813619,0.5128689730943251,8,2,0.8944271909999159,2500,OverICA,iid,False,5
2,1,1001,11,110001,True,209,False,10,0.9794777790118621,0.8344830139540136,0.24792954089698446,0.19560929023692625,0.3887294172463533,1.14769404294791,0.21587381092952826,0.5218659010655755,8,2,0.8944271909999159,2500,OverICA,iid,False,5
2,9,9001,24,240001,True,192,False,10,0.9756608042233618,0.16058523394167423,0.4106377609778126,0.32223785895455404,0.8486054292798584,1.111969534507421,0.1361519640047876,0.5129091876109254,8,2,0.8944271909999159,2500,OverICA,iid,False,5
2,8,8001,24,240001,True,184,False,10,0.9756608042233618,0.24927886109799147,0.41018649222200665,0.3223528361648533,0.8486054292798584,1.1159851501295333,0.1326476900943845,0.5116676901329893,8,2,0.8944271909999159,2500,OverICA,iid,False,5
3,0,1,21,210001,True,175,False,10,0.9993315980120375,0.10011345334351063,0.36621511381940114,0.337217048064564,0.7191139735170097,1.3303385947899076,0.1663319385496923,0.50620726778918,8,2,0.8944271909999159,2500,OverICA,iid,False,5
2,9,9001,20,200001,True,222,False,10,0.9469648565751755,0.19182661082595587,0.18053791360269855,0.1385957390314259,0.3870736257551045,1.0686638299556817,0.17659597269282667,0.5235523002998013,8,2,0.8944271909999159,2500,OverICA,iid,False,5
3,0,1,14,140001,True,184,False,10,0.947438904593053,0.12631458370015025,0.25721816690200905,0.20645600299130562,0.5174428631600861,1.0758833437978232,0.210624660501923,0.5153170784053489,8,2,0.8944271909999159,2500,OverICA,iid,False,5
2,9,9001,26,260001,True,218,False,10,0.9988554242201823,0.17519258987158537,0.26029573356414404,0.20993204275643573,0.5492879508286921,1.0568237285920228,0.23690835398420496,0.5269320176285409,8,2,0.8944271909999159,2500,OverICA,iid,False,5
2,9,9001,0,1,True,232,False,10,0.9999689571958852,0.2546997261233628,0.35673934482245045,0.25891371213685277,0.8205182441179257,1.0218770909995853,0.2587667913168904,0.53910289526637,8,2,0.8944271909999159,2500,OverICA,iid,False,5
1,9,9001,14,140001,True,217,False,10,0.9821231270741202,1.0117922290228307,0.2241740508379127,0.18309767048665732,0.358486353286942,1.0611974547967757,0.19360824065725263,0.5358873445446206,8,2,0.8944271909999159,2500,OverICA,iid,False,5
3,0,1,27,270001,True,161,False,10,0.9637177411434601,0.09790440835058689,0.38674618685363954,0.25554201773786,0.6146794408187655,1.0916850068983543,0.257605844322533,0.4997781461920893,8,2,0.8944271909999159,2500,OverICA,iid,False,5
3,1,1001,10,100001,True,167,False,10,0.9931766105792638,0.07379031414166093,0.3593503997854756,0.23793949451555818,0.5130914475581352,1.2378131306696392,0.10084718201227909,0.4999139223543816,8,2,0.8944271909999159,2500,OverICA,iid,False,5
3,1,1001,7,70001,True,171,False,10,0.9542806331782764,0.08845385909080505,0.21561653332062064,0.15278933495343305,0.4506723085578529,1.0086664604015778,0.31667993538843353,0.5121844900045113,8,2,0.8944271909999159,2500,OverICA,iid,False,5
2,4,4001,2,20001,True,194,False,10,0.9928013053566759,0.6790631259791553,0.30515313336304206,0.23824530801614086,0.6236909449772143,1.156841534378013,0.24167494236791398,0.5208654305834439,8,2,0.8944271909999159,2500,OverICA,iid,False,5
3,0,1,26,260001,True,189,False,10,0.9972085447311474,0.1252593407407403,0.257541387193854,0.185264205120228,0.5492879508286921,1.031080491505637,0.29278158397729437,0.5203754381080491,8,2,0.8944271909999159,2500,OverICA,iid,False,5
3,0,1,22,220001,True,166,False,10,0.9680710689134889,0.1339035858400166,0.3509257281687582,0.2468770134142442,0.5329062571165144,1.272602391051581,0.2812713294281292,0.4992099795433387,8,2,0.8944271909999159,2500,OverICA,iid,False,5
3,0,1,9,90001,True,142,False,10,0.9999870486473779,0.17813738994300365,0.42741221292644893,0.3109812014573839,0.8856255884206979,1.1972284771858988,0.13132332536173863,0.48960440150012147,8,2,0.8944271909999159,2500,OverICA,iid,False,5
2,9,9001,3,30001,True,212,False,10,0.9999521432101807,0.27049235394224524,0.25279099470113087,0.1638720408155286,0.6697465565746046,1.1473350598187666,0.0917667813412623,0.5297923733647429,8,2,0.8944271909999159,2500,OverICA,iid,False,5
3,0,1,11,110001,True,173,False,10,0.9794777790118621,0.17240909719839692,0.3647541478580657,0.26721236204054166,0.5545712448541699,1.4132965656171104,0.14308150377061296,0.5084804170241487,8,2,0.8944271909999159,2500,OverICA,iid,False,5
2,3,3001,22,220001,True,195,False,10,0.9911781603281574,0.7068444169126451,0.4195835900112445,0.3357623367257091,0.5593350632150397,1.2596349167149044,0.216602584297972,0.51049922217942,8,2,0.8944271909999159,2500,OverICA,iid,False,5
3,1,1001,1,10001,True,182,False,10,0.9616997664995592,0.1114052808843553,0.2402053915129454,0.18018871248900925,0.4769034124761421,1.140775175181958,0.16983841245643827,0.5131140700841695,8,2,0.8944271909999159,2500,OverICA,iid,False,5
2,9,9001,9,90001,True,175,False,10,0.9999870486473779,0.25861766980960965,0.5307123766767354,0.4247467109610228,0.8856169505856146,1.2963800465845,0.19478032870833473,0.5069711988146696,8,2,0.8944271909999159,2500,OverICA,iid,False,5
2,1,1001,18,180001,True,186,False,10,0.9998427436914263,0.8703347919508815,0.4579151376931434,0.42238294231818985,0.7202366038286045,1.081770720549818,0.23360939661933955,0.5161408317243916,8,2,0.8944271909999159,2500,OverICA,iid,False,5
3,1,1001,15,150001,True,184,False,10,0.9992851310852704,0.0956235732883215,0.3838910453349185,0.2589128858100129,0.5800827032172595,1.4855279361733253,0.15941542144275345,0.4993912080897732,8,2,0.8944271909999159,2500,OverICA,iid,False,5
3,1,1001,26,260001,True,189,False,10,0.9972085447311474,0.07608068874105811,0.2574365353432895,0.18434828354436822,0.5492879508286921,1.0312567445030651,0.29158489998161274,0.51134982991008,8,2,0.8944271909999159,2500,OverICA,iid,False,5
3,1,1001,24,240001,True,169,False,10,0.9756608042233618,0.08002746431156993,0.3412809227197874,0.22640206011454136,0.8486140671149418,1.1764272339351707,0.14562247117992316,0.5089730412672332,8,2,0.8944271909999159,2500,OverICA,iid,False,5
3,0,1,29,290001,True,191,False,10,0.9772948404726376,0.12599179707467556,0.35657722628629185,0.2312341194187639,0.8013519339599776,1.0482701012124271,0.3252094036314267,0.5196263091201541,8,2,0.8944271909999159,2500,OverICA,iid,False,5
3,1,1001,13,130001,True,181,False,10,0.9661074327610626,0.10320235369727015,0.32157126207476566,0.2607387194471105,0.6829558503603121,1.0321695789493495,0.2063074401079894,0.5106283576928383,8,2,0.8944271909999159,2500,OverICA,iid,False,5
3,1,1001,12,120001,True,173,False,10,0.9996315059850447,0.10549528896808624,0.37505623428014506,0.2982145486147076,0.6570652297194809,1.5748569377579305,0.1102726430085087,0.5177086105966455,8,2,0.8944271909999159,2500,OverICA,iid,False,5
3,1,1001,19,190001,True,166,False,10,0.9810312368856301,0.10132781602442265,0.3156164671681402,0.2263803902004386,0.6197857855348644,1.0307391148351377,0.2740945830750814,0.5123654911206533,8,2,0.8944271909999159,2500,OverICA,iid,False,5
3,0,1,6,60001,True,179,False,10,0.9893436677545017,0.2101708627305925,0.2596679177128313,0.1968779704067129,0.5108291839580922,1.1386156021260099,0.20575295404700703,0.5140566687345621,8,2,0.8944271909999159,2500,OverICA,iid,False,5
2,2,2001,14,140001,True,202,False,10,0.947438904593053,0.828869828954339,0.26553775430085597,0.19091463971209857,0.553096438226209,1.0392709387701322,0.24913347674938568,0.5211786405609061,8,2,0.8944271909999159,2500,OverICA,iid,False,5
2,1,1001,5,50001,True,203,False,10,0.99643378553034,0.9275883128866553,0.26688460526155355,0.20345220350700183,0.5666515632238128,1.0169412585963566,0.25331577922813525,0.5287659145134473,8,2,0.8944271909999159,2500,OverICA,iid,False,5
3,2,2001,0,1,True,188,False,10,0.9907824984493582,0.08971686102449894,0.3464230926436781,0.24380555278585778,0.8205182441179257,1.0618556310607645,0.329244570503368,0.5245123547609232,8,2,0.8944271909999159,2500,OverICA,iid,False,5
1,9,9001,21,210001,True,228,False,10,0.9995244279503085,1.0595706012099981,0.3509718735140704,0.30601645103840075,0.7036026209892797,1.1260012608076564,0.1722776518516886,0.5365660566340749,8,2,0.8944271909999159,2500,OverICA,iid,False,5
2,3,3001,10,100001,True,199,False,10,0.9986523161747195,0.7696526520885527,0.3795941857036288,0.28232198500103556,0.8300636547849336,1.1374720649500711,0.15016150043932705,0.5147462366725033,8,2,0.8944271909999159,2500,OverICA,iid,False,5
3,1,1001,14,140001,True,181,False,10,0.947438904593053,0.12484616506844759,0.2557490681043216,0.19799388713609634,0.553096438226209,1.0723011367576327,0.21271188066011396,0.5152827258542864,8,2,0.8944271909999159,2500,OverICA,iid,False,5
3,1,1001,18,180001,True,154,False,10,0.9998427436914263,0.12158940499648452,0.43339340404141175,0.36480678675779343,0.7202366038286045,1.0487400388635826,0.30741629118195396,0.5030859650252202,8,2,0.8944271909999159,2500,OverICA,iid,False,5
3,0,1,24,240001,True,174,False,10,0.9756608042233618,0.17257380625233054,0.3418613749673365,0.22868459359838259,0.8486140671149418,1.1835679631401779,0.14602167073364294,0.5047766989802803,8,2,0.8944271909999159,2500,OverICA,iid,False,5
1,9,9001,1,10001,True,210,False,10,0.9999900660618494,1.1036545662209392,0.34682340104498516,0.27903979941376483,0.7356761630617612,1.075365022537006,0.1890663392760886,0.5283971682189537,8,2,0.8944271909999159,2500,OverICA,iid,False,5
3,1,1001,25,250001,True,162,False,10,0.9875552805455196,0.11212333617731929,0.25793420021039726,0.18261096714240238,0.5402347356271,0.9991756134009538,0.3132102250522169,0.5084502194287086,8,2,0.8944271909999159,2500,OverICA,iid,False,5
2,2,2001,7,70001,True,191,False,10,0.9754110145031726,0.859430031850934,0.4037330018310059,0.31428812004182644,0.7374361140978675,1.0576906806870563,0.2480618331458272,0.5161303019662471,8,2,0.8944271909999159,2500,OverICA,iid,False,5
3,0,1,28,280001,True,192,False,10,0.9537230138052385,0.1657819990068674,0.17359910547720334,0.12714965285086094,0.3497379398961418,0.99167510251224,0.30630348515140526,0.5142273218323109,8,2,0.8944271909999159,2500,OverICA,iid,False,5
3,2,2001,6,60001,True,175,False,10,0.9893436677545017,0.08170464308932424,0.27049005928867104,0.20063624404578329,0.5196266299940431,1.0479712081131771,0.26671336755715735,0.5016539573827411,8,2,0.8944271909999159,2500,OverICA,iid,False,5
3,1,1001,4,40001,True,174,False,10,0.9976324277964014,0.15810456033796072,0.3561325755900211,0.23826550320621642,0.4348784838582293,1.2319113218583115,0.2533972042913923,0.504585560423119,8,2,0.8944271909999159,2500,OverICA,iid,False,5
2,8,8001,18,180001,True,188,False,10,0.9998427436914263,0.3576582712121308,0.4579022182223442,0.42050483581110565,0.7202366038286045,1.0803558055137958,0.2367936008273465,0.5112536120465052,8,2,0.8944271909999159,2500,OverICA,iid,False,5
2,9,9001,5,50001,True,218,False,10,0.99643378553034,0.3303362182341516,0.2664213435878866,0.20147791565870474,0.5666515632238128,1.0167741519941058,0.25110601335255556,0.5284769580201572,8,2,0.8944271909999159,2500,OverICA,iid,False,5
2,7,7001,22,220001,True,201,False,10,0.9911781603281574,0.43842914002016187,0.4183350714532902,0.3341443886602125,0.5593350632150397,1.2540365013130768,0.22216105819421053,0.5117856216734588,8,2,0.8944271909999159,2500,OverICA,iid,False,5
3,2,2001,7,70001,True,172,False,10,0.9542806331782764,0.08731921622529626,0.21570238822555818,0.15760259216776346,0.4506723085578529,1.0018603693364863,0.3204340158168673,0.5090374825450473,8,2,0.8944271909999159,2500,OverICA,iid,False,5
3,0,1,17,170001,True,215,False,10,0.9845639111384603,0.22194441687315702,0.17162094545244433,0.09385226415770648,0.46988787006959354,1.061559259969078,0.23912352099991668,0.5148094572686969,8,2,0.8944271909999159,2500,OverICA,iid,False,5
3,1,1001,6,60001,True,180,False,10,0.9893436677545017,0.17392059788107872,0.2577640642551762,0.19581198959472895,0.501204496913098,1.1379830150763672,0.19995396775539104,0.5116125766504556,8,2,0.8944271909999159,2500,OverICA,iid,False,5
2,7,7001,14,140001,True,213,False,10,0.947438904593053,0.47005687607452273,0.26555695532547646,0.1913890997436225,0.553096438226209,1.0412091911303694,0.25006293340025343,0.5200154935687668,8,2,0.8944271909999159,2500,OverICA,iid,False,5
3,2,2001,16,160001,True,170,False,10,0.9853723789948102,0.07876641163602471,0.381310496308845,0.24663923533645069,0.5590320253520231,1.0937092759134617,0.2994706468277368,0.5088885197210485,8,2,0.8944271909999159,2500,OverICA,iid,False,5
3,2,2001,12,120001,True,174,False,10,0.9996315059850447,0.08797459257766604,0.375157700734892,0.29862108174935686,0.6705237524176182,1.5755359573896055,0.10749511750031449,0.5184651129345408,8,2,0.8944271909999159,2500,OverICA,iid,False,5
3,2,2001,11,110001,True,177,False,10,0.9794777790118621,0.09592403005808592,0.3649877665389436,0.2665712945496084,0.574397581688146,1.4060236260976353,0.14651407124641153,0.5056176660012363,8,2,0.8944271909999159,2500,OverICA,iid,False,5
2,1,1001,12,120001,True,206,False,10,0.9996315059850447,0.9628847152926028,0.21595333223824045,0.17019953407469163,0.35429047922857243,1.0834449931201198,0.18763812092234358,0.5317673673502165,8,2,0.8944271909999159,2500,OverICA,iid,False,5
3,1,1001,21,210001,True,182,False,10,0.9993315980120375,0.15654014982283115,0.366315205975418,0.3373419677970467,0.721901597239641,1.3131742698183118,0.16738748042950358,0.5067770969592866,8,2,0.8944271909999159,2500,OverICA,iid,False,5
2,9,9001,28,280001,True,210,False,10,0.9537230138052385,0.2820153897628188,0.30219900217620793,0.2357236919846779,0.6568921147875266,1.0431050115034493,0.24251111591957972,0.5230323000665671,8,2,0.8944271909999159,2500,OverICA,iid,False,5
3,2,2001,15,150001,True,173,False,10,0.9992851310852704,0.08583125611767173,0.3840250863585395,0.2633371652675412,0.5800827032172595,1.4987744279461916,0.1617293963828585,0.5035526895898146,8,2,0.8944271909999159,2500,OverICA,iid,False,5
2,8,8001,15,150001,True,210,False,10,0.9992851310852704,0.3850316437892616,0.4781215470407059,0.3700267953444999,0.892233779577496,1.4712380854710367,0.11024284358470005,0.5062399159480399,8,2,0.8944271909999159,2500,OverICA,iid,False,5
3,2,2001,23,230001,True,150,False,10,0.9989003968439116,0.08306147390976548,0.40347471538911056,0.3168865747928109,0.5695869510893687,1.1256955353193179,0.13776379018594048,0.49744787708437377,8,2,0.8944271909999159,2500,OverICA,iid,False,5
1,7,7001,17,170001,True,229,False,10,0.9999417301227984,1.2906396389007568,0.3810350053441329,0.264827257490057,0.7766790162614948,1.0562061997446095,0.1982521413485395,0.5392208571567731,8,2,0.8944271909999159,2500,OverICA,iid,False,5
2,8,8001,4,40001,True,202,False,10,0.9976324277964014,0.4387823776341975,0.38514456625837773,0.2928010240199451,0.8038136184555277,1.117865174658077,0.23882274558107217,0.5152801415810498,8,2,0.8944271909999159,2500,OverICA,iid,False,5
2,8,8001,8,80001,True,198,False,10,0.991857738194658,0.4329805946908891,0.46406976370598163,0.35753476106432774,0.8200416350455523,1.1587485289012929,0.21628171239059588,0.5161773380416521,8,2,0.8944271909999159,2500,OverICA,iid,False,5
3,2,2001,4,40001,True,180,False,10,0.9976324277964014,0.1408695108257234,0.35870798592610326,0.2360495450979544,0.4348784838582293,1.242608689418539,0.2504094060036285,0.5052972620551,8,2,0.8944271909999159,2500,OverICA,iid,False,5
3,3,3001,0,1,True,185,False,10,0.9907824984493582,0.07749973004683852,0.35443086890141057,0.24630803461172715,0.8205182441179257,1.043338079211214,0.2386273924378095,0.5190031016022922,8,2,0.8944271909999159,2500,OverICA,iid,False,5
3,2,2001,14,140001,True,183,False,10,0.947438904593053,0.1020867507904768,0.2574388431635324,0.20411094801107466,0.5174428631600861,1.0809520468777862,0.20924229395757768,0.5117542810669342,8,2,0.8944271909999159,2500,OverICA,iid,False,5
3,1,1001,22,220001,True,162,False,10,0.9680710689134889,0.17366843903437257,0.3521517403376066,0.24862633657217897,0.5329062571165144,1.270467185552173,0.2787379526308058,0.5001175771972773,8,2,0.8944271909999159,2500,OverICA,iid,False,5
3,2,2001,8,80001,True,172,False,10,0.9522616095427329,0.12827100232243538,0.357125555070785,0.24208243557580325,0.756546244560567,1.2215605754164767,0.252918306119034,0.5156749223204139,8,2,0.8944271909999159,2500,OverICA,iid,False,5
2,6,6001,22,220001,True,192,False,10,0.9911781603281574,0.564871362876147,0.41922886370181844,0.3350861860471254,0.5593350632150397,1.2600312902830295,0.2151982649323035,0.5074549042284069,8,2,0.8944271909999159,2500,OverICA,iid,False,5
3,2,2001,19,190001,True,170,False,10,0.9810312368856301,0.10721180774271488,0.31575651546116,0.22963702905949945,0.6378331733247004,1.033945063741585,0.2786879384403488,0.5062875847003289,8,2,0.8944271909999159,2500,OverICA,iid,False,5
2,9,9001,18,180001,True,187,False,10,0.9998427436914263,0.35585723305121064,0.4579537516850595,0.42446836201137905,0.7202366038286045,1.0868768261440438,0.22878105715644617,0.5108406521351244,8,2,0.8944271909999159,2500,OverICA,iid,False,5
3,1,1001,2,20001,True,186,False,10,0.971529244842938,0.22920065000653267,0.27393617123608743,0.19550328320028143,0.6236909449772143,1.1489457360618094,0.28500784655060085,0.5195523667222882,8,2,0.8944271909999159,2500,OverICA,iid,False,5
3,3,3001,3,30001,True,186,False,10,0.9892594493911565,0.08865427738055587,0.25470120794879325,0.16540982188455408,0.6697465565746046,1.2575674239506154,0.11648402016754492,0.5189511704230921,8,2,0.8944271909999159,2500,OverICA,iid,False,5
2,6,6001,24,240001,True,199,False,10,0.9756608042233618,0.5864018937572837,0.40991893448728556,0.32111137984850585,0.8486054292798584,1.1162944212142427,0.13217071911740688,0.5113433692140545,8,2,0.8944271909999159,2500,OverICA,iid,False,5
3,3,3001,13,130001,True,174,False,10,0.9661074327610626,0.08089298708364367,0.3217750267624881,0.2619332925502034,0.6829558503603121,1.0263768455369966,0.21058072138489634,0.5097358792881099,8,2,0.8944271909999159,2500,OverICA,iid,False,5
3,2,2001,29,290001,True,195,False,10,0.9772948404726376,0.10578732797876,0.3304965723235489,0.22879765586306247,0.8013519339599776,1.0436850214545368,0.3273323731372795,0.5225594473756626,8,2,0.8944271909999159,2500,OverICA,iid,False,5
1,3,3001,12,120001,True,221,False,10,0.9996315059850447,1.65935127902776,0.22194642832527078,0.18763899788082544,0.35429047922857243,1.127285140725779,0.1430720741201901,0.5332070811927198,8,2,0.8944271909999159,2500,OverICA,iid,False,5
1,9,9001,24,240001,True,204,False,10,0.9977307214622922,1.1468872060067952,0.40407944910960575,0.3286140733774908,0.8486054292798584,1.1028405045601843,0.1795353560821214,0.5238545635967934,8,2,0.8944271909999159,2500,OverICA,iid,False,5
1,5,5001,28,280001,True,206,False,10,0.9984180929465528,1.471192253753543,0.3033793162354949,0.23953128610479943,0.6568921147875266,1.0938291651982313,0.19042750180507198,0.5237443814555527,8,2,0.8944271909999159,2500,OverICA,iid,False,5
3,3,3001,12,120001,True,183,False,10,0.9996315059850447,0.09090530313551426,0.37353210094073214,0.2961766433151006,0.6691909802782026,1.567193012426309,0.10922599146518368,0.5146196800743924,8,2,0.8944271909999159,2500,OverICA,iid,False,5
3,2,2001,10,100001,True,165,False,10,0.9931766105792638,0.1534771891310811,0.3647597160765772,0.2422165529270277,0.54138715307271,1.1306656321373605,0.19370598843902959,0.49937593647718986,8,2,0.8944271909999159,2500,OverICA,iid,False,5
3,2,2001,27,270001,True,167,False,10,0.9637177411434601,0.1291134268976748,0.38670031529994375,0.2590533131484169,0.6146794408187655,1.0874177668545868,0.2556794899818794,0.4994462793404089,8,2,0.8944271909999159,2500,OverICA,iid,False,5
3,1,1001,29,290001,True,181,False,10,0.9772948404726376,0.2039262941107154,0.32922666374594456,0.2266348158332902,0.8013519339599776,1.0522327645453198,0.3271222990891428,0.5199079490919603,8,2,0.8944271909999159,2500,OverICA,iid,False,5
3,3,3001,5,50001,True,187,False,10,0.99643378553034,0.1079847626388073,0.21797005489122812,0.14656893741067242,0.5666515632238128,0.9797313789585553,0.32381839966699844,0.5120458040812151,8,2,0.8944271909999159,2500,OverICA,iid,False,5
3,2,2001,26,260001,True,190,False,10,0.9972085447311474,0.1340245450846851,0.25764279298520987,0.18492695369986403,0.5492879508286921,1.0307786980162954,0.29534327112231845,0.5158174420605287,8,2,0.8944271909999159,2500,OverICA,iid,False,5
2,7,7001,29,290001,True,221,False,10,0.9886290469099419,0.5052525182254612,0.3630864237700859,0.2715398933270244,0.8013519339599776,1.0077610046679852,0.25598656094640787,0.5290728501216516,8,2,0.8944271909999159,2500,OverICA,iid,False,5
3,3,3001,23,230001,True,152,False,10,0.9989003968439116,0.08298003394156694,0.404802543872692,0.3162417376756146,0.5695869510893687,1.1234503883843618,0.13848406555232687,0.49834527650985017,8,2,0.8944271909999159,2500,OverICA,iid,False,5
3,0,1,3,30001,True,180,False,10,0.9892594493911565,0.34734675707295537,0.25463656220970654,0.16243359119896322,0.6697465565746046,1.2543430833560145,0.12266000374850153,0.5168654201900332,8,2,0.8944271909999159,2500,OverICA,iid,False,5
3,3,3001,14,140001,True,180,False,10,0.947438904593053,0.1108986740000546,0.2780316857686758,0.20447924455557367,0.5174428631600861,1.100092525634789,0.205452169978261,0.5131593096736579,8,2,0.8944271909999159,2500,OverICA,iid,False,5
2,9,9001,21,210001,True,209,False,10,0.9993315980120375,0.3745259018614888,0.39493896999592365,0.3148310464670193,1.0885977485993275,1.281512666372573,0.13735715880862578,0.5169202467735758,8,2,0.8944271909999159,2500,OverICA,iid,False,5
2,6,6001,20,200001,True,220,False,10,0.9469648565751755,0.6271254722960293,0.18078504934478948,0.13944146356397275,0.3870736257551045,1.0728926772375222,0.17359187189115274,0.5228067738674654,8,2,0.8944271909999159,2500,OverICA,iid,False,5
3,2,2001,20,200001,True,179,False,10,0.8851029740946011,0.16166600724682212,0.1569116150954297,0.12586877069872443,0.30040756707616717,1.1820956520648997,0.1275666199667216,0.5117293360026434,8,2,0.8944271909999159,2500,OverICA,iid,False,5
3,3,3001,19,190001,True,162,False,10,0.9810312368856301,0.10009950399398804,0.3157915782187765,0.2293803311959517,0.6345254178631246,1.0288505902085592,0.2794100380904195,0.5020068515773266,8,2,0.8944271909999159,2500,OverICA,iid,False,5
3,3,3001,28,280001,True,176,False,10,0.9537230138052385,0.08733787620440125,0.17359806048729445,0.12674917140820924,0.3497379398961418,0.9895686588608064,0.3032158308508376,0.5112633450419205,8,2,0.8944271909999159,2500,OverICA,iid,False,5
3,2,2001,13,130001,True,189,False,10,0.9661074327610626,0.17927680304273963,0.32206139251822336,0.26408418849375237,0.6829558503603121,1.0294360071358466,0.2098205415508949,0.5096650514182273,8,2,0.8944271909999159,2500,OverICA,iid,False,5
2,9,9001,4,40001,True,212,False,10,0.9976324277964014,0.4513944173231721,0.3844471563810034,0.2890479244684983,0.8038136184555277,1.1229560915083079,0.23703426833007005,0.5207121139785995,8,2,0.8944271909999159,2500,OverICA,iid,False,5
3,2,2001,5,50001,True,180,False,10,0.99643378553034,0.21712327795103192,0.21809492310710066,0.1486847590728202,0.5666515632238128,0.967478063099745,0.33050478414619927,0.5167664655423305,8,2,0.8944271909999159,2500,OverICA,iid,False,5
3,2,2001,28,280001,True,186,False,10,0.9537230138052385,0.15951717970892787,0.17289510242903633,0.12417288999779866,0.3497379398961418,0.9821838363164381,0.31541885360343347,0.5153500764327381,8,2,0.8944271909999159,2500,OverICA,iid,False,5
1,9,9001,7,70001,True,206,False,10,0.9999147554866513,1.2346021700650454,0.26169622387220776,0.22276317503760265,0.4506723085578529,1.085078318418586,0.20022289559945855,0.5292484226045259,8,2,0.8944271909999159,2500,OverICA,iid,False,5
3,4,4001,2,20001,True,182,False,10,0.971529244842938,0.08723202673718333,0.2737506788230062,0.193998249580442,0.6236909449772143,1.1387325136428024,0.2868979445618674,0.5177162375792825,8,2,0.8944271909999159,2500,OverICA,iid,False,5
2,8,8001,16,160001,True,187,False,10,0.9965742940658001,0.485124948900193,0.4664639008134723,0.3709439222924453,0.8115839195566543,1.1873950476836774,0.21838412938944507,0.5105401692563258,8,2,0.8944271909999159,2500,OverICA,iid,False,5
3,4,4001,4,40001,True,170,False,10,0.9976324277964014,0.08620665408670902,0.3547121393019846,0.23561802536011686,0.4348784838582293,1.2419371677915678,0.24982631230326882,0.511439980808613,8,2,0.8944271909999159,2500,OverICA,iid,False,5
3,3,3001,26,260001,True,191,False,10,0.9972085447311474,0.10779957426711917,0.258358316777789,0.19039230609619306,0.5492879508286921,1.0373075330941248,0.28905189361427197,0.5218968509457134,8,2,0.8944271909999159,2500,OverICA,iid,False,5
3,4,4001,0,1,True,188,False,10,0.9907824984493582,0.09591365093365312,0.3540116226214493,0.24237002446903755,0.8205182441179257,0.972950298640356,0.3272439289568685,0.5196561581464725,8,2,0.8944271909999159,2500,OverICA,iid,False,5
3,3,3001,18,180001,True,154,False,10,0.9998427436914263,0.1298402319662273,0.433205890340823,0.3626489583350418,0.7202366038286045,1.0552957280613182,0.3003019890032246,0.5007698947974708,8,2,0.8944271909999159,2500,OverICA,iid,False,5
2,2,2001,3,30001,True,216,False,10,0.9999521432101807,1.0281478129327297,0.2549296966194551,0.1668321764548906,0.6697465565746046,1.1464289639079486,0.09299115610049692,0.5321691780099933,8,2,0.8944271909999159,2500,OverICA,iid,False,5
2,2,2001,18,180001,True,191,False,10,0.9998427436914263,0.9905964760109782,0.457880090729347,0.42223113312599975,0.7202366038286045,1.0806832820594774,0.23726143980312972,0.5144612179281213,8,2,0.8944271909999159,2500,OverICA,iid,False,5
2,6,6001,1,10001,True,207,False,10,0.9616997664995592,0.7178727760910988,0.25310555567738585,0.19052318419465541,0.4768947746410589,1.0274514002709834,0.24798067248319075,0.5234195198565391,8,2,0.8944271909999159,2500,OverICA,iid,False,5
3,2,2001,24,240001,True,172,False,10,0.9756608042233618,0.1886303019709885,0.3422694524989883,0.23004740573752075,0.8486140671149418,1.1787747196769938,0.14658967578372872,0.5028113956658595,8,2,0.8944271909999159,2500,OverICA,iid,False,5
2,4,4001,29,290001,True,218,False,10,0.9886290469099419,0.8072684993967414,0.35901760840244984,0.2687444415469225,0.8013519339599776,1.0752868828831896,0.2572654673923545,0.5291042574759386,8,2,0.8944271909999159,2500,OverICA,iid,False,5
2,7,7001,26,260001,True,215,False,10,0.9988554242201823,0.5741121838800609,0.2596584232142164,0.20299064261858496,0.5492879508286921,1.0590308276030416,0.23957454476269255,0.5362366263388229,8,2,0.8944271909999159,2500,OverICA,iid,False,5
3,4,4001,13,130001,True,170,False,10,0.9661074327610626,0.0863169226795435,0.3212822999957954,0.2584065813945125,0.6829558503603121,1.030560603377825,0.20627621274411187,0.5056975983897534,8,2,0.8944271909999159,2500,OverICA,iid,False,5
3,4,4001,5,50001,True,180,False,10,0.99643378553034,0.10477815382182598,0.2179594993504955,0.14806837205889523,0.5666515632238128,0.9626609329301086,0.3356332949115308,0.5131691806173274,8,2,0.8944271909999159,2500,OverICA,iid,False,5
3,2,2001,25,250001,True,171,False,10,0.9875552805455196,0.20997399417683482,0.2572472827205846,0.17852525915393136,0.5402347356271,1.0000739423427853,0.314553429836982,0.5021034488281854,8,2,0.8944271909999159,2500,OverICA,iid,False,5
3,4,4001,14,140001,True,180,False,10,0.947438904593053,0.09481853758916259,0.25962394322495036,0.20414258856364575,0.5174428631600861,1.0835509280018845,0.20866674294216941,0.5162747127762211,8,2,0.8944271909999159,2500,OverICA,iid,False,5
2,8,8001,10,100001,True,190,False,10,0.9986523161747195,0.5477517838589847,0.3793931776029526,0.2823947736854179,0.8300636547849336,1.1386461150241962,0.1489224088817294,0.5156345232055175,8,2,0.8944271909999159,2500,OverICA,iid,False,5
3,3,3001,15,150001,True,186,False,10,0.9992851310852704,0.18037376599386334,0.3841622090001301,0.2613278668389484,0.5800827032172595,1.4236931517491862,0.2173740847226318,0.5053647967761133,8,2,0.8944271909999159,2500,OverICA,iid,False,5
3,4,4001,22,220001,True,166,False,10,0.9680710689134889,0.08636916195973754,0.3516588158324782,0.24689299184507743,0.5329062571165144,1.2573521034614776,0.2842649372597906,0.5040020510338467,8,2,0.8944271909999159,2500,OverICA,iid,False,5
3,3,3001,7,70001,True,173,False,10,0.9542806331782764,0.19781755283474922,0.2156493183812924,0.1555428406325496,0.4506723085578529,1.007080796644723,0.3165247184602755,0.5106289145070964,8,2,0.8944271909999159,2500,OverICA,iid,False,5
3,3,3001,24,240001,True,171,False,10,0.9756608042233618,0.15949853975325823,0.34158330072426735,0.22928689427389273,0.8486140671149418,1.1811731208878715,0.14700549425775758,0.5057536420250381,8,2,0.8944271909999159,2500,OverICA,iid,False,5
2,8,8001,0,1,True,226,False,10,0.9999689571958852,0.5947562209330499,0.3565695418629626,0.2560020501051612,0.8205182441179257,1.0225461934647881,0.25586467153217657,0.5353714395728802,8,2,0.8944271909999159,2500,OverICA,iid,False,5
2,8,8001,21,210001,True,203,False,10,0.9993315980120375,0.5479872031137347,0.3948988126806925,0.31383623499288804,1.0885977485993275,1.287222122589487,0.13260729227083248,0.5149333303268957,8,2,0.8944271909999159,2500,OverICA,iid,False,5
3,5,5001,1,10001,True,181,False,10,0.9616997664995592,0.08223510906100273,0.24997138816473918,0.18660275877058558,0.4769034124761421,1.1469812610119414,0.17575039919864116,0.5105067433063859,8,2,0.8944271909999159,2500,OverICA,iid,False,5
2,7,7001,15,150001,True,201,False,10,0.9992851310852704,0.6482144058682024,0.47812043344454924,0.36595376392886214,0.892233779577496,1.4763546633630664,0.1138131120530607,0.5063893058521337,8,2,0.8944271909999159,2500,OverICA,iid,False,5
3,5,5001,3,30001,True,180,False,10,0.9892594493911565,0.0878611127845943,0.2553954901708942,0.16361533440198056,0.6697465565746046,1.1693097800492174,0.11533077657543878,0.5074956027209846,8,2,0.8944271909999159,2500,OverICA,iid,False,5
3,2,2001,18,180001,True,156,False,10,0.9998427436914263,0.2516685458831489,0.4332769961792913,0.3629348086245875,0.7202366038286045,1.0496497154567208,0.3050665879803214,0.5001094188105548,8,2,0.8944271909999159,2500,OverICA,iid,False,5
3,4,4001,16,160001,True,177,False,10,0.9853723789948102,0.12158037489280105,0.38152339817900777,0.23964479711399933,0.5590320253520231,1.0925880758151396,0.30521139376421463,0.506479595601297,8,2,0.8944271909999159,2500,OverICA,iid,False,5
3,4,4001,6,60001,True,184,False,10,0.9893436677545017,0.1524895248003304,0.25907811425407634,0.20060644915867606,0.5050044767336542,1.148008157842051,0.19802281285529538,0.5117126185856832,8,2,0.8944271909999159,2500,OverICA,iid,False,5
3,5,5001,4,40001,True,178,False,10,0.9976324277964014,0.08547432813793421,0.3542199770302003,0.22831465777356658,0.4348784838582293,1.2488416608487531,0.24881175300954883,0.502762255498054,8,2,0.8944271909999159,2500,OverICA,iid,False,5
3,4,4001,19,190001,True,167,False,10,0.9810312368856301,0.114541111048311,0.31568573112343634,0.22811338563337813,0.6274309879926465,1.025914582155193,0.2806243923281882,0.5089695010392455,8,2,0.8944271909999159,2500,OverICA,iid,False,5
3,0,1,23,230001,True,155,False,10,0.9989003968439116,0.3969430080614984,0.40413846650174234,0.3139915038548726,0.5695869510893687,1.1277079217555155,0.13680115149193034,0.5024161859921698,8,2,0.8944271909999159,2500,OverICA,iid,False,5
3,1,1001,17,170001,True,196,False,10,0.9845639111384603,0.3453785106539726,0.17161762871805794,0.09375546622320478,0.46988787006959354,1.0607052192083377,0.23833825420345053,0.5182986713053129,8,2,0.8944271909999159,2500,OverICA,iid,False,5
3,4,4001,8,80001,True,172,False,10,0.9522616095427329,0.1559176528826356,0.357449716736699,0.24595083356526937,0.7647920564405756,1.224224835527526,0.2522753862907829,0.5094915398347495,8,2,0.8944271909999159,2500,OverICA,iid,False,5
3,2,2001,22,220001,True,170,False,10,0.9680710689134889,0.24890451272949576,0.3522412335396003,0.2460497645156129,0.5329062571165144,1.2684345046572862,0.2785400989950076,0.5057511893723222,8,2,0.8944271909999159,2500,OverICA,iid,False,5
3,1,1001,28,280001,True,191,False,10,0.9537230138052385,0.32846812019124627,0.17252689797112122,0.12304451371052526,0.3497379398961418,0.9846595390631802,0.3086131073723676,0.5128775114299444,8,2,0.8944271909999159,2500,OverICA,iid,False,5
3,5,5001,5,50001,True,176,False,10,0.99643378553034,0.09115724172443151,0.21790431095633814,0.14603894178237647,0.5666515632238128,0.9631457699818664,0.33704308569384417,0.5104123553690568,8,2,0.8944271909999159,2500,OverICA,iid,False,5
3,5,5001,7,70001,True,174,False,10,0.9542806331782764,0.08755280496552587,0.215541538431943,0.15563780958197218,0.4506723085578529,1.00558624003715,0.3193829173183108,0.5132181261396281,8,2,0.8944271909999159,2500,OverICA,iid,False,5
3,3,3001,8,80001,True,174,False,10,0.9522616095427329,0.2232604781165719,0.3573952672173481,0.2451637087306175,0.7597801066175349,1.2210046787418896,0.2535871364453093,0.5091169924435784,8,2,0.8944271909999159,2500,OverICA,iid,False,5
2,0,1,22,220001,True,188,False,10,0.9911781603281574,1.2139225448481739,0.4184902180261294,0.33228704068800535,0.5593350632150397,1.2561058818932347,0.22078337434589942,0.5069322776352009,8,2,0.8944271909999159,2500,OverICA,iid,False,5
3,5,5001,8,80001,True,174,False,10,0.9522616095427329,0.08573245722800493,0.3575045221292011,0.24603109681842777,0.7675658386741054,1.2175403564977145,0.2554337424345447,0.5109374317572014,8,2,0.8944271909999159,2500,OverICA,iid,False,5
3,5,5001,12,120001,True,180,False,10,0.9996315059850447,0.08151617366820574,0.37472094213844453,0.29731054058768475,0.6773953445963987,1.5728623389746257,0.11107040275956073,0.5212322146582197,8,2,0.8944271909999159,2500,OverICA,iid,False,5
2,5,5001,11,110001,True,203,False,10,0.9794777790118621,0.8477369477041066,0.2484904950014041,0.1966108195644401,0.3887294172463533,1.1407903991314947,0.21969004206977907,0.5240237559435266,8,2,0.8944271909999159,2500,OverICA,iid,False,5
3,3,3001,22,220001,True,171,False,10,0.9680710689134889,0.19525340991094708,0.353640980109383,0.2510986771431391,0.5329062571165144,1.2729938283418059,0.27926709819329815,0.5027728017140823,8,2,0.8944271909999159,2500,OverICA,iid,False,5
3,5,5001,10,100001,True,170,False,10,0.9931766105792638,0.08940609311684966,0.3598204649058637,0.2402931276974621,0.5118943515329041,1.2367738573885059,0.09973920578682413,0.5039577933401292,8,2,0.8944271909999159,2500,OverICA,iid,False,5
3,4,4001,24,240001,True,169,False,10,0.9756608042233618,0.12784364400431514,0.3422528285835716,0.23165411773878805,0.8486140671149418,1.1817724383775836,0.1493230820807604,0.5087693198997933,8,2,0.8944271909999159,2500,OverICA,iid,False,5
2,8,8001,6,60001,True,202,False,10,0.9972620216762228,0.6156938159838319,0.34223820725442844,0.27571196914601354,0.590817236718951,1.0870295205050666,0.2080254239275573,0.523045073935942,8,2,0.8944271909999159,2500,OverICA,iid,False,5
2,7,7001,25,250001,True,190,False,10,0.9983122397587095,0.6537326299585402,0.4220111964084425,0.3192405170145838,0.6344079161750545,1.056322674708217,0.2366429407541797,0.5136655890276651,8,2,0.8944271909999159,2500,OverICA,iid,False,5
3,5,5001,14,140001,True,177,False,10,0.947438904593053,0.0908986828289926,0.2778118416159791,0.20402470173754356,0.5174428631600861,1.1084450739075322,0.19582235348666077,0.5105046613242841,8,2,0.8944271909999159,2500,OverICA,iid,False,5
1,6,6001,4,40001,True,200,False,10,0.9976324277964014,1.5939790112897754,0.383913101812744,0.29342373997002236,0.8038136184555277,1.0753408644914437,0.18593585972487678,0.525651756915563,8,2,0.8944271909999159,2500,OverICA,iid,False,5
3,2,2001,21,210001,True,172,False,10,0.9993315980120375,0.2722419430501759,0.36638488748901876,0.2665835348246654,1.0885977485993275,1.3292127757226244,0.1627239050750042,0.5056734698317791,8,2,0.8944271909999159,2500,OverICA,iid,False,5
2,9,9001,7,70001,True,193,False,10,0.9754110145031726,0.5563143892213702,0.40356821636290113,0.311053043357482,0.7257226582537261,1.0600788531025842,0.24683814748314556,0.5144143168452571,8,2,0.8944271909999159,2500,OverICA,iid,False,5
3,3,3001,17,170001,True,179,False,10,0.9845639111384603,0.23440885683521628,0.17314200127748408,0.09805664334899473,0.46988787006959354,0.9712852162501919,0.3322261682570745,0.5166940518333814,8,2,0.8944271909999159,2500,OverICA,iid,False,5
3,5,5001,13,130001,True,181,False,10,0.9661074327610626,0.09927765931934118,0.32132974646284357,0.25772822999393546,0.6829558503603121,1.0291336704440168,0.20664779940559996,0.5087947068544681,8,2,0.8944271909999159,2500,OverICA,iid,False,5
3,4,4001,11,110001,True,177,False,10,0.9794777790118621,0.17859103716909885,0.3646331515657647,0.26940756070969263,0.5604630016628143,1.4056101075488592,0.14569725661515348,0.5087847772794207,8,2,0.8944271909999159,2500,OverICA,iid,False,5
3,0,1,12,120001,True,177,False,10,0.9996315059850447,0.4674691017717123,0.37166879925795177,0.2937678282725205,0.6632753157408743,1.5596514115555251,0.11149955078210876,0.5174752640128,8,2,0.8944271909999159,2500,OverICA,iid,False,5
1,6,6001,11,110001,True,212,False,10,0.9794777790118621,1.5942104989662766,0.2712511545465288,0.23647463338761504,0.5322588536050029,1.1552389487632309,0.179128525341399,0.5364012422208528,8,2,0.8944271909999159,2500,OverICA,iid,False,5
3,5,5001,19,190001,True,169,False,10,0.9810312368856301,0.09896810119971633,0.3161697337531337,0.23298631923115765,0.6192463218939064,1.0242017774719674,0.2831965663408983,0.5076146613408162,8,2,0.8944271909999159,2500,OverICA,iid,False,5
3,1,1001,8,80001,True,175,False,10,0.9522616095427329,0.4026265707798302,0.35772309499234084,0.24729807346887442,0.7938566269409506,1.2221971466923254,0.24892829946205858,0.5081251392081982,8,2,0.8944271909999159,2500,OverICA,iid,False,5
3,4,4001,20,200001,True,179,False,10,0.8851029740946011,0.16893147910013795,0.15994288820011712,0.1257660714562901,0.30040756707616717,1.0942897116437345,0.2336411535102607,0.5114054523591556,8,2,0.8944271909999159,2500,OverICA,iid,False,5
3,5,5001,25,250001,True,163,False,10,0.9875552805455196,0.08822238072752953,0.25697995544967606,0.1767451516309308,0.5402347356271,1.0005016956273514,0.3136303019015164,0.5044269557246889,8,2,0.8944271909999159,2500,OverICA,iid,False,5
3,5,5001,29,290001,True,189,False,10,0.9772948404726376,0.07781859720125794,0.3523635554964765,0.23024429031479127,0.8013519339599776,0.9676950676545631,0.3263288953688693,0.5180824155084452,8,2,0.8944271909999159,2500,OverICA,iid,False,5
3,4,4001,25,250001,True,171,False,10,0.9875552805455196,0.17092183697968721,0.25725387989022486,0.1787247318723259,0.5402347356271,0.998508239065081,0.3175782211997237,0.5105906607414284,8,2,0.8944271909999159,2500,OverICA,iid,False,5
3,0,1,18,180001,True,153,False,10,0.9998427436914263,0.47099712025374174,0.4332385438896545,0.3635103790212644,0.7202366038286045,1.052659711104216,0.3019582091804713,0.4975325391189466,8,2,0.8944271909999159,2500,OverICA,iid,False,5
3,5,5001,15,150001,True,181,False,10,0.9992851310852704,0.13014123030006886,0.3839801403263469,0.2578957301002327,0.5800827032172595,1.4697977367443955,0.16215200131991891,0.5040176144508809,8,2,0.8944271909999159,2500,OverICA,iid,False,5
3,5,5001,28,280001,True,183,False,10,0.9537230138052385,0.08855437813326716,0.17331614869830944,0.12621838652501913,0.3497379398961418,0.9835831164713665,0.31339880922534347,0.5123132990401434,8,2,0.8944271909999159,2500,OverICA,iid,False,5
3,3,3001,27,270001,True,161,False,10,0.9637177411434601,0.24512187810614705,0.3860916535666394,0.25868219093026007,0.6146794408187655,1.1596199633398467,0.15095981114619425,0.5078493985472603,8,2,0.8944271909999159,2500,OverICA,iid,False,5
1,0,1,8,80001,True,202,False,10,0.9954950315865992,2.137293754145503,0.43061120075626313,0.3523237501502876,0.7705053437898843,1.2742224786164609,0.15854208727527402,0.5210687909375106,8,2,0.8944271909999159,2500,OverICA,iid,False,5
3,1,1001,9,90001,True,140,False,10,0.9999870486473779,0.42366146529093385,0.42532486092927835,0.3071610336291495,0.8856255884206979,1.1976272533502297,0.13335797657415696,0.4893313019762869,8,2,0.8944271909999159,2500,OverICA,iid,False,5
3,3,3001,21,210001,True,181,False,10,0.9993315980120375,0.25542696099728346,0.36651740668867966,0.2683120387263593,1.0885977485993275,1.3206867005174474,0.16747635694263183,0.5060003970124791,8,2,0.8944271909999159,2500,OverICA,iid,False,5
3,6,6001,11,110001,True,171,False,10,0.9794777790118621,0.0763652273453772,0.3655794028382501,0.26775895841771025,0.5573281758436234,1.4030839046118646,0.14507435035021976,0.506231584749601,8,2,0.8944271909999159,2500,OverICA,iid,False,5
3,6,6001,0,1,True,186,False,10,0.9907824984493582,0.10109040699899197,0.3544194854022324,0.24567000632536795,0.8205182441179257,0.9674592870613286,0.3302408394334623,0.5254162201080619,8,2,0.8944271909999159,2500,OverICA,iid,False,5
3,3,3001,6,60001,True,182,False,10,0.9893436677545017,0.29992629401385784,0.2705074404445337,0.20179404405449275,0.5135522018917977,1.0432780632018657,0.27106218737257715,0.5168921559697117,8,2,0.8944271909999159,2500,OverICA,iid,False,5
3,5,5001,2,20001,True,193,False,10,0.971529244842938,0.18106362083926797,0.27395058442146347,0.19653297737991154,0.6236909449772143,1.144959378937164,0.28748628737934495,0.5135136402735349,8,2,0.8944271909999159,2500,OverICA,iid,False,5
3,4,4001,9,90001,True,140,False,10,0.9999870486473779,0.23972486285492778,0.42648785039120046,0.3074089627556245,0.8856255884206979,1.2004584156162863,0.13141567619267797,0.48634567357668884,8,2,0.8944271909999159,2500,OverICA,iid,False,5
3,1,1001,3,30001,True,181,False,10,0.9892594493911565,0.46457370137795806,0.25478583811241257,0.1657029552090344,0.6697465565746046,1.1643913276279336,0.11800795501923131,0.5221336217900749,8,2,0.8944271909999159,2500,OverICA,iid,False,5
3,3,3001,1,10001,True,182,False,10,0.9616997664995592,0.33447999134659767,0.24095897376039874,0.17964391043198538,0.4769034124761421,1.1411282701645837,0.16893128174144706,0.5153789165514121,8,2,0.8944271909999159,2500,OverICA,iid,False,5
3,3,3001,20,200001,True,180,False,10,0.8851029740946011,0.284720191732049,0.1550811175061414,0.12469074953602077,0.30040756707616717,1.1841993611264867,0.12437404980704599,0.5086399995577094,8,2,0.8944271909999159,2500,OverICA,iid,False,5
3,5,5001,18,180001,True,154,False,10,0.9998427436914263,0.15438198391348124,0.4329830122029247,0.36702320563174323,0.7202366038286045,1.0487490650832025,0.30934359495930547,0.4954092102706962,8,2,0.8944271909999159,2500,OverICA,iid,False,5
3,1,1001,27,270001,True,162,False,10,0.9637177411434601,0.42259064223617315,0.3867260958785109,0.25871359463455684,0.6146794408187655,1.0898289277478581,0.2583775571095092,0.5028277595532517,8,2,0.8944271909999159,2500,OverICA,iid,False,5
3,6,6001,7,70001,True,168,False,10,0.9542806331782764,0.10423166677355766,0.21513677564759753,0.15131146992693623,0.4506723085578529,1.0078396257376057,0.31621354704108723,0.5120968714937382,8,2,0.8944271909999159,2500,OverICA,iid,False,5
2,8,8001,7,70001,True,190,False,10,0.9754110145031726,0.7025563954375684,0.40391416173323996,0.31623070080696447,0.74292039082497,1.0583688940384464,0.24724289107295436,0.5122609139940754,8,2,0.8944271909999159,2500,OverICA,iid,False,5
3,6,6001,13,130001,True,176,False,10,0.9661074327610626,0.09919414017349482,0.32215590118221643,0.2646345114056934,0.6829558503603121,1.0325404577714834,0.20705588574349526,0.5076847016187279,8,2,0.8944271909999159,2500,OverICA,iid,False,5
2,5,5001,13,130001,True,199,False,10,0.997173695686639,0.9464042210020125,0.402775808598345,0.349655423433875,0.7581574015458098,1.024688318457608,0.1698310344283996,0.5152955623470842,8,2,0.8944271909999159,2500,OverICA,iid,False,5
3,2,2001,9,90001,True,147,False,10,0.9999870486473779,0.39294546423479915,0.42460868222830417,0.3064235982371931,0.8856255884206979,1.1991194140152164,0.13012414122109378,0.4865545074206701,8,2,0.8944271909999159,2500,OverICA,iid,False,5
3,5,5001,24,240001,True,176,False,10,0.9756608042233618,0.1486179707571864,0.342377792957757,0.23001903825093267,0.8486140671149418,1.1864065710522782,0.14508281197601366,0.5063256934651322,8,2,0.8944271909999159,2500,OverICA,iid,False,5
3,4,4001,12,120001,True,180,False,10,0.9996315059850447,0.24996867589652538,0.3745199256692968,0.300042452504491,0.6705425365391379,1.5736827909768385,0.10931566448269647,0.5154015982477991,8,2,0.8944271909999159,2500,OverICA,iid,False,5
3,5,5001,9,90001,True,138,False,10,0.9999870486473779,0.18500166572630405,0.4294413445452259,0.30852272347109266,0.8856255884206979,1.0615999771268054,0.26571261258343537,0.4934040073323302,8,2,0.8944271909999159,2500,OverICA,iid,False,5
3,4,4001,23,230001,True,157,False,10,0.9989003968439116,0.2251389971934259,0.40335177163540314,0.31750150243767994,0.5695869510893687,1.1273066417683044,0.1386432236906461,0.4942862860453475,8,2,0.8944271909999159,2500,OverICA,iid,False,5
3,6,6001,16,160001,True,171,False,10,0.9853723789948102,0.11194789735600352,0.38144582174669994,0.24328525279508106,0.5590320253520231,1.084907652524398,0.3038756723420792,0.5089992892895442,8,2,0.8944271909999159,2500,OverICA,iid,False,5
3,6,6001,28,280001,True,180,False,10,0.9537230138052385,0.09877235163003206,0.17350623990952332,0.12752850417300768,0.3497379398961418,0.9897357662313121,0.3043572202192276,0.5115295335306986,8,2,0.8944271909999159,2500,OverICA,iid,False,5
3,7,7001,8,80001,True,170,False,10,0.9522616095427329,0.07472976762801409,0.35738140601101637,0.24483536615924026,0.7696878643623417,1.2354111968988744,0.2489868581787662,0.5109706165254573,8,2,0.8944271909999159,2500,OverICA,iid,False,5
3,6,6001,21,210001,True,179,False,10,0.9993315980120375,0.11754428222775459,0.3670041295818748,0.27093236411421573,1.0885977485993275,1.3244315609046518,0.16312278969437494,0.5064587007644035,8,2,0.8944271909999159,2500,OverICA,iid,False,5
3,7,7001,11,110001,True,176,False,10,0.9794777790118621,0.07462270883843303,0.3634610130164829,0.2654130192348882,0.5457459797461356,1.4024908740263364,0.14740208219404033,0.5030186244503834,8,2,0.8944271909999159,2500,OverICA,iid,False,5
3,7,7001,12,120001,True,181,False,10,0.9996315059850447,0.07551498338580132,0.3742179879935334,0.29667189526107735,0.6684448313291965,1.5711788309888821,0.11063584522800043,0.512805888341434,8,2,0.8944271909999159,2500,OverICA,iid,False,5
3,6,6001,3,30001,True,186,False,10,0.9892594493911565,0.14212888292968273,0.25544618584644196,0.1652055882279522,0.6697465565746046,1.2502390824937386,0.12094722570717495,0.5119026732177491,8,2,0.8944271909999159,2500,OverICA,iid,False,5
3,5,5001,27,270001,True,159,False,10,0.9637177411434601,0.16428083926439285,0.38598567155779107,0.2561204318188933,0.6146794408187655,1.1541751867955483,0.1541575937740923,0.5060403566411098,8,2,0.8944271909999159,2500,OverICA,iid,False,5
3,7,7001,10,100001,True,164,False,10,0.9931766105792638,0.08427843591198325,0.3595288419370011,0.240138456597981,0.505663046881992,1.2486025740646363,0.0970506318637266,0.5017921166027678,8,2,0.8944271909999159,2500,OverICA,iid,False,5
2,6,6001,6,60001,True,203,False,10,0.9972620216762228,0.9041508729569614,0.3329772452089689,0.2754074463457023,0.5789720688317034,1.229238011679486,0.15818650581790206,0.523099375149896,8,2,0.8944271909999159,2500,OverICA,iid,False,5
3,7,7001,9,90001,True,139,False,10,0.9999870486473779,0.09247740264981985,0.42392813517322075,0.3046511270808358,0.8856255884206979,1.1967497614858629,0.12838049668569967,0.48600785424394555,8,2,0.8944271909999159,2500,OverICA,iid,False,5
3,6,6001,9,90001,True,140,False,10,0.9999870486473779,0.14435359789058566,0.4262753278546278,0.30798715249226905,0.8856255884206979,1.2047657243306407,0.1317950122345437,0.49159188194801606,8,2,0.8944271909999159,2500,OverICA,iid,False,5
3,6,6001,5,50001,True,178,False,10,0.99643378553034,0.14907027781009674,0.21769615697986308,0.14370847192913333,0.5666515632238128,0.9653793805877988,0.3346877540798971,0.5164195540768506,8,2,0.8944271909999159,2500,OverICA,iid,False,5
3,7,7001,15,150001,True,181,False,10,0.9992851310852704,0.08191663073375821,0.38450461461012453,0.26049943804186315,0.5800827032172595,1.4170345272117673,0.21890281573695486,0.5054245935934601,8,2,0.8944271909999159,2500,OverICA,iid,False,5
2,9,9001,23,230001,True,165,False,10,0.9989003968439116,0.6264294669963419,0.5173700963749946,0.44207668244067866,0.7849501783618953,1.1137342197501854,0.18886025135334097,0.5056487165440183,8,2,0.8944271909999159,2500,OverICA,iid,False,5
3,2,2001,3,30001,True,180,False,10,0.9892594493911565,0.44755497109144926,0.251602713536577,0.16111081805844457,0.6697465565746046,1.2577301175196383,0.11850150341441104,0.51929287123167,8,2,0.8944271909999159,2500,OverICA,iid,False,5
3,6,6001,6,60001,True,178,False,10,0.9893436677545017,0.15806994028389454,0.2578877466893846,0.199705508401068,0.49886878940670243,1.1447401603081606,0.20027727062035772,0.505496351723498,8,2,0.8944271909999159,2500,OverICA,iid,False,5
3,5,5001,16,160001,True,174,False,10,0.9853723789948102,0.21958038304001093,0.38155948667524614,0.23997735318108096,0.5590320253520231,1.0871314064290414,0.30338748760320033,0.5090163108764735,8,2,0.8944271909999159,2500,OverICA,iid,False,5
3,7,7001,14,140001,True,181,False,10,0.947438904593053,0.08500855090096593,0.25764713772639175,0.20362721452976415,0.5174428631600861,1.0755676838041954,0.21319586461831808,0.5153034643794062,8,2,0.8944271909999159,2500,OverICA,iid,False,5
3,7,7001,20,200001,True,182,False,10,0.8851029740946011,0.07728699082508683,0.15938873631258754,0.12804986292012127,0.30040756707616717,1.1768105106682907,0.12557371220871447,0.5084918154779913,8,2,0.8944271909999159,2500,OverICA,iid,False,5
3,6,6001,19,190001,True,168,False,10,0.9810312368856301,0.14805752504616976,0.3158164231247741,0.22967746004222706,0.6187277037515506,1.0248075770027734,0.2785919548149217,0.5024651742638238,8,2,0.8944271909999159,2500,OverICA,iid,False,5
3,6,6001,25,250001,True,163,False,10,0.9875552805455196,0.14365570293739438,0.2575759369788842,0.1809852508819615,0.5402347356271,1.0028716679286298,0.3087975737538971,0.5069109221357945,8,2,0.8944271909999159,2500,OverICA,iid,False,5
3,4,4001,3,30001,True,187,False,10,0.9892594493911565,0.3171913316473365,0.2506841859293537,0.15943531702441285,0.6697465565746046,1.167530089787398,0.11431373965228517,0.5165563905613191,8,2,0.8944271909999159,2500,OverICA,iid,False,5
3,6,6001,17,170001,True,206,False,10,0.9845639111384603,0.15169161092489958,0.17088811048585892,0.09161430761504227,0.46988787006959354,1.0560072265201703,0.24082847445500088,0.5141286663491635,8,2,0.8944271909999159,2500,OverICA,iid,False,5
0,9,9001,0,1,True,231,False,10,0.9999689571958852,2.3286796282045543,0.38637862715277005,0.3182130452196538,0.8205182441179257,1.1033898685634542,0.15411814465747298,0.5430271884524503,8,2,0.8944271909999159,2500,OverICA,iid,False,5
3,7,7001,21,210001,True,173,False,10,0.9993315980120375,0.084273646119982,0.3668789649682103,0.2708085341102584,1.0885977485993275,1.324795486854971,0.16227572784134647,0.5104795900359305,8,2,0.8944271909999159,2500,OverICA,iid,False,5
3,4,4001,18,180001,True,150,False,10,0.9998427436914263,0.2941556512378156,0.4333954356920846,0.36497271828690847,0.7202366038286045,1.05192632409421,0.2994367543549846,0.4993290672172108,8,2,0.8944271909999159,2500,OverICA,iid,False,5
3,7,7001,25,250001,True,163,False,10,0.9875552805455196,0.07461810810491443,0.25772772548145695,0.18030756759639388,0.5402347356271,1.0022475812440663,0.31256985060241577,0.5033439853697288,8,2,0.8944271909999159,2500,OverICA,iid,False,5
3,7,7001,23,230001,True,151,False,10,0.9989003968439116,0.08324260218068957,0.40613953529390806,0.31707265071946905,0.5695869510893687,1.0332534663714943,0.2147923264191407,0.49929971311435994,8,2,0.8944271909999159,2500,OverICA,iid,False,5
3,2,2001,1,10001,True,178,False,10,0.9616997664995592,0.48231186578050256,0.2485356213119548,0.18647959455160543,0.4769034124761421,1.1577216821432292,0.17072738612892724,0.5111274006570206,8,2,0.8944271909999159,2500,OverICA,iid,False,5
3,4,4001,7,70001,True,165,False,10,0.9542806331782764,0.33155549969524145,0.21566731972390354,0.15668684966484553,0.4506723085578529,1.0028887225333485,0.31972182986033343,0.5059705526370655,8,2,0.8944271909999159,2500,OverICA,iid,False,5
3,3,3001,4,40001,True,174,False,10,0.9976324277964014,0.407031221780926,0.3560988828234807,0.23772072162429467,0.4348784838582293,1.23395598831141,0.2562604474814707,0.5053720492853214,8,2,0.8944271909999159,2500,OverICA,iid,False,5
3,7,7001,2,20001,True,177,False,10,0.971529244842938,0.14649682398885489,0.2737049838303199,0.19246727758554943,0.6236909449772143,1.1388051145978324,0.28653884174923494,0.5152856054363812,8,2,0.8944271909999159,2500,OverICA,iid,False,5
3,8,8001,1,10001,True,180,False,10,0.9616997664995592,0.08062057895585895,0.2447611706288749,0.1820523810726907,0.4769034124761421,1.142600022477033,0.1759768394971224,0.5155460831133031,8,2,0.8944271909999159,2500,OverICA,iid,False,5
3,4,4001,28,280001,True,189,False,10,0.9537230138052385,0.27638731617480516,0.1724543454843847,0.12332807487854705,0.3497379398961418,0.9820145111816408,0.3130129438302092,0.5121342255356631,8,2,0.8944271909999159,2500,OverICA,iid,False,5
1,9,9001,18,180001,True,200,False,10,0.9998427436914263,1.4785621049813926,0.3763802919052107,0.3274899014602748,0.569515804832115,1.1094364647763268,0.1861885265033137,0.5248731855125374,8,2,0.8944271909999159,2500,OverICA,iid,False,5
3,7,7001,19,190001,True,172,False,10,0.9810312368856301,0.1153997047804296,0.3156042614146393,0.22595523519636512,0.6286654639457279,1.029426495505599,0.2803752764207057,0.5113355229910846,8,2,0.8944271909999159,2500,OverICA,iid,False,5
3,8,8001,0,1,True,190,False,10,0.9907824984493582,0.09164153784513474,0.35431430341403086,0.24434697048349036,0.8205182441179257,1.0481054906161476,0.24053158902711386,0.527269245117581,8,2,0.8944271909999159,2500,OverICA,iid,False,5
3,8,8001,11,110001,True,167,False,10,0.9794777790118621,0.07429535081610084,0.36435241447628175,0.27165745546184217,0.571884076771641,1.4196723828540723,0.14024089464968167,0.5080262119891839,8,2,0.8944271909999159,2500,OverICA,iid,False,5
3,6,6001,24,240001,True,177,False,10,0.9756608042233618,0.18597878003492951,0.3412174073544458,0.22719369838630246,0.8486140671149418,1.1908590753227695,0.146403827628168,0.5052150676630044,8,2,0.8944271909999159,2500,OverICA,iid,False,5
2,6,6001,12,120001,True,210,False,10,0.9996315059850447,0.9525061715394258,0.21645179643537726,0.17060441384537778,0.35429047922857243,1.0871541415713881,0.1845358393130244,0.5273248702001865,8,2,0.8944271909999159,2500,OverICA,iid,False,5
3,0,1,16,160001,True,168,False,10,0.9853723789948102,0.6238322043791413,0.3812739747713569,0.24216559306237082,0.5590320253520231,1.0918914144654683,0.2977818529900594,0.5118843983385586,8,2,0.8944271909999159,2500,OverICA,iid,False,5
3,6,6001,22,220001,True,166,False,10,0.9680710689134889,0.19751634495332837,0.3520006662914484,0.24813569209482236,0.5329062571165144,1.2659594586697644,0.28282738929904894,0.499216525326603,8,2,0.8944271909999159,2500,OverICA,iid,False,5
3,6,6001,23,230001,True,160,False,10,0.9989003968439116,0.1907136389054358,0.40513285154331624,0.31535340849664784,0.5695869510893687,1.036933541384108,0.21237711368543088,0.49817002430855484,8,2,0.8944271909999159,2500,OverICA,iid,False,5
3,8,8001,13,130001,True,185,False,10,0.9661074327610626,0.07846914418041706,0.3215623746747553,0.2606798160642095,0.6829558503603121,1.0320300586705478,0.20790467101942398,0.5109343867865127,8,2,0.8944271909999159,2500,OverICA,iid,False,5
3,7,7001,7,70001,True,167,False,10,0.9542806331782764,0.16407951060682535,0.21861327238496728,0.1598373312049216,0.4506723085578529,1.0839779998781323,0.3234231356132099,0.5146973245893208,8,2,0.8944271909999159,2500,OverICA,iid,False,5
3,8,8001,15,150001,True,177,False,10,0.9992851310852704,0.07592948991805315,0.3838393141796778,0.25996135748894145,0.5800827032172595,1.4134144316647201,0.21377794828179963,0.498423407304391,8,2,0.8944271909999159,2500,OverICA,iid,False,5
3,7,7001,17,170001,True,181,False,10,0.9845639111384603,0.14058801205828786,0.17145171359312217,0.09519308472422491,0.46988787006959354,1.0565384473776276,0.2395164225365453,0.5120350482486327,8,2,0.8944271909999159,2500,OverICA,iid,False,5
2,2,2001,19,190001,True,182,False,10,0.9810312368856301,1.2682143240235746,0.40899587527223846,0.3356637400616325,0.6893464832839772,1.172349324471461,0.2129793113344579,0.5177805353303278,8,2,0.8944271909999159,2500,OverICA,iid,False,5
3,1,1001,23,230001,True,149,False,10,0.9989003968439116,0.5482938908971846,0.40503985257017877,0.3181330058390661,0.5695869510893687,1.0298077692902894,0.22016051409112772,0.4954888872932479,8,2,0.8944271909999159,2500,OverICA,iid,False,5
3,7,7001,26,260001,True,191,False,10,0.9972085447311474,0.11873879423364997,0.2580102942414676,0.18893690689151554,0.5492879508286921,1.0342412280412394,0.2947516560597313,0.5160806099392945,8,2,0.8944271909999159,2500,OverICA,iid,False,5
3,8,8001,23,230001,True,155,False,10,0.9989003968439116,0.07370994379743934,0.4059114560210988,0.3218178585583866,0.5695869510893687,1.1263902725362602,0.13942145501471448,0.4950080496503773,8,2,0.8944271909999159,2500,OverICA,iid,False,5
2,9,9001,6,60001,True,204,False,10,0.9972620216762228,0.7592629487626255,0.3323159175842696,0.2731130873952621,0.5729822176128365,1.155283149021204,0.15608404601074982,0.5234696877889664,8,2,0.8944271909999159,2500,OverICA,iid,False,5
3,8,8001,22,220001,True,167,False,10,0.9680710689134889,0.08013482298702002,0.3509238785652217,0.2476964065585934,0.5329062571165144,1.2667421935579377,0.2745767117043062,0.5010123935627259,8,2,0.8944271909999159,2500,OverICA,iid,False,5
3,8,8001,14,140001,True,177,False,10,0.947438904593053,0.09280189126729965,0.25670067662013835,0.20440438924059334,0.5174428631600861,1.0852785267795177,0.20898847000945286,0.5116260322911433,8,2,0.8944271909999159,2500,OverICA,iid,False,5
3,8,8001,20,200001,True,171,False,10,0.8851029740946011,0.08657595096156001,0.1515374395023273,0.12400943954751281,0.30040756707616717,1.1810252178749034,0.12519982399068638,0.5081043717830558,8,2,0.8944271909999159,2500,OverICA,iid,False,5
3,8,8001,10,100001,True,167,False,10,0.9931766105792638,0.1098754103295505,0.36490883799529655,0.243955214384966,0.5318772871811672,1.1225140924480235,0.1966641965336536,0.49826852707886793,8,2,0.8944271909999159,2500,OverICA,iid,False,5
3,8,8001,28,280001,True,183,False,10,0.9537230138052385,0.07704726280644536,0.17357097215544962,0.12648127817580984,0.3497379398961418,0.9893254810890972,0.30621044148780197,0.5169903969549895,8,2,0.8944271909999159,2500,OverICA,iid,False,5
3,8,8001,17,170001,True,197,False,10,0.9845639111384603,0.09533015498891473,0.17140529555641856,0.09305487576798872,0.46988787006959354,1.0539232186403447,0.2406614915466519,0.5137972315285734,8,2,0.8944271909999159,2500,OverICA,iid,False,5
3,1,1001,11,110001,True,176,False,10,0.9794777790118621,0.5866806330159307,0.3646699632230078,0.26578275979113786,0.5672671098331308,1.4063648758092806,0.14724180445538373,0.5045466671839874,8,2,0.8944271909999159,2500,OverICA,iid,False,5
3,7,7001,27,270001,True,150,False,10,0.9637177411434601,0.13940519001334906,0.3859362960355702,0.2543220469330041,0.6146794408187655,1.1505260036633325,0.15259377690681158,0.5009882903335778,8,2,0.8944271909999159,2500,OverICA,iid,False,5
3,7,7001,1,10001,True,184,False,10,0.9616997664995592,0.20959541713818908,0.236859775282792,0.17922532179206715,0.4769034124761421,1.1414141862901936,0.1709586635983511,0.5129281416112318,8,2,0.8944271909999159,2500,OverICA,iid,False,5
3,6,6001,8,80001,True,172,False,10,0.9522616095427329,0.2487591551616788,0.3571056407981195,0.2416291612992019,0.7556034781734503,1.2164060094052147,0.2542153415990202,0.5063276171046437,8,2,0.8944271909999159,2500,OverICA,iid,False,5
3,9,9001,6,60001,True,182,False,10,0.9893436677545017,0.07564949197694659,0.25617797319930224,0.1987139593595741,0.4911529781805575,1.1460381702386375,0.1997998819812084,0.5119753330523117,8,2,0.8944271909999159,2500,OverICA,iid,False,5
3,3,3001,9,90001,True,132,False,10,0.9999870486473779,0.4662416595965624,0.42943386564343133,0.3078585133109168,0.8856255884206979,1.0676688662477596,0.26119327888813365,0.49350848831942856,8,2,0.8944271909999159,2500,OverICA,iid,False,5
3,8,8001,5,50001,True,180,False,10,0.99643378553034,0.13807861926034093,0.21803196501394767,0.14868335119146836,0.5666515632238128,0.9653838645566161,0.33255634635404274,0.5100357729967081,8,2,0.8944271909999159,2500,OverICA,iid,False,5
3,5,5001,17,170001,True,206,False,10,0.9845639111384603,0.3141798716969788,0.17184722194261226,0.09547588452844205,0.46988787006959354,1.048117444140163,0.24534368091489328,0.5139405225237458,8,2,0.8944271909999159,2500,OverICA,iid,False,5
3,4,4001,15,150001,True,173,False,10,0.9992851310852704,0.3827534690499306,0.38349768361367226,0.2619824379017421,0.5800827032172595,1.4710683601752752,0.16013949094083352,0.5029135626549669,8,2,0.8944271909999159,2500,OverICA,iid,False,5
3,8,8001,25,250001,True,158,False,10,0.9875552805455196,0.09781489800661802,0.2582750328625008,0.18391446364504038,0.5402347356271,1.0025628186863869,0.31223743748928406,0.498779678354269,8,2,0.8944271909999159,2500,OverICA,iid,False,5
3,1,1001,16,160001,True,170,False,10,0.9853723789948102,0.6032439759001136,0.3813625801481187,0.23985622265089185,0.5590320253520231,1.0890902795533368,0.3013414077785046,0.5092741822662816,8,2,0.8944271909999159,2500,OverICA,iid,False,5
3,7,7001,16,160001,True,167,False,10,0.9853723789948102,0.18958153622224927,0.38170556300058145,0.23662956057555906,0.5590320253520231,1.087170399383655,0.30634265053163345,0.5088709435146647,8,2,0.8944271909999159,2500,OverICA,iid,False,5
3,9,9001,7,70001,True,167,False,10,0.9542806331782764,0.08516635000705719,0.21518816680347014,0.15277590112446457,0.4506723085578529,1.0065702840310404,0.31913631978484946,0.506737870015696,8,2,0.8944271909999159,2500,OverICA,iid,False,5
3,9,9001,1,10001,True,180,False,10,0.9616997664995592,0.09678072528913617,0.24650190932717514,0.1829582491949791,0.4769034124761421,1.1451579450658804,0.17118603777678215,0.5120301875730542,8,2,0.8944271909999159,2500,OverICA,iid,False,5
3,6,6001,29,290001,True,193,False,10,0.9772948404726376,0.2305468418635428,0.3304639115174277,0.2306225264559023,0.8013519339599776,1.0476474347322295,0.3262936112190548,0.520111846485597,8,2,0.8944271909999159,2500,OverICA,iid,False,5
3,5,5001,6,60001,True,182,False,10,0.9893436677545017,0.3430002760142088,0.2705433842860769,0.20386940155601566,0.5295863244867527,1.0448412013896755,0.26853145483810736,0.5115792030738368,8,2,0.8944271909999159,2500,OverICA,iid,False,5
3,6,6001,4,40001,True,176,False,10,0.9976324277964014,0.2676215120591223,0.3590891463449522,0.23886370195380888,0.4348784838582293,1.232487929375181,0.251397932705024,0.5047386152791896,8,2,0.8944271909999159,2500,OverICA,iid,False,5
3,8,8001,19,190001,True,168,False,10,0.9810312368856301,0.1205447711981833,0.31560400523427634,0.22636106765276703,0.6213358817389625,1.0328572089103247,0.2781008100624728,0.5049515045371405,8,2,0.8944271909999159,2500,OverICA,iid,False,5
3,4,4001,17,170001,True,202,False,10,0.9845639111384603,0.39278391376137733,0.17498130673436568,0.09974495619823733,0.46988787006959354,1.0655546151251778,0.2415145279656433,0.5173476313503096,8,2,0.8944271909999159,2500,OverICA,iid,False,5
2,7,7001,23,230001,True,173,False,10,0.9989003968439116,0.9072042535990477,0.5175090766014532,0.4441111262433478,0.7849501783618953,1.1183249658748875,0.18619748380967083,0.5035142458127011,8,2,0.8944271909999159,2500,OverICA,iid,False,5
3,8,8001,16,160001,True,170,False,10,0.9853723789948102,0.12856654077768326,0.3814652029301542,0.2373111175153105,0.5590320253520231,1.0877784556233674,0.30463083416608466,0.5094373087102781,8,2,0.8944271909999159,2500,OverICA,iid,False,5
3,5,5001,11,110001,True,172,False,10,0.9794777790118621,0.3386871940456331,0.36446703534948327,0.2646823353155332,0.5664284747923674,1.4042482552309605,0.14740103584327194,0.5054962675703631,8,2,0.8944271909999159,2500,OverICA,iid,False,5
3,1,1001,20,200001,True,181,False,10,0.8851029740946011,0.6086361506022513,0.15015714470198865,0.12268515639781277,0.30040756707616717,1.1798645060995872,0.1239534281755488,0.5109293192416705,8,2,0.8944271909999159,2500,OverICA,iid,False,5
3,4,4001,27,270001,True,169,False,10,0.9637177411434601,0.36903511825948954,0.3860720621047079,0.2573051948791068,0.6146794408187655,1.1546493689324961,0.15641720201571013,0.5036818355379568,8,2,0.8944271909999159,2500,OverICA,iid,False,5
3,1,1001,0,1,True,191,False,10,0.9907824984493582,0.6494170781224966,0.35497036971106843,0.2517269144724089,0.8205182441179257,1.0425974848102606,0.24030462212804923,0.5194773029820059,8,2,0.8944271909999159,2500,OverICA,iid,False,5
3,9,9001,17,170001,True,217,False,10,0.9845639111384603,0.07780642807483673,0.17506983182347918,0.09784199803051669,0.46988787006959354,1.062765141842092,0.23908408029416295,0.5154901008229285,8,2,0.8944271909999159,2500,OverICA,iid,False,5
3,8,8001,12,120001,True,179,False,10,0.9996315059850447,0.14656656282022595,0.3750225256911171,0.29925181679113794,0.6776234949348868,1.5884136260060764,0.10831786973420647,0.516332759064062,8,2,0.8944271909999159,2500,OverICA,iid,False,5
3,8,8001,8,80001,True,174,False,10,0.9522616095427329,0.16335261473432183,0.3571533405427492,0.24214492748287203,0.7636119222802223,1.2327060622959187,0.24904202275298126,0.5110565255982873,8,2,0.8944271909999159,2500,OverICA,iid,False,5
3,9,9001,12,120001,True,177,False,10,0.9996315059850447,0.09557652333751321,0.3743584984044886,0.297708602856414,0.6731028520644673,1.5630690577484407,0.10746978842135427,0.5187725211879639,8,2,0.8944271909999159,2500,OverICA,iid,False,5
4,0,1,2,20001,True,159,False,10,0.9555605313928813,0.06482663191854954,0.2556363574938194,0.16212758624877333,0.5635294467326046,1.0988688223760799,0.24586333303593388,0.5094012335025156,8,2,0.8944271909999159,2500,OverICA,iid,False,5
3,4,4001,21,210001,True,177,False,10,0.9993315980120375,0.4121343200094998,0.36539429903611725,0.2666882561265438,1.0885977485993275,1.209681488944169,0.25924248616060586,0.5102814233973568,8,2,0.8944271909999159,2500,OverICA,iid,False,5
3,9,9001,16,160001,True,174,False,10,0.9853723789948102,0.09897040110081434,0.38130054761495663,0.2400743736269007,0.5590320253520231,1.087910931205275,0.3026005984637644,0.511035882851124,8,2,0.8944271909999159,2500,OverICA,iid,False,5
3,9,9001,23,230001,True,159,False,10,0.9989003968439116,0.08300890401005745,0.4074218492147235,0.3249238946703237,0.5695869510893687,1.0361240884599263,0.21326918079087767,0.49461535732916473,8,2,0.8944271909999159,2500,OverICA,iid,False,5
3,9,9001,19,190001,True,174,False,10,0.9810312368856301,0.08964553102850914,0.31569298240657667,0.22790009958837848,0.6318964388828392,1.031274304714186,0.27704135394388085,0.5061292575767589,8,2,0.8944271909999159,2500,OverICA,iid,False,5
3,3,3001,10,100001,True,161,False,10,0.9931766105792638,0.5141926808282733,0.36415295780963264,0.23913485865071843,0.5361083357416495,1.129895750275278,0.19517540255706517,0.49582914273127826,8,2,0.8944271909999159,2500,OverICA,iid,False,5
4,0,1,0,1,True,165,False,10,0.9515177591470793,0.07376104407012463,0.3389619749723993,0.2159968590465724,0.8205182441179257,1.016920294681077,0.32290038861467185,0.5134814795209903,8,2,0.8944271909999159,2500,OverICA,iid,False,5
4,0,1,4,40001,True,146,False,10,0.9976324277964014,0.06671677902340889,0.36069198375468,0.22809299681848355,0.762377336629094,1.2527715770948011,0.3801866676275152,0.483327005685007,8,2,0.8944271909999159,2500,OverICA,iid,False,5
4,0,1,6,60001,True,147,False,10,0.9043416724419242,0.06507010012865067,0.2344293984184595,0.16523457861057333,0.4940130103450662,1.1268218998775188,0.27072268427707225,0.4955379569542064,8,2,0.8944271909999159,2500,OverICA,iid,False,5
3,6,6001,1,10001,True,179,False,10,0.9616997664995592,0.308076670859009,0.24257871189383665,0.1861222179797401,0.4769034124761421,1.1376403978311485,0.17176655182728368,0.5127485105670592,8,2,0.8944271909999159,2500,OverICA,iid,False,5
3,3,3001,16,160001,True,166,False,10,0.9853723789948102,0.5084062279202044,0.3812041499173637,0.23988585820832112,0.5590320253520231,1.0895147293200063,0.30260769266835097,0.5101235641042249,8,2,0.8944271909999159,2500,OverICA,iid,False,5
3,8,8001,3,30001,True,171,False,10,0.9892594493911565,0.20186834735795856,0.2572431375450512,0.16795801077338934,0.6697465565746046,1.1665035897909342,0.11621059998484766,0.516253383506205,8,2,0.8944271909999159,2500,OverICA,iid,False,5
3,9,9001,28,280001,True,185,False,10,0.9537230138052385,0.08849853882566094,0.17298050032086382,0.12690850950866128,0.3497379398961418,0.9824692209820352,0.31105445754591166,0.5132414948141377,8,2,0.8944271909999159,2500,OverICA,iid,False,5
3,5,5001,0,1,True,188,False,10,0.9907824984493582,0.4075231687165797,0.3544759634507003,0.24698502172434186,0.8205182441179257,1.0448444758352629,0.23876058984801363,0.523128538544239,8,2,0.8944271909999159,2500,OverICA,iid,False,5
4,0,1,12,120001,True,148,False,10,0.9966573444157544,0.06456311419606209,0.3509578256936051,0.25556366301694783,0.6757376018497598,1.4079645863406083,0.15545936943255148,0.5010672138048379,8,2,0.8944271909999159,2500,OverICA,iid,False,5
4,0,1,11,110001,True,148,False,10,0.9794777790118621,0.06488803122192621,0.3913472368880275,0.2717801283892789,0.5825344711069228,1.1080076974188133,0.278443366426348,0.49139798762691206,8,2,0.8944271909999159,2500,OverICA,iid,False,5
3,5,5001,26,260001,True,189,False,10,0.9972085447311474,0.3449223442003131,0.2574223449697488,0.18416833708086439,0.5492879508286921,1.035023793912408,0.29252163266532893,0.518677492081301,8,2,0.8944271909999159,2500,OverICA,iid,False,5
3,9,9001,24,240001,True,167,False,10,0.9756608042233618,0.09066577488556504,0.3418213643092416,0.22933992418742621,0.8486140671149418,1.1735548174985495,0.1486772719672454,0.5003810452026454,8,2,0.8944271909999159,2500,OverICA,iid,False,5
3,4,4001,29,290001,True,185,False,10,0.9772948404726376,0.4109647567383945,0.3299065623415219,0.22716979039301977,0.8013519339599776,1.0437494099697566,0.33010774589537306,0.5183489603663507,8,2,0.8944271909999159,2500,OverICA,iid,False,5
3,9,9001,25,250001,True,167,False,10,0.9875552805455196,0.10125429695472121,0.257398437706253,0.17949704628767768,0.5402347356271,1.0027327029831414,0.30981920911699723,0.5069240582022448,8,2,0.8944271909999159,2500,OverICA,iid,False,5
3,7,7001,0,1,True,196,False,10,0.9907824984493582,0.29325008718296885,0.3544861641499254,0.24745972710318892,0.8205182441179257,1.0460041544975478,0.24348472374743474,0.5262028291167077,8,2,0.8944271909999159,2500,OverICA,iid,False,5
4,0,1,19,190001,True,136,False,10,0.9810312368856301,0.06442804401740432,0.2987958835848849,0.20065506640293768,0.5925408210875794,1.0026836732885527,0.3463353629043349,0.4882159369984203,8,2,0.8944271909999159,2500,OverICA,iid,False,5
4,0,1,15,150001,True,156,False,10,0.8850068338542072,0.07357476511970162,0.347109000766652,0.23828472755665203,0.5800827032172595,1.4847536348390777,0.1643458350293389,0.49362685684159685,8,2,0.8944271909999159,2500,OverICA,iid,False,5
4,0,1,10,100001,True,141,False,10,0.919003158812585,0.07802405580878258,0.16051256101795178,0.10760433125645982,0.2978116814676883,1.2463666422136614,0.136972533186417,0.4928876354543456,8,2,0.8944271909999159,2500,OverICA,iid,False,5
4,0,1,17,170001,True,146,False,10,0.9671549169961396,0.06961051095277071,0.16243590991125492,0.07796475351655495,0.46988787006959354,0.8881755701899084,0.45843488462538184,0.500239537644258,8,2,0.8944271909999159,2500,OverICA,iid,False,5
4,0,1,14,140001,True,156,False,10,0.947438904593053,0.0799841727130115,0.2360546489822259,0.15815056099677496,0.2830715862919544,1.0941099087778847,0.25535194760069246,0.5114668811019144,8,2,0.8944271909999159,2500,OverICA,iid,False,5
4,0,1,21,210001,True,151,False,10,0.9942478343957997,0.07245593285188079,0.28618813953916633,0.19585947402435266,0.7036026209892797,1.1946855529682985,0.13658229307674274,0.4983038054040958,8,2,0.8944271909999159,2500,OverICA,iid,False,5
3,5,5001,22,220001,True,177,False,10,0.9680710689134889,0.38100611977279186,0.3522811460637345,0.25044785718665197,0.5329062571165144,1.275211819233306,0.27354923488802385,0.5001388107742155,8,2,0.8944271909999159,2500,OverICA,iid,False,5
3,7,7001,18,180001,True,157,False,10,0.9998427436914263,0.258026584982872,0.4330791824614007,0.36332244965853006,0.7202366038286045,1.0507257945199182,0.3024571328762003,0.49672779750021,8,2,0.8944271909999159,2500,OverICA,iid,False,5
3,7,7001,13,130001,True,174,False,10,0.9661074327610626,0.27198336366564035,0.32147324391204124,0.2578258833355171,0.6829558503603121,1.0327433041318383,0.2090430908144758,0.5087264706929274,8,2,0.8944271909999159,2500,OverICA,iid,False,5
3,8,8001,18,180001,True,154,False,10,0.9998427436914263,0.19768355367705226,0.43318772194347094,0.3649937784905923,0.7202366038286045,1.045235084763974,0.308801401615162,0.4997151969487859,8,2,0.8944271909999159,2500,OverICA,iid,False,5
3,9,9001,15,150001,True,178,False,10,0.9992851310852704,0.14241261966526508,0.3811695248998246,0.2590903378571053,0.5800827032172595,1.5201465022579075,0.15333315798481348,0.5008698310089283,8,2,0.8944271909999159,2500,OverICA,iid,False,5
4,1,1001,3,30001,True,149,False,10,0.9892594493911565,0.06443426385521889,0.25076509840752975,0.15445163009550011,0.6697465565746046,1.2210094740260866,0.14378953757364893,0.49539632153194396,8,2,0.8944271909999159,2500,OverICA,iid,False,5
3,8,8001,27,270001,True,168,False,10,0.9637177411434601,0.1843874198384583,0.38679668990280053,0.2591389345942952,0.6146794408187655,1.0927835570502515,0.259061779789326,0.502240542780868,8,2,0.8944271909999159,2500,OverICA,iid,False,5
3,9,9001,29,290001,True,186,False,10,0.9772948404726376,0.12346472311764956,0.3440652425418159,0.22982768953771973,0.8013519339599776,1.0502338233159825,0.32760323997657953,0.5169476185543614,8,2,0.8944271909999159,2500,OverICA,iid,False,5
3,6,6001,12,120001,True,183,False,10,0.9996315059850447,0.3421160518191755,0.37789778112514505,0.29318706599052036,0.6503959041456047,1.6320705974278336,0.10760210600341183,0.5154376876978114,8,2,0.8944271909999159,2500,OverICA,iid,False,5
4,0,1,3,30001,True,142,False,10,0.9892594493911565,0.11337441904470325,0.25048895862926535,0.15651447511773578,0.6697465565746046,1.0772209951160059,0.27102204951742703,0.49853759803815917,8,2,0.8944271909999159,2500,OverICA,iid,False,5
4,0,1,7,70001,True,144,False,10,0.9542806331782764,0.10930853430181742,0.2342986509262765,0.1455505701224996,0.49149245549201,0.9915870946831937,0.3870681920721835,0.5036695722410554,8,2,0.8944271909999159,2500,OverICA,iid,False,5
3,7,7001,4,40001,True,174,False,10,0.9976324277964014,0.30576136568561196,0.35364184003853905,0.23147506294443826,0.4348784838582293,1.1426546183812325,0.2423862159425199,0.5114085164984341,8,2,0.8944271909999159,2500,OverICA,iid,False,5
3,6,6001,10,100001,True,159,False,10,0.9931766105792638,0.34944693418219686,0.35916669061673784,0.23681912344631667,0.5091625454183948,1.2374606097017793,0.099272712862887,0.4965608429922202,8,2,0.8944271909999159,2500,OverICA,iid,False,5
2,3,3001,4,40001,True,198,False,10,0.9976324277964014,1.376350135076791,0.38597436852283606,0.29241036714576246,0.8038136184555277,1.1245528571656076,0.2350843507533111,0.5144275212183829,8,2,0.8944271909999159,2500,OverICA,iid,False,5
4,0,1,1,10001,True,163,False,10,0.9616997664995592,0.12081036018207669,0.28044843663595154,0.20555738064389695,0.39002822377272883,1.1206053755197012,0.23951493778662347,0.5072699475341711,8,2,0.8944271909999159,2500,OverICA,iid,False,5
3,0,1,25,250001,True,163,False,10,0.9875552805455196,0.7503876658156514,0.2575094956178885,0.1810702054597424,0.5402347356271,1.005688433978246,0.30724961761999436,0.5067078678331323,8,2,0.8944271909999159,2500,OverICA,iid,False,5
3,9,9001,2,20001,True,192,False,10,0.971529244842938,0.19382722908630967,0.27391762782769624,0.19628011020886935,0.6236909449772143,1.138790803033063,0.2876956231220906,0.5202703472052602,8,2,0.8944271909999159,2500,OverICA,iid,False,5
3,9,9001,22,220001,True,162,False,10,0.9680710689134889,0.14127432834357023,0.35106305154519785,0.24531336025948564,0.5329062571165144,1.2711519777398188,0.27809067605627547,0.5061238115781169,8,2,0.8944271909999159,2500,OverICA,iid,False,5
2,3,3001,12,120001,True,206,False,10,0.9996315059850447,1.352673158980906,0.21505323113869612,0.1683635603493985,0.35429047922857243,1.0777759566124157,0.1892759455148042,0.5278046222442092,8,2,0.8944271909999159,2500,OverICA,iid,False,5
3,8,8001,9,90001,True,131,False,10,0.9999870486473779,0.23439123714342713,0.42504671087120416,0.31016380178544056,0.8856255884206979,1.199506505305785,0.1266901247169429,0.4920061505388777,8,2,0.8944271909999159,2500,OverICA,iid,False,5
4,1,1001,10,100001,True,141,False,10,0.919003158812585,0.06396042695268989,0.161320688430705,0.10590791446593345,0.2978116814676883,1.2525357931770729,0.13671204299706485,0.4887986172191128,8,2,0.8944271909999159,2500,OverICA,iid,False,5
4,0,1,5,50001,True,154,False,10,0.9626727389923777,0.11876476276665926,0.35672337672667775,0.2095415424605416,0.5430261703810942,0.8542259909834417,0.47468857781232426,0.5037969821851849,8,2,0.8944271909999159,2500,OverICA,iid,False,5
4,0,1,9,90001,True,117,False,10,0.9998171673000845,0.11390244495123625,0.320374350310639,0.1974604209522672,0.8805451011632297,1.2259148072731458,0.054884136427243956,0.4809102808422815,8,2,0.8944271909999159,2500,OverICA,iid,False,5
4,0,1,16,160001,True,139,False,10,0.948658688712603,0.1107016452588141,0.35768475305820413,0.1916881910014002,0.38778120355924045,1.2950626322009735,0.3172084316309223,0.48788138804692843,8,2,0.8944271909999159,2500,OverICA,iid,False,5
3,8,8001,21,210001,True,171,False,10,0.9993315980120375,0.20419997163116932,0.36698354279993906,0.2696004237038702,1.0885977485993275,1.303851199090016,0.16838759797042385,0.5094158997234024,8,2,0.8944271909999159,2500,OverICA,iid,False,5
4,1,1001,6,60001,True,146,False,10,0.9043416724419242,0.06761229410767555,0.23477481263309094,0.15777850871771612,0.49976246605181945,1.1295391279186728,0.27740913838178805,0.4994827997326679,8,2,0.8944271909999159,2500,OverICA,iid,False,5
3,6,6001,26,260001,True,184,False,10,0.9972085447311474,0.3381614573299885,0.257539423707664,0.18432775806727683,0.5492879508286921,1.0406788451809654,0.2895531756033011,0.5192481751424384,8,2,0.8944271909999159,2500,OverICA,iid,False,5
3,4,4001,1,10001,True,183,False,10,0.9616997664995592,0.5305916047655046,0.2421448057881069,0.18228286695607218,0.4769034124761421,1.1369885804765603,0.17366520165928634,0.5111615892694915,8,2,0.8944271909999159,2500,OverICA,iid,False,5
4,1,1001,5,50001,True,156,False,10,0.9626727389923777,0.0718371169641614,0.35623049160052733,0.20691065523253874,0.5430261703810942,0.8578589706229545,0.46858207604463253,0.5047138535789645,8,2,0.8944271909999159,2500,OverICA,iid,False,5
4,0,1,20,200001,True,152,False,10,0.817312718246744,0.10575727699324489,0.1896703837209688,0.12219570093441348,0.4438713782021856,0.9449475615503803,0.40283179654236756,0.5004992597774688,8,2,0.8944271909999159,2500,OverICA,iid,False,5
3,8,8001,6,60001,True,174,False,10,0.9893436677545017,0.25280182901769876,0.27053297695199674,0.20136266371359762,0.5173057869382331,1.0495475410877384,0.2657155080356947,0.5106966542230583,8,2,0.8944271909999159,2500,OverICA,iid,False,5
4,1,1001,15,150001,True,160,False,10,0.8850068338542072,0.06591610424220562,0.34713489276809245,0.23929456153149503,0.5800827032172595,1.3541266980484479,0.3067394385166741,0.49831026720089994,8,2,0.8944271909999159,2500,OverICA,iid,False,5
4,1,1001,11,110001,True,152,False,10,0.9794777790118621,0.07001835806295276,0.39100233652168814,0.27203705781257226,0.5627211584996461,1.123167233012357,0.27208849020855064,0.49442777438395336,8,2,0.8944271909999159,2500,OverICA,iid,False,5
4,0,1,22,220001,True,146,False,10,0.9680710689134889,0.10090990783646703,0.2765966527451489,0.2095540036719867,0.6374615544041817,1.2348279544772192,0.26579329076345737,0.491245807056823,8,2,0.8944271909999159,2500,OverICA,iid,False,5
3,4,4001,10,100001,True,155,False,10,0.9931766105792638,0.5167011148296297,0.35902455716718806,0.23478171258724714,0.4916529188767578,1.2432199446809826,0.09905519851896773,0.5059394900179998,8,2,0.8944271909999159,2500,OverICA,iid,False,5
4,0,1,27,270001,True,133,False,10,0.9272344365261603,0.10031305300071836,0.21467330035473958,0.12380654357667768,0.6146884290900014,1.0356086341556006,0.2683228772607509,0.4944156448790306,8,2,0.8944271909999159,2500,OverICA,iid,False,5
3,7,7001,5,50001,True,185,False,10,0.99643378553034,0.3273810474202037,0.21785141630088486,0.14554570452650883,0.5666515632238128,0.9678107147011108,0.3329047207870348,0.514208298943361,8,2,0.8944271909999159,2500,OverICA,iid,False,5
4,1,1001,7,70001,True,146,False,10,0.9542806331782764,0.07340267580002546,0.23133997066958997,0.1438844551387588,0.49149245549201,1.0633913965169317,0.2771350010979741,0.5020603360804876,8,2,0.8944271909999159,2500,OverICA,iid,False,5
3,6,6001,18,180001,True,149,False,10,0.9998427436914263,0.36263385927304626,0.4333272246794474,0.3664887085227967,0.7202366038286045,1.056074920196933,0.3021961182086369,0.49991102100740975,8,2,0.8944271909999159,2500,OverICA,iid,False,5
4,1,1001,14,140001,True,158,False,10,0.947438904593053,0.06950713088735938,0.23176652038590234,0.15678769811740095,0.2830715862919544,1.092358487500693,0.25746998126601967,0.5126195830507856,8,2,0.8944271909999159,2500,OverICA,iid,False,5
4,1,1001,9,90001,True,115,False,10,0.9998171673000845,0.07750133005902171,0.3223002026726011,0.19347648498383552,0.8805451011632297,1.2268185796706277,0.05653905862855053,0.47891979675413365,8,2,0.8944271909999159,2500,OverICA,iid,False,5
3,7,7001,3,30001,True,184,False,10,0.9892594493911565,0.34381054108962417,0.253216931356357,0.16148381957678115,0.6697465565746046,1.2537870388774217,0.11983687289681824,0.5157466932998992,8,2,0.8944271909999159,2500,OverICA,iid,False,5
4,1,1001,28,280001,True,152,False,10,0.9537230138052385,0.06397313671186566,0.3345962558513311,0.19605445514892478,0.5303850855940755,1.3032746812462999,0.29960886684779026,0.5037275448477033,8,2,0.8944271909999159,2500,OverICA,iid,False,5
4,1,1001,8,80001,True,153,False,10,0.9522616095427329,0.09404890332370996,0.2249411257843414,0.16065056486843668,0.4735961427246076,0.9775064400002464,0.3850502867006229,0.504757239715674,8,2,0.8944271909999159,2500,OverICA,iid,False,5
3,8,8001,29,290001,True,188,False,10,0.9772948404726376,0.23190844291821122,0.32912889967753645,0.22752503872163893,0.8013519339599776,1.0608245865342232,0.325486722347136,0.5179085217596238,8,2,0.8944271909999159,2500,OverICA,iid,False,5
3,6,6001,15,150001,True,186,False,10,0.9992851310852704,0.38996197283267975,0.3839732532861508,0.2590695521655001,0.5800827032172595,1.4862529429678482,0.1624524384155362,0.4982284813334024,8,2,0.8944271909999159,2500,OverICA,iid,False,5
4,1,1001,13,130001,True,157,False,10,0.9449035853290825,0.09538436401635408,0.2287082343674044,0.17264887891130412,0.45144415040100117,0.9471804482111734,0.4065637846696978,0.502689364347598,8,2,0.8944271909999159,2500,OverICA,iid,False,5
4,2,2001,1,10001,True,160,False,10,0.9616997664995592,0.06894447468221188,0.2846730277084385,0.20101305054965207,0.37046537637457577,1.1149783391682315,0.24733905475622314,0.5045005734874461,8,2,0.8944271909999159,2500,OverICA,iid,False,5
4,0,1,18,180001,True,132,False,10,0.9847645484685986,0.13843677705153823,0.2559533906887518,0.17337636066615164,0.5669497508931297,1.1105966845285287,0.2709327255666755,0.49192284618341603,8,2,0.8944271909999159,2500,OverICA,iid,False,5
4,1,1001,29,290001,True,160,False,10,0.8639295756605132,0.07125095091760159,0.34497684425192343,0.18799253138908767,0.6553426972285912,0.8840897380735919,0.4442820337798551,0.5069347623968004,8,2,0.8944271909999159,2500,OverICA,iid,False,5
3,5,5001,21,210001,True,180,False,10,0.9993315980120375,0.4447087091393769,0.3667363517606804,0.27215575282250765,1.0885977485993275,1.324707680631731,0.1676921408029183,0.5054587389809055,8,2,0.8944271909999159,2500,OverICA,iid,False,5
2,9,9001,14,140001,True,209,False,10,0.947438904593053,0.9055988737381995,0.2654961131141734,0.1890762863825005,0.553096438226209,1.0422127225504167,0.24784958585398487,0.5242745281830518,8,2,0.8944271909999159,2500,OverICA,iid,False,5
3,9,9001,27,270001,True,159,False,10,0.9637177411434601,0.1823326926678419,0.3859729350421965,0.2576070730641825,0.6146794408187655,1.163380359036865,0.1502045610884971,0.5008172526605996,8,2,0.8944271909999159,2500,OverICA,iid,False,5
4,1,1001,22,220001,True,140,False,10,0.9680710689134889,0.08509608963504434,0.2833128474463655,0.2176950920546246,0.6374615544041817,1.11046210433696,0.2734354091186143,0.49076489720338423,8,2,0.8944271909999159,2500,OverICA,iid,False,5
4,2,2001,3,30001,True,148,False,10,0.9892594493911565,0.06759849330410361,0.2601794278712186,0.15689325613905147,0.6697465565746046,1.1543490897587336,0.25915432678831923,0.49664156986820873,8,2,0.8944271909999159,2500,OverICA,iid,False,5
4,0,1,8,80001,True,149,False,10,0.9522616095427329,0.16263116989284754,0.22500964881494864,0.16025895838511578,0.4735961427246076,0.9787243604900813,0.38800650504850076,0.5036865137215025,8,2,0.8944271909999159,2500,OverICA,iid,False,5
4,2,2001,0,1,True,165,False,10,0.9515177591470793,0.07901199022307992,0.3384620920665673,0.21097609915214666,0.8205182441179257,0.8993046056970656,0.4382756549738419,0.5059908827577476,8,2,0.8944271909999159,2500,OverICA,iid,False,5
3,9,9001,9,90001,True,141,False,10,0.9999870486473779,0.2303631529211998,0.42944850002150087,0.3092609640027585,0.8856255884206979,1.0640249726368125,0.26215669280975396,0.48871609070258154,8,2,0.8944271909999159,2500,OverICA,iid,False,5
4,1,1001,20,200001,True,152,False,10,0.817312718246744,0.09299496002495289,0.1895679638993985,0.12188618323842575,0.4438713782021856,0.9438447143981612,0.4007929478319193,0.49270432574296685,8,2,0.8944271909999159,2500,OverICA,iid,False,5
4,0,1,23,230001,True,128,False,10,0.9973947341378636,0.14668552298098803,0.23028576471156204,0.16559654024001588,0.5573152193857185,1.152083762082689,0.17745504922172503,0.487606178000519,8,2,0.8944271909999159,2500,OverICA,iid,False,5
4,2,2001,10,100001,True,136,False,10,0.919003158812585,0.06722192699089646,0.16033355549396355,0.10489795927450911,0.2978116814676883,1.2525387114435929,0.13806307377621316,0.49026045014669845,8,2,0.8944271909999159,2500,OverICA,iid,False,5
3,9,9001,11,110001,True,167,False,10,0.9794777790118621,0.2288550129160285,0.3651947396572816,0.27117045327072353,0.5581716259133671,1.4041030472671336,0.14389868702991593,0.5056233328157171,8,2,0.8944271909999159,2500,OverICA,iid,False,5
3,3,3001,25,250001,True,158,False,10,0.9875552805455196,0.5909341862425208,0.25700544064536934,0.1763430303698868,0.5402347356271,0.9994125850124119,0.31538812872906885,0.5062139984076269,8,2,0.8944271909999159,2500,OverICA,iid,False,5
4,2,2001,15,150001,True,151,False,10,0.8850068338542072,0.06566577591001987,0.34699166795153585,0.23925579985891363,0.5800827032172595,1.3624895791924203,0.303546963588035,0.49530960876605484,8,2,0.8944271909999159,2500,OverICA,iid,False,5
4,1,1001,21,210001,True,171,False,10,0.9942478343957997,0.09999772487208247,0.28181993812695905,0.1947052973136119,0.7036026209892797,1.097578358737661,0.2773036617968682,0.5047981349963779,8,2,0.8944271909999159,2500,OverICA,iid,False,5
4,2,2001,14,140001,True,155,False,10,0.947438904593053,0.06769014289602637,0.23501492183385067,0.15814273768337644,0.2830715862919544,1.0814121211850232,0.2620037666407571,0.5061404645025125,8,2,0.8944271909999159,2500,OverICA,iid,False,5
3,8,8001,7,70001,True,164,False,10,0.9542806331782764,0.3025474874302745,0.2157813437001276,0.15521925479391882,0.4506723085578529,1.0023097636617577,0.32097535054958,0.5092528106164291,8,2,0.8944271909999159,2500,OverICA,iid,False,5
3,6,6001,27,270001,True,162,False,10,0.9637177411434601,0.39777078200131655,0.38664802575294605,0.2588203980488716,0.6146794408187655,1.0937211412823218,0.26062875098834387,0.5035119094771213,8,2,0.8944271909999159,2500,OverICA,iid,False,5
3,5,5001,23,230001,True,143,False,10,0.9989003968439116,0.46607390232384205,0.40494706123050656,0.3201495817180332,0.5695869510893687,1.124362526693639,0.13733932025773823,0.49264427506468245,8,2,0.8944271909999159,2500,OverICA,iid,False,5
4,1,1001,4,40001,True,151,False,10,0.9976324277964014,0.14057361287996173,0.36071355353899,0.23072679045617434,0.762377336629094,1.3332793461774797,0.2623220145351113,0.48705682301296876,8,2,0.8944271909999159,2500,OverICA,iid,False,5
3,8,8001,2,20001,True,179,False,10,0.971529244842938,0.31850998383015394,0.27407382363938443,0.19419867630627202,0.6236909449772143,1.139508718614831,0.2887389663579859,0.5202152868221783,8,2,0.8944271909999159,2500,OverICA,iid,False,5
4,1,1001,26,260001,True,158,False,10,0.9972085447311474,0.10691660037264228,0.25613186636188506,0.1756795722043106,0.5492879508286921,0.9809644748232147,0.3960102386385618,0.5031277435610862,8,2,0.8944271909999159,2500,OverICA,iid,False,5
3,9,9001,4,40001,True,181,False,10,0.9976324277964014,0.2560117980465293,0.3573479667169966,0.2358628618874732,0.4348784838582293,1.2321228268775843,0.25323779618111847,0.5113714133808568,8,2,0.8944271909999159,2500,OverICA,iid,False,5
4,1,1001,23,230001,True,130,False,10,0.9973947341378636,0.11015955917537212,0.22721269883305148,0.16746139763361295,0.5573152193857185,1.1358663400760323,0.1773085179331231,0.4902160379034598,8,2,0.8944271909999159,2500,OverICA,iid,False,5
4,2,2001,22,220001,True,151,False,10,0.9680710689134889,0.06527221901342273,0.2834750324827166,0.21730214856262048,0.6374615544041817,1.1140192693270214,0.2742829754131523,0.4881474495180783,8,2,0.8944271909999159,2500,OverICA,iid,False,5
4,1,1001,19,190001,True,140,False,10,0.9810312368856301,0.11548351496458054,0.2989338015876699,0.20568967434920502,0.6267791711894425,1.0032735216859838,0.3520552540857369,0.49726054014826193,8,2,0.8944271909999159,2500,OverICA,iid,False,5
4,2,2001,11,110001,True,143,False,10,0.9794777790118621,0.08761800406500697,0.39123063125797897,0.2689291817874626,0.5737164058466441,1.1209369875518407,0.2754734384633784,0.4921506432502019,8,2,0.8944271909999159,2500,OverICA,iid,False,5
3,2,2001,17,170001,True,207,False,10,0.9845639111384603,0.6948231048882008,0.17129760409953643,0.0935545403698091,0.46988787006959354,1.0599764562548253,0.2407657700158241,0.5116518930416838,8,2,0.8944271909999159,2500,OverICA,iid,False,5
3,9,9001,21,210001,True,170,False,10,0.9993315980120375,0.2304302230477333,0.3666421933188884,0.2707123383557046,1.0885977485993275,1.3195061920023428,0.16804259723971232,0.5086261420300975,8,2,0.8944271909999159,2500,OverICA,iid,False,5
3,9,9001,0,1,True,191,False,10,0.9907824984493582,0.2798149441368878,0.35419747107956673,0.24479386204839138,0.8205182441179257,0.9662874140923344,0.33323765845567865,0.5284799730825865,8,2,0.8944271909999159,2500,OverICA,iid,False,5
4,1,1001,25,250001,True,142,False,10,0.9390357063721466,0.11696091527119279,0.18955369098744032,0.1327875942121317,0.38230679447675164,1.080337600632803,0.308142475232592,0.49419385998228965,8,2,0.8944271909999159,2500,OverICA,iid,False,5
4,2,2001,23,230001,True,129,False,10,0.9973947341378636,0.07990829413756728,0.226971992525619,0.16676360311160032,0.5573152193857185,1.1417284648551536,0.17852107662378275,0.4853118206088574,8,2,0.8944271909999159,2500,OverICA,iid,False,5
4,3,3001,2,20001,True,160,False,10,0.9555605313928813,0.06752634420990944,0.2555677029816355,0.1627436938120241,0.5635294467326046,1.0972300930667578,0.24320577038982116,0.510838463021159,8,2,0.8944271909999159,2500,OverICA,iid,False,5
3,7,7001,22,220001,True,160,False,10,0.9680710689134889,0.35816018795594573,0.35070361082095586,0.24525936193319336,0.5329062571165144,1.2714210151475238,0.2749978772444742,0.5009005023131161,8,2,0.8944271909999159,2500,OverICA,iid,False,5
4,3,3001,3,30001,True,147,False,10,0.9892594493911565,0.06583990529179573,0.2517051379957693,0.155957093329276,0.6697465565746046,1.0784293371118812,0.26993447942803966,0.5049635931238319,8,2,0.8944271909999159,2500,OverICA,iid,False,5
4,2,2001,17,170001,True,144,False,10,0.9671549169961396,0.0787524119950831,0.16170157196465249,0.0754523937122776,0.46988787006959354,0.9086682415108548,0.44586943181365685,0.5021545125902656,8,2,0.8944271909999159,2500,OverICA,iid,False,5
3,9,9001,14,140001,True,183,False,10,0.947438904593053,0.24945836002007127,0.27491797423306263,0.20262139304981713,0.5174428631600861,1.0340556411224209,0.29404270468859217,0.5154894826728094,8,2,0.8944271909999159,2500,OverICA,iid,False,5
4,3,3001,5,50001,True,168,False,10,0.9626727389923777,0.0648318319581449,0.3566276492629275,0.20838266346534381,0.5430261703810942,0.8646975543820956,0.46674554570815174,0.5037335876709105,8,2,0.8944271909999159,2500,OverICA,iid,False,5
3,9,9001,20,200001,True,182,False,10,0.8851029740946011,0.2373917680233717,0.15952186077381658,0.13092744410404158,0.30040756707616717,1.181667835449868,0.12994200343990056,0.5113473894963996,8,2,0.8944271909999159,2500,OverICA,iid,False,5
3,6,6001,2,20001,True,187,False,10,0.971529244842938,0.4556764690205455,0.2738079678899645,0.19327885952301926,0.6236909449772143,1.1332017091230018,0.29313886122942795,0.5179550637091441,8,2,0.8944271909999159,2500,OverICA,iid,False,5
3,3,3001,2,20001,True,186,False,10,0.971529244842938,0.6790150967426598,0.2735967093882523,0.1936716203234449,0.6236909449772143,1.1380836388131783,0.28292149168298997,0.5189228668154068,8,2,0.8944271909999159,2500,OverICA,iid,False,5
4,2,2001,24,240001,True,122,False,10,0.9756608042233618,0.08840647898614407,0.33469914120318905,0.20167625995379362,0.6386141666069756,1.0331295445629007,0.33524255403657677,0.4896376470125879,8,2,0.8944271909999159,2500,OverICA,iid,False,5
2,8,8001,12,120001,True,204,False,10,0.9996315059850447,1.0309190452098846,0.213390080473945,0.16635505728639105,0.35429047922857243,1.0823913073393596,0.1839116376904155,0.5300743446121081,8,2,0.8944271909999159,2500,OverICA,iid,False,5
3,5,5001,20,200001,True,179,False,10,0.8851029740946011,0.5017401520162821,0.16569079018366675,0.1339242232055945,0.30040756707616717,1.1027667025600518,0.2267769299808336,0.5118368979950226,8,2,0.8944271909999159,2500,OverICA,iid,False,5
4,2,2001,4,40001,True,150,False,10,0.9976324277964014,0.11757709085941315,0.3575010229578004,0.224649433981277,0.762377336629094,1.1650282865908341,0.3701534861387887,0.4822642201848942,8,2,0.8944271909999159,2500,OverICA,iid,False,5
4,2,2001,9,90001,True,111,False,10,0.9998171673000845,0.1111762817017734,0.3210329143684713,0.19246887962936504,0.8805451011632297,1.218729675087026,0.06314839290605095,0.48373879577918544,8,2,0.8944271909999159,2500,OverICA,iid,False,5
3,9,9001,3,30001,True,185,False,10,0.9892594493911565,0.2878979020752013,0.2546536007034219,0.16202709823365807,0.6697465565746046,1.2604950474502292,0.11754663938924695,0.5124451352320278,8,2,0.8944271909999159,2500,OverICA,iid,False,5
4,2,2001,2,20001,True,163,False,10,0.9555605313928813,0.11628106888383627,0.25567814582652443,0.1638917573969116,0.5635294467326046,1.1002516033979746,0.242406596547371,0.5127446172017784,8,2,0.8944271909999159,2500,OverICA,iid,False,5
4,2,2001,7,70001,True,146,False,10,0.9542806331782764,0.11637388868257403,0.23140339837749024,0.1434536942055929,0.49149245549201,1.0557371942690494,0.2814048476722056,0.5011298441035668,8,2,0.8944271909999159,2500,OverICA,iid,False,5
4,3,3001,8,80001,True,153,False,10,0.9522616095427329,0.08465382270514965,0.22571850100824548,0.1655918972903058,0.4735961427246076,0.9739053824703301,0.3884808915297744,0.4982249611235305,8,2,0.8944271909999159,2500,OverICA,iid,False,5
4,2,2001,21,210001,True,156,False,10,0.9942478343957997,0.09573958208784461,0.29277084232509615,0.199748917403069,0.7036026209892797,1.0856686289965811,0.24148294187979868,0.5068425625232106,8,2,0.8944271909999159,2500,OverICA,iid,False,5
4,3,3001,17,170001,True,146,False,10,0.9671549169961396,0.06997195770964026,0.16160709820624333,0.07531669700030338,0.46988787006959354,0.8937586595074627,0.45843572915361736,0.5032484604841678,8,2,0.8944271909999159,2500,OverICA,iid,False,5
3,9,9001,13,130001,True,175,False,10,0.9661074327610626,0.2735561840236187,0.3213643847489705,0.2587997622899839,0.6829558503603121,1.0297956818690266,0.20907255337858607,0.5117490311658459,8,2,0.8944271909999159,2500,OverICA,iid,False,5
4,1,1001,18,180001,True,129,False,10,0.9847645484685986,0.15073473658412695,0.2606189975562586,0.18141760726695536,0.5669497508931297,0.9902242672612598,0.4100556329539781,0.4910112771837434,8,2,0.8944271909999159,2500,OverICA,iid,False,5
4,2,2001,19,190001,True,145,False,10,0.9810312368856301,0.10181338293477893,0.28967155170049763,0.2035008445460802,0.6142601318612327,1.0887682174391042,0.4202724599735001,0.4905301456442512,8,2,0.8944271909999159,2500,OverICA,iid,False,5
4,3,3001,16,160001,True,142,False,10,0.948658688712603,0.07306131906807423,0.35757494574808896,0.19224443692005855,0.38778120355924045,1.2974836473050018,0.31748651801222816,0.4919156271404332,8,2,0.8944271909999159,2500,OverICA,iid,False,5
4,3,3001,24,240001,True,126,False,10,0.9756608042233618,0.06484212214127183,0.335734175663831,0.20243763990276017,0.6408621571363552,1.0982069073897072,0.19452816379962937,0.48614884956890053,8,2,0.8944271909999159,2500,OverICA,iid,False,5
4,3,3001,25,250001,True,129,False,10,0.9390357063721466,0.0643553351983428,0.18847240944263838,0.1286028771043124,0.38230679447675164,1.0815239276454416,0.3057538102548103,0.4931799664852084,8,2,0.8944271909999159,2500,OverICA,iid,False,5
4,2,2001,12,120001,True,151,False,10,0.9966573444157544,0.1161514213308692,0.3521349953711152,0.25789769711816035,0.6914772880913973,1.666995499334571,0.13958987517844676,0.5072503841160778,8,2,0.8944271909999159,2500,OverICA,iid,False,5
3,6,6001,20,200001,True,174,False,10,0.8851029740946011,0.45717147877439857,0.15513224768273093,0.12790920561480645,0.30040756707616717,1.174562778101874,0.12797389908508078,0.5060455366153881,8,2,0.8944271909999159,2500,OverICA,iid,False,5
3,7,7001,6,60001,True,178,False,10,0.9893436677545017,0.4154651779681444,0.2597511440625234,0.19870736638161765,0.5099214527192614,1.1421117748778973,0.2001971134870523,0.510807593524117,8,2,0.8944271909999159,2500,OverICA,iid,False,5
4,3,3001,27,270001,True,142,False,10,0.9272344365261603,0.06492957100272179,0.21416082051066268,0.12244337981002161,0.6146884290900014,1.02826649115145,0.2731157597522676,0.48644407781777926,8,2,0.8944271909999159,2500,OverICA,iid,False,5
4,3,3001,7,70001,True,149,False,10,0.9542806331782764,0.09817204717546701,0.23477511087805464,0.14775459929427465,0.49149245549201,0.9950627995461226,0.3842911216480246,0.4944871256972645,8,2,0.8944271909999159,2500,OverICA,iid,False,5
4,3,3001,28,280001,True,157,False,10,0.9537230138052385,0.06694488832727075,0.33364097368565915,0.1977529929179092,0.5303850855940755,1.304829648640078,0.30357569106470234,0.5065138879866231,8,2,0.8944271909999159,2500,OverICA,iid,False,5
4,4,4001,2,20001,True,159,False,10,0.9555605313928813,0.06514275912195444,0.255579199178355,0.163047034365657,0.5635294467326046,1.0984220963781999,0.23784082417551683,0.5109921615111732,8,2,0.8944271909999159,2500,OverICA,iid,False,5
4,3,3001,4,40001,True,145,False,10,0.9976324277964014,0.10535179963335395,0.36322143331869067,0.3083007304274148,0.583359570718235,1.273520311214634,0.37909965573137955,0.4841642774401009,8,2,0.8944271909999159,2500,OverICA,iid,False,5
4,2,2001,29,290001,True,162,False,10,0.8639295756605132,0.11120021203532815,0.3449167099565628,0.18824882993519942,0.6553426972285912,0.8768180128366888,0.4513993459061072,0.5092082844583463,8,2,0.8944271909999159,2500,OverICA,iid,False,5
2,4,4001,21,210001,True,206,False,10,0.9993315980120375,1.3612973233684897,0.39489168158850124,0.3132287766963604,1.0885977485993275,1.2871159720463299,0.13818206658985174,0.516861424036489,8,2,0.8944271909999159,2500,OverICA,iid,False,5
4,2,2001,13,130001,True,153,False,10,0.9449035853290825,0.12858555978164077,0.2284711240962681,0.1710746688978021,0.45144415040100117,0.9505504841662809,0.39880188804674377,0.5056294897837341,8,2,0.8944271909999159,2500,OverICA,iid,False,5
4,2,2001,25,250001,True,135,False,10,0.9390357063721466,0.11522141704335809,0.1882258823606903,0.12591308217942945,0.38230679447675164,1.0808969083960631,0.308478248965081,0.48582228187776966,8,2,0.8944271909999159,2500,OverICA,iid,False,5
4,3,3001,11,110001,True,145,False,10,0.9794777790118621,0.10797972278669477,0.39116061866316765,0.2700055130734026,0.5798996246550571,1.1305226687040668,0.27726818672021025,0.49435313674074693,8,2,0.8944271909999159,2500,OverICA,iid,False,5
4,3,3001,1,10001,True,157,False,10,0.9616997664995592,0.11223609605804086,0.2835771934839668,0.20133897057122319,0.3686200181664543,1.1231281090484393,0.24334167564083972,0.5006187921700013,8,2,0.8944271909999159,2500,OverICA,iid,False,5
4,2,2001,20,200001,True,155,False,10,0.817312718246744,0.11828901618719101,0.18976599040384645,0.12400448140767469,0.4438713782021856,0.9436882468934299,0.39970031348934376,0.5003675153774751,8,2,0.8944271909999159,2500,OverICA,iid,False,5
4,0,1,26,260001,True,156,False,10,0.9972085447311474,0.20997833414003253,0.2559577593086668,0.17283587434226685,0.5492879508286921,0.9796743070015415,0.3976789493660895,0.5010222228648488,8,2,0.8944271909999159,2500,OverICA,iid,False,5
3,8,8001,24,240001,True,175,False,10,0.9756608042233618,0.3256295179016888,0.3422123643890784,0.23394145713142306,0.8486140671149418,1.1799836870231224,0.14755835750836682,0.5060241717742965,8,2,0.8944271909999159,2500,OverICA,iid,False,5
4,3,3001,9,90001,True,115,False,10,0.9998171673000845,0.10968636209145188,0.32172502934751646,0.1945726439275252,0.8805451011632297,1.2257185409870845,0.053526006050020315,0.47782060342373117,8,2,0.8944271909999159,2500,OverICA,iid,False,5
4,4,4001,7,70001,True,148,False,10,0.9542806331782764,0.06495237117633224,0.23112616257259,0.14136234090131997,0.49149245549201,1.0600051253669736,0.27887464219259145,0.4982308767884688,8,2,0.8944271909999159,2500,OverICA,iid,False,5
4,3,3001,14,140001,True,159,False,10,0.947438904593053,0.10159211419522762,0.2366632610667018,0.15735072127225866,0.2830715862919544,1.0918679232558408,0.25880008866446536,0.5045234313504364,8,2,0.8944271909999159,2500,OverICA,iid,False,5
4,0,1,25,250001,True,134,False,10,0.9390357063721466,0.21364018134772778,0.2217982444208132,0.1359300060153668,0.38230679447675164,0.9449454264156907,0.4123244712261532,0.48883867505539286,8,2,0.8944271909999159,2500,OverICA,iid,False,5
4,2,2001,8,80001,True,153,False,10,0.9522616095427329,0.13977844826877117,0.22573086768960401,0.16489352237918567,0.4735961427246076,0.982125574847611,0.38389957027850635,0.49747656471583396,8,2,0.8944271909999159,2500,OverICA,iid,False,5
4,4,4001,1,10001,True,158,False,10,0.9616997664995592,0.07442364003509283,0.2824596510814791,0.20642759680725498,0.39869343681570657,1.112424068177369,0.2472887582079145,0.5026807478375518,8,2,0.8944271909999159,2500,OverICA,iid,False,5
4,4,4001,10,100001,True,138,False,10,0.919003158812585,0.06584592489525676,0.16044619313318728,0.10733909021576254,0.2978116814676883,1.240893301046403,0.14053717131290744,0.49207216117175556,8,2,0.8944271909999159,2500,OverICA,iid,False,5
4,3,3001,22,220001,True,146,False,10,0.9680710689134889,0.08534093899652362,0.28134059295157,0.21215613945711956,0.6374615544041817,1.109923625175409,0.2701134462877801,0.48898010965452493,8,2,0.8944271909999159,2500,OverICA,iid,False,5
2,8,8001,22,220001,True,192,False,10,0.9911781603281574,1.0455829510465264,0.419356240838682,0.3322188173167403,0.5593350632150397,1.2639070691452385,0.21889006890845608,0.5150992534084655,8,2,0.8944271909999159,2500,OverICA,iid,False,5
4,3,3001,20,200001,True,154,False,10,0.817312718246744,0.08998749917373061,0.18979632669975466,0.12230609092768842,0.4438713782021856,0.9448084916892698,0.4018481663935094,0.4965230139872243,8,2,0.8944271909999159,2500,OverICA,iid,False,5
4,3,3001,29,290001,True,161,False,10,0.8639295756605132,0.08291625510901213,0.34532400622816095,0.19052894602196063,0.6553426972285912,0.8760591587096722,0.45161719393042377,0.5111082929999079,8,2,0.8944271909999159,2500,OverICA,iid,False,5
4,2,2001,28,280001,True,155,False,10,0.9537230138052385,0.122713727876544,0.3329466483822685,0.1985884081155086,0.5303850855940755,1.3168394492227289,0.29752829169407985,0.5031152718769575,8,2,0.8944271909999159,2500,OverICA,iid,False,5
2,8,8001,17,170001,True,225,False,10,0.9999417301227984,1.0546181220561266,0.18184825836014124,0.11507831941406158,0.46988787006959354,1.0198739046674472,0.2529434592705961,0.5229219014632043,8,2,0.8944271909999159,2500,OverICA,iid,False,5
4,3,3001,13,130001,True,155,False,10,0.9449035853290825,0.11854678392410278,0.22930601311058932,0.17575483750292836,0.45144415040100117,0.9433786264033135,0.4092184679223393,0.5044819467549896,8,2,0.8944271909999159,2500,OverICA,iid,False,5
4,2,2001,27,270001,True,135,False,10,0.9272344365261603,0.12601736607030034,0.2146516570814715,0.12001540036228023,0.6146884290900014,0.9478205130432488,0.4024210225160817,0.4855379047392104,8,2,0.8944271909999159,2500,OverICA,iid,False,5
4,3,3001,21,210001,True,161,False,10,0.9942478343957997,0.09369646478444338,0.2864109246656739,0.19933431467965015,0.7036026209892797,1.1974781573346371,0.13617295758547673,0.5043560296068618,8,2,0.8944271909999159,2500,OverICA,iid,False,5
4,4,4001,4,40001,True,148,False,10,0.9976324277964014,0.08008287334814668,0.36095459649318157,0.22803925972706846,0.762377336629094,1.2604482313344032,0.388170723925333,0.48003322127776343,8,2,0.8944271909999159,2500,OverICA,iid,False,5
4,1,1001,24,240001,True,133,False,10,0.9756608042233618,0.1761547727510333,0.33596141382218364,0.205020654899041,0.6359945096962804,1.094425537143644,0.20091836519343906,0.4844581866277036,8,2,0.8944271909999159,2500,OverICA,iid,False,5
3,7,7001,29,290001,True,186,False,10,0.9772948404726376,0.3927194750867784,0.3299841475633856,0.22743564340612865,0.8013519339599776,1.0400292526927304,0.3330052576651852,0.518261494996247,8,2,0.8944271909999159,2500,OverICA,iid,False,5
4,4,4001,8,80001,True,150,False,10,0.9522616095427329,0.08100648690015078,0.22549952792685382,0.16241709136720253,0.4735961427246076,0.9844290021668254,0.37905224353183237,0.5026578987076257,8,2,0.8944271909999159,2500,OverICA,iid,False,5
4,3,3001,6,60001,True,144,False,10,0.9043416724419242,0.12809911323711276,0.2312377774879949,0.15694448018338852,0.4833893792263117,1.1216643482977386,0.2756264927510581,0.4979286392660927,8,2,0.8944271909999159,2500,OverICA,iid,False,5
4,0,1,29,290001,True,162,False,10,0.8639295756605132,0.22169517911970615,0.34518869686587395,0.19025885733231637,0.6553426972285912,0.883331996764662,0.44462409355356913,0.5030764952151335,8,2,0.8944271909999159,2500,OverICA,iid,False,5
4,2,2001,26,260001,True,150,False,10,0.9972085447311474,0.13569375406950712,0.2571193898175621,0.18393721354737286,0.5492879508286921,0.9887542468659447,0.39264453146611367,0.5000749916690502,8,2,0.8944271909999159,2500,OverICA,iid,False,5
4,4,4001,19,190001,True,139,False,10,0.9810312368856301,0.07078864285722375,0.2891399628106861,0.20804283558604508,0.62836338389912,1.081518035458063,0.4184620544903164,0.48816993639209816,8,2,0.8944271909999159,2500,OverICA,iid,False,5
4,3,3001,23,230001,True,132,False,10,0.9973947341378636,0.10013355314731598,0.22630410450252225,0.16789057778261782,0.5573152193857185,1.1350279477945238,0.1795105855510657,0.4896638884656648,8,2,0.8944271909999159,2500,OverICA,iid,False,5
0,9,9001,2,20001,True,215,False,10,0.999911915422867,2.6723685897886753,0.29033657305422655,0.25061684851417276,0.5635294467326046,1.1617022879277321,0.12669934543145542,0.5386809892282234,8,2,0.8944271909999159,2500,OverICA,iid,False,5
4,4,4001,15,150001,True,152,False,10,0.8850068338542072,0.07740730978548527,0.3476032998884672,0.24177394137580321,0.5800827032172595,1.4764081924480037,0.17057432568024244,0.4942023162051799,8,2,0.8944271909999159,2500,OverICA,iid,False,5
4,1,1001,2,20001,True,161,False,10,0.9555605313928813,0.227501702029258,0.25559102053058813,0.1636783856499213,0.5635294467326046,1.08850532707604,0.2503812666149974,0.5070631159678174,8,2,0.8944271909999159,2500,OverICA,iid,False,5
4,3,3001,18,180001,True,128,False,10,0.9847645484685986,0.11493528867140412,0.25991962165582483,0.17460854101606188,0.5669497508931297,0.9899859238852204,0.40184983345879555,0.48499935995672083,8,2,0.8944271909999159,2500,OverICA,iid,False,5
4,4,4001,9,90001,True,120,False,10,0.9998171673000845,0.09301393991336226,0.3308596051142066,0.19663344832189972,0.8805451011632297,1.0479443796130312,0.2232951530927179,0.47595166290336294,8,2,0.8944271909999159,2500,OverICA,iid,False,5
4,4,4001,17,170001,True,150,False,10,0.9671549169961396,0.08342670183628798,0.16267389102296856,0.07946012087697721,0.46988787006959354,0.8962035314856527,0.4564599150349265,0.4948539066217244,8,2,0.8944271909999159,2500,OverICA,iid,False,5
4,5,5001,5,50001,True,157,False,10,0.9626727389923777,0.06132874405011535,0.3564341397011953,0.20743656762566248,0.5430261703810942,0.859537261444072,0.47135397948760016,0.5090504126685674,8,2,0.8944271909999159,2500,OverICA,iid,False,5
3,9,9001,5,50001,True,181,False,10,0.99643378553034,0.32737078703939915,0.21765422960122816,0.142651285508555,0.5666515632238128,0.9655387954387112,0.336392586429126,0.518360599776019,8,2,0.8944271909999159,2500,OverICA,iid,False,5
4,4,4001,25,250001,True,137,False,10,0.9390357063721466,0.07030822616070509,0.18996584098902983,0.13471302690071368,0.38230679447675164,1.085584732435545,0.3055076443144009,0.49092293157750794,8,2,0.8944271909999159,2500,OverICA,iid,False,5
4,5,5001,3,30001,True,142,False,10,0.9892594493911565,0.06356358015909791,0.25346482700005846,0.15582554879864943,0.6697465565746046,1.2288757868856435,0.14183025444477412,0.4969513448417274,8,2,0.8944271909999159,2500,OverICA,iid,False,5
4,5,5001,4,40001,True,156,False,10,0.9976324277964014,0.06711810594424605,0.3595666342795912,0.229139365064092,0.762377336629094,1.2604129978368106,0.3828765315684179,0.482896836582727,8,2,0.8944271909999159,2500,OverICA,iid,False,5
1,8,8001,23,230001,True,184,False,10,0.9999247032454494,1.8666697200387716,0.4516819545704962,0.39784420712397994,0.7849501783618953,1.0750118103659867,0.19424533916973255,0.5166430192746084,8,2,0.8944271909999159,2500,OverICA,iid,False,5
4,5,5001,7,70001,True,151,False,10,0.9542806331782764,0.06657517002895474,0.2315009584694335,0.14623417286179008,0.49149245549201,1.05999603882432,0.2787823656185056,0.49491563460768395,8,2,0.8944271909999159,2500,OverICA,iid,False,5
4,3,3001,26,260001,True,156,False,10,0.9972085447311474,0.1198564157821238,0.25597969293349193,0.17314732995200433,0.5492879508286921,0.9821871449184358,0.3937189879182334,0.4970811121235398,8,2,0.8944271909999159,2500,OverICA,iid,False,5
4,4,4001,0,1,True,165,False,10,0.9515177591470793,0.115140066947788,0.3383877617244387,0.21236616929301297,0.8205182441179257,0.9000844072391084,0.4400871058017275,0.5107626957583716,8,2,0.8944271909999159,2500,OverICA,iid,False,5
4,4,4001,3,30001,True,142,False,10,0.9892594493911565,0.11344424774870276,0.24909681603444775,0.15189894880616753,0.6697465565746046,1.075240271317142,0.2727726467776187,0.4952515748972377,8,2,0.8944271909999159,2500,OverICA,iid,False,5
4,1,1001,12,120001,True,148,False,10,0.9966573444157544,0.2224179138429463,0.3610754083961751,0.25712213463502814,0.6792802716694585,1.5650604694164403,0.2697777094948064,0.5004053714687685,8,2,0.8944271909999159,2500,OverICA,iid,False,5
4,4,4001,18,180001,True,135,False,10,0.9847645484685986,0.09790494805201888,0.2600098810531102,0.17719880858882942,0.5669497508931297,0.9870835701235056,0.4097627075450434,0.49149465806789067,8,2,0.8944271909999159,2500,OverICA,iid,False,5
4,5,5001,16,160001,True,131,False,10,0.948658688712603,0.06657718028873205,0.35753017130381776,0.189064671876719,0.38778120355924045,1.2922442997740269,0.32364702023114245,0.4966855994592425,8,2,0.8944271909999159,2500,OverICA,iid,False,5
4,4,4001,5,50001,True,157,False,10,0.9626727389923777,0.11611247016116977,0.35641014346156724,0.19324673988416527,0.5430261703810942,0.8561407904428018,0.47263777929039497,0.5053740712885759,8,2,0.8944271909999159,2500,OverICA,iid,False,5
4,5,5001,27,270001,True,136,False,10,0.9272344365261603,0.06040294002741575,0.2154180934280446,0.12462592407848266,0.6146884290900014,0.9530829000704486,0.38999104955806174,0.4886538809494039,8,2,0.8944271909999159,2500,OverICA,iid,False,5
4,0,1,13,130001,True,152,False,10,0.9449035853290825,0.28228506771847606,0.22881865401928578,0.17357460166756844,0.45144415040100117,0.952069808262607,0.40182841461310415,0.5024301505591214,8,2,0.8944271909999159,2500,OverICA,iid,False,5
2,8,8001,13,130001,True,204,False,10,0.997173695686639,1.116627051960677,0.4029599663997156,0.351122662748586,0.7581574015458098,1.0348486387473288,0.16369964600417639,0.5113045695875053,8,2,0.8944271909999159,2500,OverICA,iid,False,5
3,0,1,10,100001,True,161,False,10,0.9931766105792638,0.973612155765295,0.3592993757277275,0.23813090354258282,0.5001537217887323,1.2408286743310453,0.10025903846176565,0.49677213464007136,8,2,0.8944271909999159,2500,OverICA,iid,False,5
4,3,3001,15,150001,True,151,False,10,0.8850068338542072,0.15044893883168697,0.34724727899964053,0.24069017609194698,0.5800827032172595,1.4711809129175257,0.17247617442554272,0.496954026872727,8,2,0.8944271909999159,2500,OverICA,iid,False,5
4,4,4001,13,130001,True,157,False,10,0.9449035853290825,0.11812647664919496,0.23035336186526062,0.18001451159310047,0.45144415040100117,0.9446745299067782,0.4082669123735665,0.5041633180647099,8,2,0.8944271909999159,2500,OverICA,iid,False,5
4,2,2001,6,60001,True,148,False,10,0.9043416724419242,0.20043953601270914,0.2315250435732997,0.15861304693904787,0.4837396277937206,1.1231438478524685,0.27340340930513857,0.4941430727235758,8,2,0.8944271909999159,2500,OverICA,iid,False,5
4,6,6001,4,40001,True,152,False,10,0.9976324277964014,0.06178069207817316,0.35896009812069113,0.2248392335120628,0.762377336629094,1.2614868043805643,0.38099821569882875,0.48160037027248637,8,2,0.8944271909999159,2500,OverICA,iid,False,5
4,1,1001,17,170001,True,151,False,10,0.9671549169961396,0.22654146794229746,0.16333827660951042,0.0796931572101183,0.46988787006959354,0.8984043609723399,0.45341721684068614,0.500571294825157,8,2,0.8944271909999159,2500,OverICA,iid,False,5
4,5,5001,15,150001,True,154,False,10,0.8850068338542072,0.08075250871479511,0.3476170890895765,0.24068165480509246,0.5800827032172595,1.3488907905100298,0.30473728332743855,0.49947605031487935,8,2,0.8944271909999159,2500,OverICA,iid,False,5
4,4,4001,21,210001,True,152,False,10,0.9942478343957997,0.10209780093282461,0.2860878827743355,0.19542955003611048,0.7036026209892797,1.1896984592473425,0.13680656403615707,0.503274060844854,8,2,0.8944271909999159,2500,OverICA,iid,False,5
4,4,4001,23,230001,True,126,False,10,0.9973947341378636,0.10402202932164073,0.22898960454244344,0.1635718339893466,0.5573152193857185,1.1450118116931753,0.18007551983533243,0.48971584947102237,8,2,0.8944271909999159,2500,OverICA,iid,False,5
4,3,3001,10,100001,True,136,False,10,0.919003158812585,0.1777081429027021,0.16052720760193956,0.10565702241694007,0.2978116814676883,1.2413839458590434,0.139331716921917,0.48880903918900387,8,2,0.8944271909999159,2500,OverICA,iid,False,5
4,6,6001,11,110001,True,148,False,10,0.9794777790118621,0.06635623192414641,0.3910125898174667,0.26821213931935706,0.5634028145497854,1.117732256474553,0.2842233569786908,0.4931827326543249,8,2,0.8944271909999159,2500,OverICA,iid,False,5
4,6,6001,1,10001,True,157,False,10,0.9616997664995592,0.06999761797487736,0.28193179874685714,0.20126676868039742,0.37267290479572174,1.1254461163172143,0.24211450712231336,0.503923077678087,8,2,0.8944271909999159,2500,OverICA,iid,False,5
4,4,4001,20,200001,True,148,False,10,0.817312718246744,0.11674602702260017,0.1898523755161142,0.12439560276150595,0.4438713782021856,0.9396342300309696,0.4016053429631837,0.5018982950660604,8,2,0.8944271909999159,2500,OverICA,iid,False,5
4,3,3001,0,1,True,163,False,10,0.9515177591470793,0.18115695007145405,0.33833872195340803,0.2101405088102034,0.8205182441179257,0.8997934453696713,0.44203547024046425,0.5075912132545282,8,2,0.8944271909999159,2500,OverICA,iid,False,5
4,5,5001,20,200001,True,147,False,10,0.817312718246744,0.08425666578114033,0.19002225098869976,0.1258108232928559,0.4438713782021856,0.9436672826255104,0.40652594111254176,0.5049815501932063,8,2,0.8944271909999159,2500,OverICA,iid,False,5
4,5,5001,29,290001,True,161,False,10,0.8639295756605132,0.07452326873317361,0.34530394125953306,0.18903210691003886,0.6553426972285912,0.8839227717473763,0.44462887265120343,0.5082803216499946,8,2,0.8944271909999159,2500,OverICA,iid,False,5
4,5,5001,8,80001,True,149,False,10,0.9522616095427329,0.09477314865216613,0.22540593497328282,0.16195181616429555,0.4735961427246076,0.984616274417766,0.37982502830011655,0.499420203539095,8,2,0.8944271909999159,2500,OverICA,iid,False,5
4,0,1,24,240001,True,127,False,10,0.9756608042233618,0.2791685378178954,0.3359727081299477,0.1981499303859609,0.6117368442523823,1.1037939040756322,0.2013639093283834,0.483539745446426,8,2,0.8944271909999159,2500,OverICA,iid,False,5
4,6,6001,15,150001,True,146,False,10,0.8850068338542072,0.0666004796512425,0.34772979054325,0.2369658572560689,0.5800827032172595,1.3699052290883733,0.2965605823974287,0.4955821066352838,8,2,0.8944271909999159,2500,OverICA,iid,False,5
4,4,4001,12,120001,True,148,False,10,0.9966573444157544,0.12917958619073033,0.3532407407950148,0.2572455242149071,0.6786206828323224,1.6709498118794963,0.14078959179630915,0.49944755529042306,8,2,0.8944271909999159,2500,OverICA,iid,False,5
4,5,5001,22,220001,True,142,False,10,0.9680710689134889,0.08479715278372169,0.28414181326602095,0.21825876188963417,0.6374615544041817,1.2232121182874436,0.28113611990143905,0.4893751121041637,8,2,0.8944271909999159,2500,OverICA,iid,False,5
4,5,5001,9,90001,True,115,False,10,0.9998171673000845,0.09742049127817154,0.32098582510855334,0.19516239205483837,0.8805451011632297,1.2210037884172715,0.0551736227133229,0.47755117847315603,8,2,0.8944271909999159,2500,OverICA,iid,False,5
4,4,4001,16,160001,True,145,False,10,0.948658688712603,0.12833615066483617,0.35690121675700803,0.1922069174369252,0.38778120355924045,1.3031486514434651,0.32434586794299447,0.49141759602145996,8,2,0.8944271909999159,2500,OverICA,iid,False,5
4,1,1001,1,10001,True,166,False,10,0.9616997664995592,0.282044880092144,0.287003316562613,0.2029408426174859,0.3682347076035281,1.1314563203801595,0.2428317093122421,0.5090008693612806,8,2,0.8944271909999159,2500,OverICA,iid,False,5
3,9,9001,26,260001,True,185,False,10,0.9972085447311474,0.33382402593269944,0.2576377080576743,0.1855671213559131,0.5492879508286921,1.0338085596834543,0.29374917662535965,0.5132315420058616,8,2,0.8944271909999159,2500,OverICA,iid,False,5
4,6,6001,27,270001,True,139,False,10,0.9272344365261603,0.060929846949875355,0.21333884626338198,0.1183751514752797,0.6146884290900014,1.036807043911479,0.26044378611351265,0.48962785492818,8,2,0.8944271909999159,2500,OverICA,iid,False,5
3,8,8001,4,40001,True,174,False,10,0.9976324277964014,0.4457171126268804,0.353799069319164,0.2292584716937724,0.4348784838582293,1.1510409050698507,0.24328639537884325,0.5090883877968654,8,2,0.8944271909999159,2500,OverICA,iid,False,5
3,6,6001,14,140001,True,174,False,10,0.947438904593053,0.5470183189027011,0.2564512127289628,0.20482010226421135,0.5174428631600861,1.075199241334997,0.20998072803433393,0.5168301495598394,8,2,0.8944271909999159,2500,OverICA,iid,False,5
4,4,4001,22,220001,True,145,False,10,0.9680710689134889,0.11654754728078842,0.28284215954540703,0.21380921357835575,0.6374615544041817,1.122666648170015,0.26583296046782945,0.49784936844391997,8,2,0.8944271909999159,2500,OverICA,iid,False,5
4,6,6001,10,100001,True,146,False,10,0.919003158812585,0.07575164083391428,0.160633430514762,0.10503426313501343,0.2978116814676883,1.2477636013498876,0.1428221158321505,0.48928311342513514,8,2,0.8944271909999159,2500,OverICA,iid,False,5
4,2,2001,5,50001,True,156,False,10,0.9626727389923777,0.2234919872134924,0.3570206774691098,0.2092161552715702,0.5430261703810942,0.8632634681355971,0.46768411869027304,0.5033876759672569,8,2,0.8944271909999159,2500,OverICA,iid,False,5
4,5,5001,18,180001,True,131,False,10,0.9847645484685986,0.09526356495916843,0.2598598534506115,0.17532547557158662,0.5669497508931297,0.9841722081175072,0.41624050008720404,0.4866259369832979,8,2,0.8944271909999159,2500,OverICA,iid,False,5
4,5,5001,21,210001,True,158,False,10,0.9942478343957997,0.09439068101346493,0.28600539432457217,0.19358228183797385,0.7036026209892797,1.1906991558771907,0.13454330710199197,0.4972327490898693,8,2,0.8944271909999159,2500,OverICA,iid,False,5
4,4,4001,24,240001,True,130,False,10,0.9756608042233618,0.11733817216008902,0.335083113249276,0.20029123850443958,0.640550271672933,1.1089296744305885,0.19493747195161978,0.48768916842080134,8,2,0.8944271909999159,2500,OverICA,iid,False,5
4,5,5001,0,1,True,165,False,10,0.9515177591470793,0.11423949198797345,0.33910832645049904,0.2137138459092838,0.8205182441179257,1.0227911365393652,0.32230949883163446,0.5086683111595185,8,2,0.8944271909999159,2500,OverICA,iid,False,5
4,4,4001,26,260001,True,156,False,10,0.9972085447311474,0.11775613017380238,0.256280144759752,0.17626866026356117,0.5492879508286921,0.9826339770615382,0.3953793520810923,0.5023565969489946,8,2,0.8944271909999159,2500,OverICA,iid,False,5
4,5,5001,2,20001,True,155,False,10,0.9555605313928813,0.11659099766984582,0.2557751668076524,0.16383840164414265,0.5635294467326046,1.093307467158997,0.24319627932955198,0.5077030447164707,8,2,0.8944271909999159,2500,OverICA,iid,False,5
4,4,4001,27,270001,True,140,False,10,0.9272344365261603,0.12061514100059867,0.21473497170919995,0.1229332486503098,0.6146884290900014,0.9474718362555581,0.39579464596526903,0.48579430569282606,8,2,0.8944271909999159,2500,OverICA,iid,False,5
4,5,5001,11,110001,True,150,False,10,0.9794777790118621,0.11113767279312015,0.3909487068319103,0.270296345465016,0.5585046905834118,1.13009759843485,0.2744134825780802,0.496437017337907,8,2,0.8944271909999159,2500,OverICA,iid,False,5
4,7,7001,2,20001,True,163,False,10,0.9555605313928813,0.06782038230448961,0.2558211749318308,0.16478646969845964,0.5635294467326046,1.1006451870812297,0.24396816901453527,0.5141781813731064,8,2,0.8944271909999159,2500,OverICA,iid,False,5
4,6,6001,14,140001,True,159,False,10,0.947438904593053,0.08578555611893535,0.2335082123101307,0.1554038208938759,0.2830715862919544,1.0861273666205475,0.2607976181049426,0.5063567087363903,8,2,0.8944271909999159,2500,OverICA,iid,False,5
4,5,5001,1,10001,True,156,False,10,0.9616997664995592,0.12054296210408211,0.28083210126963803,0.2014976421690166,0.383578242951678,1.1276807581819137,0.23807515055935097,0.5031793567337718,8,2,0.8944271909999159,2500,OverICA,iid,False,5
4,0,1,28,280001,True,159,False,10,0.9537230138052385,0.29984596371650696,0.33586322634317667,0.19870415464541957,0.5303850855940755,1.3158006994305231,0.294140748876825,0.4990682268562351,8,2,0.8944271909999159,2500,OverICA,iid,False,5
4,5,5001,25,250001,True,129,False,10,0.9390357063721466,0.10066056018695235,0.1895473636991984,0.13247055329950952,0.38230679447675164,1.0903224406857084,0.30514331761523406,0.4857144637236573,8,2,0.8944271909999159,2500,OverICA,iid,False,5
4,5,5001,13,130001,True,152,False,10,0.9449035853290825,0.11265784176066518,0.2286597159642615,0.17187644366800742,0.45144415040100117,0.9482220889660083,0.4065961857883013,0.5029876020352015,8,2,0.8944271909999159,2500,OverICA,iid,False,5
4,6,6001,16,160001,True,143,False,10,0.948658688712603,0.08538756892085075,0.35742639393056375,0.18960993348792432,0.38778120355924045,1.3187526323548,0.3150935453952762,0.48830281842040296,8,2,0.8944271909999159,2500,OverICA,iid,False,5
4,5,5001,14,140001,True,160,False,10,0.947438904593053,0.11417331313714385,0.22946107833432441,0.1526115445140852,0.2830715862919544,1.090777845288734,0.25864090338439494,0.5103438255570186,8,2,0.8944271909999159,2500,OverICA,iid,False,5
4,4,4001,29,290001,True,163,False,10,0.8639295756605132,0.12669974192976952,0.3456528654390606,0.19238412510820466,0.6553426972285912,0.8806794953013086,0.44880405745785296,0.5033801885855915,8,2,0.8944271909999159,2500,OverICA,iid,False,5
4,6,6001,12,120001,True,149,False,10,0.9966573444157544,0.09264291170984507,0.35317067312026273,0.25791632778319407,0.6758987646378739,1.6779453723650504,0.14101136368253894,0.49825858234109727,8,2,0.8944271909999159,2500,OverICA,iid,False,5
4,7,7001,14,140001,True,161,False,10,0.947438904593053,0.05887300008907914,0.2106266448635758,0.15792699039150315,0.2830715862919544,1.0616756328867618,0.2650843464077862,0.5067041727550404,8,2,0.8944271909999159,2500,OverICA,iid,False,5
4,5,5001,17,170001,True,143,False,10,0.9671549169961396,0.11505325697362423,0.1620149752625322,0.07640231633776301,0.46988787006959354,0.893418702453233,0.45570964906808875,0.4998179763148996,8,2,0.8944271909999159,2500,OverICA,iid,False,5
4,1,1001,16,160001,True,137,False,10,0.948658688712603,0.26707982597872615,0.3577070861593022,0.19054310412284275,0.38778120355924045,1.2912586405941113,0.3178138375029549,0.4938739859620635,8,2,0.8944271909999159,2500,OverICA,iid,False,5
4,5,5001,19,190001,True,138,False,10,0.9810312368856301,0.11712696403265,0.290058767244634,0.2094578739250198,0.6287621004288952,1.0852848700079125,0.4210291983932239,0.49309995333163414,8,2,0.8944271909999159,2500,OverICA,iid,False,5
4,7,7001,22,220001,True,144,False,10,0.9680710689134889,0.05216819327324629,0.28413763614793497,0.21700514777932856,0.6374615544041817,1.2287961804499854,0.27564285666787985,0.48809165163060914,8,2,0.8944271909999159,2500,OverICA,iid,False,5
4,7,7001,5,50001,True,159,False,10,0.9626727389923777,0.07841242430731654,0.35666689354631653,0.20428870073574013,0.5430261703810942,0.8571901911336387,0.4730725203637305,0.5081998289866544,8,2,0.8944271909999159,2500,OverICA,iid,False,5
4,5,5001,23,230001,True,129,False,10,0.9973947341378636,0.11466972017660737,0.23232731357723307,0.16904964639137177,0.5573152193857185,1.1426784900945772,0.1774288604766017,0.49254730518178585,8,2,0.8944271909999159,2500,OverICA,iid,False,5
4,1,1001,0,1,True,162,False,10,0.9515177591470793,0.3107759840786457,0.3396197689565439,0.21775261528906148,0.8205182441179257,1.0196040200505945,0.3235436131752766,0.5111474867320513,8,2,0.8944271909999159,2500,OverICA,iid,False,5
4,6,6001,23,230001,True,130,False,10,0.9973947341378636,0.09252853319048882,0.23344573193818602,0.16832084682078197,0.5573152193857185,1.1435926227908462,0.17912154276118106,0.4900655005094071,8,2,0.8944271909999159,2500,OverICA,iid,False,5
3,9,9001,8,80001,True,174,False,10,0.9522616095427329,0.4137987890280783,0.35721490481542684,0.24328631964682063,0.7625101085815559,1.238707254051602,0.24492681253397336,0.5148423257646623,8,2,0.8944271909999159,2500,OverICA,iid,False,5
4,5,5001,10,100001,True,143,False,10,0.919003158812585,0.1316979699768126,0.1590903917438094,0.10115359488081302,0.2978116814676883,1.251584749999533,0.1373743233622121,0.48544036329258905,8,2,0.8944271909999159,2500,OverICA,iid,False,5
3,8,8001,26,260001,True,188,False,10,0.9972085447311474,0.43495206208899617,0.25766170595100485,0.18555393602728296,0.5492879508286921,1.0426390861594899,0.2894005861775185,0.5227382374982128,8,2,0.8944271909999159,2500,OverICA,iid,False,5
4,2,2001,18,180001,True,135,False,10,0.9847645484685986,0.23200619174167514,0.2600149932179571,0.17441619571753036,0.5669497508931297,0.9842197978913517,0.4151113127714091,0.4898587977421097,8,2,0.8944271909999159,2500,OverICA,iid,False,5
4,8,8001,1,10001,True,159,False,10,0.9616997664995592,0.0512109799310565,0.28463523399733054,0.20647633107419597,0.3882748721574651,1.1213863097261707,0.23902331452464362,0.5051496354646923,8,2,0.8944271909999159,2500,OverICA,iid,False,5
4,6,6001,6,60001,True,146,False,10,0.9043416724419242,0.11360810603946447,0.23486181191438188,0.16090546264586056,0.49856352541859583,1.1168585975366554,0.27978966861561916,0.4949601295256579,8,2,0.8944271909999159,2500,OverICA,iid,False,5
4,5,5001,28,280001,True,158,False,10,0.9537230138052385,0.11943588918074965,0.335767987377088,0.2029991611774299,0.5303850855940755,1.3135424352229332,0.2965539407740726,0.5017013550456557,8,2,0.8944271909999159,2500,OverICA,iid,False,5
4,6,6001,5,50001,True,159,False,10,0.9626727389923777,0.11422747280448675,0.35681620226162286,0.2065448916893289,0.5430261703810942,0.8621487908241048,0.4702761898352888,0.5050425159651957,8,2,0.8944271909999159,2500,OverICA,iid,False,5
4,6,6001,9,90001,True,120,False,10,0.9998171673000845,0.11501054791733623,0.3269114010044204,0.19993903817036052,0.8805451011632297,1.1840945683434905,0.17737176837414587,0.4839380033873937,8,2,0.8944271909999159,2500,OverICA,iid,False,5
4,4,4001,14,140001,True,152,False,10,0.947438904593053,0.17002730211243033,0.239006941513088,0.1570997173301955,0.2830715862919544,1.0976139173352613,0.2540671099136721,0.5092244452813358,8,2,0.8944271909999159,2500,OverICA,iid,False,5
4,6,6001,3,30001,True,143,False,10,0.9892594493911565,0.11694675497710705,0.2521974925265189,0.1552126459577497,0.6697465565746046,1.2301378884613996,0.1417187772861998,0.5057050360069693,8,2,0.8944271909999159,2500,OverICA,iid,False,5
4,5,5001,12,120001,True,148,False,10,0.9966573444157544,0.13902250304818153,0.35658926611501707,0.2602261273219303,0.686174674292405,1.1009793309854734,0.2651011863702927,0.501631086593825,8,2,0.8944271909999159,2500,OverICA,iid,False,5
4,6,6001,2,20001,True,162,False,10,0.9555605313928813,0.11771761998534203,0.2558979327070154,0.16440862883886645,0.5635294467326046,1.0995578479118227,0.2440958823450895,0.5112193806001458,8,2,0.8944271909999159,2500,OverICA,iid,False,5
4,5,5001,6,60001,True,148,False,10,0.9043416724419242,0.14620679570361972,0.2352470424699386,0.16094597678958628,0.5002145470306429,1.1191354507201643,0.2751423449145629,0.49259667883490155,8,2,0.8944271909999159,2500,OverICA,iid,False,5
4,6,6001,19,190001,True,136,False,10,0.9810312368856301,0.11260644299909472,0.2986085846459992,0.20173607501435456,0.6143775353241827,1.0079029987524966,0.34138349249141464,0.48846063807041845,8,2,0.8944271909999159,2500,OverICA,iid,False,5
4,7,7001,16,160001,True,141,False,10,0.948658688712603,0.07966792583465576,0.3572641441115793,0.18831002661132584,0.38778120355924045,1.297944609389229,0.3179800703191704,0.4939869253873561,8,2,0.8944271909999159,2500,OverICA,iid,False,5
4,6,6001,8,80001,True,148,False,10,0.9522616095427329,0.1201921640895307,0.2247349542026438,0.15724342369010652,0.4735961427246076,0.9783975626479702,0.38848047998190177,0.5005123954058851,8,2,0.8944271909999159,2500,OverICA,iid,False,5
4,6,6001,0,1,True,162,False,10,0.9515177591470793,0.1222211797721684,0.33802951924530655,0.20579722620470822,0.8205182441179257,0.8914880636976534,0.450794328658639,0.5077996397003331,8,2,0.8944271909999159,2500,OverICA,iid,False,5
4,6,6001,28,280001,True,161,False,10,0.9537230138052385,0.10245662787929177,0.333545084968439,0.19450334611214215,0.5303850855940755,1.3083056349212592,0.29936919455626493,0.49825787855393555,8,2,0.8944271909999159,2500,OverICA,iid,False,5
4,6,6001,18,180001,True,133,False,10,0.9847645484685986,0.11453016009181738,0.2597348343732439,0.1733669036354487,0.5669497508931297,0.9952542961650241,0.41095770668242126,0.48531991096085103,8,2,0.8944271909999159,2500,OverICA,iid,False,5
4,6,6001,13,130001,True,152,False,10,0.9449035853290825,0.11992132570594549,0.22871282012355523,0.17290389414348448,0.45144415040100117,0.9418583564551,0.4062633164991354,0.5079312779837423,8,2,0.8944271909999159,2500,OverICA,iid,False,5
4,8,8001,8,80001,True,155,False,10,0.9522616095427329,0.0564895560964942,0.2255457100108366,0.1626748055729946,0.4735961427246076,0.9830315531389139,0.3810275159449223,0.5004685247695908,8,2,0.8944271909999159,2500,OverICA,iid,False,5
4,6,6001,25,250001,True,130,False,10,0.9390357063721466,0.11594501184299588,0.1889692706397928,0.13021703561530643,0.38230679447675164,1.0844375570948979,0.3074001022244087,0.49504406952339186,8,2,0.8944271909999159,2500,OverICA,iid,False,5
4,6,6001,24,240001,True,134,False,10,0.9756608042233618,0.11642648885026574,0.3356337468453281,0.20626526276222093,0.6499308275209439,1.1002674566577257,0.197030088457813,0.48337479302488084,8,2,0.8944271909999159,2500,OverICA,iid,False,5
4,7,7001,24,240001,True,122,False,10,0.9756608042233618,0.07826625509187579,0.3355117222862771,0.20287456755525035,0.6428933174524409,1.0926113406087068,0.2018635637491232,0.4884407572140067,8,2,0.8944271909999159,2500,OverICA,iid,False,5
4,7,7001,10,100001,True,139,False,10,0.919003158812585,0.09754176996648312,0.1529121251851697,0.10522861671060924,0.2978116814676883,1.2010442449027559,0.2647369231443083,0.49829592031048275,8,2,0.8944271909999159,2500,OverICA,iid,False,5
4,6,6001,29,290001,True,158,False,10,0.8639295756605132,0.11558422399684787,0.34497350488978423,0.18875079623385688,0.6553426972285912,0.8866458347929088,0.4392840991987896,0.5071268916453159,8,2,0.8944271909999159,2500,OverICA,iid,False,5
4,6,6001,22,220001,True,146,False,10,0.9680710689134889,0.12251930916681886,0.28261230211727084,0.20877477802623848,0.6374615544041817,1.116305821403054,0.2680069406401292,0.49218052488320174,8,2,0.8944271909999159,2500,OverICA,iid,False,5
4,7,7001,13,130001,True,149,False,10,0.9449035853290825,0.1025637979619205,0.22968064092599286,0.17778171655564057,0.45144415040100117,0.9558320284118591,0.39273972197368023,0.5021243175941339,8,2,0.8944271909999159,2500,OverICA,iid,False,5
4,7,7001,1,10001,True,156,False,10,0.9616997664995592,0.11811937764286995,0.2888349541748162,0.20351266244447858,0.35403260320991203,1.1303969722023326,0.24423953853462582,0.5029691840754674,8,2,0.8944271909999159,2500,OverICA,iid,False,5
4,8,8001,0,1,True,161,False,10,0.9515177591470793,0.07590969000011683,0.3390014856369705,0.21363247335201574,0.8205182441179257,1.024823801643126,0.3183776876460516,0.504469895493395,8,2,0.8944271909999159,2500,OverICA,iid,False,5
4,1,1001,27,270001,True,140,False,10,0.9272344365261603,0.300087402574718,0.21403869633731587,0.12240240312721651,0.6146884290900014,1.0295260824137,0.2732848330909347,0.4848772632246506,8,2,0.8944271909999159,2500,OverICA,iid,False,5
4,6,6001,20,200001,True,150,False,10,0.817312718246744,0.13115093391388655,0.18981285336607961,0.12412274351709715,0.4438713782021856,0.94354216432993,0.40218646281845716,0.5029847657822202,8,2,0.8944271909999159,2500,OverICA,iid,False,5
4,7,7001,4,40001,True,148,False,10,0.9976324277964014,0.1177445100620389,0.3606124338834624,0.30301972284935896,0.5830083343212957,1.2721606899746871,0.3828893285786697,0.48356438346078395,8,2,0.8944271909999159,2500,OverICA,iid,False,5
4,4,4001,6,60001,True,136,False,10,0.9043416724419242,0.20875623170286417,0.24933521530601288,0.16744310629261464,0.5111061912227485,0.9871230890098497,0.3698407147088232,0.4931425453785223,8,2,0.8944271909999159,2500,OverICA,iid,False,5
4,7,7001,7,70001,True,142,False,10,0.9542806331782764,0.11707883421331644,0.23447839599852377,0.14610604891595488,0.49149245549201,0.9939617664602339,0.38784571638507404,0.4975202121952655,8,2,0.8944271909999159,2500,OverICA,iid,False,5
4,7,7001,3,30001,True,145,False,10,0.9892594493911565,0.12298828596249223,0.2538032696685311,0.15669284904295297,0.6697465565746046,1.2282329930672538,0.1420508137604163,0.49710890419679726,8,2,0.8944271909999159,2500,OverICA,iid,False,5
4,9,9001,1,10001,True,156,False,10,0.9616997664995592,0.06196585018187761,0.28563436394420777,0.2050372873626905,0.38484233438705356,1.1162609480531955,0.2486640226663681,0.506614589381796,8,2,0.8944271909999159,2500,OverICA,iid,False,5
4,7,7001,8,80001,True,153,False,10,0.9522616095427329,0.11500982660800219,0.2255067852421451,0.1610595908078692,0.4735961427246076,0.9841996680052738,0.3817429865253563,0.5008826857366828,8,2,0.8944271909999159,2500,OverICA,iid,False,5
4,4,4001,28,280001,True,154,False,10,0.9537230138052385,0.1790487039834261,0.33514447216570226,0.20251333875963298,0.5303850855940755,1.3118428893227871,0.29338461867458504,0.5066211181384811,8,2,0.8944271909999159,2500,OverICA,iid,False,5
4,8,8001,18,180001,True,126,False,10,0.9847645484685986,0.07278906973078847,0.26000170786899734,0.17510127908854922,0.5669497508931297,0.9880980769015613,0.40956978691171797,0.4864490331528349,8,2,0.8944271909999159,2500,OverICA,iid,False,5
4,7,7001,9,90001,True,120,False,10,0.9998171673000845,0.1168512562289834,0.32294981071793866,0.19445262476847863,0.8805451011632297,1.23077973124615,0.06480904547996785,0.47871841540431587,8,2,0.8944271909999159,2500,OverICA,iid,False,5
4,3,3001,12,120001,True,149,False,10,0.9966573444157544,0.2595325652509928,0.35332685207356995,0.25834610930701113,0.682836877229411,1.6725156518463473,0.1411427809782484,0.5021222192662063,8,2,0.8944271909999159,2500,OverICA,iid,False,5
4,8,8001,13,130001,True,159,False,10,0.9449035853290825,0.08050120109692216,0.2284899421212375,0.1687563006714932,0.45144415040100117,0.9514824446332069,0.4041985521131376,0.506409078770784,8,2,0.8944271909999159,2500,OverICA,iid,False,5
4,7,7001,0,1,True,158,False,10,0.9515177591470793,0.13482262985780835,0.3384114705436908,0.20885918798175854,0.8205182441179257,0.8953034385313714,0.44430116116639456,0.5079954736996507,8,2,0.8944271909999159,2500,OverICA,iid,False,5
4,8,8001,10,100001,True,139,False,10,0.919003158812585,0.08406976703554392,0.17144921280723832,0.10625627830567529,0.2978116814676883,1.1039763322645977,0.2665465776818634,0.4945215436832153,8,2,0.8944271909999159,2500,OverICA,iid,False,5
4,4,4001,11,110001,True,143,False,10,0.9794777790118621,0.2167813596315682,0.3911679266241431,0.2664640351189,0.5502717410850968,1.117923657772519,0.28316082308586477,0.4881989988346619,8,2,0.8944271909999159,2500,OverICA,iid,False,5
4,8,8001,15,150001,True,149,False,10,0.8850068338542072,0.08243743795901537,0.3474257933851817,0.2364663842349236,0.5800827032172595,1.3385539678437421,0.30724635674480005,0.495203864389957,8,2,0.8944271909999159,2500,OverICA,iid,False,5
4,7,7001,17,170001,True,145,False,10,0.9671549169961396,0.11387643357738853,0.16177328229736737,0.0746433008157916,0.46988787006959354,0.8982808239298401,0.4572188019761768,0.4983178436590284,8,2,0.8944271909999159,2500,OverICA,iid,False,5
4,3,3001,19,190001,True,144,False,10,0.9810312368856301,0.23499694280326366,0.2998442318189183,0.21214551616896432,0.6281049428779112,1.0004966682826815,0.35373880638066924,0.4917620355154901,8,2,0.8944271909999159,2500,OverICA,iid,False,5
3,3,3001,11,110001,True,175,False,10,0.9794777790118621,0.851776291616261,0.3656597388855832,0.26502417594888045,0.5484620049260039,1.4147051991351396,0.14250572424058133,0.5000812442747619,8,2,0.8944271909999159,2500,OverICA,iid,False,5
4,5,5001,26,260001,True,150,False,10,0.9972085447311474,0.1632695160806179,0.25615128724172004,0.1762643911855098,0.5492879508286921,0.9856349573380625,0.39250606998516574,0.49947491471694955,8,2,0.8944271909999159,2500,OverICA,iid,False,5
4,6,6001,21,210001,True,155,False,10,0.9942478343957997,0.14596637804061174,0.286062211382189,0.19424651736611406,0.7036026209892797,1.1909418926385302,0.13537420861328017,0.4994109799019989,8,2,0.8944271909999159,2500,OverICA,iid,False,5
4,6,6001,17,170001,True,147,False,10,0.9671549169961396,0.15312901232391596,0.1613979331085337,0.07324954492785375,0.46988787006959354,0.9004944076998467,0.44978166375511114,0.5036357995211097,8,2,0.8944271909999159,2500,OverICA,iid,False,5
4,7,7001,19,190001,True,139,False,10,0.9810312368856301,0.11609684117138386,0.29922787585638577,0.20828970427186005,0.6190860657088743,1.0006953401590133,0.34712123864876665,0.4945786359167152,8,2,0.8944271909999159,2500,OverICA,iid,False,5
4,8,8001,21,210001,True,158,False,10,0.9942478343957997,0.08346849121153355,0.28607839854546047,0.194924490121229,0.7036026209892797,1.184565962555813,0.1383611102415855,0.5058438176634752,8,2,0.8944271909999159,2500,OverICA,iid,False,5
4,9,9001,15,150001,True,151,False,10,0.8850068338542072,0.06550543708726764,0.3474166018378085,0.19616221542045514,0.7730286211866344,1.3523447488385398,0.3023797567900954,0.4948294483727164,8,2,0.8944271909999159,2500,OverICA,iid,False,5
4,9,9001,5,50001,True,161,False,10,0.9626727389923777,0.07336543686687946,0.35613066511481667,0.20259023498425735,0.5430261703810942,0.8541596426366224,0.4744630388303857,0.5070970047412314,8,2,0.8944271909999159,2500,OverICA,iid,False,5
4,7,7001,21,210001,True,155,False,10,0.9942478343957997,0.115535544231534,0.28616473135745585,0.1963695800000373,0.7036026209892797,1.192743734926005,0.13594976377346318,0.5062271792393929,8,2,0.8944271909999159,2500,OverICA,iid,False,5
4,9,9001,20,200001,True,151,False,10,0.817312718246744,0.05933477729558945,0.18932847222304391,0.1194808684748204,0.4438713782021856,0.9322117661720549,0.4120592850097141,0.49808923278933587,8,2,0.8944271909999159,2500,OverICA,iid,False,5
4,7,7001,18,180001,True,131,False,10,0.9847645484685986,0.11917771073058248,0.2597047648377678,0.17468689198170467,0.5669497508931297,0.9873693482962345,0.4130264953799615,0.487345847726121,8,2,0.8944271909999159,2500,OverICA,iid,False,5
4,7,7001,12,120001,True,148,False,10,0.9966573444157544,0.13040466932579875,0.3515670836163961,0.25889590961632913,0.6881193132896194,1.2344598199022825,0.14305832676863187,0.4989194888511354,8,2,0.8944271909999159,2500,OverICA,iid,False,5
4,6,6001,26,260001,True,155,False,10,0.9972085447311474,0.1515671517699957,0.2563169500666851,0.17780409001192587,0.5492879508286921,0.9841243868900386,0.39422848541441347,0.49832644591909103,8,2,0.8944271909999159,2500,OverICA,iid,False,5
4,7,7001,23,230001,True,130,False,10,0.9973947341378636,0.11760597117245197,0.23324325894801004,0.1695556240877127,0.5573152193857185,1.1493392221551322,0.1788104511900872,0.4896596330516773,8,2,0.8944271909999159,2500,OverICA,iid,False,5
4,9,9001,29,290001,True,168,False,10,0.8639295756605132,0.057353470008820295,0.3450204491901736,0.18896701796863508,0.6553426972285912,0.883178834823077,0.4465561222735457,0.5085488156284217,8,2,0.8944271909999159,2500,OverICA,iid,False,5
4,9,9001,24,240001,True,130,False,10,0.9756608042233618,0.06571499491110444,0.3356650546295855,0.19916860025721445,0.6164595104825332,1.1028633145119764,0.20026037791202203,0.48874804101373864,8,2,0.8944271909999159,2500,OverICA,iid,False,5
4,5,5001,24,240001,True,126,False,10,0.9756608042233618,0.18298023892566562,0.3351976022401262,0.2011299537632947,0.6398700367263448,1.1059138363840502,0.19117824566029923,0.4880350830307891,8,2,0.8944271909999159,2500,OverICA,iid,False,5
4,9,9001,6,60001,True,145,False,10,0.9043416724419242,0.08241976797580719,0.24856339693755386,0.1605175397322467,0.5098735014862702,0.97589453755564,0.3800920840469034,0.49059268446843524,8,2,0.8944271909999159,2500,OverICA,iid,False,5
4,8,8001,17,170001,True,148,False,10,0.9671549169961396,0.10035002185031772,0.16353593382977055,0.08152560804504558,0.46988787006959354,0.8987296295272582,0.4527995957152495,0.4960136791626504,8,2,0.8944271909999159,2500,OverICA,iid,False,5
4,8,8001,22,220001,True,148,False,10,0.9680710689134889,0.10061206109821796,0.28260855536981344,0.21413165150466645,0.6374615544041817,1.1180637288083712,0.26980049819181146,0.4951907412536241,8,2,0.8944271909999159,2500,OverICA,iid,False,5
4,7,7001,28,280001,True,152,False,10,0.9537230138052385,0.11748023191466928,0.33411838948383926,0.19403925856990356,0.5303850855940755,1.3121705674602457,0.30223024445484875,0.50515568183314,8,2,0.8944271909999159,2500,OverICA,iid,False,5
4,7,7001,29,290001,True,161,False,10,0.8639295756605132,0.1176560097374022,0.3449917422296086,0.18894292598275544,0.6553426972285912,0.8850259315866051,0.44165088417307263,0.5062647903389014,8,2,0.8944271909999159,2500,OverICA,iid,False,5
3,2,2001,2,20001,True,183,False,10,0.971529244842938,0.9636888699606061,0.2735625929348397,0.19166341447859653,0.6236909449772143,1.1413719844862447,0.28622934141110956,0.5183130307655334,8,2,0.8944271909999159,2500,OverICA,iid,False,5
4,8,8001,26,260001,True,155,False,10,0.9972085447311474,0.09800366777926683,0.256110239556529,0.17631155634044166,0.5492879508286921,0.983602145325162,0.39713754425885106,0.4998449887528519,8,2,0.8944271909999159,2500,OverICA,iid,False,5
4,8,8001,11,110001,True,150,False,10,0.9794777790118621,0.10843394976109266,0.3911742157376091,0.26662760149336473,0.5606785563228294,1.124223942628194,0.2799361874345445,0.49064112940531485,8,2,0.8944271909999159,2500,OverICA,iid,False,5
4,8,8001,7,70001,True,151,False,10,0.9542806331782764,0.11125792190432549,0.23127980839978796,0.14334770760637655,0.49149245549201,1.0632498642979582,0.2798661471642279,0.5009328767358653,8,2,0.8944271909999159,2500,OverICA,iid,False,5
4,6,6001,7,70001,True,146,False,10,0.9542806331782764,0.17817339906468987,0.23431198510430132,0.14720120414306553,0.49149245549201,0.9968664501102331,0.3836150549289137,0.49850620591102834,8,2,0.8944271909999159,2500,OverICA,iid,False,5
4,8,8001,3,30001,True,146,False,10,0.9892594493911565,0.11701053520664573,0.2526169957404135,0.15247624122204376,0.6697465565746046,1.225550709523688,0.14518447587402655,0.49519951090692976,8,2,0.8944271909999159,2500,OverICA,iid,False,5
4,9,9001,21,210001,True,162,False,10,0.9942478343957997,0.07692543277516961,0.2864739145879855,0.1981005313967418,0.7036026209892797,1.1932622719148676,0.13677114701778334,0.5027861712884372,8,2,0.8944271909999159,2500,OverICA,iid,False,5
4,8,8001,9,90001,True,117,False,10,0.9998171673000845,0.11290091089904308,0.3279363644317491,0.20043908284926495,0.8805451011632297,1.1794768135186575,0.18363138475398993,0.48158253169236614,8,2,0.8944271909999159,2500,OverICA,iid,False,5
4,8,8001,16,160001,True,141,False,10,0.948658688712603,0.1128120506182313,0.35759570369720384,0.19641300702556702,0.38778120355924045,1.3015065837129631,0.3179145440801966,0.49225432640489086,8,2,0.8944271909999159,2500,OverICA,iid,False,5
4,8,8001,12,120001,True,154,False,10,0.9966573444157544,0.11476159980520606,0.3505890276579747,0.2592922443168871,0.6744098224099853,1.229524010216378,0.14021528885559784,0.49975678223471776,8,2,0.8944271909999159,2500,OverICA,iid,False,5
4,9,9001,2,20001,True,157,False,10,0.9555605313928813,0.10461113508790731,0.2527704551836455,0.16171301181869102,0.5635294467326046,1.0098159478403215,0.34477474647624523,0.5097237544207426,8,2,0.8944271909999159,2500,OverICA,iid,False,5
5,0,1,22,220001,True,152,False,10,0.8018332394498239,0.05304186791181564,0.07730420061263064,0.05562593305708992,0.15980324534192647,0.744336505566355,0.669979544974419,0.4939863306007421,8,2,0.8944271909999159,2500,OverICA,iid,False,5
5,1,1001,2,20001,True,132,False,10,0.9555605313928813,0.04392051603645086,0.33558887350616273,0.24910110799896626,0.7346270981972347,1.218569363880906,0.3310319379834885,0.4751610918182774,8,2,0.8944271909999159,2500,OverICA,iid,False,5
5,0,1,17,170001,True,147,False,10,0.7036546891312365,0.061590743251144886,0.14547243856426575,0.11024336916546357,0.23687586532139615,1.0499679123429269,0.4214056684303693,0.4783277919983676,8,2,0.8944271909999159,2500,OverICA,iid,False,5
4,8,8001,19,190001,True,153,False,10,0.9810312368856301,0.11685088602825999,0.29928559818197015,0.2086969920409356,0.6373229631563027,1.009502260094596,0.3458463193789121,0.4970948989547679,8,2,0.8944271909999159,2500,OverICA,iid,False,5
4,8,8001,23,230001,True,131,False,10,0.9973947341378636,0.11535063618794084,0.22673905209420378,0.16734262092350283,0.5573152193857185,1.1371140861081834,0.17517173457054735,0.4886352932135679,8,2,0.8944271909999159,2500,OverICA,iid,False,5
4,8,8001,29,290001,True,160,False,10,0.8639295756605132,0.11321468884125352,0.34518755058643597,0.1907357056739551,0.6553426972285912,0.8838538494596837,0.44770823990016495,0.50263273959606,8,2,0.8944271909999159,2500,OverICA,iid,False,5
4,8,8001,27,270001,True,136,False,10,0.9272344365261603,0.11409813305363059,0.21546833191556006,0.12808962207243874,0.6146884290900014,0.9475551242277813,0.3987954376749384,0.4883524096486035,8,2,0.8944271909999159,2500,OverICA,iid,False,5
4,9,9001,16,160001,True,136,False,10,0.948658688712603,0.09614888019859791,0.3576439732863308,0.19100857674794874,0.38778120355924045,1.3002704205385807,0.321865652253759,0.4904519891576723,8,2,0.8944271909999159,2500,OverICA,iid,False,5
4,8,8001,25,250001,True,136,False,10,0.9390357063721466,0.1148491888307035,0.18866629675101781,0.12758761721335182,0.38230679447675164,1.0822674916590642,0.3050575049647629,0.4929703050300197,8,2,0.8944271909999159,2500,OverICA,iid,False,5
4,9,9001,8,80001,True,151,False,10,0.9522616095427329,0.10519003123044968,0.2251961274800636,0.16127058048202678,0.4735961427246076,0.9782574423061638,0.38559946081737695,0.5005235237909068,8,2,0.8944271909999159,2500,OverICA,iid,False,5
4,9,9001,0,1,True,160,False,10,0.9515177591470793,0.11553382407873869,0.33846475859410513,0.2087611622621402,0.8205182441179257,1.019384884364861,0.3232671157347007,0.5110035185196549,8,2,0.8944271909999159,2500,OverICA,iid,False,5
4,8,8001,28,280001,True,156,False,10,0.9537230138052385,0.11654074769467115,0.3330444932380978,0.19635957381608818,0.5303850855940755,1.3062095947429802,0.2999814592931359,0.5038406792106865,8,2,0.8944271909999159,2500,OverICA,iid,False,5
4,9,9001,11,110001,True,149,False,10,0.9794777790118621,0.11036289809271693,0.39096625972325644,0.2735423008882243,0.5722014953750829,1.1221849922010452,0.2789220389796194,0.48994511125374146,8,2,0.8944271909999159,2500,OverICA,iid,False,5
4,9,9001,3,30001,True,148,False,10,0.9892594493911565,0.11529852589592338,0.24759279975410814,0.14951078416901203,0.6697465565746046,1.215328568701587,0.1427363383738932,0.5029151187571479,8,2,0.8944271909999159,2500,OverICA,iid,False,5
4,9,9001,26,260001,True,155,False,10,0.9972085447311474,0.09116440173238516,0.25628737880392505,0.17786931691483632,0.5492879508286921,0.9824948975290394,0.3949751455695871,0.5041325664559922,8,2,0.8944271909999159,2500,OverICA,iid,False,5
4,8,8001,4,40001,True,149,False,10,0.9976324277964014,0.13556379359215498,0.35744570900595957,0.22363013513421726,0.762377336629094,1.1744020571183953,0.36679641386632106,0.48670848815609863,8,2,0.8944271909999159,2500,OverICA,iid,False,5
4,9,9001,4,40001,True,144,False,10,0.9976324277964014,0.11474561877548695,0.35996179737088785,0.3008568178162403,0.5943529784244743,1.3058771631435968,0.2724167842485774,0.48404208063135673,8,2,0.8944271909999159,2500,OverICA,iid,False,5
4,9,9001,9,90001,True,116,False,10,0.9998171673000845,0.1134456479921937,0.322354614805724,0.19504621921229903,0.8805451011632297,1.22188729727268,0.06232146524096131,0.48432488728105455,8,2,0.8944271909999159,2500,OverICA,iid,False,5
4,9,9001,19,190001,True,146,False,10,0.9810312368856301,0.10312455426901579,0.28761883254824394,0.20449242091009948,0.6135453230609199,1.08447176596681,0.42174107964136065,0.4921454960209828,8,2,0.8944271909999159,2500,OverICA,iid,False,5
4,9,9001,10,100001,True,146,False,10,0.919003158812585,0.11457956116646528,0.17094282199269656,0.10369334733265911,0.2978116814676883,1.1070652901800184,0.2590887555004373,0.48992201109932665,8,2,0.8944271909999159,2500,OverICA,iid,False,5
4,9,9001,7,70001,True,147,False,10,0.9542806331782764,0.11551435524597764,0.23143847324293193,0.14505172365817223,0.49149245549201,1.062341071402464,0.27595645462856616,0.4960338076186438,8,2,0.8944271909999159,2500,OverICA,iid,False,5
5,1,1001,21,210001,True,145,False,10,0.9942478343957997,0.04439680278301239,0.24272709525546712,0.15149724048586552,0.6370801847815597,1.101988530597428,0.3363303980146081,0.4869135285778744,8,2,0.8944271909999159,2500,OverICA,iid,False,5
4,9,9001,12,120001,True,148,False,10,0.9966573444157544,0.11542141530662775,0.35390065185282416,0.25352550037036,0.6783362901668363,1.6895448148070065,0.14021476919001158,0.5043113431920577,8,2,0.8944271909999159,2500,OverICA,iid,False,5
4,9,9001,13,130001,True,155,False,10,0.9449035853290825,0.11507308762520552,0.228661999545092,0.17073100859961596,0.45144415040100117,0.9395343498282702,0.4067732484973591,0.5032715313068906,8,2,0.8944271909999159,2500,OverICA,iid,False,5
4,8,8001,5,50001,True,155,False,10,0.9626727389923777,0.13903460185974836,0.35607844056809207,0.20285789749245547,0.5430261703810942,0.856954306461747,0.4708457770508935,0.504742538685276,8,2,0.8944271909999159,2500,OverICA,iid,False,5
4,2,2001,16,160001,True,138,False,10,0.948658688712603,0.3301247493363917,0.3571495833714778,0.19224631459269545,0.38778120355924045,1.3108781062419133,0.3196598923132014,0.48782124661939397,8,2,0.8944271909999159,2500,OverICA,iid,False,5
5,0,1,4,40001,True,86,False,10,0.9976324277964014,0.09764495026320219,0.45870122056057433,0.36674566869759534,0.537994716333984,1.572578698383321,0.3859861683517196,0.4692516655299115,8,2,0.8944271909999159,2500,OverICA,iid,False,5
5,1,1001,29,290001,True,119,False,10,0.8639295756605132,0.04278682405129075,0.2915173659329958,0.2001432143131739,0.5391490093939689,1.1031902396436628,0.43072195212679903,0.4682008632577851,8,2,0.8944271909999159,2500,OverICA,iid,False,5
5,1,1001,10,100001,True,121,False,10,0.919003158812585,0.05922111822292209,0.2886097076961119,0.19823938808162883,0.48078457942634223,1.341079785274774,0.1855861078953953,0.47818115261355576,8,2,0.8944271909999159,2500,OverICA,iid,False,5
4,8,8001,6,60001,True,151,False,10,0.9043416724419242,0.1470450209453702,0.2485727735900789,0.16118387327545106,0.5134185477996356,0.9803083309237053,0.3684148147095129,0.49484132560917676,8,2,0.8944271909999159,2500,OverICA,iid,False,5
5,0,1,3,30001,True,116,False,10,0.9892594493911565,0.09909247979521751,0.3341421473802297,0.2780873741302617,0.7020375176434754,0.8872876255523675,0.49595169884352014,0.4745031254316742,8,2,0.8944271909999159,2500,OverICA,iid,False,5
5,0,1,2,20001,True,133,False,10,0.9555605313928813,0.10075168963521719,0.189092319283248,0.09652893928658175,0.23478163686283773,0.800195571684026,0.6135523429135422,0.47665238359093093,8,2,0.8944271909999159,2500,OverICA,iid,False,5
3,3,3001,29,290001,True,193,False,10,0.9772948404726376,0.8690444100648165,0.3524654821125915,0.22780761466173777,0.8013519339599776,0.96986509246102,0.32466998167213995,0.5200355941572894,8,2,0.8944271909999159,2500,OverICA,iid,False,5
5,1,1001,5,50001,True,144,False,10,0.5797643900485362,0.06777381291612983,0.13986863248928424,0.07384622608925527,0.30444863865780397,0.7450002980875059,0.681311265568108,0.48526830280511074,8,2,0.8944271909999159,2500,OverICA,iid,False,5
5,0,1,5,50001,True,139,False,10,0.5797643900485362,0.10128237586468458,0.25496704255854213,0.16624570855084175,0.5663891521151634,0.8374392516951564,0.599255927599221,0.48754123245998127,8,2,0.8944271909999159,2500,OverICA,iid,False,5
5,0,1,7,70001,True,135,False,10,0.9542806331782764,0.10036406200379133,0.16835566539674954,0.11056530746877541,0.29263347998688094,1.0071435059259277,0.4628114811493694,0.4829555600898276,8,2,0.8944271909999159,2500,OverICA,iid,False,5
5,0,1,0,1,True,137,False,10,0.8057635355546656,0.10344469314441085,0.3196498112982433,0.2244583274374918,0.5941152357957361,1.1206810446700406,0.3637371239155101,0.48158064868111594,8,2,0.8944271909999159,2500,OverICA,iid,False,5
5,0,1,1,10001,True,149,False,10,0.9616997664995592,0.10411095805466175,0.31798763138377745,0.1604580919022718,0.45425470035936133,0.943330207369065,0.46031967340533325,0.48342173984758285,8,2,0.8944271909999159,2500,OverICA,iid,False,5
4,9,9001,23,230001,True,129,False,10,0.9973947341378636,0.11402873415499926,0.2248276337478922,0.16561990327068943,0.5573152193857185,1.1377363809343162,0.1786250775077239,0.4851825087964734,8,2,0.8944271909999159,2500,OverICA,iid,False,5
5,1,1001,17,170001,True,135,False,10,0.7036546891312365,0.05955295590683818,0.14734716145577403,0.11007367063824694,0.24775225999742143,1.0472289842941747,0.4209768627862564,0.47693185852519343,8,2,0.8944271909999159,2500,OverICA,iid,False,5
4,7,7001,15,150001,True,159,False,10,0.8850068338542072,0.1813092897646129,0.3472309848239829,0.2395463585198835,0.5800827032172595,1.5197652272439235,0.16917004272363165,0.49690996278047134,8,2,0.8944271909999159,2500,OverICA,iid,False,5
5,0,1,13,130001,True,125,False,10,0.8285570651406959,0.09971919562667608,0.35981331774632686,0.22825686255534458,0.43026019063400933,1.597852302476171,0.45954892133247416,0.4729115174484537,8,2,0.8944271909999159,2500,OverICA,iid,False,5
5,0,1,14,140001,True,113,False,10,0.947438904593053,0.09882109193131328,0.3668787958739694,0.2326396495647532,0.48296907644990456,0.9589032865119426,0.5195605375711628,0.46003345754200453,8,2,0.8944271909999159,2500,OverICA,iid,False,5
4,8,8001,20,200001,True,151,False,10,0.817312718246744,0.14190013380721211,0.18995419783827677,0.12397769867352759,0.4438713782021856,0.9402987613297755,0.40889072963729167,0.49630994041912707,8,2,0.8944271909999159,2500,OverICA,iid,False,5
5,0,1,8,80001,True,136,False,10,0.9522616095427329,0.10238668927922845,0.22977095615682547,0.1377978951639087,0.6499485065591873,0.8328551494847001,0.5889630482655696,0.4842544551613473,8,2,0.8944271909999159,2500,OverICA,iid,False,5
5,0,1,12,120001,True,129,False,10,0.9966573444157544,0.10275165690109134,0.24846673504568167,0.10818751068817456,0.5654189627517157,0.9900417103912055,0.3740609407919391,0.4793043947154605,8,2,0.8944271909999159,2500,OverICA,iid,False,5
4,7,7001,20,200001,True,158,False,10,0.817312718246744,0.17767003271728754,0.19039188394273984,0.1273220085162653,0.4438713782021856,0.9379220593227539,0.404531781436677,0.49655180525935183,8,2,0.8944271909999159,2500,OverICA,iid,False,5
5,0,1,11,110001,True,150,False,10,0.9750966732768102,0.10377521067857742,0.35166195169008,0.1871189939887946,0.5739094854160609,1.6212443277131259,0.44319728056662494,0.47451382470284154,8,2,0.8944271909999159,2500,OverICA,iid,False,5
5,0,1,15,150001,True,124,False,10,0.8850068338542072,0.10182469291612506,0.31150454821985757,0.1886712109476334,0.4511318269140026,0.8918823495461584,0.5989572464278554,0.46647822923759324,8,2,0.8944271909999159,2500,OverICA,iid,False,5
5,2,2001,12,120001,True,134,False,10,0.9966573444157544,0.04494097921997309,0.32433450772582045,0.21801255138834513,0.5588677930533664,1.1916137531803521,0.3530269469583605,0.48337513551521333,8,2,0.8944271909999159,2500,OverICA,iid,False,5
4,9,9001,25,250001,True,133,False,10,0.9390357063721466,0.119419249240309,0.1874305222638776,0.12604166454870805,0.38230679447675164,1.084347826039786,0.3030853396804819,0.48793910891863596,8,2,0.8944271909999159,2500,OverICA,iid,False,5
4,9,9001,18,180001,True,127,False,10,0.9847645484685986,0.12450012704357505,0.25994633748790946,0.1728810980673076,0.5669497508931297,0.9848139047673595,0.41450976144133034,0.4876885719709764,8,2,0.8944271909999159,2500,OverICA,iid,False,5
5,0,1,27,270001,True,134,False,10,0.7223999091148399,0.08571587689220905,0.1959326629747696,0.12021305992501657,0.4047096095717363,0.7851719767820375,0.6625877765603442,0.4724697263415776,8,2,0.8944271909999159,2500,OverICA,iid,False,5
4,9,9001,22,220001,True,146,False,10,0.9680710689134889,0.12251794897019863,0.28317801092099376,0.21363973041066445,0.6374615544041817,1.120466330517011,0.26619670836787246,0.4966462369345696,8,2,0.8944271909999159,2500,OverICA,iid,False,5
5,0,1,10,100001,True,137,False,10,0.919003158812585,0.10625932505354285,0.29937330607415846,0.13965534750151987,0.4689076517412805,0.917575805327814,0.5791746027075899,0.4763804162457029,8,2,0.8944271909999159,2500,OverICA,iid,False,5
4,9,9001,14,140001,True,156,False,10,0.947438904593053,0.13464434118941426,0.23693729659032786,0.16021122091477752,0.2830715862919544,1.0967863692245454,0.25531506402275295,0.5095465147354465,8,2,0.8944271909999159,2500,OverICA,iid,False,5
4,9,9001,17,170001,True,144,False,10,0.9671549169961396,0.12651049438863993,0.16206500792935458,0.07643324051021719,0.46988787006959354,0.8958396623050282,0.45480852249776715,0.4990019977268778,8,2,0.8944271909999159,2500,OverICA,iid,False,5
5,0,1,9,90001,True,157,False,10,0.9998171673000845,0.10814297199249268,0.2633262798397315,0.1561436571714371,0.7094491308896369,1.1836299932297225,0.24085025267369978,0.5043217749735021,8,2,0.8944271909999159,2500,OverICA,iid,False,5
5,0,1,19,190001,True,140,False,10,0.9810312368856301,0.09769661957398057,0.24589086987877018,0.16603982411628865,0.49753394528759304,1.1103726025626044,0.4067507826180859,0.4777863388454763,8,2,0.8944271909999159,2500,OverICA,iid,False,5
5,2,2001,2,20001,True,135,False,10,0.9555605313928813,0.056777053978294134,0.3362724083452565,0.24623379717716712,0.734627098197235,1.0195461321747097,0.5428647716434969,0.4792921970036222,8,2,0.8944271909999159,2500,OverICA,iid,False,5
5,0,1,18,180001,True,137,False,10,0.9847645484685986,0.10167486406862736,0.2496980956925795,0.16830830890300713,0.5661460994297071,1.0493684441031779,0.4359021732459669,0.4812401432415576,8,2,0.8944271909999159,2500,OverICA,iid,False,5
5,0,1,20,200001,True,129,False,10,0.7728411772570831,0.1000166148878634,0.35366579313860746,0.17795739924784804,0.6138672552136087,1.5027006996418877,0.23436251130805097,0.4718269421546691,8,2,0.8944271909999159,2500,OverICA,iid,False,5
5,2,2001,18,180001,True,146,False,10,0.9847645484685986,0.044176314026117325,0.25328676010373097,0.1738084032213852,0.5661460994297057,0.8430170900142778,0.5977801804441466,0.48084515228545677,8,2,0.8944271909999159,2500,OverICA,iid,False,5
5,2,2001,19,190001,True,129,False,10,0.9810312368856301,0.04436798393726349,0.37977263560797747,0.25637238119975714,0.5292202888220661,1.1604112279936538,0.4461067682406969,0.4749046654663143,8,2,0.8944271909999159,2500,OverICA,iid,False,5
5,0,1,16,160001,True,153,False,10,0.8657804195206386,0.1076757749542594,0.2981355058514094,0.1884417038859136,0.5588771738328325,0.8770281463201993,0.5723900275559918,0.4920036782404026,8,2,0.8944271909999159,2500,OverICA,iid,False,5
5,0,1,21,210001,True,148,False,10,0.9942478343957997,0.10051860101521015,0.2077476288873096,0.10533500463343698,0.6109394395370724,0.8078569541882942,0.5983613023049749,0.49390619176736145,8,2,0.8944271909999159,2500,OverICA,iid,False,5
5,0,1,6,60001,True,132,False,10,0.9043416724419242,0.1203934121876955,0.23514235343993303,0.1466578808318315,0.6016569578616673,0.8328098301849876,0.5778395088163647,0.4791845524561562,8,2,0.8944271909999159,2500,OverICA,iid,False,5
4,7,7001,6,60001,True,142,False,10,0.9043416724419242,0.21276621706783772,0.2312233075589345,0.1614294454515413,0.47829065108632174,1.1206196252970226,0.27572266572064463,0.4934279125028519,8,2,0.8944271909999159,2500,OverICA,iid,False,5
5,1,1001,20,200001,True,125,False,10,0.7728411772570831,0.0774089302867651,0.3527504460688658,0.17408350503211936,0.6065778653686951,1.4726526826858137,0.23631254094687107,0.4776267977484602,8,2,0.8944271909999159,2500,OverICA,iid,False,5
5,0,1,24,240001,True,161,False,10,0.9756608042233618,0.1026451070792973,0.2758677937336289,0.17047126854539707,0.6113586651104799,1.1544001911637085,0.3781478970003796,0.5032141181645403,8,2,0.8944271909999159,2500,OverICA,iid,False,5
5,1,1001,3,30001,True,118,False,10,0.9892594493911565,0.09494397835806012,0.33429524576792846,0.2748884539774178,0.7045027753479048,0.88057025281049,0.5115093086893103,0.4722164763673927,8,2,0.8944271909999159,2500,OverICA,iid,False,5
5,0,1,23,230001,True,153,False,10,0.7304764199161407,0.10299986600875854,0.23804921061199724,0.11729400294043149,0.7284111896593114,1.0228913163829223,0.4238869437060999,0.48225421366510446,8,2,0.8944271909999159,2500,OverICA,iid,False,5
5,1,1001,0,1,True,123,False,10,0.8057635355546656,0.09989091474562883,0.26256559508986543,0.17375761042594012,0.558315319551917,0.8430198377034293,0.6161368705888007,0.47690604831164185,8,2,0.8944271909999159,2500,OverICA,iid,False,5
4,8,8001,2,20001,True,167,False,10,0.9555605313928813,0.1783304689452052,0.255351379051715,0.16065669677100117,0.5635294467326046,1.095806710582981,0.2510879733884024,0.510601422763196,8,2,0.8944271909999159,2500,OverICA,iid,False,5
5,0,1,29,290001,True,135,False,10,0.8639295756605132,0.10241368925198913,0.3151399186140067,0.2641035910580758,0.7193389565280291,0.9182045803632745,0.5718011594377249,0.4777445939105746,8,2,0.8944271909999159,2500,OverICA,iid,False,5
5,1,1001,7,70001,True,134,False,10,0.9542806331782764,0.09838535496965051,0.19673347946589476,0.11329468002320886,0.29162250980713644,0.804096585505972,0.6149091893597872,0.48085505964824987,8,2,0.8944271909999159,2500,OverICA,iid,False,5
5,1,1001,1,10001,True,149,False,10,0.9616997664995592,0.10460098413750529,0.31944202346304956,0.15916468085969207,0.4561378050396409,1.3540853184383044,0.42439539796492703,0.48554609203337634,8,2,0.8944271909999159,2500,OverICA,iid,False,5
5,1,1001,11,110001,True,160,False,10,0.9750966732768102,0.09359020600095391,0.201959354332385,0.12037747839016948,0.5183939327570787,0.8206108500097148,0.596689980674487,0.5028233201289705,8,2,0.8944271909999159,2500,OverICA,iid,False,5
4,9,9001,28,280001,True,159,False,10,0.9537230138052385,0.13905760226771235,0.3331912110542574,0.19523577169623255,0.5303850855940755,1.2993518675101345,0.29785810073243024,0.507769912378208,8,2,0.8944271909999159,2500,OverICA,iid,False,5
5,1,1001,6,60001,True,140,False,10,0.9043416724419242,0.10414810804650187,0.2356212650624849,0.15289159264573607,0.6016569578616685,0.8400565471690954,0.5815160693234057,0.4787260460129201,8,2,0.8944271909999159,2500,OverICA,iid,False,5
5,1,1001,23,230001,True,149,False,10,0.7304764199161407,0.09342482592910528,0.23773544162552288,0.11468691297170062,0.7284111896593114,1.0179224595200531,0.4198194638469482,0.4819226812146985,8,2,0.8944271909999159,2500,OverICA,iid,False,5
5,1,1001,12,120001,True,129,False,10,0.9966573444157544,0.10195919219404459,0.2486689758976111,0.11101394657287082,0.5654189627517157,0.9931285223152049,0.37509213745860404,0.4736126071154993,8,2,0.8944271909999159,2500,OverICA,iid,False,5
5,1,1001,18,180001,True,123,False,10,0.9847645484685986,0.098349095787853,0.32016764873922,0.16610752470926946,0.9202347645971282,0.8756664385211362,0.5371312073510666,0.47538710721928945,8,2,0.8944271909999159,2500,OverICA,iid,False,5
4,8,8001,24,240001,True,127,False,10,0.9756608042233618,0.17708485713228583,0.2983747467878686,0.20048303814661736,0.5956855117012364,1.2832005262620587,0.16993300760636498,0.4849169697933272,8,2,0.8944271909999159,2500,OverICA,iid,False,5
5,1,1001,8,80001,True,148,False,10,0.9522616095427329,0.10629344405606389,0.21614394433978856,0.15690667796445992,0.3617339710767624,1.0346223660510765,0.43208410794528634,0.4805809684702926,8,2,0.8944271909999159,2500,OverICA,iid,False,5
5,3,3001,15,150001,True,111,False,10,0.8850068338542072,0.04521432798355818,0.3752717032599277,0.2613813633847626,0.4487418427060342,1.1781268887872527,0.467039471789997,0.4651120127743019,8,2,0.8944271909999159,2500,OverICA,iid,False,5
5,1,1001,19,190001,True,132,False,10,0.9810312368856301,0.09965550573542714,0.37974699453298094,0.25066328696822116,0.5292202888220661,1.1525135778158875,0.44895481356590433,0.46895269101670584,8,2,0.8944271909999159,2500,OverICA,iid,False,5
5,0,1,25,250001,True,114,False,10,0.9390357063721466,0.120756721124053,0.36649045741713143,0.23852477720464807,0.8599667847300438,3.7513762070523313,0.25207197439677875,0.4695316889759251,8,2,0.8944271909999159,2500,OverICA,iid,False,5
5,1,1001,24,240001,True,133,False,10,0.9756608042233618,0.09962059697136283,0.384230572291847,0.2527114674079681,0.7305219419163128,1.710949268420297,0.3686702954853356,0.4581146053364451,8,2,0.8944271909999159,2500,OverICA,iid,False,5
5,0,1,28,280001,True,117,False,10,0.9537230138052385,0.11688716523349285,0.3443554881469095,0.21833034599790752,0.5696383299973415,1.190581438167374,0.3344677042640596,0.45213717616011045,8,2,0.8944271909999159,2500,OverICA,iid,False,5
5,3,3001,9,90001,True,164,False,10,0.9998171673000845,0.057446449995040894,0.25903687718736634,0.1528412138475756,0.7094491308896369,1.1126614750638661,0.3350639519798686,0.4998894002439021,8,2,0.8944271909999159,2500,OverICA,iid,False,5
3,7,7001,24,240001,True,184,False,10,0.9756608042233618,0.6565067921765149,0.34267252137676646,0.2330516505911499,0.8486140671149418,1.1887480276048437,0.14653052990852447,0.5016366409251536,8,2,0.8944271909999159,2500,OverICA,iid,False,5
5,3,3001,6,60001,True,154,False,10,0.9043416724419242,0.05935281701385975,0.1980260757704222,0.13047252718896202,0.44289413496369123,1.064960725974693,0.43348152836123216,0.48279604088004463,8,2,0.8944271909999159,2500,OverICA,iid,False,5
5,1,1001,25,250001,True,118,False,10,0.9390357063721466,0.10140679590404034,0.28361187379046354,0.20858716622175605,0.5534027647503443,1.2097990351597465,0.2201188526395775,0.46824112154192754,8,2,0.8944271909999159,2500,OverICA,iid,False,5
4,9,9001,27,270001,True,135,False,10,0.9272344365261603,0.15534953773021698,0.21384492546480885,0.12140508359187484,0.6146884290900014,1.0306893788110725,0.27174988880286455,0.4924628922636668,8,2,0.8944271909999159,2500,OverICA,iid,False,5
5,2,2001,1,10001,True,122,False,10,0.9616997664995592,0.09485569782555103,0.2524049523812287,0.18045866671312277,0.4734732384957527,1.319234957828371,0.2014481446018674,0.45730155845894005,8,2,0.8944271909999159,2500,OverICA,iid,False,5
5,2,2001,3,30001,True,116,False,10,0.9892594493911565,0.09456063015386462,0.3343146023890232,0.2772239867075831,0.6986629032568259,0.8875417258054515,0.5059095658628218,0.4710416455723651,8,2,0.8944271909999159,2500,OverICA,iid,False,5
5,1,1001,13,130001,True,137,False,10,0.8285570651406959,0.11178793897852302,0.35992681683253547,0.23216776927273217,0.4637400778961161,1.6989201967330148,0.4563668129987248,0.4761025314798392,8,2,0.8944271909999159,2500,OverICA,iid,False,5
5,2,2001,23,230001,True,129,False,10,0.7304764199161407,0.07356490520760417,0.2433847756392708,0.1653822930184278,0.5116219944731131,1.0791820463033857,0.38112561349966273,0.47952351201770244,8,2,0.8944271909999159,2500,OverICA,iid,False,5
5,1,1001,22,220001,True,147,False,10,0.8018332394498239,0.10562525782734156,0.07538218007640375,0.054751637588675434,0.15980324534192647,0.7293106279756941,0.683074892188107,0.49364650574642355,8,2,0.8944271909999159,2500,OverICA,iid,False,5
5,1,1001,28,280001,True,100,False,10,0.9537230138052385,0.09881193190813065,0.40654288254503285,0.2692448694912609,0.7014827370587059,0.9467959387790309,0.41946787239577876,0.45201031364312355,8,2,0.8944271909999159,2500,OverICA,iid,False,5
5,2,2001,0,1,True,123,False,10,0.8057635355546656,0.09647654695436358,0.26281524202719175,0.17362408516736264,0.558315319551917,1.0179475451348565,0.4047541431808217,0.4750302099968436,8,2,0.8944271909999159,2500,OverICA,iid,False,5
5,1,1001,27,270001,True,136,False,10,0.7223999091148399,0.10155549505725503,0.1960978760688134,0.1216386650769397,0.4152843208753011,0.7793126654577094,0.6685026871919365,0.4776255368678115,8,2,0.8944271909999159,2500,OverICA,iid,False,5
5,1,1001,9,90001,True,134,False,10,0.9998171673000845,0.11548830522224307,0.36879838296682843,0.2624554432694952,0.49407935775299877,1.2187554913458212,0.256404113191047,0.4707497802502792,8,2,0.8944271909999159,2500,OverICA,iid,False,5
5,2,2001,21,210001,True,156,False,10,0.9942478343957997,0.07799277734011412,0.24880645208061863,0.15610864376696532,0.6370801847815595,1.2253300725861915,0.22359097523349544,0.48402778845199834,8,2,0.8944271909999159,2500,OverICA,iid,False,5
5,2,2001,4,40001,True,101,False,10,0.9976324277964014,0.09523068508133292,0.44149878952978283,0.2912460010031105,0.5912796851644637,1.0435472452575247,0.37092299869082973,0.4403973263300091,8,2,0.8944271909999159,2500,OverICA,iid,False,5
5,2,2001,27,270001,True,137,False,10,0.7223999091148399,0.078057745937258,0.19547901135530613,0.11485456342958343,0.3791599140365714,0.7848250716314018,0.6644119979555986,0.4795339088291079,8,2,0.8944271909999159,2500,OverICA,iid,False,5
5,3,3001,16,160001,True,152,False,10,0.8657804195206386,0.060584689024835825,0.2666729143679638,0.18176572542692243,0.5588771738328332,1.0626270073207904,0.39962224318764134,0.4872850333370254,8,2,0.8944271909999159,2500,OverICA,iid,False,5
5,1,1001,4,40001,True,92,False,10,0.9976324277964014,0.1280489838682115,0.4249175503036782,0.29680621276182684,0.5912796851644635,1.2164778312579971,0.211269333071646,0.44392008555904583,8,2,0.8944271909999159,2500,OverICA,iid,False,5
5,1,1001,26,260001,True,134,False,10,0.9889203360696825,0.11084146425127983,0.22375074004717369,0.12421303869587139,0.42619061379541023,1.0477763529105935,0.4738767162080038,0.4784085959293576,8,2,0.8944271909999159,2500,OverICA,iid,False,5
5,2,2001,10,100001,True,121,False,10,0.919003158812585,0.09900094103068113,0.2669853768501342,0.19137203754656018,0.48078457942634245,1.4452181560957194,0.013427649113653151,0.479331809585422,8,2,0.8944271909999159,2500,OverICA,iid,False,5
5,4,4001,21,210001,True,154,False,10,0.9942478343957997,0.04489310970529914,0.237916447327419,0.15152869621332568,0.6370801847815595,1.0988894835146503,0.3293972907297697,0.48603923146070593,8,2,0.8944271909999159,2500,OverICA,iid,False,5
5,3,3001,27,270001,True,141,False,10,0.7223999091148399,0.05967413494363427,0.24451328508789055,0.17351120736809267,0.5023668098605267,1.0530614949061772,0.3469218258022117,0.4869491662879258,8,2,0.8944271909999159,2500,OverICA,iid,False,5
5,2,2001,5,50001,True,145,False,10,0.5797643900485362,0.10207168059423566,0.2557085408636028,0.1713953256816802,0.5663891521151636,0.842427264196124,0.5990107050223932,0.48642120208745754,8,2,0.8944271909999159,2500,OverICA,iid,False,5
5,2,2001,26,260001,True,149,False,10,0.9889203360696825,0.08438761485740542,0.20660398222034093,0.14494501221928274,0.46927801467158115,1.0882578556279026,0.3593945192131303,0.4924280623193009,8,2,0.8944271909999159,2500,OverICA,iid,False,5
3,9,9001,10,100001,True,160,False,10,0.9931766105792638,0.5789127228781581,0.35883787397496886,0.2351232977804605,0.5049456062206293,1.2385681889389475,0.09852403403869238,0.497677553275804,8,2,0.8944271909999159,2500,OverICA,iid,False,5
5,2,2001,6,60001,True,146,False,10,0.9043416724419242,0.102450308855623,0.20076527492616994,0.14255294465252,0.44599606695758065,1.0657117488737735,0.43142246803620815,0.4781793824058217,8,2,0.8944271909999159,2500,OverICA,iid,False,5
5,2,2001,8,80001,True,138,False,10,0.9522616095427329,0.10173222282901406,0.2301909739862986,0.1664588951208222,0.3868840759098218,1.0496698522633738,0.43472394879807214,0.4730617608653407,8,2,0.8944271909999159,2500,OverICA,iid,False,5
5,2,2001,13,130001,True,144,False,10,0.8285570651406959,0.10021512303501368,0.22258362145313057,0.13916880876820664,0.46638407678646593,0.7946425667168514,0.6641450510312371,0.48451578499146697,8,2,0.8944271909999159,2500,OverICA,iid,False,5
4,7,7001,11,110001,True,147,False,10,0.9794777790118621,0.24953044904395938,0.39110383452801234,0.2703739309883745,0.5733772886662774,1.1238381648371425,0.27293147064616546,0.4887805801273344,8,2,0.8944271909999159,2500,OverICA,iid,False,5
5,3,3001,8,80001,True,139,False,10,0.9522616095427329,0.07677780417725444,0.2291711177540575,0.1346186819424064,0.649948506559187,0.8312874715422346,0.5914560749510294,0.4861037534869127,8,2,0.8944271909999159,2500,OverICA,iid,False,5
5,3,3001,20,200001,True,131,False,10,0.7728411772570831,0.06578642502427101,0.3530683527320102,0.17237602260335355,0.5938149083544328,1.5309245575059613,0.22788654591053828,0.47673795590169965,8,2,0.8944271909999159,2500,OverICA,iid,False,5
5,2,2001,14,140001,True,140,False,10,0.947438904593053,0.10144501458853483,0.34691670136024194,0.23053917567575763,0.4950414644701199,1.1357310145404498,0.42024771815877004,0.4851353249029842,8,2,0.8944271909999159,2500,OverICA,iid,False,5
5,2,2001,24,240001,True,164,False,10,0.9756608042233618,0.09136887127533555,0.2683103782500817,0.16973622405195163,0.6419754478147399,1.060262364570646,0.38621355732539714,0.5077824567770138,8,2,0.8944271909999159,2500,OverICA,iid,False,5
5,2,2001,17,170001,True,151,False,10,0.7036546891312365,0.09811656596139073,0.29075036716787855,0.20004994285082442,0.5145016320633596,0.911829623689218,0.5239900829900112,0.48584177628026776,8,2,0.8944271909999159,2500,OverICA,iid,False,5
5,2,2001,20,200001,True,141,False,10,0.7728411772570831,0.09560399316251278,0.35340665106141256,0.17521239429436075,0.6026948941780209,1.5319893185021953,0.22723350224886843,0.47237473378248296,8,2,0.8944271909999159,2500,OverICA,iid,False,5
5,2,2001,15,150001,True,111,False,10,0.8850068338542072,0.10150285484269261,0.3753568605413215,0.26177387818211134,0.426090039575662,1.2474886364884241,0.4648635068663607,0.4675954044488848,8,2,0.8944271909999159,2500,OverICA,iid,False,5
5,2,2001,9,90001,True,160,False,10,0.9998171673000845,0.1065566623583436,0.2639447508099246,0.1531967307041181,0.7094491308896375,1.0187579256624952,0.4217394791246802,0.4986498017311861,8,2,0.8944271909999159,2500,OverICA,iid,False,5
5,0,1,26,260001,True,150,False,10,0.9889203360696825,0.14816807303577662,0.1995630731637824,0.1472735379516127,0.46927801467158115,1.0702959062821578,0.37214543154045493,0.48888064805629167,8,2,0.8944271909999159,2500,OverICA,iid,False,5
5,2,2001,16,160001,True,153,False,10,0.8657804195206386,0.10240406868979335,0.2654237007069451,0.1809607043564563,0.5588771738328332,1.0678503476878818,0.39397696314518743,0.488675214294937,8,2,0.8944271909999159,2500,OverICA,iid,False,5
5,2,2001,11,110001,True,157,False,10,0.9750966732768102,0.11180361825972795,0.20178593008303958,0.1176631785353722,0.5183939327570787,0.7980285012241746,0.6203983935614775,0.49763679128563487,8,2,0.8944271909999159,2500,OverICA,iid,False,5
5,4,4001,10,100001,True,121,False,10,0.919003158812585,0.06655045133084059,0.2843007207610007,0.19157099479535267,0.48078457942634245,1.3417749267723307,0.18813872369799375,0.4754379028035366,8,2,0.8944271909999159,2500,OverICA,iid,False,5
5,2,2001,25,250001,True,126,False,10,0.9390357063721466,0.10129803558811545,0.28317784530715373,0.2111140012379242,0.5534027647503436,1.2045401894917236,0.22417699616187103,0.46762310271434254,8,2,0.8944271909999159,2500,OverICA,iid,False,5
5,1,1001,16,160001,True,151,False,10,0.8657804195206386,0.135232487693429,0.13006795984925698,0.07636603907004852,0.33394155540968073,1.0140086157549595,0.4145262417226802,0.4798220391943669,8,2,0.8944271909999159,2500,OverICA,iid,False,5
5,2,2001,22,220001,True,145,False,10,0.8018332394498239,0.1032534041441977,0.2755137513122856,0.18665776146805502,0.3645794198267016,1.1331934160698847,0.3687580637453147,0.48317725858927507,8,2,0.8944271909999159,2500,OverICA,iid,False,5
5,2,2001,29,290001,True,131,False,10,0.8639295756605132,0.09952204814180732,0.3152528425830114,0.2625249550365141,0.7193389565280288,0.9280773698921777,0.5637427090053487,0.48264254113281213,8,2,0.8944271909999159,2500,OverICA,iid,False,5
5,2,2001,28,280001,True,118,False,10,0.9537230138052385,0.10300691518932581,0.34517303892769363,0.21831788481791561,0.5460604911904365,1.204384050169122,0.3335252938035102,0.4542837276210272,8,2,0.8944271909999159,2500,OverICA,iid,False,5
5,3,3001,4,40001,True,96,False,10,0.9976324277964014,0.10017006285488605,0.458703234938216,0.36998825631929233,0.530391668506202,1.781847723873988,0.3749166528668016,0.4617939256750982,8,2,0.8944271909999159,2500,OverICA,iid,False,5
5,4,4001,28,280001,True,121,False,10,0.9537230138052385,0.06152688292786479,0.34427343718099407,0.21781697584883697,0.5570244699885161,1.192004891852821,0.3389965107539263,0.4587949133397204,8,2,0.8944271909999159,2500,OverICA,iid,False,5
5,3,3001,7,70001,True,135,False,10,0.9542806331782764,0.09764599008485675,0.2996493883446882,0.17535756879811976,0.9204670405885464,1.2311905548232893,0.4136916840497289,0.4806586105423593,8,2,0.8944271909999159,2500,OverICA,iid,False,5
5,3,3001,1,10001,True,148,False,10,0.9616997664995592,0.10148811480030417,0.31781865178958696,0.15427765999482065,0.43125515197094005,0.9365614099490439,0.4731276295626167,0.4886081730684088,8,2,0.8944271909999159,2500,OverICA,iid,False,5
5,3,3001,0,1,True,142,False,10,0.8057635355546656,0.10229181917384267,0.31883778530310636,0.2251876228512751,0.5941152357957363,1.1057834759499148,0.36458391362480946,0.4849426548661564,8,2,0.8944271909999159,2500,OverICA,iid,False,5
5,3,3001,3,30001,True,116,False,10,0.9892594493911565,0.10224444000050426,0.3342014896185346,0.2736310954874883,0.6969968742494647,0.8870369045875949,0.49691302056236486,0.4694757396076463,8,2,0.8944271909999159,2500,OverICA,iid,False,5
5,1,1001,14,140001,True,114,False,10,0.947438904593053,0.1495728143490851,0.3666290003938964,0.23062401211587266,0.482969076449905,0.9524896808428919,0.5234047155441465,0.4511648872483769,8,2,0.8944271909999159,2500,OverICA,iid,False,5
5,3,3001,2,20001,True,132,False,10,0.9555605313928813,0.10434162709861994,0.3362958196651772,0.24991167209320117,0.7346270981972349,1.2326281088068578,0.3216561341421052,0.4779317852166294,8,2,0.8944271909999159,2500,OverICA,iid,False,5
5,1,1001,15,150001,True,129,False,10,0.8850068338542072,0.14885385986417532,0.3118858922578452,0.1927174257752487,0.46193011739049256,0.8896623487312231,0.5990329825318232,0.4662698155438371,8,2,0.8944271909999159,2500,OverICA,iid,False,5
5,4,4001,18,180001,True,122,False,10,0.9847645484685986,0.07608961872756481,0.3202128847868756,0.17054778672584406,0.9202347645971282,0.8765545200305653,0.5302886715881444,0.46981171643908054,8,2,0.8944271909999159,2500,OverICA,iid,False,5
5,3,3001,5,50001,True,137,False,10,0.5797643900485362,0.1033589830622077,0.25496254586772454,0.16739542798832757,0.5663891521151634,0.8397602083199085,0.6018011067234097,0.48555395237090526,8,2,0.8944271909999159,2500,OverICA,iid,False,5
5,3,3001,10,100001,True,134,False,10,0.919003158812585,0.10138919483870268,0.299332620309687,0.1355982086409864,0.46890765174128124,0.9164821163803171,0.5749754792617687,0.48005125067290344,8,2,0.8944271909999159,2500,OverICA,iid,False,5
5,3,3001,11,110001,True,150,False,10,0.9750966732768102,0.1015115650370717,0.35115036639966857,0.18446695697642554,0.5733962208267722,1.6410608139347458,0.4331621399262056,0.48324985611446936,8,2,0.8944271909999159,2500,OverICA,iid,False,5
5,4,4001,7,70001,True,138,False,10,0.9542806331782764,0.08355552097782493,0.296517726684393,0.17762479224025862,0.9059039849642041,1.3990861388357478,0.2186725860157247,0.4750539366135108,8,2,0.8944271909999159,2500,OverICA,iid,False,5
5,5,5001,24,240001,True,122,False,10,0.9756608042233618,0.04338845005258918,0.37675801867890474,0.2551259103605675,0.720804408229741,1.8770023489191816,0.20942641042931595,0.4554759332437688,8,2,0.8944271909999159,2500,OverICA,iid,False,5
4,7,7001,26,260001,True,152,False,10,0.9972085447311474,0.25514621334150434,0.25604761474069604,0.17337005547084233,0.5492879508286921,0.9825380964925914,0.39402198623464574,0.49931580991299196,8,2,0.8944271909999159,2500,OverICA,iid,False,5
4,8,8001,14,140001,True,166,False,10,0.947438904593053,0.24277134332805872,0.23342099743675065,0.1562864080722321,0.2830715862919544,1.0896773039583132,0.2591848686565298,0.5098445373632503,8,2,0.8944271909999159,2500,OverICA,iid,False,5
5,5,5001,26,260001,True,156,False,10,0.9889203360696825,0.044946519657969475,0.22520637880054448,0.14273963240068974,0.46927801467158115,0.7986955418291316,0.6260358604352394,0.48962013114517194,8,2,0.8944271909999159,2500,OverICA,iid,False,5
5,3,3001,19,190001,True,136,False,10,0.9810312368856301,0.10005205404013395,0.24910484660609367,0.16503894513391226,0.47098519627358987,1.1115878433074862,0.4054805220315619,0.4783157590474557,8,2,0.8944271909999159,2500,OverICA,iid,False,5
5,3,3001,14,140001,True,144,False,10,0.947438904593053,0.10175041388720274,0.34690508125303576,0.23109905912140183,0.4931540205364781,1.1008445853304234,0.417643482990103,0.48110551174580923,8,2,0.8944271909999159,2500,OverICA,iid,False,5
4,7,7001,27,270001,True,137,False,10,0.9272344365261603,0.25586281903088093,0.21511288809465273,0.1256527769313652,0.6146884290900014,0.9441287962270141,0.40156023589137857,0.4925375146923765,8,2,0.8944271909999159,2500,OverICA,iid,False,5
5,2,2001,7,70001,True,140,False,10,0.9542806331782764,0.1380242989398539,0.17278978186867455,0.10992354230842788,0.2915467241931035,1.0047510008775273,0.47083849841219444,0.4800108366837139,8,2,0.8944271909999159,2500,OverICA,iid,False,5
5,3,3001,21,210001,True,143,False,10,0.9942478343957997,0.10020964313298464,0.24197065017806035,0.1553764141673764,0.6370801847815599,1.0999767504397975,0.3327596036140907,0.48565770508407685,8,2,0.8944271909999159,2500,OverICA,iid,False,5
5,3,3001,23,230001,True,145,False,10,0.7304764199161407,0.09968729596585035,0.23824091057275099,0.11916847757110821,0.7284111896593114,1.0154323522193855,0.4268121479989246,0.4817285187551519,8,2,0.8944271909999159,2500,OverICA,iid,False,5
5,3,3001,25,250001,True,112,False,10,0.9390357063721466,0.10035755205899477,0.36729208296877736,0.2379731937389151,0.8599667847300434,3.0463356027220296,0.46269049087813935,0.47023072012094025,8,2,0.8944271909999159,2500,OverICA,iid,False,5
5,3,3001,22,220001,True,148,False,10,0.8018332394498239,0.10198185173794627,0.2764373304058235,0.18756374647416707,0.3645794198267004,1.0677501569301562,0.40511293643939333,0.4843781385848806,8,2,0.8944271909999159,2500,OverICA,iid,False,5
5,3,3001,18,180001,True,138,False,10,0.9847645484685986,0.10301194526255131,0.25312117207377993,0.17164870689530304,0.566146099429706,0.8449896755330523,0.596343621085008,0.48185897438505815,8,2,0.8944271909999159,2500,OverICA,iid,False,5
5,3,3001,26,260001,True,153,False,10,0.9889203360696825,0.10219408990815282,0.22602659132064568,0.15294944148031572,0.46927801467158115,0.8015119924636706,0.6239661745234399,0.49008195519431247,8,2,0.8944271909999159,2500,OverICA,iid,False,5
5,4,4001,0,1,True,121,False,10,0.8057635355546656,0.10029211267828941,0.26297354086857155,0.17292380725290005,0.558315319551917,1.0130312745490178,0.4104307894721347,0.47123302895648356,8,2,0.8944271909999159,2500,OverICA,iid,False,5
5,3,3001,24,240001,True,163,False,10,0.9756608042233618,0.10398697899654508,0.2696704933219808,0.16801187666411854,0.649506529559954,1.0729864383896806,0.37608927741799086,0.4992517071896413,8,2,0.8944271909999159,2500,OverICA,iid,False,5
5,3,3001,29,290001,True,138,False,10,0.8639295756605132,0.10322896437719464,0.31504085798089065,0.2600456159014273,0.7193389565280291,0.9273409701203277,0.5647457063218099,0.4769894317192802,8,2,0.8944271909999159,2500,OverICA,iid,False,5
5,4,4001,2,20001,True,129,False,10,0.9555605313928813,0.10172497341409326,0.33658354258704015,0.2514718946496435,0.7346270981972346,1.0246139631992042,0.5284138688197221,0.47519573016765426,8,2,0.8944271909999159,2500,OverICA,iid,False,5
5,6,6001,12,120001,True,129,False,10,0.9966573444157544,0.045649414882063866,0.24849127872094923,0.10632643378400829,0.5654189627517161,0.9798216835388965,0.3878076930697332,0.47979874420002927,8,2,0.8944271909999159,2500,OverICA,iid,False,5
5,4,4001,14,140001,True,110,False,10,0.947438904593053,0.09835430514067411,0.3642590375302521,0.23244794204015307,0.4682704025245143,1.3230772025195707,0.3369894305478011,0.4553924220081194,8,2,0.8944271909999159,2500,OverICA,iid,False,5
5,4,4001,6,60001,True,141,False,10,0.9043416724419242,0.10195393208414316,0.23551997547413125,0.1494299476455955,0.6016569578616685,0.8309637826821427,0.5817049986985703,0.4768997554550655,8,2,0.8944271909999159,2500,OverICA,iid,False,5
5,4,4001,3,30001,True,115,False,10,0.9892594493911565,0.1041544177569449,0.3349115230958634,0.27358696925835163,0.7019797592669672,0.8953639143991458,0.49441933948571304,0.4656077457110172,8,2,0.8944271909999159,2500,OverICA,iid,False,5
5,4,4001,16,160001,True,142,False,10,0.8657804195206386,0.09858201304450631,0.13841210930552356,0.08386191613368393,0.33394155540968073,0.7573790398202176,0.6686188843627505,0.4777606767456684,8,2,0.8944271909999159,2500,OverICA,iid,False,5
5,4,4001,9,90001,True,158,False,10,0.9998171673000845,0.10222958028316498,0.25873937959765625,0.15217672035467042,0.7094491308896367,1.0962654854399922,0.3433109239671473,0.4967752869385007,8,2,0.8944271909999159,2500,OverICA,iid,False,5
5,3,3001,12,120001,True,140,False,10,0.9966573444157544,0.11828148597851396,0.324769456186495,0.2164843012440807,0.5588677930533666,1.18829874787781,0.35749588707035307,0.47979249186621437,8,2,0.8944271909999159,2500,OverICA,iid,False,5
5,4,4001,11,110001,True,155,False,10,0.9750966732768102,0.10287297610193491,0.2022237920872332,0.12046098429504262,0.5183939327570787,0.8012944692720976,0.6163123522007777,0.5025912962313603,8,2,0.8944271909999159,2500,OverICA,iid,False,5
5,4,4001,1,10001,True,148,False,10,0.9616997664995592,0.10898330714553595,0.3180335512325895,0.1589231603969259,0.4338025673725658,0.929461625230605,0.47991229606786195,0.48052349474489153,8,2,0.8944271909999159,2500,OverICA,iid,False,5
5,4,4001,17,170001,True,140,False,10,0.7036546891312365,0.10071100993081927,0.14260035808245797,0.10704578936093022,0.2230808914237967,1.0416859305585233,0.42847721189145666,0.48199450057203047,8,2,0.8944271909999159,2500,OverICA,iid,False,5
5,4,4001,13,130001,True,143,False,10,0.8285570651406959,0.1040573981590569,0.2230210677707796,0.1423463044988333,0.46451699327395124,0.793270387615007,0.6688654632897935,0.4850611482667733,8,2,0.8944271909999159,2500,OverICA,iid,False,5
5,6,6001,9,90001,True,165,False,10,0.9998171673000845,0.051864484790712595,0.2637614713836722,0.15046918504311796,0.7094491308896359,1.0166467109069444,0.41682407403567573,0.4973664772406373,8,2,0.8944271909999159,2500,OverICA,iid,False,5
5,4,4001,5,50001,True,143,False,10,0.5797643900485362,0.10730791697278619,0.25502762174504234,0.1659434420847325,0.5663891521151634,0.84458204175094,0.5888153627101622,0.48418775627413413,8,2,0.8944271909999159,2500,OverICA,iid,False,5
5,4,4001,19,190001,True,133,False,10,0.9810312368856301,0.10053374106064439,0.29548466471151236,0.16514693070885306,0.5037260285889282,1.1709997768022182,0.41120367626405807,0.4752019727788302,8,2,0.8944271909999159,2500,OverICA,iid,False,5
5,4,4001,8,80001,True,138,False,10,0.9522616095427329,0.10766472481191158,0.2178800447713856,0.163045066422375,0.367252019211342,1.0365696601499759,0.4308494621685878,0.4866224270962255,8,2,0.8944271909999159,2500,OverICA,iid,False,5
5,4,4001,12,120001,True,129,False,10,0.9966573444157544,0.10670181084424257,0.24835664068290386,0.10738002453349131,0.5654189627517159,0.9839978535850765,0.3830210819117246,0.4821860163379677,8,2,0.8944271909999159,2500,OverICA,iid,False,5
5,4,4001,24,240001,True,124,False,10,0.9756608042233618,0.09729355201125145,0.3769924457262393,0.25466195877983305,0.7142247857365571,1.8731075522725025,0.21479125983085712,0.4606457067050613,8,2,0.8944271909999159,2500,OverICA,iid,False,5
5,4,4001,20,200001,True,144,False,10,0.7728411772570831,0.10102284792810678,0.13741297083533358,0.08262552784714497,0.34769226117916235,0.7677993303652245,0.6580101120314126,0.4826193467301082,8,2,0.8944271909999159,2500,OverICA,iid,False,5
5,5,5001,18,180001,True,142,False,10,0.9847645484685986,0.07030649576336145,0.25290572343823653,0.16850694987359682,0.566146099429706,0.8482281250871445,0.5889067907423698,0.4773991733443581,8,2,0.8944271909999159,2500,OverICA,iid,False,5
5,4,4001,22,220001,True,158,False,10,0.8018332394498239,0.10039444174617529,0.07880073372624152,0.05835977756735235,0.15980324534192647,0.7325290394287914,0.6812465199314911,0.48466605732712487,8,2,0.8944271909999159,2500,OverICA,iid,False,5
5,4,4001,15,150001,True,132,False,10,0.8850068338542072,0.10668812226504087,0.31173012241728143,0.1900593943276656,0.45178625860793614,0.9040253384225269,0.581701807354774,0.4680156523303648,8,2,0.8944271909999159,2500,OverICA,iid,False,5
5,6,6001,5,50001,True,141,False,10,0.5797643900485362,0.06107396585866809,0.13962572000532178,0.07552051309502011,0.3044486386578036,0.7472920172674793,0.6829969957787299,0.4843886352531843,8,2,0.8944271909999159,2500,OverICA,iid,False,5
5,5,5001,13,130001,True,145,False,10,0.8285570651406959,0.07884526113048196,0.2225161816286262,0.13836076715119555,0.4548195596697743,0.8058129495258348,0.6578080674820955,0.4841130610051142,8,2,0.8944271909999159,2500,OverICA,iid,False,5
5,4,4001,23,230001,True,155,False,10,0.7304764199161407,0.10436472622677684,0.2380892259885003,0.11716738843779648,0.7284111896593105,1.0167946277904063,0.4194063038832252,0.48145237510795685,8,2,0.8944271909999159,2500,OverICA,iid,False,5
5,6,6001,10,100001,True,138,False,10,0.919003158812585,0.060169451870024204,0.29936110599887156,0.13646739000471805,0.46890765174128124,0.9248505239639107,0.5749873040067787,0.4783802171410986,8,2,0.8944271909999159,2500,OverICA,iid,False,5
5,3,3001,17,170001,True,153,False,10,0.7036546891312365,0.12601245706900954,0.2905986992986451,0.19837070852616004,0.5145016320633603,0.8969532168905449,0.5393154339052478,0.4844722374433215,8,2,0.8944271909999159,2500,OverICA,iid,False,5
5,4,4001,26,260001,True,156,False,10,0.9889203360696825,0.10320713371038437,0.19921867375861396,0.14484843654265392,0.46927801467158115,1.071276519443389,0.3743062328733256,0.48361177173669495,8,2,0.8944271909999159,2500,OverICA,iid,False,5
5,6,6001,18,180001,True,124,False,10,0.9847645484685986,0.058144754730165005,0.32067302963909233,0.17516399095976745,0.9202347645971277,0.8748036680592642,0.5366079460750488,0.4762873274358474,8,2,0.8944271909999159,2500,OverICA,iid,False,5
5,4,4001,27,270001,True,142,False,10,0.7223999091148399,0.10217181965708733,0.2457429553171803,0.17327113876271788,0.5023668098605257,1.0564450108539616,0.34415270160929384,0.4807610879532973,8,2,0.8944271909999159,2500,OverICA,iid,False,5
5,4,4001,29,290001,True,130,False,10,0.8639295756605132,0.10046499129384756,0.31515652934723754,0.2571882083235706,0.7193389565280293,0.9220098477746664,0.5734129326106986,0.4760567940610139,8,2,0.8944271909999159,2500,OverICA,iid,False,5
5,5,5001,25,250001,True,111,False,10,0.9390357063721466,0.0759756788611412,0.3647448714962979,0.23716451000828456,0.8599667847300438,3.1023147862333222,0.2506702999077077,0.4705711471375822,8,2,0.8944271909999159,2500,OverICA,iid,False,5
5,5,5001,0,1,True,157,False,10,0.8057635355546656,0.10429628705605865,0.32029014237522024,0.22344278782786126,0.5941152357957363,1.1104452326597432,0.3638301300847,0.484318938090803,8,2,0.8944271909999159,2500,OverICA,iid,False,5
5,3,3001,28,280001,True,124,False,10,0.9537230138052385,0.12959763314574957,0.34670153960760763,0.21926205917638775,0.5617758214014684,1.1912959618147232,0.3279475488788191,0.45005725023154236,8,2,0.8944271909999159,2500,OverICA,iid,False,5
4,7,7001,25,250001,True,136,False,10,0.9390357063721466,0.296584936324507,0.22060045839800588,0.1270224421093258,0.38230679447675164,0.9479842519326651,0.4045567520788341,0.48983279556450315,8,2,0.8944271909999159,2500,OverICA,iid,False,5
5,5,5001,7,70001,True,132,False,10,0.9542806331782764,0.0993230789899826,0.2975000988632573,0.1766729369920601,0.9084333405329272,1.209097375276151,0.4164483468303442,0.4758232770384873,8,2,0.8944271909999159,2500,OverICA,iid,False,5
5,7,7001,14,140001,True,149,False,10,0.947438904593053,0.04434401402249932,0.3471814779167303,0.23220314671497055,0.48361561142168075,1.1099441718603555,0.4202691844437763,0.4803798324937604,8,2,0.8944271909999159,2500,OverICA,iid,False,5
5,6,6001,21,210001,True,153,False,10,0.9942478343957997,0.06829026900231838,0.20855670867328477,0.11130198468300442,0.6109394395370727,0.8108252283161977,0.5979319927731912,0.49685727430974314,8,2,0.8944271909999159,2500,OverICA,iid,False,5
5,5,5001,3,30001,True,131,False,10,0.9892594493911565,0.10217367019504309,0.23233884132692828,0.15843926585391285,0.4986489051099742,1.1370999275890805,0.34920815548715206,0.4749814692972068,8,2,0.8944271909999159,2500,OverICA,iid,False,5
5,5,5001,10,100001,True,139,False,10,0.919003158812585,0.09820670587942004,0.22097578655376973,0.1374376294605675,0.46890765174128146,1.0746599153413383,0.4056376697127484,0.47381005685977523,8,2,0.8944271909999159,2500,OverICA,iid,False,5
5,5,5001,5,50001,True,144,False,10,0.5797643900485362,0.10444376617670059,0.14002819533185126,0.07775625962481984,0.30444863865780397,0.7436653655174883,0.6861122691996946,0.48863007815280946,8,2,0.8944271909999159,2500,OverICA,iid,False,5
5,5,5001,8,80001,True,136,False,10,0.9522616095427329,0.10233581997454166,0.21963738881309403,0.16401925182933372,0.3759787275337196,1.0339591423643044,0.43566096080700095,0.47985313353284353,8,2,0.8944271909999159,2500,OverICA,iid,False,5
5,5,5001,14,140001,True,114,False,10,0.947438904593053,0.0997738060541451,0.36609786100474245,0.23502368522050499,0.48296907644990456,0.9473164970545837,0.5328429515869446,0.4599909107418848,8,2,0.8944271909999159,2500,OverICA,iid,False,5
5,5,5001,29,290001,True,122,False,10,0.8639295756605132,0.09281253069639206,0.29224397170614463,0.1987939973904648,0.5391490093939689,1.1143579227684837,0.4214751992830637,0.4718330205342292,8,2,0.8944271909999159,2500,OverICA,iid,False,5
3,4,4001,26,260001,True,186,False,10,0.9972085447311474,0.9418262899853289,0.2575277736494365,0.18560649993382844,0.5492879508286921,1.0364824225651823,0.28793717395043705,0.5212089788007407,8,2,0.8944271909999159,2500,OverICA,iid,False,5
5,4,4001,4,40001,True,91,False,10,0.9976324277964014,0.13896587304770947,0.4433945924141432,0.3698998014311889,0.5298742967703669,1.8386016066388218,0.20955269115595132,0.46681857567587176,8,2,0.8944271909999159,2500,OverICA,iid,False,5
5,7,7001,7,70001,True,131,False,10,0.9542806331782764,0.059688564855605364,0.3012300698532711,0.17999675801699996,0.9264860750382514,1.2170311722248304,0.4139620390516496,0.47550821757714395,8,2,0.8944271909999159,2500,OverICA,iid,False,5
5,5,5001,12,120001,True,133,False,10,0.9966573444157544,0.1041369279846549,0.3433785045838001,0.21350464348351222,0.5588677930533664,1.0337469790073937,0.5589848096677758,0.48008801552472197,8,2,0.8944271909999159,2500,OverICA,iid,False,5
5,6,6001,22,220001,True,162,False,10,0.8018332394498239,0.07822046475484967,0.2875988101021382,0.18595635462886373,0.364579419826701,0.8903856558955887,0.5388901685291491,0.4835918848681891,8,2,0.8944271909999159,2500,OverICA,iid,False,5
5,7,7001,19,190001,True,130,False,10,0.9810312368856301,0.053047508001327515,0.3794936235522358,0.2540089786822505,0.5292202888220661,1.168250639479515,0.44263036642975945,0.47767535251646914,8,2,0.8944271909999159,2500,OverICA,iid,False,5
5,5,5001,20,200001,True,146,False,10,0.7728411772570831,0.10064501967281103,0.13704978727987316,0.0786936585610473,0.347692261179163,0.7626574221607058,0.662568869775884,0.4784722008730003,8,2,0.8944271909999159,2500,OverICA,iid,False,5
5,6,6001,4,40001,True,78,False,10,0.9976324277964014,0.09298028983175755,0.4433001286000792,0.3609443899981839,0.5149477475664637,1.5936617104701523,0.19948095380966535,0.46732892633826395,8,2,0.8944271909999159,2500,OverICA,iid,False,5
5,5,5001,16,160001,True,146,False,10,0.8657804195206386,0.10337067302316427,0.13713013144179276,0.0763946590264086,0.33394155540968073,0.7541911078414177,0.6700536866749607,0.48281068292188173,8,2,0.8944271909999159,2500,OverICA,iid,False,5
5,5,5001,21,210001,True,153,False,10,0.9942478343957997,0.10244934912770987,0.24093519101000466,0.156970743046497,0.6370801847815595,1.1189642852297548,0.3169667142546469,0.48763506743514917,8,2,0.8944271909999159,2500,OverICA,iid,False,5
5,5,5001,28,280001,True,128,False,10,0.9537230138052385,0.10026998305693269,0.34600716561383044,0.2193220659931674,0.5646901013467219,1.188854940048216,0.33306558535617437,0.4511698303155448,8,2,0.8944271909999159,2500,OverICA,iid,False,5
5,5,5001,23,230001,True,148,False,10,0.7304764199161407,0.10232897894456983,0.23846475034492007,0.12133795119708642,0.7284111896593105,1.023543795908689,0.4209417022873148,0.4848639230940742,8,2,0.8944271909999159,2500,OverICA,iid,False,5
5,5,5001,17,170001,True,154,False,10,0.7036546891312365,0.10580403683707118,0.2909288629724526,0.19953814641798678,0.5145016320633601,0.8987486933664673,0.5376318182679104,0.49049217296758124,8,2,0.8944271909999159,2500,OverICA,iid,False,5
5,6,6001,1,10001,True,122,False,10,0.9616997664995592,0.100619459990412,0.32839658659914184,0.18377141687374499,0.4734732384957527,0.8951568918596587,0.5683355578620569,0.4530442714704486,8,2,0.8944271909999159,2500,OverICA,iid,False,5
5,6,6001,0,1,True,139,False,10,0.8057635355546656,0.1026353882625699,0.32016523957785037,0.22082741981414475,0.5941152357957359,1.1032661850376873,0.3666517802537829,0.4866582043776073,8,2,0.8944271909999159,2500,OverICA,iid,False,5
5,6,6001,3,30001,True,130,False,10,0.9892594493911565,0.10053019085898995,0.2091849560679295,0.15135011879660432,0.4986489051099742,1.1253881019109941,0.3606383513133194,0.47002866953572137,8,2,0.8944271909999159,2500,OverICA,iid,False,5
5,5,5001,27,270001,True,146,False,10,0.7223999091148399,0.10497334226965904,0.2516242140619919,0.17945947979931565,0.5023668098605267,1.0608141824077604,0.3420106148232,0.47967552849111983,8,2,0.8944271909999159,2500,OverICA,iid,False,5
5,6,6001,19,190001,True,128,False,10,0.9810312368856301,0.09065737389028072,0.3790559064354344,0.24783536214322477,0.5292202888220663,1.1584045632481716,0.4562530128764754,0.47124387193090134,8,2,0.8944271909999159,2500,OverICA,iid,False,5
5,5,5001,22,220001,True,152,False,10,0.8018332394498239,0.10786116309463978,0.07438654455653687,0.047713506576099046,0.15980324534192647,0.7353647362708727,0.6761723652386674,0.4941357582636473,8,2,0.8944271909999159,2500,OverICA,iid,False,5
5,6,6001,14,140001,True,141,False,10,0.947438904593053,0.10118254600092769,0.34704956558729916,0.23111504647265027,0.4970562140845927,1.0962227952028936,0.41850667157049815,0.4825299223552397,8,2,0.8944271909999159,2500,OverICA,iid,False,5
5,6,6001,8,80001,True,140,False,10,0.9522616095427329,0.10239895898848772,0.21555761007698163,0.16078635570261884,0.3560770395859103,1.0337372179791002,0.43642243899074407,0.48120969220466614,8,2,0.8944271909999159,2500,OverICA,iid,False,5
5,6,6001,11,110001,True,157,False,10,0.9750966732768102,0.10220170998945832,0.20220962386130706,0.11936122804591975,0.5183939327570787,0.8045589765696671,0.6167295367042809,0.49328708238125957,8,2,0.8944271909999159,2500,OverICA,iid,False,5
5,6,6001,15,150001,True,126,False,10,0.8850068338542072,0.1011677673086524,0.311807190356707,0.18630667807744788,0.4298185226049994,0.8978028675906969,0.5889164549407632,0.47120740453400867,8,2,0.8944271909999159,2500,OverICA,iid,False,5
5,7,7001,22,220001,True,147,False,10,0.8018332394498239,0.068000050727278,0.2473528054739111,0.17805912056429724,0.3645794198267004,1.2795546261209394,0.23304043468375002,0.484135397064166,8,2,0.8944271909999159,2500,OverICA,iid,False,5
5,5,5001,15,150001,True,115,False,10,0.8850068338542072,0.12131360685452819,0.37183799200032824,0.2569539715739213,0.4568143766874883,1.450761719810355,0.22213617355092263,0.4644041871114874,8,2,0.8944271909999159,2500,OverICA,iid,False,5
5,6,6001,16,160001,True,146,False,10,0.8657804195206386,0.10306491516530514,0.29771413181549167,0.181251193451262,0.5588771738328325,0.8926097670025369,0.5635195547099809,0.4983445379346504,8,2,0.8944271909999159,2500,OverICA,iid,False,5
5,6,6001,20,200001,True,127,False,10,0.7728411772570831,0.1005572909489274,0.353169928038653,0.17616960569041612,0.6195964889777816,1.508413160996026,0.2283139871458062,0.47310116966560145,8,2,0.8944271909999159,2500,OverICA,iid,False,5
5,5,5001,6,60001,True,134,False,10,0.9043416724419242,0.13318833010271192,0.21364638878066775,0.1416132585508976,0.45872819401392073,1.0695306494847878,0.4302076413174351,0.4833145256175978,8,2,0.8944271909999159,2500,OverICA,iid,False,5
5,6,6001,17,170001,True,148,False,10,0.7036546891312365,0.10487664304673672,0.2904141612725662,0.1961841131227073,0.5145016320633605,0.8982496072699053,0.5394739224332669,0.4873627960525664,8,2,0.8944271909999159,2500,OverICA,iid,False,5
5,7,7001,26,260001,True,128,False,10,0.9889203360696825,0.07078446308150887,0.21027846173009304,0.1110170969748336,0.4060531261929495,1.030366236180332,0.4739690675500814,0.4744933088521536,8,2,0.8944271909999159,2500,OverICA,iid,False,5
5,6,6001,24,240001,True,128,False,10,0.9756608042233618,0.10072149010375142,0.38433182611073524,0.2595251835374041,0.7294011832632807,1.7249568790884098,0.3743540568553764,0.45903429106220067,8,2,0.8944271909999159,2500,OverICA,iid,False,5
5,6,6001,23,230001,True,135,False,10,0.7304764199161407,0.10125631606206298,0.2425158651669698,0.15811408325129175,0.5116219944731131,1.0675333379956538,0.3865144013050604,0.4776216851332243,8,2,0.8944271909999159,2500,OverICA,iid,False,5
5,7,7001,0,1,True,121,False,10,0.8057635355546656,0.0928063509054482,0.261594899767666,0.17012221577782768,0.558315319551917,0.8584282440389667,0.6067922761240524,0.477788704048928,8,2,0.8944271909999159,2500,OverICA,iid,False,5
5,5,5001,11,110001,True,160,False,10,0.9750966732768102,0.12830435065552592,0.20206470927011727,0.12128308839801497,0.5183939327570787,0.8087324959338097,0.6104157929062227,0.5010317807228539,8,2,0.8944271909999159,2500,OverICA,iid,False,5
5,6,6001,6,60001,True,152,False,10,0.9043416724419242,0.11425945302471519,0.26136480420998814,0.142046128805267,0.4386784175137843,0.8740767872624442,0.6083326711811908,0.4710086806661137,8,2,0.8944271909999159,2500,OverICA,iid,False,5
5,6,6001,25,250001,True,116,False,10,0.9390357063721466,0.10010312311351299,0.36627392462889696,0.23991842034290944,0.8599667847300434,3.7773137737202167,0.25371699008310933,0.4688825670179029,8,2,0.8944271909999159,2500,OverICA,iid,False,5
5,6,6001,27,270001,True,141,False,10,0.7223999091148399,0.1020584306679666,0.24186263330440078,0.1729508113669536,0.48847195879294786,1.2333209073874094,0.22139228456722315,0.48290016810459313,8,2,0.8944271909999159,2500,OverICA,iid,False,5
5,6,6001,7,70001,True,129,False,10,0.9542806331782764,0.11313924985006452,0.29541945622254956,0.1756325739005135,0.9010445491054638,1.4111676362513919,0.21753336757694908,0.47613183012317806,8,2,0.8944271909999159,2500,OverICA,iid,False,5
5,6,6001,28,280001,True,123,False,10,0.9537230138052385,0.09922203887254,0.34591010447500936,0.2143908085687775,0.547953036195793,1.2004301453435782,0.3254148465881022,0.4560535315145144,8,2,0.8944271909999159,2500,OverICA,iid,False,5
5,7,7001,2,20001,True,126,False,10,0.9555605313928813,0.0972458329051733,0.3351490062954972,0.24846076465302452,0.7346270981972349,1.229305325538296,0.3217283305266454,0.4792676722555556,8,2,0.8944271909999159,2500,OverICA,iid,False,5
6,0,1,5,50001,True,28,False,10,0.36779785059055936,0.020415698178112507,0.13243718870954554,0.07275656590936862,0.28961959837409446,0.6118466395167077,0.7952436082807157,0.501529083260385,8,2,0.8944271909999159,2500,OverICA,iid,False,5
5,6,6001,13,130001,True,137,False,10,0.8285570651406959,0.11337021784856915,0.3598110894109727,0.22925915911830635,0.4447072395949776,1.6592504628182354,0.4552622978725395,0.4780411685336776,8,2,0.8944271909999159,2500,OverICA,iid,False,5
5,9,9001,7,70001,True,138,False,10,0.9542806331782764,0.051915775053203106,0.17069012834284614,0.10900607270289318,0.2845165971843326,1.0098027399817198,0.4612124413721954,0.4816839832466656,8,2,0.8944271909999159,2500,OverICA,iid,False,5
5,9,9001,4,40001,True,91,False,10,0.9976324277964014,0.05631057731807232,0.44327431783184396,0.361839588600929,0.5210791726040706,1.820446209884871,0.2061877958403976,0.46138772256528765,8,2,0.8944271909999159,2500,OverICA,iid,False,5
5,7,7001,4,40001,True,94,False,10,0.9976324277964014,0.09789497824385762,0.45861733244298303,0.3678375820123151,0.5345885698706168,1.8141594010109472,0.37454804703622635,0.469242268023643,8,2,0.8944271909999159,2500,OverICA,iid,False,5
5,7,7001,3,30001,True,129,False,10,0.9892594493911565,0.10144848469644785,0.23540874111740112,0.1611068293578009,0.4986489051099742,1.1236511602251975,0.36417754585948314,0.47503825769914293,8,2,0.8944271909999159,2500,OverICA,iid,False,5
6,0,1,2,20001,True,7,False,10,0.24129465947766224,0.02569899382069707,0.07548326349311671,0.04888747519717554,0.18769770397441224,0.5553102986793372,0.8318424757389318,0.46123354964306434,8,2,0.8944271909999159,2500,OverICA,iid,False,5
5,8,8001,28,280001,True,103,False,10,0.9537230138052385,0.06246199691668153,0.3929117270288253,0.2652795830030175,0.7014827370587051,1.2068140877582048,0.22195353538151577,0.463906511265735,8,2,0.8944271909999159,2500,OverICA,iid,False,5
5,6,6001,29,290001,True,121,False,10,0.8639295756605132,0.10602882597595453,0.2935322723475847,0.1990086303678002,0.5391490093939689,1.0973727976437402,0.43235159079076796,0.467620000817572,8,2,0.8944271909999159,2500,OverICA,iid,False,5
5,7,7001,6,60001,True,130,False,10,0.9043416724419242,0.09762944979593158,0.234848276949576,0.14398181395483933,0.6016569578616685,0.8367952138139905,0.5771307607044966,0.4740401393588352,8,2,0.8944271909999159,2500,OverICA,iid,False,5
5,9,9001,1,10001,True,154,False,10,0.9616997664995592,0.060416560154408216,0.3177193893245984,0.154905810675298,0.4367830314336721,0.9392613665683962,0.46971276877243245,0.48441874837346366,8,2,0.8944271909999159,2500,OverICA,iid,False,5
6,0,1,12,120001,True,13,False,10,0.12986617002233414,0.01798567408695817,0.035580037673728936,0.027514228100869835,0.07717712027566097,0.5507773024716398,0.8346174808122797,0.4677336682817725,8,2,0.8944271909999159,2500,OverICA,iid,False,5
6,0,1,4,40001,True,29,False,10,0.9976324277964014,0.028489436954259872,0.22755760135068695,0.13536949851206181,0.3908099330133609,0.841216544352883,0.59723738498762,0.40800222929180535,8,2,0.8944271909999159,2500,OverICA,iid,False,5
5,6,6001,2,20001,True,131,False,10,0.9555605313928813,0.13260913407430053,0.18966633780637246,0.09953476367718393,0.243081852132621,0.8022975521111547,0.6131846198561872,0.4803310080678526,8,2,0.8944271909999159,2500,OverICA,iid,False,5
5,7,7001,11,110001,True,146,False,10,0.9750966732768102,0.097805998288095,0.351334106037997,0.1862963907577791,0.5861161410039271,1.693391777443579,0.46291985910746586,0.4810185061603447,8,2,0.8944271909999159,2500,OverICA,iid,False,5
6,0,1,7,70001,True,12,False,10,0.33421176238479766,0.029655648861080408,0.21307371335711328,0.14248886077403486,0.3948121032257075,1.0821325496107175,0.35718917124323574,0.4770526162158597,8,2,0.8944271909999159,2500,OverICA,iid,False,5
6,0,1,1,10001,True,51,False,10,0.8171814259906187,0.03389945114031434,0.07907261710393568,0.05130555566193762,0.20408755068329898,1.0434613820508953,0.3788864161521476,0.48206897681339905,8,2,0.8944271909999159,2500,OverICA,iid,False,5
6,0,1,22,220001,True,19,False,10,0.7297527065449317,0.014507475774735212,0.3038542836632236,0.16819129781836278,0.35235862766530074,0.8935018617986206,0.5907000077846407,0.4678120971347681,8,2,0.8944271909999159,2500,OverICA,iid,False,5
5,7,7001,10,100001,True,125,False,10,0.919003158812585,0.10045669227838516,0.29340943254155094,0.20045795898433605,0.48078457942634173,1.3575658426260953,0.1910832151351517,0.4780905171482898,8,2,0.8944271909999159,2500,OverICA,iid,False,5
5,7,7001,15,150001,True,129,False,10,0.8850068338542072,0.09738144185394049,0.31138698491493216,0.1810012917472963,0.4364440674752583,0.8994670065146337,0.5868217946209798,0.46672677908707555,8,2,0.8944271909999159,2500,OverICA,iid,False,5
5,7,7001,8,80001,True,148,False,10,0.9522616095427329,0.10229203011840582,0.22781566148795596,0.1651144753235637,0.392260854959468,1.0446321021775808,0.43690318713147747,0.48512198962369557,8,2,0.8944271909999159,2500,OverICA,iid,False,5
5,7,7001,5,50001,True,145,False,10,0.5797643900485362,0.10325124394148588,0.13880422759592329,0.06906516827691024,0.30444863865780397,0.7395183269592218,0.6880484695112826,0.4896452893441097,8,2,0.8944271909999159,2500,OverICA,iid,False,5
5,7,7001,24,240001,True,125,False,10,0.9756608042233618,0.08978665014728904,0.38414602291182526,0.2556472186283955,0.7198507086213543,1.6808201492932862,0.37312171945264927,0.4594114167778378,8,2,0.8944271909999159,2500,OverICA,iid,False,5
5,9,9001,12,120001,True,140,False,10,0.9966573444157544,0.0519127850420773,0.3238779700837733,0.21238324349677895,0.5588677930533664,1.1990261825835293,0.345459106037539,0.4820940268464137,8,2,0.8944271909999159,2500,OverICA,iid,False,5
5,8,8001,7,70001,True,141,False,10,0.9542806331782764,0.08019928215071559,0.2980555272122668,0.1794624367923514,0.910849849138923,1.2143166634186968,0.4166833023546091,0.4728273782732245,8,2,0.8944271909999159,2500,OverICA,iid,False,5
5,7,7001,9,90001,True,165,False,10,0.9998171673000845,0.1043636160902679,0.2639661388481255,0.15364817056495667,0.7094491308896359,1.0224951768605395,0.41834880096689875,0.503633667782758,8,2,0.8944271909999159,2500,OverICA,iid,False,5
6,0,1,8,80001,True,41,False,10,0.9522616095427329,0.033832110930234194,0.1975389263822434,0.09461189417543978,0.411981022627639,0.7709908446291436,0.6587187218099619,0.43597460447842695,8,2,0.8944271909999159,2500,OverICA,iid,False,5
5,7,7001,17,170001,True,147,False,10,0.7036546891312365,0.10039690183475614,0.2908562994144467,0.2009926594201824,0.5145016320633603,0.9099568921532958,0.5279585709582022,0.489130463494001,8,2,0.8944271909999159,2500,OverICA,iid,False,5
5,7,7001,25,250001,True,117,False,10,0.9390357063721466,0.09347218740731478,0.3658074142402101,0.23868110190865743,0.859966784730043,3.311437975082377,0.2546556361903075,0.46855008123614045,8,2,0.8944271909999159,2500,OverICA,iid,False,5
5,8,8001,25,250001,True,124,False,10,0.9390357063721466,0.07570216106250882,0.368094600413926,0.24120919875931124,0.8599667847300434,3.4173003341948456,0.4550191426878714,0.4681335647675898,8,2,0.8944271909999159,2500,OverICA,iid,False,5
6,0,1,26,260001,True,7,False,10,0.12197100488326128,0.019327214919030666,0.05631706318637432,0.04417908451668182,0.13057895283715198,0.5534691113370045,0.8328220401291107,0.4574796202641981,8,2,0.8944271909999159,2500,OverICA,iid,False,5
5,8,8001,18,180001,True,137,False,10,0.9847645484685986,0.07955203577876091,0.24963943140008146,0.16788251783130273,0.5661460994297071,1.0381548617918515,0.43960836621832283,0.4859913066117062,8,2,0.8944271909999159,2500,OverICA,iid,False,5
5,7,7001,20,200001,True,142,False,10,0.7728411772570831,0.09915000991895795,0.13707928827563484,0.08125582433405058,0.34769226117916235,0.7649344181709071,0.6641769093040845,0.47635536383657834,8,2,0.8944271909999159,2500,OverICA,iid,False,5
5,7,7001,12,120001,True,138,False,10,0.9966573444157544,0.10544613981619477,0.3436707424499456,0.21699256408704606,0.5588677930533664,1.0218021787567064,0.5632180050527401,0.4825491199061522,8,2,0.8944271909999159,2500,OverICA,iid,False,5
5,8,8001,0,1,True,126,False,10,0.8057635355546656,0.09360418608412147,0.26328123110653057,0.174701313442891,0.558315319551917,1.005747147921171,0.41992746043170337,0.4716165903475554,8,2,0.8944271909999159,2500,OverICA,iid,False,5
6,0,1,23,230001,True,33,False,10,0.7304764199161407,0.023046620655804873,0.0788057973872342,0.045673814928133535,0.20937169334917274,1.034856863372645,0.3774443536119429,0.45215672484713776,8,2,0.8944271909999159,2500,OverICA,iid,False,5
6,0,1,0,1,True,74,False,10,0.781252508076162,0.04445483302697539,0.1344186058044479,0.08036574685088772,0.3222322637420988,0.8328946814791881,0.6164156919793926,0.7125275076300311,8,2,0.8944271909999159,2500,OverICA,iid,False,5
5,7,7001,21,210001,True,145,False,10,0.9942478343957997,0.10102593759074807,0.24141376607317158,0.15395035477070254,0.6370801847815597,1.111830813518697,0.3243589609943813,0.47964857574734826,8,2,0.8944271909999159,2500,OverICA,iid,False,5
5,7,7001,27,270001,True,133,False,10,0.7223999091148399,0.09775641886517406,0.19600971053420155,0.12148062895854356,0.4006514914459722,0.7892836189502431,0.6603959930097715,0.4774076411393211,8,2,0.8944271909999159,2500,OverICA,iid,False,5
6,1,1001,12,120001,True,12,False,10,0.12986617002233414,0.013204854913055897,0.1338133208657017,0.06653115928388029,0.3690816759287325,0.5844177961574044,0.8121589166168679,0.47098839396165165,8,2,0.8944271909999159,2500,OverICA,iid,False,5
6,0,1,28,280001,True,37,False,10,0.9537230138052385,0.021298362873494625,0.21235289473312655,0.0958151512812079,0.35471772116873984,0.8345998547167226,0.5995154416861328,0.4371697060556931,8,2,0.8944271909999159,2500,OverICA,iid,False,5
6,0,1,15,150001,True,43,False,10,0.8850068338542072,0.029508559964597225,0.18565129050879095,0.11050683669481404,0.44404190037944685,1.1511484704640291,0.34718246668234093,0.49042435264679063,8,2,0.8944271909999159,2500,OverICA,iid,False,5
5,7,7001,23,230001,True,145,False,10,0.7304764199161407,0.1003795019350946,0.23855508789975846,0.1227193143732049,0.7284111896593105,1.0244131257921911,0.41874488035148055,0.486636306726362,8,2,0.8944271909999159,2500,OverICA,iid,False,5
6,1,1001,6,60001,True,40,False,10,0.9043416724419242,0.016047236043959856,0.16208430643231522,0.08501629161398833,0.4594253876305093,0.7364037465385047,0.6922448057429045,0.4358019448774082,8,2,0.8944271909999159,2500,OverICA,iid,False,5
6,1,1001,17,170001,True,19,False,10,0.06716879130594611,0.011184588074684143,0.08525386174547356,0.04890453956007506,0.23186259427620123,1.0071912454873537,0.42350660465340034,0.4836031716014184,8,2,0.8944271909999159,2500,OverICA,iid,False,5
5,7,7001,13,130001,True,125,False,10,0.8285570651406959,0.10808156197890639,0.3597974360519554,0.2272988819278459,0.4459916549905996,1.6060577639983624,0.4641965739024599,0.47619011550371443,8,2,0.8944271909999159,2500,OverICA,iid,False,5
5,8,8001,4,40001,True,95,False,10,0.9976324277964014,0.09608846018090844,0.44150105644382187,0.292728463824861,0.5912796851644634,1.049990606300159,0.3727201824001489,0.4416470789487602,8,2,0.8944271909999159,2500,OverICA,iid,False,5
5,8,8001,22,220001,True,146,False,10,0.8018332394498239,0.08428460592404008,0.26243474156756497,0.18658945028054746,0.3645794198267016,1.2986717169544164,0.2399738679853358,0.48583702981086735,8,2,0.8944271909999159,2500,OverICA,iid,False,5
5,9,9001,27,270001,True,145,False,10,0.7223999091148399,0.052729730028659105,0.27264076141987953,0.17844255249004967,0.5023668098605262,0.8770494555279641,0.5500212557822795,0.4776519634921262,8,2,0.8944271909999159,2500,OverICA,iid,False,5
6,0,1,19,190001,True,74,False,10,0.1366828721148782,0.0312574477866292,0.2966095304475436,0.16232045186878377,0.6383465067699547,1.2787678583622717,0.32010032605100225,1.0515488242274051,8,2,0.8944271909999159,2500,OverICA,iid,False,5
5,5,5001,9,90001,True,130,False,10,0.9998171673000845,0.16343329520896077,0.36938509455750634,0.2675699897448142,0.49407935775299855,1.0467845871260668,0.39639636759393504,0.4743601921829697,8,2,0.8944271909999159,2500,OverICA,iid,False,5
5,5,5001,4,40001,True,94,False,10,0.9976324277964014,0.15929751191288233,0.4414318348848702,0.2907898910878659,0.5912796851644634,1.0566264075855611,0.36599018990045823,0.44372113715402045,8,2,0.8944271909999159,2500,OverICA,iid,False,5
6,1,1001,0,1,True,44,False,10,0.781252508076162,0.02470225002616644,0.09327256304345186,0.04635478642015703,0.2601002539489798,0.6852448181006188,0.7344268563805084,0.4824938395289151,8,2,0.8944271909999159,2500,OverICA,iid,False,5
5,8,8001,2,20001,True,139,False,10,0.9555605313928813,0.09875889215618372,0.19027916318558732,0.09816080828854126,0.22652569053862348,0.8019642016118812,0.6127528644182844,0.4808023244383074,8,2,0.8944271909999159,2500,OverICA,iid,False,5
5,8,8001,16,160001,True,155,False,10,0.8657804195206386,0.08886033622547984,0.23138702031477806,0.18081169450227633,0.5588771738328332,1.2462196321000378,0.1967368360927286,0.4865361910738981,8,2,0.8944271909999159,2500,OverICA,iid,False,5
5,8,8001,3,30001,True,126,False,10,0.9892594493911565,0.09922482911497355,0.22724808986691455,0.1544796517686153,0.4986489051099742,1.1414780937843405,0.34636160738002997,0.4706210562996577,8,2,0.8944271909999159,2500,OverICA,iid,False,5
6,0,1,13,130001,True,10,False,10,0.4867274896190375,0.036070316564291716,0.3395597595676199,0.20660129563925572,0.523034368587103,0.9309888095218118,0.5902778755117748,0.46543002644369674,8,2,0.8944271909999159,2500,OverICA,iid,False,5
6,0,1,18,180001,True,32,False,10,0.9847645484685986,0.031038058921694756,0.2618986392431565,0.12099301241950926,0.4506445045836339,1.3166384685683654,0.3547873655518244,0.4511087692537043,8,2,0.8944271909999159,2500,OverICA,iid,False,5
6,1,1001,21,210001,True,12,False,10,0.4697719964972832,0.015148582868278027,0.29415976735095045,0.1613619563649712,0.9296030801191371,1.0921361457615106,0.36454386887170703,0.47456300783199074,8,2,0.8944271909999159,2500,OverICA,iid,False,5
5,8,8001,1,10001,True,150,False,10,0.9616997664995592,0.10265183821320534,0.3180742433473716,0.1586282506505829,0.449873576385083,1.36570707423697,0.4106144670931016,0.4862352480840698,8,2,0.8944271909999159,2500,OverICA,iid,False,5
6,1,1001,9,90001,True,39,False,10,0.8414217898554804,0.02175667928531766,0.12083434274178961,0.06274883658293859,0.31735674047551443,1.4088691718190987,0.027399690684095437,0.44520681332440126,8,2,0.8944271909999159,2500,OverICA,iid,False,5
6,0,1,9,90001,True,37,False,10,0.8414217898554804,0.041776460129767656,0.1814058603385876,0.0807489021730952,0.3255088015501536,1.067727040309608,0.3470545033663649,0.4517951995822843,8,2,0.8944271909999159,2500,OverICA,iid,False,5
6,1,1001,7,70001,True,14,False,10,0.33421176238479766,0.024160264059901237,0.04306004739842517,0.033543455439760964,0.07118868100057008,0.9817130061401471,0.41882802350464116,0.45708941885765964,8,2,0.8944271909999159,2500,OverICA,iid,False,5
5,7,7001,16,160001,True,154,False,10,0.8657804195206386,0.11711039394140244,0.2729724005566368,0.18468945656501418,0.5588771738328332,1.0503642712926322,0.40091284205855054,0.4886816095268874,8,2,0.8944271909999159,2500,OverICA,iid,False,5
5,7,7001,29,290001,True,133,False,10,0.8639295756605132,0.10434150695800781,0.31487598910408415,0.25991831988808095,0.7193389565280289,0.9189535522488598,0.578590087377978,0.4800025183802073,8,2,0.8944271909999159,2500,OverICA,iid,False,5
6,1,1001,2,20001,True,20,False,10,0.24129465947766224,0.0290029919706285,0.16352065991931986,0.10253379914035715,0.2770234041223039,1.0438335918403177,0.3818466429515328,0.5063060956409183,8,2,0.8944271909999159,2500,OverICA,iid,False,5
6,0,1,6,60001,True,46,False,10,0.9043416724419242,0.052554390858858824,0.1884370417362035,0.12489402009923986,0.43648462335222576,1.219929778915464,0.32796269957142715,0.6063392635029888,8,2,0.8944271909999159,2500,OverICA,iid,False,5
6,0,1,16,160001,True,30,False,10,0.31829061705927036,0.04070775816217065,0.037874406291221845,0.02392452824822859,0.09087213645851593,0.5609223264985816,0.8279426339992293,0.5055383546548421,8,2,0.8944271909999159,2500,OverICA,iid,False,5
6,1,1001,20,200001,True,33,False,10,0.7728411772570831,0.020319899078458548,0.09839727719877908,0.05568806681276906,0.2623475703280193,0.661625650040802,0.7507075167646191,0.4559233067597872,8,2,0.8944271909999159,2500,OverICA,iid,False,5
6,0,1,17,170001,True,25,False,10,0.06716879130594611,0.03729206882417202,0.24077284019658649,0.12330849130214527,0.667774396149479,1.1550296678434162,0.36767125594586136,0.5107975102082999,8,2,0.8944271909999159,2500,OverICA,iid,False,5
6,1,1001,1,10001,True,27,False,10,0.8171814259906187,0.029717967845499516,0.22549219950741187,0.11195676776953095,0.3816019752243201,1.0949356506474979,0.3640459850203601,0.45173118650676397,8,2,0.8944271909999159,2500,OverICA,iid,False,5
5,8,8001,6,60001,True,156,False,10,0.9043416724419242,0.10198984108865261,0.19643564285763526,0.13772831737326743,0.4306114552786289,1.0707668961536208,0.43098204322187517,0.4790361896531518,8,2,0.8944271909999159,2500,OverICA,iid,False,5
5,8,8001,8,80001,True,139,False,10,0.9522616095427329,0.10113319708034396,0.2302095314625756,0.13970701504906308,0.6499485065591876,0.8424747055428033,0.5837659955101921,0.47982802100222455,8,2,0.8944271909999159,2500,OverICA,iid,False,5
6,2,2001,13,130001,True,14,False,10,0.4867274896190375,0.011033609043806791,0.09120374215838482,0.06427616535795977,0.2344020329652125,0.5738993813967816,0.8189928620926931,0.44923939498650417,8,2,0.8944271909999159,2500,OverICA,iid,False,5
5,8,8001,11,110001,True,145,False,10,0.9750966732768102,0.10080616921186447,0.3512022219799515,0.18355169916733796,0.5637539545172219,1.6641585584576608,0.43728836939631854,0.4813277254595652,8,2,0.8944271909999159,2500,OverICA,iid,False,5
5,8,8001,20,200001,True,133,False,10,0.7728411772570831,0.09652365697547793,0.35658603591681526,0.17987285762843427,0.5896639026188969,1.360722636182956,0.44799539845719094,0.4738342857801662,8,2,0.8944271909999159,2500,OverICA,iid,False,5
5,8,8001,14,140001,True,112,False,10,0.947438904593053,0.09948825789615512,0.36514568715005813,0.23258620303148764,0.47204553731279636,1.326894947580995,0.3408101158871082,0.4534656741178871,8,2,0.8944271909999159,2500,OverICA,iid,False,5
6,0,1,10,100001,True,30,False,10,0.919003158812585,0.048049720004200935,0.25361485037554976,0.12075057306405185,0.4720811995282856,0.8409864668787166,0.6098348331497864,0.4504817898690191,8,2,0.8944271909999159,2500,OverICA,iid,False,5
5,8,8001,10,100001,True,116,False,10,0.919003158812585,0.10222584987059236,0.2911949699759543,0.19743525303281517,0.48078457942634295,1.3481115351868436,0.1946020434920962,0.4759378897623119,8,2,0.8944271909999159,2500,OverICA,iid,False,5
5,7,7001,28,280001,True,130,False,10,0.9537230138052385,0.11017275927588344,0.34329435359211063,0.21477427707081523,0.5687681096486831,1.1893402252579197,0.3380951570467296,0.4539596912874245,8,2,0.8944271909999159,2500,OverICA,iid,False,5
6,1,1001,26,260001,True,18,False,10,0.12197100488326128,0.018488220870494843,0.11275385938412787,0.0702317328681891,0.2735640750182416,0.5793887417317496,0.8153017497139099,0.47745448043288324,8,2,0.8944271909999159,2500,OverICA,iid,False,5
5,3,3001,13,130001,True,139,False,10,0.8285570651406959,0.22119319206103683,0.22275914815219122,0.13932184031719597,0.45864547643809295,0.7997987906966083,0.6589143537176246,0.47592019411104647,8,2,0.8944271909999159,2500,OverICA,iid,False,5
6,2,2001,2,20001,True,20,False,10,0.24129465947766224,0.020104180090129375,0.14431456614518115,0.09196461809303741,0.3079123504723214,0.6104787653013114,0.794585394290884,0.47935613264177546,8,2,0.8944271909999159,2500,OverICA,iid,False,5
6,0,1,14,140001,True,44,False,10,0.947438904593053,0.04624610207974911,0.23881108578089266,0.11534140756473246,0.39170283707446996,0.8819966363064171,0.5588799607914687,0.4844477745899957,8,2,0.8944271909999159,2500,OverICA,iid,False,5
5,9,9001,21,210001,True,152,False,10,0.9942478343957997,0.06972418026998639,0.20745975739005698,0.10412542405016884,0.6109394395370727,0.8104538911794931,0.6044203387313756,0.49838000013464295,8,2,0.8944271909999159,2500,OverICA,iid,False,5
6,0,1,25,250001,True,22,False,10,0.5053110886363733,0.039622644893825054,0.0553941448871745,0.033835039364770655,0.14538859941322038,0.5894490267128081,0.807810261189837,0.4600269225137494,8,2,0.8944271909999159,2500,OverICA,iid,False,5
6,0,1,27,270001,True,31,False,10,0.7223999091148399,0.04220529831945896,0.2006494518993874,0.1117087464564821,0.504694388308627,0.7271227243498297,0.7189302055192155,0.47637358314126793,8,2,0.8944271909999159,2500,OverICA,iid,False,5
5,8,8001,19,190001,True,129,False,10,0.9810312368856301,0.09999228501692414,0.3006400743859829,0.17092838276725786,0.4902144854388714,1.1864342715111782,0.4050123467234288,0.470083706663201,8,2,0.8944271909999159,2500,OverICA,iid,False,5
6,2,2001,11,110001,True,31,False,10,0.796218031912889,0.01917725568637252,0.18069730879090817,0.08382515313542484,0.30109694704721174,0.7217492944951467,0.7181371369350236,0.45372111394032955,8,2,0.8944271909999159,2500,OverICA,iid,False,5
6,0,1,29,290001,True,35,False,10,0.4360938733849045,0.0376466466113925,0.3455980345148672,0.18962167663678106,0.6878461455958983,1.2440262852104977,0.6201233972858878,0.6111438398525703,8,2,0.8944271909999159,2500,OverICA,iid,False,5
5,8,8001,29,290001,True,133,False,10,0.8639295756605132,0.09597636992111802,0.3152292150751309,0.2604897105958603,0.7193389565280288,0.9128816863989663,0.5817494119954291,0.4787776414445586,8,2,0.8944271909999159,2500,OverICA,iid,False,5
5,8,8001,9,90001,True,129,False,10,0.9998171673000845,0.11002655979245901,0.3693665325655774,0.26780141177550293,0.49407935775299877,1.0470876167508438,0.39446430505684305,0.4760430705183735,8,2,0.8944271909999159,2500,OverICA,iid,False,5
5,8,8001,24,240001,True,163,False,10,0.9756608042233618,0.10293054580688477,0.28083773868052136,0.16821059183601794,0.6352883137458303,1.1544784985069827,0.38463927898643796,0.49833062170215126,8,2,0.8944271909999159,2500,OverICA,iid,False,5
6,0,1,11,110001,True,46,False,10,0.796218031912889,0.054998674895614386,0.08118784954129464,0.04676229589297978,0.22070597803131356,0.6731137701700485,0.7448508807364405,0.5067091849448694,8,2,0.8944271909999159,2500,OverICA,iid,False,5
5,8,8001,27,270001,True,130,False,10,0.7223999091148399,0.10177902318537235,0.19524882232172236,0.11357394639365417,0.36771843860231357,0.7849821916891874,0.6640620486881144,0.4720923869199296,8,2,0.8944271909999159,2500,OverICA,iid,False,5
6,2,2001,9,90001,True,41,False,10,0.8414217898554804,0.021529930643737316,0.21056469524356738,0.10684534413762153,0.5770766675817829,0.7827644809475882,0.6641077228364136,0.48575288409881795,8,2,0.8944271909999159,2500,OverICA,iid,False,5
6,1,1001,5,50001,True,19,False,10,0.36779785059055936,0.033830531407147646,0.06503073385886271,0.03840529767325622,0.16732553368958802,0.5675091889148753,0.8248904291804071,0.4643039314307111,8,2,0.8944271909999159,2500,OverICA,iid,False,5
5,9,9001,0,1,True,122,False,10,0.8057635355546656,0.09894369123503566,0.2625457265851318,0.17107311926234967,0.558315319551917,1.0061999197031526,0.41529066680254223,0.4735094577323323,8,2,0.8944271909999159,2500,OverICA,iid,False,5
5,7,7001,18,180001,True,139,False,10,0.9847645484685986,0.12465421482920647,0.25200085379747944,0.15938635190601141,0.566146099429706,0.847318501022483,0.5912147762089698,0.47508920174420455,8,2,0.8944271909999159,2500,OverICA,iid,False,5
6,1,1001,16,160001,True,42,False,10,0.31829061705927036,0.03058396326377988,0.1954996409615042,0.1203483866562152,0.4659219751874464,1.021530832252599,0.40430146272404677,0.6618585991086356,8,2,0.8944271909999159,2500,OverICA,iid,False,5
6,1,1001,10,100001,True,43,False,10,0.919003158812585,0.03716037003323436,0.25921765011736636,0.14122165120086513,0.6513696061637376,1.291048138956894,0.33141992370099466,0.5075695807116881,8,2,0.8944271909999159,2500,OverICA,iid,False,5
6,2,2001,18,180001,True,42,False,10,0.9847645484685986,0.018763398751616478,0.2609074435370487,0.12628937400217233,0.44205302543545816,1.3033673547029032,0.3496949323194987,0.4554867276242168,8,2,0.8944271909999159,2500,OverICA,iid,False,5
6,3,3001,5,50001,True,22,False,10,0.36779785059055936,0.012603098060935736,0.04129504307495358,0.03171166730801943,0.07946084641673673,0.5637376593450277,0.8262799482039213,0.4756353488460789,8,2,0.8944271909999159,2500,OverICA,iid,False,5
6,2,2001,10,100001,True,43,False,10,0.919003158812585,0.023651767056435347,0.26245848216464257,0.1419457114321542,0.6540348711570819,1.2978016217041088,0.32849707359625296,0.49629261060078644,8,2,0.8944271909999159,2500,OverICA,iid,False,5
5,8,8001,15,150001,True,123,False,10,0.8850068338542072,0.11064102593809366,0.3116949876470744,0.18883876473313282,0.43879766733119324,0.9045913865123317,0.58507260284282,0.47061929695684085,8,2,0.8944271909999159,2500,OverICA,iid,False,5
5,9,9001,17,170001,True,133,False,10,0.7036546891312365,0.07966390578076243,0.144469068336849,0.11295587568358585,0.22811673350988393,1.0434041759578938,0.43190885347805025,0.4754063049350965,8,2,0.8944271909999159,2500,OverICA,iid,False,5
6,1,1001,4,40001,True,25,False,10,0.9976324277964014,0.04329887963831425,0.3043745418680295,0.14024207889838172,0.3637600734725187,0.9602151138391872,0.4540645845761577,0.43529218109952406,8,2,0.8944271909999159,2500,OverICA,iid,False,5
6,2,2001,1,10001,True,22,False,10,0.8171814259906187,0.0304528228007257,0.25121111895394377,0.12558430360542194,0.366572197104465,1.1109273984303598,0.3541715167336225,0.4628715323037136,8,2,0.8944271909999159,2500,OverICA,iid,False,5
6,2,2001,17,170001,True,8,False,10,0.06716879130594611,0.023626658134162426,0.032205056481827254,0.024385378781911868,0.05803726148053222,0.5480370703148848,0.836663939667275,0.46235663931205034,8,2,0.8944271909999159,2500,OverICA,iid,False,5
6,2,2001,7,70001,True,37,False,10,0.33421176238479766,0.02729143388569355,0.08915931536802003,0.054804550183214965,0.23681535584961463,0.9969286654204705,0.4108430483564442,0.5243486478674969,8,2,0.8944271909999159,2500,OverICA,iid,False,5
6,2,2001,0,1,True,74,False,10,0.781252508076162,0.031042149290442467,0.16817627709133823,0.09588208119332642,0.4068164426990888,0.8640458362397712,0.5898218046604927,0.6942606483919445,8,2,0.8944271909999159,2500,OverICA,iid,False,5
6,3,3001,10,100001,True,40,False,10,0.919003158812585,0.015170982107520103,0.24394398965095532,0.1316367856748201,0.6165516014277126,0.8536437591443747,0.5887334695846271,0.4760703148118986,8,2,0.8944271909999159,2500,OverICA,iid,False,5
6,1,1001,24,240001,True,46,False,10,0.9756608042233618,0.036957550793886185,0.19181551882314415,0.08767299268681995,0.499610951453997,0.857015974816969,0.5677679663254845,0.5229216700359585,8,2,0.8944271909999159,2500,OverICA,iid,False,5
6,2,2001,19,190001,True,55,False,10,0.1366828721148782,0.02322981972247362,0.22558132810631054,0.1371402132498251,0.5799311996143948,1.4538003905457964,0.010535473753064167,0.7465179592408152,8,2,0.8944271909999159,2500,OverICA,iid,False,5
6,3,3001,14,140001,True,21,False,10,0.947438904593053,0.014667425770312548,0.2911922392147283,0.14390052612654525,0.4276895631698102,0.8887070683898861,0.5649684441367356,0.4390529611398818,8,2,0.8944271909999159,2500,OverICA,iid,False,5
6,1,1001,15,150001,True,40,False,10,0.8850068338542072,0.04005115106701851,0.2722305386023863,0.1468923157761316,0.46271574107233693,0.8943350552114133,0.5587321458327483,0.5061690771521886,8,2,0.8944271909999159,2500,OverICA,iid,False,5
6,2,2001,12,120001,True,8,False,10,0.12986617002233414,0.024861580226570368,0.08452065270155648,0.04459152438855482,0.2320973609693784,0.5582574010848955,0.8297671230248334,0.46636282037346566,8,2,0.8944271909999159,2500,OverICA,iid,False,5
5,8,8001,5,50001,True,150,False,10,0.5797643900485362,0.11939781904220581,0.139171845416991,0.0723746694165949,0.30444863865780397,0.7410006236247257,0.6870171068961944,0.4836855632977682,8,2,0.8944271909999159,2500,OverICA,iid,False,5
6,1,1001,23,230001,True,35,False,10,0.7304764199161407,0.038304463028907776,0.0675939349532071,0.04317805086498799,0.1729979841817671,1.0389126363470778,0.37838611848256193,0.4678126958435142,8,2,0.8944271909999159,2500,OverICA,iid,False,5
6,2,2001,24,240001,True,43,False,10,0.9756608042233618,0.024177164305001497,0.23434331192306443,0.09609907024286529,0.6568675223094248,0.8691078957476291,0.5512068712865626,0.45301462874718607,8,2,0.8944271909999159,2500,OverICA,iid,False,5
6,3,3001,22,220001,True,19,False,10,0.7297527065449317,0.011904333252459764,0.34515309605020417,0.21194641465350764,0.49320710331556405,1.1097341502298153,0.6072253706261344,0.49190721235628154,8,2,0.8944271909999159,2500,OverICA,iid,False,5
5,9,9001,5,50001,True,140,False,10,0.5797643900485362,0.10255104815587401,0.138873995269416,0.06961468996788295,0.30444863865780436,0.7417983017428867,0.686468419315184,0.4853655223080874,8,2,0.8944271909999159,2500,OverICA,iid,False,5
5,8,8001,23,230001,True,136,False,10,0.7304764199161407,0.1063833232037723,0.24248743288580268,0.16153079342754195,0.511621994473114,1.0769736772568503,0.38074799807974297,0.479784836491335,8,2,0.8944271909999159,2500,OverICA,iid,False,5
6,1,1001,27,270001,True,22,False,10,0.7223999091148399,0.0359378675930202,0.24914590970976316,0.13190031751780357,0.41033572617861835,0.7929732461353904,0.6583362603565754,0.4638864339178134,8,2,0.8944271909999159,2500,OverICA,iid,False,5
5,5,5001,2,20001,True,134,False,10,0.9555605313928813,0.19159677298739552,0.1898897415137773,0.0974430489632241,0.2280145129645557,0.796360820950771,0.6172950148739392,0.47842154786163027,8,2,0.8944271909999159,2500,OverICA,iid,False,5
5,9,9001,24,240001,True,122,False,10,0.9756608042233618,0.0817147633060813,0.38397172865665175,0.255574795719295,0.7265874348627686,1.6702851637262643,0.3705413310947545,0.4576057174452155,8,2,0.8944271909999159,2500,OverICA,iid,False,5
6,2,2001,26,260001,True,12,False,10,0.12197100488326128,0.024054893758147955,0.32664758644362835,0.19732327563086766,0.6979854033533425,1.2863265262621801,0.2985488397855745,0.4690223425388078,8,2,0.8944271909999159,2500,OverICA,iid,False,5
6,1,1001,19,190001,True,26,False,10,0.1366828721148782,0.04155960166826844,0.0990183732985987,0.07729360493239222,0.1728703406401787,1.0237401143777025,0.3913840213193315,0.5160780838165174,8,2,0.8944271909999159,2500,OverICA,iid,False,5
6,3,3001,0,1,True,74,False,10,0.781252508076162,0.024042954668402672,0.11297539817845909,0.06370431813923788,0.31061766873769775,1.1408198188291045,0.3160658831365744,0.7089943321340165,8,2,0.8944271909999159,2500,OverICA,iid,False,5
5,9,9001,19,190001,True,146,False,10,0.9810312368856301,0.08325534220784903,0.2942035050249857,0.16669222621679086,0.47472345121384374,1.1730154844317195,0.4059395760389135,0.4770031181669172,8,2,0.8944271909999159,2500,OverICA,iid,False,5
5,7,7001,1,10001,True,121,False,10,0.9616997664995592,0.14972220407798886,0.3215328218434649,0.1816820761415374,0.4734732384957527,1.1193151246183188,0.35394380970341266,0.4668917372006388,8,2,0.8944271909999159,2500,OverICA,iid,False,5
6,1,1001,25,250001,True,37,False,10,0.5053110886363733,0.040556589141488075,0.07936285673070896,0.0465479628343642,0.15975876359754235,0.6076554977429638,0.7974869397839124,0.4986495799059863,8,2,0.8944271909999159,2500,OverICA,iid,False,5
6,3,3001,8,80001,True,50,False,10,0.9522616095427329,0.0212848330847919,0.21724067532837912,0.10391069785049772,0.6519844273728367,0.9204829470744533,0.529803599117043,0.5115478446470415,8,2,0.8944271909999159,2500,OverICA,iid,False,5
6,2,2001,29,290001,True,8,False,10,0.4360938733849045,0.025576175190508366,0.21988491225907755,0.10701563171994974,0.5590928380000177,0.6638785042932698,0.7615822434874775,0.4676976270323308,8,2,0.8944271909999159,2500,OverICA,iid,False,5
6,2,2001,8,80001,True,52,False,10,0.9522616095427329,0.03392542107030749,0.2539264768716824,0.13002684911037393,0.40379657305056815,0.912929534084835,0.4853277877917074,0.6038247292305515,8,2,0.8944271909999159,2500,OverICA,iid,False,5
5,9,9001,29,290001,True,123,False,10,0.8639295756605132,0.07807561568915844,0.2954581488896338,0.20352070781181628,0.5412283083646082,1.105771234529309,0.4279166939008763,0.4748448864117847,8,2,0.8944271909999159,2500,OverICA,iid,False,5
5,8,8001,17,170001,True,149,False,10,0.7036546891312365,0.11847745487466455,0.29048523793998204,0.1949684654490159,0.5145016320633603,0.905783693495783,0.5313867258162847,0.4868665257089032,8,2,0.8944271909999159,2500,OverICA,iid,False,5
5,9,9001,8,80001,True,146,False,10,0.9522616095427329,0.10204143123701215,0.2268269098757497,0.16029603833793782,0.38246961978713145,1.045615172240045,0.438671061348378,0.4811126969368387,8,2,0.8944271909999159,2500,OverICA,iid,False,5
6,3,3001,7,70001,True,11,False,10,0.33421176238479766,0.023136700969189405,0.1282076883449289,0.06761304925831876,0.34115554547136057,1.0008971669261926,0.4044190576789234,0.4547440321172098,8,2,0.8944271909999159,2500,OverICA,iid,False,5
6,3,3001,23,230001,True,13,False,10,0.7304764199161407,0.016935651190578938,0.2404569425721185,0.11200210144263517,0.7420884517812485,1.4277462980618187,0.008467851001563139,0.443084383567812,8,2,0.8944271909999159,2500,OverICA,iid,False,5
6,3,3001,2,20001,True,20,False,10,0.24129465947766224,0.021633510012179613,0.24379047949145652,0.15371190278894692,0.28766420898450845,1.1109392018019375,0.35491136733308715,0.5045160870920957,8,2,0.8944271909999159,2500,OverICA,iid,False,5
6,0,1,21,210001,True,51,False,10,0.4697719964972832,0.06510771904140711,0.3351975387726615,0.17492999320548985,0.9628372111952876,1.1454122310760138,0.6624351054729896,0.7320797777286405,8,2,0.8944271909999159,2500,OverICA,iid,False,5
6,2,2001,16,160001,True,13,False,10,0.31829061705927036,0.031685005873441696,0.28758758822708697,0.15339557723172342,0.5361308387719366,0.7616624514975054,0.7081595802438146,0.4814485820793844,8,2,0.8944271909999159,2500,OverICA,iid,False,5
6,4,4001,19,190001,True,8,False,10,0.1366828721148782,0.010887948796153069,0.10963460577660147,0.0580943647697844,0.2340172932468753,1.0299925707935027,0.421761282919036,0.4628665457438474,8,2,0.8944271909999159,2500,OverICA,iid,False,5
6,4,4001,21,210001,True,16,False,10,0.4697719964972832,0.009046722203493118,0.3150961419815421,0.21876354425411026,0.7510808166795423,1.1557151723271388,0.33982876084747154,0.48016016916428916,8,2,0.8944271909999159,2500,OverICA,iid,False,5
6,4,4001,12,120001,True,25,False,10,0.12986617002233414,0.01347952289506793,0.14472789616330434,0.0858692601885063,0.3605273329211483,1.0251431291138475,0.40998562070749855,0.5069436854892739,8,2,0.8944271909999159,2500,OverICA,iid,False,5
6,2,2001,28,280001,True,50,False,10,0.9537230138052385,0.031782505102455616,0.13346739446428213,0.08476313189674775,0.274423566525521,1.1578399316420918,0.3270466097746987,0.5033027193942127,8,2,0.8944271909999159,2500,OverICA,iid,False,5
6,4,4001,2,20001,True,13,False,10,0.24129465947766224,0.01673090225085616,0.09182826043771586,0.057507824107355346,0.22072946255022097,0.5718042961856179,0.8209491996181641,0.45598135271035045,8,2,0.8944271909999159,2500,OverICA,iid,False,5
5,9,9001,28,280001,True,105,False,10,0.9537230138052385,0.08836264023557305,0.40701962979558504,0.27086542101025846,0.7014827370587059,0.951827190415468,0.4323768991010766,0.4629563072685979,8,2,0.8944271909999159,2500,OverICA,iid,False,5
5,9,9001,11,110001,True,158,False,10,0.9750966732768102,0.1012172969058156,0.20178986481264785,0.11683831941695592,0.5183939327570785,0.8013826325561445,0.6191250106397712,0.4966496633052393,8,2,0.8944271909999159,2500,OverICA,iid,False,5
6,3,3001,11,110001,True,40,False,10,0.796218031912889,0.02684882702305913,0.07756037936424653,0.05593049296342546,0.175819705320783,1.0471071545277684,0.38549122291589877,0.45713484096702084,8,2,0.8944271909999159,2500,OverICA,iid,False,5
6,4,4001,11,110001,True,42,False,10,0.796218031912889,0.01549716992303729,0.07943772531288314,0.04849390353076209,0.18133251861225816,0.6491454300267847,0.7604894279914451,0.45421967161248156,8,2,0.8944271909999159,2500,OverICA,iid,False,5
6,3,3001,21,210001,True,13,False,10,0.4697719964972832,0.02357660699635744,0.13795202690361416,0.06726725324289062,0.24081554832738702,0.5935994108385391,0.807707796658614,0.4533439189755574,8,2,0.8944271909999159,2500,OverICA,iid,False,5
5,6,6001,26,260001,True,153,False,10,0.9889203360696825,0.17040506983175874,0.2264271421155913,0.15324570892148,0.46927801467158164,0.8186019063340219,0.6101933518167714,0.48594468780292044,8,2,0.8944271909999159,2500,OverICA,iid,False,5
5,9,9001,18,180001,True,126,False,10,0.9847645484685986,0.09751064982265234,0.3201107190262364,0.1687190883697574,0.9202347645971273,0.8769881462862755,0.532246199161272,0.4685381832973768,8,2,0.8944271909999159,2500,OverICA,iid,False,5
6,1,1001,29,290001,True,44,False,10,0.4360938733849045,0.046145631931722164,0.23936683266674386,0.14364042814990807,0.4671166250983081,1.1318180206027242,0.31751006403858634,0.6249172501913927,8,2,0.8944271909999159,2500,OverICA,iid,False,5
5,9,9001,15,150001,True,113,False,10,0.8850068338542072,0.09870893321931362,0.3755869347413122,0.26619692747858087,0.47099156074256215,1.1942908482297931,0.46022979309287243,0.4753696260649659,8,2,0.8944271909999159,2500,OverICA,iid,False,5
5,9,9001,13,130001,True,144,False,10,0.8285570651406959,0.10384347988292575,0.22228862410172276,0.1346989137578255,0.440575307228112,0.7975198470838761,0.6673634204574793,0.48775341358251173,8,2,0.8944271909999159,2500,OverICA,iid,False,5
6,3,3001,17,170001,True,19,False,10,0.06716879130594611,0.02744002267718315,0.11292676664810758,0.05844370641631518,0.2583732605980873,0.5797435999801345,0.8153974028136339,0.48257754740202474,8,2,0.8944271909999159,2500,OverICA,iid,False,5
6,3,3001,28,280001,True,47,False,10,0.9537230138052385,0.022667233366519213,0.20049410830076264,0.08776888641910498,0.3155546767699611,0.8501095147942952,0.5798322363237004,0.4860944720256315,8,2,0.8944271909999159,2500,OverICA,iid,False,5
6,3,3001,25,250001,True,31,False,10,0.5053110886363733,0.02538795629516244,0.03219510487915488,0.023584296754738665,0.07971477597567295,0.5775809793983047,0.8165895463199875,0.47950794575607214,8,2,0.8944271909999159,2500,OverICA,iid,False,5
6,4,4001,22,220001,True,35,False,10,0.7297527065449317,0.015608268789947033,0.25882585787712326,0.1412790807065015,0.4099080634199268,1.226148852454012,0.34450430057450887,0.5369660409575203,8,2,0.8944271909999159,2500,OverICA,iid,False,5
5,9,9001,26,260001,True,151,False,10,0.9889203360696825,0.09498977707698941,0.22592495704531598,0.14873080262097624,0.46927801467158115,0.7995350334706289,0.6244163614357724,0.48630089568164986,8,2,0.8944271909999159,2500,OverICA,iid,False,5
6,4,4001,18,180001,True,39,False,10,0.9847645484685986,0.017287228722125292,0.2212940484306887,0.12487984252674783,0.5985043341930999,0.8081628408751891,0.6291690448471032,0.41763958624024655,8,2,0.8944271909999159,2500,OverICA,iid,False,5
5,9,9001,23,230001,True,138,False,10,0.7304764199161407,0.09773326897993684,0.2421718331589871,0.15712642058150178,0.5116219944731137,1.0661759572646037,0.3879651117021421,0.47899116199373987,8,2,0.8944271909999159,2500,OverICA,iid,False,5
6,3,3001,18,180001,True,51,False,10,0.9847645484685986,0.02996714599430561,0.23201680751733358,0.11006698179684239,0.6909310924146457,0.9080255965751048,0.5127369531004429,0.5165501168934832,8,2,0.8944271909999159,2500,OverICA,iid,False,5
6,4,4001,5,50001,True,20,False,10,0.36779785059055936,0.0200882600620389,0.02479570058692767,0.01998714007062174,0.041565500061289305,0.5586586953658935,0.8297055580316648,0.4602621511261867,8,2,0.8944271909999159,2500,OverICA,iid,False,5
6,5,5001,0,1,True,42,False,10,0.781252508076162,0.01562954904511571,0.07635181796509867,0.054972598382479504,0.15719747631110925,1.0646842064169817,0.3759483103798145,0.4552294678307315,8,2,0.8944271909999159,2500,OverICA,iid,False,5
6,4,4001,0,1,True,33,False,10,0.781252508076162,0.025100408121943474,0.08420357652920965,0.058039591735988966,0.17362815308985977,1.0752565594131196,0.37491139970157167,0.4530207981235997,8,2,0.8944271909999159,2500,OverICA,iid,False,5
6,3,3001,12,120001,True,19,False,10,0.12986617002233414,0.03077908093109727,0.050127726633095074,0.031377825173604476,0.1343696552380553,0.5561806365186854,0.8313119448441624,0.4807974031656564,8,2,0.8944271909999159,2500,OverICA,iid,False,5
6,2,2001,5,50001,True,21,False,10,0.36779785059055936,0.048839293885976076,0.02011118670908789,0.01650965819814451,0.03607274064265756,0.5626163660778309,0.8272613434651435,0.4614062329220855,8,2,0.8944271909999159,2500,OverICA,iid,False,5
6,4,4001,29,290001,True,24,False,10,0.4360938733849045,0.017506107222288847,0.03511159991065029,0.027233594581090197,0.07547607975735571,0.5704763131770048,0.8221005525640392,0.4716951515057444,8,2,0.8944271909999159,2500,OverICA,iid,False,5
6,5,5001,8,80001,True,42,False,10,0.9522616095427329,0.014781984966248274,0.24769609194098288,0.11576142228874153,0.7404519727865756,0.8979532724155284,0.5574146136959351,0.4688599505190625,8,2,0.8944271909999159,2500,OverICA,iid,False,5
3,1,1001,5,50001,True,182,False,10,0.99643378553034,1.3137616100721061,0.21772191854471584,0.14472940511782484,0.5666515632238128,0.9715414459294642,0.3310544646635781,0.5149524645595899,8,2,0.8944271909999159,2500,OverICA,iid,False,5
6,1,1001,3,30001,True,57,False,10,0.9892594493911565,0.06566896615549922,0.23738162719195913,0.11453073989293146,0.7296399549651628,0.9516570968449252,0.4498686396726591,0.5521980043726384,8,2,0.8944271909999159,2500,OverICA,iid,False,5
5,9,9001,3,30001,True,135,False,10,0.9892594493911565,0.12354953214526176,0.2328188353866588,0.15779806775725597,0.498648905109974,1.1300780981218501,0.3580294977173475,0.47877029447869773,8,2,0.8944271909999159,2500,OverICA,iid,False,5
6,3,3001,4,40001,True,51,False,10,0.9976324277964014,0.037704466842114925,0.17580000918308455,0.11282938190434881,0.3910401395030504,1.1308635263049542,0.2935911503244143,0.5107616051233513,8,2,0.8944271909999159,2500,OverICA,iid,False,5
5,9,9001,25,250001,True,121,False,10,0.9390357063721466,0.09276614105328918,0.33041791235479817,0.21677205810278435,0.5534027647503436,0.9275079202903157,0.5608531438945701,0.4643102302879378,8,2,0.8944271909999159,2500,OverICA,iid,False,5
6,5,5001,1,10001,True,21,False,10,0.8171814259906187,0.017683984711766243,0.26482583506308705,0.13618621051670307,0.45424746895859125,0.824929208165191,0.6313334956594323,0.45209726667041994,8,2,0.8944271909999159,2500,OverICA,iid,False,5
5,9,9001,20,200001,True,137,False,10,0.7728411772570831,0.1032687141560018,0.35434916652085857,0.1816067659180998,0.6221693820196457,1.5136457243261645,0.22887301347494335,0.4785945923706947,8,2,0.8944271909999159,2500,OverICA,iid,False,5
6,4,4001,27,270001,True,29,False,10,0.7223999091148399,0.019605403766036034,0.15267961580616773,0.07716871457087228,0.43694292815187696,1.0463128399008523,0.39611174946189615,0.45188890566021156,8,2,0.8944271909999159,2500,OverICA,iid,False,5
6,5,5001,13,130001,True,41,False,10,0.4867274896190375,0.015116381924599409,0.09220207212024775,0.0614882344081801,0.21331917531663167,0.6086490338251764,0.7963994967788386,0.5352953136598908,8,2,0.8944271909999159,2500,OverICA,iid,False,5
6,4,4001,4,40001,True,37,False,10,0.9976324277964014,0.027014736086130142,0.17646415985749275,0.11851137342358972,0.3106849138959403,1.1797380557051396,0.3163915064915377,0.412775720981057,8,2,0.8944271909999159,2500,OverICA,iid,False,5
5,9,9001,22,220001,True,152,False,10,0.8018332394498239,0.09971013711765409,0.07569324027327792,0.05576728293831858,0.15980324534192647,0.7422204800685922,0.6713426054258919,0.49609216676784945,8,2,0.8944271909999159,2500,OverICA,iid,False,5
6,5,5001,11,110001,True,36,False,10,0.796218031912889,0.016054037027060986,0.08241398054638852,0.051026342093085736,0.18068261809197983,1.0443281460309093,0.3858982262504353,0.460267298995881,8,2,0.8944271909999159,2500,OverICA,iid,False,5
5,9,9001,2,20001,True,136,False,10,0.9555605313928813,0.11605555098503828,0.33620603666686016,0.24896234577345763,0.7346270981972353,1.2050524889689587,0.3378506438927786,0.4814501653337138,8,2,0.8944271909999159,2500,OverICA,iid,False,5
6,4,4001,14,140001,True,31,False,10,0.947438904593053,0.024132853839546442,0.2630990525580472,0.1242039501839533,0.3912625180806331,0.8701102071447941,0.5772634090831299,0.44880726277805955,8,2,0.8944271909999159,2500,OverICA,iid,False,5
6,2,2001,25,250001,True,25,False,10,0.5053110886363733,0.04254549462348223,0.21977164252268996,0.119773316218182,0.41613230007377916,0.6255514279251142,0.7901093356016645,0.5554931584197634,8,2,0.8944271909999159,2500,OverICA,iid,False,5
6,3,3001,20,200001,True,74,False,10,0.7728411772570831,0.035463280975818634,0.1357239889253155,0.07840022017047668,0.32094139694981083,0.8420238249871779,0.6262167537605019,0.7059997455680089,8,2,0.8944271909999159,2500,OverICA,iid,False,5
5,5,5001,19,190001,True,127,False,10,0.9810312368856301,0.2043931009247899,0.37989091575802136,0.2489029367522829,0.5292202888220661,1.1473777939711194,0.4443633538590574,0.477108725504279,8,2,0.8944271909999159,2500,OverICA,iid,False,5
6,5,5001,6,60001,True,34,False,10,0.9043416724419242,0.019624462816864252,0.15764455253465193,0.0826645552404944,0.43602760721716777,0.7474729718782525,0.6822139650887334,0.42937622807249937,8,2,0.8944271909999159,2500,OverICA,iid,False,5
6,5,5001,10,100001,True,22,False,10,0.919003158812585,0.018001304008066654,0.2528355342832204,0.13967334895178934,0.6417889790289538,1.290092069692969,0.3347994331987347,0.44657362446973065,8,2,0.8944271909999159,2500,OverICA,iid,False,5
6,4,4001,8,80001,True,20,False,10,0.9522616095427329,0.028663554694503546,0.32034040682187004,0.15541129894388372,0.41373784855073537,1.239683902237763,0.13991411905966505,0.4501502505284201,8,2,0.8944271909999159,2500,OverICA,iid,False,5
6,3,3001,26,260001,True,20,False,10,0.12197100488326128,0.030238744802773,0.046292870396461135,0.03822871744339097,0.08999602108462168,0.9887675389996415,0.4280927948469886,0.48287496010748493,8,2,0.8944271909999159,2500,OverICA,iid,False,5
6,5,5001,25,250001,True,18,False,10,0.5053110886363733,0.013583892025053501,0.08875584923415673,0.046128111144179425,0.2467413360524603,0.5978746571017401,0.8025164566632443,0.44678296867620904,8,2,0.8944271909999159,2500,OverICA,iid,False,5
6,5,5001,26,260001,True,16,False,10,0.12197100488326128,0.013942909892648458,0.17723996645878326,0.12263836298531315,0.26763304702749513,1.0473085921299685,0.39082990711753257,0.477497106888275,8,2,0.8944271909999159,2500,OverICA,iid,False,5
6,3,3001,9,90001,True,43,False,10,0.8414217898554804,0.043352039996534586,0.14661559349083514,0.06942094260777543,0.4152906991901973,1.050015278975121,0.374919807628826,0.47739934695741576,8,2,0.8944271909999159,2500,OverICA,iid,False,5
6,4,4001,16,160001,True,30,False,10,0.31829061705927036,0.027757981326431036,0.2791403215172329,0.13848974149701423,0.7244664747528635,0.7601991734368928,0.7316634047605721,0.5760128864690971,8,2,0.8944271909999159,2500,OverICA,iid,False,5
6,5,5001,24,240001,True,44,False,10,0.9756608042233618,0.015938886906951666,0.13010557222452387,0.09042999317002806,0.32265860602940255,1.4626704081868898,0.00773733740110087,0.43598453759867223,8,2,0.8944271909999159,2500,OverICA,iid,False,5
6,5,5001,27,270001,True,31,False,10,0.7223999091148399,0.015623869840055704,0.18787762041643416,0.11481844017588119,0.47764658724797276,1.1247580499000558,0.3662688287162102,0.4866454450907818,8,2,0.8944271909999159,2500,OverICA,iid,False,5
6,3,3001,29,290001,True,50,False,10,0.4360938733849045,0.03188978414982557,0.16485464756847046,0.10546896867864321,0.2987868869188639,1.0545593712687746,0.3709466639817164,0.6257403886176854,8,2,0.8944271909999159,2500,OverICA,iid,False,5
6,6,6001,1,10001,True,31,False,10,0.8171814259906187,0.014732195064425468,0.1647172603814754,0.07266213136273937,0.27592411706079434,0.6975501153481243,0.7325669024784597,0.4534753090457813,8,2,0.8944271909999159,2500,OverICA,iid,False,5
6,0,1,3,30001,True,64,False,10,0.9892594493911565,0.10211804090067744,0.2810296151362123,0.1224100402496442,0.7700410988592683,0.9564146743030394,0.3502394192365909,0.5912107875993586,8,2,0.8944271909999159,2500,OverICA,iid,False,5
6,4,4001,9,90001,True,38,False,10,0.8414217898554804,0.0346219870261848,0.11329339692546511,0.05535396239245727,0.29638717195885433,0.6695036445375007,0.7506098421907602,0.46852350182910113,8,2,0.8944271909999159,2500,OverICA,iid,False,5
6,4,4001,28,280001,True,31,False,10,0.9537230138052385,0.025559134781360626,0.28502863315027266,0.14475291476689894,0.5473326611393281,0.9169945499840166,0.5190277823559527,0.4693502549746343,8,2,0.8944271909999159,2500,OverICA,iid,False,5
6,6,6001,13,130001,True,26,False,10,0.4867274896190375,0.012484198901802301,0.34071077385461057,0.19890810664625636,0.4656454101307645,1.0375324477493812,0.6270402711592522,0.5216665346869489,8,2,0.8944271909999159,2500,OverICA,iid,False,5
6,6,6001,21,210001,True,13,False,10,0.4697719964972832,0.0100845149718225,0.1075188411196098,0.06573205811048793,0.24174004196057305,1.413211728729936,0.012275247535630706,0.4593694408160736,8,2,0.8944271909999159,2500,OverICA,iid,False,5
6,2,2001,27,270001,True,35,False,10,0.7223999091148399,0.051739206071943045,0.10770080777322938,0.06029688019971283,0.293142354327615,0.6578757187723788,0.7637750980600089,0.46476840237465766,8,2,0.8944271909999159,2500,OverICA,iid,False,5
6,5,5001,3,30001,True,9,False,10,0.9892594493911565,0.024220264051109552,0.3549049042603515,0.1954145583097177,0.7086614660452303,5.17377811795434,0.35161370915285467,0.4330654788781192,8,2,0.8944271909999159,2500,OverICA,iid,False,5
6,3,3001,24,240001,True,41,False,10,0.9756608042233618,0.04068862833082676,0.2295979614632232,0.10207625739595719,0.6366844319409243,1.2576385800480563,0.3410499884812842,0.4344860850034036,8,2,0.8944271909999159,2500,OverICA,iid,False,5
6,4,4001,26,260001,True,41,False,10,0.12197100488326128,0.029733028262853622,0.2652858666343234,0.1341688207056392,0.687756347259876,1.0957955454306012,0.39771519631700786,0.6264446651871795,8,2,0.8944271909999159,2500,OverICA,iid,False,5
6,4,4001,23,230001,True,74,False,10,0.7304764199161407,0.03126200893893838,0.04900319910404073,0.03441874253049283,0.1212532923444063,1.4180185467905924,0.008467851001563139,0.7265183453611435,8,2,0.8944271909999159,2500,OverICA,iid,False,5
6,1,1001,11,110001,True,73,False,10,0.796218031912889,0.07607754785567522,0.13937799491289274,0.0931610157880483,0.2782501768920801,1.126499583591698,0.3412010586081181,0.7016017113596384,8,2,0.8944271909999159,2500,OverICA,iid,False,5
6,3,3001,19,190001,True,14,False,10,0.1366828721148782,0.040002851746976376,0.20682116023309005,0.1183794680130911,0.35236053116725724,1.0457700792097289,0.38289117119879823,0.48828261864521466,8,2,0.8944271909999159,2500,OverICA,iid,False,5
6,4,4001,15,150001,True,44,False,10,0.8850068338542072,0.03490365529432893,0.18804888998162628,0.08844630413456918,0.46960104805846986,0.7950651689049997,0.6494029274693947,0.4871031511984436,8,2,0.8944271909999159,2500,OverICA,iid,False,5
6,4,4001,17,170001,True,36,False,10,0.06716879130594611,0.03515394311398268,0.27684145335100996,0.14620354383743367,0.5255466941772579,0.7816957643239268,0.7006045091446804,0.5658458046436109,8,2,0.8944271909999159,2500,OverICA,iid,False,5
6,2,2001,23,230001,True,39,False,10,0.7304764199161407,0.054781376384198666,0.0752097868077703,0.045295615078599846,0.20402591812898663,1.0476749293785983,0.376092704216309,0.5207024792767171,8,2,0.8944271909999159,2500,OverICA,iid,False,5
6,6,6001,11,110001,True,38,False,10,0.796218031912889,0.017762925010174513,0.0739208044984314,0.04797817143133421,0.15888471059478723,0.665706610104817,0.7466884017480275,0.4808757578692317,8,2,0.8944271909999159,2500,OverICA,iid,False,5
6,5,5001,12,120001,True,16,False,10,0.12986617002233414,0.029239000752568245,0.11518588327981946,0.0668906514746805,0.2569016083292884,0.578072852735503,0.8166822022268477,0.47337467699928465,8,2,0.8944271909999159,2500,OverICA,iid,False,5
6,3,3001,16,160001,True,40,False,10,0.31829061705927036,0.04901303304359317,0.3385739748603898,0.2090687278091125,0.6204367281945998,1.4548374125183385,0.32976909116865366,0.6010713226849433,8,2,0.8944271909999159,2500,OverICA,iid,False,5
6,6,6001,26,260001,True,19,False,10,0.12197100488326128,0.015015252865850925,0.07466772389865611,0.05022217020983667,0.11742927317675493,0.5632319634809546,0.8264933316224982,0.47352605044568774,8,2,0.8944271909999159,2500,OverICA,iid,False,5
6,3,3001,6,60001,True,48,False,10,0.9043416724419242,0.04782600188627839,0.2091718479962019,0.10889706478503053,0.6057908153119115,0.8565366566161396,0.5833694149134128,0.5402213191432194,8,2,0.8944271909999159,2500,OverICA,iid,False,5
6,4,4001,13,130001,True,20,False,10,0.4867274896190375,0.03516746312379837,0.07222390079553975,0.044421169008440176,0.19333871261783578,0.5706757520873595,0.8220945579566676,0.4623368596581825,8,2,0.8944271909999159,2500,OverICA,iid,False,5
6,7,7001,0,1,True,35,False,10,0.781252508076162,0.014538296032696962,0.08048664050459971,0.049823851734287744,0.16617009122956872,1.0845447439406537,0.3663326456228538,0.44597936447360964,8,2,0.8944271909999159,2500,OverICA,iid,False,5
6,0,1,20,200001,True,54,False,10,0.7728411772570831,0.09317275881767273,0.10449604609463069,0.06149438021415664,0.2721733668841053,0.7345011966576427,0.7069257143379526,0.6075764673656798,8,2,0.8944271909999159,2500,OverICA,iid,False,5
5,9,9001,6,60001,True,146,False,10,0.9043416724419242,0.13781278999522328,0.19931256264605426,0.14103306849549158,0.43866274488598833,1.066593391511314,0.4337982778218272,0.47759396238973284,8,2,0.8944271909999159,2500,OverICA,iid,False,5
6,6,6001,18,180001,True,48,False,10,0.9847645484685986,0.018168092239648104,0.20154558031583844,0.11047081267399321,0.5828685644602064,1.1506534442510148,0.33821902244438945,0.477123067127813,8,2,0.8944271909999159,2500,OverICA,iid,False,5
6,3,3001,13,130001,True,19,False,10,0.4867274896190375,0.046524109318852425,0.15895808525861538,0.09793204514121523,0.4147132641004898,0.6282640160485705,0.7854920396149654,0.4690175221070564,8,2,0.8944271909999159,2500,OverICA,iid,False,5
6,7,7001,2,20001,True,32,False,10,0.24129465947766224,0.01529358234256506,0.07197866596364658,0.04912658320728087,0.14021450661245977,0.5654537150633554,0.825038138164085,0.5374707513336575,8,2,0.8944271909999159,2500,OverICA,iid,False,5
6,2,2001,14,140001,True,71,False,10,0.947438904593053,0.06589294504374266,0.21470634915808157,0.10768360200245276,0.3773928091177696,0.9272848330007031,0.49410627384269895,0.6115399798446993,8,2,0.8944271909999159,2500,OverICA,iid,False,5
6,7,7001,1,10001,True,41,False,10,0.8171814259906187,0.016092966310679913,0.21250123471062393,0.11367949605882574,0.31239092814830577,0.8094682285399216,0.6493854674872592,0.4977850569326572,8,2,0.8944271909999159,2500,OverICA,iid,False,5
6,4,4001,6,60001,True,42,False,10,0.9043416724419242,0.0442790649831295,0.20233448536262033,0.09567402265653557,0.6010723132744648,0.7961053672453098,0.6457272519609399,0.4571912221085726,8,2,0.8944271909999159,2500,OverICA,iid,False,5
6,2,2001,22,220001,True,82,False,10,0.7297527065449317,0.0620331889949739,0.353007291528977,0.18588426198773095,0.5170695119017659,2.044142414282044,0.5519809243209461,0.893724896763371,8,2,0.8944271909999159,2500,OverICA,iid,False,5
6,6,6001,0,1,True,49,False,10,0.781252508076162,0.02700734604150057,0.09397620523578379,0.05013953777994061,0.2601766663305398,0.7259723432313088,0.70615386501816,0.5517791692343571,8,2,0.8944271909999159,2500,OverICA,iid,False,5
6,5,5001,7,70001,True,26,False,10,0.33421176238479766,0.03539581224322319,0.162596324456826,0.10626915617133266,0.3544189587663005,1.4232454580284193,0.001470121540035843,0.5635345737014473,8,2,0.8944271909999159,2500,OverICA,iid,False,5
6,1,1001,14,140001,True,50,False,10,0.947438904593053,0.07983498508110642,0.22471355423202435,0.12444049656584327,0.4282518630992844,0.8920778449719091,0.5473925406668683,0.5429322020450509,8,2,0.8944271909999159,2500,OverICA,iid,False,5
6,6,6001,15,150001,True,33,False,10,0.8850068338542072,0.02221804717555642,0.1849483947724855,0.07470122852419438,0.45823803223753157,0.7422891051348757,0.7057012114089487,0.43733885195720795,8,2,0.8944271909999159,2500,OverICA,iid,False,5
6,5,5001,23,230001,True,43,False,10,0.7304764199161407,0.02928953105583787,0.06551483280125292,0.039018771531023455,0.17256576162150014,1.0412934148199198,0.37669448532506977,0.4911207904401668,8,2,0.8944271909999159,2500,OverICA,iid,False,5
6,6,6001,17,170001,True,43,False,10,0.06716879130594611,0.02219403674826026,0.16914811856080397,0.09947810559313873,0.4176741034952252,1.0710307745209968,0.37904947932290306,0.6229777962659792,8,2,0.8944271909999159,2500,OverICA,iid,False,5
6,7,7001,18,180001,True,42,False,10,0.9847645484685986,0.013094885274767876,0.23977304718867742,0.11564244092805719,0.7204297826281159,0.8755973257736815,0.5561789470276525,0.4300774926054164,8,2,0.8944271909999159,2500,OverICA,iid,False,5
6,6,6001,2,20001,True,42,False,10,0.24129465947766224,0.028135329019278288,0.28830515585751143,0.1714029462869988,0.7778597376212131,0.8468766605928334,0.6585821689568866,0.595218706022428,8,2,0.8944271909999159,2500,OverICA,iid,False,5
6,6,6001,19,190001,True,13,False,10,0.1366828721148782,0.01947591407224536,0.18290156185027637,0.09939138525500499,0.27790446330296276,1.032576563861014,0.39007018842788677,0.47028698175679756,8,2,0.8944271909999159,2500,OverICA,iid,False,5
6,5,5001,19,190001,True,91,False,10,0.1366828721148782,0.033939710818231106,0.3159550176533027,0.16252627179052784,0.4914801075127883,0.801988701009736,0.6612996968934164,1.0554220155326168,8,2,0.8944271909999159,2500,OverICA,iid,False,5
6,3,3001,1,10001,True,44,False,10,0.8171814259906187,0.05605373810976744,0.09230523674784029,0.053836620172780326,0.24803437402028888,0.6752081001450015,0.7428335744935379,0.4825852364346635,8,2,0.8944271909999159,2500,OverICA,iid,False,5
6,8,8001,2,20001,True,20,False,10,0.24129465947766224,0.009016921743750572,0.07184715317850536,0.05464082521547953,0.15423952196664453,0.5583396990222307,0.8303305250055893,0.4776044875064664,8,2,0.8944271909999159,2500,OverICA,iid,False,5
6,4,4001,20,200001,True,74,False,10,0.7728411772570831,0.043302930891513824,0.11127032793430693,0.06785427767269589,0.26722763248538584,0.807668279805922,0.6399727890973377,0.7200549402562392,8,2,0.8944271909999159,2500,OverICA,iid,False,5
6,3,3001,27,270001,True,38,False,10,0.7223999091148399,0.05235505197197199,0.06875016971961788,0.04575359739342389,0.15434816442488103,0.6306533181644103,0.7767856346485704,0.4608482885803051,8,2,0.8944271909999159,2500,OverICA,iid,False,5
5,9,9001,16,160001,True,142,False,10,0.8657804195206386,0.12893014820292592,0.13843777097953888,0.07978266701079932,0.33394155540968073,0.7486871722578371,0.676027478594173,0.48256725878648793,8,2,0.8944271909999159,2500,OverICA,iid,False,5
6,4,4001,24,240001,True,25,False,10,0.9756608042233618,0.03988577192649245,0.26522613353864,0.11306260904703594,0.6494099293124524,0.8544756240179394,0.5893452901595022,0.42943004655809225,8,2,0.8944271909999159,2500,OverICA,iid,False,5
5,8,8001,26,260001,True,139,False,10,0.9889203360696825,0.15023428993299603,0.21241489563121502,0.11258271129808554,0.423378822450588,1.043258485441082,0.4731375477756757,0.47396982673592775,8,2,0.8944271909999159,2500,OverICA,iid,False,5
6,7,7001,25,250001,True,7,False,10,0.5053110886363733,0.013590991962701082,0.11303771809247208,0.0765879453538946,0.20413033231230296,1.0189722839767845,0.409894391546213,0.46857723900150333,8,2,0.8944271909999159,2500,OverICA,iid,False,5
6,5,5001,21,210001,True,26,False,10,0.4697719964972832,0.03475593635812402,0.036566965581286526,0.0296902241454005,0.08221651544927666,0.5553430047532256,0.8319902541082111,0.4656767239727994,8,2,0.8944271909999159,2500,OverICA,iid,False,5
6,6,6001,25,250001,True,12,False,10,0.5053110886363733,0.0247345301322639,0.13551195357668047,0.08960586907634949,0.3116712270893271,1.032308336652867,0.4015205117256377,0.47889784859427126,8,2,0.8944271909999159,2500,OverICA,iid,False,5
6,8,8001,16,160001,True,13,False,10,0.31829061705927036,0.008049687836319208,0.045637874474923894,0.03085422905235223,0.09165337995400549,0.5612831270145837,0.8278783289332634,0.4500512406626889,8,2,0.8944271909999159,2500,OverICA,iid,False,5
6,7,7001,14,140001,True,40,False,10,0.947438904593053,0.019943221006542444,0.24282830572736044,0.11553072257824816,0.3964430067327751,0.846770760072422,0.5970509102180177,0.4500473804553523,8,2,0.8944271909999159,2500,OverICA,iid,False,5
6,7,7001,15,150001,True,36,False,10,0.8850068338542072,0.01986813172698021,0.1419971626303275,0.06927011178809414,0.4070063737984106,1.0428799519840934,0.35156375334024825,0.4399105722248154,8,2,0.8944271909999159,2500,OverICA,iid,False,5
6,1,1001,13,130001,True,20,False,10,0.4867274896190375,0.07662506494671106,0.13760625417827202,0.08468751347221735,0.35830771745363477,0.6198037885773473,0.7901086733151537,0.46490776231150377,8,2,0.8944271909999159,2500,OverICA,iid,False,5
6,7,7001,8,80001,True,48,False,10,0.9522616095427329,0.023971994873136282,0.19367973114333248,0.08409533526732682,0.5777061599289011,0.8528178293347062,0.5978718569475636,0.5043452466129562,8,2,0.8944271909999159,2500,OverICA,iid,False,5
6,6,6001,5,50001,True,27,False,10,0.36779785059055936,0.034719286020845175,0.20721314312559308,0.11776274212973739,0.38399585806701275,1.0723878805926508,0.3535878591845387,0.504653079856148,8,2,0.8944271909999159,2500,OverICA,iid,False,5
6,5,5001,14,140001,True,45,False,10,0.947438904593053,0.0452711577527225,0.2003659977263371,0.08994943709572832,0.3877870639702422,1.1976052492978924,0.3456659629003479,0.4587685714670058,8,2,0.8944271909999159,2500,OverICA,iid,False,5
6,5,5001,29,290001,True,28,False,10,0.4360938733849045,0.037017791997641325,0.021068650729942795,0.01616281510082728,0.04082747734889052,0.5767233649633736,0.8174469547648244,0.4740855452167165,8,2,0.8944271909999159,2500,OverICA,iid,False,5
6,8,8001,10,100001,True,42,False,10,0.919003158812585,0.012831187341362238,0.27114288881217424,0.14861763846801357,0.6870122098110467,0.9085860735355517,0.5238625763938715,0.48989680764488003,8,2,0.8944271909999159,2500,OverICA,iid,False,5
6,1,1001,28,280001,True,56,False,10,0.9537230138052385,0.08576737670227885,0.12707678884687604,0.08609244242763332,0.27447134610901963,1.1272276390618994,0.3380321423738486,0.4967970809490269,8,2,0.8944271909999159,2500,OverICA,iid,False,5
6,6,6001,12,120001,True,16,False,10,0.12986617002233414,0.03431991767138243,0.14429753460713474,0.08188451672678967,0.3209231532936458,0.6035677600338012,0.7999537026713391,0.4695269095331796,8,2,0.8944271909999159,2500,OverICA,iid,False,5
6,8,8001,13,130001,True,17,False,10,0.4867274896190375,0.014620705973356962,0.06214784702685105,0.040708125202256494,0.15991850234504465,0.5810858481222108,0.8147556421739421,0.46278170529572726,8,2,0.8944271909999159,2500,OverICA,iid,False,5
6,8,8001,0,1,True,36,False,10,0.781252508076162,0.020604927092790604,0.11687694256982814,0.056895537870259874,0.1779331237921299,1.0945294251575048,0.36694086411152593,0.47024546343092505,8,2,0.8944271909999159,2500,OverICA,iid,False,5
6,6,6001,24,240001,True,55,False,10,0.9756608042233618,0.0322039220482111,0.12352977378611794,0.08666920045930492,0.21711676644675193,1.4488797987761497,0.02341596967285342,0.5065610385609495,8,2,0.8944271909999159,2500,OverICA,iid,False,5
6,8,8001,23,230001,True,29,False,10,0.7304764199161407,0.012834247201681137,0.09859397821721408,0.060437118533844786,0.2519082680184116,1.031469225752823,0.3817006537550136,0.4416378777635313,8,2,0.8944271909999159,2500,OverICA,iid,False,5
6,7,7001,10,100001,True,40,False,10,0.919003158812585,0.02891266392543912,0.15430768524872351,0.07468755455085627,0.3271734605416077,0.775432709978259,0.6572916237760932,0.49179667574396646,8,2,0.8944271909999159,2500,OverICA,iid,False,5
6,8,8001,29,290001,True,15,False,10,0.4360938733849045,0.011928422842174768,0.07124104149707924,0.04891621583790767,0.1551614422956523,0.566019552470451,0.8248638024710677,0.4528247412144552,8,2,0.8944271909999159,2500,OverICA,iid,False,5
6,7,7001,4,40001,True,48,False,10,0.9976324277964014,0.031348767690360546,0.18874702678990804,0.11029822320041395,0.37980696181493273,1.1722181651775645,0.275287003986181,0.47025236857189556,8,2,0.8944271909999159,2500,OverICA,iid,False,5
6,7,7001,22,220001,True,17,False,10,0.7297527065449317,0.023429429158568382,0.2273955121014184,0.11340596600272897,0.6867150323684026,0.7133061789789915,0.7252123105059423,0.4471595401567295,8,2,0.8944271909999159,2500,OverICA,iid,False,5
6,2,2001,15,150001,True,42,False,10,0.8850068338542072,0.07570441113784909,0.17208730547642703,0.07899490610945048,0.47130124212811186,1.1252735670102068,0.37135558553721393,0.4557771760826366,8,2,0.8944271909999159,2500,OverICA,iid,False,5
6,7,7001,7,70001,True,15,False,10,0.33421176238479766,0.03074436169117689,0.1635074186814622,0.09117809710198509,0.3923765824438117,1.0099424764763874,0.4005673404002358,0.45925486859545617,8,2,0.8944271909999159,2500,OverICA,iid,False,5
6,8,8001,25,250001,True,15,False,10,0.5053110886363733,0.014044879004359245,0.1352457650983637,0.0679699774913187,0.2183200907070138,0.6184870482302822,0.7887801190572041,0.4570163214131986,8,2,0.8944271909999159,2500,OverICA,iid,False,5
6,9,9001,2,20001,True,27,False,10,0.24129465947766224,0.012582707684487104,0.16277163303156877,0.09399412778198456,0.4169167710339395,0.5785768372957412,0.8172012422635999,0.5562428590315922,8,2,0.8944271909999159,2500,OverICA,iid,False,5
6,9,9001,12,120001,True,10,False,10,0.12986617002233414,0.008685983717441559,0.025033674129811126,0.017942726134085603,0.0491972351318434,0.5495575361813455,0.8355825967184057,0.4600664971350956,8,2,0.8944271909999159,2500,OverICA,iid,False,5
5,4,4001,25,250001,True,111,False,10,0.9390357063721466,0.25243687024340034,0.3654440674112205,0.23912995463241438,0.8599667847300438,3.686080686750191,0.2516185519948396,0.46924297737981396,8,2,0.8944271909999159,2500,OverICA,iid,False,5
6,7,7001,27,270001,True,22,False,10,0.7223999091148399,0.0245252619497478,0.15196844194431885,0.07376020664829183,0.37584219227426763,1.043370042484566,0.41322895122973174,0.438433438531124,8,2,0.8944271909999159,2500,OverICA,iid,False,5
6,5,5001,5,50001,True,37,False,10,0.36779785059055936,0.04964052001014352,0.2406082435167776,0.1364580153215666,0.5688975267351238,0.760854088232358,0.6965681776758308,0.5463760346512131,8,2,0.8944271909999159,2500,OverICA,iid,False,5
6,6,6001,28,280001,True,58,False,10,0.9537230138052385,0.03508384432643652,0.14839426591104857,0.0838273569298491,0.28662340389091484,0.7771494784901543,0.6538790426991007,0.5139730265681138,8,2,0.8944271909999159,2500,OverICA,iid,False,5
6,6,6001,10,100001,True,45,False,10,0.919003158812585,0.039812002796679735,0.14313638960582087,0.08143639569423813,0.3829424126171883,0.751409439625911,0.673922369464455,0.46162149271400305,8,2,0.8944271909999159,2500,OverICA,iid,False,5
6,6,6001,29,290001,True,28,False,10,0.4360938733849045,0.035188183188438416,0.20299708810952857,0.11055337252517171,0.43769854169065936,0.6834775540098201,0.7457651747723277,0.49939138803816696,8,2,0.8944271909999159,2500,OverICA,iid,False,5
6,5,5001,28,280001,True,42,False,10,0.9537230138052385,0.046657518949359655,0.23933357728341212,0.10626890458289673,0.4510757735793313,0.866589687328357,0.5719536915213588,0.45616533380788604,8,2,0.8944271909999159,2500,OverICA,iid,False,5
7,0,1,6,60001,True,1,False,10,0.0,0.004262101836502552,0.108077825755874,0.04848230794689236,0.3073040770512907,0.5783175874504946,0.8161057777229304,0.7010519523456498,8,2,0.8944271909999159,2500,OverICA,iid,False,5
6,9,9001,21,210001,True,15,False,10,0.4697719964972832,0.008192027918994427,0.26889173084685597,0.1547525025259545,0.41361801102336426,0.7689287080927865,0.6896096424228031,0.48426780478425563,8,2,0.8944271909999159,2500,OverICA,iid,False,5
6,6,6001,14,140001,True,12,False,10,0.947438904593053,0.03742383839562535,0.3564467018839806,0.19263369158376725,0.486752950178171,2.9223173559957094,0.4211612584049901,0.44655028708847166,8,2,0.8944271909999159,2500,OverICA,iid,False,5
6,5,5001,2,20001,True,41,False,10,0.24129465947766224,0.052550101187080145,0.2485751739848717,0.14128654269518917,0.668773981590886,0.7606247010577878,0.7081748269402088,0.578307651855099,8,2,0.8944271909999159,2500,OverICA,iid,False,5
6,5,5001,17,170001,True,52,False,10,0.06716879130594611,0.048898684326559305,0.2903574277971102,0.14925499658981842,0.6200775883477812,0.8558964144283234,0.6757296144568032,0.7042452752180782,8,2,0.8944271909999159,2500,OverICA,iid,False,5
7,0,1,5,50001,True,1,False,10,0.0,0.005488784983754158,0.018595082274711107,0.01593836898831824,0.02661260655718112,0.5501534209865931,0.8353129155943854,0.6182595318960918,8,2,0.8944271909999159,2500,OverICA,iid,False,5
6,6,6001,6,60001,True,47,False,10,0.9043416724419242,0.04114087391644716,0.24044795118617945,0.12474516463212953,0.694691965001625,0.8981155130784793,0.5379721176154459,0.5581535245274316,8,2,0.8944271909999159,2500,OverICA,iid,False,5
6,6,6001,4,40001,True,17,False,10,0.9976324277964014,0.044976359233260155,0.3392800582197819,0.16049973144579613,0.4727338967360216,1.1129791522365662,0.41470665040352506,0.43771583647730433,8,2,0.8944271909999159,2500,OverICA,iid,False,5
7,0,1,3,30001,True,1,False,10,0.0,0.008299825713038445,0.045070678099866195,0.031590498854748156,0.11449920665033828,0.5572164783061968,0.8303889386784302,0.645725749763917,8,2,0.8944271909999159,2500,OverICA,iid,False,5
6,9,9001,13,130001,True,31,False,10,0.4867274896190375,0.01589929824694991,0.16165149810788793,0.09404774779426425,0.3392971581064109,0.6461487360612674,0.7769717026197129,0.5048796390107793,8,2,0.8944271909999159,2500,OverICA,iid,False,5
6,9,9001,4,40001,True,41,False,10,0.9976324277964014,0.02064529713243246,0.25457568876961106,0.11270115532084285,0.43997760634223937,0.9382423998453537,0.45964211863802723,0.4998979103518729,8,2,0.8944271909999159,2500,OverICA,iid,False,5
6,3,3001,3,30001,True,73,False,10,0.9892594493911565,0.08283181488513947,0.24259161806521262,0.11896747573683095,0.7423128110876367,0.9667985221215634,0.41232489332315436,0.6017715139264994,8,2,0.8944271909999159,2500,OverICA,iid,False,5
6,8,8001,1,10001,True,24,False,10,0.8171814259906187,0.023019901011139154,0.35212604386359303,0.2015833099829366,0.4330035173760482,1.521819119502881,0.5723290187666658,0.4902541796694799,8,2,0.8944271909999159,2500,OverICA,iid,False,5
6,6,6001,7,70001,True,16,False,10,0.33421176238479766,0.04479773109778762,0.16434584429489527,0.09725750160700063,0.40796963110208234,1.0252281168582429,0.39082845634205976,0.5175464978740856,8,2,0.8944271909999159,2500,OverICA,iid,False,5
7,0,1,21,210001,True,1,False,10,0.0,0.004005744121968746,0.014343155143276788,0.010741119829971276,0.027346250680905106,0.5284159841974555,0.8497440372381053,0.6263818722631691,8,2,0.8944271909999159,2500,OverICA,iid,False,5
6,8,8001,28,280001,True,38,False,10,0.9537230138052385,0.02034293906763196,0.2647443613798602,0.13957336783227217,0.4427702113864864,0.9067402783808414,0.515267327026137,0.4952707295881436,8,2,0.8944271909999159,2500,OverICA,iid,False,5
6,9,9001,25,250001,True,26,False,10,0.5053110886363733,0.015112931840121746,0.11896586811644558,0.0844785436853254,0.21473458323605,1.0340763835240048,0.4027542017595252,0.473368670063139,8,2,0.8944271909999159,2500,OverICA,iid,False,5
5,9,9001,9,90001,True,158,False,10,0.9998171673000845,0.16118050925433636,0.25642469351049196,0.14763662889772652,0.7094491308896369,1.2633733835456484,0.16296850866507323,0.5037973867398979,8,2,0.8944271909999159,2500,OverICA,iid,False,5
6,4,4001,10,100001,True,63,False,10,0.919003158812585,0.06309095257893205,0.17192686997940237,0.0986837052166914,0.4652979310963717,1.2014116190147779,0.3239377530914135,0.6204712613224487,8,2,0.8944271909999159,2500,OverICA,iid,False,5
7,0,1,23,230001,True,1,False,10,0.0,0.004302502144128084,0.16944544347482698,0.08763109529389082,0.2509187807869517,1.3699857501142934,0.03578490334480088,1.2325079380196358,8,2,0.8944271909999159,2500,OverICA,iid,False,5
6,9,9001,24,240001,True,42,False,10,0.9756608042233618,0.02238093502819538,0.17809166893926542,0.09575200517740609,0.48134804863857744,1.125283579692312,0.33487298593593023,0.4175890826763484,8,2,0.8944271909999159,2500,OverICA,iid,False,5
6,2,2001,6,60001,True,64,False,10,0.9043416724419242,0.10620556492358446,0.23340791408680805,0.13016535762314496,0.6342826787710535,0.9370238687312027,0.4627189151280894,0.6605484407723012,8,2,0.8944271909999159,2500,OverICA,iid,False,5
6,9,9001,11,110001,True,5,False,10,0.796218031912889,0.0174956270493567,0.32176286128516524,0.16070467627637774,0.545144814890887,0.8974826110513032,0.5997286028128408,0.44578784586891523,8,2,0.8944271909999159,2500,OverICA,iid,False,5
6,5,5001,22,220001,True,34,False,10,0.7297527065449317,0.06398786697536707,0.07263480150371254,0.04419242594285773,0.13880166073726175,0.6290727597816558,0.7774023175620434,0.4552061747017688,8,2,0.8944271909999159,2500,OverICA,iid,False,5
6,6,6001,16,160001,True,30,False,10,0.31829061705927036,0.04005891131237149,0.2933059652099536,0.1614635988488996,0.6311229654818392,0.8481929480568426,0.6490455982007556,0.5444852476524192,8,2,0.8944271909999159,2500,OverICA,iid,False,5
7,0,1,18,180001,True,1,False,10,0.0,0.014272126834839582,0.1393838661190076,0.06847329251038371,0.39852407761199815,0.5703710508874622,0.8216001755515984,0.7527454106836383,8,2,0.8944271909999159,2500,OverICA,iid,False,5
6,2,2001,21,210001,True,31,False,10,0.4697719964972832,0.07357380539178848,0.3137503583863861,0.15385056330161168,0.8099821002020419,0.8526069999123447,0.7025116510857935,0.600946235969508,8,2,0.8944271909999159,2500,OverICA,iid,False,5
6,9,9001,3,30001,True,47,False,10,0.9892594493911565,0.033040426671504974,0.2734360886411536,0.1356436829295266,0.868349192260957,0.9730534303763387,0.41866963923860423,0.5259766514280645,8,2,0.8944271909999159,2500,OverICA,iid,False,5
7,0,1,10,100001,True,1,False,10,0.0,0.007907778024673462,0.03621456303258154,0.026937922376389922,0.08162904210318186,0.5448123054836926,0.8388688923142111,0.6320488368657072,8,2,0.8944271909999159,2500,OverICA,iid,False,5
6,7,7001,23,230001,True,42,False,10,0.7304764199161407,0.031138448975980282,0.0868028969639146,0.053164766881047376,0.23536304830530402,0.6665853606812908,0.7473786917806781,0.4727584153478958,8,2,0.8944271909999159,2500,OverICA,iid,False,5
7,0,1,8,80001,True,1,False,10,0.0,0.01996422093361616,0.033618018035741964,0.020157373818295122,0.09049145589333837,0.5505273132618942,0.8349130732656411,0.6473638457453168,8,2,0.8944271909999159,2500,OverICA,iid,False,5
6,8,8001,26,260001,True,17,False,10,0.12197100488326128,0.018912697676569223,0.0407105565367907,0.03420724073715203,0.07451423633858092,0.9899452199528562,0.4379479483027495,0.4720134892876412,8,2,0.8944271909999159,2500,OverICA,iid,False,5
6,8,8001,8,80001,True,48,False,10,0.9522616095427329,0.04109232407063246,0.22268528966443862,0.10737524270128901,0.6705300732844498,0.8792977763087442,0.5698167900339289,0.5172223103564909,8,2,0.8944271909999159,2500,OverICA,iid,False,5
6,8,8001,7,70001,True,28,False,10,0.33421176238479766,0.022468395065516233,0.11769176112587829,0.07033368295470716,0.2625264725726867,1.001323383690448,0.4094842285023362,0.5097913820418335,8,2,0.8944271909999159,2500,OverICA,iid,False,5
6,7,7001,13,130001,True,22,False,10,0.4867274896190375,0.03422553883865476,0.0607743178957551,0.04268275092913458,0.09854443179428066,0.5712296851060206,0.8210167024952462,0.4731629676086375,8,2,0.8944271909999159,2500,OverICA,iid,False,5
7,1,1001,12,120001,True,1,False,10,0.0,0.006324608810245991,0.01002626174502515,0.007148034190934471,0.020407236922194656,0.5441317107285271,0.8394234343433855,0.6114671194852642,8,2,0.8944271909999159,2500,OverICA,iid,False,5
6,8,8001,17,170001,True,8,False,10,0.06716879130594611,0.04924149299040437,0.018844510597210443,0.014251897539711643,0.030151001705102497,0.5473494139070029,0.8372747727702212,0.4554970707555716,8,2,0.8944271909999159,2500,OverICA,iid,False,5
6,4,4001,25,250001,True,65,False,10,0.5053110886363733,0.06258831592276692,0.35375353033772455,0.2022731740724517,0.4333179627500167,1.6000335533769838,0.6052881066954634,0.9706138342438044,8,2,0.8944271909999159,2500,OverICA,iid,False,5
6,9,9001,1,10001,True,25,False,10,0.8171814259906187,0.024161394219845533,0.1435172117539724,0.07737868257780074,0.2915185075561663,1.0403477698422698,0.38120759260215054,0.43707154538709136,8,2,0.8944271909999159,2500,OverICA,iid,False,5
5,8,8001,13,130001,True,142,False,10,0.8285570651406959,0.17926605278626084,0.3596674993295758,0.22894036635397708,0.4697227289781014,1.6901854508524805,0.4549303183915714,0.4770175527348309,8,2,0.8944271909999159,2500,OverICA,iid,False,5
6,9,9001,16,160001,True,28,False,10,0.31829061705927036,0.03926211688667536,0.0318456405850258,0.02391828100503484,0.0732483618586391,0.566556454313212,0.824782376431717,0.4900940048719125,8,2,0.8944271909999159,2500,OverICA,iid,False,5
6,6,6001,9,90001,True,47,False,10,0.8414217898554804,0.05157015798613429,0.09822501358824914,0.045608556344806664,0.27809002673611194,1.0368195775128193,0.38380002848691297,0.5197391268400304,8,2,0.8944271909999159,2500,OverICA,iid,False,5
6,5,5001,18,180001,True,55,False,10,0.9847645484685986,0.08148528402671218,0.3104589866138717,0.15177489221127902,0.8746452499237783,1.2471547703653894,0.01832031971983589,0.6111166197517032,8,2,0.8944271909999159,2500,OverICA,iid,False,5
6,7,7001,12,120001,True,30,False,10,0.12986617002233414,0.038783309049904346,0.1378223566260681,0.08468301113297588,0.36278944483782527,1.0068025822323132,0.4412776087970663,0.5752694358029836,8,2,0.8944271909999159,2500,OverICA,iid,False,5
6,7,7001,28,280001,True,40,False,10,0.9537230138052385,0.03628232469782233,0.23229246139141382,0.11443916946021185,0.41793884520502433,0.8810228494933315,0.5546521174797423,0.5082262680865817,8,2,0.8944271909999159,2500,OverICA,iid,False,5
6,1,1001,8,80001,True,73,False,10,0.9522616095427329,0.11082991398870945,0.329570895348054,0.1616016212927635,0.4029081155824558,1.015782591298043,0.4044391965494488,0.752790261635819,8,2,0.8944271909999159,2500,OverICA,iid,False,5
6,9,9001,18,180001,True,42,False,10,0.9847645484685986,0.04252718482166529,0.2670997678483518,0.13643035184338176,0.8280974710332385,0.920115406283083,0.5026633393391218,0.45975598114828553,8,2,0.8944271909999159,2500,OverICA,iid,False,5
6,9,9001,14,140001,True,35,False,10,0.947438904593053,0.020470998249948025,0.24888458103345723,0.12344196109216014,0.4165245154423007,0.865498641828679,0.5766512641128632,0.45881252698514635,8,2,0.8944271909999159,2500,OverICA,iid,False,5
6,8,8001,19,190001,True,74,False,10,0.1366828721148782,0.029517189133912325,0.2919132558220895,0.15333486148030767,0.6067591789911126,1.2541678770863554,0.3198045844063458,1.0291010279019341,8,2,0.8944271909999159,2500,OverICA,iid,False,5
6,8,8001,5,50001,True,28,False,10,0.36779785059055936,0.03037989418953657,0.06800644049391116,0.044573829066963305,0.11515874315904248,0.5809983521942638,0.8146118788393364,0.4839806303276395,8,2,0.8944271909999159,2500,OverICA,iid,False,5
7,1,1001,17,170001,True,1,False,10,0.0,0.007464011199772358,0.18415955890734553,0.07653339098075523,0.28854551453524785,0.6219518380519591,0.7841715775577561,0.8415114598238568,8,2,0.8944271909999159,2500,OverICA,iid,False,5
6,9,9001,27,270001,True,35,False,10,0.7223999091148399,0.01518135191872716,0.11434255027908204,0.06658776433487967,0.30946552997569055,0.6516926645375566,0.76603132771686,0.46906209157947926,8,2,0.8944271909999159,2500,OverICA,iid,False,5
6,7,7001,21,210001,True,20,False,10,0.4697719964972832,0.0334355840459466,0.10951951537085708,0.06296152159872628,0.29257062431557207,0.5846628910442657,0.8143654145666541,0.469114277070179,8,2,0.8944271909999159,2500,OverICA,iid,False,5
6,7,7001,20,200001,True,65,False,10,0.7728411772570831,0.034150268882513046,0.35188735248243824,0.19208513816389983,0.6057447400647422,1.736634300630927,0.5265059848320853,0.8916301087122891,8,2,0.8944271909999159,2500,OverICA,iid,False,5
6,7,7001,16,160001,True,36,False,10,0.31829061705927036,0.0350716938264668,0.15717138007224257,0.08202534110215132,0.39806605810224,0.6277422724877018,0.7859434048537695,0.5274383955844705,8,2,0.8944271909999159,2500,OverICA,iid,False,5
7,0,1,11,110001,True,1,False,10,0.0,0.012397400103509426,0.035039425996295864,0.02620176258365283,0.07945233123735149,0.5432660807985114,0.8397600465596553,0.6517088160916725,8,2,0.8944271909999159,2500,OverICA,iid,False,5
6,7,7001,24,240001,True,66,False,10,0.9756608042233618,0.06879463605582714,0.23500856787305047,0.11625640655491638,0.6348789506129358,1.2963831991728316,0.3306032000044462,0.5879184196371631,8,2,0.8944271909999159,2500,OverICA,iid,False,5
7,2,2001,0,1,True,1,False,10,0.0,0.004166253376752138,0.04093180326176679,0.02012176168125613,0.11363449933937973,0.5652711998446013,0.8255591940537162,0.6382298214553319,8,2,0.8944271909999159,2500,OverICA,iid,False,5
7,1,1001,16,160001,True,1,False,10,0.0,0.022168206982314587,0.020038552164483258,0.013851469452238632,0.04408404208634829,0.5427141724218572,0.8402574161655476,0.6212170463059816,8,2,0.8944271909999159,2500,OverICA,iid,False,5
6,5,5001,15,150001,True,47,False,10,0.8850068338542072,0.06393651710823178,0.16525094296726212,0.0748974443463836,0.47742175462177205,1.1106777594329305,0.36318680208625653,0.5079520412458686,8,2,0.8944271909999159,2500,OverICA,iid,False,5
6,8,8001,3,30001,True,54,False,10,0.9892594493911565,0.0658049052581191,0.20045157979686576,0.10361363068124896,0.5839997071481234,0.8950833043256818,0.5346510690156661,0.5230345259357727,8,2,0.8944271909999159,2500,OverICA,iid,False,5
6,4,4001,7,70001,True,73,False,10,0.33421176238479766,0.10736513696610928,0.12276465372602531,0.07028609775857554,0.28842720695710367,1.0153047275047946,0.40086616568261857,0.8762384684988632,8,2,0.8944271909999159,2500,OverICA,iid,False,5
7,0,1,24,240001,True,1,False,10,0.0,0.005959950853139162,0.029413475938390412,0.01918022146462197,0.06834814438017695,0.557037665990649,0.8309093389530462,0.6385229996548298,8,2,0.8944271909999159,2500,OverICA,iid,False,5
7,0,1,4,40001,True,1,False,10,0.0,0.005844892002642155,0.026504546960097308,0.020255008575814634,0.06238507205134815,0.5411127031741942,0.8409089748224358,0.6402983841550373,8,2,0.8944271909999159,2500,OverICA,iid,False,5
6,8,8001,21,210001,True,29,False,10,0.4697719964972832,0.03249859996140003,0.13788289141364105,0.08748917067615442,0.23848923542611505,1.035388586146654,0.3927888094218931,0.5086027449235917,8,2,0.8944271909999159,2500,OverICA,iid,False,5
7,1,1001,20,200001,True,1,False,10,0.0,0.013386922888457775,0.09042755103192379,0.04712732061770834,0.2518103523031439,0.5493159352455593,0.836098950500327,0.6997549426406245,8,2,0.8944271909999159,2500,OverICA,iid,False,5
6,9,9001,5,50001,True,30,False,10,0.36779785059055936,0.028689683880656958,0.17057260708542052,0.09970370543640995,0.38987415302850525,0.6586740155824777,0.7649507521263325,0.5120127323707053,8,2,0.8944271909999159,2500,OverICA,iid,False,5
7,1,1001,24,240001,True,1,False,10,0.0,0.013267985079437494,0.08012317479864393,0.045586334505565165,0.2133544111395406,1.451962091687401,0.015467625243205831,0.7145065135843014,8,2,0.8944271909999159,2500,OverICA,iid,False,5
7,2,2001,4,40001,True,1,False,10,0.0,0.007581920828670263,0.026186796573255504,0.017494249179394714,0.05771718224330183,1.391604361356726,0.03214081399895707,0.6420882848559517,8,2,0.8944271909999159,2500,OverICA,iid,False,5
7,2,2001,2,20001,True,1,False,10,0.0,0.007899848744273186,0.03995506119609107,0.022258041443449193,0.10472292063463022,0.5432257262277536,0.8403866349501089,0.6397873912374835,8,2,0.8944271909999159,2500,OverICA,iid,False,5
7,0,1,29,290001,True,1,False,10,0.0,0.004378252197057009,0.023210783325131625,0.01451402929272785,0.0599825306814301,0.5432929556086012,0.8396386530209348,0.6351083005751977,8,2,0.8944271909999159,2500,OverICA,iid,False,5
7,2,2001,1,10001,True,1,False,10,0.0,0.008243616670370102,0.023799568538852768,0.018319967732186977,0.05405104855875207,1.397272046092211,0.009807862478150155,0.6424026949381406,8,2,0.8944271909999159,2500,OverICA,iid,False,5
7,0,1,28,280001,True,1,False,10,0.0,0.003980324137955904,0.021743712891659023,0.01868793161801334,0.03936626518554836,0.5590108085932951,0.8293131311759074,0.6351688791982583,8,2,0.8944271909999159,2500,OverICA,iid,False,5
7,1,1001,27,270001,True,1,False,10,0.0,0.015220341738313437,0.014905058888869418,0.013148048583149646,0.023662871562765805,0.5525524349492826,0.8334229845108119,0.6106832122449551,8,2,0.8944271909999159,2500,OverICA,iid,False,5
6,7,7001,29,290001,True,42,False,10,0.4360938733849045,0.04290455300360918,0.3534435008814366,0.2016725169819895,0.6908390110793441,1.8038269012048942,0.2977962649591417,0.6240922966186596,8,2,0.8944271909999159,2500,OverICA,iid,False,5
6,8,8001,24,240001,True,52,False,10,0.9756608042233618,0.06569524621590972,0.1790619895776528,0.08830071433006922,0.44114940124552443,1.1370589849015333,0.26957751240298494,0.5097499868775373,8,2,0.8944271909999159,2500,OverICA,iid,False,5
6,5,5001,20,200001,True,82,False,10,0.7728411772570831,0.09846426406875253,0.13441565852453616,0.07960279924265534,0.314062222377349,0.8212322983205507,0.635679669917111,0.7105414019647478,8,2,0.8944271909999159,2500,OverICA,iid,False,5
7,1,1001,28,280001,True,1,False,10,0.0,0.01371297100558877,0.023396992145502497,0.02170511150477874,0.030895007703385054,0.5324036220515412,0.8470988082502245,0.6213387383265715,8,2,0.8944271909999159,2500,OverICA,iid,False,5
6,6,6001,27,270001,True,33,False,10,0.7223999091148399,0.05493807513266802,0.15945199358802545,0.09178668875715616,0.430506040086608,0.7032981671017394,0.730604203472667,0.47291533054558993,8,2,0.8944271909999159,2500,OverICA,iid,False,5
7,0,1,9,90001,True,1,False,10,0.0,0.017240139190107584,0.027473762999664728,0.02162732940392111,0.05241570833466139,0.5134577215145656,0.8589381193642439,0.6274538108116372,8,2,0.8944271909999159,2500,OverICA,iid,False,5
6,8,8001,12,120001,True,13,False,10,0.12986617002233414,0.0269719660282135,0.06447132587150384,0.04086466482644436,0.1376608232160837,0.558006571751509,0.8298704550935302,0.46266817632313123,8,2,0.8944271909999159,2500,OverICA,iid,False,5
7,2,2001,15,150001,True,1,False,10,0.0,0.008821472991257906,0.017591712341182914,0.01370392815609134,0.03181727160628777,0.5522021345683813,0.8340481249570273,0.625314329254203,8,2,0.8944271909999159,2500,OverICA,iid,False,5
7,2,2001,8,80001,True,1,False,10,0.0,0.011422826908528805,0.08518120418846226,0.037661996964228714,0.2418474809992767,0.5503471109643965,0.8350475044638046,0.6799471358089334,8,2,0.8944271909999159,2500,OverICA,iid,False,5
6,9,9001,15,150001,True,44,False,10,0.8850068338542072,0.028560946229845285,0.1755514290467119,0.07927177020526434,0.4631394724304898,0.7656089590272641,0.676917277637265,0.4678808913367546,8,2,0.8944271909999159,2500,OverICA,iid,False,5
7,3,3001,1,10001,True,1,False,10,0.0,0.004668070003390312,0.07182373897254835,0.03572402436259909,0.2010096696857683,0.550689677682723,0.8349013804673608,0.7063001629869224,8,2,0.8944271909999159,2500,OverICA,iid,False,5
7,2,2001,27,270001,True,1,False,10,0.0,0.005466364789754152,0.04334388944935632,0.030337552934936014,0.10244064611347214,1.4117006766156432,0.03759899098712351,0.6551545983198177,8,2,0.8944271909999159,2500,OverICA,iid,False,5
5,8,8001,12,120001,True,137,False,10,0.9966573444157544,0.1852406240068376,0.3244245041368646,0.21532951015017998,0.5588677930533664,1.183439395939798,0.3601454050540968,0.48052169710845954,8,2,0.8944271909999159,2500,OverICA,iid,False,5
6,1,1001,18,180001,True,64,False,10,0.9847645484685986,0.10276322672143579,0.23697913738426818,0.12516817705641192,0.6992349370182389,0.9479435223899142,0.43543872635017566,0.5966592857782811,8,2,0.8944271909999159,2500,OverICA,iid,False,5
7,2,2001,26,260001,True,1,False,10,0.0,0.008312397170811892,0.2955958944502099,0.13130026236727782,0.9408348067033773,0.797067960440446,0.6070030893862726,1.3561923580715616,8,2,0.8944271909999159,2500,OverICA,iid,False,5
7,3,3001,3,30001,True,1,False,10,0.0,0.00425359234213829,0.0641308053702212,0.04345272269237219,0.1288714641351937,1.454024470845069,0.010885967080453867,0.6795025791689802,8,2,0.8944271909999159,2500,OverICA,iid,False,5
6,8,8001,4,40001,True,41,False,10,0.9976324277964014,0.03026406466960907,0.19124298469241272,0.11226302700292506,0.39550848933857674,1.1784990511967803,0.2705658691458024,0.47075093535650947,8,2,0.8944271909999159,2500,OverICA,iid,False,5
7,3,3001,0,1,True,1,False,10,0.0,0.008646593894809484,0.028930079118142972,0.020207316187200834,0.07212199335520325,0.5597052120534551,0.8301353777210081,0.6544601408316989,8,2,0.8944271909999159,2500,OverICA,iid,False,5
7,2,2001,22,220001,True,1,False,10,0.0,0.008019217755645514,0.11846031317751657,0.05690963401742134,0.33791894142214424,0.5710701752007197,0.8214117702651503,0.7367411026277616,8,2,0.8944271909999159,2500,OverICA,iid,False,5
7,2,2001,20,200001,True,1,False,10,0.0,0.012512780260294676,0.13665448673205985,0.061382482333746546,0.3942699317429341,0.584703187008867,0.8113449715758773,0.729899409377141,8,2,0.8944271909999159,2500,OverICA,iid,False,5
7,0,1,15,150001,True,1,False,10,0.0,0.00404050387442112,0.019554490243731713,0.01675198010616721,0.03542589511103195,0.5482768206502167,0.8367936634512302,0.6152951188948433,8,2,0.8944271909999159,2500,OverICA,iid,False,5
6,8,8001,22,220001,True,47,False,10,0.7297527065449317,0.019617652986198664,0.06237731316034307,0.03694011035064595,0.14506683787788235,0.6464884609466856,0.76926519830676,0.5339745966088844,8,2,0.8944271909999159,2500,OverICA,iid,False,5
7,2,2001,12,120001,True,1,False,10,0.0,0.01739713689312339,0.03834649327546041,0.02691512366092391,0.06597504918079783,0.5490267325370535,0.8360611790920794,0.633191879821581,8,2,0.8944271909999159,2500,OverICA,iid,False,5
7,3,3001,13,130001,True,1,False,10,0.0,0.005669832695275545,0.048915366395550816,0.038514062382348786,0.11383885321006894,0.5354721665005057,0.8455464845482596,0.6129140314455656,8,2,0.8944271909999159,2500,OverICA,iid,False,5
6,8,8001,27,270001,True,35,False,10,0.7223999091148399,0.036792642902582884,0.15156754650383694,0.08574638414455163,0.39778991809075614,0.6997647683474953,0.736768420779581,0.48987541303233795,8,2,0.8944271909999159,2500,OverICA,iid,False,5
7,2,2001,19,190001,True,1,False,10,0.0,0.018358872272074223,0.02115895817555901,0.01878795643432856,0.031257510765248096,0.5513988556767282,0.8347690371336752,0.6450392833072572,8,2,0.8944271909999159,2500,OverICA,iid,False,5
7,3,3001,15,150001,True,1,False,10,0.0,0.005502954125404358,0.08295479530055022,0.03749773041682702,0.2348755278885218,0.5528113921274906,0.8334076030864269,0.677921975864051,8,2,0.8944271909999159,2500,OverICA,iid,False,5
7,0,1,12,120001,True,1,False,10,0.0,0.01948159420862794,0.07727226389209121,0.04167054322933833,0.20983740207891283,1.3935918790980297,0.012188595242494951,0.7231984989742969,8,2,0.8944271909999159,2500,OverICA,iid,False,5
6,9,9001,23,230001,True,41,False,10,0.7304764199161407,0.02935394085943699,0.210847583339634,0.12216470328086068,0.5715457098999657,1.4151700472621367,0.015364194169664957,0.5257511892773051,8,2,0.8944271909999159,2500,OverICA,iid,False,5
7,3,3001,17,170001,True,1,False,10,0.0,0.004441631026566029,0.041495782576592734,0.025868628590860965,0.10734985269116393,0.5735164683057844,0.8192216915592158,0.6416690956510529,8,2,0.8944271909999159,2500,OverICA,iid,False,5
6,7,7001,6,60001,True,45,False,10,0.9043416724419242,0.058178285136818886,0.1459120217678768,0.08056885829724537,0.41153998540622244,1.1258185379179608,0.3611098505964911,0.4653446711643944,8,2,0.8944271909999159,2500,OverICA,iid,False,5
7,3,3001,16,160001,True,1,False,10,0.0,0.007028435356914997,0.018545095904672133,0.013868275195170207,0.039927156752090236,0.5497838862653452,0.8363920675599463,0.6137216566647453,8,2,0.8944271909999159,2500,OverICA,iid,False,5
7,3,3001,14,140001,True,1,False,10,0.0,0.00782210985198617,0.054566960605016854,0.032482193541437346,0.14557630125871018,0.5484696134289538,0.8362949571925662,0.6297057892330681,8,2,0.8944271909999159,2500,OverICA,iid,False,5
7,1,1001,13,130001,True,1,False,10,0.0,0.005459704902023077,0.03454224030886619,0.029151228920164883,0.06850090545424888,0.5329218552577448,0.8478424080669872,0.6392867408730121,8,2,0.8944271909999159,2500,OverICA,iid,False,5
7,0,1,22,220001,True,1,False,10,0.0,0.016543174162507057,0.06189737411899731,0.03581270794719096,0.16509157122305948,0.5584894648208061,0.8306282097491093,0.6608322901527837,8,2,0.8944271909999159,2500,OverICA,iid,False,5
7,1,1001,15,150001,True,1,False,10,0.0,0.005569143686443567,0.0716942795766448,0.03648781429904632,0.19955899598897445,0.5649607008433624,0.8252138990991913,0.6945207044043705,8,2,0.8944271909999159,2500,OverICA,iid,False,5
7,1,1001,9,90001,True,1,False,10,0.0,0.006168091204017401,0.06138227197310462,0.03444662836154725,0.16795482197800085,0.5124383994627296,0.8599867684487815,0.6458896784489242,8,2,0.8944271909999159,2500,OverICA,iid,False,5
5,5,5001,1,10001,True,153,False,10,0.9616997664995592,0.2834703801199794,0.3176543028306628,0.1563604467730741,0.46979822332797794,0.9457340582902213,0.4685851280199224,0.4853429539614074,8,2,0.8944271909999159,2500,OverICA,iid,False,5
7,3,3001,21,210001,True,1,False,10,0.0,0.003354898188263178,0.025271579701822096,0.01889265014443571,0.04898975513713457,0.5330856865152245,0.8468627605714576,0.6197128292705952,8,2,0.8944271909999159,2500,OverICA,iid,False,5
7,1,1001,3,30001,True,1,False,10,0.0,0.007252733688801527,0.06052044812804232,0.0357321927583382,0.16427674095742,0.577871480499176,0.8180196780981275,0.7080231816366924,8,2,0.8944271909999159,2500,OverICA,iid,False,5
7,3,3001,19,190001,True,1,False,10,0.0,0.004492931067943573,0.033049250481892216,0.019091602032247766,0.08598739238295681,0.5748391409209136,0.8190179277282853,0.6422140407711404,8,2,0.8944271909999159,2500,OverICA,iid,False,5
7,0,1,13,130001,True,1,False,10,0.0,0.024226863868534565,0.08490334597753724,0.04901620721274144,0.23162570115920758,0.5495169190765105,0.8359973515498875,0.681248610348989,8,2,0.8944271909999159,2500,OverICA,iid,False,5
6,7,7001,26,260001,True,41,False,10,0.12197100488326128,0.05430107982829213,0.2443974069715003,0.11945235511420146,0.7086457203841243,0.6685790780474081,0.7707397744378407,0.6219133766198139,8,2,0.8944271909999159,2500,OverICA,iid,False,5
7,3,3001,4,40001,True,1,False,10,0.0,0.01577327912673354,0.07890161513753416,0.05673556183692974,0.1493704226694825,1.402901187370796,0.03214081399895707,0.9922021013703474,8,2,0.8944271909999159,2500,OverICA,iid,False,5
7,3,3001,22,220001,True,1,False,10,0.0,0.004433910828083754,0.05071610143623043,0.02505931046639267,0.14129546706913182,0.5579026540745597,0.8307849477895441,0.6591875892086578,8,2,0.8944271909999159,2500,OverICA,iid,False,5
7,1,1001,2,20001,True,1,False,10,0.0,0.011893413960933685,0.08839240202199025,0.046700602202614315,0.2398606948720566,1.433344554523661,0.005437558237539982,0.6901374079918916,8,2,0.8944271909999159,2500,OverICA,iid,False,5
7,1,1001,7,70001,True,1,False,10,0.0,0.006956924684345722,0.044303625471245126,0.02890218998392443,0.11425736809582027,0.5377299961277928,0.8434859577144374,0.6361833673994871,8,2,0.8944271909999159,2500,OverICA,iid,False,5
7,3,3001,20,200001,True,1,False,10,0.0,0.005829012952744961,0.018636598371277867,0.014371789956627183,0.03677041616276429,0.5365626780775374,0.8445422986761547,0.6102177824045568,8,2,0.8944271909999159,2500,OverICA,iid,False,5
6,8,8001,18,180001,True,64,False,10,0.9847645484685986,0.09021144825965166,0.22645368618670583,0.10311237338700688,0.6703839772436953,0.9403107327581177,0.43895530057379323,0.6033312763254455,8,2,0.8944271909999159,2500,OverICA,iid,False,5
7,3,3001,24,240001,True,1,False,10,0.0,0.005396055057644844,0.02076408080051155,0.016832453940684562,0.03684774772706879,0.5506804902581164,0.8353016594576206,0.6118448420515775,8,2,0.8944271909999159,2500,OverICA,iid,False,5
6,3,3001,15,150001,True,74,False,10,0.8850068338542072,0.0804614913649857,0.11429960094758142,0.0549684726025264,0.32202301147084106,1.0758121692853067,0.3530922437721875,0.6369584958138387,8,2,0.8944271909999159,2500,OverICA,iid,False,5
7,3,3001,26,260001,True,1,False,10,0.0,0.005194116849452257,0.0844540212778945,0.04615494479621837,0.23323302095172713,1.4341506150787422,0.00603437736080125,0.694895848354127,8,2,0.8944271909999159,2500,OverICA,iid,False,5
6,0,1,24,240001,True,56,False,10,0.9756608042233618,0.18332269694656134,0.23406335607855594,0.11187702171474405,0.6383782839695501,1.3046065296673663,0.33931092160991744,0.578353024124708,8,2,0.8944271909999159,2500,OverICA,iid,False,5
7,4,4001,6,60001,True,1,False,10,0.0,0.003237979020923376,0.029678359747668786,0.021244392474527148,0.06960319227467987,0.5534327108005912,0.8331082626762752,0.6359759573278113,8,2,0.8944271909999159,2500,OverICA,iid,False,5
6,7,7001,11,110001,True,73,False,10,0.796218031912889,0.06725887581706047,0.11349031031271652,0.07501594839235856,0.20763592609474207,1.0943368172618617,0.3622859613568339,0.6721392990006966,8,2,0.8944271909999159,2500,OverICA,iid,False,5
6,9,9001,7,70001,True,13,False,10,0.33421176238479766,0.022987191565334797,0.21979858430094934,0.14272615028189076,0.41487922341219136,1.1250948066759388,0.3763812064653812,0.4736908722001608,8,2,0.8944271909999159,2500,OverICA,iid,False,5
6,8,8001,11,110001,True,52,False,10,0.796218031912889,0.054827127140015364,0.1064867156670281,0.05357280769678539,0.30057639864588553,0.7030619261348838,0.728480376538371,0.5134407972336169,8,2,0.8944271909999159,2500,OverICA,iid,False,5
7,3,3001,29,290001,True,1,False,10,0.0,0.005518993828445673,0.02189409834522864,0.016344940953657613,0.045736887226890656,0.5457086378292055,0.8380326701828268,0.6302881181703405,8,2,0.8944271909999159,2500,OverICA,iid,False,5
6,4,4001,1,10001,True,44,False,10,0.8171814259906187,0.06855775695294142,0.084782821106095,0.0459586789234763,0.23150684850267111,1.0474327251434745,0.3775341564252171,0.4731796164869265,8,2,0.8944271909999159,2500,OverICA,iid,False,5
7,4,4001,1,10001,True,1,False,10,0.0,0.005078496877104044,0.15033752766132605,0.0742881992774114,0.4329609649111749,0.585722316028319,0.8110997908002369,0.8052883965015839,8,2,0.8944271909999159,2500,OverICA,iid,False,5
7,1,1001,21,210001,True,1,False,10,0.0,0.004718439187854528,0.10941773767121053,0.05538000431117969,0.2595652485759584,0.5555803788780955,0.8319143586642923,0.701389569987651,8,2,0.8944271909999159,2500,OverICA,iid,False,5
6,9,9001,9,90001,True,42,False,10,0.8414217898554804,0.04802399966865778,0.13068771187284206,0.055890785996613665,0.35301926252325466,0.6892796054732061,0.7346855522507102,0.46033531648591763,8,2,0.8944271909999159,2500,OverICA,iid,False,5
7,4,4001,8,80001,True,1,False,10,0.0,0.003982014022767544,0.08952326030645778,0.04063041319239871,0.25353291621004526,0.5654583773929172,0.8253944324644072,0.6837883384071247,8,2,0.8944271909999159,2500,OverICA,iid,False,5
6,9,9001,28,280001,True,61,False,10,0.9537230138052385,0.076309978030622,0.19162314820669643,0.09650827796095088,0.2852189024796273,0.9017688837784967,0.5170144645375547,0.5711035155291632,8,2,0.8944271909999159,2500,OverICA,iid,False,5
7,4,4001,9,90001,True,1,False,10,0.0,0.003951393999159336,0.08803746866844363,0.04221565558653331,0.248161642094634,0.5178272185441892,0.855473011955935,0.7003089939797921,8,2,0.8944271909999159,2500,OverICA,iid,False,5
5,9,9001,14,140001,True,147,False,10,0.947438904593053,0.1836461336351931,0.3471384310150733,0.23178861619439212,0.47472451302428187,1.1101794096220887,0.41779168306946296,0.4791610122922351,8,2,0.8944271909999159,2500,OverICA,iid,False,5
7,4,4001,12,120001,True,1,False,10,0.0,0.0039274138398468494,0.05426225708428828,0.027394382242468644,0.1514661095903518,0.5618296361600712,0.8271330463700677,0.6538129091604052,8,2,0.8944271909999159,2500,OverICA,iid,False,5
6,9,9001,29,290001,True,29,False,10,0.4360938733849045,0.013089385814964771,0.015256093344169224,0.012895479742889515,0.024970545784138952,0.5791042104589379,0.8162019937686081,0.4909015742113138,8,2,0.8944271909999159,2500,OverICA,iid,False,5
7,4,4001,7,70001,True,1,False,10,0.0,0.005788673181086779,0.05842510926536504,0.03205483480930596,0.15681356925984752,0.5393675452122482,0.842198718809164,0.660649433035216,8,2,0.8944271909999159,2500,OverICA,iid,False,5
6,8,8001,15,150001,True,43,False,10,0.8850068338542072,0.058506152126938105,0.13386630628188453,0.07041855778365565,0.37098561484913195,0.7164160357532032,0.7091131121119225,0.4394305488432209,8,2,0.8944271909999159,2500,OverICA,iid,False,5
7,4,4001,16,160001,True,1,False,10,0.0,0.00357193686068058,0.037666058528478846,0.017630620902951758,0.10438744146932928,0.5522587400581328,0.8342248416695578,0.6316661850726217,8,2,0.8944271909999159,2500,OverICA,iid,False,5
7,4,4001,19,190001,True,1,False,10,0.0,0.003942664247006178,0.07894694815756274,0.04253320440336268,0.2133239105052473,1.4547088424834258,0.018670660659654642,0.6846013458368405,8,2,0.8944271909999159,2500,OverICA,iid,False,5
7,1,1001,26,260001,True,1,False,10,0.0,0.005964941345155239,0.051156155356159375,0.03345553937780177,0.08220245207126757,0.5756317931869026,0.8179459038468541,0.6426220172369241,8,2,0.8944271909999159,2500,OverICA,iid,False,5
3,9,9001,18,180001,True,149,False,10,0.9998427436914263,0.8604168561287224,0.43306545857033446,0.36332112416359874,0.7202366038286045,1.0565965112538946,0.3036941460898864,0.5009072783474234,8,2,0.8944271909999159,2500,OverICA,iid,False,5
6,9,9001,17,170001,True,15,False,10,0.06716879130594611,0.00970930838957429,0.12561237911104267,0.08002724745473308,0.2522074006146446,1.0215077282664804,0.41260688377777355,0.46613660512950816,8,2,0.8944271909999159,2500,OverICA,iid,False,5
7,4,4001,17,170001,True,1,False,10,0.0,0.004870608914643526,0.02411196047785684,0.016638290451439067,0.05810275524489529,0.5707389891977979,0.8212128418287815,0.635046006734629,8,2,0.8944271909999159,2500,OverICA,iid,False,5
6,9,9001,10,100001,True,42,False,10,0.919003158812585,0.02540882583707571,0.17195278416326223,0.08549418737444628,0.38224937835887,0.7696124054847433,0.6595962462083655,0.43816617591547785,8,2,0.8944271909999159,2500,OverICA,iid,False,5
6,1,1001,22,220001,True,55,False,10,0.7297527065449317,0.10842808010056615,0.1863230363757545,0.12598899781522757,0.45365081627923526,1.1522497019148794,0.33763441746043543,0.6971510136244866,8,2,0.8944271909999159,2500,OverICA,iid,False,5
7,4,4001,0,1,True,1,False,10,0.0,0.009404780343174934,0.08362470257498913,0.03898803872717475,0.23657504104669383,0.5740875233457591,0.8191617699516176,0.6913050098453721,8,2,0.8944271909999159,2500,OverICA,iid,False,5
6,5,5001,9,90001,True,41,False,10,0.8414217898554804,0.06797936093062162,0.12182580230084822,0.05928394423786448,0.3193948010614868,0.6702526347736256,0.7470216266821439,0.436853763033633,8,2,0.8944271909999159,2500,OverICA,iid,False,5
7,4,4001,21,210001,True,1,False,10,0.0,0.004302732180804014,0.015452961334886538,0.012443873917889384,0.026636404710302607,0.5226362548094832,0.8527447778478241,0.6191546870723561,8,2,0.8944271909999159,2500,OverICA,iid,False,5
7,0,1,7,70001,True,1,False,10,0.0,0.03987415274605155,0.017056794761803815,0.013219950562814532,0.03801873174354692,0.535737847087316,0.8451946651220066,0.6293572597227025,8,2,0.8944271909999159,2500,OverICA,iid,False,5
7,4,4001,15,150001,True,1,False,10,0.0,0.005492194090038538,0.10926180400139462,0.04633602874765059,0.3129942823461395,0.5601200039555603,0.8284362074433096,0.7421155839522078,8,2,0.8944271909999159,2500,OverICA,iid,False,5
6,9,9001,26,260001,True,29,False,10,0.12197100488326128,0.017959244083613157,0.07332686829802001,0.05082144023862793,0.17830844108847868,0.9885662708624858,0.4317838800265724,0.5275199055212952,8,2,0.8944271909999159,2500,OverICA,iid,False,5
7,3,3001,10,100001,True,1,False,10,0.0,0.019206746015697718,0.06373930621278108,0.03892526361482554,0.1678970127301758,0.5524905456905242,0.8337937418399969,0.6648854718017676,8,2,0.8944271909999159,2500,OverICA,iid,False,5
7,4,4001,29,290001,True,1,False,10,0.0,0.0033382889814674854,0.013251069471251289,0.012036163015247922,0.021357551743457135,0.5582328971224018,0.8304761436784739,0.6180234120570636,8,2,0.8944271909999159,2500,OverICA,iid,False,5
7,4,4001,27,270001,True,1,False,10,0.0,0.0035265269689261913,0.07534241670319743,0.03473125009426879,0.21260569891835945,0.5404873031289669,0.8417396876340747,0.6851158216647819,8,2,0.8944271909999159,2500,OverICA,iid,False,5
7,4,4001,20,200001,True,1,False,10,0.0,0.005391424987465143,0.024447736389562883,0.0188340949155047,0.05121843270639674,0.5474985406707038,0.8374535999744429,0.6346086208668796,8,2,0.8944271909999159,2500,OverICA,iid,False,5
7,2,2001,5,50001,True,1,False,10,0.0,0.0057191732339560986,0.02133574158254638,0.018585319768086736,0.03826091437411529,0.517087868001521,0.8564673727496698,0.6314522759783299,8,2,0.8944271909999159,2500,OverICA,iid,False,5
7,1,1001,0,1,True,1,False,10,0.0,0.00573350302875042,0.15802452586036014,0.06245308315379874,0.4630671074102928,0.5978871052028882,0.8024061525020356,0.8264457427921854,8,2,0.8944271909999159,2500,OverICA,iid,False,5
7,4,4001,14,140001,True,1,False,10,0.0,0.00743067217990756,0.015491111919646984,0.0112300479253488,0.03418718798922518,0.5487014198782347,0.8365241459326355,0.635502384565965,8,2,0.8944271909999159,2500,OverICA,iid,False,5
7,0,1,2,20001,True,1,False,10,0.0,0.017070078756660223,0.035940424480420466,0.0259215318813623,0.059313466045056856,0.5337961046203413,0.8459946754104428,0.6277378520610306,8,2,0.8944271909999159,2500,OverICA,iid,False,5
7,4,4001,13,130001,True,1,False,10,0.0,0.007511151023209095,0.026820785624522316,0.021827811964798816,0.04234468674035347,0.5269241462370522,0.8505251829330558,0.6322205920528273,8,2,0.8944271909999159,2500,OverICA,iid,False,5
7,1,1001,14,140001,True,1,False,10,0.0,0.026298569981008768,0.03806429244882837,0.02448320410088435,0.09999286882724769,0.5449597313646314,0.8387596050400483,0.6284389859829878,8,2,0.8944271909999159,2500,OverICA,iid,False,5
7,5,5001,5,50001,True,1,False,10,0.0,0.0032458286732435226,0.049975666649104744,0.028069226976489434,0.13580312871563982,0.5602576799153943,0.8284257114690579,0.6482899604949158,8,2,0.8944271909999159,2500,OverICA,iid,False,5
7,2,2001,3,30001,True,1,False,10,0.0,0.005856492090970278,0.10553744693389217,0.050760698067177326,0.2986111829577422,0.5770058550415043,0.8172742486962158,0.7059236780210395,8,2,0.8944271909999159,2500,OverICA,iid,False,5
7,1,1001,22,220001,True,1,False,10,0.0,0.01569158909842372,0.15215414634447036,0.07157299421008272,0.44063066793840716,0.5887061833328602,0.8083492969532806,0.7846524317482887,8,2,0.8944271909999159,2500,OverICA,iid,False,5
7,4,4001,25,250001,True,1,False,10,0.0,0.005377866327762604,0.014992577650272135,0.009982283556181058,0.0355049638449766,0.5347294552005311,0.8451417566806777,0.6223097034991096,8,2,0.8944271909999159,2500,OverICA,iid,False,5
7,2,2001,16,160001,True,1,False,10,0.0,0.005105047021061182,0.01602975691776189,0.012269547594052363,0.028238565504322185,0.5375835268467773,0.8436635031124434,0.6119571460170616,8,2,0.8944271909999159,2500,OverICA,iid,False,5
7,4,4001,24,240001,True,1,False,10,0.0,0.005186126101762056,0.04691857791460262,0.02653508263960603,0.06757936063909259,0.5443096496821316,0.8389358260458135,0.6409934580460253,8,2,0.8944271909999159,2500,OverICA,iid,False,5
7,5,5001,4,40001,True,1,False,10,0.0,0.004083354026079178,0.056829633914097205,0.032114260509976705,0.1563956987907915,0.552192345870877,0.8347854442428915,0.6611832288169771,8,2,0.8944271909999159,2500,OverICA,iid,False,5
6,6,6001,3,30001,True,43,False,10,0.9892594493911565,0.0612837839871645,0.3240581280560515,0.24381978905615814,0.7176557181868775,1.0535728741911843,0.33076608669141533,0.5186006918575614,8,2,0.8944271909999159,2500,OverICA,iid,False,5
7,2,2001,14,140001,True,1,False,10,0.0,0.0056429640389978886,0.07523511748928512,0.042280210079394934,0.20651694387308991,0.5530176298332252,0.8337220357306212,0.6660579873905685,8,2,0.8944271909999159,2500,OverICA,iid,False,5
7,2,2001,17,170001,True,1,False,10,0.0,0.005508183967322111,0.04285927768197743,0.022358308021991926,0.1178374885910387,0.5702630035794095,0.8219106388721429,0.6240690715345545,8,2,0.8944271909999159,2500,OverICA,iid,False,5
7,0,1,14,140001,True,1,False,10,0.0,0.004016953986138105,0.07432581971015867,0.039042821884283416,0.20538381150083707,0.5493504664351684,0.8364035039039956,0.6660322517311579,8,2,0.8944271909999159,2500,OverICA,iid,False,5
7,5,5001,6,60001,True,1,False,10,0.0,0.0038765347562730312,0.10786221037531737,0.05292930527797979,0.30330614418672674,0.5667711785834285,0.8241445623371312,0.6928014212764395,8,2,0.8944271909999159,2500,OverICA,iid,False,5
7,0,1,1,10001,True,1,False,10,0.0,0.022996211890131235,0.09429731619594492,0.05029667953190767,0.22702309640615412,0.566125119190348,0.8241922164393694,0.7022581112228505,8,2,0.8944271909999159,2500,OverICA,iid,False,5
6,7,7001,17,170001,True,91,False,10,0.06716879130594611,0.04989259783178568,0.3403941958343281,0.2101439216909984,0.6539165480906948,1.2253399079875145,0.4804097139838269,1.0208102668755925,8,2,0.8944271909999159,2500,OverICA,iid,False,5
7,2,2001,6,60001,True,1,False,10,0.0,0.007362693082541227,0.01872146103440669,0.015998512271574433,0.03344582827916069,0.5596639361721786,0.8292299789177648,0.6172775736669167,8,2,0.8944271909999159,2500,OverICA,iid,False,5
7,4,4001,23,230001,True,1,False,10,0.0,0.008266455959528685,0.04225060420663266,0.028321151377008955,0.10658955447708747,0.5199589268656835,0.854968463246363,0.6410297214637202,8,2,0.8944271909999159,2500,OverICA,iid,False,5
7,4,4001,10,100001,True,1,False,10,0.0,0.008645904716104269,0.03128446356962646,0.02274405058646163,0.0724972643853806,0.5588941707698083,0.8292910545456459,0.6243474697667943,8,2,0.8944271909999159,2500,OverICA,iid,False,5
7,2,2001,18,180001,True,1,False,10,0.0,0.0044852509163320065,0.0325890721043533,0.024344250012422682,0.06050550458503503,0.551363946130105,0.8348195646722295,0.6357016552159642,8,2,0.8944271909999159,2500,OverICA,iid,False,5
7,4,4001,28,280001,True,1,False,10,0.0,0.007979159243404865,0.011976569630727078,0.009898968415858642,0.024656322518610538,0.5396221716665982,0.8424461767316368,0.6123103218396929,8,2,0.8944271909999159,2500,OverICA,iid,False,5
6,9,9001,0,1,True,64,False,10,0.781252508076162,0.03650540392845869,0.13886754281600566,0.08196543468376091,0.3474031577844394,1.1593491491121226,0.2827119593592249,0.7118759987120559,8,2,0.8944271909999159,2500,OverICA,iid,False,5
7,5,5001,18,180001,True,1,False,10,0.0,0.004162183962762356,0.0330534682050007,0.026504046678080206,0.05888062493822303,0.559734343029055,0.8289569426639695,0.6215214487649733,8,2,0.8944271909999159,2500,OverICA,iid,False,5
7,5,5001,9,90001,True,1,False,10,0.0,0.005078036803752184,0.11768577064455986,0.05331926403624418,0.3262912432396094,1.4607146697199465,0.04424596774136671,0.7293102784991332,8,2,0.8944271909999159,2500,OverICA,iid,False,5
6,9,9001,19,190001,True,53,False,10,0.1366828721148782,0.027474992908537388,0.305524163762102,0.17334921908361384,0.6125702366153136,0.9109118593814751,0.6277640232278566,0.7200788484396802,8,2,0.8944271909999159,2500,OverICA,iid,False,5
7,0,1,25,250001,True,1,False,10,0.0,0.010282733011990786,0.03358597966204534,0.02318924331665749,0.07283189403066836,0.5284647640097876,0.8492469711454912,0.6479060060082779,8,2,0.8944271909999159,2500,OverICA,iid,False,5
6,7,7001,19,190001,True,32,False,10,0.1366828721148782,0.04919531336054206,0.2421939356282674,0.15730806155205862,0.570166123488631,1.1247519204426988,0.31079421492820264,0.5643559796572728,8,2,0.8944271909999159,2500,OverICA,iid,False,5
7,5,5001,22,220001,True,1,False,10,0.0,0.004500641021877527,0.056419982558362156,0.038628812520176685,0.1453488333738049,0.5478295827486757,0.8370963018180297,0.6447886135629688,8,2,0.8944271909999159,2500,OverICA,iid,False,5
7,0,1,0,1,True,1,False,10,0.0,0.004525620955973864,0.06179845974453588,0.0318363493528427,0.17187006813478983,0.5697392172022131,0.8221289167106779,0.6491733541139735,8,2,0.8944271909999159,2500,OverICA,iid,False,5
7,4,4001,4,40001,True,1,False,10,0.0,0.013461343012750149,0.03193735608446833,0.02185175918511301,0.07957525259562219,0.555546635730255,0.8314411789062408,0.6263371516879507,8,2,0.8944271909999159,2500,OverICA,iid,False,5
7,2,2001,23,230001,True,1,False,10,0.0,0.0045188614167273045,0.07327768063778732,0.03747106959905752,0.20361028419325147,1.3854176670922542,0.03578490334480088,0.6721428279225935,8,2,0.8944271909999159,2500,OverICA,iid,False,5
7,5,5001,27,270001,True,1,False,10,0.0,0.004360822029411793,0.038117334597160574,0.02495416140436027,0.09823503940837715,0.5576897533784351,0.8305551499787743,0.6351094464325895,8,2,0.8944271909999159,2500,OverICA,iid,False,5
7,3,3001,25,250001,True,1,False,10,0.0,0.01825509173795581,0.025176165541682293,0.019037613388354305,0.05121744308167393,0.5481612570730794,0.8374437096808138,0.6352884845029289,8,2,0.8944271909999159,2500,OverICA,iid,False,5
7,6,6001,11,110001,True,1,False,10,0.0,0.005138476844877005,0.05314180180119208,0.03003652028865106,0.14525273737411773,0.5599882548643959,0.8285907869214116,0.6471646515946295,8,2,0.8944271909999159,2500,OverICA,iid,False,5
7,5,5001,20,200001,True,1,False,10,0.0,0.005322624929249287,0.042037265562285375,0.023881890919228297,0.11181882117657392,0.5429983015894514,0.8399329281976372,0.6265491117984475,8,2,0.8944271909999159,2500,OverICA,iid,False,5
7,5,5001,25,250001,True,1,False,10,0.0,0.007837418932467699,0.02297737463798683,0.017469692998270878,0.04754706082417321,0.5201549584545929,0.8546867899403551,0.6261421946889874,8,2,0.8944271909999159,2500,OverICA,iid,False,5
7,6,6001,10,100001,True,1,False,10,0.0,0.00593474181368947,0.02707574919099958,0.02353311177348545,0.04796534193854144,0.5557897420456105,0.8316626123234584,0.639599233700275,8,2,0.8944271909999159,2500,OverICA,iid,False,5
7,6,6001,2,20001,True,1,False,10,0.0,0.006903826259076595,0.13476306732597657,0.06806747638753803,0.38177756054877865,0.5756159251149597,0.8177196015027522,0.7925792953723083,8,2,0.8944271909999159,2500,OverICA,iid,False,5
7,5,5001,11,110001,True,1,False,10,0.0,0.00980944698676467,0.018000154287726885,0.013217088820109413,0.03672766528019431,0.5427215532746502,0.8410356990703325,0.6197946545034207,8,2,0.8944271909999159,2500,OverICA,iid,False,5
7,6,6001,16,160001,True,1,False,10,0.0,0.005003038328140974,0.03653057468539198,0.020997467806242485,0.09699969448931782,0.556288165465096,0.8311393263725187,0.6377481600761563,8,2,0.8944271909999159,2500,OverICA,iid,False,5
7,1,1001,4,40001,True,1,False,10,0.0,0.0055140838958323,0.028349460559476458,0.022592921230575026,0.06229796031571836,0.6044550988684824,0.8098629261739438,0.7964260592258032,8,2,0.8944271909999159,2500,OverICA,iid,False,5
7,1,1001,10,100001,True,1,False,10,0.0,0.00416300306096673,0.08982569101117144,0.045153131630959645,0.2525365833470823,0.554248422329142,0.8333990522606551,0.6815113761312849,8,2,0.8944271909999159,2500,OverICA,iid,False,5
7,6,6001,8,80001,True,1,False,10,0.0,0.007347032893449068,0.032091298868630595,0.020596365479514846,0.08159794331214583,0.5434324536710041,0.8395115917321404,0.6362553758504397,8,2,0.8944271909999159,2500,OverICA,iid,False,5
6,7,7001,9,90001,True,40,False,10,0.8414217898554804,0.058714990969747305,0.17727564740866925,0.08085997182566584,0.49210371572996836,0.734206521479868,0.7011068718183564,0.46095924618549605,8,2,0.8944271909999159,2500,OverICA,iid,False,5
7,1,1001,1,10001,True,1,False,10,0.0,0.012525708880275488,0.07065369734959076,0.0399706395205999,0.19351660746697,1.416008304608538,0.009807862478150155,0.6756869265687545,8,2,0.8944271909999159,2500,OverICA,iid,False,5
7,5,5001,17,170001,True,1,False,10,0.0,0.010475152172148228,0.3208761284831351,0.1535617920079179,0.8780326936045947,0.9506295476168259,0.4966486240212526,1.3503554734813907,8,2,0.8944271909999159,2500,OverICA,iid,False,5
7,1,1001,5,50001,True,1,False,10,0.0,0.0064397393725812435,0.015608567221446297,0.013144989561080681,0.02684394329399505,0.5415989277522489,0.8413040416850488,0.621526884661718,8,2,0.8944271909999159,2500,OverICA,iid,False,5
6,9,9001,20,200001,True,36,False,10,0.7728411772570831,0.03353110421448946,0.07372140149564936,0.04366648258732751,0.15450979537850998,0.6589394011416336,0.7522214813573933,0.4563244672899117,8,2,0.8944271909999159,2500,OverICA,iid,False,5
7,1,1001,11,110001,True,1,False,10,0.0,0.0052177561447024345,0.06902146736782346,0.0322790880478628,0.1940828400032798,0.5446224819563111,0.838653909737082,0.6666346341689656,8,2,0.8944271909999159,2500,OverICA,iid,False,5
7,7,7001,12,120001,True,1,False,10,0.0,0.005046166945248842,0.028231440990420117,0.025773788561347964,0.037620855317184815,1.4104067104837479,0.012188595242494951,0.6481347357923881,8,2,0.8944271909999159,2500,OverICA,iid,False,5
6,2,2001,3,30001,True,56,False,10,0.9892594493911565,0.11898173158988357,0.22893492066006438,0.10325453938800086,0.7013924822166115,0.9386888173741559,0.477723264100122,0.5529724560632812,8,2,0.8944271909999159,2500,OverICA,iid,False,5
7,5,5001,7,70001,True,1,False,10,0.0,0.01763030607253313,0.04957364118945344,0.0343283495436184,0.11705305537013606,0.538200352550779,0.843684292293633,0.6394995085318124,8,2,0.8944271909999159,2500,OverICA,iid,False,5
6,5,5001,16,160001,True,23,False,10,0.31829061705927036,0.07971031637862325,0.037987604894073455,0.022822248368717303,0.10102532254698698,0.5582385641425187,0.8296778933867996,0.4919924302294128,8,2,0.8944271909999159,2500,OverICA,iid,False,5
7,0,1,17,170001,True,1,False,10,0.0,0.029195801820605993,0.10938732815447595,0.05137003095835307,0.311172973859976,0.5891393842202908,0.8105882041759939,0.7806377508346138,8,2,0.8944271909999159,2500,OverICA,iid,False,5
7,1,1001,8,80001,True,1,False,10,0.0,0.007382613141089678,0.023520456596129377,0.015268234303310223,0.05927841953404963,0.5440581523346941,0.8398119941928144,0.6266013385589518,8,2,0.8944271909999159,2500,OverICA,iid,False,5
6,9,9001,22,220001,True,56,False,10,0.7297527065449317,0.03801934514194727,0.06456601116587586,0.05053109659742561,0.11884897346241925,1.0466864079968614,0.38242111903801684,0.5641090108111905,8,2,0.8944271909999159,2500,OverICA,iid,False,5
7,4,4001,3,30001,True,1,False,10,0.0,0.004865759052336216,0.09617302992238864,0.04446139607188288,0.2726025935791962,0.5765841580929826,0.8171967608894047,0.6909313887797415,8,2,0.8944271909999159,2500,OverICA,iid,False,5
7,7,7001,9,90001,True,1,False,10,0.0,0.0077657997608184814,0.030750479277857016,0.024316548472046957,0.04891150252138701,0.5221649538254735,0.8538510160069506,0.6348665779451268,8,2,0.8944271909999159,2500,OverICA,iid,False,5
7,1,1001,18,180001,True,1,False,10,0.0,0.006847256328910589,0.04105522947400026,0.03091387980282987,0.08182311134683103,0.5503227724599818,0.8357602902938773,0.6220458469484731,8,2,0.8944271909999159,2500,OverICA,iid,False,5
6,8,8001,20,200001,True,74,False,10,0.7728411772570831,0.02780417026951909,0.13574266348915218,0.08023292005466837,0.32233516419198927,0.8491299155725782,0.6085319061418413,0.7234261895113296,8,2,0.8944271909999159,2500,OverICA,iid,False,5
7,1,1001,25,250001,True,1,False,10,0.0,0.0052035157568752766,0.021696369657726648,0.014937017866230487,0.051078111877141986,0.5482861405128049,0.8372836317829344,0.6243939713128204,8,2,0.8944271909999159,2500,OverICA,iid,False,5
7,4,4001,11,110001,True,1,False,10,0.0,0.004074474330991507,0.05592381242755431,0.027490168993439888,0.15524925480469468,0.5403360953390033,0.84167692461032,0.6523761794980236,8,2,0.8944271909999159,2500,OverICA,iid,False,5
7,5,5001,29,290001,True,1,False,10,0.0,0.01914970576763153,0.2452782407861634,0.10344645984423059,0.23799151945886635,0.6822058777957282,0.7355563723797183,1.1376776860992281,8,2,0.8944271909999159,2500,OverICA,iid,False,5
7,6,6001,4,40001,True,1,False,10,0.0,0.018476651050150394,0.028439508442085017,0.019254679307087737,0.07287604805002677,0.5537869514984659,0.8328265602115553,0.6486992479552504,8,2,0.8944271909999159,2500,OverICA,iid,False,5
7,1,1001,19,190001,True,1,False,10,0.0,0.009957104921340942,0.0811319065246197,0.048470650481294925,0.2213875754594023,0.5774281804160182,0.8172396966970802,0.6687568619977088,8,2,0.8944271909999159,2500,OverICA,iid,False,5
6,4,4001,3,30001,True,61,False,10,0.9892594493911565,0.0953065948560834,0.19049874138067865,0.10090034551581623,0.5330952527763801,0.8668826445021804,0.5811946127715408,0.5157594591661591,8,2,0.8944271909999159,2500,OverICA,iid,False,5
7,3,3001,27,270001,True,1,False,10,0.0,0.007050585001707077,0.021392995217395464,0.018469708404368408,0.03567641523084827,0.5439784204623952,0.8390774572343125,0.6385810944478606,8,2,0.8944271909999159,2500,OverICA,iid,False,5
7,0,1,20,200001,True,1,False,10,0.0,0.006163279991596937,0.022167825035571694,0.018267079575562162,0.036040624079583104,0.551260731079986,0.8352954904403983,0.6287031747937338,8,2,0.8944271909999159,2500,OverICA,iid,False,5
5,8,8001,21,210001,True,148,False,10,0.9942478343957997,0.18163042794913054,0.24097178954540832,0.154611422557932,0.6370801847815595,1.0986567816029063,0.3302622155812906,0.4865560282585564,8,2,0.8944271909999159,2500,OverICA,iid,False,5
7,7,7001,18,180001,True,1,False,10,0.0,0.0048893289640545845,0.2165576166141274,0.10614264414874977,0.45687246198510006,0.6615954621404029,0.7529712261414867,1.112135097516499,8,2,0.8944271909999159,2500,OverICA,iid,False,5
3,7,7001,28,280001,True,193,False,10,0.9537230138052385,0.9229986919090152,0.17314635279236776,0.12600509315096448,0.3497379398961418,0.9873855917853293,0.3053598073179491,0.5126717616985603,8,2,0.8944271909999159,2500,OverICA,iid,False,5
7,2,2001,10,100001,True,1,False,10,0.0,0.004267822951078415,0.039251295811680666,0.029011681027159824,0.09284822103726345,1.3922860158362176,0.02552915501949903,0.6473288143110488,8,2,0.8944271909999159,2500,OverICA,iid,False,5
7,2,2001,9,90001,True,1,False,10,0.0,0.005929022096097469,0.0578386804021937,0.03218656681990689,0.158491823403709,0.5258426772464214,0.8510991443425947,0.6532231658521809,8,2,0.8944271909999159,2500,OverICA,iid,False,5
7,0,1,16,160001,True,1,False,10,0.0,0.012128142174333334,0.032746327527997096,0.01964598506945984,0.0853002728162718,0.546876820907687,0.8387735358471761,0.6279808599640574,8,2,0.8944271909999159,2500,OverICA,iid,False,5
6,7,7001,5,50001,True,23,False,10,0.36779785059055936,0.0471538663841784,0.045639060811686345,0.030472687023101887,0.09514833808288142,0.5672594221113858,0.8241397823599497,0.48353659462032295,8,2,0.8944271909999159,2500,OverICA,iid,False,5
6,2,2001,4,40001,True,59,False,10,0.9976324277964014,0.13525138702243567,0.3107288462585734,0.16288306909064146,0.39304648850821244,0.9724330662244787,0.3345959231043265,0.6657198417320989,8,2,0.8944271909999159,2500,OverICA,iid,False,5
7,7,7001,1,10001,True,1,False,10,0.0,0.014498546719551086,0.030501096118632793,0.019422695092218757,0.07979109313412004,0.5609798996042119,0.8282876087271742,0.6459595008838145,8,2,0.8944271909999159,2500,OverICA,iid,False,5
7,2,2001,11,110001,True,1,False,10,0.0,0.0059744506143033504,0.0556606870507601,0.029488037688990776,0.1516850879412121,0.5419600788405587,0.8402724631432191,0.6397361332585436,8,2,0.8944271909999159,2500,OverICA,iid,False,5
6,9,9001,8,80001,True,50,False,10,0.9522616095427329,0.05277011031284928,0.1782665291995031,0.08421597174524925,0.5239715987176295,0.8368797715445306,0.6152192083005165,0.5106455009299286,8,2,0.8944271909999159,2500,OverICA,iid,False,5
7,3,3001,28,280001,True,1,False,10,0.0,0.008914252277463675,0.028281111899149912,0.02032186801935787,0.05284086831424023,0.5477808200418974,0.8366640349619832,0.64824815839821,8,2,0.8944271909999159,2500,OverICA,iid,False,5
7,2,2001,7,70001,True,1,False,10,0.0,0.005799062084406614,0.02812666835021876,0.01962520075780566,0.06147248166802031,0.5371828849904827,0.8446523161511166,0.6377409814894544,8,2,0.8944271909999159,2500,OverICA,iid,False,5
7,7,7001,24,240001,True,1,False,10,0.0,0.005023858044296503,0.05466555725296694,0.03263951360972028,0.08761705865056607,0.5657510635175972,0.824679803597203,0.6652692332615702,8,2,0.8944271909999159,2500,OverICA,iid,False,5
7,0,1,19,190001,True,1,False,10,0.0,0.01379085099324584,0.050625721568365735,0.03413171638946631,0.13222616556987044,0.578895567846792,0.8157280077379113,0.6352007281927375,8,2,0.8944271909999159,2500,OverICA,iid,False,5
7,0,1,27,270001,True,1,False,10,0.0,0.005319416057318449,0.024376332100899133,0.019730432872630634,0.05265718886385778,0.543085825361835,0.8403487347165999,0.6246238029843584,8,2,0.8944271909999159,2500,OverICA,iid,False,5
7,7,7001,29,290001,True,1,False,10,0.0,0.010042126290500164,0.05070729897630785,0.025043797980750543,0.14127628360926647,0.5416858321089945,0.8406861733370571,0.6518571512859946,8,2,0.8944271909999159,2500,OverICA,iid,False,5
6,2,2001,20,200001,True,82,False,10,0.7728411772570831,0.0994904083199799,0.1689263238791018,0.09697170321989414,0.3877392287602045,0.8480582419476694,0.6058144773449667,0.7267832539637444,8,2,0.8944271909999159,2500,OverICA,iid,False,5
7,7,7001,23,230001,True,1,False,10,0.0,0.011059819255024195,0.08676435864464084,0.04315632670675627,0.24304523754828797,1.3662070467588363,0.010560760213138908,0.6988831716255368,8,2,0.8944271909999159,2500,OverICA,iid,False,5
7,3,3001,8,80001,True,1,False,10,0.0,0.0039870948530733585,0.06440163621295159,0.028957005524447632,0.18188886089532985,0.554052541441022,0.8330412211966188,0.6757715288959486,8,2,0.8944271909999159,2500,OverICA,iid,False,5
7,8,8001,9,90001,True,1,False,10,0.0,0.008145737927407026,0.020911063711756626,0.01807241037446494,0.03235214889882885,0.5239980897557055,0.8522718176493986,0.6204232839757087,8,2,0.8944271909999159,2500,OverICA,iid,False,5
7,2,2001,24,240001,True,1,False,10,0.0,0.007942178752273321,0.03685077724897474,0.018246219676427797,0.10105521468091477,0.5642846198015662,0.8258327287554182,0.6434835102962034,8,2,0.8944271909999159,2500,OverICA,iid,False,5
7,5,5001,15,150001,True,1,False,10,0.0,0.006327249109745026,0.014706460529622434,0.012117716979823327,0.0267293264643793,0.5368152855555125,0.8439500230062382,0.631384368985493,8,2,0.8944271909999159,2500,OverICA,iid,False,5
7,8,8001,17,170001,True,1,False,10,0.0,0.008546085096895695,0.06464527051096412,0.03341433413040944,0.17986712708878322,0.5775765157696106,0.8165393381114102,0.6559131241202686,8,2,0.8944271909999159,2500,OverICA,iid,False,5
7,4,4001,2,20001,True,1,False,10,0.0,0.016303975135087967,0.04947920472118271,0.032301232705436715,0.1235436048143075,0.5370491671933917,0.8442608919704734,0.6606519600450365,8,2,0.8944271909999159,2500,OverICA,iid,False,5
7,8,8001,10,100001,True,1,False,10,0.0,0.011430935934185982,0.047928321257130556,0.028747031797401654,0.12877176520929345,0.5325200000934327,0.8465693734084503,0.6369018741819067,8,2,0.8944271909999159,2500,OverICA,iid,False,5
7,8,8001,26,260001,True,1,False,10,0.0,0.003977403976023197,0.028342243278230636,0.021841698333373193,0.04775196659489641,1.439841961760619,0.00603437736080125,0.6505464254451931,8,2,0.8944271909999159,2500,OverICA,iid,False,5
7,3,3001,6,60001,True,1,False,10,0.0,0.0043922909535467625,0.03163761080054815,0.020802057922283006,0.08072517422719425,0.5710649507617571,0.8212697340480196,0.6457714723392436,8,2,0.8944271909999159,2500,OverICA,iid,False,5
5,9,9001,10,100001,True,122,False,10,0.919003158812585,0.21014787396416068,0.2885865971383233,0.19698600048525403,0.48078457942634173,1.3400535911527627,0.18889533160186378,0.47548797980353547,8,2,0.8944271909999159,2500,OverICA,iid,False,5
7,8,8001,18,180001,True,1,False,10,0.0,0.011050188913941383,0.08100827416868152,0.043688242804141186,0.22076455941961703,0.5648255150203677,0.8253136634776364,0.6850139891027344,8,2,0.8944271909999159,2500,OverICA,iid,False,5
7,6,6001,1,10001,True,1,False,10,0.0,0.005029177758842707,0.0302573866416683,0.020677343297942363,0.07138581598591592,0.5493661518237684,0.8360143798387522,0.6271027354924165,8,2,0.8944271909999159,2500,OverICA,iid,False,5
7,7,7001,27,270001,True,1,False,10,0.0,0.018887147773057222,0.03875288622765556,0.026283837920247636,0.09056203645960728,1.4027615553473907,0.03759899098712351,0.6434446023326991,8,2,0.8944271909999159,2500,OverICA,iid,False,5
7,3,3001,9,90001,True,1,False,10,0.0,0.004730429034680128,0.033659288052749516,0.020838034687101735,0.0862163289096829,0.5173658234610968,0.8562258632783606,0.6635590987317231,8,2,0.8944271909999159,2500,OverICA,iid,False,5
7,8,8001,0,1,True,1,False,10,0.0,0.018276081886142492,0.040473880448044966,0.022598965071024088,0.10779935207849731,0.5585744883601679,0.8300239805620733,0.6291420087460309,8,2,0.8944271909999159,2500,OverICA,iid,False,5
7,8,8001,1,10001,True,1,False,10,0.0,0.01791941374540329,0.02894303816578172,0.019919782074412876,0.06935384724802564,0.5557416543913828,0.8314511909419368,0.63281600246012,8,2,0.8944271909999159,2500,OverICA,iid,False,5
7,7,7001,28,280001,True,1,False,10,0.0,0.017042509745806456,0.03356560198596164,0.02709950852972431,0.07243399970007883,0.5563847269709116,0.8308648576446195,0.6379763344337679,8,2,0.8944271909999159,2500,OverICA,iid,False,5
7,2,2001,29,290001,True,1,False,10,0.0,0.006231340114027262,0.07929010073029684,0.037531576710496596,0.22211565416254297,0.5546387697669674,0.8322055286249264,0.6595081117582382,8,2,0.8944271909999159,2500,OverICA,iid,False,5
7,6,6001,0,1,True,1,False,10,0.0,0.0054703750647604465,0.09144675850442516,0.04267039685761624,0.2583301486613656,0.57474808501224,0.8184643407567574,0.7042307511510878,8,2,0.8944271909999159,2500,OverICA,iid,False,5
7,9,9001,3,30001,True,1,False,10,0.0,0.003856235183775425,0.07112900075575312,0.043524679881845565,0.1794214416207612,0.5675514283386378,0.8236787377272357,0.6470595347074697,8,2,0.8944271909999159,2500,OverICA,iid,False,5
7,8,8001,22,220001,True,1,False,10,0.0,0.008680764120072126,0.08280324092991508,0.03766591173842281,0.23452128829417102,0.5553541034074874,0.8317999708382591,0.6564757863364875,8,2,0.8944271909999159,2500,OverICA,iid,False,5
7,9,9001,2,20001,True,1,False,10,0.0,0.004111642949283123,0.02812633086711244,0.021502215226537048,0.04885892583192607,0.5426010032861902,0.841483226572636,0.6413799539524454,8,2,0.8944271909999159,2500,OverICA,iid,False,5
6,6,6001,20,200001,True,33,False,10,0.7728411772570831,0.059785365127027035,0.3602541756417337,0.17794263587432052,0.6229803552082741,5.796948179078755,0.483052760561379,0.5412612417119634,8,2,0.8944271909999159,2500,OverICA,iid,False,5
7,6,6001,18,180001,True,1,False,10,0.0,0.03552022995427251,0.018789428506108992,0.01322752031617075,0.04371356315419613,0.5597757405450268,0.8295179649657561,0.6314816324592634,8,2,0.8944271909999159,2500,OverICA,iid,False,5
7,1,1001,23,230001,True,1,False,10,0.0,0.032500500325113535,0.026809722151230377,0.022186814649333107,0.0514821822549347,1.3788151229697279,0.010560760213138908,0.6419463415235191,8,2,0.8944271909999159,2500,OverICA,iid,False,5
7,6,6001,13,130001,True,1,False,10,0.0,0.004770159721374512,0.06175626045961859,0.04075375913861253,0.1580357658745723,0.5409334730003437,0.8412362201026498,0.660189802998276,8,2,0.8944271909999159,2500,OverICA,iid,False,5
7,6,6001,23,230001,True,1,False,10,0.0,0.004068434238433838,0.02643261395983427,0.017135629937015544,0.04873492665008477,1.387000605463155,0.010560760213138908,0.6279651240685207,8,2,0.8944271909999159,2500,OverICA,iid,False,5
7,3,3001,11,110001,True,1,False,10,0.0,0.00647483766078949,0.03497812256725834,0.021740923010118138,0.09209117298685392,0.537476351124015,0.8436783693747713,0.641709122186034,8,2,0.8944271909999159,2500,OverICA,iid,False,5
7,6,6001,26,260001,True,1,False,10,0.0,0.004059063736349344,0.03584731692614157,0.02192327797449788,0.0893593796172499,0.5633447694183971,0.8270353922058447,0.6355556354111718,8,2,0.8944271909999159,2500,OverICA,iid,False,5
6,6,6001,22,220001,True,65,False,10,0.7297527065449317,0.06362218922004104,0.15581730394061627,0.10570337498996388,0.35487581524487005,1.1213120517020496,0.35155095332544206,0.6935127622233506,8,2,0.8944271909999159,2500,OverICA,iid,False,5
7,2,2001,25,250001,True,1,False,10,0.0,0.012377459555864334,0.017283443182667425,0.015674095465161915,0.02634559310667645,0.5338546872263261,0.846316368044374,0.6282967466837535,8,2,0.8944271909999159,2500,OverICA,iid,False,5
7,9,9001,0,1,True,1,False,10,0.0,0.008039137814193964,0.12338813356504282,0.05632777712623645,0.3534983688881422,0.5813932909989995,0.8136462745028934,0.7437214748233487,8,2,0.8944271909999159,2500,OverICA,iid,False,5
7,3,3001,18,180001,True,1,False,10,0.0,0.004759529139846563,0.041461926728286996,0.026173163412021798,0.09935235288643254,0.5440939605755104,0.8398974235701966,0.6218510025617792,8,2,0.8944271909999159,2500,OverICA,iid,False,5
7,6,6001,15,150001,True,1,False,10,0.0,0.006242900155484676,0.019955690351392805,0.016036919210422395,0.041326928764577955,0.542776437747241,0.841136504414948,0.6471116838221115,8,2,0.8944271909999159,2500,OverICA,iid,False,5
7,3,3001,5,50001,True,1,False,10,0.0,0.00897218193858862,0.04653956807432866,0.029331563730627102,0.11657017933927145,0.563403478973825,0.8266644313788787,0.6534344251286264,8,2,0.8944271909999159,2500,OverICA,iid,False,5
7,9,9001,8,80001,True,1,False,10,0.0,0.005124796647578478,0.08039977054000344,0.05236901814949864,0.17407508832384083,1.4308812879458852,0.019598631921265066,0.7874072744967162,8,2,0.8944271909999159,2500,OverICA,iid,False,5
7,5,5001,16,160001,True,1,False,10,0.0,0.011141068302094936,0.03002282957757497,0.021536506980361095,0.06666752885443153,0.5526912034724331,0.8340125752413498,0.6402896382539705,8,2,0.8944271909999159,2500,OverICA,iid,False,5
7,9,9001,11,110001,True,1,False,10,0.0,0.004082772880792618,0.03187930880732582,0.018106906959316885,0.08582612524437967,0.5451829196161673,0.8386752743703841,0.6081968860698335,8,2,0.8944271909999159,2500,OverICA,iid,False,5
7,9,9001,9,90001,True,1,False,10,0.0,0.0048958477564156055,0.03687848332034112,0.02143644180992365,0.09630377536306682,0.5119461829320942,0.8602249195819933,0.6291211420869042,8,2,0.8944271909999159,2500,OverICA,iid,False,5
7,6,6001,27,270001,True,1,False,10,0.0,0.005031137727200985,0.04136657881243679,0.031188940746371088,0.0975966198435787,0.5571362428044048,0.8311203853754358,0.6415646294715792,8,2,0.8944271909999159,2500,OverICA,iid,False,5
7,9,9001,14,140001,True,1,False,10,0.0,0.004029843956232071,0.03819395165729005,0.027550176245612748,0.09010323907737539,0.536274723341076,0.8443065837883981,0.6321677839671823,8,2,0.8944271909999159,2500,OverICA,iid,False,5
7,9,9001,15,150001,True,1,False,10,0.0,0.003954084124416113,0.037190860127872455,0.02659964108316209,0.08958245758162513,0.5515101222051793,0.8351578959010861,0.6341304233593535,8,2,0.8944271909999159,2500,OverICA,iid,False,5
7,9,9001,1,10001,True,1,False,10,0.0,0.009367119986563921,0.024538746520574573,0.018237884803348474,0.043389652312296315,1.4139291417332571,0.009807862478150155,0.6385840802529469,8,2,0.8944271909999159,2500,OverICA,iid,False,5
7,6,6001,20,200001,True,1,False,10,0.0,0.0072896829806268215,0.031757467242235576,0.02232133569769367,0.07693839847977542,0.5380338594193943,0.8439965190995505,0.6268456839958377,8,2,0.8944271909999159,2500,OverICA,iid,False,5
7,9,9001,22,220001,True,1,False,10,0.0,0.004440152086317539,0.029795744813332713,0.021375156717050783,0.06741812588141319,0.5533607943366398,0.8333530890136113,0.6360996689711694,8,2,0.8944271909999159,2500,OverICA,iid,False,5
7,4,4001,26,260001,True,1,False,10,0.0,0.017123239114880562,0.02223810816489414,0.016571279049659673,0.04743267403709503,0.5745446374093969,0.8188372673053073,0.6197348278523827,8,2,0.8944271909999159,2500,OverICA,iid,False,5
7,6,6001,29,290001,True,1,False,10,0.0,0.005088428035378456,0.08879981444777835,0.04473427751805412,0.1797691727168807,1.4625959158195816,0.008572942683332514,0.6923616919734076,8,2,0.8944271909999159,2500,OverICA,iid,False,5
7,9,9001,16,160001,True,1,False,10,0.0,0.006290310062468052,0.03654620021863065,0.018382505652357776,0.10075739025791897,0.5475052792041688,0.8375910591591365,0.6286416467620807,8,2,0.8944271909999159,2500,OverICA,iid,False,5
7,6,6001,5,50001,True,1,False,10,0.0,0.010147785302251577,0.02649238827523764,0.019787520594768945,0.06085087435214117,0.5404748438381246,0.8415241073488935,0.6336084134061479,8,2,0.8944271909999159,2500,OverICA,iid,False,5
7,3,3001,12,120001,True,1,False,10,0.0,0.0036307559348642826,0.014343494692656653,0.01039409646142496,0.02853989935290255,0.5642483569508213,0.8253752497093406,0.624477649894991,8,2,0.8944271909999159,2500,OverICA,iid,False,5
7,9,9001,17,170001,True,1,False,10,0.0,0.0054108151234686375,0.061030161562685814,0.03371908424239626,0.16413853423192692,0.5647637637463283,0.8252730658379838,0.63830663516847,8,2,0.8944271909999159,2500,OverICA,iid,False,5
7,9,9001,12,120001,True,1,False,10,0.0,0.008031098172068596,0.013708783883956714,0.009521782623147405,0.030577483512054738,0.54900225167355,0.8359974010992773,0.6358314416639219,8,2,0.8944271909999159,2500,OverICA,iid,False,5
7,7,7001,7,70001,True,1,False,10,0.0,0.004459370858967304,0.040525476066809334,0.031465279097726576,0.08997932462656438,0.5375291053815805,0.8440466893559991,0.6306256589334786,8,2,0.8944271909999159,2500,OverICA,iid,False,5
7,9,9001,18,180001,True,1,False,10,0.0,0.007296872790902853,0.04177515304175108,0.030556022906344803,0.08704746303171314,0.5532823371061373,0.8334717608257551,0.633630907891321,8,2,0.8944271909999159,2500,OverICA,iid,False,5
7,8,8001,29,290001,True,1,False,10,0.0,0.008664044085890055,0.1526201083651778,0.06710614975536885,0.1797313179042397,0.5842963313971343,0.8116463508303979,0.8177937247598441,8,2,0.8944271909999159,2500,OverICA,iid,False,5
6,5,5001,4,40001,True,64,False,10,0.9976324277964014,0.18233268288895488,0.23848546977970805,0.10139534244315183,0.3976372639526164,0.9459898555838119,0.44387784784438716,0.5891420464576,8,2,0.8944271909999159,2500,OverICA,iid,False,5
7,5,5001,0,1,True,1,False,10,0.0,0.014405226800590754,0.017772871022749565,0.01186363729348971,0.04473152740933486,0.5618420229956186,0.827756496873561,0.6163993569081009,8,2,0.8944271909999159,2500,OverICA,iid,False,5
7,7,7001,10,100001,True,1,False,10,0.0,0.004498561378568411,0.02131931696096493,0.01604083836769662,0.04367252617447411,0.5437733004010353,0.8394210527781738,0.6397484230281055,8,2,0.8944271909999159,2500,OverICA,iid,False,5
7,8,8001,4,40001,True,1,False,10,0.0,0.020855184644460678,0.07468502469558874,0.04243357627795293,0.1862866073755034,1.4042904533925897,0.03214081399895707,0.688347259403289,8,2,0.8944271909999159,2500,OverICA,iid,False,5
7,6,6001,28,280001,True,1,False,10,0.0,0.005172255914658308,0.01681632582915238,0.014402048431123464,0.029487921506566005,0.5525044607123364,0.8336762404377238,0.6350910657103618,8,2,0.8944271909999159,2500,OverICA,iid,False,5
8,0,1,2,20001,True,0,False,10,0.0,0.005527394358068705,0.010602816288132786,0.00832831705155343,0.020072627960078783,0.0,1.0,8.701071256379704,8,2,0.8944271909999159,2500,OverICA,iid,False,5
8,0,1,10,100001,True,0,False,10,0.0,0.0038730050437152386,0.01220856768476991,0.010048884588841032,0.020337694770709975,0.0,1.0,8.738554542717623,8,2,0.8944271909999159,2500,OverICA,iid,False,5
7,9,9001,24,240001,True,1,False,10,0.0,0.007544161286205053,0.03066345237297409,0.021589473197682292,0.07509832917078361,0.556662558230594,0.8308225183777581,0.6331669586579047,8,2,0.8944271909999159,2500,OverICA,iid,False,5
7,7,7001,13,130001,True,1,False,10,0.0,0.004501751158386469,0.06164613110053345,0.04409987615284211,0.15408707335094193,0.5558081602910528,0.8318962486492958,0.6659185645929301,8,2,0.8944271909999159,2500,OverICA,iid,False,5
7,1,1001,6,60001,True,1,False,10,0.0,0.009545918088406324,0.07432036484897638,0.03854543749911716,0.20621137521864252,0.5582243909460971,0.8297669084347286,0.6666046768148346,8,2,0.8944271909999159,2500,OverICA,iid,False,5
7,9,9001,28,280001,True,1,False,10,0.0,0.007608761079609394,0.04180533421177193,0.02265958841983086,0.11336741749333953,0.5574978757151975,0.8307266487680917,0.6302317416908062,8,2,0.8944271909999159,2500,OverICA,iid,False,5
8,0,1,14,140001,True,0,False,10,0.0,0.004145652987062931,0.008914416684501865,0.007092496059523842,0.015458909901244301,0.0,1.0,8.863539901928984,8,2,0.8944271909999159,2500,OverICA,iid,False,5
7,6,6001,14,140001,True,1,False,10,0.0,0.00972913671284914,0.08538004035821135,0.04475044758693683,0.23679613318415826,0.5636059078856557,0.8261781310705679,0.671907894556677,8,2,0.8944271909999159,2500,OverICA,iid,False,5
7,7,7001,3,30001,True,1,False,10,0.0,0.006988124921917915,0.045912387532355256,0.029563596865620163,0.11747768571634114,0.5725007615025678,0.8198622600336918,0.6541304134742038,8,2,0.8944271909999159,2500,OverICA,iid,False,5
8,0,1,13,130001,True,0,False,10,0.0,0.0053006852976977825,0.006640034843560807,0.006161069877657084,0.010579791173463488,0.0,1.0,8.673030841491569,8,2,0.8944271909999159,2500,OverICA,iid,False,5
7,9,9001,25,250001,True,1,False,10,0.0,0.00885739317163825,0.02227988964548015,0.017288552392133307,0.050767661368601745,0.5353768795779641,0.8455966629993082,0.6179159703116733,8,2,0.8944271909999159,2500,OverICA,iid,False,5
7,7,7001,0,1,True,1,False,10,0.0,0.010440973099321127,0.08550733627027003,0.04414304869678204,0.23942864799740507,0.5655989965213427,0.8252012714823243,0.6632994431780606,8,2,0.8944271909999159,2500,OverICA,iid,False,5
7,9,9001,21,210001,True,1,False,10,0.0,0.015039703343063593,0.11434946304731435,0.06674646886052438,0.240658582008459,1.3899707923241795,0.03736651725788397,0.8673905654208176,8,2,0.8944271909999159,2500,OverICA,iid,False,5
8,1,1001,1,10001,True,0,False,10,0.0,0.0046811290085315704,0.00941074640830115,0.008350263833398095,0.01480339289578397,0.0,1.0,8.874761282778914,8,2,0.8944271909999159,2500,OverICA,iid,False,5
6,8,8001,6,60001,True,73,False,10,0.9043416724419242,0.05742085864767432,0.1803445083344035,0.11099628330077978,0.45305313802168623,1.2110554232224953,0.33145367512081847,0.6560997326527808,8,2,0.8944271909999159,2500,OverICA,iid,False,5
7,6,6001,22,220001,True,1,False,10,0.0,0.011396896094083786,0.09014839730989678,0.05264951704252198,0.24421472512542575,0.5514841802902785,0.8342687979380858,0.6790096693820397,8,2,0.8944271909999159,2500,OverICA,iid,False,5
8,1,1001,2,20001,True,0,False,10,0.0,0.005295215640217066,0.010999597771730464,0.008986615726909598,0.01767744635634172,0.0,1.0,8.70558036413535,8,2,0.8944271909999159,2500,OverICA,iid,False,5
6,6,6001,23,230001,True,82,False,10,0.7304764199161407,0.07692457363009453,0.052277094372370186,0.0368425573219971,0.1307495437467052,1.4118672808283725,0.008467851001563139,0.7548953200816803,8,2,0.8944271909999159,2500,OverICA,iid,False,5
7,9,9001,13,130001,True,1,False,10,0.0,0.01767270639538765,0.10286604499724278,0.06078794019302802,0.283825842440478,0.5399990031347407,0.8419427244161108,0.6976619244250043,8,2,0.8944271909999159,2500,OverICA,iid,False,5
6,9,9001,6,60001,True,74,False,10,0.9043416724419242,0.0500240670517087,0.24534208261973275,0.135729939528605,0.6682147750748751,0.9466245370686746,0.4584501704390189,0.6963410626284982,8,2,0.8944271909999159,2500,OverICA,iid,False,5
8,0,1,11,110001,True,0,False,10,0.0,0.011778883170336485,0.015141074350955679,0.011747559258084714,0.031048441526464562,0.0,1.0,8.516631921438357,8,2,0.8944271909999159,2500,OverICA,iid,False,5
7,2,2001,28,280001,True,1,False,10,0.0,0.005825472064316273,0.03027449038750177,0.02522155251397855,0.06387143750284782,0.5476562492219064,0.8365353029028896,0.6305984882705407,8,2,0.8944271909999159,2500,OverICA,iid,False,5
7,7,7001,2,20001,True,1,False,10,0.0,0.016752151772379875,0.04469961659072893,0.028861150134699268,0.10118529636190303,0.534993644068169,0.8460379480907666,0.6570077949806078,8,2,0.8944271909999159,2500,OverICA,iid,False,5
8,0,1,6,60001,True,0,False,10,0.0,0.009952184744179249,0.012455444327714256,0.011134206032206467,0.022255802194356168,0.0,1.0,8.751740963785272,8,2,0.8944271909999159,2500,OverICA,iid,False,5
8,0,1,1,10001,True,0,False,10,0.0,0.014463576022535563,0.010730009181378007,0.010478518645310835,0.014139612530553,0.0,1.0,8.900911528220767,8,2,0.8944271909999159,2500,OverICA,iid,False,5
8,0,1,12,120001,True,0,False,10,0.0,0.009204540867358446,0.007818849123031633,0.006180415145315491,0.012665257049212541,0.0,1.0,9.289640915059959,8,2,0.8944271909999159,2500,OverICA,iid,False,5
8,0,1,21,210001,True,0,False,10,0.0,0.011003348976373672,0.012524381016528674,0.010474999232651239,0.02122906644237948,0.0,1.0,9.203196314770718,8,2,0.8944271909999159,2500,OverICA,iid,False,5
8,0,1,9,90001,True,0,False,10,0.0,0.011957062873989344,0.013151381902092203,0.012166870342603043,0.02181584075607964,0.0,1.0,9.039355320159107,8,2,0.8944271909999159,2500,OverICA,iid,False,5
8,0,1,17,170001,True,0,False,10,0.0,0.012258251197636127,0.009833359292285175,0.007453405592134148,0.02248489235254812,0.0,1.0,8.517621535532099,8,2,0.8944271909999159,2500,OverICA,iid,False,5
6,6,6001,8,80001,True,64,False,10,0.9522616095427329,0.1439912999048829,0.22789528092552466,0.11627077207370229,0.66304876490129,0.9553795180087048,0.46172525516331797,0.6328309931426953,8,2,0.8944271909999159,2500,OverICA,iid,False,5
8,0,1,3,30001,True,0,False,10,0.0,0.01276022708043456,0.005670204361364597,0.004283713510151618,0.010451191994319774,0.0,1.0,8.496871291354516,8,2,0.8944271909999159,2500,OverICA,iid,False,5
8,1,1001,9,90001,True,0,False,10,0.0,0.0037344959564507008,0.005842598286764916,0.004935500557257158,0.010924253256478486,0.0,1.0,9.238880116993752,8,2,0.8944271909999159,2500,OverICA,iid,False,5
7,5,5001,13,130001,True,1,False,10,0.0,0.005106406752020121,0.1209555428655696,0.07068379937145777,0.3361126589858585,0.562604095711012,0.8270961689698965,0.7570070294318911,8,2,0.8944271909999159,2500,OverICA,iid,False,5
7,7,7001,20,200001,True,1,False,10,0.0,0.012573559302836657,0.06910031528236626,0.03589445085453178,0.18911626831201708,0.5491062977750936,0.8358172466543222,0.6729577126445181,8,2,0.8944271909999159,2500,OverICA,iid,False,5
7,9,9001,26,260001,True,1,False,10,0.0,0.019709692802280188,0.11650611929587319,0.05456194647855431,0.2498753617373053,1.471285744641175,0.014143413802650474,0.7188456299982732,8,2,0.8944271909999159,2500,OverICA,iid,False,5
7,2,2001,21,210001,True,1,False,10,0.0,0.003979604225605726,0.03509524686381862,0.018847784934497208,0.09524162690438194,0.5320324937503709,0.847469189779625,0.6405820443082583,8,2,0.8944271909999159,2500,OverICA,iid,False,5
7,8,8001,8,80001,True,1,False,10,0.0,0.004376932047307491,0.02396923933319136,0.018390045443637724,0.0547796353809451,0.5359442092308319,0.8442696224264189,0.6391972756209947,8,2,0.8944271909999159,2500,OverICA,iid,False,5
7,8,8001,3,30001,True,1,False,10,0.0,0.010452153161168098,0.046119822411459364,0.02859217395713608,0.12257130957392674,0.5631373154720063,0.8267899590377565,0.6358550933544056,8,2,0.8944271909999159,2500,OverICA,iid,False,5
8,0,1,28,280001,True,0,False,10,0.0,0.013257373590022326,0.014880144497979638,0.012203184821665266,0.033475104797713644,0.0,1.0,8.55276092303279,8,2,0.8944271909999159,2500,OverICA,iid,False,5
8,1,1001,8,80001,True,0,False,10,0.0,0.007094593718647957,0.01765332275071671,0.013939643997953492,0.03220088857781134,0.0,1.0,9.24626575509424,8,2,0.8944271909999159,2500,OverICA,iid,False,5
7,3,3001,2,20001,True,1,False,10,0.0,0.003961484879255295,0.03346004392332731,0.02627628175228201,0.06857245102231532,0.55279960265049,0.8336771863076897,0.629905505482332,8,2,0.8944271909999159,2500,OverICA,iid,False,5
7,9,9001,20,200001,True,1,False,10,0.0,0.02306374115869403,0.013394209584609323,0.01100946704223186,0.021461935352334864,0.5397016098034533,0.8424112766964403,0.6456165671525183,8,2,0.8944271909999159,2500,OverICA,iid,False,5
7,3,3001,23,230001,True,1,False,10,0.0,0.019832811783999205,0.2845041013889219,0.1316633988943996,0.2566775839216344,0.746558004372674,0.6813372334025865,1.2936897793698088,8,2,0.8944271909999159,2500,OverICA,iid,False,5
7,5,5001,23,230001,True,1,False,10,0.0,0.005638053175061941,0.04821218231286376,0.02798248829089375,0.13072974737576976,0.5520790731022192,0.8339160840451378,0.6475414738737018,8,2,0.8944271909999159,2500,OverICA,iid,False,5
7,8,8001,20,200001,True,1,False,10,0.0,0.004611909855157137,0.3164151287711653,0.1441754065998006,0.49927290159421356,0.8507314124136174,0.5268834395153895,1.539572745564074,8,2,0.8944271909999159,2500,OverICA,iid,False,5
8,0,1,7,70001,True,0,False,10,0.0,0.01780801499262452,0.01262166781499567,0.008974562169024505,0.023851105851227447,0.0,1.0,8.797122188142199,8,2,0.8944271909999159,2500,OverICA,iid,False,5
7,7,7001,19,190001,True,1,False,10,0.0,0.0187198999337852,0.03726740604142486,0.026938669384559195,0.07931995716544611,0.5619749072470132,0.8276736757175988,0.6237273781586004,8,2,0.8944271909999159,2500,OverICA,iid,False,5
7,8,8001,14,140001,True,1,False,10,0.0,0.008587334770709276,0.022318420260024414,0.018283868272327947,0.04717779620249453,0.5511507813663351,0.8353782970890326,0.6290423340478026,8,2,0.8944271909999159,2500,OverICA,iid,False,5
8,1,1001,29,290001,True,0,False,10,0.0,0.006687846966087818,0.008476497468345414,0.0048850764060787795,0.022554446638664072,0.0,1.0,8.497048994113245,8,2,0.8944271909999159,2500,OverICA,iid,False,5
8,2,2001,3,30001,True,0,False,10,0.0,0.005674542859196663,0.010476236851703513,0.008067470507025705,0.019891541065695396,0.0,1.0,8.586314911609213,8,2,0.8944271909999159,2500,OverICA,iid,False,5
7,8,8001,27,270001,True,1,False,10,0.0,0.005010327789932489,0.08385340226725911,0.0407867806164101,0.1796059870918489,0.5589186267944158,0.8300311017872664,0.6980120066717849,8,2,0.8944271909999159,2500,OverICA,iid,False,5
8,2,2001,0,1,True,0,False,10,0.0,0.008445945102721453,0.007380771573401053,0.0060494145929087,0.016131009982849307,0.0,1.0,8.892431942181299,8,2,0.8944271909999159,2500,OverICA,iid,False,5
7,8,8001,25,250001,True,1,False,10,0.0,0.035131672862917185,0.03093032708372406,0.021786512555142305,0.07099062441877488,0.5315916027770747,0.8477300429870137,0.6200055931239461,8,2,0.8944271909999159,2500,OverICA,iid,False,5
8,2,2001,1,10001,True,0,False,10,0.0,0.009342410136014223,0.00883666047020058,0.0058476056481998155,0.020789101157412594,0.0,1.0,8.864163321971175,8,2,0.8944271909999159,2500,OverICA,iid,False,5
8,2,2001,7,70001,True,0,False,10,0.0,0.004940087907016277,0.013041021429060913,0.010314793536266836,0.02826122318536071,0.0,1.0,8.79213149207672,8,2,0.8944271909999159,2500,OverICA,iid,False,5
8,2,2001,10,100001,True,0,False,10,0.0,0.006607417948544025,0.010513845892851027,0.007636310994952516,0.023044656453616804,0.0,1.0,8.688658497418444,8,2,0.8944271909999159,2500,OverICA,iid,False,5
8,1,1001,12,120001,True,0,False,10,0.0,0.01593630714341998,0.01410421894235297,0.01088183608423104,0.02310882729699976,0.0,1.0,9.334122313028253,8,2,0.8944271909999159,2500,OverICA,iid,False,5
7,5,5001,12,120001,True,1,False,10,0.0,0.007612311281263828,0.022299696767358598,0.014678330416844316,0.0557956330855689,0.5471953167597224,0.8374643490332985,0.64507569917889,8,2,0.8944271909999159,2500,OverICA,iid,False,5
7,5,5001,8,80001,True,1,False,10,0.0,0.03763270704075694,0.22685676452509987,0.09378413186090702,0.38436889091974524,0.7039988816077978,0.7132034550902382,1.1820266431922666,8,2,0.8944271909999159,2500,OverICA,iid,False,5
7,8,8001,15,150001,True,1,False,10,0.0,0.015545689966529608,0.02028232124494105,0.0185483544977328,0.029360173500946277,0.5498396234205999,0.8358391356846943,0.612431801133511,8,2,0.8944271909999159,2500,OverICA,iid,False,5
7,5,5001,21,210001,True,1,False,10,0.0,0.006170410197228193,0.08270608963692945,0.04236046618959416,0.22653068324582337,1.4203971968115758,0.002171172500634698,0.7140411327976083,8,2,0.8944271909999159,2500,OverICA,iid,False,5
8,2,2001,6,60001,True,0,False,10,0.0,0.01090924022719264,0.015093724273577972,0.01300644705200868,0.026613710674745727,0.0,1.0,8.88571614378769,8,2,0.8944271909999159,2500,OverICA,iid,False,5
8,2,2001,15,150001,True,0,False,10,0.0,0.0049578179605305195,0.013938764013504355,0.012339337410060935,0.02372362197619679,0.0,1.0,8.896121741692294,8,2,0.8944271909999159,2500,OverICA,iid,False,5
7,8,8001,12,120001,True,1,False,10,0.0,0.01577671803534031,0.014756321048864941,0.012252771840770652,0.025767954203064953,1.410880117500478,0.012188595242494951,0.6301623159218982,8,2,0.8944271909999159,2500,OverICA,iid,False,5
7,9,9001,5,50001,True,1,False,10,0.0,0.004423482343554497,0.09306217829577619,0.04675357764882464,0.17573177614661906,0.5511498141841652,0.8350384657157186,0.6888228779991028,8,2,0.8944271909999159,2500,OverICA,iid,False,5
7,6,6001,19,190001,True,1,False,10,0.0,0.005031878128647804,0.03832854042710725,0.024489494898344163,0.0975008088261347,0.5795760886416598,0.8151017964057824,0.6405219839448074,8,2,0.8944271909999159,2500,OverICA,iid,False,5
7,2,2001,13,130001,True,1,False,10,0.0,0.014428636990487576,0.0933705490623058,0.0574164206674103,0.2501611851999229,0.5432322025287861,0.8399553239317072,0.7009090271448617,8,2,0.8944271909999159,2500,OverICA,iid,False,5
7,5,5001,1,10001,True,1,False,10,0.0,0.013718461152166128,0.06785013252628387,0.03486960543988551,0.18546987223227077,0.5423416022387706,0.8405506308212786,0.6678139089573517,8,2,0.8944271909999159,2500,OverICA,iid,False,5
6,7,7001,3,30001,True,49,False,10,0.9892594493911565,0.09726399183273315,0.24371093642838904,0.12245857877282057,0.751148481354286,0.9547917264253192,0.44416576017667997,0.5668548464947586,8,2,0.8944271909999159,2500,OverICA,iid,False,5
7,3,3001,7,70001,True,1,False,10,0.0,0.007106984965503216,0.03074739320295524,0.023031331233038035,0.06638879088231789,0.5463341119195956,0.8380722034913074,0.6402082794480808,8,2,0.8944271909999159,2500,OverICA,iid,False,5
7,9,9001,7,70001,True,1,False,10,0.0,0.007176123093813658,0.060382354409052846,0.034720086113721196,0.16238252573082107,0.5387137818838215,0.8427159823120279,0.6518949736674,8,2,0.8944271909999159,2500,OverICA,iid,False,5
8,2,2001,5,50001,True,0,False,10,0.0,0.009846115950495005,0.010958489555840155,0.009427343397364198,0.019696993810208098,0.0,1.0,8.794250774018465,8,2,0.8944271909999159,2500,OverICA,iid,False,5
8,2,2001,16,160001,True,0,False,10,0.0,0.006856224965304136,0.009750244452971237,0.007929326292691373,0.01639332078898167,0.0,1.0,8.830885652420585,8,2,0.8944271909999159,2500,OverICA,iid,False,5
7,6,6001,24,240001,True,1,False,10,0.0,0.004543451126664877,0.0595062892025837,0.030160201330045634,0.09733417467159128,0.561739865186657,0.8276782135284872,0.6428768030044928,8,2,0.8944271909999159,2500,OverICA,iid,False,5
6,8,8001,9,90001,True,41,False,10,0.8414217898554804,0.04275795491412282,0.13498073296713578,0.055248323000032996,0.39059065249958874,1.0362534047227705,0.38002028406078253,0.44920835150398286,8,2,0.8944271909999159,2500,OverICA,iid,False,5
8,2,2001,26,260001,True,0,False,10,0.0,0.006948374677449465,0.00889096016415151,0.007255591926636107,0.01501392258546622,0.0,1.0,8.829813211308009,8,2,0.8944271909999159,2500,OverICA,iid,False,5
7,9,9001,19,190001,True,1,False,10,0.0,0.004501200746744871,0.06328960819704377,0.03119789839752292,0.1759953180616543,0.5849881279156246,0.8109725632068807,0.6607402475478222,8,2,0.8944271909999159,2500,OverICA,iid,False,5
7,5,5001,3,30001,True,1,False,10,0.0,0.013458393979817629,0.01166393880815099,0.010812676563303598,0.016666747669220768,0.5514525480579606,0.8346880111572988,0.6037495379508457,8,2,0.8944271909999159,2500,OverICA,iid,False,5
8,2,2001,13,130001,True,0,False,10,0.0,0.012527029030025005,0.01623749724336685,0.01380972087973017,0.03405548874111686,0.0,1.0,8.599877821052493,8,2,0.8944271909999159,2500,OverICA,iid,False,5
7,6,6001,9,90001,True,1,False,10,0.0,0.0103514832444489,0.019293641143525296,0.015526304316739958,0.03626446333609061,0.5205993842923892,0.8542409619575698,0.6173240463732894,8,2,0.8944271909999159,2500,OverICA,iid,False,5
7,7,7001,5,50001,True,1,False,10,0.0,0.003927905112504959,0.08389415015213132,0.04741850805177143,0.22002142876693304,1.4457078405834605,0.0016261716905457892,0.7164179072442053,8,2,0.8944271909999159,2500,OverICA,iid,False,5
8,2,2001,25,250001,True,0,False,10,0.0,0.005890462081879377,0.007262980987345595,0.004993923053285709,0.015404996204065482,0.0,1.0,8.850047780455997,8,2,0.8944271909999159,2500,OverICA,iid,False,5
7,7,7001,15,150001,True,1,False,10,0.0,0.004181931726634502,0.16134146482013953,0.06824879256038072,0.4317835606238185,1.4982980570982602,0.02055030232843263,0.9380534033000273,8,2,0.8944271909999159,2500,OverICA,iid,False,5
8,2,2001,19,190001,True,0,False,10,0.0,0.011020339094102383,0.014223157910416829,0.012489132431178152,0.025616483037572482,0.0,1.0,8.665216297434409,8,2,0.8944271909999159,2500,OverICA,iid,False,5
7,7,7001,8,80001,True,1,False,10,0.0,0.005403295159339905,0.01783806605520139,0.012889906176214183,0.03739913162267843,0.5397840997791722,0.8421643977180382,0.6418593494213949,8,2,0.8944271909999159,2500,OverICA,iid,False,5
6,8,8001,14,140001,True,73,False,10,0.947438904593053,0.11328837927430868,0.24654615075067637,0.1390880052378199,0.429545192601494,0.9407385148979666,0.4516557613197799,0.6546400050345719,8,2,0.8944271909999159,2500,OverICA,iid,False,5
7,5,5001,10,100001,True,1,False,10,0.0,0.016283235047012568,0.09385010495135594,0.047068871986005005,0.14637941246214983,0.5496858266455781,0.8357227374879038,0.692104652155502,8,2,0.8944271909999159,2500,OverICA,iid,False,5
7,4,4001,18,180001,True,1,False,10,0.0,0.023457278963178396,0.05888623811512926,0.03605460515837357,0.15229576214893498,0.5652397462398517,0.8249649952025474,0.6429718250940033,8,2,0.8944271909999159,2500,OverICA,iid,False,5
8,3,3001,3,30001,True,0,False,10,0.0,0.006699207238852978,0.019159592042468948,0.01743237337629087,0.03385600630109361,0.0,1.0,8.556910905493021,8,2,0.8944271909999159,2500,OverICA,iid,False,5
7,7,7001,6,60001,True,1,False,10,0.0,0.004704449791461229,0.03044353052324084,0.021645170325610644,0.07202964999433051,0.5527800838308535,0.8336119215387384,0.6578611363492817,8,2,0.8944271909999159,2500,OverICA,iid,False,5
7,6,6001,7,70001,True,1,False,10,0.0,0.014008439145982265,0.022735948327329628,0.01461719129315818,0.0588824983100026,0.5364554116554575,0.8444383155979779,0.6232896215217392,8,2,0.8944271909999159,2500,OverICA,iid,False,5
7,4,4001,5,50001,True,1,False,10,0.0,0.023105229716748,0.12288412062039139,0.05739737045525484,0.3509994282202495,0.5699120956352921,0.8220717140048541,0.7410608735032618,8,2,0.8944271909999159,2500,OverICA,iid,False,5
8,3,3001,9,90001,True,0,False,10,0.0,0.00783966900780797,0.010120089644640078,0.007379344714305423,0.02418066867532273,0.0,1.0,9.170144613165732,8,2,0.8944271909999159,2500,OverICA,iid,False,5
7,9,9001,29,290001,True,1,False,10,0.0,0.008115628268569708,0.006503645461112625,0.0052087760585148675,0.01043995067032532,0.5564558883056816,0.831966444241723,0.6466304134475045,8,2,0.8944271909999159,2500,OverICA,iid,False,5
7,9,9001,27,270001,True,1,False,10,0.0,0.0101506351493299,0.007906960634696935,0.006687411057102596,0.011557527922475273,0.5431854306287819,0.8403200115980125,0.6280982529211393,8,2,0.8944271909999159,2500,OverICA,iid,False,5
8,3,3001,6,60001,True,0,False,10,0.0,0.010717661119997501,0.01652677587106385,0.013698563397426438,0.029971470645405954,0.0,1.0,8.88853748038905,8,2,0.8944271909999159,2500,OverICA,iid,False,5
8,0,1,18,180001,True,0,False,10,0.0,0.00630634929984808,0.00970458768722743,0.006817982493535362,0.023778916957096097,0.0,1.0,8.874524587309507,8,2,0.8944271909999159,2500,OverICA,iid,False,5
8,3,3001,5,50001,True,0,False,10,0.0,0.012924275826662779,0.014651371933637709,0.012356029413152492,0.026243188456318005,0.0,1.0,8.706414161897275,8,2,0.8944271909999159,2500,OverICA,iid,False,5
8,0,1,23,230001,True,0,False,10,0.0,0.005479414947330952,0.011430547540129954,0.008355235657415262,0.021610806652144564,0.0,1.0,8.506520321171838,8,2,0.8944271909999159,2500,OverICA,iid,False,5
8,3,3001,29,290001,True,0,False,10,0.0,0.007454012054949999,0.013644614626333347,0.010864125825021309,0.02754338996594149,0.0,1.0,8.543139693331383,8,2,0.8944271909999159,2500,OverICA,iid,False,5
8,3,3001,28,280001,True,0,False,10,0.0,0.008631004020571709,0.013197400146851878,0.010600868282404413,0.022472364656485746,0.0,1.0,8.484115153110137,8,2,0.8944271909999159,2500,OverICA,iid,False,5
7,6,6001,25,250001,True,1,False,10,0.0,0.011075509246438742,0.020962348711691933,0.016516734849002547,0.04531266100602509,0.5406570062269306,0.8416897434137962,0.6345694319038852,8,2,0.8944271909999159,2500,OverICA,iid,False,5
8,0,1,26,260001,True,0,False,10,0.0,0.004842949099838734,0.01342760783315619,0.009675348743068024,0.024838213021224347,0.0,1.0,8.74949872107592,8,2,0.8944271909999159,2500,OverICA,iid,False,5
7,9,9001,10,100001,True,1,False,10,0.0,0.01706990972161293,0.06719182937261288,0.041591330166746994,0.1792950859223722,0.560629482249807,0.8290584000618019,0.6326028119354514,8,2,0.8944271909999159,2500,OverICA,iid,False,5
7,7,7001,17,170001,True,1,False,10,0.0,0.005596464034169912,0.014851710969893173,0.010784408668273267,0.029489531714370232,0.5584073881494567,0.8297254813619405,0.6393214641677503,8,2,0.8944271909999159,2500,OverICA,iid,False,5
7,7,7001,21,210001,True,1,False,10,0.0,0.004239711910486221,0.15837652374915603,0.06717140093116986,0.2379421934496337,0.5714795916810669,0.820671007164501,0.8438125102168238,8,2,0.8944271909999159,2500,OverICA,iid,False,5
8,0,1,16,160001,True,0,False,10,0.0,0.011087148915976286,0.008188509886413281,0.007237476785395741,0.013315037146014211,0.0,1.0,8.799855011080295,8,2,0.8944271909999159,2500,OverICA,iid,False,5
7,7,7001,14,140001,True,1,False,10,0.0,0.006083430722355843,0.0378338309014143,0.023751646035178008,0.09662611001260654,0.5479983678327912,0.8371826337481341,0.6353780401516489,8,2,0.8944271909999159,2500,OverICA,iid,False,5
8,4,4001,1,10001,True,0,False,10,0.0,0.005633603781461716,0.00996436546527345,0.007475648937120359,0.02339076694909231,0.0,1.0,8.79002401077771,8,2,0.8944271909999159,2500,OverICA,iid,False,5
8,0,1,0,1,True,0,False,10,0.0,0.011349317152053118,0.009963655268909301,0.009293463618160597,0.015809012112348402,0.0,1.0,8.991384780222148,8,2,0.8944271909999159,2500,OverICA,iid,False,5
8,1,1001,5,50001,True,0,False,10,0.0,0.006476288195699453,0.010657701713845679,0.008299331123084206,0.02064686812308589,0.0,1.0,8.622747899990447,8,2,0.8944271909999159,2500,OverICA,iid,False,5
8,4,4001,2,20001,True,0,False,10,0.0,0.002523253671824932,0.009743041643853102,0.00835262158900024,0.01742321253202356,0.0,1.0,8.629904186501552,8,2,0.8944271909999159,2500,OverICA,iid,False,5
8,3,3001,11,110001,True,0,False,10,0.0,0.017196818720549345,0.011844083437023166,0.01129059253594987,0.017242749180177788,0.0,1.0,8.698933843560805,8,2,0.8944271909999159,2500,OverICA,iid,False,5
8,0,1,29,290001,True,0,False,10,0.0,0.007871819194406271,0.016174277309381847,0.01227963926523451,0.032127502034401796,0.0,1.0,8.454214880634996,8,2,0.8944271909999159,2500,OverICA,iid,False,5
7,7,7001,11,110001,True,1,False,10,0.0,0.006796536035835743,0.055043022244399525,0.025189786720532396,0.1543274142767199,0.5417866982884412,0.8416398100687053,0.6648089294025704,8,2,0.8944271909999159,2500,OverICA,iid,False,5
7,5,5001,19,190001,True,1,False,10,0.0,0.004038603976368904,0.013951620584640098,0.009120554267464033,0.0328236570297866,0.5683318038300634,0.8231475642234151,0.6272597925954293,8,2,0.8944271909999159,2500,OverICA,iid,False,5
8,0,1,24,240001,True,0,False,10,0.0,0.009698347188532352,0.00895124379282051,0.007065848850896216,0.018799907926942347,0.0,1.0,8.8324004033893,8,2,0.8944271909999159,2500,OverICA,iid,False,5
8,0,1,5,50001,True,0,False,10,0.0,0.011027818080037832,0.012819487205342987,0.010861164298140333,0.021067802932834185,0.0,1.0,8.559224179820426,8,2,0.8944271909999159,2500,OverICA,iid,False,5
7,7,7001,16,160001,True,1,False,10,0.0,0.007932199165225029,0.0875022351846043,0.03903025121355941,0.23132727571673242,0.5480602619231669,0.836603189264809,0.6812420691196663,8,2,0.8944271909999159,2500,OverICA,iid,False,5
7,0,1,26,260001,True,1,False,10,0.0,0.019236416090279818,0.018419616764728544,0.017155202512608762,0.028497859901358807,0.5603987268574647,0.8288476691336544,0.6324352339666145,8,2,0.8944271909999159,2500,OverICA,iid,False,5
7,6,6001,21,210001,True,1,False,10,0.0,0.021650851238518953,0.05886698809844059,0.029483732702014556,0.1636494386864553,0.5448484736049443,0.8396177223858438,0.6388218490117991,8,2,0.8944271909999159,2500,OverICA,iid,False,5
8,4,4001,7,70001,True,0,False,10,0.0,0.002886001020669937,0.01658738276966206,0.013014795081282993,0.029210010011356657,0.0,1.0,8.67472994854616,8,2,0.8944271909999159,2500,OverICA,iid,False,5
8,4,4001,4,40001,True,0,False,10,0.0,0.004874778911471367,0.014522666749751598,0.01209520202450897,0.023841349205216803,0.0,1.0,8.626462279633113,8,2,0.8944271909999159,2500,OverICA,iid,False,5
7,5,5001,28,280001,True,1,False,10,0.0,0.020588057581335306,0.02035260341207858,0.01631569153540426,0.042122563163756545,0.561464855104988,0.8277679503675086,0.6352162163499842,8,2,0.8944271909999159,2500,OverICA,iid,False,5
7,8,8001,6,60001,True,1,False,10,0.0,0.005654322914779186,0.026636204551828257,0.018919486948813378,0.061260730690617396,0.5497614676517366,0.8354902327804067,0.6352529048265021,8,2,0.8944271909999159,2500,OverICA,iid,False,5
7,8,8001,2,20001,True,1,False,10,0.0,0.005005748011171818,0.017356752608144684,0.012220429425145386,0.039356560394801274,0.5418731471365866,0.8407659457526784,0.6203872358065793,8,2,0.8944271909999159,2500,OverICA,iid,False,5
7,8,8001,5,50001,True,1,False,10,0.0,0.0060259210877120495,0.0423139738066737,0.024396422332932467,0.08781230109401675,0.5563632231736748,0.831419061317719,0.6609693072140433,8,2,0.8944271909999159,2500,OverICA,iid,False,5
8,1,1001,7,70001,True,0,False,10,0.0,0.005631983745843172,0.016242732986112465,0.013885972369191662,0.026757125335591797,0.0,1.0,8.721370764586023,8,2,0.8944271909999159,2500,OverICA,iid,False,5
7,8,8001,7,70001,True,1,False,10,0.0,0.0038204360753297806,0.07368780870226854,0.04588348179543598,0.19746209935250308,0.5505209843792839,0.8349690582850606,0.6547704308224398,8,2,0.8944271909999159,2500,OverICA,iid,False,5
8,4,4001,16,160001,True,0,False,10,0.0,0.0026952731423079967,0.00868556851372542,0.006970468506889324,0.01634463911152052,0.0,1.0,8.77553156913457,8,2,0.8944271909999159,2500,OverICA,iid,False,5
7,1,1001,29,290001,True,1,False,10,0.0,0.01469662506133318,0.05777590374583922,0.02878584957529043,0.16065706939130484,1.3964158681745287,0.005270262850422743,0.631407233669203,8,2,0.8944271909999159,2500,OverICA,iid,False,5
7,5,5001,14,140001,True,1,False,10,0.0,0.029077472630888224,0.12307946944812771,0.05395246300660646,0.33364399733603284,0.5658451453974372,0.82476422358384,0.7474506201078307,8,2,0.8944271909999159,2500,OverICA,iid,False,5
8,4,4001,12,120001,True,0,False,10,0.0,0.004358472302556038,0.009892550261852734,0.007113600918053652,0.020320497738812785,0.0,1.0,9.349799318454032,8,2,0.8944271909999159,2500,OverICA,iid,False,5
8,4,4001,3,30001,True,0,False,10,0.0,0.007985278032720089,0.010034278686139353,0.009243522046465794,0.015418594871135033,0.0,1.0,8.552681684005343,8,2,0.8944271909999159,2500,OverICA,iid,False,5
8,1,1001,6,60001,True,0,False,10,0.0,0.007340213283896446,0.01940935028748583,0.015605752589024203,0.03137374874671866,0.0,1.0,8.930755686759294,8,2,0.8944271909999159,2500,OverICA,iid,False,5
8,0,1,25,250001,True,0,False,10,0.0,0.01412900909781456,0.007013668840405496,0.005276948115310555,0.012869702197893053,0.0,1.0,8.938211124567227,8,2,0.8944271909999159,2500,OverICA,iid,False,5
7,8,8001,16,160001,True,1,False,10,0.0,0.006108250934630632,0.0136370106081152,0.010113367808085225,0.029723724522116506,0.5296117664189611,0.849962144313495,0.6522698532394198,8,2,0.8944271909999159,2500,OverICA,iid,False,5
8,4,4001,14,140001,True,0,False,10,0.0,0.004987778142094612,0.014354976155342009,0.01161093873670688,0.023691626802566534,0.0,1.0,8.841838059335345,8,2,0.8944271909999159,2500,OverICA,iid,False,5
8,2,2001,18,180001,True,0,False,10,0.0,0.031885114032775164,0.010001790647237812,0.007346075307217094,0.02446372121092483,0.0,1.0,8.761293507264504,8,2,0.8944271909999159,2500,OverICA,iid,False,5
8,3,3001,4,40001,True,0,False,10,0.0,0.026766006834805012,0.01138107569892452,0.010107580213979636,0.01675750660905592,0.0,1.0,8.5722413059778,8,2,0.8944271909999159,2500,OverICA,iid,False,5
7,9,9001,23,230001,True,1,False,10,0.0,0.014019338879734278,0.039517460878106314,0.024252274301936386,0.10439372399126874,0.5482849673861578,0.8381325988639635,0.6334977636583858,8,2,0.8944271909999159,2500,OverICA,iid,False,5
8,4,4001,26,260001,True,0,False,10,0.0,0.002850612159818411,0.01527427364664125,0.012347236885433887,0.025868724572120874,0.0,1.0,8.841325883120184,8,2,0.8944271909999159,2500,OverICA,iid,False,5
8,1,1001,19,190001,True,0,False,10,0.0,0.0060916501097381115,0.013450392537500426,0.01135648613231147,0.02580353000694391,0.0,1.0,8.708989219762849,8,2,0.8944271909999159,2500,OverICA,iid,False,5
8,4,4001,17,170001,True,0,False,10,0.0,0.005676533095538616,0.013415582791662018,0.009995491105871442,0.027331919653332343,0.0,1.0,8.479278339998094,8,2,0.8944271909999159,2500,OverICA,iid,False,5
8,4,4001,6,60001,True,0,False,10,0.0,0.00862459372729063,0.013672962417957341,0.011158031633515217,0.026230465518594762,0.0,1.0,8.758743654725029,8,2,0.8944271909999159,2500,OverICA,iid,False,5
8,1,1001,26,260001,True,0,False,10,0.0,0.0038879336789250374,0.008708806349468535,0.007624921042974585,0.012851118289658113,0.0,1.0,8.793919072769278,8,2,0.8944271909999159,2500,OverICA,iid,False,5
8,4,4001,24,240001,True,0,False,10,0.0,0.007161104120314121,0.010364939990010584,0.009772667385058494,0.01392019249336914,0.0,1.0,8.930913182555127,8,2,0.8944271909999159,2500,OverICA,iid,False,5
8,5,5001,4,40001,True,0,False,10,0.0,0.005985070951282978,0.01383544325373475,0.013451390852281295,0.017697486652529838,0.0,1.0,8.640334689905638,8,2,0.8944271909999159,2500,OverICA,iid,False,5
8,4,4001,11,110001,True,0,False,10,0.0,0.010290064383298159,0.010406553676994865,0.008708646497558316,0.02031781533471769,0.0,1.0,8.681180741950035,8,2,0.8944271909999159,2500,OverICA,iid,False,5
8,5,5001,2,20001,True,0,False,10,0.0,0.0063370391726493835,0.009329263885829841,0.008227021046373595,0.01403331291732071,0.0,1.0,8.636260369542603,8,2,0.8944271909999159,2500,OverICA,iid,False,5
7,8,8001,23,230001,True,1,False,10,0.0,0.004533000756055117,0.10955374794122613,0.055027791305397436,0.2981530365267329,0.5604970566072227,0.8290237755845881,0.731698771045625,8,2,0.8944271909999159,2500,OverICA,iid,False,5
8,5,5001,7,70001,True,0,False,10,0.0,0.005406165029853582,0.012857931362590332,0.01143254715469871,0.02249298694806016,0.0,1.0,8.735866513813711,8,2,0.8944271909999159,2500,OverICA,iid,False,5
8,5,5001,8,80001,True,0,False,10,0.0,0.0053511448204517365,0.0076841865024397694,0.006157530685715365,0.01734056138804576,0.0,1.0,9.314256565922982,8,2,0.8944271909999159,2500,OverICA,iid,False,5
8,1,1001,24,240001,True,0,False,10,0.0,0.005902641918510199,0.006572128957219836,0.0051566663613659865,0.010652600313949412,0.0,1.0,8.992130714866668,8,2,0.8944271909999159,2500,OverICA,iid,False,5
7,8,8001,24,240001,True,1,False,10,0.0,0.005354776047170162,0.06306743401375607,0.03043878192341612,0.17731851449723784,0.5583417054420327,0.82968871581868,0.6397449513104868,8,2,0.8944271909999159,2500,OverICA,iid,False,5
7,4,4001,22,220001,True,1,False,10,0.0,0.012439179234206676,0.19408563015489094,0.0911405552834551,0.5763898618336716,0.6172163861610077,0.7867992762562555,0.9163110606446652,8,2,0.8944271909999159,2500,OverICA,iid,False,5
8,3,3001,12,120001,True,0,False,10,0.0,0.027011896017938852,0.006965169952186958,0.005958918378506772,0.01093765018213816,0.0,1.0,9.309775645265262,8,2,0.8944271909999159,2500,OverICA,iid,False,5
8,1,1001,27,270001,True,0,False,10,0.0,0.010427822824567556,0.006292766560841212,0.005801704322193271,0.010674771349445987,0.0,1.0,8.534804406677175,8,2,0.8944271909999159,2500,OverICA,iid,False,5
8,5,5001,19,190001,True,0,False,10,0.0,0.002348214853554964,0.009738626251538492,0.006644696408068372,0.02368003406438415,0.0,1.0,8.753808387349924,8,2,0.8944271909999159,2500,OverICA,iid,False,5
7,6,6001,3,30001,True,1,False,10,0.0,0.0040635038167238235,0.14868550131087557,0.06391250239434107,0.43257202905444475,0.6030855272484504,0.7978651740826778,0.8064778105277343,8,2,0.8944271909999159,2500,OverICA,iid,False,5
8,5,5001,23,230001,True,0,False,10,0.0,0.0023378548212349415,0.010563385533000708,0.010192586747731831,0.01591389495232657,0.0,1.0,8.581058413656267,8,2,0.8944271909999159,2500,OverICA,iid,False,5
8,5,5001,14,140001,True,0,False,10,0.0,0.0067800069227814674,0.013369687035056855,0.012432478793614478,0.018069123422100777,0.0,1.0,8.739094144851832,8,2,0.8944271909999159,2500,OverICA,iid,False,5
8,2,2001,2,20001,True,0,False,10,0.0,0.010730620939284563,0.015383729133384911,0.011950931786567856,0.0351853344833579,0.0,1.0,8.712542398607395,8,2,0.8944271909999159,2500,OverICA,iid,False,5
7,6,6001,6,60001,True,1,False,10,0.0,0.004942937754094601,0.11771571017569081,0.05556581851145821,0.33401972287963927,0.57490237664397,0.8187251762580708,0.6981611902802046,8,2,0.8944271909999159,2500,OverICA,iid,False,5
8,5,5001,27,270001,True,0,False,10,0.0,0.00268205301836133,0.011214407456996625,0.010284190793263676,0.015714240352377888,0.0,1.0,8.608204280889218,8,2,0.8944271909999159,2500,OverICA,iid,False,5
8,2,2001,9,90001,True,0,False,10,0.0,0.004051923751831055,0.011755987249592823,0.009909790264795366,0.02105174490006496,0.0,1.0,9.181224610406103,8,2,0.8944271909999159,2500,OverICA,iid,False,5
8,4,4001,27,270001,True,0,False,10,0.0,0.010793259833008051,0.009860178208131879,0.006635597978508313,0.02028761412516952,0.0,1.0,8.53477622313847,8,2,0.8944271909999159,2500,OverICA,iid,False,5
8,5,5001,29,290001,True,0,False,10,0.0,0.0026911329478025436,0.014680769047918521,0.01183124245187157,0.02730216977805589,0.0,1.0,8.285635687353276,8,2,0.8944271909999159,2500,OverICA,iid,False,5
8,4,4001,8,80001,True,0,False,10,0.0,0.015135683119297028,0.008049891350270948,0.007002134334937633,0.01576752808096775,0.0,1.0,9.261058687465647,8,2,0.8944271909999159,2500,OverICA,iid,False,5
8,4,4001,25,250001,True,0,False,10,0.0,0.011543745175004005,0.007302176932586796,0.0053320601201988635,0.014018606054078314,0.0,1.0,8.919138354274882,8,2,0.8944271909999159,2500,OverICA,iid,False,5
7,7,7001,22,220001,True,1,False,10,0.0,0.016289093997329473,0.022200018648439818,0.016166195368311577,0.049111859057382856,0.5436481165157535,0.8396013084085187,0.633193866148662,8,2,0.8944271909999159,2500,OverICA,iid,False,5
7,5,5001,26,260001,True,1,False,10,0.0,0.010248033795505762,0.022142617015094394,0.015351726415950541,0.0491828183277713,1.4196905980091457,0.00603437736080125,0.6257003205433723,8,2,0.8944271909999159,2500,OverICA,iid,False,5
8,2,2001,21,210001,True,0,False,10,0.0,0.004855717997997999,0.007948528730725605,0.006988661628542968,0.01201705713368308,0.0,1.0,9.28847026124974,8,2,0.8944271909999159,2500,OverICA,iid,False,5
8,2,2001,22,220001,True,0,False,10,0.0,0.0053487857803702354,0.015948537608528827,0.013744494270894362,0.026394915500248726,0.0,1.0,8.847057730986283,8,2,0.8944271909999159,2500,OverICA,iid,False,5
7,5,5001,2,20001,True,1,False,10,0.0,0.012333450838923454,0.07355648033156986,0.04301959822531053,0.1983085528258978,0.5399229571901419,0.842613371188291,0.6624020565387895,8,2,0.8944271909999159,2500,OverICA,iid,False,5
8,2,2001,11,110001,True,0,False,10,0.0,0.01189262280240655,0.009806238215265937,0.008467076620375092,0.017053660985872184,0.0,1.0,8.724583404859295,8,2,0.8944271909999159,2500,OverICA,iid,False,5
8,2,2001,12,120001,True,0,False,10,0.0,0.007443631999194622,0.012194675112711195,0.008384915521472915,0.029113584619451745,0.0,1.0,9.395244958843357,8,2,0.8944271909999159,2500,OverICA,iid,False,5
8,4,4001,10,100001,True,0,False,10,0.0,0.023533117957413197,0.013628235902934051,0.01114031761923737,0.030853384117299047,0.0,1.0,8.640226823650394,8,2,0.8944271909999159,2500,OverICA,iid,False,5
7,8,8001,19,190001,True,1,False,10,0.0,0.014549996238201857,0.06850015397938966,0.031719574069623106,0.19244971625886534,0.5706299687047777,0.821132866798142,0.6645789146637747,8,2,0.8944271909999159,2500,OverICA,iid,False,5
8,2,2001,27,270001,True,0,False,10,0.0,0.0047145988792181015,0.009921550973194512,0.008205544910861003,0.01624777950901044,0.0,1.0,8.516087006164017,8,2,0.8944271909999159,2500,OverICA,iid,False,5
7,6,6001,12,120001,True,1,False,10,0.0,0.010842599906027317,0.023531212133116902,0.01503403635030038,0.058532714683520344,0.5619828601607624,0.8270069465976015,0.6233439174048417,8,2,0.8944271909999159,2500,OverICA,iid,False,5
7,5,5001,24,240001,True,1,False,10,0.0,0.014817174058407545,0.12768068777419106,0.06116403219814415,0.3622865609867852,1.4382207418973425,0.0023896756820687977,0.795395868207687,8,2,0.8944271909999159,2500,OverICA,iid,False,5
8,6,6001,4,40001,True,0,False,10,0.0,0.010176304262131453,0.013421312028490114,0.010871261315189727,0.025023731878851114,0.0,1.0,8.748310473731397,8,2,0.8944271909999159,2500,OverICA,iid,False,5
8,2,2001,28,280001,True,0,False,10,0.0,0.0066735767759382725,0.009355041638974671,0.00797504708971608,0.015015683865311526,0.0,1.0,8.573847410754118,8,2,0.8944271909999159,2500,OverICA,iid,False,5
8,6,6001,20,200001,True,0,False,10,0.0,0.0052500562742352486,0.010192061860111777,0.008168631919729137,0.02220752656538597,0.0,1.0,8.964842459691653,8,2,0.8944271909999159,2500,OverICA,iid,False,5
8,1,1001,14,140001,True,0,False,10,0.0,0.02777942968532443,0.008147921822558505,0.006788090703256819,0.01555629155553045,0.0,1.0,8.838049520413753,8,2,0.8944271909999159,2500,OverICA,iid,False,5
8,6,6001,22,220001,True,0,False,10,0.0,0.003932504914700985,0.009692222203144031,0.007760633355704524,0.01873387848611071,0.0,1.0,8.908686451119173,8,2,0.8944271909999159,2500,OverICA,iid,False,5
8,3,3001,7,70001,True,0,False,10,0.0,0.006634897086769342,0.009907394606595815,0.008108838910711012,0.018897862303676426,0.0,1.0,8.681077931446247,8,2,0.8944271909999159,2500,OverICA,iid,False,5
8,5,5001,6,60001,True,0,False,10,0.0,0.023693726863712072,0.011842128361791734,0.01122874637492344,0.01665412911000829,0.0,1.0,8.800836299245669,8,2,0.8944271909999159,2500,OverICA,iid,False,5
7,7,7001,4,40001,True,1,False,10,0.0,0.00479466887190938,0.07483783821623456,0.044980562494689194,0.18437325096864401,1.3876425862926807,0.03214081399895707,0.6883306004492915,8,2,0.8944271909999159,2500,OverICA,iid,False,5
8,2,2001,29,290001,True,0,False,10,0.0,0.010723640210926533,0.011632724249333396,0.011144621594570255,0.016118669540938563,0.0,1.0,8.384244866595388,8,2,0.8944271909999159,2500,OverICA,iid,False,5
8,0,1,4,40001,True,0,False,10,0.0,0.0043759820982813835,0.010722578883839129,0.00871354862215001,0.020211983137845915,0.0,1.0,8.614625345053264,8,2,0.8944271909999159,2500,OverICA,iid,False,5
8,2,2001,24,240001,True,0,False,10,0.0,0.014689354691654444,0.014384090907005355,0.01058815290171642,0.03478498473127205,0.0,1.0,8.840607857678057,8,2,0.8944271909999159,2500,OverICA,iid,False,5
8,6,6001,24,240001,True,0,False,10,0.0,0.004995937924832106,0.011045758521644515,0.010800991313787686,0.013465767094286782,0.0,1.0,8.947203109923086,8,2,0.8944271909999159,2500,OverICA,iid,False,5
8,0,1,15,150001,True,0,False,10,0.0,0.00677764555439353,0.012856903313237309,0.010792733904476794,0.021901772255002824,0.0,1.0,8.925195382042991,8,2,0.8944271909999159,2500,OverICA,iid,False,5
7,7,7001,25,250001,True,1,False,10,0.0,0.03304275684058666,0.05636556048843338,0.03251507958697266,0.1479609171415282,0.5411944579301152,0.8410166202178256,0.6516957355820812,8,2,0.8944271909999159,2500,OverICA,iid,False,5
7,9,9001,6,60001,True,1,False,10,0.0,0.015508180018514395,0.10102764093675205,0.04784868953628434,0.28573353116721517,0.5736821520756671,0.8195811757483179,0.7147162939400253,8,2,0.8944271909999159,2500,OverICA,iid,False,5
8,6,6001,23,230001,True,0,False,10,0.0,0.005270585883408785,0.010655025567273779,0.009259794465570195,0.01654319789332556,0.0,1.0,8.583477446711939,8,2,0.8944271909999159,2500,OverICA,iid,False,5
8,3,3001,18,180001,True,0,False,10,0.0,0.005027807783335447,0.017131941941124874,0.013085398851556962,0.03570023126348818,0.0,1.0,8.862579246124243,8,2,0.8944271909999159,2500,OverICA,iid,False,5
8,5,5001,9,90001,True,0,False,10,0.0,0.023933154996484518,0.006975532281167544,0.0057033345791240725,0.012376507111291464,0.0,1.0,9.127458180607,8,2,0.8944271909999159,2500,OverICA,iid,False,5
8,3,3001,27,270001,True,0,False,10,0.0,0.002730392850935459,0.007015509926180601,0.006106312471498147,0.013768170913166374,0.0,1.0,8.667286294236614,8,2,0.8944271909999159,2500,OverICA,iid,False,5
8,3,3001,16,160001,True,0,False,10,0.0,0.005983510985970497,0.013046060017901054,0.010560779805442275,0.029256406473414192,0.0,1.0,8.733166358243865,8,2,0.8944271909999159,2500,OverICA,iid,False,5
8,3,3001,23,230001,True,0,False,10,0.0,0.00400524539873004,0.007432079050712335,0.006119076066764266,0.014360598427062206,0.0,1.0,8.48613204170192,8,2,0.8944271909999159,2500,OverICA,iid,False,5
8,5,5001,20,200001,True,0,False,10,0.0,0.01629754528403282,0.010198064388285497,0.008157322459340446,0.019135722722750426,0.0,1.0,9.013505825880793,8,2,0.8944271909999159,2500,OverICA,iid,False,5
8,7,7001,4,40001,True,0,False,10,0.0,0.004021744709461927,0.019286076679562763,0.01678386231653981,0.029624646846818557,0.0,1.0,8.748481056048467,8,2,0.8944271909999159,2500,OverICA,iid,False,5
8,3,3001,13,130001,True,0,False,10,0.0,0.009144441224634647,0.014889305994480587,0.011546081681926222,0.025352710470208987,0.0,1.0,8.566483912061603,8,2,0.8944271909999159,2500,OverICA,iid,False,5
8,7,7001,2,20001,True,0,False,10,0.0,0.0051064868457615376,0.010451631995940387,0.007165694475791515,0.02325340993279486,0.0,1.0,8.719433638228383,8,2,0.8944271909999159,2500,OverICA,iid,False,5
8,3,3001,26,260001,True,0,False,10,0.0,0.004942027851939201,0.015057465388016951,0.013511733237093641,0.022506381213205327,0.0,1.0,9.121258102297206,8,2,0.8944271909999159,2500,OverICA,iid,False,5
8,7,7001,6,60001,True,0,False,10,0.0,0.004362042061984539,0.012626093522402125,0.010919820797094944,0.023437954000806376,0.0,1.0,8.83656683582168,8,2,0.8944271909999159,2500,OverICA,iid,False,5
8,7,7001,3,30001,True,0,False,10,0.0,0.004951298236846924,0.012301469938660166,0.010810909806989344,0.01764828766224972,0.0,1.0,8.711574466781249,8,2,0.8944271909999159,2500,OverICA,iid,False,5
8,7,7001,7,70001,True,0,False,10,0.0,0.004882908891886473,0.011706111278622415,0.008990165242226487,0.024500090304328533,0.0,1.0,8.744116669281079,8,2,0.8944271909999159,2500,OverICA,iid,False,5
8,7,7001,16,160001,True,0,False,10,0.0,0.0023845452815294266,0.007393264523405211,0.006687723012940327,0.011341276328417712,0.0,1.0,8.78329408947037,8,2,0.8944271909999159,2500,OverICA,iid,False,5
8,3,3001,15,150001,True,0,False,10,0.0,0.009534998331218958,0.011980691549385983,0.010442286599323773,0.017245234104803588,0.0,1.0,8.732341395673874,8,2,0.8944271909999159,2500,OverICA,iid,False,5
8,7,7001,23,230001,True,0,False,10,0.0,0.004345881752669811,0.007635252270058325,0.006253917969127812,0.016099346308446675,0.0,1.0,8.604327280972376,8,2,0.8944271909999159,2500,OverICA,iid,False,5
8,7,7001,12,120001,True,0,False,10,0.0,0.0024539842270314693,0.014009551936334394,0.012532287631006108,0.020552975706938054,0.0,1.0,9.417412411894446,8,2,0.8944271909999159,2500,OverICA,iid,False,5
8,3,3001,24,240001,True,0,False,10,0.0,0.0044164820574223995,0.01946625022758575,0.014043899312247124,0.036792695494228894,0.0,1.0,8.867992080143802,8,2,0.8944271909999159,2500,OverICA,iid,False,5
8,7,7001,17,170001,True,0,False,10,0.0,0.00604753103107214,0.01397461343976062,0.012182829799765864,0.024913197196160475,0.0,1.0,8.506258076550804,8,2,0.8944271909999159,2500,OverICA,iid,False,5
8,1,1001,0,1,True,0,False,10,0.0,0.007465552072972059,0.012924852548357913,0.012102908512623828,0.01762923486905578,0.0,1.0,8.87529874937147,8,2,0.8944271909999159,2500,OverICA,iid,False,5
8,7,7001,24,240001,True,0,False,10,0.0,0.0051153069362044334,0.013955737039111208,0.009439807412421543,0.033735893399928385,0.0,1.0,8.8193320420293,8,2,0.8944271909999159,2500,OverICA,iid,False,5
7,7,7001,26,260001,True,1,False,10,0.0,0.00841756584122777,0.03016628968771907,0.019092947742981377,0.0584992905257619,1.416734176640247,0.00603437736080125,0.6413044656518333,8,2,0.8944271909999159,2500,OverICA,iid,False,5
8,7,7001,18,180001,True,0,False,10,0.0,0.005444885231554508,0.011340577149689052,0.010503683076889432,0.016842042594835252,0.0,1.0,8.81957396468491,8,2,0.8944271909999159,2500,OverICA,iid,False,5
8,4,4001,9,90001,True,0,False,10,0.0,0.0026866630651056767,0.005326568901372783,0.0045834721841939725,0.009524904927200959,0.0,1.0,9.236454194384182,8,2,0.8944271909999159,2500,OverICA,iid,False,5
8,7,7001,28,280001,True,0,False,10,0.0,0.002294135745614767,0.015997566781960123,0.013921544346024193,0.029220291536919768,0.0,1.0,8.496568494111017,8,2,0.8944271909999159,2500,OverICA,iid,False,5
8,1,1001,18,180001,True,0,False,10,0.0,0.0035969871096313,0.0076943151100837765,0.006481936860335603,0.011659674811173228,0.0,1.0,8.80557675521635,8,2,0.8944271909999159,2500,OverICA,iid,False,5
8,1,1001,15,150001,True,0,False,10,0.0,0.007814488839358091,0.010817485406084936,0.009134284546982648,0.017107556646361426,0.0,1.0,8.848121287809713,8,2,0.8944271909999159,2500,OverICA,iid,False,5
8,1,1001,17,170001,True,0,False,10,0.0,0.007949569262564182,0.0078013785718642915,0.006584487191409258,0.01565327633457003,0.0,1.0,8.383665145719322,8,2,0.8944271909999159,2500,OverICA,iid,False,5
8,4,4001,0,1,True,0,False,10,0.0,0.012566938996315002,0.0069966262600362665,0.006112787938340055,0.012726489507614788,0.0,1.0,8.837758138778058,8,2,0.8944271909999159,2500,OverICA,iid,False,5
8,0,1,19,190001,True,0,False,10,0.0,0.01025137398391962,0.011855972671256074,0.010434778598424937,0.019363199339705303,0.0,1.0,8.654568390973257,8,2,0.8944271909999159,2500,OverICA,iid,False,5
8,7,7001,27,270001,True,0,False,10,0.0,0.005748383235186338,0.012642128640497347,0.009857766739422007,0.027951256130225585,0.0,1.0,8.454491598176528,8,2,0.8944271909999159,2500,OverICA,iid,False,5
8,4,4001,5,50001,True,0,False,10,0.0,0.010091145057231188,0.009367641335759966,0.008082909604121846,0.014660589052344982,0.0,1.0,8.642223795514711,8,2,0.8944271909999159,2500,OverICA,iid,False,5
8,7,7001,13,130001,True,0,False,10,0.0,0.010470512323081493,0.009602187180468099,0.008936559158128706,0.014401187397681167,0.0,1.0,8.779416945110626,8,2,0.8944271909999159,2500,OverICA,iid,False,5
8,7,7001,10,100001,True,0,False,10,0.0,0.01142873615026474,0.017156970120290965,0.013299086352390441,0.036009146867424485,0.0,1.0,8.715574402462636,8,2,0.8944271909999159,2500,OverICA,iid,False,5
8,1,1001,21,210001,True,0,False,10,0.0,0.00522172637283802,0.009304894160058322,0.007689996066308807,0.014774678854760467,0.0,1.0,9.299264417977973,8,2,0.8944271909999159,2500,OverICA,iid,False,5
8,8,8001,0,1,True,0,False,10,0.0,0.0023533352650702,0.010868356079344213,0.009454511264024835,0.01695147053832948,0.0,1.0,8.836265645302355,8,2,0.8944271909999159,2500,OverICA,iid,False,5
8,4,4001,15,150001,True,0,False,10,0.0,0.008088357746601105,0.015167374288549357,0.012176608512339072,0.02941797046023869,0.0,1.0,8.823903483931181,8,2,0.8944271909999159,2500,OverICA,iid,False,5
8,0,1,8,80001,True,0,False,10,0.0,0.01600804692134261,0.009259487000509192,0.007082776510630822,0.01941415225030401,0.0,1.0,9.265188316878918,8,2,0.8944271909999159,2500,OverICA,iid,False,5
8,6,6001,29,290001,True,0,False,10,0.0,0.002625012770295143,0.014444007540725928,0.011392424311873317,0.02714432514438303,0.0,1.0,8.697671161486202,8,2,0.8944271909999159,2500,OverICA,iid,False,5
8,1,1001,22,220001,True,0,False,10,0.0,0.00400406401604414,0.012066039145076925,0.01043718907135854,0.022930179753000376,0.0,1.0,8.80324750242072,8,2,0.8944271909999159,2500,OverICA,iid,False,5
8,8,8001,5,50001,True,0,False,10,0.0,0.0024205450899899006,0.012235101295168829,0.010234647608589015,0.018516790380001594,0.0,1.0,8.64648782362992,8,2,0.8944271909999159,2500,OverICA,iid,False,5
8,1,1001,11,110001,True,0,False,10,0.0,0.01165139488875866,0.010718349491873716,0.008477345589067826,0.01911656244668672,0.0,1.0,8.592311204807258,8,2,0.8944271909999159,2500,OverICA,iid,False,5
8,1,1001,4,40001,True,0,False,10,0.0,0.016971000004559755,0.01791140665967932,0.015345390210504677,0.029440822673677754,0.0,1.0,8.7538120219836,8,2,0.8944271909999159,2500,OverICA,iid,False,5
8,1,1001,28,280001,True,0,False,10,0.0,0.005833842791616917,0.012921969680949592,0.01115936095881021,0.022533567658529388,0.0,1.0,8.500031902611672,8,2,0.8944271909999159,2500,OverICA,iid,False,5
8,8,8001,6,60001,True,0,False,10,0.0,0.0027059828862547874,0.010477570177893577,0.008045413419708195,0.018220039671669658,0.0,1.0,8.803868625238952,8,2,0.8944271909999159,2500,OverICA,iid,False,5
8,1,1001,25,250001,True,0,False,10,0.0,0.006658256985247135,0.012099705443607221,0.009169768951333174,0.020865744088994078,0.0,1.0,8.89660342268831,8,2,0.8944271909999159,2500,OverICA,iid,False,5
8,8,8001,26,260001,True,0,False,10,0.0,0.002398685086518526,0.01221326433954666,0.010618490894078124,0.018712236761576736,0.0,1.0,8.725840252647165,8,2,0.8944271909999159,2500,OverICA,iid,False,5
8,5,5001,5,50001,True,0,False,10,0.0,0.007279903162270784,0.011264796675196224,0.008920423055613481,0.024224736680732186,0.0,1.0,8.560918448494784,8,2,0.8944271909999159,2500,OverICA,iid,False,5
8,5,5001,12,120001,True,0,False,10,0.0,0.005619374103844166,0.010181011424944372,0.009202165026957098,0.015155402357554179,0.0,1.0,9.361000479298298,8,2,0.8944271909999159,2500,OverICA,iid,False,5
8,8,8001,12,120001,True,0,False,10,0.0,0.0028942711651325226,0.010004207228287815,0.008528768707780455,0.016501398497593314,0.0,1.0,9.24938770286678,8,2,0.8944271909999159,2500,OverICA,iid,False,5
8,8,8001,14,140001,True,0,False,10,0.0,0.005619034171104431,0.009040202380047914,0.008102243330360167,0.017397557088681452,0.0,1.0,8.788504272488783,8,2,0.8944271909999159,2500,OverICA,iid,False,5
8,7,7001,8,80001,True,0,False,10,0.0,0.0178791549988091,0.00873999561651195,0.006715713519890753,0.017689037069580353,0.0,1.0,9.22403251043345,8,2,0.8944271909999159,2500,OverICA,iid,False,5
8,1,1001,10,100001,True,0,False,10,0.0,0.01734437793493271,0.012393657252009338,0.010914239121645405,0.018480412552564437,0.0,1.0,8.669768470385797,8,2,0.8944271909999159,2500,OverICA,iid,False,5
8,1,1001,3,30001,True,0,False,10,0.0,0.01751582697033882,0.009783505740702105,0.008922952120590863,0.01500363093971681,0.0,1.0,8.598160433516544,8,2,0.8944271909999159,2500,OverICA,iid,False,5
8,8,8001,21,210001,True,0,False,10,0.0,0.0047243800945580006,0.010558085098254661,0.008708893548362892,0.01898260668313759,0.0,1.0,9.441134845144191,8,2,0.8944271909999159,2500,OverICA,iid,False,5
7,9,9001,4,40001,True,1,False,10,0.0,0.004226563032716513,0.028636453218572354,0.019583923290967295,0.06745002028044686,0.547521167785273,0.8374153720021846,0.6357359876653436,8,2,0.8944271909999159,2500,OverICA,iid,False,5
8,2,2001,8,80001,True,0,False,10,0.0,0.007982848677784204,0.010759840895992403,0.009182065712881882,0.019731098586240423,0.0,1.0,9.364573232052656,8,2,0.8944271909999159,2500,OverICA,iid,False,5
8,2,2001,14,140001,True,0,False,10,0.0,0.0065822177566587925,0.013212348224992936,0.011008666345299943,0.02047385786657874,0.0,1.0,8.699540930793212,8,2,0.8944271909999159,2500,OverICA,iid,False,5
8,2,2001,20,200001,True,0,False,10,0.0,0.0030883699655532837,0.009539107214401597,0.008557943404394378,0.013968807358815467,0.0,1.0,8.978127691115642,8,2,0.8944271909999159,2500,OverICA,iid,False,5
8,4,4001,28,280001,True,0,False,10,0.0,0.008462914731353521,0.01230423342539323,0.009671768751795448,0.026902242528307904,0.0,1.0,8.579123531056737,8,2,0.8944271909999159,2500,OverICA,iid,False,5
8,7,7001,0,1,True,0,False,10,0.0,0.02212533727288246,0.009289923359933621,0.00671476141212486,0.019677770203727143,0.0,1.0,8.762219743813633,8,2,0.8944271909999159,2500,OverICA,iid,False,5
7,8,8001,13,130001,True,1,False,10,0.0,0.0111722182482481,0.06332350576686488,0.042456282385011736,0.15969264472503647,0.5365306205319672,0.8454089183391402,0.6450843820767505,8,2,0.8944271909999159,2500,OverICA,iid,False,5
8,8,8001,24,240001,True,0,False,10,0.0,0.005961921997368336,0.014068868967698793,0.01008978608861635,0.032767350769713884,0.0,1.0,8.952669288327217,8,2,0.8944271909999159,2500,OverICA,iid,False,5
8,1,1001,23,230001,True,0,False,10,0.0,0.01166756497696042,0.007258387487264141,0.005981942682665393,0.014791134591100756,0.0,1.0,8.507054993854174,8,2,0.8944271909999159,2500,OverICA,iid,False,5
8,6,6001,9,90001,True,0,False,10,0.0,0.0025660237297415733,0.006825572960175891,0.0060511213214266505,0.01177087242193608,0.0,1.0,9.088905471171767,8,2,0.8944271909999159,2500,OverICA,iid,False,5
8,8,8001,8,80001,True,0,False,10,0.0,0.009043031837791204,0.011900135582209818,0.010422303372127805,0.020735069828966893,0.0,1.0,9.308159846887932,8,2,0.8944271909999159,2500,OverICA,iid,False,5
8,6,6001,10,100001,True,0,False,10,0.0,0.003267488908022642,0.008407428163536708,0.007566432028262186,0.015156746097036917,0.0,1.0,8.68452532412784,8,2,0.8944271909999159,2500,OverICA,iid,False,5
8,8,8001,28,280001,True,0,False,10,0.0,0.003383069299161434,0.014277684047454484,0.011794413900756242,0.024900393732485752,0.0,1.0,8.610144733483862,8,2,0.8944271909999159,2500,OverICA,iid,False,5
8,5,5001,24,240001,True,0,False,10,0.0,0.00726074306294322,0.012174029877218594,0.010702486824398647,0.01784247093334316,0.0,1.0,8.786317099025759,8,2,0.8944271909999159,2500,OverICA,iid,False,5
8,5,5001,21,210001,True,0,False,10,0.0,0.0025836126878857613,0.01400564004314889,0.011876864457253906,0.02188964760473409,0.0,1.0,9.331720277814282,8,2,0.8944271909999159,2500,OverICA,iid,False,5
8,4,4001,13,130001,True,0,False,10,0.0,0.01243634894490242,0.008802203210557963,0.008038284189005526,0.014087259788283176,0.0,1.0,8.619157342805256,8,2,0.8944271909999159,2500,OverICA,iid,False,5
8,8,8001,16,160001,True,0,False,10,0.0,0.0058171721175313,0.007306994118309613,0.006155476576908962,0.0118244630441797,0.0,1.0,8.820802031483408,8,2,0.8944271909999159,2500,OverICA,iid,False,5
8,6,6001,6,60001,True,0,False,10,0.0,0.002265114802867174,0.008393617439772811,0.007160147726999493,0.015529337214686753,0.0,1.0,8.828435580888495,8,2,0.8944271909999159,2500,OverICA,iid,False,5
8,9,9001,7,70001,True,0,False,10,0.0,0.002657032571732998,0.012217034115312577,0.010071071784362604,0.024747736305851392,0.0,1.0,8.874580266444616,8,2,0.8944271909999159,2500,OverICA,iid,False,5
8,8,8001,18,180001,True,0,False,10,0.0,0.006598458159714937,0.016559900809996735,0.01423761858475057,0.027340124432687407,0.0,1.0,8.577316972152568,8,2,0.8944271909999159,2500,OverICA,iid,False,5
8,9,9001,9,90001,True,0,False,10,0.0,0.0028122523799538612,0.008256284869911208,0.007228364781271538,0.015317925643220463,0.0,1.0,9.189619938896062,8,2,0.8944271909999159,2500,OverICA,iid,False,5
8,5,5001,25,250001,True,0,False,10,0.0,0.004864058922976255,0.01867934899696272,0.015542767776700809,0.03275245297831914,0.0,1.0,8.907840161865513,8,2,0.8944271909999159,2500,OverICA,iid,False,5
8,8,8001,29,290001,True,0,False,10,0.0,0.0057450332678854465,0.01264300137748374,0.01162237981176969,0.021998770961357425,0.0,1.0,8.662002900980264,8,2,0.8944271909999159,2500,OverICA,iid,False,5
8,8,8001,23,230001,True,0,False,10,0.0,0.009341578930616379,0.012085865279404593,0.009611421496341756,0.02273114199441842,0.0,1.0,8.734015956530106,8,2,0.8944271909999159,2500,OverICA,iid,False,5
8,5,5001,22,220001,True,0,False,10,0.0,0.004949768073856831,0.00960965392477443,0.00807279523185198,0.019570899428417762,0.0,1.0,8.911223357116352,8,2,0.8944271909999159,2500,OverICA,iid,False,5
8,9,9001,18,180001,True,0,False,10,0.0,0.0024318848736584187,0.006816832049294904,0.004983465676433802,0.01340759289326557,0.0,1.0,8.711962961150443,8,2,0.8944271909999159,2500,OverICA,iid,False,5
8,8,8001,9,90001,True,0,False,10,0.0,0.009409669786691666,0.007327833737400139,0.005911340756648852,0.014617120695641745,0.0,1.0,9.107842107663755,8,2,0.8944271909999159,2500,OverICA,iid,False,5
8,5,5001,10,100001,True,0,False,10,0.0,0.01534561114385724,0.009651214480519671,0.007670513314641985,0.015769698470967906,0.0,1.0,8.6049865381812,8,2,0.8944271909999159,2500,OverICA,iid,False,5
8,9,9001,19,190001,True,0,False,10,0.0,0.0026939227245748043,0.014107261723394658,0.01287368561555782,0.019604622573288166,0.0,1.0,8.844340288049686,8,2,0.8944271909999159,2500,OverICA,iid,False,5
8,6,6001,8,80001,True,0,False,10,0.0,0.007280442863702774,0.012387045348533469,0.010769986658151673,0.018279906844580442,0.0,1.0,9.246169148488654,8,2,0.8944271909999159,2500,OverICA,iid,False,5
8,9,9001,1,10001,True,0,False,10,0.0,0.0028108018450438976,0.014105549253023536,0.011935005911817068,0.025869725844057948,0.0,1.0,8.900647207077432,8,2,0.8944271909999159,2500,OverICA,iid,False,5
8,6,6001,16,160001,True,0,False,10,0.0,0.006147539708763361,0.013568832441335204,0.012421687364929131,0.018910179511886015,0.0,1.0,8.717328687245237,8,2,0.8944271909999159,2500,OverICA,iid,False,5
8,9,9001,2,20001,True,0,False,10,0.0,0.006088571157306433,0.012998770852660048,0.011743431217736354,0.02316175946607391,0.0,1.0,8.751876705664799,8,2,0.8944271909999159,2500,OverICA,iid,False,5
8,5,5001,26,260001,True,0,False,10,0.0,0.008673703763633966,0.011109660864877238,0.009498634104081805,0.020613331872010022,0.0,1.0,8.82841189815608,8,2,0.8944271909999159,2500,OverICA,iid,False,5
8,5,5001,3,30001,True,0,False,10,0.0,0.017303168773651123,0.014267169767077488,0.01019545585316322,0.03395174037368483,0.0,1.0,8.66570242339682,8,2,0.8944271909999159,2500,OverICA,iid,False,5
8,6,6001,13,130001,True,0,False,10,0.0,0.0023772940039634705,0.012828912753101824,0.011118389730353243,0.025298817291124827,0.0,1.0,8.597529996218553,8,2,0.8944271909999159,2500,OverICA,iid,False,5
8,6,6001,1,10001,True,0,False,10,0.0,0.012847926933318377,0.007515614999790017,0.005717258596028047,0.01606104900691847,0.0,1.0,8.812968522692763,8,2,0.8944271909999159,2500,OverICA,iid,False,5
8,2,2001,4,40001,True,0,False,10,0.0,0.015010792762041092,0.012025762710871248,0.0076093931950455725,0.0314543161069106,0.0,1.0,8.76819709869058,8,2,0.8944271909999159,2500,OverICA,iid,False,5
8,6,6001,2,20001,True,0,False,10,0.0,0.008324266877025366,0.01918021984444252,0.015702204479610588,0.0296519506201662,0.0,1.0,8.670900608743148,8,2,0.8944271909999159,2500,OverICA,iid,False,5
8,3,3001,0,1,True,0,False,10,0.0,0.008147276937961578,0.011445844158049579,0.0085645949106039,0.026149116891759677,0.0,1.0,8.90507503953965,8,2,0.8944271909999159,2500,OverICA,iid,False,5
8,6,6001,15,150001,True,0,False,10,0.0,0.010259483940899372,0.01430888228661301,0.011983807837345654,0.026670433709828977,0.0,1.0,8.898997686366053,8,2,0.8944271909999159,2500,OverICA,iid,False,5
8,5,5001,28,280001,True,0,False,10,0.0,0.006278349086642265,0.017283434982874973,0.013807003222251854,0.037928164933460316,0.0,1.0,8.700978062713068,8,2,0.8944271909999159,2500,OverICA,iid,False,5
8,3,3001,8,80001,True,0,False,10,0.0,0.00596217205747962,0.01143275394671447,0.009700068991588366,0.020294714853536695,0.0,1.0,9.32647984921747,8,2,0.8944271909999159,2500,OverICA,iid,False,5
8,3,3001,20,200001,True,0,False,10,0.0,0.0039342246018350124,0.008777641136719755,0.007525593498486749,0.014177952148249974,0.0,1.0,8.885803898262555,8,2,0.8944271909999159,2500,OverICA,iid,False,5
8,6,6001,25,250001,True,0,False,10,0.0,0.006265339907258749,0.012515034239187277,0.010561888736973505,0.020853114203769833,0.0,1.0,8.871034683526855,8,2,0.8944271909999159,2500,OverICA,iid,False,5
8,9,9001,28,280001,True,0,False,10,0.0,0.002782911993563175,0.009351707342455445,0.008457770038603252,0.013854087661722895,0.0,1.0,8.52398769150704,8,2,0.8944271909999159,2500,OverICA,iid,False,5
8,4,4001,29,290001,True,0,False,10,0.0,0.026664358098059893,0.011604408906205513,0.009303816232703509,0.02179538488212099,0.0,1.0,8.606820353456069,8,2,0.8944271909999159,2500,OverICA,iid,False,5
8,3,3001,2,20001,True,0,False,10,0.0,0.009558518882840872,0.008151821335292355,0.007205966242302528,0.014765094311779947,0.0,1.0,8.772560457885202,8,2,0.8944271909999159,2500,OverICA,iid,False,5
8,6,6001,21,210001,True,0,False,10,0.0,0.0053511750884354115,0.013212740827341876,0.011155952194753344,0.021156933055040704,0.0,1.0,9.310853639305448,8,2,0.8944271909999159,2500,OverICA,iid,False,5
8,3,3001,1,10001,True,0,False,10,0.0,0.008729982655495405,0.01677167976914177,0.014100092678227724,0.034612682257114134,0.0,1.0,8.869752115532224,8,2,0.8944271909999159,2500,OverICA,iid,False,5
8,7,7001,9,90001,True,0,False,10,0.0,0.0023402548395097256,0.012728769611833363,0.011334362065631837,0.023100483258901124,0.0,1.0,9.093380393698421,8,2,0.8944271909999159,2500,OverICA,iid,False,5
8,7,7001,1,10001,True,0,False,10,0.0,0.002936050295829773,0.011143572462298629,0.008320909030898152,0.022482457379411378,0.0,1.0,8.949073469921013,8,2,0.8944271909999159,2500,OverICA,iid,False,5
8,7,7001,14,140001,True,0,False,10,0.0,0.0023595751263201237,0.008226388811373775,0.006033456495321422,0.013360182750988528,0.0,1.0,8.777015779842971,8,2,0.8944271909999159,2500,OverICA,iid,False,5
8,3,3001,19,190001,True,0,False,10,0.0,0.006042210850864649,0.008853951305707045,0.007175134252603008,0.016739847233332664,0.0,1.0,8.579280978520657,8,2,0.8944271909999159,2500,OverICA,iid,False,5
8,3,3001,25,250001,True,0,False,10,0.0,0.005280496086925268,0.009905254896649285,0.008934890354353511,0.015258241973225155,0.0,1.0,9.084473250918801,8,2,0.8944271909999159,2500,OverICA,iid,False,5
8,2,2001,23,230001,True,0,False,10,0.0,0.01977802300825715,0.011166750040405096,0.00902102762049331,0.020170851720979283,0.0,1.0,8.637603760225423,8,2,0.8944271909999159,2500,OverICA,iid,False,5
8,6,6001,26,260001,True,0,False,10,0.0,0.011297616641968489,0.016909717948906583,0.014987131577420846,0.028098818791670047,0.0,1.0,8.807593617363382,8,2,0.8944271909999159,2500,OverICA,iid,False,5
8,3,3001,22,220001,True,0,False,10,0.0,0.005539183970540762,0.010588389402121345,0.008797102854471725,0.019520561335487883,0.0,1.0,8.832851990008947,8,2,0.8944271909999159,2500,OverICA,iid,False,5
8,7,7001,21,210001,True,0,False,10,0.0,0.0021720160730183125,0.00910903194609589,0.004905888608584428,0.02502946474704746,0.0,1.0,9.256800671761495,8,2,0.8944271909999159,2500,OverICA,iid,False,5
8,7,7001,19,190001,True,0,False,10,0.0,0.0026918831281363964,0.012049452383510715,0.010511151207024146,0.021525567559615485,0.0,1.0,8.688196987595385,8,2,0.8944271909999159,2500,OverICA,iid,False,5
8,3,3001,14,140001,True,0,False,10,0.0,0.009437908884137869,0.00822268732975684,0.006220083050319398,0.017720350704052507,0.0,1.0,8.778232313467658,8,2,0.8944271909999159,2500,OverICA,iid,False,5
8,7,7001,11,110001,True,0,False,10,0.0,0.006528427824378014,0.01200241049523978,0.009332704812476944,0.02004836984726277,0.0,1.0,8.570601080764579,8,2,0.8944271909999159,2500,OverICA,iid,False,5
8,7,7001,22,220001,True,0,False,10,0.0,0.002958501223474741,0.014768988151256978,0.013436110437850769,0.025799859742457104,0.0,1.0,8.806619916697894,8,2,0.8944271909999159,2500,OverICA,iid,False,5
8,7,7001,25,250001,True,0,False,10,0.0,0.0028215120546519756,0.008561896914944557,0.00697482018327888,0.016429511836525853,0.0,1.0,8.892663557976897,8,2,0.8944271909999159,2500,OverICA,iid,False,5
8,3,3001,21,210001,True,0,False,10,0.0,0.007950328290462494,0.005377180564028244,0.0041986363482868355,0.012398311582129243,0.0,1.0,9.436219070633339,8,2,0.8944271909999159,2500,OverICA,iid,False,5
8,9,9001,15,150001,True,0,False,10,0.0,0.01367977075278759,0.013677036502123948,0.009765069934785799,0.0263431749073427,0.0,1.0,8.85873607532802,8,2,0.8944271909999159,2500,OverICA,iid,False,5
8,0,1,27,270001,True,0,False,10,0.0,0.004380612168461084,0.01438011173676011,0.011874655922192867,0.02733996319915739,0.0,1.0,8.576701891927561,8,2,0.8944271909999159,2500,OverICA,iid,False,5
8,3,3001,17,170001,True,0,False,10,0.0,0.0023973248898983,0.00857366835186475,0.007024920500660224,0.017576678711322045,0.0,1.0,8.438955881979007,8,2,0.8944271909999159,2500,OverICA,iid,False,5
8,0,1,22,220001,True,0,False,10,0.0,0.012951826211065054,0.008747200248625162,0.00761342288837852,0.012902268765849892,0.0,1.0,8.765998327113799,8,2,0.8944271909999159,2500,OverICA,iid,False,5
8,1,1001,16,160001,True,0,False,10,0.0,0.006824126001447439,0.011374387101044107,0.009981376818059875,0.019072907970248257,0.0,1.0,8.802510722926137,8,2,0.8944271909999159,2500,OverICA,iid,False,5
7,8,8001,11,110001,True,1,False,10,0.0,0.004759838804602623,0.03339624830405954,0.019198112622556565,0.08669613473288192,0.5385401866632196,0.8426159627833065,0.646003619189025,8,2,0.8944271909999159,2500,OverICA,iid,False,5
8,6,6001,5,50001,True,0,False,10,0.0,0.027866540011018515,0.011065001677451298,0.009376579309127187,0.018636212015785688,0.0,1.0,8.67186869819035,8,2,0.8944271909999159,2500,OverICA,iid,False,5
8,4,4001,22,220001,True,0,False,10,0.0,0.005223697051405907,0.00519544084891705,0.004157221809737963,0.012019628900110026,0.0,1.0,8.890768923150494,8,2,0.8944271909999159,2500,OverICA,iid,False,5
8,1,1001,20,200001,True,0,False,10,0.0,0.00488731823861599,0.012037894355811644,0.0107394456156912,0.018354051652027095,0.0,1.0,8.838023564480451,8,2,0.8944271909999159,2500,OverICA,iid,False,5
8,7,7001,20,200001,True,0,False,10,0.0,0.0024291840381920338,0.013271748739863006,0.010703804424589253,0.02314983110741706,0.0,1.0,8.814916027329547,8,2,0.8944271909999159,2500,OverICA,iid,False,5
8,9,9001,13,130001,True,0,False,10,0.0,0.014285268262028694,0.015287301739042329,0.013498306486686934,0.029252398961858654,0.0,1.0,8.762360712881105,8,2,0.8944271909999159,2500,OverICA,iid,False,5
8,1,1001,13,130001,True,0,False,10,0.0,0.00831899605691433,0.01347510913790118,0.009566930214174044,0.03156060922520677,0.0,1.0,8.679284214496068,8,2,0.8944271909999159,2500,OverICA,iid,False,5
8,8,8001,7,70001,True,0,False,10,0.0,0.0025688838213682175,0.013878196348978742,0.012541696527346373,0.02593838410259281,0.0,1.0,8.897369668743893,8,2,0.8944271909999159,2500,OverICA,iid,False,5
8,7,7001,15,150001,True,0,False,10,0.0,0.005616994109004736,0.011949686001988745,0.010975364789891091,0.017978057468035536,0.0,1.0,8.908305788778314,8,2,0.8944271909999159,2500,OverICA,iid,False,5
8,9,9001,4,40001,True,0,False,10,0.0,0.01879042899236083,0.011723050129607823,0.009467634216479774,0.02097072775776794,0.0,1.0,8.678965717052831,8,2,0.8944271909999159,2500,OverICA,iid,False,5
8,8,8001,11,110001,True,0,False,10,0.0,0.0029342807829380035,0.009869624910561108,0.008578883106258234,0.01692178437779503,0.0,1.0,8.59228167274592,8,2,0.8944271909999159,2500,OverICA,iid,False,5
8,7,7001,29,290001,True,0,False,10,0.0,0.006073860917240381,0.011644442341290952,0.009928681265861532,0.02126281034568268,0.0,1.0,8.566719465331605,8,2,0.8944271909999159,2500,OverICA,iid,False,5
8,8,8001,13,130001,True,0,False,10,0.0,0.0028233123011887074,0.01031731621553037,0.008930039440308308,0.020356262765423946,0.0,1.0,8.619776311997963,8,2,0.8944271909999159,2500,OverICA,iid,False,5
8,5,5001,11,110001,True,0,False,10,0.0,0.0026682731695473194,0.013949582667750567,0.011500966912364416,0.0242367779837539,0.0,1.0,8.553928870396136,8,2,0.8944271909999159,2500,OverICA,iid,False,5
8,4,4001,18,180001,True,0,False,10,0.0,0.00623406982049346,0.014579590854817009,0.01262154404905014,0.029889151701035246,0.0,1.0,8.724679211414305,8,2,0.8944271909999159,2500,OverICA,iid,False,5
8,5,5001,16,160001,True,0,False,10,0.0,0.0025139739736914635,0.011412078745973482,0.010224143262350913,0.019373698720491484,0.0,1.0,8.734564595242555,8,2,0.8944271909999159,2500,OverICA,iid,False,5
8,4,4001,19,190001,True,0,False,10,0.0,0.008024177979677916,0.011528339779517413,0.00913447838129634,0.024665847982351715,0.0,1.0,8.805104224078764,8,2,0.8944271909999159,2500,OverICA,iid,False,5
8,8,8001,3,30001,True,0,False,10,0.0,0.005381634924560785,0.010586711827050664,0.008448677937288342,0.02195066340141338,0.0,1.0,8.60571584677643,8,2,0.8944271909999159,2500,OverICA,iid,False,5
8,7,7001,5,50001,True,0,False,10,0.0,0.013658871874213219,0.014774148666027288,0.013376914716903906,0.0198967189312639,0.0,1.0,8.612785013162235,8,2,0.8944271909999159,2500,OverICA,iid,False,5
8,8,8001,19,190001,True,0,False,10,0.0,0.0030043800361454487,0.013262169185284476,0.010300104488856897,0.024776298042236286,0.0,1.0,8.728082833869191,8,2,0.8944271909999159,2500,OverICA,iid,False,5
8,8,8001,1,10001,True,0,False,10,0.0,0.008349156007170677,0.008079513603056181,0.006019126018980552,0.01905489928593215,0.0,1.0,8.931486639231155,8,2,0.8944271909999159,2500,OverICA,iid,False,5
8,8,8001,2,20001,True,0,False,10,0.0,0.008363285567611456,0.014047969983755005,0.011636079226950029,0.028470696795181733,0.0,1.0,8.659543017873112,8,2,0.8944271909999159,2500,OverICA,iid,False,5
8,8,8001,22,220001,True,0,False,10,0.0,0.0023055151104927063,0.017643881169171774,0.016094897764150927,0.02948238749671746,0.0,1.0,8.870113805942793,8,2,0.8944271909999159,2500,OverICA,iid,False,5
8,8,8001,20,200001,True,0,False,10,0.0,0.004082764033228159,0.014729530510112363,0.011454784346236535,0.026952486101388142,0.0,1.0,8.987051921898356,8,2,0.8944271909999159,2500,OverICA,iid,False,5
8,8,8001,15,150001,True,0,False,10,0.0,0.005427495110780001,0.00890942740112996,0.006711403957272839,0.018836700839210834,0.0,1.0,8.838731072572228,8,2,0.8944271909999159,2500,OverICA,iid,False,5
8,8,8001,17,170001,True,0,False,10,0.0,0.005271405912935734,0.00798372573612814,0.006613863807199591,0.014539441497408679,0.0,1.0,8.562074974601446,8,2,0.8944271909999159,2500,OverICA,iid,False,5
7,8,8001,28,280001,True,1,False,10,0.0,0.007261503953486681,0.02151955007667206,0.018525703366546707,0.03283896941832462,0.5394378207372738,0.8420834444413368,0.6205261806747703,8,2,0.8944271909999159,2500,OverICA,iid,False,5
8,8,8001,25,250001,True,0,False,10,0.0,0.0061384402215480804,0.015314832062433108,0.012660789761104376,0.0293213152424603,0.0,1.0,9.046509575879979,8,2,0.8944271909999159,2500,OverICA,iid,False,5
8,8,8001,27,270001,True,0,False,10,0.0,0.00562762375921011,0.014629840433638741,0.012807661725458712,0.024387604422156435,0.0,1.0,8.519482777078244,8,2,0.8944271909999159,2500,OverICA,iid,False,5
7,6,6001,17,170001,True,1,False,10,0.0,0.003962663933634758,0.013286009324120078,0.009461941695489655,0.03175387031419026,0.5697387256922791,0.8223555835813217,0.6291801067247128,8,2,0.8944271909999159,2500,OverICA,iid,False,5
8,6,6001,11,110001,True,0,False,10,0.0,0.004498590715229511,0.008858913956908302,0.006390415173351271,0.016395550890721682,0.0,1.0,8.62844152391831,8,2,0.8944271909999159,2500,OverICA,iid,False,5
8,6,6001,3,30001,True,0,False,10,0.0,0.005587013904005289,0.010520675902700798,0.007535453588043748,0.026361971690549435,0.0,1.0,8.590764675491933,8,2,0.8944271909999159,2500,OverICA,iid,False,5
8,6,6001,7,70001,True,0,False,10,0.0,0.005081817973405123,0.01174237930286478,0.010516361769751051,0.018215034149840784,0.0,1.0,8.765268057355893,8,2,0.8944271909999159,2500,OverICA,iid,False,5
8,5,5001,13,130001,True,0,False,10,0.0,0.005729612894356251,0.008987806636954221,0.007685224257623781,0.015282870512505983,0.0,1.0,8.560213138934454,8,2,0.8944271909999159,2500,OverICA,iid,False,5
8,9,9001,16,160001,True,0,False,10,0.0,0.003101849928498268,0.008925091412970808,0.006408071425290794,0.021874263714783918,0.0,1.0,8.689240722799846,8,2,0.8944271909999159,2500,OverICA,iid,False,5
8,5,5001,0,1,True,0,False,10,0.0,0.011371145956218243,0.01350076987193205,0.010561528036989384,0.025480942621476182,0.0,1.0,8.741676554558762,8,2,0.8944271909999159,2500,OverICA,iid,False,5
8,4,4001,21,210001,True,0,False,10,0.0,0.02008794993162155,0.018719481401624088,0.01566825393686286,0.033412856478373,0.0,1.0,9.392387165174243,8,2,0.8944271909999159,2500,OverICA,iid,False,5
8,2,2001,17,170001,True,0,False,10,0.0,0.003812274895608425,0.008896479201988014,0.007930983178167306,0.013793763345813108,0.0,1.0,8.613548364748265,8,2,0.8944271909999159,2500,OverICA,iid,False,5
8,6,6001,12,120001,True,0,False,10,0.0,0.004734160378575325,0.012908433694491002,0.010722942463041715,0.022779748680422165,0.0,1.0,9.49259532593841,8,2,0.8944271909999159,2500,OverICA,iid,False,5
8,6,6001,0,1,True,0,False,10,0.0,0.008293586317449808,0.011886649578814348,0.010143272938162952,0.01870036928274491,0.0,1.0,9.000497438411148,8,2,0.8944271909999159,2500,OverICA,iid,False,5
8,6,6001,17,170001,True,0,False,10,0.0,0.004715519025921822,0.012471770082606451,0.009882064891392959,0.023099912126003264,0.0,1.0,8.498894868744886,8,2,0.8944271909999159,2500,OverICA,iid,False,5
8,6,6001,19,190001,True,0,False,10,0.0,0.002804152201861143,0.015404536092060895,0.012779883091647102,0.028677051592401775,0.0,1.0,8.649745197901066,8,2,0.8944271909999159,2500,OverICA,iid,False,5
8,5,5001,18,180001,True,0,False,10,0.0,0.01325706485658884,0.009841143489087045,0.008810936758084698,0.01763642880516045,0.0,1.0,8.728922516219955,8,2,0.8944271909999159,2500,OverICA,iid,False,5
8,9,9001,24,240001,True,0,False,10,0.0,0.0022536148317158222,0.011038350851348232,0.008733494298962542,0.02528440758877423,0.0,1.0,8.841325995276467,8,2,0.8944271909999159,2500,OverICA,iid,False,5
8,6,6001,14,140001,True,0,False,10,0.0,0.004827758762985468,0.011208307287676975,0.010193783027783752,0.017910990195487447,0.0,1.0,8.765686929384788,8,2,0.8944271909999159,2500,OverICA,iid,False,5
8,9,9001,25,250001,True,0,False,10,0.0,0.002967800945043564,0.014549596719398953,0.013067654106905358,0.02308812006744132,0.0,1.0,9.007800599964234,8,2,0.8944271909999159,2500,OverICA,iid,False,5
8,9,9001,11,110001,True,0,False,10,0.0,0.002559544052928686,0.009422988592592338,0.007794773425148752,0.01665304660588657,0.0,1.0,8.6193126311473,8,2,0.8944271909999159,2500,OverICA,iid,False,5
8,9,9001,26,260001,True,0,False,10,0.0,0.002661643084138632,0.022128551003209766,0.019003481405886674,0.037722614478686384,0.0,1.0,8.851877993328216,8,2,0.8944271909999159,2500,OverICA,iid,False,5
8,5,5001,17,170001,True,0,False,10,0.0,0.011408735997974873,0.007627143067042143,0.007021610378466135,0.011286657224064453,0.0,1.0,8.565022405702743,8,2,0.8944271909999159,2500,OverICA,iid,False,5
8,9,9001,0,1,True,0,False,10,0.0,0.008456026203930378,0.015230179395858414,0.01195063017540083,0.026342227527813705,0.0,1.0,8.985381527177314,8,2,0.8944271909999159,2500,OverICA,iid,False,5
8,9,9001,5,50001,True,0,False,10,0.0,0.007446481846272945,0.014837751494473155,0.011898406921518294,0.02460866958366644,0.0,1.0,8.543562469612644,8,2,0.8944271909999159,2500,OverICA,iid,False,5
8,9,9001,22,220001,True,0,False,10,0.0,0.004502491094172001,0.01007826331934671,0.008831771091041014,0.01903733423294756,0.0,1.0,8.862756447554409,8,2,0.8944271909999159,2500,OverICA,iid,False,5
8,3,3001,10,100001,True,0,False,10,0.0,0.00394633412361145,0.009214925442986476,0.007891314674083594,0.014889391014249109,0.0,1.0,8.737440680800178,8,2,0.8944271909999159,2500,OverICA,iid,False,5
8,9,9001,17,170001,True,0,False,10,0.0,0.005767702125012875,0.009325254435913513,0.005758323236116573,0.023820588968899287,0.0,1.0,8.46722148469853,8,2,0.8944271909999159,2500,OverICA,iid,False,5
8,4,4001,20,200001,True,0,False,10,0.0,0.023262379225343466,0.01596231643821994,0.014136155651194988,0.0260939856210668,0.0,1.0,8.977651049849333,8,2,0.8944271909999159,2500,OverICA,iid,False,5
8,9,9001,21,210001,True,0,False,10,0.0,0.00505448691546917,0.01725868627257369,0.01468788361670259,0.028516753105240655,0.0,1.0,9.261870828030434,8,2,0.8944271909999159,2500,OverICA,iid,False,5
8,9,9001,29,290001,True,0,False,10,0.0,0.00253275316208601,0.015003716220435889,0.012489357951776985,0.025775305219455664,0.0,1.0,8.556212592448587,8,2,0.8944271909999159,2500,OverICA,iid,False,5
8,9,9001,10,100001,True,0,False,10,0.0,0.0027542132884263992,0.010650738205237993,0.009924678872613273,0.016479451553761054,0.0,1.0,8.69158453976306,8,2,0.8944271909999159,2500,OverICA,iid,False,5
8,7,7001,26,260001,True,0,False,10,0.0,0.023267269134521484,0.009830413685165657,0.008007284201427524,0.017819930469726467,0.0,1.0,8.856492930274724,8,2,0.8944271909999159,2500,OverICA,iid,False,5
8,6,6001,18,180001,True,0,False,10,0.0,0.0023233750835061073,0.006715897684709024,0.0059466301400948225,0.010913974311645138,0.0,1.0,8.691483166989157,8,2,0.8944271909999159,2500,OverICA,iid,False,5
8,9,9001,23,230001,True,0,False,10,0.0,0.005493383854627609,0.014642981963263768,0.011200330672019835,0.033856709620586165,0.0,1.0,8.59220462402611,8,2,0.8944271909999159,2500,OverICA,iid,False,5
8,5,5001,15,150001,True,0,False,10,0.0,0.01356117194518447,0.009130316856080088,0.007141159422359014,0.017500000963917572,0.0,1.0,8.839496038495412,8,2,0.8944271909999159,2500,OverICA,iid,False,5
8,9,9001,27,270001,True,0,False,10,0.0,0.006939196027815342,0.009368719456126547,0.007463859488828221,0.020801996753020323,0.0,1.0,8.618240806979808,8,2,0.8944271909999159,2500,OverICA,iid,False,5
8,4,4001,23,230001,True,0,False,10,0.0,0.022804592736065388,0.012129093912772207,0.009203970433810167,0.02864505148760772,0.0,1.0,8.650773449601726,8,2,0.8944271909999159,2500,OverICA,iid,False,5
8,9,9001,8,80001,True,0,False,10,0.0,0.011380556039512157,0.010461780532282763,0.007767065673778443,0.02387919115054722,0.0,1.0,9.294093869083934,8,2,0.8944271909999159,2500,OverICA,iid,False,5
8,9,9001,3,30001,True,0,False,10,0.0,0.012755318079143763,0.00960646017267802,0.0076975088372328564,0.019286954328172415,0.0,1.0,8.550952046224777,8,2,0.8944271909999159,2500,OverICA,iid,False,5
8,9,9001,12,120001,True,0,False,10,0.0,0.011190617922693491,0.010685363826439066,0.00863785572521231,0.021307187498733338,0.0,1.0,9.21849203759566,8,2,0.8944271909999159,2500,OverICA,iid,False,5
8,6,6001,28,280001,True,0,False,10,0.0,0.03712791996076703,0.01612463606104697,0.012676661666104691,0.03708874010777605,0.0,1.0,8.49421652710308,8,2,0.8944271909999159,2500,OverICA,iid,False,5
8,6,6001,27,270001,True,0,False,10,0.0,0.032353551127016544,0.009052149639812646,0.007615223036493037,0.01780113387693885,0.0,1.0,8.369765737900098,8,2,0.8944271909999159,2500,OverICA,iid,False,5
8,8,8001,4,40001,True,0,False,10,0.0,0.023112640250474215,0.008451780858076822,0.00640191662817542,0.018570433941111523,0.0,1.0,8.676611156066516,8,2,0.8944271909999159,2500,OverICA,iid,False,5
8,0,1,20,200001,True,0,False,10,0.0,0.010272614192217588,0.016091640459565702,0.013857931758383143,0.030163676175383843,0.0,1.0,8.962834427649973,8,2,0.8944271909999159,2500,OverICA,iid,False,5
8,9,9001,20,200001,True,0,False,10,0.0,0.013802140951156616,0.006013550398290915,0.005443815232605123,0.009641863184762936,0.0,1.0,8.876949512858332,8,2,0.8944271909999159,2500,OverICA,iid,False,5
8,9,9001,14,140001,True,0,False,10,0.0,0.015837846789509058,0.009330007735415174,0.007040092528609852,0.019386627640053458,0.0,1.0,8.767788534023472,8,2,0.8944271909999159,2500,OverICA,iid,False,5
8,8,8001,10,100001,True,0,False,10,0.0,0.013100274838507175,0.014239609354036623,0.010902016148146954,0.029583030179791865,0.0,1.0,8.607565649075198,8,2,0.8944271909999159,2500,OverICA,iid,False,5
7,8,8001,21,210001,True,1,False,10,0.0,0.004618019796907902,0.08051565880102071,0.04147139776839449,0.22232648078863676,1.4074998225793298,0.03736651725788397,0.7209829051201081,8,2,0.8944271909999159,2500,OverICA,iid,False,5
8,5,5001,1,10001,True,0,False,10,0.0,0.007637570612132549,0.009956651578891322,0.008010467419212857,0.018795753204095943,0.0,1.0,8.941103198060969,8,2,0.8944271909999159,2500,OverICA,iid,False,5
8,9,9001,6,60001,True,0,False,10,0.0,0.025928041897714138,0.013818544904591433,0.010290740245103748,0.02788807402220522,0.0,1.0,8.750467845707101,8,2,0.8944271909999159,2500,OverICA,iid,False,5
