n_known_src,init,init_seed,init_data,data_seed,converged,convergence_iteration,normalize_A,sn_ratio,Au_coherence,elapsed,A_err,A_err_angle_mean,A_err_angle_max,S_err_MSE,S_err_MCC,X_err,nsrc,nobs,sd_err,nreps,method,err_correlation_type,whiten_data,mu
8,0,1,5,50001,True,55,False,100,0.6599062785256397,0.00880904495716095,0.18794181925285644,0.13092657344091801,0.5562786501022071,0.46126380408702283,0.8818043158813593,0.0004935770895422801,16,8,0.2,2500,fast_ICA,iid,False,5
8,0,1,3,30001,True,36,False,100,0.6997904409634538,0.009490769822150469,0.07768328747969912,0.07063537754907644,0.1670143056133305,0.28772789738320637,0.9584370663810722,0.000552924622381469,16,8,0.2,2500,fast_ICA,iid,False,5
8,0,1,7,70001,True,41,False,100,0.677119999988192,0.010477554053068161,0.11473453408058273,0.09233482593858268,0.27927352670856065,0.404383883834478,0.8970569466621765,0.0008240348014555805,16,8,0.2,2500,fast_ICA,iid,False,5
8,0,1,4,40001,True,51,False,100,0.5322671863784584,0.011019150260835886,0.16328678633095137,0.12630734256265239,0.43708883768213175,0.48977542826544535,0.8786482984394104,0.0018379300069948962,16,8,0.2,2500,fast_ICA,iid,False,5
8,0,1,13,130001,True,48,False,100,0.7263247233923933,0.009242561645805836,0.25915620360734026,0.16054635619546864,0.8915190188216201,0.5479208205013364,0.8314734294008057,0.0007785733069374015,16,8,0.2,2500,fast_ICA,iid,False,5
8,0,1,1,10001,True,58,False,100,0.6138569231537075,0.011890234891325235,0.11555459802661196,0.0976200089872882,0.28086924892813353,0.4085754016419597,0.9158851305095534,0.0005028961670565938,16,8,0.2,2500,fast_ICA,iid,False,5
8,0,1,9,90001,True,53,False,100,0.7817205868726537,0.010672043077647686,0.11509918907057805,0.10029366556711962,0.23069106949493198,0.4534303961547172,0.8864388740143728,0.0005741019934752335,16,8,0.2,2500,fast_ICA,iid,False,5
8,0,1,21,210001,True,53,False,100,0.712366200334098,0.010865691117942333,0.11129351661960651,0.09670928560667635,0.20873370750019016,0.41498873799534214,0.9078156922771741,0.0006170600060962418,16,8,0.2,2500,fast_ICA,iid,False,5
8,0,1,23,230001,True,40,False,100,0.727631460756405,0.010824612341821194,0.23975422584185135,0.1510438154621732,1.0254144656485897,0.47378312046473026,0.8439006922326311,0.0006794054230296318,16,8,0.2,2500,fast_ICA,iid,False,5
8,0,1,22,220001,True,52,False,100,0.634264007610278,0.010861031711101532,0.26295339830987036,0.17856341653047075,0.8841406640200892,0.5331957499404725,0.8313425341959564,0.001218554599909401,16,8,0.2,2500,fast_ICA,iid,False,5
8,0,1,14,140001,True,51,False,100,0.6416038996530667,0.013667694292962551,0.26530870478806,0.1732647891881436,0.8872277197787544,0.5723139984136829,0.8004545230171398,0.0012115595763352296,16,8,0.2,2500,fast_ICA,iid,False,5
8,0,1,10,100001,True,36,False,100,0.8647650124797407,0.015863739885389805,0.08409412654792953,0.07567712160860181,0.17151033091263068,0.4048471733825398,0.9154984609325094,0.0005309807074567976,16,8,0.2,2500,fast_ICA,iid,False,5
8,0,1,24,240001,True,54,False,100,0.7686727878434086,0.01145542785525322,0.1536100568032472,0.12292177494425832,0.3670559357836613,0.49467687834430607,0.876449022438005,0.00046054265197280467,16,8,0.2,2500,fast_ICA,iid,False,5
8,1,1001,13,130001,True,55,False,100,0.7263247233923933,0.010077005717903376,0.17534927902376857,0.136001404249458,0.3749043273430331,0.5181156490377775,0.8535489513167482,0.000738177250825974,16,8,0.2,2500,fast_ICA,iid,False,5
8,1,1001,0,1,True,56,False,100,0.8348343904675654,0.012922018300741911,0.18633001661711468,0.14014661147404717,0.5258268976528887,0.502458676038094,0.8579263982290674,0.0005685464922948434,16,8,0.2,2500,fast_ICA,iid,False,5
8,1,1001,6,60001,True,41,False,100,0.7374488647673002,0.011201559100300074,0.08120565404475116,0.07323027219424665,0.14795298414023916,0.24027718495573674,0.9716792583355156,0.00020534083387374223,16,8,0.2,2500,fast_ICA,iid,False,5
8,0,1,29,290001,True,49,False,100,0.7568700173654567,0.015043174847960472,0.13471333664541824,0.11337437479779705,0.26151841238337814,0.4817582595791887,0.8724246223420005,0.0010925520516793948,16,8,0.2,2500,fast_ICA,iid,False,5
8,0,1,25,250001,True,36,False,100,0.6836229054110852,0.020646239165216684,0.26941699794533414,0.17584280698113902,1.1887328706593623,0.49510343737727863,0.8111717219800405,0.0016522598170619894,16,8,0.2,2500,fast_ICA,iid,False,5
8,1,1001,26,260001,True,78,False,100,0.7881409708700214,0.009495100006461143,0.28133008928608705,0.19739548794861767,1.1558866258015135,0.6668076681512161,0.7535134796854555,0.0003254870719607663,16,8,0.2,2500,fast_ICA,iid,False,5
8,1,1001,11,110001,True,50,False,100,0.7008885664687479,0.01578407036140561,0.10493072966107728,0.08898925994089901,0.27888165432080725,0.40621222455531525,0.912406727497705,0.00034658283104352865,16,8,0.2,2500,fast_ICA,iid,False,5
8,1,1001,22,220001,True,56,False,100,0.634264007610278,0.010143405757844448,0.1822141163772412,0.129777186996411,0.5322161708396047,0.4815053980193803,0.8686480672480081,0.0014994434347703925,16,8,0.2,2500,fast_ICA,iid,False,5
8,1,1001,19,190001,True,49,False,100,0.7294159637664959,0.014881815761327744,0.25557689833742026,0.15554080643705964,1.1178962872321738,0.5388658233229155,0.8166370686332672,0.001647105476480401,16,8,0.2,2500,fast_ICA,iid,False,5
8,1,1001,21,210001,True,48,False,100,0.712366200334098,0.015523371752351522,0.10938470378203333,0.09352351473058454,0.21705124913759324,0.4316823493449986,0.9074774327429396,0.000404414166635863,16,8,0.2,2500,fast_ICA,iid,False,5
8,1,1001,16,160001,True,81,False,100,0.7885122762720104,0.02198042068630457,0.21770489031093462,0.1449120854739994,0.8236433638045736,0.517699701476961,0.8243128453326085,0.0012180185215717983,16,8,0.2,2500,fast_ICA,iid,False,5
8,2,2001,6,60001,True,46,False,100,0.7374488647673002,0.010943631175905466,0.08089986310341378,0.07316220981869635,0.17139377877579903,0.2399686873862703,0.971969202609761,0.00023000855425211867,16,8,0.2,2500,fast_ICA,iid,False,5
8,1,1001,28,280001,True,54,False,100,0.7668574262965395,0.015996679197996855,0.16828168465208662,0.13365159201465523,0.34152434289134787,0.5243099355441575,0.8623122809752792,0.0029863468554906843,16,8,0.2,2500,fast_ICA,iid,False,5
8,2,2001,2,20001,True,50,False,100,0.7941791492531064,0.011617857031524181,0.14267831674890796,0.11403203486025923,0.25966261876060154,0.4928773626018101,0.8803802568113186,0.0015222872931413278,16,8,0.2,2500,fast_ICA,iid,False,5
8,2,2001,4,40001,True,51,False,100,0.5322671863784584,0.011661205906420946,0.14469607851691507,0.11804939660196928,0.26036252606888843,0.47635782705748375,0.8840826485537765,0.0017489030316547222,16,8,0.2,2500,fast_ICA,iid,False,5
8,2,2001,7,70001,True,46,False,100,0.677119999988192,0.012208443135023117,0.11846401276581892,0.0935689153705109,0.2778469516137884,0.40357294534492294,0.8959787463569593,0.0008113915082118514,16,8,0.2,2500,fast_ICA,iid,False,5
8,2,2001,14,140001,True,71,False,100,0.6416038996530667,0.007670382037758827,0.28486578369773735,0.1914554679926255,0.982419611598639,0.598300279739084,0.7838845508095349,0.0009544754297028973,16,8,0.2,2500,fast_ICA,iid,False,5
8,1,1001,24,240001,True,49,False,100,0.7686727878434086,0.020636538974940777,0.16506367039530884,0.12865666590856525,0.4360721527471827,0.488653739402751,0.8854707275748076,0.0005190302900531977,16,8,0.2,2500,fast_ICA,iid,False,5
8,2,2001,8,80001,True,42,False,100,0.6193674452698826,0.015268453862518072,0.10452784755870655,0.08815687787609841,0.19412261991747598,0.379550088721184,0.9239751167880914,0.0002717566430701018,16,8,0.2,2500,fast_ICA,iid,False,5
8,2,2001,19,190001,True,50,False,100,0.7294159637664959,0.007605051621794701,0.20878033980770036,0.13811321831504475,0.6847632174994014,0.5234551954463835,0.8230585599088072,0.0013484337013860966,16,8,0.2,2500,fast_ICA,iid,False,5
8,2,2001,17,170001,True,49,False,100,0.7170677399879132,0.007944330107420683,0.16032446853843305,0.11617210795809751,0.4633650136626509,0.5229588246562624,0.8300393202890486,0.0004246352864073815,16,8,0.2,2500,fast_ICA,iid,False,5
8,0,1,8,80001,True,51,False,100,0.6193674452698826,0.011854985263198614,0.11486884505506875,0.09328638899532976,0.2857969113321397,0.39017362740406747,0.9214158134017296,0.0003129035507075439,16,8,0.2,2500,fast_ICA,iid,False,5
8,2,2001,22,220001,True,55,False,100,0.634264007610278,0.006457129027694464,0.23171877984988593,0.1589301861334395,0.6885772381762651,0.5111482863734962,0.8493022849113545,0.0012171887539585645,16,8,0.2,2500,fast_ICA,iid,False,5
8,2,2001,5,50001,True,45,False,100,0.6599062785256397,0.015535482205450535,0.1442951692260048,0.11416943243963452,0.3150547049644363,0.42840870329880343,0.8993822709756344,0.00036083525567192433,16,8,0.2,2500,fast_ICA,iid,False,5
8,2,2001,10,100001,True,33,False,100,0.8647650124797407,0.014692666940391064,0.09483945105980662,0.08370100480605949,0.1967306309374879,0.40012661554874973,0.9187301718626819,0.0004869401043241881,16,8,0.2,2500,fast_ICA,iid,False,5
8,0,1,15,150001,True,57,False,100,0.7147120926602737,0.01195645472034812,0.18227307172919185,0.12565333012029833,0.5297787367086463,0.5127221282887646,0.8398009944949005,0.0007760291590080211,16,8,0.2,2500,fast_ICA,iid,False,5
8,2,2001,21,210001,True,47,False,100,0.712366200334098,0.007422742899507284,0.10918123942847117,0.09484667214929358,0.22712733476468916,0.40886981847900383,0.9125644519801859,0.0006312355896684126,16,8,0.2,2500,fast_ICA,iid,False,5
8,2,2001,13,130001,True,62,False,100,0.7263247233923933,0.013831653166562319,0.16804521248080428,0.12402640404846471,0.44755405405300824,0.5246819433940766,0.845078573299566,0.0004852247313411542,16,8,0.2,2500,fast_ICA,iid,False,5
8,2,2001,15,150001,True,61,False,100,0.7147120926602737,0.014601228293031454,0.16335614677310387,0.12558820351486383,0.38473476513278526,0.5115429595814587,0.8453403723901848,0.0008937057536886899,16,8,0.2,2500,fast_ICA,iid,False,5
8,0,1,6,60001,True,40,False,100,0.7374488647673002,0.016336197033524513,0.07294626563289977,0.06746081466636678,0.14321980151818334,0.2317962974432283,0.9734686153484364,0.00018593961449417097,16,8,0.2,2500,fast_ICA,iid,False,5
8,0,1,16,160001,True,45,False,100,0.7885122762720104,0.010861292015761137,0.24595016495090846,0.15615344775599754,1.0620093400207564,0.5080064843772807,0.8238354182622913,0.0013974959532535817,16,8,0.2,2500,fast_ICA,iid,False,5
8,2,2001,29,290001,True,48,False,100,0.7568700173654567,0.008473547175526619,0.13784828277879893,0.11155703198746532,0.3389607135017549,0.48232311275790873,0.8734765239368452,0.0010616401345924468,16,8,0.2,2500,fast_ICA,iid,False,5
8,0,1,17,170001,True,54,False,100,0.7170677399879132,0.010816911235451698,0.19689222035759935,0.13214278347310093,0.6674907021683935,0.532725234788701,0.8240734913188399,0.0004295757689951287,16,8,0.2,2500,fast_ICA,iid,False,5
8,0,1,11,110001,True,44,False,100,0.7008885664687479,0.014723896980285645,0.11146634634196252,0.08825073250478564,0.33238181055356053,0.3945676452405343,0.9139545633052326,0.0004210572514958244,16,8,0.2,2500,fast_ICA,iid,False,5
8,0,1,20,200001,True,41,False,100,0.7062500169808623,0.01452212780714035,0.1726154880344674,0.12153259945621678,0.5639363488275425,0.4897541090428933,0.8625876415846214,0.0014364079293445338,16,8,0.2,2500,fast_ICA,iid,False,5
8,3,3001,12,120001,True,49,False,100,0.861151067791915,0.00674319826066494,0.14239680294597762,0.11627239855465071,0.27238528252599803,0.46203093156681285,0.8815157154399694,0.00039558677227864594,16,8,0.2,2500,fast_ICA,iid,False,5
8,1,1001,4,40001,True,43,False,100,0.5322671863784584,0.010192226152867079,0.2099161246481992,0.14363314462176568,0.6249507837324793,0.5277997588484281,0.8479156662477365,0.0021032612556391612,16,8,0.2,2500,fast_ICA,iid,False,5
8,0,1,26,260001,True,126,False,100,0.7881409708700214,0.015018006321042776,0.3111686353792808,0.24055409472313494,0.9981713092779151,0.7642692152480384,0.7138108644612482,0.00037453243787659464,16,8,0.2,2500,fast_ICA,iid,False,5
8,3,3001,6,60001,True,44,False,100,0.7374488647673002,0.009810358751565218,0.07986516654069879,0.07476733120231162,0.13225416889716327,0.2383441099276677,0.9725310381298684,0.0002882897942941791,16,8,0.2,2500,fast_ICA,iid,False,5
8,1,1001,10,100001,True,47,False,100,0.8647650124797407,0.011026330292224884,0.08479563320102354,0.07738671106531865,0.15172587171066534,0.40830165424774056,0.915979011004592,0.0004569579361329465,16,8,0.2,2500,fast_ICA,iid,False,5
8,3,3001,2,20001,True,44,False,100,0.7941791492531064,0.012874189298599958,0.1304488938105395,0.1043408036587477,0.2509561568256514,0.48809060344888566,0.8800972085194172,0.0013924782798882692,16,8,0.2,2500,fast_ICA,iid,False,5
8,0,1,27,270001,True,54,False,100,0.6819979473634458,0.016220096964389086,0.2731168253712071,0.1764489934793535,0.9827125076836295,0.5397009528999188,0.7999897647096508,0.0010893797029511148,16,8,0.2,2500,fast_ICA,iid,False,5
8,2,2001,20,200001,True,48,False,100,0.7062500169808623,0.0180212059058249,0.14361252957755816,0.11375269626538254,0.3491041866932334,0.47685169818472906,0.8714452665521495,0.0015940748620600223,16,8,0.2,2500,fast_ICA,iid,False,5
8,1,1001,3,30001,True,41,False,100,0.6997904409634538,0.013740174006670713,0.07695211489025902,0.0708339370892716,0.13228639912225584,0.28454907494650106,0.957705940124327,0.0005889157380774656,16,8,0.2,2500,fast_ICA,iid,False,5
8,1,1001,5,50001,True,59,False,100,0.6599062785256397,0.012986137997359037,0.16128894603984484,0.12274448702246989,0.41701394900310434,0.4388583986620509,0.8945129597187702,0.0004491528678243399,16,8,0.2,2500,fast_ICA,iid,False,5
8,1,1001,8,80001,True,47,False,100,0.6193674452698826,0.01217241259291768,0.11284754815309941,0.09153329751132463,0.2779530230243442,0.390065852123304,0.9209962495710882,0.00032929979306268526,16,8,0.2,2500,fast_ICA,iid,False,5
8,3,3001,25,250001,True,49,False,100,0.6836229054110852,0.008646826259791851,0.24492899113479621,0.15032541689789508,1.079333633898331,0.4788115599596797,0.8148516977126644,0.001775517670989387,16,8,0.2,2500,fast_ICA,iid,False,5
8,1,1001,15,150001,True,50,False,100,0.7147120926602737,0.011673597153276205,0.1805401453247546,0.1335475941149985,0.4446123283911162,0.5190681448042508,0.845799724406977,0.0007972277846197696,16,8,0.2,2500,fast_ICA,iid,False,5
8,2,2001,26,260001,True,65,False,100,0.7881409708700214,0.017818987369537354,0.2387673515263051,0.1812534137471828,0.552978950516453,0.6902078277718098,0.7511684918079039,0.0004316667641860984,16,8,0.2,2500,fast_ICA,iid,False,5
8,1,1001,1,10001,True,39,False,100,0.6138569231537075,0.015503881964832544,0.13228818165558168,0.10115647705902671,0.4241754144686693,0.4155689530006721,0.9114706875293113,0.0005643761900587248,16,8,0.2,2500,fast_ICA,iid,False,5
8,1,1001,18,180001,True,44,False,100,0.6723535860361821,0.013322415761649609,0.09783145277168075,0.08550313131481019,0.19877205019975314,0.3490626065264927,0.9354829434328422,0.0003173122591753024,16,8,0.2,2500,fast_ICA,iid,False,5
8,3,3001,5,50001,True,41,False,100,0.6599062785256397,0.01617838814854622,0.15139368094511346,0.12329649686653273,0.279909379701258,0.4587945917386171,0.8936543731477232,0.0004917162967394194,16,8,0.2,2500,fast_ICA,iid,False,5
8,4,4001,17,170001,True,39,False,100,0.7170677399879132,0.006444360129535198,0.16780841315328976,0.12156317481337127,0.5243232655750945,0.5246701080305731,0.8329903279747974,0.00046082145801031905,16,8,0.2,2500,fast_ICA,iid,False,5
8,1,1001,23,230001,True,38,False,100,0.727631460756405,0.011343128979206085,0.15634524960051563,0.12235991525672239,0.41475450441934464,0.4643021937153076,0.8506752332145002,0.00062453687456955,16,8,0.2,2500,fast_ICA,iid,False,5
8,4,4001,7,70001,True,52,False,100,0.677119999988192,0.010680273175239563,0.11282072826557588,0.09438101955884054,0.2406989439902252,0.4179273995290393,0.8967770586322659,0.0010163974664282084,16,8,0.2,2500,fast_ICA,iid,False,5
8,4,4001,3,30001,True,42,False,100,0.6997904409634538,0.010632022749632597,0.09020456673931232,0.08224079788388591,0.12967570796939223,0.3035128197854184,0.9550932963438266,0.0006904124888452286,16,8,0.2,2500,fast_ICA,iid,False,5
8,4,4001,13,130001,True,56,False,100,0.7263247233923933,0.011169968638569117,0.18596676245552757,0.1418267639668003,0.4217501260712238,0.5483883609917308,0.8423028730322347,0.0008804838219150423,16,8,0.2,2500,fast_ICA,iid,False,5
8,3,3001,13,130001,True,59,False,100,0.7263247233923933,0.02136743487790227,0.259211633655705,0.1650088412448413,0.8716694381474339,0.5568791977740482,0.8158583821734104,0.0007391702793583294,16,8,0.2,2500,fast_ICA,iid,False,5
8,0,1,18,180001,True,41,False,100,0.6723535860361821,0.009734678082168102,0.08626281922630846,0.07955039993448648,0.14703259565640953,0.33329229049556663,0.9390222615809516,0.000292807337164015,16,8,0.2,2500,fast_ICA,iid,False,5
8,2,2001,27,270001,True,51,False,100,0.6819979473634458,0.028260331135243177,0.2848861437368071,0.18714737147450894,0.9096791863269602,0.5614234889143661,0.7953866137153949,0.0011368314502323692,16,8,0.2,2500,fast_ICA,iid,False,5
8,0,1,2,20001,True,54,False,100,0.7941791492531064,0.015970169100910425,0.10832718322280309,0.09046840923783325,0.20776436983728064,0.4669448274471143,0.8900172583034799,0.001528093224324676,16,8,0.2,2500,fast_ICA,iid,False,5
8,4,4001,6,60001,True,34,False,100,0.7374488647673002,0.013934912160038948,0.07623996946524238,0.07033634175731307,0.139551253136228,0.23599625693330095,0.9729311081840529,0.00024963531059582836,16,8,0.2,2500,fast_ICA,iid,False,5
8,3,3001,28,280001,True,45,False,100,0.7668574262965395,0.016511535737663507,0.16259804071190323,0.1296449862455515,0.35862232821219786,0.5184166973977227,0.8663863987401552,0.002931517387288492,16,8,0.2,2500,fast_ICA,iid,False,5
8,4,4001,9,90001,True,61,False,100,0.7817205868726537,0.015557880979031324,0.13277504593561346,0.10159201986950617,0.34423013545587716,0.4733669415093721,0.8813322283980274,0.0005759241216067945,16,8,0.2,2500,fast_ICA,iid,False,5
8,2,2001,16,160001,True,65,False,100,0.7885122762720104,0.016033588908612728,0.27298263854339244,0.1813391479433086,1.2836798853299582,0.562278092741978,0.801951265115335,0.0010644703294975459,16,8,0.2,2500,fast_ICA,iid,False,5
8,2,2001,12,120001,True,54,False,100,0.861151067791915,0.013536554761230946,0.23533804229986988,0.14674890198236282,0.8680955217505613,0.4942172009624442,0.8484944003808597,0.000300367206343047,16,8,0.2,2500,fast_ICA,iid,False,5
8,4,4001,5,50001,True,39,False,100,0.6599062785256397,0.01966350618749857,0.12518750362874054,0.10693138377072173,0.22499470163117732,0.4429040659343255,0.8986116342734036,0.0003869612499364339,16,8,0.2,2500,fast_ICA,iid,False,5
8,0,1,0,1,True,57,False,100,0.8348343904675654,0.013535675127059221,0.22936979232181112,0.14824526494017576,0.8274324769008761,0.5055897688578946,0.8443410891442712,0.0005088631355129008,16,8,0.2,2500,fast_ICA,iid,False,5
8,3,3001,29,290001,True,51,False,100,0.7568700173654567,0.019171059131622314,0.14762417695424487,0.11662326494688702,0.39680146028211466,0.475790063091332,0.8717569394836309,0.0012735672805813383,16,8,0.2,2500,fast_ICA,iid,False,5
8,4,4001,8,80001,True,43,False,100,0.6193674452698826,0.019830334931612015,0.09014226577687731,0.07786200067930203,0.1860344878892877,0.36998904103602914,0.9273364774243814,0.00022397965245410197,16,8,0.2,2500,fast_ICA,iid,False,5
8,4,4001,14,140001,True,70,False,100,0.6416038996530667,0.021144225727766752,0.3039494102950625,0.20600807643626856,1.0070346105266361,0.5853901397033718,0.7883998789732034,0.0011201764762523213,16,8,0.2,2500,fast_ICA,iid,False,5
8,0,1,19,190001,True,36,False,100,0.7294159637664959,0.011006420943886042,0.24082879163611504,0.14310832500519582,1.042183204921686,0.5198835611518273,0.8246659547573671,0.0015836988672930448,16,8,0.2,2500,fast_ICA,iid,False,5
8,0,1,28,280001,True,49,False,100,0.7668574262965395,0.01098826015368104,0.17847629471843965,0.14480546347759013,0.40726951291655406,0.5285057999254856,0.8615163829201863,0.0028368196733763356,16,8,0.2,2500,fast_ICA,iid,False,5
8,3,3001,27,270001,True,45,False,100,0.6819979473634458,0.023306203074753284,0.3203635132647024,0.21260359300580114,1.3303308707105086,0.5571988082707682,0.7955517832738485,0.001153020044884136,16,8,0.2,2500,fast_ICA,iid,False,5
8,4,4001,25,250001,True,42,False,100,0.6836229054110852,0.016988371964544058,0.2702081783969055,0.17802624142813128,1.56112682035931,2.635239734729477,0.8115034136160911,0.001578323699412979,16,8,0.2,2500,fast_ICA,iid,False,5
8,3,3001,15,150001,True,56,False,100,0.7147120926602737,0.010187465697526932,0.19146756406357188,0.1376998941305296,0.5320632565103054,0.5213695777916664,0.8412538762087556,0.0007292318345903206,16,8,0.2,2500,fast_ICA,iid,False,5
8,5,5001,15,150001,True,61,False,100,0.7147120926602737,0.008428437169641256,0.19283370206100378,0.13664090847623064,0.5045518220879338,0.5236708192506895,0.8423948895142235,0.0007515877501682247,16,8,0.2,2500,fast_ICA,iid,False,5
8,1,1001,9,90001,True,53,False,100,0.7817205868726537,0.011844244785606861,0.1477864613818569,0.11426324564042027,0.405167647140813,0.4578704214356775,0.8935959843705263,0.0007834383126185986,16,8,0.2,2500,fast_ICA,iid,False,5
8,3,3001,7,70001,True,51,False,100,0.677119999988192,0.034425302408635616,0.11819620002648723,0.0940049537965949,0.28575819180437156,0.40155861742549315,0.90005874404396,0.0008699938051128322,16,8,0.2,2500,fast_ICA,iid,False,5
8,1,1001,29,290001,True,56,False,100,0.7568700173654567,0.010222124867141247,0.15482736402541394,0.12906451934996693,0.30758193209537243,0.495515933075965,0.8695388237662818,0.0014079664297168165,16,8,0.2,2500,fast_ICA,iid,False,5
8,4,4001,16,160001,True,35,False,100,0.7885122762720104,0.01629870804026723,0.2798712668696224,0.206748927567469,0.905731340053045,0.8992439664508762,0.8099783596483677,0.001272983571006197,16,8,0.2,2500,fast_ICA,iid,False,5
8,3,3001,20,200001,True,52,False,100,0.7062500169808623,0.006931377109140158,0.17283579548186326,0.128581816356296,0.521274486161036,0.4854515336680397,0.8656802147819826,0.0014737744034918428,16,8,0.2,2500,fast_ICA,iid,False,5
8,4,4001,27,270001,True,59,False,100,0.6819979473634458,0.016466335859149694,0.27905795737675676,0.1818724420595899,1.0201219190440474,0.5436946249022528,0.7978136913762741,0.0011385062026577782,16,8,0.2,2500,fast_ICA,iid,False,5
8,2,2001,9,90001,True,90,False,100,0.7817205868726537,0.011328297667205334,0.13106514235032382,0.11040729351462755,0.254691341853923,0.447322258428818,0.8906799948461168,0.0005833159020359904,16,8,0.2,2500,fast_ICA,iid,False,5
8,3,3001,11,110001,True,44,False,100,0.7008885664687479,0.014172281138598919,0.13200009910894647,0.1091420687083377,0.2791247977442284,0.41657746894840786,0.9111309239658609,0.0003067332214987629,16,8,0.2,2500,fast_ICA,iid,False,5
8,5,5001,24,240001,True,55,False,100,0.7686727878434086,0.016086138784885406,0.14389649067889934,0.1154740783450931,0.3423510212264296,0.4595620702997838,0.8961416036716027,0.000553019884130734,16,8,0.2,2500,fast_ICA,iid,False,5
8,3,3001,4,40001,True,45,False,100,0.5322671863784584,0.039061132818460464,0.13331572207911513,0.10762175715423467,0.2861782499081405,0.4667558874067099,0.8847226506012948,0.0017119093311310678,16,8,0.2,2500,fast_ICA,iid,False,5
8,6,6001,10,100001,True,37,False,100,0.8647650124797407,0.0079927290789783,0.09968517784096556,0.08801160931267957,0.19009410831533566,0.42020296839566473,0.914869507944279,0.0004410755962638547,16,8,0.2,2500,fast_ICA,iid,False,5
8,2,2001,28,280001,True,53,False,100,0.7668574262965395,0.02344232192263007,0.15872022089835955,0.13050430822629758,0.37026664494106676,0.5228065307707779,0.8647336730202944,0.003155013492376591,16,8,0.2,2500,fast_ICA,iid,False,5
8,4,4001,24,240001,True,54,False,100,0.7686727878434086,0.008411816786974669,0.12209006645742924,0.09787182092562058,0.27172729189055367,0.4448241659279969,0.9021503167157724,0.0005292762299795552,16,8,0.2,2500,fast_ICA,iid,False,5
8,3,3001,9,90001,True,60,False,100,0.7817205868726537,0.016639614943414927,0.12693228536321055,0.10543121545501286,0.2631643257432625,0.460052730577005,0.885740330129113,0.0005110724305017052,16,8,0.2,2500,fast_ICA,iid,False,5
8,2,2001,3,30001,True,41,False,100,0.6997904409634538,0.0067851366475224495,0.08448409454748583,0.07416019668343721,0.1597130703505757,0.28030092792927147,0.959086324345211,0.0006237754176306221,16,8,0.2,2500,fast_ICA,iid,False,5
8,0,1,12,120001,True,62,False,100,0.861151067791915,0.012952459044754505,0.14432794241626445,0.10536385068924252,0.41246143604160307,0.4579863851581741,0.8739793919614541,0.0004453000651747448,16,8,0.2,2500,fast_ICA,iid,False,5
8,6,6001,2,20001,True,45,False,100,0.7941791492531064,0.011024580337107182,0.1486116306938419,0.12148763222258882,0.2606315634101483,0.509843538878639,0.8710602003969933,0.0015768909366101638,16,8,0.2,2500,fast_ICA,iid,False,5
8,3,3001,24,240001,True,97,False,100,0.7686727878434086,0.0459438799880445,0.15593044358641392,0.12111195376346623,0.428507405878308,0.4868568736962884,0.8845583074775933,0.0004813012003514247,16,8,0.2,2500,fast_ICA,iid,False,5
8,6,6001,9,90001,True,92,False,100,0.7817205868726537,0.013053467031568289,0.13467230768495894,0.107895449766849,0.3559316806156191,0.450324608790051,0.8904988465042025,0.000742610279678883,16,8,0.2,2500,fast_ICA,iid,False,5
8,2,2001,0,1,True,66,False,100,0.8348343904675654,0.01016027620062232,0.15020034808753854,0.1204310829977385,0.3526204828362606,0.4871503248044445,0.8678572521966252,0.0005366217280777616,16,8,0.2,2500,fast_ICA,iid,False,5
8,5,5001,21,210001,True,49,False,100,0.712366200334098,0.022283859085291624,0.12302861902449494,0.10310183291743003,0.2598229334132846,0.4254373167901775,0.9056433057436386,0.0004358608015451278,16,8,0.2,2500,fast_ICA,iid,False,5
8,4,4001,1,10001,True,54,False,100,0.6138569231537075,0.0202142926864326,0.14875088440014417,0.10452747001255064,0.4446741239042444,0.42694209067205313,0.9049176225318589,0.0005113815139221502,16,8,0.2,2500,fast_ICA,iid,False,5
8,3,3001,1,10001,True,46,False,100,0.6138569231537075,0.007227793801575899,0.10460396191241945,0.09176793205371568,0.23629470917411902,0.39709146083752334,0.9204595057649916,0.0006164178582205233,16,8,0.2,2500,fast_ICA,iid,False,5
8,5,5001,23,230001,True,40,False,100,0.727631460756405,0.015590401832014322,0.17088575773360506,0.11954368309539735,0.6015603801441914,0.4492594839532469,0.8501107672280407,0.0005865691302360821,16,8,0.2,2500,fast_ICA,iid,False,5
8,6,6001,8,80001,True,49,False,100,0.6193674452698826,0.012256821617484093,0.12281506088483066,0.09521592412042051,0.3582960805433931,0.3973271186367573,0.9162771081688569,0.00030723575690352347,16,8,0.2,2500,fast_ICA,iid,False,5
8,4,4001,10,100001,True,44,False,100,0.8647650124797407,0.018705422058701515,0.09956693907057151,0.08208176058224126,0.2572268662314945,0.4046197845809921,0.9172787876677607,0.00045978232840254317,16,8,0.2,2500,fast_ICA,iid,False,5
8,1,1001,25,250001,True,37,False,100,0.6836229054110852,0.0101429158821702,0.2693564241433741,0.1657370223619887,1.0357630894149727,0.5156977743002793,0.8092795457503663,0.0021245295820492205,16,8,0.2,2500,fast_ICA,iid,False,5
8,3,3001,23,230001,True,49,False,100,0.727631460756405,0.024164997972548008,0.23765014293038164,0.14908448843536148,1.034389041265145,0.4713279783777793,0.839258958389529,0.0006209735992994905,16,8,0.2,2500,fast_ICA,iid,False,5
8,5,5001,11,110001,True,57,False,100,0.7008885664687479,0.012173872906714678,0.14769626803622865,0.11456569410830109,0.3659924192129207,0.4347464329188042,0.9020567934645763,0.00043117002127922424,16,8,0.2,2500,fast_ICA,iid,False,5
8,6,6001,13,130001,True,63,False,100,0.7263247233923933,0.011553156655281782,0.25655358225260644,0.17107688205040594,0.8868648412656376,0.5750790108977255,0.8190281698785205,0.0007000357032068062,16,8,0.2,2500,fast_ICA,iid,False,5
8,3,3001,14,140001,True,129,False,100,0.6416038996530667,0.032582643907517195,0.31910519840118695,0.220737783715815,1.4048214602144529,0.6123266438050186,0.8021084853758679,0.001049338287491488,16,8,0.2,2500,fast_ICA,iid,False,5
8,4,4001,4,40001,True,49,False,100,0.5322671863784584,0.008352217264473438,0.14943278464152718,0.11163318014965558,0.41247065106651387,0.4903783835311471,0.8776915553682962,0.0016465057303253203,16,8,0.2,2500,fast_ICA,iid,False,5
8,3,3001,18,180001,True,46,False,100,0.6723535860361821,0.015541652217507362,0.08066568911263965,0.07191288410820723,0.1811405076879688,0.3391011122661898,0.9362854221801388,0.0003635258924899851,16,8,0.2,2500,fast_ICA,iid,False,5
8,3,3001,21,210001,True,49,False,100,0.712366200334098,0.026123355142772198,0.1083805811654436,0.09601582406382997,0.18772466212671352,0.4042184083097737,0.9139378865083421,0.0005142068155640525,16,8,0.2,2500,fast_ICA,iid,False,5
8,4,4001,20,200001,True,49,False,100,0.7062500169808623,0.019482446834445,0.16695066968539354,0.12593811334504262,0.48237332979063796,0.4819932050711927,0.8667880878223364,0.0014544183899934883,16,8,0.2,2500,fast_ICA,iid,False,5
8,5,5001,10,100001,True,40,False,100,0.8647650124797407,0.01349645433947444,0.10301498262283945,0.0862496091047389,0.24578367719131977,0.4104619043166733,0.9160428686448436,0.00044711186969729707,16,8,0.2,2500,fast_ICA,iid,False,5
8,3,3001,17,170001,True,44,False,100,0.7170677399879132,0.007080895826220512,0.208020347738049,0.13532925901142018,0.7653662716094038,0.5300739982612113,0.8263374041750153,0.0004952766360106498,16,8,0.2,2500,fast_ICA,iid,False,5
8,6,6001,17,170001,True,44,False,100,0.7170677399879132,0.013217416126281023,0.20940468451123256,0.14440332226366137,0.727390599423051,0.5340936098542707,0.8215239430031128,0.00045901077378110016,16,8,0.2,2500,fast_ICA,iid,False,5
8,3,3001,0,1,True,75,False,100,0.8348343904675654,0.014947996009141207,0.1657657373564933,0.12348233910210843,0.43291248711842145,0.49129733749671156,0.8712476589108135,0.0004740766152868743,16,8,0.2,2500,fast_ICA,iid,False,5
8,5,5001,14,140001,True,41,False,100,0.6416038996530667,0.013689184095710516,0.2769194850661957,0.19142511355035582,0.9974992668554589,0.5595016443887819,0.7961336575479552,0.001170863928163026,16,8,0.2,2500,fast_ICA,iid,False,5
8,6,6001,5,50001,True,51,False,100,0.6599062785256397,0.028216292150318623,0.14301471926978293,0.11320401034215405,0.32395158266151197,0.44437234495847056,0.892078793890375,0.00030669420172871385,16,8,0.2,2500,fast_ICA,iid,False,5
8,7,7001,8,80001,True,48,False,100,0.6193674452698826,0.017356781288981438,0.09309893185373702,0.07927398596382282,0.20481602793504353,0.3762843795665859,0.9240737392090985,0.00027634714053586016,16,8,0.2,2500,fast_ICA,iid,False,5
8,1,1001,27,270001,True,60,False,100,0.6819979473634458,0.011505967006087303,0.28238276599760137,0.18690349910811418,1.0856871079013337,0.527530938036046,0.8042426678159019,0.0011423854377981086,16,8,0.2,2500,fast_ICA,iid,False,5
8,5,5001,16,160001,True,60,False,100,0.7885122762720104,0.04513638513162732,0.2756848973496059,0.17501406569185216,1.1846085811212685,0.5412393261383425,0.8152293239352266,0.001158380450730528,16,8,0.2,2500,fast_ICA,iid,False,5
8,2,2001,24,240001,True,44,False,100,0.7686727878434086,0.04646680690348148,0.12153767612318103,0.09762202472571231,0.2807294103351022,0.4534426437120989,0.8981350512648634,0.0005930786941142415,16,8,0.2,2500,fast_ICA,iid,False,5
8,5,5001,18,180001,True,44,False,100,0.6723535860361821,0.013959351927042007,0.0807132156245489,0.07322245025291449,0.16190936619423912,0.3416640870236757,0.9375037539552934,0.00027593306018776267,16,8,0.2,2500,fast_ICA,iid,False,5
8,5,5001,4,40001,True,45,False,100,0.5322671863784584,0.049766126088798046,0.14453360346915636,0.11459407017198678,0.37089587319636547,0.47209128399763944,0.8848795777305631,0.0016501992500769856,16,8,0.2,2500,fast_ICA,iid,False,5
8,5,5001,6,60001,True,38,False,100,0.7374488647673002,0.01636391691863537,0.07567300313009084,0.07027670124761716,0.12935461439343582,0.23904493047720612,0.9720601798494815,0.00027934536637055316,16,8,0.2,2500,fast_ICA,iid,False,5
8,6,6001,15,150001,True,46,False,100,0.7147120926602737,0.03524729795753956,0.18484782100510916,0.1353196189587199,0.39018474132855197,0.5142147269713654,0.8439658200931914,0.0008802551278578218,16,8,0.2,2500,fast_ICA,iid,False,5
8,3,3001,26,260001,True,70,False,100,0.7881409708700214,0.024257597979158163,0.31725465795957886,0.2359545576780555,1.192091580207741,0.7262314089057715,0.7373906777281829,0.0003628981117779408,16,8,0.2,2500,fast_ICA,iid,False,5
8,1,1001,14,140001,True,72,False,100,0.6416038996530667,0.010362414177507162,0.30885900071958344,0.2117649196332032,0.923706622323924,0.5987768551012462,0.7900817037900976,0.0013730270869848457,16,8,0.2,2500,fast_ICA,iid,False,5
8,5,5001,5,50001,True,44,False,100,0.6599062785256397,0.007437623105943203,0.16222364279434645,0.1311449035912841,0.3229493540408299,0.4699439784324293,0.8878252714591081,0.00031235529792562975,16,8,0.2,2500,fast_ICA,iid,False,5
8,7,7001,29,290001,True,45,False,100,0.7568700173654567,0.006502528674900532,0.19884534801276252,0.13978931163646635,0.6388368019030501,0.4952568161642601,0.8556889437761748,0.001405045192019476,16,8,0.2,2500,fast_ICA,iid,False,5
8,1,1001,7,70001,True,46,False,100,0.677119999988192,0.01169428601861,0.11036286868501693,0.09244243747328439,0.24592116461527883,0.41007200193450344,0.8954268184438782,0.0008810841562462532,16,8,0.2,2500,fast_ICA,iid,False,5
8,2,2001,1,10001,True,48,False,100,0.6138569231537075,0.015729549806565046,0.10340693807238135,0.09032885517570272,0.231223482104053,0.39051663407624493,0.9229263300012448,0.0004656640643019319,16,8,0.2,2500,fast_ICA,iid,False,5
8,6,6001,26,260001,True,74,False,100,0.7881409708700214,0.027909554075449705,0.20887545655001413,0.16107258851400574,0.5352786243168982,0.6629304152522524,0.7661727415843602,0.00039267280025255926,16,8,0.2,2500,fast_ICA,iid,False,5
8,5,5001,7,70001,True,39,False,100,0.677119999988192,0.00772688165307045,0.1340202601731472,0.1044507021876756,0.3179266919357936,0.42682479859073597,0.8874671552276437,0.0010245927418324732,16,8,0.2,2500,fast_ICA,iid,False,5
8,7,7001,6,60001,True,44,False,100,0.7374488647673002,0.01788274710997939,0.071970443743932,0.06884677122205109,0.09493635940338838,0.23460815621151215,0.973073128622883,0.00021389422492728278,16,8,0.2,2500,fast_ICA,iid,False,5
8,5,5001,8,80001,True,51,False,100,0.6193674452698826,0.007253863848745823,0.12131891083685024,0.10018671693095246,0.22130755150427478,0.39219032447947116,0.9206350616791298,0.00027051464892433925,16,8,0.2,2500,fast_ICA,iid,False,5
8,7,7001,4,40001,True,57,False,100,0.5322671863784584,0.02765480475500226,0.1451673328381293,0.11288780781594267,0.335868333662537,0.5039316042628212,0.8731490410852047,0.0016823179843458195,16,8,0.2,2500,fast_ICA,iid,False,5
8,3,3001,3,30001,True,48,False,100,0.6997904409634538,0.05960944388061762,0.08793838717403257,0.07655277726904615,0.16671445804197843,0.2890943702967823,0.9565459462599549,0.000630349282081814,16,8,0.2,2500,fast_ICA,iid,False,5
8,7,7001,28,280001,True,68,False,100,0.7668574262965395,0.009375300724059343,0.17325519421548272,0.1274837396548106,0.3798796958258489,0.5234724196791762,0.8531395703598554,0.0029068213971173715,16,8,0.2,2500,fast_ICA,iid,False,5
8,3,3001,16,160001,True,76,False,100,0.7885122762720104,0.050853118766099215,0.27491813922995684,0.18228600069638579,1.3014310375060603,0.5570169638205541,0.8047969876281101,0.001045729635272162,16,8,0.2,2500,fast_ICA,iid,False,5
8,2,2001,25,250001,True,44,False,100,0.6836229054110852,0.010431044735014439,0.2454156008456834,0.14539931056950328,1.160644360478797,0.4734183891416168,0.8186155437930616,0.001914828012336217,16,8,0.2,2500,fast_ICA,iid,False,5
8,6,6001,16,160001,True,57,False,100,0.7885122762720104,0.03125252295285463,0.2783240370774387,0.18447787888493677,1.432484204204868,0.61132691295086,0.7992532001935182,0.0013324893710566473,16,8,0.2,2500,fast_ICA,iid,False,5
8,6,6001,1,10001,True,57,False,100,0.6138569231537075,0.01616684813052416,0.10165228904810257,0.0900900525857074,0.1979846385536954,0.4042755663934519,0.9148742093552414,0.0005965867741246297,16,8,0.2,2500,fast_ICA,iid,False,5
8,7,7001,19,190001,True,47,False,100,0.7294159637664959,0.023200093302875757,0.21796977019144967,0.13061742359977474,0.8981856691980844,0.502297457233222,0.8331697750197419,0.0013567964322098837,16,8,0.2,2500,fast_ICA,iid,False,5
8,6,6001,28,280001,True,51,False,100,0.7668574262965395,0.0064635686576366425,0.1578573522837421,0.13060288805911552,0.302042910343308,0.514204868954815,0.8681749158433917,0.002913838355654168,16,8,0.2,2500,fast_ICA,iid,False,5
8,6,6001,22,220001,True,52,False,100,0.634264007610278,0.022496008314192295,0.27650669521716637,0.18084771460192506,1.077708808896595,0.5416209574950632,0.8252514148030454,0.001578966973008204,16,8,0.2,2500,fast_ICA,iid,False,5
8,6,6001,23,230001,True,38,False,100,0.727631460756405,0.025684307795017958,0.1878043830403698,0.13024163115288756,0.6653032817822103,0.46708625381221835,0.8432476836626726,0.000513595729273856,16,8,0.2,2500,fast_ICA,iid,False,5
8,4,4001,19,190001,True,51,False,100,0.7294159637664959,0.024260387290269136,0.21750017565381702,0.12856373023219134,0.9055280994028284,0.503213412608279,0.8274860874250545,0.0015676911042313971,16,8,0.2,2500,fast_ICA,iid,False,5
8,3,3001,10,100001,True,41,False,100,0.8647650124797407,0.08523473283275962,0.07579483023816011,0.06990549376491517,0.13774789056078507,0.39038515080105485,0.9222296044194688,0.0004134433567394116,16,8,0.2,2500,fast_ICA,iid,False,5
8,8,8001,6,60001,True,41,False,100,0.7374488647673002,0.006747397128492594,0.07215720424974838,0.06748674705551212,0.11745579532353423,0.23786569855858053,0.9720108520190549,0.00021462700058796517,16,8,0.2,2500,fast_ICA,iid,False,5
8,8,8001,2,20001,True,55,False,100,0.7941791492531064,0.009706468787044287,0.0927936448166851,0.0781988741580109,0.2068428105335478,0.47008493425251496,0.8869757627984434,0.0016316262038847938,16,8,0.2,2500,fast_ICA,iid,False,5
8,6,6001,11,110001,True,62,False,100,0.7008885664687479,0.022262160200625658,0.1317879158754612,0.10278152363331064,0.3557620001763995,0.408503205899232,0.9112808303430331,0.0004394590637880943,16,8,0.2,2500,fast_ICA,iid,False,5
8,7,7001,0,1,True,52,False,100,0.8348343904675654,0.012416371144354343,0.17276754701403263,0.13451397704082924,0.3991918030083851,0.4970424380709156,0.8606197820905437,0.0005500707862849915,16,8,0.2,2500,fast_ICA,iid,False,5
8,5,5001,3,30001,True,50,False,100,0.6997904409634538,0.016350716818124056,0.07584949871756012,0.06953392181712281,0.1542154912385433,0.2855547535253913,0.9578827225471843,0.0007565356400426703,16,8,0.2,2500,fast_ICA,iid,False,5
8,8,8001,11,110001,True,46,False,100,0.7008885664687479,0.007446432951837778,0.1161718773945585,0.09766496676139008,0.2857911286602668,0.4110654696806199,0.9118362332223285,0.00035406100584934756,16,8,0.2,2500,fast_ICA,iid,False,5
8,6,6001,4,40001,True,77,False,100,0.5322671863784584,0.05230253003537655,0.2034254351101333,0.14528998090503054,0.5224625063847517,0.5299930833405225,0.8527090545874898,0.0017004619403048367,16,8,0.2,2500,fast_ICA,iid,False,5
8,7,7001,21,210001,True,54,False,100,0.712366200334098,0.02053090138360858,0.10647183326639542,0.09504322811403107,0.1799966964338046,0.41145523688785257,0.9126253233278655,0.0005786035763834782,16,8,0.2,2500,fast_ICA,iid,False,5
8,6,6001,12,120001,True,45,False,100,0.861151067791915,0.020505561027675867,0.1993698095334215,0.1368960270373769,0.6347852959859561,0.48137159633126597,0.8625484108789289,0.00031470387759044096,16,8,0.2,2500,fast_ICA,iid,False,5
8,4,4001,29,290001,True,58,False,100,0.7568700173654567,0.01524912379682064,0.1675704214914492,0.12459047790235452,0.46792347286707214,0.48419247524971215,0.8642060005517544,0.0013050136869319068,16,8,0.2,2500,fast_ICA,iid,False,5
8,7,7001,24,240001,True,49,False,100,0.7686727878434086,0.019002280198037624,0.10857178163520377,0.094217778911335,0.19890275558332096,0.44798923071991353,0.8994517337792307,0.00044037893745622176,16,8,0.2,2500,fast_ICA,iid,False,5
8,7,7001,23,230001,True,39,False,100,0.727631460756405,0.017505659721791744,0.19217703683054607,0.13188812780331133,0.691209020412956,0.4753977980065703,0.8417748385473475,0.0005985385261244463,16,8,0.2,2500,fast_ICA,iid,False,5
8,7,7001,20,200001,True,45,False,100,0.7062500169808623,0.025048972107470036,0.12665377117991403,0.09848352669212297,0.35172610353353867,0.4591039791490685,0.8804906509666637,0.0014956129929891747,16,8,0.2,2500,fast_ICA,iid,False,5
8,4,4001,26,260001,True,82,False,100,0.7881409708700214,0.05773641588166356,0.23937851957282705,0.1761955289399505,0.7468819468336451,0.6759384145440664,0.7457676932311774,0.0003975545263917702,16,8,0.2,2500,fast_ICA,iid,False,5
8,4,4001,18,180001,True,38,False,100,0.6723535860361821,0.026366074103862047,0.1053529036134866,0.08718115861084871,0.28699102044012026,0.3549809373630314,0.9347718058499195,0.00035662389828215046,16,8,0.2,2500,fast_ICA,iid,False,5
8,7,7001,11,110001,True,55,False,100,0.7008885664687479,0.010597783140838146,0.15763599092093514,0.12125704217086805,0.43391461228391814,0.4358041455478231,0.898269039214355,0.000369494825685353,16,8,0.2,2500,fast_ICA,iid,False,5
8,7,7001,12,120001,True,43,False,100,0.861151067791915,0.010329554323107004,0.2313342473210005,0.14997614457781006,0.8272812821500614,0.500730198994415,0.836153764030505,0.00037419010911853376,16,8,0.2,2500,fast_ICA,iid,False,5
8,8,8001,19,190001,True,42,False,100,0.7294159637664959,0.007355053909122944,0.18053798979016875,0.11333564569227417,0.6063551949993982,0.503900749410032,0.8307791008872822,0.0013777083486683993,16,8,0.2,2500,fast_ICA,iid,False,5
8,7,7001,3,30001,True,37,False,100,0.6997904409634538,0.016924972645938396,0.08761807197987237,0.07952590462248246,0.1558616985739771,0.29482990985256796,0.9564961608749636,0.0005750460289785012,16,8,0.2,2500,fast_ICA,iid,False,5
8,7,7001,1,10001,True,54,False,100,0.6138569231537075,0.03846063697710633,0.11386181663019598,0.09482476382826474,0.2727640930417238,0.4120056556220246,0.9084763668682347,0.0005128191566842394,16,8,0.2,2500,fast_ICA,iid,False,5
8,5,5001,20,200001,True,45,False,100,0.7062500169808623,0.019267338793724775,0.12373655884852226,0.10751437655620946,0.23309506027738525,0.46548965435188205,0.8819355228799626,0.0014283286910600006,16,8,0.2,2500,fast_ICA,iid,False,5
8,7,7001,17,170001,True,57,False,100,0.7170677399879132,0.00934900064021349,0.17718972306371222,0.13052175155625892,0.5143882574668943,0.5293509449385336,0.8312525376207488,0.0004897525848543171,16,8,0.2,2500,fast_ICA,iid,False,5
8,6,6001,24,240001,True,55,False,100,0.7686727878434086,0.01864302298054099,0.1161886516325986,0.0979273200983032,0.26263246923177813,0.45587257849153484,0.8939001895877665,0.0005048521806188308,16,8,0.2,2500,fast_ICA,iid,False,5
8,2,2001,18,180001,True,44,False,100,0.6723535860361821,0.011201588902622461,0.07718003808721764,0.0721126789072449,0.13439968360937013,0.3292641245415635,0.9402628378596081,0.0002525127730468815,16,8,0.2,2500,fast_ICA,iid,False,5
8,7,7001,27,270001,True,50,False,100,0.6819979473634458,0.018415923696011305,0.26024220900876366,0.16974583871389848,0.8731453339871766,0.5224437790313996,0.8097242211455791,0.001021969214676954,16,8,0.2,2500,fast_ICA,iid,False,5
8,5,5001,0,1,True,48,False,100,0.8348343904675654,0.013138377107679844,0.22064668408167976,0.1552994034743235,0.6201467011754739,0.5312323389617468,0.8391521155714866,0.0005735484697455091,16,8,0.2,2500,fast_ICA,iid,False,5
8,8,8001,10,100001,True,43,False,100,0.8647650124797407,0.013009568210691214,0.08261964423550244,0.07423586307607624,0.16447441503649246,0.40926109093071517,0.9138947636043858,0.0005263043143788713,16,8,0.2,2500,fast_ICA,iid,False,5
8,7,7001,13,130001,True,53,False,100,0.7263247233923933,0.016292146872729063,0.21008714160878095,0.1468223523429193,0.6484201739942888,0.5192129165417261,0.8465041157708922,0.000800695436358469,16,8,0.2,2500,fast_ICA,iid,False,5
8,5,5001,28,280001,True,52,False,100,0.7668574262965395,0.024158217012882233,0.19257912498325655,0.15058783896240585,0.41481858712962794,0.5364223444706708,0.8575339227689311,0.0032137180309470396,16,8,0.2,2500,fast_ICA,iid,False,5
8,6,6001,29,290001,True,51,False,100,0.7568700173654567,0.009191862307488918,0.2351981457137962,0.15867360072008213,0.8844384864969539,0.5299476442880571,0.836158742174222,0.0012523434433469806,16,8,0.2,2500,fast_ICA,iid,False,5
8,6,6001,6,60001,True,39,False,100,0.7374488647673002,0.01868364168331027,0.06629871584704523,0.06307118597971806,0.10058751323682599,0.2323953831528327,0.9734663212453334,0.00022220093371787776,16,8,0.2,2500,fast_ICA,iid,False,5
8,9,9001,1,10001,True,47,False,100,0.6138569231537075,0.007151114754378796,0.1523566660759623,0.11034784724737573,0.4988527888830839,0.4168905404577625,0.9137263627188512,0.0005133665351347352,16,8,0.2,2500,fast_ICA,iid,False,5
8,6,6001,25,250001,True,42,False,100,0.6836229054110852,0.009973097126930952,0.25963829516993325,0.15744130677502888,1.3188440028926602,0.4943450705157695,0.8115077219781597,0.0017092815697031998,16,8,0.2,2500,fast_ICA,iid,False,5
8,9,9001,2,20001,True,45,False,100,0.7941791492531064,0.007136934902518988,0.0955928068632028,0.0823438303556,0.165888064130897,0.4644230546970296,0.889768368396435,0.0016176257710649956,16,8,0.2,2500,fast_ICA,iid,False,5
8,6,6001,0,1,True,63,False,100,0.8348343904675654,0.025591718032956123,0.18274947237302291,0.13619679136830726,0.47305973094202297,0.5053181734537256,0.8561326620041083,0.0005957168601030745,16,8,0.2,2500,fast_ICA,iid,False,5
8,7,7001,10,100001,True,39,False,100,0.8647650124797407,0.006537728942930698,0.10094222703659271,0.08865157599812878,0.19745379379998454,0.41387786902115725,0.9122989636820797,0.0005168285319952195,16,8,0.2,2500,fast_ICA,iid,False,5
8,4,4001,15,150001,True,69,False,100,0.7147120926602737,0.041351309046149254,0.1514370491794925,0.11994174466593047,0.34612987135131423,0.5067656227885373,0.8519311770544665,0.0008641477546667886,16,8,0.2,2500,fast_ICA,iid,False,5
8,6,6001,19,190001,True,52,False,100,0.7294159637664959,0.01936673792079091,0.25241016817428735,0.15701386205680098,0.9862328118137933,0.5692617205897532,0.7921450235153507,0.0016285622895120437,16,8,0.2,2500,fast_ICA,iid,False,5
8,6,6001,21,210001,True,40,False,100,0.712366200334098,0.016848953906446695,0.10252376259834914,0.08983006201227489,0.19021293446489543,0.41151237035834587,0.9099644967036671,0.0006313864492885177,16,8,0.2,2500,fast_ICA,iid,False,5
8,9,9001,5,50001,True,62,False,100,0.6599062785256397,0.008507927414029837,0.13348033971203255,0.1076738380227387,0.31407039542020637,0.4338214073387854,0.8990464383283097,0.00041641372004760935,16,8,0.2,2500,fast_ICA,iid,False,5
8,9,9001,9,90001,True,49,False,100,0.7817205868726537,0.014096441213041544,0.11282956081920137,0.09555037719716553,0.2622959389658023,0.45036301881124363,0.8865520531710296,0.000667812538788139,16,8,0.2,2500,fast_ICA,iid,False,5
8,7,7001,18,180001,True,40,False,100,0.6723535860361821,0.031218782998621464,0.09498448536709565,0.08348963250101368,0.230002904189186,0.34037406067011095,0.9369053962795917,0.000382273921524688,16,8,0.2,2500,fast_ICA,iid,False,5
8,5,5001,2,20001,True,43,False,100,0.7941791492531064,0.03884617518633604,0.12171592524910513,0.09419060896104242,0.2855659559885291,0.4801131771997304,0.8833497831153354,0.0015917898649505406,16,8,0.2,2500,fast_ICA,iid,False,5
8,4,4001,21,210001,True,61,False,100,0.712366200334098,0.03502455912530422,0.12039745996229799,0.09955609896559114,0.27934050834698926,0.40709880111222707,0.9161297726953074,0.0005214955494297108,16,8,0.2,2500,fast_ICA,iid,False,5
8,9,9001,27,270001,True,72,False,100,0.6819979473634458,0.00915917195379734,0.24039775421949278,0.15902369794402238,0.7413713292420271,0.5218140331240424,0.8100595840072631,0.0008967134436976952,16,8,0.2,2500,fast_ICA,iid,False,5
8,9,9001,6,60001,True,39,False,100,0.7374488647673002,0.0066480478271842,0.08125208806731736,0.07375405753015246,0.15239865720900822,0.23762314074172053,0.971941717953354,0.00023895487548270807,16,8,0.2,2500,fast_ICA,iid,False,5
8,3,3001,8,80001,True,43,False,100,0.6193674452698826,0.016366837080568075,0.11892114876748326,0.09717219637238428,0.24509167620507427,0.4005502504532026,0.9156299098868632,0.00027663981341431444,16,8,0.2,2500,fast_ICA,iid,False,5
8,3,3001,22,220001,True,48,False,100,0.634264007610278,0.03287295205518603,0.20416952237000743,0.14308297298627703,0.6037743430405712,0.497182702002654,0.856615832854847,0.0013749762922760703,16,8,0.2,2500,fast_ICA,iid,False,5
8,5,5001,27,270001,True,54,False,100,0.6819979473634458,0.010321325156837702,0.2597707776122934,0.1649208473383246,1.0421175810459609,0.5189131526921749,0.8090547210536585,0.0010703417706925413,16,8,0.2,2500,fast_ICA,iid,False,5
8,7,7001,14,140001,True,122,False,100,0.6416038996530667,0.015552110970020294,0.22751747970172184,0.16681233682930868,0.5256027713866953,0.5454304670071979,0.8217665381563937,0.0011678663446851743,16,8,0.2,2500,fast_ICA,iid,False,5
8,4,4001,0,1,True,49,False,100,0.8348343904675654,0.05085970927029848,0.19669141330285153,0.1417859223517181,0.6029817523221882,0.48985183290712886,0.8575478673465088,0.00045733528244878415,16,8,0.2,2500,fast_ICA,iid,False,5
8,8,8001,4,40001,True,44,False,100,0.5322671863784584,0.027326087933033705,0.1565384213476528,0.12168432362226014,0.4172847914593477,0.4771970841791162,0.8830378862553787,0.0016410719535067558,16,8,0.2,2500,fast_ICA,iid,False,5
8,8,8001,9,90001,True,74,False,100,0.7817205868726537,0.026673302054405212,0.19127991909461373,0.13104877391903225,0.6646825276594572,0.4866051661459534,0.8629345230274739,0.0005896985586663679,16,8,0.2,2500,fast_ICA,iid,False,5
9,0,1,15,150001,True,34,False,100,0.7147120926602737,0.008842024952173233,0.0793590000910734,0.06986989249100398,0.1607225228474555,0.3365896073013079,0.9452128109434632,0.0058366047961185726,16,8,0.2,2500,fast_ICA,iid,False,5
8,7,7001,16,160001,True,51,False,100,0.7885122762720104,0.012049393728375435,0.2758127061579743,0.17422047864896367,1.3202444675093088,0.9561310571472881,0.8085603291365926,0.0011454476566147374,16,8,0.2,2500,fast_ICA,iid,False,5
8,8,8001,29,290001,True,42,False,100,0.7568700173654567,0.022543258033692837,0.1834618232574953,0.14142307438396773,0.46308339799579396,0.4972634316906978,0.861737993146482,0.0011471222203865818,16,8,0.2,2500,fast_ICA,iid,False,5
8,5,5001,9,90001,True,43,False,100,0.7817205868726537,0.08890359895303845,0.14063609962611962,0.11134608797550401,0.3225384404446546,0.44264196216697577,0.8945766593388293,0.0007712862761477213,16,8,0.2,2500,fast_ICA,iid,False,5
9,0,1,11,110001,True,35,False,100,0.6693634786923396,0.017143812030553818,0.08775691166324949,0.07326456106622126,0.20247056939415953,0.3947349214008293,0.9157358190164331,0.005388128230748882,16,8,0.2,2500,fast_ICA,iid,False,5
8,8,8001,3,30001,True,38,False,100,0.6997904409634538,0.022688346914947033,0.0786934154448099,0.07095508922060856,0.15939073251229546,0.2877756088537746,0.9571752555409075,0.0007269930246717214,16,8,0.2,2500,fast_ICA,iid,False,5
8,8,8001,17,170001,True,50,False,100,0.7170677399879132,0.016081179026514292,0.20813659266528922,0.14174611935912299,0.7152392839010662,0.5274242259587347,0.8261207795681552,0.00039981814477852275,16,8,0.2,2500,fast_ICA,iid,False,5
9,0,1,16,160001,True,46,False,100,0.7885122762720104,0.01038517476990819,0.12072724402737488,0.09304445978765144,0.3180025274499712,0.3780709879763937,0.9281610727308577,0.005675495759435779,16,8,0.2,2500,fast_ICA,iid,False,5
8,9,9001,11,110001,True,56,False,100,0.7008885664687479,0.01233913330361247,0.18084301310614315,0.13371086278586455,0.4808885690483382,0.46152516633882035,0.8913950029797948,0.0003981647865606626,16,8,0.2,2500,fast_ICA,iid,False,5
9,0,1,7,70001,True,31,False,100,0.677119999988192,0.02160785300657153,0.06361936334395184,0.058479312982807646,0.10474240259463054,0.29432038129043264,0.9560634870169159,0.005595120081270322,16,8,0.2,2500,fast_ICA,iid,False,5
8,5,5001,19,190001,True,39,False,100,0.7294159637664959,0.09471439197659492,0.1860700056578694,0.12173800028158463,0.6139583962727507,0.5066100277740362,0.8295727471390297,0.001584065392741093,16,8,0.2,2500,fast_ICA,iid,False,5
8,8,8001,12,120001,True,80,False,100,0.861151067791915,0.042910879012197256,0.20605278472297242,0.13740982543532682,0.6788440544774534,0.4812676931041191,0.8532230796974525,0.00032681160675149804,16,8,0.2,2500,fast_ICA,iid,False,5
9,0,1,9,90001,True,34,False,100,0.7817205868726537,0.025214310735464096,0.08433227779719063,0.0754373989005795,0.15780013268476045,0.33490474504720563,0.9440043043504088,0.005579252872770185,16,8,0.2,2500,fast_ICA,iid,False,5
9,0,1,24,240001,True,35,False,100,0.7686727878434086,0.012595470063388348,0.06677529388940812,0.062158529582742136,0.11089847315727036,0.3209919622762537,0.9470123186689615,0.005427687715283998,16,8,0.2,2500,fast_ICA,iid,False,5
8,4,4001,22,220001,True,79,False,100,0.634264007610278,0.07725443318486214,0.1964552736661961,0.14891231431584517,0.45192666051666597,0.5112755213070501,0.8611459015952849,0.0013745318451353317,16,8,0.2,2500,fast_ICA,iid,False,5
8,9,9001,23,230001,True,38,False,100,0.727631460756405,0.010289054829627275,0.25352000333569413,0.16531905277536793,1.136796750430735,0.4883188110061441,0.8260742177916085,0.0006896658057239524,16,8,0.2,2500,fast_ICA,iid,False,5
8,7,7001,25,250001,True,41,False,100,0.6836229054110852,0.03418755391612649,0.20480416884200195,0.13415400875630745,0.7554670965846649,0.4790123698026608,0.8223215901325447,0.0016845769443409998,16,8,0.2,2500,fast_ICA,iid,False,5
9,0,1,0,1,True,36,False,100,0.8348343904675654,0.03149938117712736,0.0733972832628984,0.06861737319631674,0.11560774183788765,0.35257649736853347,0.9387715804357942,0.005468208658528874,16,8,0.2,2500,fast_ICA,iid,False,5
8,8,8001,27,270001,True,51,False,100,0.6819979473634458,0.009275161195546389,0.24315750937129263,0.17101147315398396,0.868149684293781,0.5449881448579563,0.7978488616705943,0.001251396887424975,16,8,0.2,2500,fast_ICA,iid,False,5
9,1,1001,0,1,True,42,False,100,0.8348343904675654,0.01568353082984686,0.08392112397045286,0.07419418427970614,0.19040148073914287,0.3554749098977069,0.9369797069070944,0.005299145664745955,16,8,0.2,2500,fast_ICA,iid,False,5
9,1,1001,9,90001,True,44,False,100,0.7817205868726537,0.008242108393460512,0.07502346996675592,0.06823361538404119,0.15654462670443126,0.3371138076215218,0.9437338112278615,0.00550791895055479,16,8,0.2,2500,fast_ICA,iid,False,5
9,0,1,21,210001,True,41,False,100,0.712366200334098,0.02406821819022298,0.09349621893270064,0.0785540150225742,0.22630178679702556,0.36697525960206273,0.9291550321653533,0.005699856549265246,16,8,0.2,2500,fast_ICA,iid,False,5
8,5,5001,17,170001,True,54,False,100,0.7170677399879132,0.028905668295919895,0.19929202600373963,0.1438166270055432,0.6377382877326166,0.5288127836468602,0.830069577896529,0.0003670371682269328,16,8,0.2,2500,fast_ICA,iid,False,5
9,0,1,23,230001,True,39,False,100,0.727631460756405,0.028741847723722458,0.07482277539084677,0.06698021377354178,0.15719137050390136,0.3028934670426698,0.9524573984809882,0.005217372357764603,16,8,0.2,2500,fast_ICA,iid,False,5
8,7,7001,2,20001,True,54,False,100,0.7941791492531064,0.050482971128076315,0.11953351635926478,0.08868299808451077,0.34468696543088523,0.47765431211233345,0.8843396193016522,0.0013770006216948026,16,8,0.2,2500,fast_ICA,iid,False,5
9,1,1001,2,20001,True,42,False,100,0.752995985496873,0.019881355110555887,0.12015668743913024,0.0898193804546995,0.31906716089936793,0.38770294352186496,0.9247647870297985,0.005767199459741148,16,8,0.2,2500,fast_ICA,iid,False,5
8,9,9001,3,30001,True,42,False,100,0.6997904409634538,0.025494229048490524,0.073221447004579,0.06824165041051974,0.11938842946155073,0.28757255354955824,0.9573544187162673,0.0006009491266953946,16,8,0.2,2500,fast_ICA,iid,False,5
9,0,1,10,100001,True,35,False,100,0.8647650124797407,0.007163985166698694,0.06361244557893236,0.059576534534370756,0.10453184508803944,0.35116021771747735,0.9388072452611248,0.005598431616532288,16,8,0.2,2500,fast_ICA,iid,False,5
8,8,8001,28,280001,True,50,False,100,0.7668574262965395,0.020726539194583893,0.19001666947179838,0.14295396594815468,0.43744132211545783,0.5406904083633546,0.8393435004249497,0.0031195674004632547,16,8,0.2,2500,fast_ICA,iid,False,5
9,0,1,25,250001,True,39,False,100,0.6836229054110852,0.024776802863925695,0.12329382691598906,0.08683001140139807,0.3418291990821088,0.4222416141067858,0.8878183746550092,0.006792092798646504,16,8,0.2,2500,fast_ICA,iid,False,5
8,7,7001,5,50001,True,68,False,100,0.6599062785256397,0.059663183987140656,0.15824825209061055,0.12863272849273305,0.3131116601881983,0.44962259039376234,0.8917742323524798,0.00036141957501262977,16,8,0.2,2500,fast_ICA,iid,False,5
9,1,1001,12,120001,True,39,False,100,0.861151067791915,0.018652622122317553,0.22304077065815464,0.14096375171712028,0.7574077013936356,0.4978783743225398,0.8446215743596641,0.0054333072119546275,16,8,0.2,2500,fast_ICA,iid,False,5
9,0,1,12,120001,True,39,False,100,0.861151067791915,0.008739755023270845,0.15375069947216696,0.11115485638750426,0.4205999661499837,0.4710387013897752,0.8664643936441131,0.005265710179694699,16,8,0.2,2500,fast_ICA,iid,False,5
8,9,9001,25,250001,True,45,False,100,0.6836229054110852,0.018844170961529016,0.2630582075305012,0.16659610074844552,1.2576053724135505,0.4929965388639871,0.8109172472315871,0.0014747327661806143,16,8,0.2,2500,fast_ICA,iid,False,5
9,1,1001,14,140001,True,35,False,100,0.6416038996530667,0.01876451214775443,0.0540595648681274,0.051283285843909454,0.0844662105691974,0.22588910609333437,0.9747843828822473,0.006037696354663326,16,8,0.2,2500,fast_ICA,iid,False,5
8,8,8001,1,10001,True,43,False,100,0.6138569231537075,0.03947428101673722,0.09129025165691627,0.08498140304654767,0.13982296503882494,0.38248198971954495,0.926106779416363,0.0004320436376912503,16,8,0.2,2500,fast_ICA,iid,False,5
8,9,9001,7,70001,True,49,False,100,0.677119999988192,0.05999659188091755,0.09585577271961697,0.07903502981346855,0.2234916784816535,0.39891321299276783,0.8964784178633205,0.0008467557409175793,16,8,0.2,2500,fast_ICA,iid,False,5
8,5,5001,13,130001,True,63,False,100,0.7263247233923933,0.03605943312868476,0.2409794939257086,0.1544090181769026,0.6943054230572144,0.5534273230948439,0.8288856656783068,0.0006773903021280174,16,8,0.2,2500,fast_ICA,iid,False,5
9,1,1001,18,180001,True,33,False,100,0.6723535860361821,0.014530568849295378,0.07647337542360384,0.06995946983890383,0.1398101591863897,0.2819366798722179,0.9585862208058352,0.0054852914348356135,16,8,0.2,2500,fast_ICA,iid,False,5
8,8,8001,15,150001,True,69,False,100,0.7147120926602737,0.023335413075983524,0.21590021190822337,0.14663854897048922,0.563165752127828,0.5307879741603001,0.8368918896435553,0.0009185188813117544,16,8,0.2,2500,fast_ICA,iid,False,5
8,9,9001,26,260001,True,84,False,100,0.7881409708700214,0.056135355960577726,0.19907597467961025,0.15693914301462675,0.42099825429979676,0.6504106598640113,0.7711616813322377,0.0004818957536974027,16,8,0.2,2500,fast_ICA,iid,False,5
8,9,9001,0,1,True,71,False,100,0.8348343904675654,0.010518464259803295,0.16683526545883992,0.12331012025436446,0.4839938623997899,0.4836413756393374,0.8743128092189405,0.0005253530003827484,16,8,0.2,2500,fast_ICA,iid,False,5
8,7,7001,22,220001,True,67,False,100,0.634264007610278,0.03230170626193285,0.25350718745372974,0.163588753001588,0.895413247760513,0.5435202104682467,0.8249240377441629,0.001460477571837232,16,8,0.2,2500,fast_ICA,iid,False,5
8,9,9001,20,200001,True,53,False,100,0.7062500169808623,0.020588519982993603,0.16615247064867567,0.1254815527689695,0.5043517944045244,0.4817674268339461,0.8677536549340646,0.0016461092099570038,16,8,0.2,2500,fast_ICA,iid,False,5
8,7,7001,26,260001,True,64,False,100,0.7881409708700214,0.025910316966474056,0.3030566125376062,0.20959869045764085,0.8756824370627391,0.9988948308924515,0.6933195601663672,0.00033875749283815535,16,8,0.2,2500,fast_ICA,iid,False,5
9,1,1001,25,250001,True,42,False,100,0.6836229054110852,0.00769523112103343,0.12253142663302442,0.08854449404598924,0.3984403263475863,0.42979552385487896,0.8848884057765878,0.0068778952557918245,16,8,0.2,2500,fast_ICA,iid,False,5
9,1,1001,7,70001,True,31,False,100,0.677119999988192,0.02024401305243373,0.05335242016136301,0.05115069998486432,0.08107387355447299,0.2884362562987032,0.9571277354728966,0.005828358561927877,16,8,0.2,2500,fast_ICA,iid,False,5
9,2,2001,2,20001,True,33,False,100,0.752995985496873,0.007232354953885078,0.0838438915072293,0.06648410063604053,0.24478433087547816,0.36084222985620823,0.9326641610978684,0.0056840258037959505,16,8,0.2,2500,fast_ICA,iid,False,5
8,9,9001,29,290001,True,54,False,100,0.7568700173654567,0.017397009767591953,0.254697704049069,0.16791870662274733,1.0149739299734433,0.5370998081574636,0.8404105745046524,0.0013229790763663483,16,8,0.2,2500,fast_ICA,iid,False,5
9,1,1001,15,150001,True,34,False,100,0.7147120926602737,0.022643666714429855,0.07829593947964554,0.0693138256571573,0.16346827681392959,0.33496207585846294,0.9453284485775059,0.005853777681449232,16,8,0.2,2500,fast_ICA,iid,False,5
9,2,2001,4,40001,True,41,False,100,0.4681067980112915,0.010527133010327816,0.08504718274425757,0.07319711111444338,0.16938783824958828,0.31136737024230277,0.9529461943331823,0.006781793761428995,16,8,0.2,2500,fast_ICA,iid,False,5
8,8,8001,5,50001,True,61,False,100,0.6599062785256397,0.026822020765393972,0.1333874950580553,0.11061185865474366,0.24846501112746597,0.42373649894228016,0.900998697400309,0.0003268517377760355,16,8,0.2,2500,fast_ICA,iid,False,5
8,7,7001,15,150001,True,42,False,100,0.7147120926602737,0.021563573740422726,0.16396811040878945,0.12139217363331659,0.4074656420539189,0.5016493213738791,0.8524605052320102,0.0007618305594742624,16,8,0.2,2500,fast_ICA,iid,False,5
9,2,2001,16,160001,True,39,False,100,0.7885122762720104,0.006771228276193142,0.09923125551248294,0.08354013098230847,0.21569684848269544,0.38084231212220543,0.9291071710241479,0.0059212646614756415,16,8,0.2,2500,fast_ICA,iid,False,5
9,0,1,13,130001,True,41,False,100,0.7263247233923933,0.013828612864017487,0.07285875992161897,0.06374552080640009,0.1355097306399138,0.3103883597305556,0.952090611556802,0.005492178813621332,16,8,0.2,2500,fast_ICA,iid,False,5
8,8,8001,14,140001,True,93,False,100,0.6416038996530667,0.031982798129320145,0.2841917739212829,0.18534162695950773,1.0233146469626553,0.5750091342841822,0.7893988497548412,0.0012609298844078263,16,8,0.2,2500,fast_ICA,iid,False,5
8,9,9001,24,240001,True,69,False,100,0.7686727878434086,0.029562212992459536,0.11772449152886162,0.09614326329734837,0.29574295617172186,0.4581308230745912,0.8921777115969032,0.00047690944659114587,16,8,0.2,2500,fast_ICA,iid,False,5
8,8,8001,23,230001,True,41,False,100,0.727631460756405,0.031910447869449854,0.240426354367575,0.15617809338948047,1.0328058330084569,0.4757678853964377,0.8371477996073979,0.0005478965575448271,16,8,0.2,2500,fast_ICA,iid,False,5
8,9,9001,10,100001,True,42,False,100,0.8647650124797407,0.014089791104197502,0.08526050749287117,0.07633041663816421,0.19076078791163906,0.4120851198639387,0.9125929966422404,0.0006230590918295789,16,8,0.2,2500,fast_ICA,iid,False,5
9,2,2001,0,1,True,34,False,100,0.8348343904675654,0.014810856431722641,0.0981965673546703,0.08864415861981428,0.17987898629030527,0.365942878453775,0.9342279049188923,0.005455776959090902,16,8,0.2,2500,fast_ICA,iid,False,5
9,1,1001,26,260001,True,76,False,100,0.7716616070204038,0.025277961045503616,0.19896211702643007,0.12794627738187325,0.608708649232708,0.5120036020308102,0.8424155208150497,0.0050433128407802825,16,8,0.2,2500,fast_ICA,iid,False,5
9,0,1,29,290001,True,38,False,100,0.6914004548551383,0.011315429117530584,0.07322830390891909,0.06714823456423313,0.12812694586665183,0.3424419382107923,0.9392416868521271,0.005701094476966203,16,8,0.2,2500,fast_ICA,iid,False,5
8,5,5001,29,290001,True,47,False,100,0.7568700173654567,0.06907807476818562,0.17105421870759085,0.12572774844290915,0.500800868831162,0.48768249398087016,0.8628130011112203,0.0012242285575474344,16,8,0.2,2500,fast_ICA,iid,False,5
8,8,8001,13,130001,True,63,False,100,0.7263247233923933,0.027291517704725266,0.13403374767935983,0.10608239350265905,0.33218628493580993,0.4985946352866582,0.8600706109582394,0.0005921081564004755,16,8,0.2,2500,fast_ICA,iid,False,5
8,9,9001,21,210001,True,56,False,100,0.712366200334098,0.02092381799593568,0.1601056256932728,0.1256444286068135,0.3580483634951841,0.45113173155846825,0.8912811283147997,0.0005602195461034713,16,8,0.2,2500,fast_ICA,iid,False,5
8,6,6001,27,270001,True,55,False,100,0.6819979473634458,0.05511301290243864,0.30766269070925517,0.21501937038705715,1.4403498397124421,0.6858015757921643,0.7946630986555465,0.0010473521289457042,16,8,0.2,2500,fast_ICA,iid,False,5
9,3,3001,5,50001,True,50,False,100,0.6599062785256397,0.009574820287525654,0.11711032549981272,0.09428013784434061,0.27746472116452414,0.38895928975625943,0.9291138109642766,0.005280658130536953,16,8,0.2,2500,fast_ICA,iid,False,5
9,0,1,2,20001,True,42,False,100,0.752995985496873,0.00788326095789671,0.07491401083394303,0.06541961558412449,0.1712003251969432,0.3579567510133382,0.933098843544491,0.006040320328357338,16,8,0.2,2500,fast_ICA,iid,False,5
9,1,1001,23,230001,True,45,False,100,0.727631460756405,0.04368007415905595,0.0722689452880091,0.06735124032898301,0.11908045109023321,0.30316670196289264,0.952896512460412,0.005025670097525591,16,8,0.2,2500,fast_ICA,iid,False,5
9,0,1,22,220001,True,41,False,100,0.6308333717011159,0.008438727352768183,0.1333895043068465,0.09966275869825411,0.38468182243384585,0.45421825460041376,0.8935579004803464,0.006025415045494576,16,8,0.2,2500,fast_ICA,iid,False,5
8,8,8001,7,70001,True,49,False,100,0.677119999988192,0.03905058279633522,0.09665676914637271,0.07705051537909123,0.24559352270014118,0.39675194481279286,0.8977357142526377,0.0008292341320443697,16,8,0.2,2500,fast_ICA,iid,False,5
9,3,3001,11,110001,True,43,False,100,0.6693634786923396,0.007779921405017376,0.09901436206731559,0.07921269790439936,0.2789309546845178,0.3949459618646988,0.9164042528596842,0.005530788034346121,16,8,0.2,2500,fast_ICA,iid,False,5
8,9,9001,16,160001,True,49,False,100,0.7885122762720104,0.010468104388564825,0.24419133343790214,0.16267045590790655,0.8871348372446107,0.5493558776121752,0.8163199931229622,0.0012786802606862598,16,8,0.2,2500,fast_ICA,iid,False,5
9,2,2001,7,70001,True,45,False,100,0.677119999988192,0.028529999777674675,0.07574841912142972,0.06701965026612741,0.1387675912581528,0.3047271340913336,0.9540766394239307,0.005777128662074129,16,8,0.2,2500,fast_ICA,iid,False,5
9,0,1,8,80001,True,37,False,100,0.6193674452698826,0.01242334209382534,0.07616715757396957,0.06815396084016354,0.13572881341172793,0.35134814863983177,0.9336102827853034,0.005201123993530783,16,8,0.2,2500,fast_ICA,iid,False,5
9,1,1001,5,50001,True,38,False,100,0.6599062785256397,0.008008839562535286,0.08528664898817377,0.07246246948666174,0.18802604459011532,0.36684370449276604,0.9314133106256689,0.005405610451519239,16,8,0.2,2500,fast_ICA,iid,False,5
8,9,9001,4,40001,True,60,False,100,0.5322671863784584,0.019351697992533445,0.14348852829450592,0.10870174541476643,0.3613168267016463,0.47949550571086097,0.8786482833729354,0.0019472201874861773,16,8,0.2,2500,fast_ICA,iid,False,5
9,1,1001,4,40001,True,30,False,100,0.4681067980112915,0.00712344516068697,0.08454785303356029,0.07237510529481096,0.20764618270740873,0.30540389782751226,0.9541870597897392,0.006933222695977952,16,8,0.2,2500,fast_ICA,iid,False,5
9,1,1001,6,60001,True,36,False,100,0.7374488647673002,0.009169681929051876,0.06180757243999581,0.05927835327661546,0.09226955707514535,0.22969127161785927,0.9742357695393072,0.0052302630187930675,16,8,0.2,2500,fast_ICA,iid,False,5
9,3,3001,13,130001,True,37,False,100,0.7263247233923933,0.009128512814640999,0.10356857340589834,0.08604215535053877,0.2404435652319589,0.3308441520365167,0.946769666476827,0.006014215276614578,16,8,0.2,2500,fast_ICA,iid,False,5
9,1,1001,3,30001,True,35,False,100,0.5308746909631714,0.011135539971292019,0.060771907985600705,0.05790167994985189,0.09989482867094616,0.21696258828586576,0.9770321089137851,0.005277979952007901,16,8,0.2,2500,fast_ICA,iid,False,5
8,8,8001,25,250001,True,39,False,100,0.6836229054110852,0.05158098367974162,0.2648512797877688,0.1623766349861519,1.1134420740730615,0.505581201071847,0.8177313145180949,0.0017182973430280924,16,8,0.2,2500,fast_ICA,iid,False,5
9,3,3001,14,140001,True,37,False,100,0.6416038996530667,0.00766060221940279,0.05313569787147322,0.0498595390743316,0.08344574970126757,0.2259686044626609,0.9749397292306657,0.00631733799310947,16,8,0.2,2500,fast_ICA,iid,False,5
9,3,3001,22,220001,True,32,False,100,0.6308333717011159,0.006311399862170219,0.09900806368032991,0.08201962914737895,0.19028618037003606,0.405955185221777,0.9107444034274287,0.00623929174201989,16,8,0.2,2500,fast_ICA,iid,False,5
9,1,1001,11,110001,True,57,False,100,0.6693634786923396,0.013648634310811758,0.09744594342371092,0.08049758203090207,0.24309615304264415,0.39500400755918547,0.9178139696239759,0.005511131612952706,16,8,0.2,2500,fast_ICA,iid,False,5
8,9,9001,13,130001,True,56,False,100,0.7263247233923933,0.05028534308075905,0.16172282850103611,0.12303624352402617,0.41629504897640923,0.517602943262545,0.8495810024989091,0.0006853954554761623,16,8,0.2,2500,fast_ICA,iid,False,5
9,1,1001,17,170001,True,42,False,100,0.7170677399879132,0.01083669112995267,0.17871748087381897,0.12225650792854843,0.6033684750312549,0.5214967416856504,0.8173503782622514,0.005456436188670272,16,8,0.2,2500,fast_ICA,iid,False,5
8,9,9001,28,280001,True,68,False,100,0.7668574262965395,0.03801190108060837,0.17765541254224573,0.13205734703457062,0.4540017389481583,0.5414542681475993,0.840927753742118,0.002985833120025355,16,8,0.2,2500,fast_ICA,iid,False,5
9,2,2001,24,240001,True,40,False,100,0.7686727878434086,0.02329391287639737,0.0674852367741214,0.062787431399248,0.10898249234666826,0.3251316883895718,0.9470191244245874,0.005283875462288721,16,8,0.2,2500,fast_ICA,iid,False,5
9,3,3001,19,190001,True,30,False,100,0.7294159637664959,0.008199919015169144,0.06709429877334967,0.06002383363043666,0.11522177071917884,0.2891741199550622,0.959836519333195,0.006023092834764266,16,8,0.2,2500,fast_ICA,iid,False,5
9,0,1,1,10001,True,42,False,100,0.6138569231537075,0.020535441115498543,0.08076775814438071,0.07157244065151377,0.17545307511079009,0.3577392039612552,0.9349067654914264,0.005507954281590201,16,8,0.2,2500,fast_ICA,iid,False,5
8,8,8001,21,210001,True,59,False,100,0.712366200334098,0.028182291891425848,0.11516671659131344,0.09893249215767565,0.2664095898404303,0.4109314449482733,0.9112691733012934,0.0005916271449808167,16,8,0.2,2500,fast_ICA,iid,False,5
9,3,3001,21,210001,True,39,False,100,0.712366200334098,0.008578636217862368,0.09707189573220387,0.08278062210851728,0.1910805929456332,0.3722925752634079,0.9286189772475473,0.005561557745686542,16,8,0.2,2500,fast_ICA,iid,False,5
8,9,9001,14,140001,True,61,False,100,0.6416038996530667,0.05169031396508217,0.22697752728559878,0.16621744699947494,0.5061142100301533,0.5440113471649157,0.8232189424838546,0.0012638756634527227,16,8,0.2,2500,fast_ICA,iid,False,5
9,0,1,14,140001,True,39,False,100,0.6416038996530667,0.009509399998933077,0.06486243285812127,0.05981358917933244,0.10779127873661541,0.23604148917228512,0.9726147877796947,0.006216932280658563,16,8,0.2,2500,fast_ICA,iid,False,5
8,1,1001,17,170001,True,52,False,100,0.7170677399879132,0.17524512484669685,0.22020486815075846,0.14487305491176722,0.8260337105519011,0.5423999553356547,0.8172352519574078,0.00046686767008007155,16,8,0.2,2500,fast_ICA,iid,False,5
9,4,4001,4,40001,True,40,False,100,0.4681067980112915,0.0060955011285841465,0.0738102929226123,0.0663013273706722,0.15376636417329417,0.30190488585537617,0.9549829982779386,0.006535241861564717,16,8,0.2,2500,fast_ICA,iid,False,5
9,0,1,20,200001,True,38,False,100,0.7062500169808623,0.04044989496469498,0.09363904330524425,0.08090324985509965,0.224589910077476,0.3981386624414137,0.9180418996671754,0.006317449846974449,16,8,0.2,2500,fast_ICA,iid,False,5
8,8,8001,24,240001,True,67,False,100,0.7686727878434086,0.01253500021994114,0.11037167414381678,0.09411382686047583,0.21921822427498927,0.4510098465094594,0.8974818028011088,0.0006224682834005737,16,8,0.2,2500,fast_ICA,iid,False,5
9,3,3001,4,40001,True,29,False,100,0.4681067980112915,0.02435704693198204,0.08849552329202147,0.07830022232364808,0.1762739219252725,0.32182758216216156,0.9501155109695333,0.006728369345346417,16,8,0.2,2500,fast_ICA,iid,False,5
9,4,4001,3,30001,True,36,False,100,0.5308746909631714,0.007459423039108515,0.072317348828834,0.06674788437933396,0.12418639042028737,0.22500802562611177,0.9752282927102384,0.005545521066017115,16,8,0.2,2500,fast_ICA,iid,False,5
8,4,4001,12,120001,True,39,False,100,0.861151067791915,0.1472533605992794,0.14054801712182194,0.11158597395028971,0.2888384872110499,0.45459054289284406,0.8863744017573276,0.00048272437186536437,16,8,0.2,2500,fast_ICA,iid,False,5
9,0,1,18,180001,True,30,False,100,0.6723535860361821,0.010969281196594238,0.07537750984488742,0.06829089644770081,0.1712120752658996,0.2683636208682733,0.9620591628349947,0.005265955508350302,16,8,0.2,2500,fast_ICA,iid,False,5
8,3,3001,19,190001,True,55,False,100,0.7294159637664959,0.17274064989760518,0.23499295265977163,0.1466860581622681,0.9375914315875623,0.5180740101603787,0.8224148409117631,0.0015940965036687154,16,8,0.2,2500,fast_ICA,iid,False,5
9,4,4001,11,110001,True,39,False,100,0.6693634786923396,0.0061852107755839825,0.11570571236239593,0.09467205730970465,0.2205163505243482,0.4261824747592783,0.9101067444444341,0.005644979538527302,16,8,0.2,2500,fast_ICA,iid,False,5
9,3,3001,25,250001,True,49,False,100,0.6836229054110852,0.015135125257074833,0.13759463316989773,0.09690633450744406,0.41117683833846197,0.4222656874180154,0.8889869483842574,0.007078313277975417,16,8,0.2,2500,fast_ICA,iid,False,5
9,1,1001,22,220001,True,33,False,100,0.6308333717011159,0.018940040841698647,0.09689228756899697,0.08092256244415212,0.2420655942630796,0.41030474481479234,0.9126847990673742,0.006398350150799503,16,8,0.2,2500,fast_ICA,iid,False,5
9,0,1,17,170001,True,40,False,100,0.7170677399879132,0.01358255511149764,0.16684158912280547,0.11980079608075037,0.5377741997195488,0.5300436505705907,0.8218306121784599,0.0051551047335119055,16,8,0.2,2500,fast_ICA,iid,False,5
9,2,2001,11,110001,True,33,False,100,0.6693634786923396,0.010239324998110533,0.09301343682120193,0.0776612850177934,0.2346087993753578,0.4000732452958666,0.9155048583584373,0.005497777553198623,16,8,0.2,2500,fast_ICA,iid,False,5
9,0,1,27,270001,True,39,False,100,0.5545755257423425,0.00701891491189599,0.0650204087468092,0.06060670745244745,0.13610614818925343,0.2308304426955124,0.9737487489604721,0.005924971993845275,16,8,0.2,2500,fast_ICA,iid,False,5
9,4,4001,23,230001,True,35,False,100,0.727631460756405,0.008799933828413486,0.06631268293955786,0.06393913498490944,0.09658113748748937,0.29421887816726955,0.9554724328927143,0.005319197230626564,16,8,0.2,2500,fast_ICA,iid,False,5
9,1,1001,29,290001,True,32,False,100,0.6914004548551383,0.017724718898534775,0.09187753091770615,0.07788726924207315,0.17669107776636636,0.3477089406805544,0.9388993346194824,0.0057482262413854944,16,8,0.2,2500,fast_ICA,iid,False,5
9,0,1,28,280001,True,37,False,100,0.7668574262965395,0.007106075994670391,0.1907671595814981,0.13271293787704086,0.5800802792974085,0.5380575415125801,0.8572746472081647,0.00700834590965652,16,8,0.2,2500,fast_ICA,iid,False,5
9,2,2001,6,60001,True,37,False,100,0.7374488647673002,0.013472374994307756,0.06410287203363337,0.06005168889827547,0.10368656508011471,0.22724102122123271,0.9743711772925473,0.005085555049365898,16,8,0.2,2500,fast_ICA,iid,False,5
9,5,5001,0,1,True,39,False,100,0.8348343904675654,0.01949110720306635,0.07966057108300435,0.0711559646069281,0.16925760907066947,0.35323373208452896,0.9370910079644821,0.005532117256615818,16,8,0.2,2500,fast_ICA,iid,False,5
8,4,4001,28,280001,True,50,False,100,0.7668574262965395,0.20825720624998212,0.14104933675635484,0.11655503671798945,0.25177568789216215,0.5055559123312482,0.8687001092072231,0.0030794676844142885,16,8,0.2,2500,fast_ICA,iid,False,5
9,2,2001,26,260001,True,33,False,100,0.7716616070204038,0.006032141856849194,0.15413653163479454,0.11755394234709744,0.3651901170472897,0.5004434732600226,0.8654301286677546,0.005241337768078073,16,8,0.2,2500,fast_ICA,iid,False,5
9,4,4001,13,130001,True,46,False,100,0.7263247233923933,0.0270403902977705,0.07287271840843473,0.06588976273410203,0.14490606427338737,0.31234798557328924,0.9519465070475315,0.0059161555985709725,16,8,0.2,2500,fast_ICA,iid,False,5
9,4,4001,28,280001,True,41,False,100,0.7668574262965395,0.024035127833485603,0.14101161722330863,0.1063209389407345,0.31967686762872544,0.5062977223412128,0.8767966843109567,0.007042175679132406,16,8,0.2,2500,fast_ICA,iid,False,5
9,2,2001,10,100001,True,33,False,100,0.8647650124797407,0.015055564697831869,0.07720910967748483,0.06970335560500798,0.1573532130571481,0.35141694741697566,0.936781924511814,0.005508767186303325,16,8,0.2,2500,fast_ICA,iid,False,5
9,2,2001,23,230001,True,34,False,100,0.727631460756405,0.007764400914311409,0.07747343841333966,0.07127291627592637,0.14616511308727878,0.29825546854993895,0.9546915439142243,0.005628225405578053,16,8,0.2,2500,fast_ICA,iid,False,5
9,2,2001,20,200001,True,30,False,100,0.7062500169808623,0.010870100930333138,0.10450284608771494,0.08657101345869268,0.27276061152854697,0.3964774861833028,0.9199119187808241,0.006684434183163543,16,8,0.2,2500,fast_ICA,iid,False,5
9,2,2001,8,80001,True,34,False,100,0.6193674452698826,0.01648038625717163,0.08391770675788107,0.07140560539499592,0.15070225972297954,0.36192311848595116,0.9321522918216413,0.005454467915929547,16,8,0.2,2500,fast_ICA,iid,False,5
9,4,4001,14,140001,True,34,False,100,0.6416038996530667,0.03465749090537429,0.05630757416949289,0.05212377298774706,0.09110154043201978,0.2293863907058098,0.974074390859877,0.0062524733638964465,16,8,0.2,2500,fast_ICA,iid,False,5
9,2,2001,14,140001,True,29,False,100,0.6416038996530667,0.016330146696418524,0.05596565022052422,0.05322610754811806,0.0834169913491328,0.2270492437492841,0.974510229547467,0.0059650119412172405,16,8,0.2,2500,fast_ICA,iid,False,5
9,2,2001,15,150001,True,27,False,100,0.7147120926602737,0.017063262406736612,0.07266250825460428,0.06537546176281941,0.12945772376047512,0.3221977387520547,0.9482869782423562,0.005858703056301527,16,8,0.2,2500,fast_ICA,iid,False,5
9,2,2001,29,290001,True,30,False,100,0.6914004548551383,0.010184585116803646,0.08105185408652822,0.07344730694553975,0.13813803161478813,0.34086209942766965,0.9415652670523775,0.005652982003836385,16,8,0.2,2500,fast_ICA,iid,False,5
9,4,4001,12,120001,True,63,False,100,0.861151067791915,0.03641756996512413,0.17429962831942425,0.1184292793130171,0.48011499396361146,0.47302765827818444,0.8640787952713849,0.00545406374969767,16,8,0.2,2500,fast_ICA,iid,False,5
9,1,1001,27,270001,True,30,False,100,0.5545755257423425,0.026556672994047403,0.0667043621458469,0.060773727291194936,0.13775964253589298,0.23207749411864342,0.9733499720682518,0.005802081056795081,16,8,0.2,2500,fast_ICA,iid,False,5
9,2,2001,18,180001,True,37,False,100,0.6723535860361821,0.016316507011651993,0.06669904196594244,0.06266519323498715,0.13410665649622525,0.26768845515487266,0.9619016106324854,0.005515381806999268,16,8,0.2,2500,fast_ICA,iid,False,5
9,4,4001,1,10001,True,49,False,100,0.6138569231537075,0.04426839109510183,0.12563107607838106,0.09104309654318568,0.42151754816666337,0.39413024394556917,0.9228550476209625,0.005424411787725714,16,8,0.2,2500,fast_ICA,iid,False,5
9,4,4001,22,220001,True,40,False,100,0.6308333717011159,0.025952996220439672,0.1402818779142239,0.09994078051943497,0.36429518283897333,0.4353295132100713,0.901862650206928,0.006541955380708834,16,8,0.2,2500,fast_ICA,iid,False,5
9,2,2001,13,130001,True,36,False,100,0.7263247233923933,0.06849951669573784,0.07217978730488155,0.06429304600726403,0.13484777386297023,0.30371743524770284,0.9542951695666397,0.006096504883312704,16,8,0.2,2500,fast_ICA,iid,False,5
8,8,8001,8,80001,True,41,False,100,0.6193674452698826,0.0983489197678864,0.11581189321494459,0.09403095138150505,0.2856859002965984,0.3966988665944164,0.918890395867153,0.00027191743115662206,16,8,0.2,2500,fast_ICA,iid,False,5
8,9,9001,15,150001,True,46,False,100,0.7147120926602737,0.02644411288201809,0.17942215772821257,0.12373936042937711,0.47474938672953076,0.5095855047701259,0.8477229714522585,0.0008379819743933857,16,8,0.2,2500,fast_ICA,iid,False,5
9,2,2001,3,30001,True,29,False,100,0.5308746909631714,0.02976782200857997,0.06086444630375786,0.05793251644970413,0.09312303883979592,0.21618966630514788,0.9771347814282721,0.0057331852308167815,16,8,0.2,2500,fast_ICA,iid,False,5
9,5,5001,14,140001,True,28,False,100,0.6416038996530667,0.008637756109237671,0.05412329024295953,0.05118483356239481,0.08214807025716643,0.2245099080662447,0.9752338650788094,0.006117347930673101,16,8,0.2,2500,fast_ICA,iid,False,5
9,5,5001,3,30001,True,34,False,100,0.5308746909631714,0.025425459258258343,0.060537429551115074,0.058129887653125184,0.08366304155461143,0.2157594659978837,0.9772908387460896,0.005587841369652184,16,8,0.2,2500,fast_ICA,iid,False,5
9,3,3001,7,70001,True,37,False,100,0.677119999988192,0.006951835937798023,0.07016322186352571,0.062491853106718974,0.13430832699901155,0.30458203190192773,0.9546056264421872,0.005573263107183841,16,8,0.2,2500,fast_ICA,iid,False,5
9,2,2001,27,270001,True,33,False,100,0.5545755257423425,0.010590453166514635,0.05624423733054214,0.05431897954919279,0.09395219308072075,0.2269663053036434,0.9745415198632809,0.005926379826933773,16,8,0.2,2500,fast_ICA,iid,False,5
9,2,2001,21,210001,True,36,False,100,0.712366200334098,0.01669751387089491,0.10573637453292857,0.08703529176485948,0.24568460088151067,0.38167549628313935,0.9230963444400329,0.005502619569804334,16,8,0.2,2500,fast_ICA,iid,False,5
9,0,1,26,260001,True,44,False,100,0.7716616070204038,0.013056468218564987,0.12365594326623067,0.09996916302052783,0.28961580130732745,0.4767112829809738,0.8787656395534887,0.005009745735998906,16,8,0.2,2500,fast_ICA,iid,False,5
9,5,5001,13,130001,True,39,False,100,0.7263247233923933,0.012560050934553146,0.06674477831867756,0.06161745547379201,0.11322120462345507,0.30754558142475297,0.9531362076467582,0.0060478475995146995,16,8,0.2,2500,fast_ICA,iid,False,5
9,1,1001,1,10001,True,42,False,100,0.6138569231537075,0.04275208106264472,0.25408804227463777,0.14942718927781817,0.9064240853220039,0.5228365961673743,0.8642535612446709,0.005572782995196677,16,8,0.2,2500,fast_ICA,iid,False,5
8,9,9001,12,120001,True,46,False,100,0.861151067791915,0.033573538064956665,0.17046783073173072,0.12515898798382386,0.5265360088124557,0.4547380276503386,0.8837536472876241,0.0003929420546076878,16,8,0.2,2500,fast_ICA,iid,False,5
8,9,9001,8,80001,True,45,False,100,0.6193674452698826,0.04363844497129321,0.12160954769763319,0.0997130869742889,0.2286827431000606,0.4005189842092366,0.9185027236596641,0.00035679519171789566,16,8,0.2,2500,fast_ICA,iid,False,5
9,5,5001,9,90001,True,37,False,100,0.7817205868726537,0.01687296386808157,0.09679643482959395,0.08234236325150401,0.2078683334028102,0.33682069312091595,0.9425189178840478,0.0056566977891979574,16,8,0.2,2500,fast_ICA,iid,False,5
9,2,2001,25,250001,True,33,False,100,0.6836229054110852,0.01842387393116951,0.08183955174223302,0.07114381783203555,0.20103818603323165,0.4031645431992386,0.9020202524386204,0.007219262846436331,16,8,0.2,2500,fast_ICA,iid,False,5
9,1,1001,20,200001,True,34,False,100,0.7062500169808623,0.0061454311944544315,0.08399349941374594,0.07765738582827217,0.14599055439120784,0.3814929778675409,0.9254142287253836,0.006376243121541964,16,8,0.2,2500,fast_ICA,iid,False,5
9,1,1001,10,100001,True,32,False,100,0.8647650124797407,0.011121320072561502,0.07443887421157275,0.06712494523118887,0.1568528064028166,0.3523290617438353,0.9357056276835939,0.005378135472785403,16,8,0.2,2500,fast_ICA,iid,False,5
9,5,5001,27,270001,True,33,False,100,0.5545755257423425,0.006208810955286026,0.0676136375765001,0.061675883406606055,0.1357916968084662,0.23085439414544792,0.9738159318517711,0.005981782401664263,16,8,0.2,2500,fast_ICA,iid,False,5
9,1,1001,16,160001,True,35,False,100,0.7885122762720104,0.007368064019829035,0.10902279369141678,0.08947331233591052,0.21701186517956272,0.3957190223808641,0.9239503772494272,0.0059948697537569404,16,8,0.2,2500,fast_ICA,iid,False,5
9,5,5001,7,70001,True,42,False,100,0.677119999988192,0.024562404956668615,0.0662002167905654,0.06025740549519607,0.1193966895726694,0.30255366784420074,0.9543564127126777,0.005553972623564865,16,8,0.2,2500,fast_ICA,iid,False,5
9,6,6001,2,20001,True,34,False,100,0.752995985496873,0.005749844014644623,0.1290055093769294,0.09550886655091753,0.34974463806588574,0.38572532871535586,0.9245425596096684,0.0059294425489849695,16,8,0.2,2500,fast_ICA,iid,False,5
9,2,2001,9,90001,True,28,False,100,0.7817205868726537,0.03716432582587004,0.08297782876903807,0.0751559876847098,0.1364372754927867,0.3427071943205832,0.9413598150940654,0.006006010360217809,16,8,0.2,2500,fast_ICA,iid,False,5
9,1,1001,21,210001,True,28,False,100,0.712366200334098,0.006632677745074034,0.20679255456705112,0.12721182478475315,0.7647036442937459,0.45507092423788204,0.8826693658744771,0.005633817381366417,16,8,0.2,2500,fast_ICA,iid,False,5
9,1,1001,13,130001,True,42,False,100,0.7263247233923933,0.014579128008335829,0.0651451284282701,0.0600724136533617,0.10239471869886489,0.3034637141375721,0.9544881205898431,0.0058807378521561786,16,8,0.2,2500,fast_ICA,iid,False,5
9,5,5001,18,180001,True,38,False,100,0.6723535860361821,0.014589818194508553,0.06661688258581495,0.06179864833459159,0.1449937482626868,0.26768987727271004,0.9621020188813277,0.00541565451273725,16,8,0.2,2500,fast_ICA,iid,False,5
8,8,8001,26,260001,True,65,False,100,0.7881409708700214,0.026264884043484926,0.2350085632249238,0.17468739633399777,0.568998263013405,0.6569905745488206,0.7692532961898669,0.0003905538981131786,16,8,0.2,2500,fast_ICA,iid,False,5
9,6,6001,1,10001,True,40,False,100,0.6138569231537075,0.006670188158750534,0.10227784797089266,0.08025485254012187,0.31171833762824724,0.36513345911161593,0.9337714423005965,0.0052610217140530375,16,8,0.2,2500,fast_ICA,iid,False,5
9,5,5001,6,60001,True,29,False,100,0.7374488647673002,0.03330698981881142,0.07340036031741203,0.06664176256546071,0.1419418937211649,0.23290966772483096,0.9732203159189315,0.005193735008145597,16,8,0.2,2500,fast_ICA,iid,False,5
8,8,8001,22,220001,True,47,False,100,0.634264007610278,0.07274071127176285,0.17303905567573513,0.12860451885084967,0.42004234356150205,0.49772795766937905,0.8577225809934789,0.0015075841334615458,16,8,0.2,2500,fast_ICA,iid,False,5
9,4,4001,17,170001,True,33,False,100,0.7170677399879132,0.04525041487067938,0.16104530335975603,0.11569800239002251,0.4853427122651597,0.5179569332262984,0.8308530484764819,0.005255348335394462,16,8,0.2,2500,fast_ICA,iid,False,5
9,5,5001,25,250001,True,37,False,100,0.6836229054110852,0.008633725810796022,0.09332879044600886,0.07599965411624608,0.25379189171022853,0.41150203363329263,0.8952110690518557,0.00708116470751801,16,8,0.2,2500,fast_ICA,iid,False,5
9,1,1001,19,190001,True,31,False,100,0.7294159637664959,0.0060312822461128235,0.07227389956098654,0.06472819339389757,0.12432314005755671,0.29789796720878875,0.9568144642751736,0.005799262051423567,16,8,0.2,2500,fast_ICA,iid,False,5
9,5,5001,4,40001,True,36,False,100,0.4681067980112915,0.03457172214984894,0.08632736830398523,0.07428568948683126,0.1941542233311879,0.3152962680146883,0.951089042719493,0.006786215117511891,16,8,0.2,2500,fast_ICA,iid,False,5
9,1,1001,8,80001,True,40,False,100,0.6193674452698826,0.035720564890652895,0.09196401783112627,0.07689855085889619,0.19060576152588504,0.363657908382977,0.9295583017210609,0.005116234823571386,16,8,0.2,2500,fast_ICA,iid,False,5
9,5,5001,16,160001,True,37,False,100,0.7885122762720104,0.018674451857805252,0.12264673736924728,0.09795674319947797,0.2752940858198094,0.3960478184178716,0.9235633939922158,0.005932903787276467,16,8,0.2,2500,fast_ICA,iid,False,5
9,4,4001,6,60001,True,32,False,100,0.7374488647673002,0.006515049375593662,0.060109252713283635,0.0572169776263099,0.07962278271691922,0.22814559355043715,0.9739107958271428,0.004981841725937751,16,8,0.2,2500,fast_ICA,iid,False,5
9,3,3001,24,240001,True,36,False,100,0.7686727878434086,0.013008008245378733,0.06903294880498503,0.06317077180686596,0.1255640744434789,0.32057959238047334,0.9490799727219719,0.005083745886536604,16,8,0.2,2500,fast_ICA,iid,False,5
9,5,5001,12,120001,True,51,False,100,0.861151067791915,0.022314079105854034,0.13987587820854902,0.10043519701296723,0.4242149950565012,0.4536036255168542,0.880434957445796,0.005408925069177501,16,8,0.2,2500,fast_ICA,iid,False,5
9,2,2001,5,50001,True,45,False,100,0.6599062785256397,0.013704652898013592,0.1263412952007294,0.09918375915580327,0.2835857034736469,0.392028885123825,0.9254895239508159,0.005108119800975834,16,8,0.2,2500,fast_ICA,iid,False,5
9,6,6001,0,1,True,32,False,100,0.8348343904675654,0.011684696190059185,0.08015716097068716,0.0730587010815388,0.14925873287548952,0.3524062142146443,0.93820312113661,0.005520053173343919,16,8,0.2,2500,fast_ICA,iid,False,5
9,3,3001,16,160001,True,39,False,100,0.7885122762720104,0.025166621897369623,0.12178171269388002,0.09427008835151043,0.314444489747714,0.408452750420655,0.9163590573325291,0.005704785477197107,16,8,0.2,2500,fast_ICA,iid,False,5
9,5,5001,20,200001,True,36,False,100,0.7062500169808623,0.018827260937541723,0.09566947958814917,0.08131399233043848,0.2577770740401957,0.39878937204690945,0.9189263253081373,0.006132280847962665,16,8,0.2,2500,fast_ICA,iid,False,5
9,3,3001,28,280001,True,50,False,100,0.7668574262965395,0.021487234625965357,0.1519867247700579,0.1133406734958452,0.4291753325372632,0.482637359997595,0.8850145531936537,0.00702864203801521,16,8,0.2,2500,fast_ICA,iid,False,5
9,6,6001,5,50001,True,34,False,100,0.6599062785256397,0.012096883729100227,0.10756451245920169,0.08642509246457193,0.2542023867935152,0.3784451000098033,0.931084400253708,0.00536820876042158,16,8,0.2,2500,fast_ICA,iid,False,5
9,2,2001,19,190001,True,38,False,100,0.7294159637664959,0.008870123885571957,0.0600744637428508,0.05398898761821993,0.10577070583890398,0.2845414300432184,0.9605251445346598,0.005943336584402008,16,8,0.2,2500,fast_ICA,iid,False,5
9,4,4001,10,100001,True,35,False,100,0.8647650124797407,0.01895348960533738,0.07485779729608982,0.068003856544332,0.14074649036548004,0.35327754765367086,0.9356113466283787,0.00574964972934916,16,8,0.2,2500,fast_ICA,iid,False,5
9,6,6001,4,40001,True,38,False,100,0.4681067980112915,0.012402741704136133,0.08291017296396648,0.07295790898964385,0.1518843411602125,0.3120307831433992,0.9529752733480118,0.006393175178711832,16,8,0.2,2500,fast_ICA,iid,False,5
9,6,6001,10,100001,True,35,False,100,0.8647650124797407,0.009701837785542011,0.06998018451984794,0.06326592731055536,0.15112111765153216,0.35327894132545495,0.9357372561477623,0.005873823046979691,16,8,0.2,2500,fast_ICA,iid,False,5
9,4,4001,29,290001,True,35,False,100,0.6914004548551383,0.010958601254969835,0.17866711293646975,0.12291983218383243,0.5377657604260803,0.4696984482328292,0.8862170386533924,0.005564482051511513,16,8,0.2,2500,fast_ICA,iid,False,5
9,6,6001,24,240001,True,37,False,100,0.7686727878434086,0.006419449578970671,0.06850909989885898,0.06331177206264618,0.11357982751427873,0.32324386088238827,0.9476240293032092,0.005737503648405962,16,8,0.2,2500,fast_ICA,iid,False,5
9,5,5001,10,100001,True,35,False,100,0.8647650124797407,0.02700243005529046,0.07724035871638817,0.07034085269256393,0.14515948801802775,0.3468233509539485,0.9374203279556826,0.005299586226254249,16,8,0.2,2500,fast_ICA,iid,False,5
9,6,6001,22,220001,True,34,False,100,0.6308333717011159,0.0068701873533427715,0.12340644884163493,0.0943922317706031,0.36296125534322254,0.4137285271184467,0.9108429580719574,0.00624582720899861,16,8,0.2,2500,fast_ICA,iid,False,5
9,3,3001,27,270001,True,32,False,100,0.5545755257423425,0.016596795991063118,0.06278761805797617,0.05827190981809652,0.1298910323685882,0.22762542812308986,0.9744197778583459,0.005937821451109178,16,8,0.2,2500,fast_ICA,iid,False,5
9,4,4001,27,270001,True,32,False,100,0.5545755257423425,0.007039465010166168,0.06914176080288506,0.06267924174339641,0.13948319329017667,0.23209055880777965,0.9734936414149665,0.006100137674503144,16,8,0.2,2500,fast_ICA,iid,False,5
8,2,2001,11,110001,True,52,False,100,0.7008885664687479,0.27314027678221464,0.1016648933269744,0.08428584160163122,0.2519487812729797,0.3962697352104937,0.914145542682165,0.00033536097304200996,16,8,0.2,2500,fast_ICA,iid,False,5
8,4,4001,11,110001,True,40,False,100,0.7008885664687479,0.11417389987036586,0.1481563293409077,0.11970959760744335,0.31008134533858844,0.4393591020396913,0.9016968706542972,0.00035168638376523165,16,8,0.2,2500,fast_ICA,iid,False,5
9,2,2001,12,120001,True,42,False,100,0.861151067791915,0.01789407664909959,0.13693925631335568,0.10447349464217978,0.36074173826881095,0.47248014811880656,0.8809876963273858,0.0054654099061978816,16,8,0.2,2500,fast_ICA,iid,False,5
9,6,6001,19,190001,True,33,False,100,0.7294159637664959,0.010669802315533161,0.07250101474666557,0.0637609167256904,0.12678485719545662,0.2925662854046896,0.9588854595920547,0.005910117504102949,16,8,0.2,2500,fast_ICA,iid,False,5
9,2,2001,1,10001,True,33,False,100,0.6138569231537075,0.018010706175118685,0.11769236564928852,0.08637904104799529,0.37995575654431385,0.3782993779338761,0.9302826374199159,0.00547573977663085,16,8,0.2,2500,fast_ICA,iid,False,5
9,2,2001,28,280001,True,41,False,100,0.7668574262965395,0.013797983061522245,0.14954858267910678,0.11308621526174761,0.3550626842598703,0.5123066575347002,0.8619340954253639,0.0072182512502348434,16,8,0.2,2500,fast_ICA,iid,False,5
9,6,6001,23,230001,True,36,False,100,0.727631460756405,0.01986680505797267,0.07725844115525461,0.07045016141750825,0.13839028268122122,0.2984127732733882,0.9545396101366256,0.005432806909099517,16,8,0.2,2500,fast_ICA,iid,False,5
9,2,2001,22,220001,True,33,False,100,0.6308333717011159,0.02126916591078043,0.10912890361198754,0.08552734123859841,0.25505677396696436,0.4118292124936153,0.9094852226170448,0.006398633661650993,16,8,0.2,2500,fast_ICA,iid,False,5
9,0,1,3,30001,True,39,False,100,0.5308746909631714,0.029912982136011124,0.05350343640496644,0.05197770076123528,0.07150575185460886,0.21190488671841204,0.9780849063166002,0.005459463797263063,16,8,0.2,2500,fast_ICA,iid,False,5
9,8,8001,3,30001,True,47,False,100,0.5308746909631714,0.015215334016829729,0.06518405058891699,0.06113880920193129,0.11467096796953302,0.2189244678744767,0.9765036728536503,0.005833053551164469,16,8,0.2,2500,fast_ICA,iid,False,5
9,3,3001,23,230001,True,38,False,100,0.727631460756405,0.009130761958658695,0.06720898778660381,0.06177700217189139,0.14642162630292588,0.29462884908251,0.9557942760089849,0.005567386344696484,16,8,0.2,2500,fast_ICA,iid,False,5
9,5,5001,8,80001,True,33,False,100,0.6193674452698826,0.02040539076551795,0.10042277376748111,0.08328988383841568,0.21236830253010172,0.38232661971002413,0.9253419192807486,0.005296071693647645,16,8,0.2,2500,fast_ICA,iid,False,5
8,9,9001,17,170001,True,38,False,100,0.7170677399879132,0.039056493900716305,0.16720328787591032,0.1277541333985365,0.45423786243452885,0.5279826420158225,0.8348232207963139,0.0004378379953320513,16,8,0.2,2500,fast_ICA,iid,False,5
9,3,3001,8,80001,True,36,False,100,0.6193674452698826,0.011598967015743256,0.0784551939063139,0.06722247853574727,0.16389664336049056,0.3514462778839324,0.9335169086475555,0.005376734800171473,16,8,0.2,2500,fast_ICA,iid,False,5
8,8,8001,16,160001,True,59,False,100,0.7885122762720104,0.01927121914923191,0.27295582188707657,0.169678149783677,1.160213467267007,0.5424223827744503,0.8113346515138322,0.0012309754504131298,16,8,0.2,2500,fast_ICA,iid,False,5
9,5,5001,17,170001,True,36,False,100,0.7170677399879132,0.05078617995604873,0.17771238920618537,0.1220041301569352,0.6034427627686471,0.5201049338259435,0.8220825980300271,0.0055315843257966665,16,8,0.2,2500,fast_ICA,iid,False,5
8,8,8001,18,180001,True,39,False,100,0.6723535860361821,0.02607476618140936,0.08765455324393398,0.07963230430268212,0.15356280225803273,0.33085528470032244,0.9400306861869441,0.00030743405349990826,16,8,0.2,2500,fast_ICA,iid,False,5
8,6,6001,18,180001,True,39,False,100,0.6723535860361821,0.06149559188634157,0.11165857705134682,0.08931778450492858,0.32756299699173724,0.34482359216481295,0.9364748918464109,0.00036252703907158225,16,8,0.2,2500,fast_ICA,iid,False,5
9,4,4001,7,70001,True,33,False,100,0.677119999988192,0.010041106026619673,0.06364489478121728,0.05909510183552776,0.10118504298873145,0.2912767786699364,0.9568164306342555,0.005922260626391959,16,8,0.2,2500,fast_ICA,iid,False,5
9,1,1001,24,240001,True,37,False,100,0.7686727878434086,0.015479363035410643,0.07979597173282908,0.07013096037976105,0.16615226961140728,0.32254971903256535,0.9482165718174141,0.0054526444102572175,16,8,0.2,2500,fast_ICA,iid,False,5
9,8,8001,8,80001,True,39,False,100,0.6193674452698826,0.011841255705803633,0.07341724949652292,0.06312361608376961,0.1550255700456407,0.35359099904439245,0.9322791547759384,0.0053230940804405505,16,8,0.2,2500,fast_ICA,iid,False,5
9,6,6001,27,270001,True,34,False,100,0.5545755257423425,0.005880832672119141,0.06387235790082071,0.05917492546894883,0.11568454145762024,0.23144013778393266,0.9736008118748104,0.006080737436842998,16,8,0.2,2500,fast_ICA,iid,False,5
9,4,4001,5,50001,True,38,False,100,0.6599062785256397,0.02385071897879243,0.10321436547014783,0.08591280536360507,0.1893193478442326,0.36929138470981066,0.9296674847412102,0.005072655652426445,16,8,0.2,2500,fast_ICA,iid,False,5
8,7,7001,9,90001,True,45,False,100,0.7817205868726537,0.05454865610226989,0.16326610706700911,0.13130831057718,0.386526010532705,0.472049838079605,0.8834836733191783,0.0007228047494430814,16,8,0.2,2500,fast_ICA,iid,False,5
9,8,8001,18,180001,True,39,False,100,0.6723535860361821,0.010888541117310524,0.07346569253609182,0.06708296779194645,0.16276742450611575,0.27680204640761624,0.9605979814116121,0.0055233176198365794,16,8,0.2,2500,fast_ICA,iid,False,5
9,4,4001,19,190001,True,33,False,100,0.7294159637664959,0.005857762880623341,0.06619382847843047,0.05971042721115445,0.12477691568945572,0.2925596730778148,0.9588264481293017,0.005999779749731314,16,8,0.2,2500,fast_ICA,iid,False,5
9,3,3001,26,260001,True,61,False,100,0.7716616070204038,0.02047548070549965,0.12799329737288115,0.1031573178163186,0.2861134516245914,0.4750926059728676,0.8776082367584792,0.005000961347866746,16,8,0.2,2500,fast_ICA,iid,False,5
9,8,8001,15,150001,True,36,False,100,0.7147120926602737,0.016518736258149147,0.06372311443860884,0.05711459758602852,0.12788758677147427,0.3143550634133176,0.9496207541091818,0.005817564864720263,16,8,0.2,2500,fast_ICA,iid,False,5
9,5,5001,1,10001,True,34,False,100,0.6138569231537075,0.00772059103474021,0.0977554504682412,0.08270957634203384,0.21396074165550788,0.36447307644853283,0.9338181725899435,0.0054539247264110855,16,8,0.2,2500,fast_ICA,iid,False,5
9,4,4001,21,210001,True,33,False,100,0.712366200334098,0.013410026207566261,0.09321966376858648,0.08039588737076259,0.18624208829353783,0.37797990759646644,0.924384957554088,0.005807167425578561,16,8,0.2,2500,fast_ICA,iid,False,5
9,5,5001,5,50001,True,35,False,100,0.6599062785256397,0.00628524087369442,0.08511462917751184,0.07250591791517966,0.18298050221950432,0.34972229485594925,0.937290758722936,0.005409283391723259,16,8,0.2,2500,fast_ICA,iid,False,5
9,4,4001,15,150001,True,40,False,100,0.7147120926602737,0.007469842676073313,0.07300070435286454,0.0655009129501285,0.13762178455707944,0.3157022722912891,0.9498897839813034,0.005732361163364595,16,8,0.2,2500,fast_ICA,iid,False,5
9,6,6001,13,130001,True,42,False,100,0.7263247233923933,0.013996642082929611,0.08260524527727982,0.07389500433576866,0.14521764800940806,0.322320917735318,0.9489833461527476,0.005905845697329086,16,8,0.2,2500,fast_ICA,iid,False,5
9,8,8001,7,70001,True,36,False,100,0.677119999988192,0.0338494461029768,0.0915640932115104,0.0757658654064498,0.20961920628365618,0.3086944047298791,0.9526493797998601,0.0056804313845573605,16,8,0.2,2500,fast_ICA,iid,False,5
9,7,7001,13,130001,True,30,False,100,0.7263247233923933,0.006358650047332048,0.06350093021542152,0.058699261122256804,0.11909740154020662,0.3097478115444797,0.9525185546989361,0.005903024876991265,16,8,0.2,2500,fast_ICA,iid,False,5
9,4,4001,20,200001,True,37,False,100,0.7062500169808623,0.01949783693999052,0.11107752421942425,0.08983567389304223,0.3058243388866593,0.4106400137037049,0.9137198735632062,0.0065193084386724965,16,8,0.2,2500,fast_ICA,iid,False,5
9,7,7001,15,150001,True,35,False,100,0.7147120926602737,0.005637494847178459,0.06814123161188256,0.062410457500316346,0.11594980116206054,0.31191357886045823,0.9507828477805607,0.006257080018331502,16,8,0.2,2500,fast_ICA,iid,False,5
9,4,4001,16,160001,True,37,False,100,0.7885122762720104,0.012772430200129747,0.07315084547736891,0.06576357122673503,0.14412972765700577,0.3545567141289535,0.936344258823478,0.006160266758480577,16,8,0.2,2500,fast_ICA,iid,False,5
9,5,5001,11,110001,True,32,False,100,0.6693634786923396,0.02659326186403632,0.08341282424548738,0.07186606542773012,0.19502950567620927,0.39176309636127576,0.9194032364822223,0.005374951128768795,16,8,0.2,2500,fast_ICA,iid,False,5
9,6,6001,6,60001,True,34,False,100,0.7374488647673002,0.020423540845513344,0.06580853841243066,0.062340526437505935,0.10772830774245981,0.23490035821364993,0.9727663840382871,0.0053892010390198305,16,8,0.2,2500,fast_ICA,iid,False,5
9,5,5001,15,150001,True,42,False,100,0.7147120926602737,0.022823686245828867,0.06066975680275334,0.054188889916626785,0.11928422145018573,0.31465453261874454,0.9497902447754857,0.005701994471035134,16,8,0.2,2500,fast_ICA,iid,False,5
9,6,6001,14,140001,True,33,False,100,0.6416038996530667,0.016701654065400362,0.06175741270967813,0.057222271819107495,0.10021807263029155,0.23097903475286344,0.9737675532160185,0.006006582888899617,16,8,0.2,2500,fast_ICA,iid,False,5
9,8,8001,28,280001,True,47,False,100,0.7668574262965395,0.0077785709872841835,0.16070976511506843,0.11278547587033554,0.46809258148749683,0.4937646465860087,0.8753227671138955,0.007286790916315768,16,8,0.2,2500,fast_ICA,iid,False,5
9,7,7001,23,230001,True,28,False,100,0.727631460756405,0.0076471720822155476,0.08946078847785349,0.07981725534373474,0.16845122719695252,0.3176783201572905,0.9493833612551893,0.005319365275979301,16,8,0.2,2500,fast_ICA,iid,False,5
9,3,3001,0,1,True,37,False,100,0.8348343904675654,0.007758100982755423,0.07234760758641452,0.06627893323072973,0.14798222856367335,0.35229096223586925,0.9381417834913803,0.005456317212666798,16,8,0.2,2500,fast_ICA,iid,False,5
9,9,9001,0,1,True,36,False,100,0.8348343904675654,0.006272430997341871,0.07852100172718543,0.07182988683068213,0.16862812529400859,0.3498200668268518,0.9389865219270437,0.0054997282588667915,16,8,0.2,2500,fast_ICA,iid,False,5
9,9,9001,7,70001,True,37,False,100,0.677119999988192,0.008595526218414307,0.05680430939351442,0.0526509123695577,0.10175636494870925,0.28563628640646976,0.9579556095349009,0.005978695022204406,16,8,0.2,2500,fast_ICA,iid,False,5
9,7,7001,5,50001,True,35,False,100,0.6599062785256397,0.013255637139081955,0.10057125733292618,0.08322149689792466,0.19237029321365898,0.37532555501991677,0.9281179595472644,0.005322332172218911,16,8,0.2,2500,fast_ICA,iid,False,5
9,5,5001,26,260001,True,42,False,100,0.7716616070204038,0.02640665415674448,0.1399209361823728,0.10846365540919606,0.3239893671354179,0.48066767170156505,0.8763452518416184,0.005091852952624479,16,8,0.2,2500,fast_ICA,iid,False,5
9,9,9001,4,40001,True,29,False,100,0.4681067980112915,0.015340232755988836,0.07929474573931504,0.07099610958138662,0.15023944431522945,0.30924899686652224,0.953608502129845,0.006576932601087793,16,8,0.2,2500,fast_ICA,iid,False,5
9,7,7001,1,10001,True,35,False,100,0.6138569231537075,0.0159782194532454,0.08158180061717184,0.07101842264222058,0.16168095981760963,0.3599824008181111,0.9358066534019892,0.005199709281713378,16,8,0.2,2500,fast_ICA,iid,False,5
9,9,9001,11,110001,True,34,False,100,0.6693634786923396,0.009152062237262726,0.10648928965085096,0.08416930770394425,0.26334887261552725,0.405099019257852,0.9134365949229204,0.005742676891780568,16,8,0.2,2500,fast_ICA,iid,False,5
9,9,9001,10,100001,True,36,False,100,0.8647650124797407,0.007233444135636091,0.06719252319504793,0.0634380787585967,0.10784033385939225,0.3421493787526869,0.9403753863906797,0.00577908591277867,16,8,0.2,2500,fast_ICA,iid,False,5
9,7,7001,6,60001,True,33,False,100,0.7374488647673002,0.01585602993145585,0.05746475555218678,0.0552542126968811,0.07974992163620691,0.22205963220584105,0.97580762967243,0.005406127157938439,16,8,0.2,2500,fast_ICA,iid,False,5
9,8,8001,23,230001,True,38,False,100,0.727631460756405,0.025647649075835943,0.07354826290422575,0.0665654923758687,0.14401095953741858,0.3011527286847499,0.9532324014459531,0.005404772005759286,16,8,0.2,2500,fast_ICA,iid,False,5
9,7,7001,2,20001,True,34,False,100,0.752995985496873,0.018515662755817175,0.05718368305114015,0.05382006396217942,0.08763330692676415,0.352068719487876,0.9352217856827926,0.0056277019473677855,16,8,0.2,2500,fast_ICA,iid,False,5
9,3,3001,3,30001,True,33,False,100,0.5308746909631714,0.010062366724014282,0.06955955478169412,0.06461997227854208,0.1339359683982648,0.2207609489481881,0.9763052800887866,0.005472919024755447,16,8,0.2,2500,fast_ICA,iid,False,5
9,5,5001,22,220001,True,39,False,100,0.6308333717011159,0.024230696726590395,0.1231545843815167,0.0902606113268983,0.3884953110524091,0.41731762986158366,0.9061970132079505,0.006596845697604603,16,8,0.2,2500,fast_ICA,iid,False,5
9,2,2001,17,170001,True,36,False,100,0.7170677399879132,0.02001452399417758,0.18902486192933607,0.12826208169088987,0.6529285867378449,0.5274404552092388,0.8217792520613992,0.005210769057411305,16,8,0.2,2500,fast_ICA,iid,False,5
9,7,7001,0,1,True,35,False,100,0.8348343904675654,0.07096371334046125,0.08812194544477278,0.07814006582073509,0.18896291835917986,0.37212231854333455,0.9333551300393961,0.0052775905397981215,16,8,0.2,2500,fast_ICA,iid,False,5
9,8,8001,27,270001,True,33,False,100,0.5545755257423425,0.021869152318686247,0.06524754179429466,0.059597160294808355,0.12744935011433803,0.2309747646921486,0.973697642733182,0.005767063417583541,16,8,0.2,2500,fast_ICA,iid,False,5
9,9,9001,25,250001,True,34,False,100,0.6836229054110852,0.0065283989533782005,0.09220050620315647,0.07770622800997389,0.2178667135891757,0.4122884971400459,0.8976227129901057,0.006966642328131534,16,8,0.2,2500,fast_ICA,iid,False,5
9,4,4001,18,180001,True,38,False,100,0.6723535860361821,0.1135035241022706,0.07954824881597325,0.07329099053211538,0.16170836779619951,0.27398497120892923,0.9605356683083798,0.0053139283724451545,16,8,0.2,2500,fast_ICA,iid,False,5
9,7,7001,29,290001,True,40,False,100,0.6914004548551383,0.011834795121103525,0.09544791189564525,0.08455179597885512,0.17696589877643332,0.347373506060172,0.93862172480451,0.00563311432367845,16,8,0.2,2500,fast_ICA,iid,False,5
9,7,7001,8,80001,True,31,False,100,0.6193674452698826,0.015465703327208757,0.06802904497668827,0.06060005992778584,0.14397547683337045,0.34346012353220373,0.9359528710193,0.0051758980158377555,16,8,0.2,2500,fast_ICA,iid,False,5
9,6,6001,12,120001,True,45,False,100,0.861151067791915,0.02517628064379096,0.13986143741270543,0.10094925911605693,0.37812691243848867,0.44603818913137394,0.8800298607160396,0.0050304441155734295,16,8,0.2,2500,fast_ICA,iid,False,5
9,9,9001,13,130001,True,33,False,100,0.7263247233923933,0.008755954913794994,0.07781251720033702,0.06996166006671103,0.15067816622361135,0.30951972732471217,0.952683848209955,0.005775575411812402,16,8,0.2,2500,fast_ICA,iid,False,5
9,9,9001,6,60001,True,31,False,100,0.7374488647673002,0.01671948516741395,0.0626247046021684,0.05941137905570631,0.09033118850702264,0.2292108228620283,0.9741670571425656,0.005229082034864439,16,8,0.2,2500,fast_ICA,iid,False,5
9,6,6001,28,280001,True,40,False,100,0.7668574262965395,0.0194089082069695,0.12024328646865802,0.09463540861656594,0.2428520781123168,0.46527043719484595,0.8938603806386091,0.007316614022624239,16,8,0.2,2500,fast_ICA,iid,False,5
9,6,6001,20,200001,True,34,False,100,0.7062500169808623,0.022682956885546446,0.10922987641062043,0.09336135784425961,0.23333954422951622,0.4284545166966932,0.9091841751154555,0.006427942773875776,16,8,0.2,2500,fast_ICA,iid,False,5
9,7,7001,21,210001,True,47,False,100,0.712366200334098,0.012593791354447603,0.1215635588949669,0.09431173690321829,0.34504982075240487,0.3844069002086434,0.9245581753520618,0.00557679726983287,16,8,0.2,2500,fast_ICA,iid,False,5
9,7,7001,26,260001,True,46,False,100,0.7716616070204038,0.014999595936387777,0.16174069593816168,0.11299378015999322,0.5577313252861037,0.4705096053945344,0.8772668261391804,0.0051266735231621195,16,8,0.2,2500,fast_ICA,iid,False,5
9,6,6001,29,290001,True,38,False,100,0.6914004548551383,0.02428686711937189,0.11170901805338732,0.09147856169327476,0.25973566606109433,0.3854135621507466,0.9270550793628436,0.005817268951380734,16,8,0.2,2500,fast_ICA,iid,False,5
9,7,7001,11,110001,True,36,False,100,0.6693634786923396,0.020500360056757927,0.10031124601261755,0.08269435488334498,0.21664983547968092,0.4044007082120947,0.9113111913717837,0.0054748056196474906,16,8,0.2,2500,fast_ICA,iid,False,5
9,6,6001,18,180001,True,29,False,100,0.6723535860361821,0.07927717035636306,0.08616958505411779,0.07392699299628111,0.21245221732349914,0.291106742577027,0.9565519449059393,0.005494696762829561,16,8,0.2,2500,fast_ICA,iid,False,5
9,9,9001,9,90001,True,31,False,100,0.7817205868726537,0.01678268378600478,0.06079212458957927,0.05656418230939343,0.11039826802204823,0.3215030949144935,0.9468572404649082,0.00539790131626858,16,8,0.2,2500,fast_ICA,iid,False,5
9,7,7001,28,280001,True,38,False,100,0.7668574262965395,0.01484774611890316,0.11624378044219874,0.0922905983006443,0.25236838671314155,0.4619829738846426,0.8938639179726715,0.007253413652017398,16,8,0.2,2500,fast_ICA,iid,False,5
9,7,7001,27,270001,True,32,False,100,0.5545755257423425,0.017349161207675934,0.05971700961582027,0.05695736924923191,0.11139524863907033,0.22916643933902323,0.9740915794262236,0.005809453348017787,16,8,0.2,2500,fast_ICA,iid,False,5
9,9,9001,5,50001,True,54,False,100,0.6599062785256397,0.009374401066452265,0.12009094907825328,0.09388385703459318,0.29553469751649897,0.3839021655817237,0.9210323312403357,0.005444764981508497,16,8,0.2,2500,fast_ICA,iid,False,5
9,7,7001,24,240001,True,37,False,100,0.7686727878434086,0.0189797799102962,0.06983047912624774,0.059455950854180234,0.18222977060709322,0.31813817002822803,0.9488462815781534,0.0053497861985236355,16,8,0.2,2500,fast_ICA,iid,False,5
9,7,7001,7,70001,True,30,False,100,0.677119999988192,0.021482793614268303,0.06124196384234486,0.056653523569643024,0.10241939920159324,0.28485182314846197,0.9584783905484863,0.005665793704350807,16,8,0.2,2500,fast_ICA,iid,False,5
9,5,5001,23,230001,True,47,False,100,0.727631460756405,0.03246274497359991,0.06796317593681662,0.06218163393446178,0.13918383390918362,0.3003350883081932,0.9539528357528647,0.005307041584969425,16,8,0.2,2500,fast_ICA,iid,False,5
9,3,3001,10,100001,True,34,False,100,0.8647650124797407,0.021915112156420946,0.07709468317211322,0.07025844621364483,0.12947229000919688,0.34562927903760526,0.938554310638393,0.0055978103945081075,16,8,0.2,2500,fast_ICA,iid,False,5
10,0,1,0,1,True,28,False,100,0.8348343904675654,0.012224853038787842,0.06609098749691077,0.061887457256922754,0.09952844029545348,0.31400487720031073,0.9517177522239533,0.010384472803611945,16,8,0.2,2500,fast_ICA,iid,False,5
9,8,8001,5,50001,True,43,False,100,0.6599062785256397,0.01118826912716031,0.10144862660141926,0.08350808709595911,0.2147514491942104,0.35304399642752304,0.9346008146873029,0.005205507911112481,16,8,0.2,2500,fast_ICA,iid,False,5
9,8,8001,24,240001,True,35,False,100,0.7686727878434086,0.03381489682942629,0.06985511427429786,0.06321068193966316,0.13966080577360135,0.32398457739757225,0.9469402960046286,0.005116488039855613,16,8,0.2,2500,fast_ICA,iid,False,5
9,7,7001,14,140001,True,36,False,100,0.6416038996530667,0.024866603314876556,0.06380833994991131,0.05844763819472096,0.10821040160877032,0.23136771889215732,0.9735816587258769,0.006009389013285464,16,8,0.2,2500,fast_ICA,iid,False,5
9,8,8001,10,100001,True,29,False,100,0.8647650124797407,0.00923911202698946,0.07837570417420134,0.07054995050290563,0.141409434858381,0.35204027225097984,0.9359744445931616,0.0055069084524564695,16,8,0.2,2500,fast_ICA,iid,False,5
9,8,8001,6,60001,True,48,False,100,0.7374488647673002,0.008024379145354033,0.06518342029779646,0.061945299246680165,0.09829611859687558,0.2306843227073681,0.9739021096685088,0.005076977857546858,16,8,0.2,2500,fast_ICA,iid,False,5
9,9,9001,16,160001,True,39,False,100,0.7885122762720104,0.020600469782948494,0.08791446739728721,0.07556902648393651,0.18303492515924033,0.36898594515434924,0.9320433546497815,0.005848457935729798,16,8,0.2,2500,fast_ICA,iid,False,5
9,6,6001,25,250001,True,48,False,100,0.6836229054110852,0.04263681126758456,0.10022585835941698,0.08289457857073995,0.23581115261998786,0.40688130728076616,0.8991643163838547,0.006829089064562169,16,8,0.2,2500,fast_ICA,iid,False,5
9,9,9001,14,140001,True,29,False,100,0.6416038996530667,0.028984246775507927,0.05823851070651732,0.05398523897007862,0.09268025713539688,0.22498515132897393,0.9749328143258228,0.006451277154783972,16,8,0.2,2500,fast_ICA,iid,False,5
9,4,4001,24,240001,True,30,False,100,0.7686727878434086,0.08849098160862923,0.06100120268689083,0.05716736875783772,0.08843011546325209,0.31675988270733113,0.9492359557152747,0.005392892607664862,16,8,0.2,2500,fast_ICA,iid,False,5
9,8,8001,20,200001,True,29,False,100,0.7062500169808623,0.046966352965682745,0.16866680660244388,0.11750852502562789,0.47662866947207927,0.4591635743672663,0.8913995264821358,0.006562938587605511,16,8,0.2,2500,fast_ICA,iid,False,5
9,9,9001,17,170001,True,41,False,100,0.7170677399879132,0.02980386232957244,0.1565848197523848,0.11544296802218308,0.4805432849079557,0.517812221442193,0.8326973501194411,0.005304771705905612,16,8,0.2,2500,fast_ICA,iid,False,5
9,3,3001,20,200001,True,31,False,100,0.7062500169808623,0.020868178922683,0.11071970324901036,0.0966314025423538,0.2058007884257322,0.41066839126963695,0.9147892549729428,0.006448110851610999,16,8,0.2,2500,fast_ICA,iid,False,5
9,9,9001,24,240001,True,36,False,100,0.7686727878434086,0.021693033166229725,0.06957322462852399,0.06281719646202821,0.13688057152194616,0.3316529045086245,0.9442999371021267,0.005175886895598473,16,8,0.2,2500,fast_ICA,iid,False,5
10,0,1,2,20001,True,30,False,100,0.752995985496873,0.01898687006905675,0.07224884345811267,0.05924498155591889,0.1736616054700545,0.33200282425670374,0.9445394787446726,0.010955823660254169,16,8,0.2,2500,fast_ICA,iid,False,5
9,9,9001,18,180001,True,29,False,100,0.6723535860361821,0.029026806820183992,0.08504866836685256,0.07549088577448726,0.189899788743497,0.27498794733975057,0.9601185000294581,0.0053971228358179815,16,8,0.2,2500,fast_ICA,iid,False,5
9,4,4001,26,260001,True,105,False,100,0.7716616070204038,0.011816625017672777,0.16475559655552932,0.1180734366485727,0.4837612580881881,0.4908069243342324,0.8630483187031449,0.005143323922434809,16,8,0.2,2500,fast_ICA,iid,False,5
10,0,1,12,120001,True,32,False,100,0.861151067791915,0.013392894994467497,0.08016928294516752,0.06575173689169338,0.18371453041974073,0.357312830363453,0.9310704693650277,0.010275074212957562,16,8,0.2,2500,fast_ICA,iid,False,5
9,7,7001,3,30001,True,30,False,100,0.5308746909631714,0.0903018000535667,0.058427473251157165,0.05555146225391776,0.10668059352766299,0.21696837150490955,0.9769276875801322,0.005600327119850587,16,8,0.2,2500,fast_ICA,iid,False,5
9,8,8001,2,20001,True,39,False,100,0.752995985496873,0.045229334849864244,0.08974445892850264,0.07422879692817733,0.1841620517199094,0.3633331181018598,0.9316321503600434,0.00565538160249798,16,8,0.2,2500,fast_ICA,iid,False,5
10,0,1,8,80001,True,27,False,100,0.6193674452698826,0.019325027707964182,0.07111120002156104,0.06105818735254093,0.17775095844199487,0.3302796380308144,0.9456581904492886,0.0102088069446173,16,8,0.2,2500,fast_ICA,iid,False,5
9,7,7001,19,190001,True,32,False,100,0.7294159637664959,0.010288235265761614,0.06077607868755049,0.05582651243483226,0.11216126256569299,0.2890046541222855,0.9585216644333585,0.005627537563206826,16,8,0.2,2500,fast_ICA,iid,False,5
10,1,1001,8,80001,True,31,False,100,0.6193674452698826,0.010396935045719147,0.0607870670879943,0.05457903968074472,0.10971093949240392,0.32950757878962317,0.9449838885759202,0.010333684854934641,16,8,0.2,2500,fast_ICA,iid,False,5
9,3,3001,29,290001,True,33,False,100,0.6914004548551383,0.023062195163220167,0.08217813326373774,0.07365447927588999,0.1679464508387984,0.34055201520078054,0.941115133624238,0.005983120889194158,16,8,0.2,2500,fast_ICA,iid,False,5
9,6,6001,9,90001,True,38,False,100,0.7817205868726537,0.016722144093364477,0.08269720371795718,0.0728880333032694,0.19233092692212023,0.32934007951873145,0.94491388647573,0.005846349391113749,16,8,0.2,2500,fast_ICA,iid,False,5
9,7,7001,25,250001,True,50,False,100,0.6836229054110852,0.01495961518958211,0.13248762069623715,0.09929892279026872,0.34948353377195235,0.43676611934773024,0.88403231208021,0.006657790410405636,16,8,0.2,2500,fast_ICA,iid,False,5
10,0,1,25,250001,True,33,False,100,0.6607803516521449,0.01376101328060031,0.07653044971381018,0.068785506198209,0.15808905345603927,0.2552644076900718,0.9688938172828342,0.012269337399520248,16,8,0.2,2500,fast_ICA,iid,False,5
9,7,7001,4,40001,True,34,False,100,0.4681067980112915,0.024794133845716715,0.06345450752250091,0.058879945756447755,0.11149953101161968,0.29782889112931815,0.9564754956949189,0.006621992473678668,16,8,0.2,2500,fast_ICA,iid,False,5
9,8,8001,9,90001,True,40,False,100,0.7817205868726537,0.06165461102500558,0.07434263545955576,0.06667860747960758,0.15088999730418384,0.3225886480742008,0.9468698526031379,0.00561329131010535,16,8,0.2,2500,fast_ICA,iid,False,5
9,3,3001,18,180001,True,33,False,100,0.6723535860361821,0.08962511364370584,0.09369991266574507,0.08033610232188879,0.25484491313167273,0.285894527957081,0.9572159534666319,0.005441520008902424,16,8,0.2,2500,fast_ICA,iid,False,5
9,6,6001,21,210001,True,32,False,100,0.712366200334098,0.023186073172837496,0.09584887233562313,0.07661467104085959,0.2624936485474166,0.35866933592834876,0.9328615853101943,0.005935327411017314,16,8,0.2,2500,fast_ICA,iid,False,5
9,3,3001,2,20001,True,37,False,100,0.752995985496873,0.006520378869026899,0.07685882024976773,0.06703731797782622,0.1628857914539802,0.35509434772495796,0.9332637523132484,0.005945815068374957,16,8,0.2,2500,fast_ICA,iid,False,5
9,6,6001,11,110001,True,35,False,100,0.6693634786923396,0.08482238510623574,0.10298338270083321,0.08361912774458896,0.2714891588318722,0.3977443188321844,0.9160847248436639,0.00550268131345508,16,8,0.2,2500,fast_ICA,iid,False,5
9,7,7001,12,120001,True,76,False,100,0.861151067791915,0.025344269815832376,0.22033718199411662,0.13794096417087887,0.8002013469769186,0.49732276214595317,0.8431804725320253,0.005477325941216671,16,8,0.2,2500,fast_ICA,iid,False,5
9,6,6001,3,30001,True,43,False,100,0.5308746909631714,0.03844322822988033,0.06332691688255776,0.0602860978800785,0.10755427458334803,0.2143211282656484,0.9776481645138421,0.005721469222348536,16,8,0.2,2500,fast_ICA,iid,False,5
10,1,1001,29,290001,True,29,False,100,0.6914004548551383,0.018009555991739035,0.0730254806841567,0.066843828025267,0.12409442894740631,0.25089741026993545,0.9687314418086137,0.010840452739400893,16,8,0.2,2500,fast_ICA,iid,False,5
9,8,8001,4,40001,True,35,False,100,0.4681067980112915,0.02274359669536352,0.06545422891445661,0.06086864162600363,0.10894928083286998,0.3015064499854962,0.9548814492087214,0.006846989661910226,16,8,0.2,2500,fast_ICA,iid,False,5
10,0,1,28,280001,True,29,False,100,0.7031309834517886,0.03403505543246865,0.05132388979937856,0.04790674645744809,0.0886791976658675,0.2698741053072116,0.963451274718064,0.01174322725798608,16,8,0.2,2500,fast_ICA,iid,False,5
9,3,3001,12,120001,True,34,False,100,0.861151067791915,0.027810843661427498,0.22507202664103307,0.14356197694640072,0.6718919941796989,0.4952392199840951,0.8507500912361282,0.005296657046392498,16,8,0.2,2500,fast_ICA,iid,False,5
9,5,5001,28,280001,True,39,False,100,0.7668574262965395,0.017048902809619904,0.14188748507313512,0.10527955694683361,0.3297931371689896,0.4648889141411092,0.890690322786727,0.0072369307732972855,16,8,0.2,2500,fast_ICA,iid,False,5
9,7,7001,22,220001,True,33,False,100,0.6308333717011159,0.03731590509414673,0.10625686862302913,0.08859229595039386,0.22368233575866847,0.42093093986566466,0.9060824185031259,0.006340761368980232,16,8,0.2,2500,fast_ICA,iid,False,5
10,2,2001,8,80001,True,29,False,100,0.6193674452698826,0.01585004897788167,0.05731722085842437,0.05130146558123029,0.11269974071341012,0.32419140751248515,0.9462522012110771,0.010140114304949837,16,8,0.2,2500,fast_ICA,iid,False,5
10,1,1001,13,130001,True,29,False,100,0.7263247233923933,0.030787935946136713,0.056803643093509826,0.05393008793958225,0.09326702253002202,0.24952817230181434,0.9691337713005622,0.011276096920337004,16,8,0.2,2500,fast_ICA,iid,False,5
9,8,8001,14,140001,True,34,False,100,0.6416038996530667,0.009103673044592142,0.06203221820723777,0.057489169493275386,0.09899003450864596,0.22853329180972728,0.9741366523573171,0.006490359470332339,16,8,0.2,2500,fast_ICA,iid,False,5
10,0,1,17,170001,True,35,False,100,0.7170677399879132,0.031331362668424845,0.0701262536052974,0.06534295641730749,0.10394551983590047,0.34848679234371366,0.9395938976812824,0.010442054686484263,16,8,0.2,2500,fast_ICA,iid,False,5
9,6,6001,15,150001,True,29,False,100,0.7147120926602737,0.04790651798248291,0.0765635360805579,0.06849509544710364,0.13867262785243345,0.3205055968528358,0.9479213365286367,0.006116750911632187,16,8,0.2,2500,fast_ICA,iid,False,5
9,5,5001,29,290001,True,34,False,100,0.6914004548551383,0.04040179494768381,0.08430012476622309,0.07515575638827834,0.1826149131524734,0.3391241781221173,0.9415385765145897,0.005697989737976714,16,8,0.2,2500,fast_ICA,iid,False,5
10,0,1,24,240001,True,30,False,100,0.7686727878434086,0.04014329658821225,0.05858450768848395,0.05377751952817761,0.10363007614689594,0.29982793032279725,0.9528210800785466,0.010502330106364454,16,8,0.2,2500,fast_ICA,iid,False,5
10,2,2001,21,210001,True,36,False,100,0.677706853847504,0.007159135304391384,0.2375690477373872,0.13559759095982082,0.9750185691553701,0.48233699264617974,0.8632210574999215,0.010631669069682872,16,8,0.2,2500,fast_ICA,iid,False,5
9,8,8001,17,170001,True,32,False,100,0.7170677399879132,0.017103971913456917,0.1638545711487071,0.11246745789008397,0.5295237222684019,0.5190507599047457,0.8294803146223428,0.005302057801910721,16,8,0.2,2500,fast_ICA,iid,False,5
9,8,8001,26,260001,True,58,False,100,0.7716616070204038,0.007194384932518005,0.13373096178238456,0.10076202552930744,0.3346478176642439,0.48521474579451196,0.8646407949186897,0.0051452882021793475,16,8,0.2,2500,fast_ICA,iid,False,5
9,7,7001,16,160001,True,37,False,100,0.7885122762720104,0.05093450890854001,0.08403212565525975,0.07315107531031692,0.16007700661195423,0.36991486737097723,0.9303190373411645,0.005860350851507887,16,8,0.2,2500,fast_ICA,iid,False,5
10,0,1,19,190001,True,35,False,100,0.7294159637664959,0.013608493842184544,0.0512646085866361,0.046977189943844984,0.09037641640428336,0.26742011090106754,0.9656010054927299,0.010528738067046033,16,8,0.2,2500,fast_ICA,iid,False,5
10,0,1,5,50001,True,31,False,100,0.6599062785256397,0.04244965175166726,0.055780446470487244,0.05070985939598187,0.10449510888502081,0.23832367495192006,0.9725346361037254,0.010303544289343994,16,8,0.2,2500,fast_ICA,iid,False,5
10,2,2001,23,230001,True,28,False,100,0.727631460756405,0.007147014606744051,0.06146903541375934,0.05539921660738366,0.12207435483006593,0.2628808056945152,0.9657078993241403,0.010021767232537497,16,8,0.2,2500,fast_ICA,iid,False,5
9,9,9001,22,220001,True,45,False,100,0.6308333717011159,0.023496082052588463,0.1418868979340215,0.10667575992032628,0.33831518692762025,0.4436951937034154,0.9011066293308804,0.006311755905036209,16,8,0.2,2500,fast_ICA,iid,False,5
9,9,9001,26,260001,True,52,False,100,0.7716616070204038,0.019987544044852257,0.1989567026411741,0.13035592838452215,0.7083008013220184,0.4924875093473712,0.8650081336533484,0.00526229727051265,16,8,0.2,2500,fast_ICA,iid,False,5
10,2,2001,11,110001,True,26,False,100,0.6693634786923396,0.02850034972652793,0.06626749877958958,0.06021448791747304,0.15108970913491462,0.2341841834243982,0.9729278950812376,0.0100010462088255,16,8,0.2,2500,fast_ICA,iid,False,5
9,6,6001,8,80001,True,38,False,100,0.6193674452698826,0.08864961983636022,0.07003813718514013,0.062240807188469464,0.14115730881954863,0.3443056508863149,0.9362657494488289,0.005455842220514789,16,8,0.2,2500,fast_ICA,iid,False,5
10,2,2001,20,200001,True,26,False,100,0.7062500169808623,0.017230890691280365,0.06884456922243896,0.06034504550031929,0.13118913107788155,0.3196823514562421,0.9480756128163362,0.010941016715837214,16,8,0.2,2500,fast_ICA,iid,False,5
9,8,8001,1,10001,True,30,False,100,0.6138569231537075,0.01448329770937562,0.07771004766883143,0.07080850354228366,0.14824713599083442,0.35513068014645416,0.9370144732633873,0.0054784393454245855,16,8,0.2,2500,fast_ICA,iid,False,5
10,3,3001,4,40001,True,26,False,100,0.4681067980112915,0.0142847397364676,0.05209089356444052,0.04840650511138465,0.08480061139347336,0.27136487760801326,0.963918220245635,0.011597348405414888,16,8,0.2,2500,fast_ICA,iid,False,5
10,1,1001,7,70001,True,31,False,100,0.677119999988192,0.016831923741847277,0.059298967083601335,0.05323872266896726,0.11317905643276337,0.271435756241485,0.9635789097615733,0.010444170869708197,16,8,0.2,2500,fast_ICA,iid,False,5
10,2,2001,26,260001,True,21,False,100,0.7716616070204038,0.019331918098032475,0.0505707332619861,0.047956557354008035,0.07536113827670676,0.2696181048177631,0.963433412921019,0.01058204940151163,16,8,0.2,2500,fast_ICA,iid,False,5
10,0,1,11,110001,True,25,False,100,0.6693634786923396,0.02690642001107335,0.06531556082010401,0.05816126926247545,0.15987006672317763,0.23558306690218364,0.9729578369695747,0.010211305328221815,16,8,0.2,2500,fast_ICA,iid,False,5
10,0,1,16,160001,True,27,False,100,0.7885122762720104,0.02200739085674286,0.06722013946568438,0.05850378587803662,0.15475339727756188,0.2872736405261004,0.9599088460088044,0.011092302487944653,16,8,0.2,2500,fast_ICA,iid,False,5
9,9,9001,20,200001,True,42,False,100,0.7062500169808623,0.023483991622924805,0.09130926124837195,0.08089236483882743,0.17236958210530068,0.39931779427424213,0.9179198225875052,0.00691168084007975,16,8,0.2,2500,fast_ICA,iid,False,5
8,9,9001,22,220001,False,47,False,100,0.634264007610278,0.19414701592177153,0.21718879479069092,0.148827017355014,0.6435216902127213,0.5116614120794776,0.8482535234398068,0.0015052068528118617,16,8,0.2,2500,fast_ICA,iid,False,5
10,3,3001,10,100001,True,31,False,100,0.8647650124797407,0.011993865016847849,0.07832352801309699,0.06485476208888566,0.212355038846922,0.3357360296371464,0.9423333401908213,0.010690479422028928,16,8,0.2,2500,fast_ICA,iid,False,5
10,1,1001,24,240001,True,31,False,100,0.7686727878434086,0.009705889038741589,0.06348373390119132,0.05416688967084256,0.15727178047771007,0.3080331990451863,0.951380326047146,0.010392171580126881,16,8,0.2,2500,fast_ICA,iid,False,5
10,1,1001,17,170001,True,30,False,100,0.7170677399879132,0.010616302955895662,0.07567275746343001,0.06830711628785992,0.17441025248533068,0.3601008487621982,0.9360847376384455,0.010452329217707515,16,8,0.2,2500,fast_ICA,iid,False,5
10,1,1001,11,110001,True,28,False,100,0.6693634786923396,0.01896907016634941,0.0727608181316866,0.06524108236052353,0.15280636118938531,0.24223843188651376,0.9713792407638113,0.010321560662657294,16,8,0.2,2500,fast_ICA,iid,False,5
9,8,8001,29,290001,True,29,False,100,0.6914004548551383,0.051164948381483555,0.08054401065741097,0.07420495696163519,0.137762812504873,0.34373092634799507,0.9403047950479323,0.005743225760353229,16,8,0.2,2500,fast_ICA,iid,False,5
9,9,9001,21,210001,True,41,False,100,0.712366200334098,0.032180697191506624,0.09151835386441724,0.07801560984966911,0.19617524003554776,0.3727565745049234,0.9264971977077802,0.00553537988313216,16,8,0.2,2500,fast_ICA,iid,False,5
10,3,3001,15,150001,True,32,False,100,0.7147120926602737,0.005570735316723585,0.05371223214521921,0.04970272264772748,0.09737114810744749,0.3010972090359369,0.9555565926085433,0.010672202827174328,16,8,0.2,2500,fast_ICA,iid,False,5
10,1,1001,27,270001,True,30,False,100,0.5545755257423425,0.011235188692808151,0.05618584345686296,0.052953484079729156,0.09785564631265832,0.20463738280477695,0.9794741769067264,0.010622577272964546,16,8,0.2,2500,fast_ICA,iid,False,5
10,3,3001,1,10001,True,27,False,100,0.6138569231537075,0.022107301279902458,0.11057786738122964,0.07884430737694792,0.35980371605796513,0.3698343817215169,0.9314015842025442,0.010135385598673344,16,8,0.2,2500,fast_ICA,iid,False,5
10,2,2001,13,130001,True,30,False,100,0.7263247233923933,0.024857364129275084,0.06413191547171732,0.06005707199914666,0.09858977295598685,0.25243466733694925,0.9685393393143421,0.010829212454491019,16,8,0.2,2500,fast_ICA,iid,False,5
10,0,1,29,290001,True,36,False,100,0.6914004548551383,0.02311397437006235,0.06176316955774323,0.05820065124252177,0.11817975089167455,0.24389597436104318,0.970384148565398,0.010616752749920787,16,8,0.2,2500,fast_ICA,iid,False,5
10,1,1001,14,140001,True,23,False,100,0.6416038996530667,0.013151057064533234,0.05132952447748298,0.047000461617371356,0.08149361004663702,0.21641293903699346,0.976971137459302,0.0107683102598485,16,8,0.2,2500,fast_ICA,iid,False,5
10,3,3001,16,160001,True,29,False,100,0.7885122762720104,0.006908616051077843,0.08779516495661811,0.06919247362285014,0.2028570756881793,0.2993451045228225,0.956173691861926,0.010945170002183684,16,8,0.2,2500,fast_ICA,iid,False,5
10,1,1001,15,150001,True,29,False,100,0.7147120926602737,0.014527577906847,0.06871290424915899,0.05967709670908792,0.14488341350328526,0.2921063637377827,0.9568437014366858,0.010813833584022032,16,8,0.2,2500,fast_ICA,iid,False,5
10,1,1001,25,250001,True,31,False,100,0.6607803516521449,0.01116378977894783,0.06636416974281915,0.06067488863180405,0.14139901878044853,0.24492889176359714,0.9714904879367099,0.011407059125172129,16,8,0.2,2500,fast_ICA,iid,False,5
10,3,3001,8,80001,True,27,False,100,0.6193674452698826,0.016757815144956112,0.07365086423971007,0.062104120564026755,0.19402972652193454,0.329212572934305,0.945863591670344,0.01024538585568724,16,8,0.2,2500,fast_ICA,iid,False,5
10,2,2001,0,1,True,30,False,100,0.8348343904675654,0.00767953135073185,0.0638680626561238,0.06070357751026731,0.09320527192132756,0.3161037128653405,0.9512369529593814,0.010492108072799539,16,8,0.2,2500,fast_ICA,iid,False,5
10,0,1,14,140001,True,23,False,100,0.6416038996530667,0.027115189004689455,0.04593855796851183,0.04265979607303519,0.08646076247060902,0.21183405987307155,0.9779585139465592,0.011013438074993949,16,8,0.2,2500,fast_ICA,iid,False,5
10,1,1001,2,20001,True,26,False,100,0.752995985496873,0.02393674897029996,0.0834806322775978,0.06908856510430506,0.1944053833956908,0.34362970168430546,0.9409836651311694,0.010649134749928006,16,8,0.2,2500,fast_ICA,iid,False,5
10,1,1001,23,230001,True,24,False,100,0.727631460756405,0.014558368362486362,0.06875629110595927,0.05919026176982346,0.14385244154186866,0.27401648167496917,0.9634220007424353,0.01035539756893244,16,8,0.2,2500,fast_ICA,iid,False,5
10,3,3001,2,20001,True,31,False,100,0.752995985496873,0.010874061845242977,0.0678651806435602,0.058555186120927416,0.15089361207403382,0.3227685485141901,0.9481266435025711,0.010600944788508796,16,8,0.2,2500,fast_ICA,iid,False,5
10,0,1,3,30001,True,24,False,100,0.5133112942526691,0.029720792081207037,0.06154937880759493,0.056604868347738195,0.12111668329544882,0.20417117485252392,0.9797777309142157,0.01044691589907474,16,8,0.2,2500,fast_ICA,iid,False,5
10,1,1001,12,120001,True,25,False,100,0.861151067791915,0.019335207995027304,0.09377929365325188,0.07650364689767913,0.2188556488984364,0.3750432396284436,0.9286417633170622,0.010319135171019806,16,8,0.2,2500,fast_ICA,iid,False,5
10,3,3001,5,50001,True,26,False,100,0.6599062785256397,0.023042724933475256,0.0658549482036622,0.05673307365244859,0.15872589033219292,0.2388465063891331,0.9726274427316596,0.010110043545579204,16,8,0.2,2500,fast_ICA,iid,False,5
10,1,1001,19,190001,True,26,False,100,0.7294159637664959,0.013352476060390472,0.051363123299365585,0.0473675486147345,0.09673127376100221,0.26107141758085267,0.9666283822860469,0.010722056196213955,16,8,0.2,2500,fast_ICA,iid,False,5
10,3,3001,6,60001,True,32,False,100,0.7374488647673002,0.020912067964673042,0.05883275692742976,0.05318159738214447,0.13045473430913412,0.20961879287473828,0.9782194358195387,0.009959103438320622,16,8,0.2,2500,fast_ICA,iid,False,5
10,0,1,26,260001,True,27,False,100,0.7716616070204038,0.028354480862617493,0.058719474132760435,0.05399834376901749,0.11724484628246465,0.27268022659761776,0.9627480743595874,0.010108188855104666,16,8,0.2,2500,fast_ICA,iid,False,5
10,4,4001,7,70001,True,30,False,100,0.677119999988192,0.006474218796938658,0.06634155009828709,0.056514174038185594,0.1542236157500979,0.2664980771071939,0.9645495235879062,0.01101453339149212,16,8,0.2,2500,fast_ICA,iid,False,5
10,0,1,9,90001,True,28,False,100,0.7096606135396919,0.02906383713707328,0.07138185212763383,0.06310385303344607,0.1449888840769987,0.28806053662434333,0.9583906000122681,0.010600575697491644,16,8,0.2,2500,fast_ICA,iid,False,5
10,1,1001,4,40001,True,24,False,100,0.4681067980112915,0.02645179396495223,0.07277196506934575,0.06315589591325585,0.1367727705892706,0.28541767999661244,0.960622894584512,0.0117704658479459,16,8,0.2,2500,fast_ICA,iid,False,5
10,3,3001,20,200001,True,29,False,100,0.7062500169808623,0.015375133138149977,0.06436984368198312,0.057792671438563134,0.12938197631776335,0.31896984431479997,0.9492298360897626,0.01058448232051386,16,8,0.2,2500,fast_ICA,iid,False,5
10,3,3001,7,70001,True,27,False,100,0.677119999988192,0.027382057160139084,0.06916649978366178,0.05771825354190614,0.15378400959748426,0.272986060232789,0.9630886177963495,0.010173672056193695,16,8,0.2,2500,fast_ICA,iid,False,5
10,3,3001,21,210001,True,43,False,100,0.677706853847504,0.015659991186112165,0.09305396378834936,0.07603471830664466,0.23186946674667638,0.37231187796438325,0.925797200669404,0.010414846633457138,16,8,0.2,2500,fast_ICA,iid,False,5
10,0,1,23,230001,True,26,False,100,0.727631460756405,0.030783755239099264,0.05856100626126186,0.052298080860134016,0.11723312163476372,0.2640036669114507,0.9654678727030883,0.010213773340270401,16,8,0.2,2500,fast_ICA,iid,False,5
10,3,3001,14,140001,True,27,False,100,0.6416038996530667,0.0100297462195158,0.04835953093073688,0.044634169490828074,0.07645087126112313,0.2150681742764239,0.9772982312279647,0.011187400313208093,16,8,0.2,2500,fast_ICA,iid,False,5
10,1,1001,1,10001,True,29,False,100,0.6138569231537075,0.033897265791893005,0.07445956797857332,0.06526142390192627,0.14459181066819993,0.3617326628664231,0.9320072942713152,0.010018339505423683,16,8,0.2,2500,fast_ICA,iid,False,5
10,4,4001,1,10001,True,34,False,100,0.6138569231537075,0.012659550178796053,0.07357586783716842,0.06539480993803806,0.152482171608761,0.3499116278306918,0.9364368806229716,0.010525158039741316,16,8,0.2,2500,fast_ICA,iid,False,5
10,3,3001,11,110001,True,31,False,100,0.6693634786923396,0.02794328425079584,0.08308009376473556,0.07018714344544577,0.21707774380717187,0.24932772519852806,0.9699197853658635,0.01028123645419485,16,8,0.2,2500,fast_ICA,iid,False,5
10,1,1001,16,160001,True,31,False,100,0.7885122762720104,0.028432081453502178,0.09931647680176083,0.07995943248882115,0.22426111783547345,0.31034369131755385,0.9529924704767376,0.010666405513779103,16,8,0.2,2500,fast_ICA,iid,False,5
10,2,2001,4,40001,True,26,False,100,0.4681067980112915,0.012423822190612555,0.06254396018518228,0.055519785012815945,0.13215293142142737,0.2830033902304427,0.9607149651638754,0.01161269390435655,16,8,0.2,2500,fast_ICA,iid,False,5
9,8,8001,21,210001,True,34,False,100,0.712366200334098,0.008562905713915825,0.08927771703249385,0.07692081004285274,0.18801139386108903,0.37524026182345516,0.9258172016740521,0.005515996492051778,16,8,0.2,2500,fast_ICA,iid,False,5
10,4,4001,3,30001,True,30,False,100,0.5133112942526691,0.013358464930206537,0.05543585624283769,0.05335903135153748,0.08555464920622008,0.2015770102769493,0.9800451290127201,0.01043640920926085,16,8,0.2,2500,fast_ICA,iid,False,5
9,9,9001,28,280001,True,56,False,100,0.7668574262965395,0.019456277135759592,0.12283510279058893,0.09854206187311641,0.25936783444198636,0.4760072124095592,0.8834058202820237,0.007465207905453718,16,8,0.2,2500,fast_ICA,iid,False,5
10,2,2001,18,180001,True,29,False,100,0.5395448135757371,0.005086048040539026,0.05991704181796048,0.05731994981066924,0.08388575469328019,0.19727173926387234,0.980911898454757,0.010251129652050895,16,8,0.2,2500,fast_ICA,iid,False,5
10,2,2001,7,70001,True,24,False,100,0.677119999988192,0.027846544049680233,0.08137570599711051,0.06376669859996478,0.19989369581887323,0.2848125556439279,0.9605752608131938,0.010613433722208472,16,8,0.2,2500,fast_ICA,iid,False,5
10,3,3001,17,170001,True,30,False,100,0.7170677399879132,0.02417685789987445,0.0742524267140195,0.06721096728787868,0.13802362495049414,0.3660289293013848,0.9339164035020454,0.010400789946582379,16,8,0.2,2500,fast_ICA,iid,False,5
9,9,9001,19,190001,True,31,False,100,0.7294159637664959,0.023254232946783304,0.06074818886392879,0.05509263043408617,0.11192818151813302,0.2788490654522389,0.9624969692944392,0.005960813278851358,16,8,0.2,2500,fast_ICA,iid,False,5
10,3,3001,28,280001,True,25,False,100,0.7031309834517886,0.019663705956190825,0.058382108898165225,0.051826185222753694,0.10813700282092344,0.2771540817042975,0.9616522100047767,0.012052020840310701,16,8,0.2,2500,fast_ICA,iid,False,5
9,5,5001,21,210001,True,34,False,100,0.712366200334098,0.025887126103043556,0.09896302326955166,0.08479957220069209,0.19038844348728412,0.37452497581206334,0.9276239949197268,0.00572442394846476,16,8,0.2,2500,fast_ICA,iid,False,5
10,0,1,15,150001,True,29,False,100,0.7147120926602737,0.013917663134634495,0.06619010480686033,0.05867812036597639,0.12440712587571952,0.3015280809699855,0.9554598663043598,0.011160882301935572,16,8,0.2,2500,fast_ICA,iid,False,5
9,8,8001,19,190001,True,37,False,100,0.7294159637664959,0.12300978414714336,0.06326972562755351,0.05490623103351377,0.13709282554971328,0.2769773143690159,0.962305075819036,0.00633802366709205,16,8,0.2,2500,fast_ICA,iid,False,5
10,1,1001,9,90001,True,25,False,100,0.7096606135396919,0.015202853828668594,0.06948616677374127,0.06061969917113709,0.145202816891209,0.29167917764429346,0.9582950718314858,0.011003566426978549,16,8,0.2,2500,fast_ICA,iid,False,5
10,4,4001,2,20001,True,28,False,100,0.752995985496873,0.015377133153378963,0.07318120101229708,0.06242038631381467,0.17901497777690167,0.3238020389493272,0.9462646382069363,0.010654969458950699,16,8,0.2,2500,fast_ICA,iid,False,5
10,2,2001,28,280001,True,32,False,100,0.7031309834517886,0.009517711121588945,0.05488022569646592,0.04974797290998699,0.10831854413014506,0.2735528110682995,0.9625894644227224,0.012185270004681137,16,8,0.2,2500,fast_ICA,iid,False,5
10,4,4001,0,1,True,34,False,100,0.8348343904675654,0.02631121315062046,0.06122570297195066,0.0584263917203014,0.09606841779370213,0.3206074899238821,0.9492754106310705,0.01031402274863103,16,8,0.2,2500,fast_ICA,iid,False,5
9,8,8001,22,220001,True,43,False,100,0.6308333717011159,0.05222682096064091,0.11725211194659507,0.08938387299873593,0.28136968388650957,0.4199433109347174,0.9039634122289345,0.006339196085102989,16,8,0.2,2500,fast_ICA,iid,False,5
10,3,3001,0,1,True,27,False,100,0.8348343904675654,0.007953780237585306,0.06348179070096381,0.05999665270378196,0.11076903258643048,0.3121715107909407,0.9524673852765262,0.010195101435411498,16,8,0.2,2500,fast_ICA,iid,False,5
10,4,4001,18,180001,True,28,False,100,0.5395448135757371,0.019745775032788515,0.05144181436663334,0.048934843009678125,0.081448887984302,0.19116305709759415,0.981988450109441,0.010405939906499061,16,8,0.2,2500,fast_ICA,iid,False,5
10,4,4001,24,240001,True,29,False,100,0.7686727878434086,0.01905999006703496,0.06882826864877191,0.06173821883487734,0.12673067557437828,0.30311114734215233,0.9519071975516833,0.010605869242973916,16,8,0.2,2500,fast_ICA,iid,False,5
10,2,2001,3,30001,True,23,False,100,0.5133112942526691,0.0373473740182817,0.05134422634044214,0.04901223973104141,0.0742027210201024,0.19484741797505079,0.9814970756280195,0.010177614920652526,16,8,0.2,2500,fast_ICA,iid,False,5
10,5,5001,14,140001,True,24,False,100,0.6416038996530667,0.009839437901973724,0.04812807758480854,0.0439216395707369,0.07820287530733822,0.21996750104505913,0.9764526906778902,0.011032409345835527,16,8,0.2,2500,fast_ICA,iid,False,5
10,3,3001,25,250001,True,30,False,100,0.6607803516521449,0.032045198138803244,0.055485574689123345,0.05173819326431007,0.09141420284194338,0.23754874614034152,0.9723957186426965,0.011805941298795792,16,8,0.2,2500,fast_ICA,iid,False,5
10,3,3001,9,90001,True,25,False,100,0.7096606135396919,0.007038885727524757,0.06238113353352515,0.05573119442987612,0.14147231314596892,0.2835387553352992,0.9592733506885032,0.01054724529357781,16,8,0.2,2500,fast_ICA,iid,False,5
10,4,4001,15,150001,True,27,False,100,0.7147120926602737,0.02373925084248185,0.0661204298228504,0.0568704639929888,0.15302085219743244,0.2954062276745494,0.9558547994504757,0.010822579227482339,16,8,0.2,2500,fast_ICA,iid,False,5
10,4,4001,25,250001,True,29,False,100,0.6607803516521449,0.019895373843610287,0.06372399868697824,0.058663908950095565,0.1222638560583878,0.24179852572165997,0.9716147445643656,0.012096926455704623,16,8,0.2,2500,fast_ICA,iid,False,5
10,0,1,20,200001,True,27,False,100,0.7062500169808623,0.02704543899744749,0.05183295953632002,0.04926397663040588,0.07636517327618147,0.31698181781796836,0.9487980945205389,0.010937521667079272,16,8,0.2,2500,fast_ICA,iid,False,5
9,9,9001,2,20001,True,46,False,100,0.752995985496873,0.08471504598855972,0.0953662562782632,0.08103664034313562,0.1678951429646552,0.3661463044092378,0.9313635660064765,0.006161781678173517,16,8,0.2,2500,fast_ICA,iid,False,5
10,4,4001,6,60001,True,26,False,100,0.7374488647673002,0.02976676169782877,0.05475530560157112,0.05182213651721783,0.07992888398164769,0.21608987487207185,0.9773858856959731,0.009894483244871598,16,8,0.2,2500,fast_ICA,iid,False,5
10,4,4001,16,160001,True,26,False,100,0.7885122762720104,0.031538781244307756,0.08676911590947543,0.0714908939273142,0.16481647188903997,0.3028475659572118,0.9561247076573363,0.010774867130569542,16,8,0.2,2500,fast_ICA,iid,False,5
10,1,1001,0,1,True,35,False,100,0.8348343904675654,0.020369461737573147,0.06660276289935774,0.06312307910687484,0.10069462222735351,0.31992516675370347,0.9500674287019187,0.01002165837206774,16,8,0.2,2500,fast_ICA,iid,False,5
10,5,5001,27,270001,True,31,False,100,0.5545755257423425,0.009049403015524149,0.051151982773866254,0.048488101788566856,0.08267652639103686,0.20186898166834166,0.9799386330186356,0.010756095413857508,16,8,0.2,2500,fast_ICA,iid,False,5
10,1,1001,18,180001,True,30,False,100,0.5395448135757371,0.014485239051282406,0.05453491365666633,0.05125216568285228,0.07985305916616806,0.19270047319808156,0.9817248745456721,0.010837048978903058,16,8,0.2,2500,fast_ICA,iid,False,5
10,2,2001,2,20001,True,27,False,100,0.752995985496873,0.011640125885605812,0.07755620808469037,0.06331828247979063,0.2115474904910338,0.34101132255669087,0.9419933327319664,0.011150668616197887,16,8,0.2,2500,fast_ICA,iid,False,5
10,2,2001,1,10001,True,26,False,100,0.6138569231537075,0.010148205794394016,0.08362406050424537,0.0722177398739558,0.18821064192932377,0.3736258402574306,0.927416430725199,0.010347928829473035,16,8,0.2,2500,fast_ICA,iid,False,5
10,1,1001,20,200001,True,28,False,100,0.7062500169808623,0.09384914813563228,0.08984523538827162,0.0750342230427931,0.16270134634153963,0.33396912314155397,0.9428642678114358,0.01080850149655685,16,8,0.2,2500,fast_ICA,iid,False,5
10,2,2001,29,290001,True,29,False,100,0.6914004548551383,0.02914831694215536,0.08254466489555397,0.07299066907612217,0.15890024736159153,0.2642869479421856,0.9657891296168625,0.010623435580659667,16,8,0.2,2500,fast_ICA,iid,False,5
10,0,1,22,220001,True,31,False,100,0.6308333717011159,0.024236646946519613,0.056144678955660325,0.052659818116694436,0.09319161560722267,0.23161048091681039,0.9735330529842702,0.011207677455498987,16,8,0.2,2500,fast_ICA,iid,False,5
10,5,5001,17,170001,True,33,False,100,0.7170677399879132,0.017647169064730406,0.08455965344669127,0.07493309309136104,0.1554224139109373,0.3709023914611366,0.932357496238276,0.00996854481719901,16,8,0.2,2500,fast_ICA,iid,False,5
10,1,1001,6,60001,True,31,False,100,0.7374488647673002,0.021871012169867754,0.056675692102205015,0.05340404255526377,0.09453698151841605,0.2131285535876679,0.9769942022022006,0.010159347499018498,16,8,0.2,2500,fast_ICA,iid,False,5
10,5,5001,20,200001,True,27,False,100,0.7062500169808623,0.01992354402318597,0.055638461783467485,0.05120374664393243,0.10030654961357947,0.3212029597713396,0.948833208048085,0.010965533301384537,16,8,0.2,2500,fast_ICA,iid,False,5
10,3,3001,18,180001,True,28,False,100,0.5395448135757371,0.015444413293153048,0.051021583172400804,0.04807842295869323,0.08281721629425182,0.19027110644822162,0.9820918978512533,0.010551416136123079,16,8,0.2,2500,fast_ICA,iid,False,5
10,6,6001,0,1,True,38,False,100,0.8348343904675654,0.01018458604812622,0.05826884421597256,0.05619288952096131,0.0746593414145685,0.3208084851944724,0.9493092348013089,0.010486932681020598,16,8,0.2,2500,fast_ICA,iid,False,5
10,3,3001,23,230001,True,29,False,100,0.727631460756405,0.010502763092517853,0.06613151497990814,0.05844502398893799,0.11468448158847298,0.2623996834712757,0.9654709696642844,0.009949692604011455,16,8,0.2,2500,fast_ICA,iid,False,5
10,2,2001,22,220001,True,24,False,100,0.6308333717011159,0.0699576591141522,0.05313169840597062,0.04893423175287905,0.09793976297726202,0.23565482507123361,0.9726601689804566,0.010772041391153618,16,8,0.2,2500,fast_ICA,iid,False,5
9,8,8001,0,1,True,38,False,100,0.8348343904675654,0.021541933994740248,0.09456616496981636,0.08193225147084285,0.17038679865140252,0.358772028367524,0.9369610830648417,0.00564691230726995,16,8,0.2,2500,fast_ICA,iid,False,5
9,8,8001,11,110001,True,33,False,100,0.6693634786923396,0.006214251276105642,0.10166004221917013,0.08608402212988461,0.1994314249470952,0.4008661298112419,0.9195630692571762,0.0056044966535994025,16,8,0.2,2500,fast_ICA,iid,False,5
10,2,2001,9,90001,True,27,False,100,0.7096606135396919,0.011443958152085543,0.08103257966804055,0.0688649783882234,0.15158785277956682,0.2916795983756671,0.9574853470147326,0.010507848513309707,16,8,0.2,2500,fast_ICA,iid,False,5
10,6,6001,5,50001,True,27,False,100,0.6599062785256397,0.010686802677810192,0.0560188981143995,0.05243182663713636,0.09437663496810247,0.23627909181716614,0.9729775018296197,0.01043056456448338,16,8,0.2,2500,fast_ICA,iid,False,5
10,4,4001,10,100001,True,28,False,100,0.8647650124797407,0.015416893176734447,0.06792993555788601,0.061693620828319654,0.13153598496587227,0.3247619448900439,0.9457697521769594,0.010869876573822794,16,8,0.2,2500,fast_ICA,iid,False,5
10,5,5001,26,260001,True,23,False,100,0.7716616070204038,0.012686559930443764,0.05366798248080777,0.050344878172156535,0.08941302986536609,0.2682864875648737,0.9637263405011022,0.010213587950157282,16,8,0.2,2500,fast_ICA,iid,False,5
10,0,1,1,10001,True,31,False,100,0.6138569231537075,0.02315606502816081,0.08452438035941147,0.07223057099323334,0.21263915494012542,0.3533323147792629,0.9365739775805495,0.010527518364985349,16,8,0.2,2500,fast_ICA,iid,False,5
10,6,6001,4,40001,True,27,False,100,0.4681067980112915,0.011582736857235432,0.0653561842074967,0.05860014855075078,0.11482625508506496,0.2865143144245653,0.9601145687020679,0.011514022289898286,16,8,0.2,2500,fast_ICA,iid,False,5
10,2,2001,5,50001,True,28,False,100,0.6599062785256397,0.008511326275765896,0.042951974104674856,0.04180710364887367,0.06409054284233873,0.23259050980348217,0.9732358242755311,0.010381039277139549,16,8,0.2,2500,fast_ICA,iid,False,5
10,5,5001,0,1,True,26,False,100,0.8348343904675654,0.007840540260076523,0.06425391033380594,0.05861440374375801,0.13559854021420034,0.31851337996060924,0.9501103444063165,0.010350755222675945,16,8,0.2,2500,fast_ICA,iid,False,5
10,5,5001,12,120001,True,33,False,100,0.861151067791915,0.028808188159018755,0.07696675845675152,0.06659578872993924,0.14198602159579488,0.36467214442372337,0.930037686087437,0.010414490760328658,16,8,0.2,2500,fast_ICA,iid,False,5
10,5,5001,5,50001,True,28,False,100,0.6599062785256397,0.009262010920792818,0.05077890858314248,0.04844227834886725,0.07576947983622138,0.23417184245361367,0.9731562006874025,0.01030058270870504,16,8,0.2,2500,fast_ICA,iid,False,5
10,5,5001,23,230001,True,27,False,100,0.727631460756405,0.02180993277579546,0.05842749321465397,0.05351610711055835,0.09264057428372029,0.25876870951678793,0.9668553196896627,0.010178636805517654,16,8,0.2,2500,fast_ICA,iid,False,5
10,0,1,18,180001,True,26,False,100,0.5395448135757371,0.047083103097975254,0.05905177529783479,0.05669004020500668,0.08646894932656277,0.1973776606391875,0.9809016919825884,0.010466707204892095,16,8,0.2,2500,fast_ICA,iid,False,5
10,6,6001,17,170001,True,31,False,100,0.7170677399879132,0.015563451685011387,0.058139147651551905,0.055622869721736315,0.0821330916213902,0.35210740558775416,0.9381238880787448,0.010102161741996634,16,8,0.2,2500,fast_ICA,iid,False,5
10,3,3001,22,220001,True,26,False,100,0.6308333717011159,0.028040393255650997,0.05247458889539191,0.04828451657670589,0.08540886279391736,0.239510837590814,0.9719739529881415,0.011203662627022283,16,8,0.2,2500,fast_ICA,iid,False,5
10,2,2001,10,100001,True,26,False,100,0.8647650124797407,0.024966042023152113,0.0840722000716522,0.06855412149373517,0.21904346991357052,0.33762140412045444,0.9408793412206342,0.010749410910373887,16,8,0.2,2500,fast_ICA,iid,False,5
10,6,6001,10,100001,True,21,False,100,0.8647650124797407,0.01460684696212411,0.06904531779520663,0.060633882925187496,0.14248139811833177,0.3268232768641425,0.9446898580637485,0.010740581772137358,16,8,0.2,2500,fast_ICA,iid,False,5
10,7,7001,3,30001,True,25,False,100,0.5133112942526691,0.012258701957762241,0.06305026736087313,0.05723901869360231,0.1264638849432718,0.20625632451829723,0.9794591500392776,0.010159468349964902,16,8,0.2,2500,fast_ICA,iid,False,5
10,6,6001,12,120001,True,30,False,100,0.861151067791915,0.01972306612879038,0.0870581765862321,0.06993030552593368,0.21892080836517153,0.36979728172160087,0.9305080402647442,0.010020686157536266,16,8,0.2,2500,fast_ICA,iid,False,5
10,6,6001,8,80001,True,31,False,100,0.6193674452698826,0.019235839135944843,0.07827939945451615,0.0681769830579289,0.16052034504030982,0.3425957186181891,0.9420549404045455,0.010105317161235512,16,8,0.2,2500,fast_ICA,iid,False,5
10,5,5001,8,80001,True,34,False,100,0.6193674452698826,0.00953382020816207,0.06148221274142801,0.05472104487374578,0.12599347233870942,0.3279929981230655,0.945180463168953,0.010226381169263339,16,8,0.2,2500,fast_ICA,iid,False,5
10,7,7001,0,1,True,29,False,100,0.8348343904675654,0.015923019964247942,0.05554283550792628,0.052364271832988335,0.08584914455184396,0.3119279181567307,0.9519515971691321,0.010532365616877266,16,8,0.2,2500,fast_ICA,iid,False,5
10,6,6001,24,240001,True,34,False,100,0.7686727878434086,0.017959947232156992,0.06543191423614712,0.05648034652429053,0.153245800222724,0.29683637877751345,0.9539522544712837,0.010370116371244662,16,8,0.2,2500,fast_ICA,iid,False,5
10,4,4001,29,290001,True,31,False,100,0.6914004548551383,0.014519238378852606,0.05835724335252773,0.053997988717648875,0.12883907282725443,0.23932580184028562,0.9714972724588039,0.010959893812555296,16,8,0.2,2500,fast_ICA,iid,False,5
10,5,5001,1,10001,True,24,False,100,0.6138569231537075,0.008858404122292995,0.09501525991778892,0.07739386967687238,0.23262072834954767,0.3770175431446297,0.9285794885356343,0.010478347361674897,16,8,0.2,2500,fast_ICA,iid,False,5
10,7,7001,4,40001,True,25,False,100,0.4681067980112915,0.008333647157996893,0.05809538246557185,0.053038128862306,0.10496411921451837,0.2825688184508996,0.9606937987656662,0.011820194412395997,16,8,0.2,2500,fast_ICA,iid,False,5
10,7,7001,10,100001,True,29,False,100,0.8647650124797407,0.011338528245687485,0.06641830638868619,0.058747158620131704,0.12732283773465447,0.3256403942168524,0.9457303525914837,0.010803408777694777,16,8,0.2,2500,fast_ICA,iid,False,5
9,8,8001,12,120001,True,37,False,100,0.861151067791915,0.10484122904017568,0.1918662565300761,0.12642878716123507,0.5418644196139488,0.46676427851208635,0.8682917457856868,0.005068176770305999,16,8,0.2,2500,fast_ICA,iid,False,5
9,9,9001,27,270001,True,36,False,100,0.5545755257423425,0.025140561163425446,0.05921720175309907,0.05569302509348127,0.10750011308249643,0.2302613920278266,0.9738335653478389,0.005915822592085041,16,8,0.2,2500,fast_ICA,iid,False,5
10,7,7001,12,120001,True,32,False,100,0.861151067791915,0.005493545904755592,0.08939846214984583,0.0697378178401593,0.26385182121814815,0.38116887219319495,0.9246319451732535,0.010190668799283209,16,8,0.2,2500,fast_ICA,iid,False,5
10,3,3001,3,30001,True,28,False,100,0.5133112942526691,0.012256602756679058,0.06717275222334476,0.061996190299025936,0.11909946006084224,0.209201228220358,0.9785401354008417,0.010393979792709751,16,8,0.2,2500,fast_ICA,iid,False,5
10,7,7001,8,80001,True,26,False,100,0.6193674452698826,0.017468469217419624,0.06068847228408441,0.05489133992676472,0.11652931661510472,0.3258859377109053,0.946495773598063,0.009947862588496307,16,8,0.2,2500,fast_ICA,iid,False,5
10,7,7001,19,190001,True,23,False,100,0.7294159637664959,0.008993702940642834,0.059387360108099356,0.054978797912945125,0.09422035258492395,0.27317475937591323,0.9644356444383693,0.010618512662303707,16,8,0.2,2500,fast_ICA,iid,False,5
10,3,3001,12,120001,True,35,False,100,0.861151067791915,0.005847082938998938,0.1052382186724046,0.08078671030401624,0.2943201523052389,0.40397050474401736,0.9217768581174856,0.010429192272473735,16,8,0.2,2500,fast_ICA,iid,False,5
10,7,7001,2,20001,True,28,False,100,0.752995985496873,0.02706157974898815,0.10502228119893946,0.07978567708206893,0.2605844452561316,0.35522656439861827,0.9380803098512888,0.010539927059010334,16,8,0.2,2500,fast_ICA,iid,False,5
10,6,6001,19,190001,True,25,False,100,0.7294159637664959,0.030994105152785778,0.05132554258207536,0.0481379092922623,0.08560505440057908,0.2617011311807235,0.9663794460968435,0.011086559657383008,16,8,0.2,2500,fast_ICA,iid,False,5
10,4,4001,4,40001,True,27,False,100,0.4681067980112915,0.02890476817265153,0.06668809403577837,0.059398386905283526,0.12549689918533716,0.2863497321392322,0.9601933871955874,0.011506086396153171,16,8,0.2,2500,fast_ICA,iid,False,5
10,7,7001,21,210001,True,35,False,100,0.677706853847504,0.012567010708153248,0.09791350015843311,0.08040495144083669,0.178488472456924,0.36979111104898726,0.9254005867837458,0.010433825799272666,16,8,0.2,2500,fast_ICA,iid,False,5
10,3,3001,26,260001,True,22,False,100,0.7716616070204038,0.03408414497971535,0.05062586378937302,0.047363824167035384,0.10088298036300124,0.2706895071150178,0.9633647292605613,0.01035124018704636,16,8,0.2,2500,fast_ICA,iid,False,5
10,5,5001,13,130001,True,24,False,100,0.7263247233923933,0.013377225026488304,0.06966671890907601,0.06306411678418809,0.13694743527905315,0.257218368003615,0.9677303946694096,0.01050446150695235,16,8,0.2,2500,fast_ICA,iid,False,5
10,5,5001,21,210001,True,30,False,100,0.677706853847504,0.010823692195117474,0.08446314429090028,0.06742165742663714,0.23670994620364527,0.35205160892836546,0.9330094553796925,0.010603503938310983,16,8,0.2,2500,fast_ICA,iid,False,5
10,7,7001,14,140001,True,29,False,100,0.6416038996530667,0.015878508798778057,0.04618496466536931,0.04216464891107309,0.07448995322057506,0.21487592226117222,0.9774871811118451,0.010887496363627784,16,8,0.2,2500,fast_ICA,iid,False,5
10,4,4001,17,170001,True,29,False,100,0.7170677399879132,0.02687293104827404,0.07640239567355273,0.06916635947094948,0.15049398318541227,0.3535409856684791,0.9368260603655734,0.009993382860635195,16,8,0.2,2500,fast_ICA,iid,False,5
10,0,1,7,70001,True,34,False,100,0.677119999988192,0.032145187724381685,0.06675555477059533,0.05585528233445472,0.15602719920804115,0.26244329951078643,0.9655528030386336,0.010185298114621362,16,8,0.2,2500,fast_ICA,iid,False,5
9,9,9001,12,120001,True,45,False,100,0.861151067791915,0.16298446105793118,0.2314023586594404,0.14700822880357212,0.7104357910492336,0.49912201825630037,0.8513968614196895,0.005338759056035762,16,8,0.2,2500,fast_ICA,iid,False,5
10,3,3001,27,270001,True,29,False,100,0.5545755257423425,0.031457500997930765,0.04975883662195229,0.048039185421681806,0.08017266435580593,0.1996181487667903,0.9804300120055695,0.010541106872231672,16,8,0.2,2500,fast_ICA,iid,False,5
10,7,7001,22,220001,True,26,False,100,0.6308333717011159,0.013998511247336864,0.07025072982774506,0.06062028476022951,0.15029697305652082,0.24843572070235478,0.9705098432764552,0.010602894340746861,16,8,0.2,2500,fast_ICA,iid,False,5
10,4,4001,19,190001,True,30,False,100,0.7294159637664959,0.02524451119825244,0.04634977329265558,0.04280699783045637,0.07860792349202626,0.2616294442816743,0.9664958011711887,0.011199571671239085,16,8,0.2,2500,fast_ICA,iid,False,5
10,4,4001,8,80001,True,25,False,100,0.6193674452698826,0.07630809815600514,0.07360369413695471,0.06246035404090561,0.14689454262144905,0.3306923895926228,0.9454569041823896,0.009904947836404554,16,8,0.2,2500,fast_ICA,iid,False,5
10,5,5001,28,280001,True,25,False,100,0.7031309834517886,0.005284906830638647,0.05472947938785508,0.04972597464427385,0.1046024070944043,0.26927053208741697,0.9636961115856603,0.01236142736240712,16,8,0.2,2500,fast_ICA,iid,False,5
10,7,7001,16,160001,True,24,False,100,0.7885122762720104,0.017853267956525087,0.06110516390235836,0.05440339437453511,0.11837939540352538,0.2818515839067966,0.9612615814452804,0.011076588081182226,16,8,0.2,2500,fast_ICA,iid,False,5
10,2,2001,27,270001,True,25,False,100,0.5545755257423425,0.025068791583180428,0.05183422847157309,0.04861503444572465,0.10219064930231349,0.20050750901999193,0.9802249413045149,0.010445058341244135,16,8,0.2,2500,fast_ICA,iid,False,5
10,7,7001,17,170001,True,29,False,100,0.7170677399879132,0.01524564391002059,0.08091423832150235,0.07221538557418417,0.1782090368614839,0.35812879233404793,0.9366196120382567,0.010284815207079962,16,8,0.2,2500,fast_ICA,iid,False,5
10,5,5001,6,60001,True,26,False,100,0.7374488647673002,0.02046954119578004,0.05948110496945957,0.05592149365910624,0.10474573907920331,0.21363753300068763,0.9772666598784921,0.010544993993861447,16,8,0.2,2500,fast_ICA,iid,False,5
10,7,7001,13,130001,True,37,False,100,0.7263247233923933,0.02085659932345152,0.06068755095846385,0.05689835728582803,0.0965623538916318,0.2577377054391548,0.9672502412645144,0.01100247667606058,16,8,0.2,2500,fast_ICA,iid,False,5
10,2,2001,16,160001,True,27,False,100,0.7885122762720104,0.11176211526617408,0.07379879474173476,0.06015208993926976,0.1889069198571938,0.2866384835631033,0.9593551903231065,0.010540746326159485,16,8,0.2,2500,fast_ICA,iid,False,5
10,8,8001,8,80001,True,34,False,100,0.6193674452698826,0.008967824280261993,0.06413708599150111,0.057698791591420356,0.1141195516447948,0.33218679954410457,0.9442362551119664,0.010400555889817724,16,8,0.2,2500,fast_ICA,iid,False,5
10,3,3001,19,190001,True,33,False,100,0.7294159637664959,0.010380405001342297,0.04905497274100724,0.04520526417706059,0.09045622018944201,0.2655942141688469,0.9663072777691584,0.010626216139384942,16,8,0.2,2500,fast_ICA,iid,False,5
10,5,5001,3,30001,True,27,False,100,0.5133112942526691,0.02218628115952015,0.06056761728086575,0.05667279433261757,0.10471379995900727,0.20418966547360473,0.9797108432474727,0.010581750547768144,16,8,0.2,2500,fast_ICA,iid,False,5
10,7,7001,27,270001,True,25,False,100,0.5545755257423425,0.021794042084366083,0.05485131889375551,0.051499179861647884,0.09582350858089374,0.20434432263996202,0.9796141309900968,0.010573300588200905,16,8,0.2,2500,fast_ICA,iid,False,5
10,8,8001,16,160001,True,31,False,100,0.7885122762720104,0.009672399144619703,0.06811836376872143,0.06150818903759205,0.11885097889987495,0.29269048958048016,0.9578898296613926,0.010944132577434549,16,8,0.2,2500,fast_ICA,iid,False,5
10,8,8001,20,200001,True,26,False,100,0.7062500169808623,0.007290154229849577,0.07415807814187572,0.0634491332505041,0.16356987690698707,0.3235124112844436,0.9458415234548311,0.01071899984387357,16,8,0.2,2500,fast_ICA,iid,False,5
10,2,2001,25,250001,True,25,False,100,0.6607803516521449,0.007610452361404896,0.059771407176373526,0.05624654760276701,0.09765089534011016,0.23802611742704724,0.972278742409152,0.011480762124064514,16,8,0.2,2500,fast_ICA,iid,False,5
10,1,1001,26,260001,True,29,False,100,0.7716616070204038,0.011993363965302706,0.06589432099995839,0.05727907805082322,0.15230863307489428,0.2769094073754809,0.9615022486123713,0.009931027991102806,16,8,0.2,2500,fast_ICA,iid,False,5
10,2,2001,24,240001,True,33,False,100,0.7686727878434086,0.007237804122269154,0.060818611598246065,0.05489574790481721,0.10928504143581852,0.3011878105120492,0.9532743261162563,0.010103389456399619,16,8,0.2,2500,fast_ICA,iid,False,5
10,8,8001,0,1,True,33,False,100,0.8348343904675654,0.020936897955834866,0.0590388263557607,0.055812289058456574,0.09315849242583543,0.31948043412540583,0.9494367299773341,0.009852419357878875,16,8,0.2,2500,fast_ICA,iid,False,5
10,6,6001,16,160001,True,27,False,100,0.7885122762720104,0.0064337290823459625,0.07733034934237178,0.06503473432693907,0.1693331020714957,0.29736450917673335,0.9571477129358903,0.011250030385061914,16,8,0.2,2500,fast_ICA,iid,False,5
10,7,7001,25,250001,True,25,False,100,0.6607803516521449,0.028703358955681324,0.06483037435172301,0.059860413002740295,0.13121513800631154,0.2476050285609078,0.9702906752611126,0.01166034586422385,16,8,0.2,2500,fast_ICA,iid,False,5
10,8,8001,28,280001,True,35,False,100,0.7031309834517886,0.011895204894244671,0.04899292125703898,0.04629341610881211,0.08676011620272843,0.264823743686241,0.9646137508181533,0.012231322300404385,16,8,0.2,2500,fast_ICA,iid,False,5
10,4,4001,22,220001,True,29,False,100,0.6308333717011159,0.01363668404519558,0.053272117842302694,0.04969331524571343,0.09990405296567491,0.23403209795080357,0.9730946921401039,0.010861264408837753,16,8,0.2,2500,fast_ICA,iid,False,5
10,8,8001,1,10001,True,34,False,100,0.6138569231537075,0.02445124601945281,0.11837875508515219,0.08958932372913085,0.2882505618516607,0.3952739667837582,0.9239295324782804,0.010497565233421985,16,8,0.2,2500,fast_ICA,iid,False,5
10,8,8001,7,70001,True,24,False,100,0.677119999988192,0.024771894328296185,0.061121307914539125,0.05215909141934318,0.1547933232808754,0.26629411660272373,0.9651890054064896,0.010105896207327795,16,8,0.2,2500,fast_ICA,iid,False,5
10,9,9001,10,100001,True,29,False,100,0.8647650124797407,0.006663407664746046,0.061063030023620346,0.05669127949672627,0.09525632295842984,0.32267120476812466,0.9465436514249624,0.011208739230445465,16,8,0.2,2500,fast_ICA,iid,False,5
10,0,1,10,100001,True,26,False,100,0.8647650124797407,0.1232237727381289,0.06101981772736099,0.05582004488151991,0.1124722718532121,0.32453100013650754,0.945049364908151,0.010717957424779163,16,8,0.2,2500,fast_ICA,iid,False,5
10,3,3001,24,240001,True,30,False,100,0.7686727878434086,0.024161256849765778,0.06262282521809168,0.052474055099428506,0.15289087244392888,0.30223669923504387,0.9523026674039158,0.010313441381605575,16,8,0.2,2500,fast_ICA,iid,False,5
10,6,6001,27,270001,True,33,False,100,0.5545755257423425,0.008060429245233536,0.05001566529412622,0.04817932089360202,0.0805537596321407,0.20215710422603209,0.9800527880083306,0.011088537956042489,16,8,0.2,2500,fast_ICA,iid,False,5
10,8,8001,11,110001,True,23,False,100,0.6693634786923396,0.02514740126207471,0.07227324308352161,0.06410296486950119,0.16732001907893698,0.23865048922623697,0.9723641515461946,0.009860181104178344,16,8,0.2,2500,fast_ICA,iid,False,5
10,8,8001,24,240001,True,26,False,100,0.7686727878434086,0.021879851818084717,0.05814284927876504,0.0528187131381152,0.11012077387269198,0.2983031140898951,0.9535451436105817,0.010443411459957787,16,8,0.2,2500,fast_ICA,iid,False,5
10,6,6001,15,150001,True,29,False,100,0.7147120926602737,0.009184811729937792,0.05555275445663055,0.04953073319548788,0.1330762669670922,0.2859656636516012,0.9582900022603221,0.011227314492380657,16,8,0.2,2500,fast_ICA,iid,False,5
10,5,5001,22,220001,True,26,False,100,0.6308333717011159,0.028789827600121498,0.0545883192576819,0.049332042409900356,0.12623328760193403,0.23777321583502262,0.9726619163519921,0.011039402585520393,16,8,0.2,2500,fast_ICA,iid,False,5
10,8,8001,23,230001,True,25,False,100,0.727631460756405,0.018850430846214294,0.0500528634433259,0.045218033518558215,0.10104454259346435,0.25408651052682796,0.9679647756935125,0.010132207213070907,16,8,0.2,2500,fast_ICA,iid,False,5
10,8,8001,17,170001,True,31,False,100,0.7170677399879132,0.024956013076007366,0.06724052644151704,0.06312487541745303,0.11009821062801142,0.3551110101157016,0.9367214295273284,0.01031582035383884,16,8,0.2,2500,fast_ICA,iid,False,5
10,6,6001,9,90001,True,27,False,100,0.7096606135396919,0.019666675943881273,0.07360417569814195,0.06294165202400359,0.16822230723104356,0.28015867992759186,0.9604874446564399,0.01058702555282465,16,8,0.2,2500,fast_ICA,iid,False,5
10,6,6001,28,280001,True,26,False,100,0.7031309834517886,0.006957926321774721,0.04748692193412998,0.04502372818982228,0.07664051008411932,0.2636436683018087,0.9653367901975738,0.012353950508887252,16,8,0.2,2500,fast_ICA,iid,False,5
10,8,8001,25,250001,True,28,False,100,0.6607803516521449,0.015578871127218008,0.058999607878710184,0.05518561260005707,0.10014761830211559,0.23852153064562187,0.9722336854335571,0.011982731537212606,16,8,0.2,2500,fast_ICA,iid,False,5
10,6,6001,26,260001,True,25,False,100,0.7716616070204038,0.011286837980151176,0.06561189001891375,0.056639653972021115,0.1472074447303307,0.27285242980740443,0.9628848385560612,0.009972700755799853,16,8,0.2,2500,fast_ICA,iid,False,5
10,8,8001,19,190001,True,25,False,100,0.7294159637664959,0.019068770110607147,0.06379136110732125,0.055157419603448346,0.1323673415750634,0.2711989636378689,0.9642354401426313,0.010364784531374453,16,8,0.2,2500,fast_ICA,iid,False,5
10,4,4001,28,280001,True,29,False,100,0.7031309834517886,0.009723538998514414,0.06102100139130188,0.054214559388938426,0.1140642343950379,0.27744365532110565,0.9617431360419021,0.01232505421910656,16,8,0.2,2500,fast_ICA,iid,False,5
10,2,2001,14,140001,True,28,False,100,0.6416038996530667,0.017305491026490927,0.04608191574320512,0.042844713815856555,0.07101494992112768,0.2121964431744593,0.977820670849416,0.011466271766265544,16,8,0.2,2500,fast_ICA,iid,False,5
10,6,6001,13,130001,True,23,False,100,0.7263247233923933,0.0148043860681355,0.06581094441170218,0.05863670130891038,0.13743330616668545,0.2574993381679281,0.9671403030684894,0.010998798192221017,16,8,0.2,2500,fast_ICA,iid,False,5
10,9,9001,12,120001,True,27,False,100,0.861151067791915,0.00885823369026184,0.11321894391118414,0.08871868976734748,0.2708303436872175,0.37172038245601574,0.9284667451290373,0.01055140012073994,16,8,0.2,2500,fast_ICA,iid,False,5
10,4,4001,13,130001,True,26,False,100,0.7263247233923933,0.013158437330275774,0.05690224651683553,0.05378253958498347,0.09877668263651526,0.2509644953087166,0.9685623327824416,0.010903528130326308,16,8,0.2,2500,fast_ICA,iid,False,5
9,9,9001,1,10001,True,45,False,100,0.6138569231537075,0.1575396959669888,0.08714602610728665,0.07612936154655242,0.16575450556165716,0.36784690383792185,0.9320049717557648,0.0054300221601789,16,8,0.2,2500,fast_ICA,iid,False,5
10,5,5001,10,100001,True,24,False,100,0.8647650124797407,0.04461200814694166,0.05324301396377518,0.04898644013454306,0.0931666191691961,0.31851372524206206,0.9470393044407962,0.010694940010078362,16,8,0.2,2500,fast_ICA,iid,False,5
10,4,4001,26,260001,True,27,False,100,0.7716616070204038,0.021068737376481295,0.05911872961154857,0.05354305892658928,0.11669013803331571,0.27447556115528216,0.9618473360091101,0.009961470197509002,16,8,0.2,2500,fast_ICA,iid,False,5
10,8,8001,10,100001,True,26,False,100,0.8647650124797407,0.030446307733654976,0.06300511708713419,0.05794125895195114,0.10997182633214733,0.32213648697686104,0.9469187805271496,0.010301510037646141,16,8,0.2,2500,fast_ICA,iid,False,5
10,4,4001,14,140001,True,29,False,100,0.6416038996530667,0.018266094848513603,0.048238457668309226,0.04422563254540291,0.09195183867556121,0.2173332890417277,0.9769852464722284,0.010612572222825927,16,8,0.2,2500,fast_ICA,iid,False,5
10,9,9001,11,110001,True,29,False,100,0.6693634786923396,0.013246215879917145,0.06630581807505934,0.061370514529753936,0.13508227843671852,0.2346144996102155,0.9730146854870977,0.010593445669691767,16,8,0.2,2500,fast_ICA,iid,False,5
10,9,9001,7,70001,True,30,False,100,0.677119999988192,0.013000927865505219,0.07143680644745928,0.05845941841661313,0.15577104848491652,0.27335862660998667,0.9626225758184478,0.010728538505129026,16,8,0.2,2500,fast_ICA,iid,False,5
10,8,8001,4,40001,True,26,False,100,0.4681067980112915,0.034347064327448606,0.06345458492603194,0.05637984795723875,0.12642669984362218,0.2865673924611228,0.9598774264531332,0.011756988845050281,16,8,0.2,2500,fast_ICA,iid,False,5
9,9,9001,3,30001,True,37,False,100,0.5308746909631714,0.12487058294937015,0.060636403330699015,0.05836230125110826,0.08602288808603725,0.21579551811176592,0.9773505779461578,0.005463913286894661,16,8,0.2,2500,fast_ICA,iid,False,5
10,6,6001,22,220001,True,29,False,100,0.6308333717011159,0.015130855143070221,0.04885465198785482,0.04651799765728818,0.07963866167502721,0.23097341345389225,0.9736902707664917,0.01082201830165687,16,8,0.2,2500,fast_ICA,iid,False,5
10,7,7001,5,50001,True,26,False,100,0.6599062785256397,0.018500483129173517,0.05283759963559932,0.049895007783444516,0.09177449080012046,0.23835971992550334,0.9725462365934828,0.010502368625895667,16,8,0.2,2500,fast_ICA,iid,False,5
10,8,8001,5,50001,True,29,False,100,0.6599062785256397,0.02819759165868163,0.06951626212494154,0.05822912117909558,0.1867187172008066,0.24118296341293247,0.9715715001078101,0.010315759145734096,16,8,0.2,2500,fast_ICA,iid,False,5
10,8,8001,26,260001,True,31,False,100,0.7716616070204038,0.015735111199319363,0.08395230828624041,0.06589691140886368,0.213250473954712,0.2852223424880981,0.9597890466846556,0.010349576007855228,16,8,0.2,2500,fast_ICA,iid,False,5
10,9,9001,14,140001,True,28,False,100,0.6416038996530667,0.010161935817450285,0.04874912996936648,0.04380820279384269,0.1007112353327815,0.21524951567577358,0.9771529254208339,0.01118817932638234,16,8,0.2,2500,fast_ICA,iid,False,5
10,0,1,4,40001,True,27,False,100,0.4681067980112915,0.1363087110221386,0.07061607306747507,0.060036844553426255,0.13054799166457035,0.28108000630506025,0.9617583740046064,0.011773827403295765,16,8,0.2,2500,fast_ICA,iid,False,5
10,9,9001,13,130001,True,32,False,100,0.7263247233923933,0.012444201856851578,0.06561606120046434,0.05876163910645378,0.133112036587682,0.25468747244369344,0.967729851245639,0.010826990164791574,16,8,0.2,2500,fast_ICA,iid,False,5
10,7,7001,11,110001,True,23,False,100,0.6693634786923396,0.009843317791819572,0.06394281314159557,0.05979643567545054,0.11411342268632671,0.23225972739382847,0.9735730806452537,0.01007783647885151,16,8,0.2,2500,fast_ICA,iid,False,5
10,9,9001,9,90001,True,23,False,100,0.7096606135396919,0.017547739669680595,0.060842937795866095,0.053402753909891076,0.14632772128593496,0.2818660514144993,0.9597471864767408,0.009927033936481583,16,8,0.2,2500,fast_ICA,iid,False,5
10,4,4001,21,210001,True,29,False,100,0.677706853847504,0.01343012461438775,0.09322472681514135,0.0761959284709184,0.24176959195060668,0.3685381648056407,0.9287587728833957,0.010899018426451749,16,8,0.2,2500,fast_ICA,iid,False,5
10,4,4001,27,270001,True,31,False,100,0.5545755257423425,0.022942955140024424,0.05477265713218835,0.05262677188502987,0.08641718046390817,0.20602572515936846,0.9791035305293829,0.01031092364326829,16,8,0.2,2500,fast_ICA,iid,False,5
10,7,7001,15,150001,True,23,False,100,0.7147120926602737,0.006943935994058847,0.05677687699073634,0.05152016730309601,0.10289301644829174,0.29560536829502565,0.9571440921987234,0.010977951761794837,16,8,0.2,2500,fast_ICA,iid,False,5
10,5,5001,24,240001,True,26,False,100,0.7686727878434086,0.006279570981860161,0.076631921489463,0.0599408165914727,0.22684045317192003,0.3135274290315997,0.9484516563280697,0.010248849267889142,16,8,0.2,2500,fast_ICA,iid,False,5
10,8,8001,6,60001,True,27,False,100,0.7374488647673002,0.0339571856893599,0.0576142192040099,0.05243115741071246,0.11197748876949853,0.21429859587634748,0.9773234966232452,0.010096619282970568,16,8,0.2,2500,fast_ICA,iid,False,5
10,8,8001,21,210001,True,28,False,100,0.677706853847504,0.03594975313171744,0.10298911961832954,0.08400868174312788,0.2181993351439065,0.3760937316663446,0.9280143209530237,0.010630684293894356,16,8,0.2,2500,fast_ICA,iid,False,5
10,5,5001,25,250001,True,27,False,100,0.6607803516521449,0.04025906603783369,0.05363077362661858,0.05094572571306327,0.08495469988045043,0.2350083356840952,0.9731557712417898,0.01137590084334783,16,8,0.2,2500,fast_ICA,iid,False,5
11,0,1,3,30001,True,22,False,100,0.5133112942526691,0.008501145988702774,0.05057435337736072,0.04656962201965659,0.08593444086133457,0.19023074229181108,0.9824599360099409,0.01574305191147326,16,8,0.2,2500,fast_ICA,iid,False,5
10,2,2001,17,170001,True,27,False,100,0.7170677399879132,0.14866848196834326,0.07496844521600018,0.0692885771241766,0.13320942788985554,0.37156328257088306,0.9324409282205824,0.010687574881496166,16,8,0.2,2500,fast_ICA,iid,False,5
10,0,1,6,60001,True,26,False,100,0.7374488647673002,0.06966914981603622,0.06198243981507664,0.05577945754454111,0.12719484568588454,0.21854887587073724,0.9764139957736608,0.009959444107266182,16,8,0.2,2500,fast_ICA,iid,False,5
10,5,5001,15,150001,True,32,False,100,0.7147120926602737,0.00820033811032772,0.05823906217999704,0.05210143983739865,0.11774335576312177,0.29187681632466256,0.9564786948967051,0.010798095899932582,16,8,0.2,2500,fast_ICA,iid,False,5
10,7,7001,20,200001,True,29,False,100,0.7062500169808623,0.018500892911106348,0.06081263910196414,0.05584082484195828,0.11658585096565034,0.31988176650193806,0.945670287106528,0.010941422111211364,16,8,0.2,2500,fast_ICA,iid,False,5
11,0,1,0,1,True,24,False,100,0.8348343904675654,0.012551591265946627,0.05554290417395521,0.05047587367121173,0.09575440137177954,0.2626064836142696,0.9660573660329799,0.015427607293707757,16,8,0.2,2500,fast_ICA,iid,False,5
10,9,9001,26,260001,True,26,False,100,0.7716616070204038,0.014432687778025866,0.05207271206408097,0.04995447488215294,0.07525848311143025,0.27061760121194606,0.9631465611930902,0.010308464849601308,16,8,0.2,2500,fast_ICA,iid,False,5
10,9,9001,27,270001,True,22,False,100,0.5545755257423425,0.00941796088591218,0.048303987832774,0.046578094703564304,0.07146223325730636,0.2008966203884044,0.9802832587335093,0.010521347962352564,16,8,0.2,2500,fast_ICA,iid,False,5
10,6,6001,1,10001,True,28,False,100,0.6138569231537075,0.005603334866464138,0.07752139801021862,0.06805601301117029,0.16189807684110383,0.36565031947441606,0.9312460746147707,0.010621365080771187,16,8,0.2,2500,fast_ICA,iid,False,5
10,6,6001,2,20001,True,29,False,100,0.752995985496873,0.009443380869925022,0.06256429329638731,0.0545639605024181,0.13591881120089414,0.31811221839047094,0.9493035994363836,0.010854788795026563,16,8,0.2,2500,fast_ICA,iid,False,5
10,5,5001,9,90001,True,25,False,100,0.7096606135396919,0.020398600958287716,0.06397999813633089,0.057936677213168114,0.11960803447472068,0.2783262415989341,0.9606546590838033,0.010542528098432155,16,8,0.2,2500,fast_ICA,iid,False,5
10,1,1001,22,220001,True,31,False,100,0.6308333717011159,0.012652560137212276,0.05276405967392192,0.04952850321937065,0.08771476956237877,0.23951985693780573,0.9719681043972352,0.010867747965702546,16,8,0.2,2500,fast_ICA,iid,False,5
10,8,8001,14,140001,True,24,False,100,0.6416038996530667,0.010269985999912024,0.054081382436923404,0.048465701187547075,0.09953696128127779,0.2217078959065973,0.9759735247953693,0.010968234962298989,16,8,0.2,2500,fast_ICA,iid,False,5
10,7,7001,18,180001,True,28,False,100,0.5395448135757371,0.0190237401984632,0.05144936222383503,0.04807009023970098,0.08280242610464442,0.1875698626364067,0.9826440546526758,0.011015098755571124,16,8,0.2,2500,fast_ICA,iid,False,5
10,7,7001,24,240001,True,29,False,100,0.7686727878434086,0.024253166746348143,0.05869029755741304,0.051519256896766785,0.12635272307024936,0.2968537031091369,0.9544143347132614,0.010435240520171335,16,8,0.2,2500,fast_ICA,iid,False,5
10,2,2001,15,150001,True,23,False,100,0.7147120926602737,0.007544481661170721,0.050332943342297994,0.04734144083275275,0.08420986605398775,0.27786933171461664,0.9603463725270158,0.010868491428565597,16,8,0.2,2500,fast_ICA,iid,False,5
10,6,6001,6,60001,True,27,False,100,0.7374488647673002,0.010452194139361382,0.05719764291405241,0.05458632022798973,0.08238475071613265,0.21308619121489566,0.9776830817336171,0.009848630186454491,16,8,0.2,2500,fast_ICA,iid,False,5
10,8,8001,13,130001,True,28,False,100,0.7263247233923933,0.010425403714179993,0.058998383429067665,0.0559123272474026,0.08885299512680718,0.25003363557757186,0.9688149874006754,0.010869740784040046,16,8,0.2,2500,fast_ICA,iid,False,5
11,0,1,2,20001,True,21,False,100,0.752995985496873,0.007069915998727083,0.03909251308118028,0.03630197439731338,0.05971918055944476,0.2265864818195198,0.9739862947458244,0.015545469662283509,16,8,0.2,2500,fast_ICA,iid,False,5
10,9,9001,22,220001,True,30,False,100,0.6308333717011159,0.019134108908474445,0.0506266462486227,0.048232753047829396,0.06837502008712974,0.23439525201813394,0.9729465154594029,0.010968121972816207,16,8,0.2,2500,fast_ICA,iid,False,5
10,9,9001,29,290001,True,29,False,100,0.6914004548551383,0.008346958085894585,0.07012171001179175,0.06279266252709965,0.1532874750023958,0.2445140722188345,0.97016387538181,0.01044863857999176,16,8,0.2,2500,fast_ICA,iid,False,5
10,6,6001,25,250001,True,24,False,100,0.6607803516521449,0.0058759525418281555,0.06937956079725024,0.06353963938759816,0.11931275835213385,0.24842369299608782,0.9700117552627724,0.01166923781001957,16,8,0.2,2500,fast_ICA,iid,False,5
10,5,5001,4,40001,True,30,False,100,0.4681067980112915,0.00599374296143651,0.0615506661120373,0.05589871249106244,0.10620717567255668,0.28692812058111694,0.9599535409812759,0.011697846790569635,16,8,0.2,2500,fast_ICA,iid,False,5
10,9,9001,6,60001,True,26,False,100,0.7374488647673002,0.028902468271553516,0.05509849495506201,0.052173675990182126,0.08201057326353017,0.2105279395992221,0.9781021299759516,0.010533822085836805,16,8,0.2,2500,fast_ICA,iid,False,5
11,0,1,13,130001,True,21,False,100,0.7263247233923933,0.014980084728449583,0.0519643044838418,0.0492905090248559,0.09484293427574206,0.21454411290244382,0.9772765735031299,0.01550478216958908,16,8,0.2,2500,fast_ICA,iid,False,5
10,6,6001,14,140001,True,27,False,100,0.6416038996530667,0.011642056051641703,0.05481473696939751,0.050137094415156264,0.08715783333311633,0.21809525500241886,0.9767762561728203,0.010953047607309661,16,8,0.2,2500,fast_ICA,iid,False,5
10,5,5001,29,290001,True,27,False,100,0.6914004548551383,0.017899027094244957,0.0643990484627076,0.05976196653482484,0.1120071385853441,0.2447242676955064,0.9699823632969156,0.010377541771748194,16,8,0.2,2500,fast_ICA,iid,False,5
10,7,7001,1,10001,True,32,False,100,0.6138569231537075,0.00657923799008131,0.09180433396732851,0.07723508977203017,0.18345648796461528,0.3749693765429973,0.9297564354313342,0.010474041796602569,16,8,0.2,2500,fast_ICA,iid,False,5
11,2,2001,4,40001,True,19,False,100,0.4681067980112915,0.03759986301884055,0.04889670519742931,0.04317478120263202,0.10143222827427949,0.2046202457324029,0.9799554278621916,0.01635061777585231,16,8,0.2,2500,fast_ICA,iid,False,5
10,4,4001,5,50001,True,25,False,100,0.6599062785256397,0.04769913898780942,0.08095639958236257,0.06826675243483024,0.17323984257500863,0.24941060120997727,0.9699901401725994,0.009905671986942454,16,8,0.2,2500,fast_ICA,iid,False,5
11,2,2001,6,60001,True,31,False,100,0.7374488647673002,0.0064346990548074245,0.056955835645514166,0.05309308245578277,0.08953784019192348,0.21300920728473374,0.9773316317691487,0.014834074302026733,16,8,0.2,2500,fast_ICA,iid,False,5
10,6,6001,29,290001,True,29,False,100,0.6914004548551383,0.01537688309326768,0.06230329296495482,0.057463462020722805,0.11381086286447824,0.24012113457208126,0.971226007524578,0.01005582814396324,16,8,0.2,2500,fast_ICA,iid,False,5
10,2,2001,19,190001,True,23,False,100,0.7294159637664959,0.08613596670329571,0.04913725049346318,0.046228663160855096,0.07631822011537588,0.2595670647737452,0.9672587482053542,0.010428563512610603,16,8,0.2,2500,fast_ICA,iid,False,5
10,5,5001,2,20001,True,30,False,100,0.752995985496873,0.019106579944491386,0.062427999906517505,0.0564627422328012,0.11778620218747839,0.33262090842894526,0.9438755487587898,0.010482217827302836,16,8,0.2,2500,fast_ICA,iid,False,5
10,6,6001,20,200001,True,30,False,100,0.7062500169808623,0.06858499674126506,0.06627687141524946,0.058329414184056655,0.13382160233413817,0.31834664054211664,0.9477163367042133,0.010872645859872796,16,8,0.2,2500,fast_ICA,iid,False,5
10,6,6001,3,30001,True,28,False,100,0.5133112942526691,0.01739909965544939,0.05667530481056104,0.05297356096684936,0.1049335876539351,0.1996989630735531,0.9807144303435548,0.010466016894600758,16,8,0.2,2500,fast_ICA,iid,False,5
10,2,2001,6,60001,True,26,False,100,0.7374488647673002,0.029279724694788456,0.06046135211195606,0.05465923028928419,0.13259399322558443,0.2138307960227581,0.9773440987970599,0.009954124722766789,16,8,0.2,2500,fast_ICA,iid,False,5
10,8,8001,29,290001,True,35,False,100,0.6914004548551383,0.02047370094805956,0.05963944609960942,0.05445809706499557,0.11964348849041252,0.23716368898020693,0.971597894522292,0.01069412226836862,16,8,0.2,2500,fast_ICA,iid,False,5
10,1,1001,21,210001,True,29,False,100,0.677706853847504,0.013794122729450464,0.09394667894226826,0.0757052236814062,0.2412044692086316,0.3824631506332931,0.9213803419846688,0.010546949834557858,16,8,0.2,2500,fast_ICA,iid,False,5
10,7,7001,9,90001,True,25,False,100,0.7096606135396919,0.019258898217231035,0.07707958863181029,0.06741155504341328,0.14806187731781498,0.29041837116477265,0.9587732306427613,0.01032758638971921,16,8,0.2,2500,fast_ICA,iid,False,5
10,9,9001,1,10001,True,31,False,100,0.6138569231537075,0.024217157159000635,0.07193238316218777,0.06389895074331972,0.15553126670710246,0.351933178869238,0.9354044712533932,0.010693616408417293,16,8,0.2,2500,fast_ICA,iid,False,5
10,4,4001,23,230001,True,29,False,100,0.727631460756405,0.02385537000373006,0.06115470276332139,0.053976760701931296,0.10855597050975807,0.2619076680589838,0.9656175904564418,0.010466415328701859,16,8,0.2,2500,fast_ICA,iid,False,5
11,2,2001,12,120001,True,19,False,100,0.5855563258999412,0.00550229474902153,0.07436839221870037,0.06217473623987969,0.17142093388400093,0.32853895516668824,0.9439546274717567,0.01530657524568718,16,8,0.2,2500,fast_ICA,iid,False,5
10,7,7001,26,260001,True,24,False,100,0.7716616070204038,0.006690967828035355,0.07169827981514283,0.06151930734849356,0.16972840409444057,0.2794965039205633,0.961622191774592,0.010142508307539223,16,8,0.2,2500,fast_ICA,iid,False,5
10,7,7001,28,280001,True,28,False,100,0.7031309834517886,0.017309830989688635,0.049920144256921706,0.04689485049685582,0.08319708729073373,0.27352390698726303,0.9628630505860367,0.012312972187881703,16,8,0.2,2500,fast_ICA,iid,False,5
10,4,4001,11,110001,True,22,False,100,0.6693634786923396,0.027442137245088816,0.07143651774046224,0.06344763133805681,0.1486191443216858,0.24067146725750319,0.9714769912297957,0.010390587374934111,16,8,0.2,2500,fast_ICA,iid,False,5
11,2,2001,10,100001,True,20,False,100,0.8647650124797407,0.007462822832167149,0.05931676693758811,0.053487665640454395,0.1294250092115334,0.3134678133023848,0.9480518589601445,0.015476280202442273,16,8,0.2,2500,fast_ICA,iid,False,5
10,8,8001,2,20001,True,32,False,100,0.752995985496873,0.01341367606073618,0.06897228246137985,0.05900750126875759,0.16746217830769128,0.3243524832185425,0.9471277166082451,0.010499261370516788,16,8,0.2,2500,fast_ICA,iid,False,5
10,9,9001,28,280001,True,29,False,100,0.7031309834517886,0.014779595658183098,0.046053275495666915,0.04385042267834825,0.06999934744086135,0.2661084368051353,0.9644799348993943,0.012457207991520511,16,8,0.2,2500,fast_ICA,iid,False,5
10,5,5001,16,160001,True,30,False,100,0.7885122762720104,0.0581338033080101,0.0760067551654959,0.06496796233276116,0.14888770760544606,0.2933031098836055,0.957831513545147,0.01073686800443043,16,8,0.2,2500,fast_ICA,iid,False,5
10,6,6001,7,70001,True,26,False,100,0.677119999988192,0.008838454261422157,0.054414541846195034,0.04945621094726099,0.10675703123755685,0.2630691582560785,0.9656790912348336,0.010077354849050604,16,8,0.2,2500,fast_ICA,iid,False,5
11,2,2001,9,90001,True,21,False,100,0.7013421804701714,0.0060263220220804214,0.0460819507081794,0.042929638560993105,0.09362012518556437,0.22907792875189492,0.9726822788557236,0.015620517348115022,16,8,0.2,2500,fast_ICA,iid,False,5
10,3,3001,29,290001,True,29,False,100,0.6914004548551383,0.01447781827300787,0.07292851065034375,0.06612884087929977,0.13791179891087005,0.24913857620879643,0.9692473961463329,0.011070029306567527,16,8,0.2,2500,fast_ICA,iid,False,5
10,9,9001,0,1,True,37,False,100,0.8348343904675654,0.028162132017314434,0.06817485734881364,0.062391624985577515,0.14514625285950228,0.3218644159170783,0.9496351717754741,0.010244897749596797,16,8,0.2,2500,fast_ICA,iid,False,5
11,0,1,18,180001,True,18,False,100,0.5395448135757371,0.009245931170880795,0.049315089508364905,0.0448131041338507,0.08827270050810439,0.181181439387987,0.9839050129949849,0.015481962369450196,16,8,0.2,2500,fast_ICA,iid,False,5
11,2,2001,15,150001,True,21,False,100,0.7147120926602737,0.00935424119234085,0.05701153150790023,0.05003191077187244,0.11412020067185971,0.26841057504785554,0.9638779078333348,0.016205477256796597,16,8,0.2,2500,fast_ICA,iid,False,5
11,2,2001,29,290001,True,26,False,100,0.6914004548551383,0.008205299265682697,0.05009624501233644,0.04670909025482496,0.0877853247487346,0.21950266044044361,0.9761981868920051,0.015380584729729816,16,8,0.2,2500,fast_ICA,iid,False,5
11,2,2001,18,180001,True,22,False,100,0.5395448135757371,0.013139366637915373,0.048697331794280506,0.045935611800051894,0.08840490222886661,0.1799129717475591,0.9841119486719816,0.01570624676699023,16,8,0.2,2500,fast_ICA,iid,False,5
10,9,9001,19,190001,True,28,False,100,0.7294159637664959,0.01984937395900488,0.05277966199724514,0.04796384725417179,0.09820849473117879,0.2660389343712208,0.9652931236633832,0.010661696804419725,16,8,0.2,2500,fast_ICA,iid,False,5
11,1,1001,6,60001,True,26,False,100,0.7374488647673002,0.006259039975702763,0.056979360123542745,0.05177289529805593,0.12243123914600837,0.21244680341992334,0.9775798160511782,0.0156694294296703,16,8,0.2,2500,fast_ICA,iid,False,5
11,0,1,10,100001,True,22,False,100,0.8647650124797407,0.014469619374722242,0.059321297087868596,0.05229643288792749,0.11549391171372449,0.3192764680351187,0.9460097740094209,0.015819920589960974,16,8,0.2,2500,fast_ICA,iid,False,5
11,0,1,20,200001,True,24,False,100,0.7062500169808623,0.009860267862677574,0.0722393536811096,0.05992622492078252,0.173248251996674,0.33337125492476394,0.9450782454582921,0.015406705469429658,16,8,0.2,2500,fast_ICA,iid,False,5
11,1,1001,4,40001,True,18,False,100,0.4681067980112915,0.007973399944603443,0.0545139391022104,0.04815872024002807,0.10374727707175573,0.20998967500090177,0.979052007356503,0.016619536028869123,16,8,0.2,2500,fast_ICA,iid,False,5
11,2,2001,14,140001,True,18,False,100,0.6416038996530667,0.03246710496023297,0.041725957517531526,0.038167835732722144,0.07864419354355669,0.20244162094068224,0.9801026665466341,0.015916276089226012,16,8,0.2,2500,fast_ICA,iid,False,5
10,9,9001,5,50001,True,32,False,100,0.6599062785256397,0.028510509990155697,0.07589443708473016,0.06665198519574593,0.13894219063841856,0.2508735322909578,0.9696964967714391,0.010350447647996327,16,8,0.2,2500,fast_ICA,iid,False,5
11,2,2001,11,110001,True,20,False,100,0.6693634786923396,0.035227008163928986,0.050936378488702645,0.04929361139860674,0.07257544872879546,0.21972457397877637,0.9763386493489279,0.015333392414743081,16,8,0.2,2500,fast_ICA,iid,False,5
10,8,8001,3,30001,True,25,False,100,0.5133112942526691,0.022211589850485325,0.0516617372532431,0.04881162450121647,0.09319127373563331,0.19808546915487635,0.9807766989283967,0.010705392011144236,16,8,0.2,2500,fast_ICA,iid,False,5
11,2,2001,26,260001,True,23,False,100,0.7716616070204038,0.02988430205732584,0.04584831481869124,0.04220020998182786,0.08932214435107637,0.2639103300370231,0.9651478165698467,0.014918338500363249,16,8,0.2,2500,fast_ICA,iid,False,5
11,1,1001,9,90001,True,23,False,100,0.7013421804701714,0.0067037977278232574,0.06096688877193231,0.05451878601098083,0.13075482023945362,0.24325589417556975,0.9697559477174071,0.015446167184029202,16,8,0.2,2500,fast_ICA,iid,False,5
11,0,1,17,170001,True,23,False,100,0.5846054416747306,0.012979007791727781,0.06152084427346041,0.05768081857805424,0.1120138779486166,0.26036972204463726,0.9666836610272884,0.015004968085775974,16,8,0.2,2500,fast_ICA,iid,False,5
11,0,1,19,190001,True,18,False,100,0.7294159637664959,0.015324824023991823,0.04459011822305124,0.04208974160491674,0.06926259074291921,0.25865543083677156,0.967453578445175,0.015657161117186093,16,8,0.2,2500,fast_ICA,iid,False,5
10,5,5001,18,180001,True,29,False,100,0.5395448135757371,0.05459002638235688,0.05131755173869969,0.048846032001927525,0.0801720701776335,0.19223233829197825,0.981808347038187,0.010654136346775587,16,8,0.2,2500,fast_ICA,iid,False,5
11,3,3001,21,210001,True,24,False,100,0.677706853847504,0.01864213217049837,0.07361372430556092,0.061644980192067905,0.1374924193094761,0.32782354518451534,0.945790138273247,0.015561936560764957,16,8,0.2,2500,fast_ICA,iid,False,5
10,9,9001,21,210001,True,28,False,100,0.677706853847504,0.01796232583001256,0.09097260119506316,0.07723618462757677,0.2046551798677321,0.37514465286133997,0.9241000159123244,0.0105588991932818,16,8,0.2,2500,fast_ICA,iid,False,5
10,6,6001,23,230001,True,25,False,100,0.727631460756405,0.005001469049602747,0.060261265310679234,0.05425229812351007,0.10019559306051382,0.26428697747143376,0.96553329613047,0.010012369660094453,16,8,0.2,2500,fast_ICA,iid,False,5
11,0,1,24,240001,True,20,False,100,0.7686727878434086,0.011934615205973387,0.045620986372805906,0.04232350031450214,0.07695648490671195,0.3089518009714968,0.950342017544678,0.01566933029910013,16,8,0.2,2500,fast_ICA,iid,False,5
11,3,3001,24,240001,True,27,False,100,0.7686727878434086,0.005568615160882473,0.05203228994419408,0.04769198595789509,0.08387844291348807,0.31762291879383875,0.9478662245596794,0.01517522714407751,16,8,0.2,2500,fast_ICA,iid,False,5
11,0,1,25,250001,True,22,False,100,0.6607803516521449,0.012567380908876657,0.05530697221236059,0.050099089334696645,0.09314742845200336,0.22133517886390183,0.9773244874766098,0.01713887558739082,16,8,0.2,2500,fast_ICA,iid,False,5
11,0,1,23,230001,True,23,False,100,0.727631460756405,0.015663980972021818,0.05779368720979495,0.051765277214270086,0.0922239951688128,0.26338158059007966,0.9660940923759916,0.015263608583775302,16,8,0.2,2500,fast_ICA,iid,False,5
11,0,1,29,290001,True,21,False,100,0.6914004548551383,0.01160896709188819,0.05920911813832216,0.053164614227524734,0.11901154156842941,0.2203519784507173,0.9760116759178254,0.0154317298074272,16,8,0.2,2500,fast_ICA,iid,False,5
11,0,1,6,60001,True,20,False,100,0.7374488647673002,0.02061002003028989,0.0523556413335557,0.048160899814146285,0.10474606867544996,0.20466510818324993,0.9791948080093013,0.015151400466627968,16,8,0.2,2500,fast_ICA,iid,False,5
11,0,1,21,210001,True,21,False,100,0.677706853847504,0.015915308613330126,0.06704655603577528,0.05728504414627235,0.15703090155304975,0.31866921210769455,0.9474365673576459,0.015039221682464552,16,8,0.2,2500,fast_ICA,iid,False,5
11,0,1,12,120001,True,28,False,100,0.5855563258999412,0.01835185382515192,0.06611060412134323,0.05875921493268266,0.13164215334382892,0.3221673090860372,0.9450686901144671,0.015011139577476854,16,8,0.2,2500,fast_ICA,iid,False,5
11,0,1,27,270001,True,22,False,100,0.45962825692318054,0.011537536978721619,0.045983001090578984,0.04350085657039368,0.07249759066744085,0.19485929651054365,0.9815304236602019,0.015354070467897506,16,8,0.2,2500,fast_ICA,iid,False,5
11,1,1001,0,1,True,24,False,100,0.8348343904675654,0.012503561563789845,0.05221600671702772,0.046983539109881595,0.08666813356591088,0.25942496308925944,0.9665974947158393,0.015392988485526463,16,8,0.2,2500,fast_ICA,iid,False,5
11,3,3001,26,260001,True,18,False,100,0.7716616070204038,0.006315269973129034,0.05030031636306781,0.04525324044937288,0.11331323555744255,0.2629190703321807,0.9650481950037129,0.014953751723619709,16,8,0.2,2500,fast_ICA,iid,False,5
11,3,3001,27,270001,True,25,False,100,0.45962825692318054,0.0051026782020926476,0.050010858055338364,0.04666523796191012,0.08002745455482944,0.1961592142049998,0.9813408678234857,0.015295096351201205,16,8,0.2,2500,fast_ICA,iid,False,5
11,1,1001,1,10001,True,24,False,100,0.6138569231537075,0.014048871118575335,0.05141753829119011,0.047210961428036186,0.10526845031077789,0.21099502559089411,0.9782478338440208,0.015520429533072576,16,8,0.2,2500,fast_ICA,iid,False,5
11,1,1001,19,190001,True,22,False,100,0.7294159637664959,0.005554925184696913,0.04451275270008038,0.04239692815579631,0.06994539270522003,0.2572473071558466,0.9681434965371339,0.015808454166445808,16,8,0.2,2500,fast_ICA,iid,False,5
11,4,4001,10,100001,True,19,False,100,0.8647650124797407,0.0049010589718818665,0.062003217510026375,0.053210435156793565,0.13390897008017885,0.3202856756690228,0.9459305428673362,0.015645392604011318,16,8,0.2,2500,fast_ICA,iid,False,5
11,0,1,16,160001,True,18,False,100,0.7885122762720104,0.021802443079650402,0.045147016047135925,0.04259496781720978,0.07323847015954502,0.227728452097766,0.9740672232537279,0.015692811843570055,16,8,0.2,2500,fast_ICA,iid,False,5
11,1,1001,14,140001,True,19,False,100,0.6416038996530667,0.010125325992703438,0.04465858557442424,0.04065018297028407,0.07733335724918905,0.2055546017125703,0.9795865273433826,0.015881674656563344,16,8,0.2,2500,fast_ICA,iid,False,5
11,3,3001,29,290001,True,18,False,100,0.6914004548551383,0.007739151827991009,0.04792886809402015,0.044403329681039216,0.08466804444762671,0.21378676140974626,0.9773056317401319,0.01558886534355076,16,8,0.2,2500,fast_ICA,iid,False,5
11,4,4001,3,30001,True,29,False,100,0.5133112942526691,0.006530218757688999,0.053043020966735896,0.04821467231184659,0.10254811593937802,0.19327575035144498,0.9818077268902426,0.01576976846626827,16,8,0.2,2500,fast_ICA,iid,False,5
11,4,4001,12,120001,True,18,False,100,0.5855563258999412,0.004947219043970108,0.06646832488311066,0.05764562146118893,0.13858761227800584,0.33548768385432254,0.9428341144225086,0.015008081513142656,16,8,0.2,2500,fast_ICA,iid,False,5
11,4,4001,0,1,True,21,False,100,0.8348343904675654,0.00574786402285099,0.04915776737067797,0.045124409947048305,0.08731901477157664,0.25601598097742073,0.9674131843213793,0.015095987531611897,16,8,0.2,2500,fast_ICA,iid,False,5
11,1,1001,2,20001,True,24,False,100,0.752995985496873,0.020391061902046204,0.05085252570717355,0.04448598066294454,0.10776151809002585,0.23308629178067855,0.9733097787617441,0.015803595443341614,16,8,0.2,2500,fast_ICA,iid,False,5
11,4,4001,1,10001,True,24,False,100,0.6138569231537075,0.008318447973579168,0.04454711031594281,0.042500691668597296,0.06747716018872596,0.2069938325031361,0.979034999125299,0.014981152071677405,16,8,0.2,2500,fast_ICA,iid,False,5
11,1,1001,13,130001,True,20,False,100,0.7263247233923933,0.01136320922523737,0.056098414742641094,0.05284550028245252,0.09686960273647914,0.2227139082496224,0.9754622187755058,0.01537731948993037,16,8,0.2,2500,fast_ICA,iid,False,5
11,4,4001,13,130001,True,22,False,100,0.7263247233923933,0.006598369218409061,0.05259758192310946,0.04925612505701595,0.10134822607588924,0.21425436636940506,0.9773828950206255,0.015751590991625458,16,8,0.2,2500,fast_ICA,iid,False,5
11,0,1,26,260001,True,19,False,100,0.7716616070204038,0.020071192644536495,0.04852023063950581,0.044904301891867664,0.09157415841590962,0.2617085008401269,0.9660015492828687,0.014846636209920522,16,8,0.2,2500,fast_ICA,iid,False,5
11,4,4001,5,50001,True,24,False,100,0.6599062785256397,0.008601215202361345,0.06944445133761636,0.055761794107994235,0.15718507499737244,0.2454444425586353,0.9702578103852307,0.014912378219098747,16,8,0.2,2500,fast_ICA,iid,False,5
11,2,2001,0,1,True,25,False,100,0.8348343904675654,0.005966611672192812,0.05327282616245181,0.048496261730273466,0.08405047868149557,0.2631827465397834,0.9658563189873547,0.015081565670167569,16,8,0.2,2500,fast_ICA,iid,False,5
11,1,1001,11,110001,True,19,False,100,0.6693634786923396,0.013535915408283472,0.052265279560534346,0.04909095403801444,0.08898621016688958,0.2226697721351855,0.9756356782450449,0.014979018973140074,16,8,0.2,2500,fast_ICA,iid,False,5
11,4,4001,16,160001,True,23,False,100,0.7885122762720104,0.006672228220850229,0.057680492380510956,0.05100186691614433,0.11763302917293955,0.24232708458685748,0.9708877130479088,0.015975992158539287,16,8,0.2,2500,fast_ICA,iid,False,5
11,1,1001,12,120001,True,21,False,100,0.5855563258999412,0.012201203033328056,0.07221511684817154,0.060216522167871794,0.17665992094971833,0.33087914639554333,0.9455930972565175,0.015454575933926356,16,8,0.2,2500,fast_ICA,iid,False,5
11,4,4001,22,220001,True,20,False,100,0.6308333717011159,0.005102708004415035,0.0498138409502887,0.045340882625074796,0.08445487225821627,0.21484246118746153,0.9783263954192002,0.01542761755666202,16,8,0.2,2500,fast_ICA,iid,False,5
11,1,1001,21,210001,True,19,False,100,0.677706853847504,0.021813052240759134,0.05903363696138044,0.05014170260094989,0.15500536297175885,0.3106853956694122,0.9505200267529418,0.015002893246958417,16,8,0.2,2500,fast_ICA,iid,False,5
11,4,4001,21,210001,True,21,False,100,0.677706853847504,0.006275041028857231,0.05528841383529068,0.05051861852325386,0.08683587955395129,0.3023346939208756,0.953070783368481,0.01565927920092876,16,8,0.2,2500,fast_ICA,iid,False,5
11,4,4001,4,40001,True,16,False,100,0.4681067980112915,0.011125009041279554,0.04969694624276039,0.043619987831138525,0.09516984858471336,0.2092127127616356,0.9792347579295442,0.01682722700408638,16,8,0.2,2500,fast_ICA,iid,False,5
11,0,1,9,90001,True,27,False,100,0.7013421804701714,0.03535490715876222,0.05407934523221105,0.0490880051322537,0.12072954516012495,0.24480992216528855,0.969508344312465,0.01559013004225331,16,8,0.2,2500,fast_ICA,iid,False,5
11,4,4001,14,140001,True,18,False,100,0.6416038996530667,0.009948726743459702,0.040278793818978205,0.037250589141746435,0.0699188699173222,0.19839492866941572,0.9808228417807415,0.01604623473586449,16,8,0.2,2500,fast_ICA,iid,False,5
11,1,1001,15,150001,True,26,False,100,0.7147120926602737,0.013405344914644957,0.04433054197834138,0.0410480679415873,0.08391255929166058,0.25697271583012193,0.9671753171804015,0.0159139800401294,16,8,0.2,2500,fast_ICA,iid,False,5
11,1,1001,8,80001,True,19,False,100,0.6193674452698826,0.019990044180303812,0.05802742543464687,0.04968009384975262,0.13321539185038933,0.28575752273959665,0.9588160705484983,0.014953220795541238,16,8,0.2,2500,fast_ICA,iid,False,5
11,4,4001,15,150001,True,23,False,100,0.7147120926602737,0.009985877200961113,0.043798542615097684,0.040706662720185124,0.09466849408729945,0.2575334279752658,0.96682216637781,0.015352880255940744,16,8,0.2,2500,fast_ICA,iid,False,5
11,1,1001,24,240001,True,25,False,100,0.7686727878434086,0.025840227026492357,0.054314931734524396,0.047991310044584484,0.12485102213464119,0.31258609919907965,0.9491901018243789,0.015029757426970542,16,8,0.2,2500,fast_ICA,iid,False,5
11,1,1001,29,290001,True,23,False,100,0.6914004548551383,0.01289708772674203,0.05632735612676079,0.05183796540942022,0.11526895664330469,0.22098968276407566,0.9761333112758945,0.01501976244656475,16,8,0.2,2500,fast_ICA,iid,False,5
11,4,4001,18,180001,True,21,False,100,0.5395448135757371,0.009559218771755695,0.04613490668304809,0.042410159076255005,0.08770724120638855,0.18164328476492414,0.9838414634534752,0.01574156371630105,16,8,0.2,2500,fast_ICA,iid,False,5
11,5,5001,1,10001,True,25,False,100,0.6138569231537075,0.005262456834316254,0.0434235503413125,0.04160621158854148,0.06387017278678318,0.20857548179778643,0.9787035469143401,0.015128483916221387,16,8,0.2,2500,fast_ICA,iid,False,5
11,0,1,4,40001,True,18,False,100,0.4681067980112915,0.05141756497323513,0.051586456809554475,0.046456804974460156,0.08857952179376308,0.20935694021492876,0.9789482345327052,0.016610381972622473,16,8,0.2,2500,fast_ICA,iid,False,5
11,5,5001,6,60001,True,19,False,100,0.7374488647673002,0.005399684887379408,0.05117653164385757,0.04731064931692899,0.10020546715950696,0.20618492964528906,0.978777659417376,0.01528008078690828,16,8,0.2,2500,fast_ICA,iid,False,5
11,2,2001,3,30001,True,21,False,100,0.5133112942526691,0.0076864007860422134,0.04580007282394621,0.04286339663585838,0.0731489496807342,0.18195267398818,0.9838866447801962,0.015358502747258144,16,8,0.2,2500,fast_ICA,iid,False,5
11,2,2001,1,10001,True,25,False,100,0.6138569231537075,0.011578907258808613,0.04747208244443074,0.04497263578688194,0.07415150181430427,0.21104986994506306,0.9780449140180087,0.015094438595152013,16,8,0.2,2500,fast_ICA,iid,False,5
10,9,9001,23,230001,True,29,False,100,0.727631460756405,0.07443242007866502,0.06310474669174593,0.05656549599174972,0.10523109252945967,0.2634587945314517,0.965563622117427,0.010387013320722371,16,8,0.2,2500,fast_ICA,iid,False,5
11,5,5001,11,110001,True,21,False,100,0.6693634786923396,0.005281746853142977,0.04726273260941564,0.04598923485489619,0.0699071505952905,0.21748578630067694,0.9765944285454884,0.015391727431133298,16,8,0.2,2500,fast_ICA,iid,False,5
11,5,5001,9,90001,True,25,False,100,0.7013421804701714,0.00653544906526804,0.05957093240601123,0.05438348651630996,0.11599359436394036,0.24722240716088342,0.9691484260536154,0.015542846996708905,16,8,0.2,2500,fast_ICA,iid,False,5
11,4,4001,9,90001,True,22,False,100,0.7013421804701714,0.013570854905992746,0.057915593713102335,0.052583869917111864,0.10997302918667716,0.2400904169273513,0.9706259389827396,0.014941623058865178,16,8,0.2,2500,fast_ICA,iid,False,5
11,5,5001,3,30001,True,23,False,100,0.5133112942526691,0.00856609595939517,0.050387002189221,0.046764336923898045,0.0818347771199055,0.18782899433112538,0.9828253921131015,0.015603421287797499,16,8,0.2,2500,fast_ICA,iid,False,5
11,1,1001,26,260001,True,24,False,100,0.7716616070204038,0.018343674018979073,0.04964192757234424,0.04639700327663339,0.07581585958804947,0.26514703118086935,0.964358129106167,0.014869882212514535,16,8,0.2,2500,fast_ICA,iid,False,5
11,1,1001,27,270001,True,24,False,100,0.45962825692318054,0.051734672859311104,0.04671350209091143,0.04414360004167556,0.0809895774832967,0.19186349891473287,0.982184722908044,0.015757419036755038,16,8,0.2,2500,fast_ICA,iid,False,5
11,4,4001,25,250001,True,21,False,100,0.6607803516521449,0.012176733929663897,0.05545379879609649,0.04931153012972783,0.12250190382245275,0.2171089411446152,0.9772807484762576,0.016793224359870976,16,8,0.2,2500,fast_ICA,iid,False,5
11,2,2001,8,80001,True,18,False,100,0.6193674452698826,0.006499338895082474,0.04063068051945229,0.038351259995631416,0.06894849934864389,0.26761463753865816,0.9629311328932229,0.015099776663153899,16,8,0.2,2500,fast_ICA,iid,False,5
11,5,5001,4,40001,True,29,False,100,0.4681067980112915,0.011526827234774828,0.04628432826964368,0.04225733466273879,0.07982347583296726,0.2033930471162279,0.9802608135122881,0.016680960906604935,16,8,0.2,2500,fast_ICA,iid,False,5
11,3,3001,0,1,True,29,False,100,0.8348343904675654,0.006388749927282333,0.04880195979245281,0.04419962128828728,0.08605835270113107,0.25357173597858534,0.9678094975743534,0.015217808014552293,16,8,0.2,2500,fast_ICA,iid,False,5
11,5,5001,23,230001,True,22,False,100,0.727631460756405,0.006170121021568775,0.0527424707754827,0.04818676408797043,0.08945753706252396,0.2646828164686455,0.9656433045059585,0.015081511678025844,16,8,0.2,2500,fast_ICA,iid,False,5
10,9,9001,3,30001,True,40,False,100,0.5133112942526691,0.02407787786796689,0.05743684892233781,0.0542813753815958,0.09928579484740277,0.20369021983338112,0.979828461572318,0.010887579206254014,16,8,0.2,2500,fast_ICA,iid,False,5
11,4,4001,26,260001,True,21,False,100,0.7716616070204038,0.01086680218577385,0.05019827802022651,0.047151168890088045,0.08098698772519931,0.26920163405979486,0.9640641528676708,0.015181554330443004,16,8,0.2,2500,fast_ICA,iid,False,5
11,5,5001,24,240001,True,22,False,100,0.7686727878434086,0.007076546084135771,0.04957114822376044,0.04558311244449413,0.08345182415691481,0.31447246316144206,0.9490854617769084,0.014721910947222975,16,8,0.2,2500,fast_ICA,iid,False,5
11,0,1,11,110001,True,20,False,100,0.6693634786923396,0.012483540922403336,0.05435519069032133,0.05143307770561494,0.09030775994029219,0.22357649013890044,0.9752675649633353,0.015144156095040332,16,8,0.2,2500,fast_ICA,iid,False,5
11,5,5001,20,200001,True,29,False,100,0.7062500169808623,0.0075036329217255116,0.074809953789716,0.061202525429511004,0.18726598822425514,0.3372871210758448,0.9435032595656014,0.015542295261169618,16,8,0.2,2500,fast_ICA,iid,False,5
11,5,5001,15,150001,True,18,False,100,0.7147120926602737,0.010246614925563335,0.048902449061046994,0.045000945994230955,0.08648225404332242,0.25809111021070646,0.966235148364418,0.015745233707858557,16,8,0.2,2500,fast_ICA,iid,False,5
10,8,8001,22,220001,True,31,False,100,0.6308333717011159,0.01781766675412655,0.07048321762909411,0.06083488417717279,0.17041161071528707,0.25291634143684677,0.9700578776078808,0.010717168993803436,16,8,0.2,2500,fast_ICA,iid,False,5
11,5,5001,21,210001,True,21,False,100,0.677706853847504,0.008725285064429045,0.05881785163139821,0.048787577892948984,0.15349841147742638,0.30764139665784557,0.9506907994917377,0.01530938044637272,16,8,0.2,2500,fast_ICA,iid,False,5
10,8,8001,18,180001,True,34,False,100,0.5395448135757371,0.01682416396215558,0.05283639655637293,0.049904828498569996,0.09110596842322741,0.18955001544194847,0.9822842009348055,0.010405642026461019,16,8,0.2,2500,fast_ICA,iid,False,5
11,2,2001,19,190001,True,18,False,100,0.7294159637664959,0.011847876012325287,0.046656242165393276,0.043539333545584744,0.08208383906177459,0.26365649222495324,0.9663179364543508,0.015799667745980274,16,8,0.2,2500,fast_ICA,iid,False,5
11,6,6001,3,30001,True,22,False,100,0.5133112942526691,0.006116291042417288,0.05447447137650598,0.049528995836405715,0.10663936977126903,0.18953340777861313,0.9826008709258177,0.015013682538182428,16,8,0.2,2500,fast_ICA,iid,False,5
11,3,3001,1,10001,True,19,False,100,0.6138569231537075,0.013518855441361666,0.04490976864456252,0.04191229638591168,0.08608448472627517,0.20649798707756667,0.9788708113791719,0.015395638716100356,16,8,0.2,2500,fast_ICA,iid,False,5
11,3,3001,8,80001,True,26,False,100,0.6193674452698826,0.010030646808445454,0.04369142111911637,0.04081309958894966,0.07771157120093888,0.26771459473992937,0.9630449493824287,0.014991031616892905,16,8,0.2,2500,fast_ICA,iid,False,5
11,3,3001,25,250001,True,25,False,100,0.6607803516521449,0.023131453897804022,0.05320522461246726,0.049318184166030565,0.0886183577704676,0.217267848535503,0.9777746096530621,0.016619047763780787,16,8,0.2,2500,fast_ICA,iid,False,5
11,2,2001,25,250001,True,24,False,100,0.6607803516521449,0.007657632231712341,0.06927964840751934,0.05837338580598284,0.16699683243020286,0.23654557468339696,0.9739490267963854,0.01708741351393264,16,8,0.2,2500,fast_ICA,iid,False,5
11,5,5001,14,140001,True,18,False,100,0.6416038996530667,0.012331423349678516,0.042242813800857947,0.03826024326496683,0.09057112790290077,0.20555595886963435,0.9797252075894359,0.01577221512810035,16,8,0.2,2500,fast_ICA,iid,False,5
11,2,2001,27,270001,True,23,False,100,0.45962825692318054,0.01617086911574006,0.052278243911920146,0.04751812886848008,0.08624684753479966,0.19696921654854838,0.9810498042555045,0.015013297993550497,16,8,0.2,2500,fast_ICA,iid,False,5
11,5,5001,0,1,True,24,False,100,0.8348343904675654,0.014398458879441023,0.06495943873527395,0.05749928752983445,0.11318853943346813,0.26513979802790527,0.9651712793726682,0.015198818407380315,16,8,0.2,2500,fast_ICA,iid,False,5
11,3,3001,14,140001,True,20,False,100,0.6416038996530667,0.012540351133793592,0.04367869741675541,0.03864336796234673,0.09182492007964405,0.20464680183837403,0.9797760438126778,0.015870813290339878,16,8,0.2,2500,fast_ICA,iid,False,5
11,2,2001,13,130001,True,28,False,100,0.7263247233923933,0.06636360101401806,0.05301409734130025,0.04974197538633114,0.09240904317700248,0.21903756676189046,0.9766413336227376,0.01545996389355846,16,8,0.2,2500,fast_ICA,iid,False,5
11,2,2001,23,230001,True,21,False,100,0.727631460756405,0.015402953140437603,0.04551587622491704,0.04083636210449781,0.09120429574490567,0.25854943263327357,0.9670611638464998,0.015120985679933637,16,8,0.2,2500,fast_ICA,iid,False,5
11,3,3001,16,160001,True,23,False,100,0.7885122762720104,0.006263650953769684,0.057426002471565825,0.05046424692384355,0.13455511571129758,0.2467271989694914,0.9703003973815022,0.01619543469604241,16,8,0.2,2500,fast_ICA,iid,False,5
11,6,6001,14,140001,True,23,False,100,0.6416038996530667,0.00609618192538619,0.042104247861994105,0.038218294273489384,0.08189074310274673,0.20445432581788822,0.9799325619012234,0.015284428946930467,16,8,0.2,2500,fast_ICA,iid,False,5
11,5,5001,28,280001,True,27,False,100,0.7031309834517886,0.012837759219110012,0.04882672446050168,0.04461405797221996,0.1072593540305464,0.2572843007430349,0.9670794696453733,0.016647618852730073,16,8,0.2,2500,fast_ICA,iid,False,5
11,3,3001,13,130001,True,21,False,100,0.7263247233923933,0.016254196874797344,0.05147599033428887,0.049923580705584995,0.06594908703862967,0.21264821734106873,0.977650114034453,0.01554565572247531,16,8,0.2,2500,fast_ICA,iid,False,5
11,5,5001,27,270001,True,18,False,100,0.45962825692318054,0.01342771528288722,0.04333683108285429,0.04188114559675542,0.06305810881961527,0.1907716225590465,0.9822113887817439,0.015593730672308445,16,8,0.2,2500,fast_ICA,iid,False,5
11,3,3001,15,150001,True,30,False,100,0.7147120926602737,0.014804196078330278,0.039139368850117845,0.037854208053795135,0.06352436433230019,0.24823510050015218,0.9682627493244451,0.01618440825539875,16,8,0.2,2500,fast_ICA,iid,False,5
10,9,9001,18,180001,True,26,False,100,0.5395448135757371,0.01990034431219101,0.05421240633978692,0.05079290685093667,0.08109938346403116,0.19454670876051758,0.9813884282532938,0.01005948781268853,16,8,0.2,2500,fast_ICA,iid,False,5
11,6,6001,22,220001,True,21,False,100,0.6308333717011159,0.0067456867545843124,0.06624884195043367,0.054489592359326086,0.16650156409838895,0.22265355553369134,0.9770713696991521,0.01533871998321398,16,8,0.2,2500,fast_ICA,iid,False,5
11,0,1,7,70001,True,25,False,100,0.677119999988192,0.019562076777219772,0.04268684806305408,0.03909026051027361,0.08471997825077415,0.22557873614152238,0.9745480713772372,0.015853871300458917,16,8,0.2,2500,fast_ICA,iid,False,5
11,6,6001,9,90001,True,20,False,100,0.7013421804701714,0.008114398922771215,0.06882858581173004,0.059131945702935895,0.142743532151939,0.25211354846935746,0.9687073305714122,0.01583131623116482,16,8,0.2,2500,fast_ICA,iid,False,5
11,0,1,1,10001,True,23,False,100,0.6138569231537075,0.017870547249913216,0.04256448853126992,0.040166032848483225,0.06411393981385803,0.20829595214773766,0.9785421179360544,0.015519861219897993,16,8,0.2,2500,fast_ICA,iid,False,5
11,1,1001,5,50001,True,21,False,100,0.6599062785256397,0.01529821427538991,0.04865201329633155,0.04248223519741694,0.10937250679548047,0.22901665782337935,0.9746194463688216,0.014927541903002491,16,8,0.2,2500,fast_ICA,iid,False,5
11,6,6001,5,50001,True,18,False,100,0.6599062785256397,0.012883038725703955,0.06366168149301943,0.0485344611309319,0.15749525114516916,0.23389069717212346,0.9730286440251202,0.0151819290730249,16,8,0.2,2500,fast_ICA,iid,False,5
11,1,1001,18,180001,True,21,False,100,0.5395448135757371,0.0073907142505049706,0.05195945911193023,0.04845659064985901,0.08655452281560906,0.18712058880964727,0.9828814069822549,0.015503473034845882,16,8,0.2,2500,fast_ICA,iid,False,5
11,3,3001,28,280001,True,25,False,100,0.7031309834517886,0.0074895331636071205,0.040906351679844986,0.038881412587357264,0.06500408907435713,0.2577939566421932,0.966420292535133,0.016577840556800793,16,8,0.2,2500,fast_ICA,iid,False,5
11,6,6001,1,10001,True,21,False,100,0.6138569231537075,0.011462888214737177,0.05236717683214372,0.04883028906279056,0.09990885812534937,0.21084013468626908,0.9782798118513032,0.014828987823227644,16,8,0.2,2500,fast_ICA,iid,False,5
11,3,3001,20,200001,True,23,False,100,0.7062500169808623,0.008348767179995775,0.07297016677696043,0.06146307132914337,0.1588994651302007,0.33031114662096306,0.9456953094146575,0.015671041129442773,16,8,0.2,2500,fast_ICA,iid,False,5
10,9,9001,8,80001,True,25,False,100,0.6193674452698826,0.044026311952620745,0.06577219527523119,0.059286167758721045,0.13631128004553478,0.3330033508350738,0.9435288190809178,0.010435223535817615,16,8,0.2,2500,fast_ICA,iid,False,5
11,6,6001,20,200001,True,21,False,100,0.7062500169808623,0.010439814068377018,0.056453460690410566,0.051232159998122626,0.09513425178397085,0.3206420996191387,0.9481568477928015,0.01585118910933078,16,8,0.2,2500,fast_ICA,iid,False,5
11,5,5001,26,260001,True,26,False,100,0.7716616070204038,0.01936068804934621,0.04866263198125466,0.045293310567121846,0.07772146713963081,0.2563750401089096,0.9669265663730358,0.015271765247297111,16,8,0.2,2500,fast_ICA,iid,False,5
10,9,9001,15,150001,True,25,False,100,0.7147120926602737,0.043605965096503496,0.06261619597725297,0.05608487387144572,0.1295632809160628,0.29232141250692856,0.9563671550194118,0.010844362816458416,16,8,0.2,2500,fast_ICA,iid,False,5
11,4,4001,7,70001,True,18,False,100,0.677119999988192,0.008552726358175278,0.04544847678725786,0.040425057506341726,0.10749960316921055,0.23498852176991147,0.972782326905193,0.015447344084458456,16,8,0.2,2500,fast_ICA,iid,False,5
11,1,1001,20,200001,True,21,False,100,0.7062500169808623,0.0239076791331172,0.0942148814517684,0.07731082130725353,0.1790990645491687,0.34258461337428303,0.9425859208002179,0.015657698361760414,16,8,0.2,2500,fast_ICA,iid,False,5
11,5,5001,10,100001,True,24,False,100,0.8647650124797407,0.024940183386206627,0.04848844513159165,0.04480341677480551,0.08682215110974534,0.3069860095423029,0.9487938803860427,0.015382478799457274,16,8,0.2,2500,fast_ICA,iid,False,5
11,2,2001,2,20001,True,21,False,100,0.752995985496873,0.017500970046967268,0.04724706091454665,0.04384174701368902,0.08261697718142268,0.23171449822894274,0.9732463986686245,0.015380599140158753,16,8,0.2,2500,fast_ICA,iid,False,5
11,4,4001,11,110001,True,20,False,100,0.6693634786923396,0.005117837805300951,0.04665382414169602,0.04452731780324759,0.06932580491668873,0.21535363240145866,0.9770919404069186,0.015277711327964636,16,8,0.2,2500,fast_ICA,iid,False,5
11,3,3001,18,180001,True,20,False,100,0.5395448135757371,0.010842971969395876,0.05128576614745589,0.048670192859439396,0.08054482266633217,0.18415598587529566,0.9834691172963528,0.015530743201071357,16,8,0.2,2500,fast_ICA,iid,False,5
11,7,7001,10,100001,True,24,False,100,0.8647650124797407,0.006088401656597853,0.06171745943615063,0.05325859968439121,0.15572321409439943,0.31592965813014423,0.9469253906957837,0.015446429060132022,16,8,0.2,2500,fast_ICA,iid,False,5
11,1,1001,7,70001,True,24,False,100,0.677119999988192,0.05425511812791228,0.04310417574880086,0.038553531552724424,0.09884892307101141,0.22928708087748356,0.9738702738852865,0.015308801577855826,16,8,0.2,2500,fast_ICA,iid,False,5
11,1,1001,16,160001,True,27,False,100,0.7885122762720104,0.02553380886092782,0.0751006469755701,0.06229623218539877,0.16381667719625065,0.2539863925250334,0.9683238106461307,0.015214549809329498,16,8,0.2,2500,fast_ICA,iid,False,5
11,0,1,5,50001,True,23,False,100,0.6599062785256397,0.06303213303908706,0.05896102875964571,0.048754706185713786,0.15684384292280618,0.22799589338125242,0.9743110605672303,0.015049489234880727,16,8,0.2,2500,fast_ICA,iid,False,5
11,6,6001,25,250001,True,19,False,100,0.6607803516521449,0.01318172737956047,0.051086902897643664,0.046769683359116854,0.09323527072278187,0.2203469377786576,0.9772218798192869,0.016610245869631324,16,8,0.2,2500,fast_ICA,iid,False,5
10,9,9001,4,40001,True,26,False,100,0.4681067980112915,0.08033910300582647,0.061519408044338475,0.055143506906423057,0.11251388476289241,0.27394385729269993,0.9629690936176414,0.011837255853688698,16,8,0.2,2500,fast_ICA,iid,False,5
11,2,2001,7,70001,True,23,False,100,0.677119999988192,0.007842691149562597,0.04888566918743173,0.04116668120310377,0.13110742818653404,0.23482391452162799,0.972705239247348,0.0158871620750217,16,8,0.2,2500,fast_ICA,iid,False,5
11,6,6001,29,290001,True,21,False,100,0.6914004548551383,0.011503587011247873,0.05977598124588676,0.05161640711870757,0.12809612302990783,0.22161912232285091,0.9758479189712993,0.015994149637842944,16,8,0.2,2500,fast_ICA,iid,False,5
11,6,6001,23,230001,True,25,False,100,0.727631460756405,0.01636351691558957,0.0528324932130008,0.04819528103825644,0.09613662609759657,0.25950526389063333,0.966528671338353,0.015162723352149885,16,8,0.2,2500,fast_ICA,iid,False,5
11,7,7001,22,220001,True,24,False,100,0.6308333717011159,0.0053842561319470406,0.05927177229301896,0.0515787235420715,0.12345038880262392,0.21983084453159102,0.9774421953337571,0.015626043457847055,16,8,0.2,2500,fast_ICA,iid,False,5
10,7,7001,29,290001,True,35,False,100,0.6914004548551383,0.014977825805544853,0.07305683793320343,0.06644514992520348,0.12981660107578738,0.2510881917272348,0.9688064427466351,0.010805940996585287,16,8,0.2,2500,fast_ICA,iid,False,5
11,5,5001,29,290001,True,21,False,100,0.6914004548551383,0.02533859107643366,0.06085848028380152,0.05351112652369489,0.13502005558650498,0.22898640510961982,0.9745223259790734,0.015577421177202046,16,8,0.2,2500,fast_ICA,iid,False,5
11,4,4001,28,280001,True,20,False,100,0.7031309834517886,0.00634239986538887,0.048969394204107355,0.045482389306721716,0.0914925229163345,0.26178193343257605,0.9659654567475169,0.016220670611844082,16,8,0.2,2500,fast_ICA,iid,False,5
11,7,7001,9,90001,True,26,False,100,0.7013421804701714,0.008768694940954447,0.06520167612419511,0.05644805820976377,0.15708707395342764,0.246826195772688,0.9698614945214568,0.015427871291711245,16,8,0.2,2500,fast_ICA,iid,False,5
11,7,7001,3,30001,True,27,False,100,0.5133112942526691,0.012951468117535114,0.047849746407516,0.04406645622266309,0.08731913965306777,0.1903389763650355,0.9824160852966601,0.015540505440673785,16,8,0.2,2500,fast_ICA,iid,False,5
11,7,7001,0,1,True,22,False,100,0.8348343904675654,0.014421859290450811,0.05049853914353038,0.0461174279156517,0.08050347416522242,0.2600423819996345,0.9665772364531575,0.015413332006350084,16,8,0.2,2500,fast_ICA,iid,False,5
11,1,1001,28,280001,True,20,False,100,0.7031309834517886,0.01602562889456749,0.0435563684881039,0.04062636777032042,0.08796432358602375,0.2555827534831622,0.9673220880136538,0.016621114934194867,16,8,0.2,2500,fast_ICA,iid,False,5
10,9,9001,24,240001,True,31,False,100,0.7686727878434086,0.01470263721421361,0.06892784065279639,0.060203850651238164,0.14913235784461093,0.3012207208855358,0.9529288187178674,0.010604119137753427,16,8,0.2,2500,fast_ICA,iid,False,5
11,5,5001,17,170001,True,22,False,100,0.5846054416747306,0.00491920905187726,0.06312122365007554,0.055425902022644,0.15481261834995125,0.2563958660747578,0.96777514370145,0.015087749028800624,16,8,0.2,2500,fast_ICA,iid,False,5
11,6,6001,24,240001,True,22,False,100,0.7686727878434086,0.019003970082849264,0.059599203397081725,0.05322801780596688,0.1076412393626319,0.3325578495995737,0.9435049233384116,0.015370420735676606,16,8,0.2,2500,fast_ICA,iid,False,5
11,2,2001,22,220001,True,22,False,100,0.6308333717011159,0.011016760021448135,0.04473309184591877,0.04185843235801134,0.07174443691017555,0.20653090895313547,0.9791642685262258,0.01561779401039331,16,8,0.2,2500,fast_ICA,iid,False,5
11,2,2001,24,240001,True,23,False,100,0.7686727878434086,0.006653218995779753,0.05089452671582822,0.04585855695977676,0.09820178136658222,0.3156855296569695,0.9491819509112227,0.014947299637536878,16,8,0.2,2500,fast_ICA,iid,False,5
11,6,6001,28,280001,True,18,False,100,0.7031309834517886,0.015813869889825583,0.04497923740063615,0.04180954549042126,0.07808868262332594,0.2521666919216234,0.9680404428547854,0.016540606468984788,16,8,0.2,2500,fast_ICA,iid,False,5
11,7,7001,12,120001,True,29,False,100,0.5855563258999412,0.01295529818162322,0.06461255700183308,0.054500861566911585,0.16235067614534754,0.31781294106264973,0.94611072152732,0.015420889851734603,16,8,0.2,2500,fast_ICA,iid,False,5
11,3,3001,12,120001,True,29,False,100,0.5855563258999412,0.01912265969440341,0.062208555859356404,0.05374064735642056,0.12256663204615331,0.32386403800326896,0.9437247659601166,0.015182891590044174,16,8,0.2,2500,fast_ICA,iid,False,5
11,6,6001,13,130001,True,22,False,100,0.7263247233923933,0.02312553394585848,0.0549997301799196,0.052614493223192636,0.08608726047293377,0.2172252898090193,0.9766773512087081,0.01597089815149117,16,8,0.2,2500,fast_ICA,iid,False,5
11,1,1001,3,30001,True,23,False,100,0.5133112942526691,0.008221748284995556,0.04613432930634962,0.04331239076257053,0.07754606764049611,0.18498202642217793,0.983298748831344,0.01538425814704762,16,8,0.2,2500,fast_ICA,iid,False,5
11,6,6001,2,20001,True,19,False,100,0.752995985496873,0.005372106097638607,0.04754061753904777,0.04324289398399644,0.10267873929203071,0.23545594760805305,0.9725428576208606,0.01563213937740768,16,8,0.2,2500,fast_ICA,iid,False,5
11,6,6001,12,120001,True,21,False,100,0.5855563258999412,0.02385860914364457,0.06756669361166982,0.05762925796624325,0.16818522914633152,0.3226032298441068,0.9469291032659655,0.015352277062738062,16,8,0.2,2500,fast_ICA,iid,False,5
11,3,3001,3,30001,True,27,False,100,0.5133112942526691,0.012856808956712484,0.046273067861719856,0.04250133507961488,0.07933830125206111,0.18576494752126038,0.9832567478454447,0.015613717836944005,16,8,0.2,2500,fast_ICA,iid,False,5
11,7,7001,13,130001,True,23,False,100,0.7263247233923933,0.014387039002031088,0.048307249799845436,0.046642997138244116,0.06204656189562274,0.2122403965968836,0.977730099766689,0.015649418620265466,16,8,0.2,2500,fast_ICA,iid,False,5
11,0,1,14,140001,True,19,False,100,0.6416038996530667,0.02653097314760089,0.042759497015816425,0.039391635156033056,0.0787011713430714,0.20303014975601608,0.9801459617113641,0.015816684229669403,16,8,0.2,2500,fast_ICA,iid,False,5
11,8,8001,17,170001,True,21,False,100,0.5846054416747306,0.005544854793697596,0.06679952881864157,0.061615219940353384,0.10914992682964948,0.25794425575324015,0.967418350653991,0.014939189049850737,16,8,0.2,2500,fast_ICA,iid,False,5
11,5,5001,25,250001,True,24,False,100,0.6607803516521449,0.006239081267267466,0.06483685512951773,0.055744800309368174,0.1497669855066979,0.22554528405616941,0.9757509732846238,0.01707243611591359,16,8,0.2,2500,fast_ICA,iid,False,5
11,7,7001,8,80001,True,27,False,100,0.6193674452698826,0.018160755280405283,0.056966887910394594,0.04769810480694328,0.1385449799269973,0.27681489314832064,0.9609452175379396,0.015059158194639821,16,8,0.2,2500,fast_ICA,iid,False,5
11,8,8001,26,260001,True,20,False,100,0.7716616070204038,0.019097980111837387,0.05855786557572914,0.05096051461769591,0.13227161958513545,0.2651795200862773,0.9648072035230004,0.015772032036401647,16,8,0.2,2500,fast_ICA,iid,False,5
11,1,1001,10,100001,True,22,False,100,0.8647650124797407,0.021500933915376663,0.05440241580634397,0.047616116104726325,0.12827899818800262,0.3068445134465598,0.9511314791525269,0.015315391863117162,16,8,0.2,2500,fast_ICA,iid,False,5
11,8,8001,27,270001,True,19,False,100,0.45962825692318054,0.018995919730514288,0.04373182756193771,0.041341204208416,0.06649134492346907,0.19098399973164537,0.9821830491957348,0.01541267344313092,16,8,0.2,2500,fast_ICA,iid,False,5
11,2,2001,20,200001,True,20,False,100,0.7062500169808623,0.012545020785182714,0.07763011102874684,0.06561637305842058,0.1736876562396551,0.33690391954266513,0.9433695548587174,0.016017384707196058,16,8,0.2,2500,fast_ICA,iid,False,5
11,9,9001,3,30001,True,20,False,100,0.5133112942526691,0.01853734301403165,0.0480825898088329,0.04443479691248764,0.0866542330755491,0.1869298737874612,0.98297120809649,0.015489763532379186,16,8,0.2,2500,fast_ICA,iid,False,5
11,4,4001,6,60001,True,20,False,100,0.7374488647673002,0.024225017987191677,0.04674315881869229,0.0446748163543471,0.06973769424114229,0.20711848492252694,0.9786953093288456,0.01455546231667384,16,8,0.2,2500,fast_ICA,iid,False,5
10,9,9001,2,20001,True,33,False,100,0.752995985496873,0.03147339075803757,0.062449682930243146,0.05625354413555582,0.10280339283890035,0.31907659936899924,0.9489883579077197,0.010905288404849677,16,8,0.2,2500,fast_ICA,iid,False,5
11,3,3001,22,220001,True,21,False,100,0.6308333717011159,0.08671624306589365,0.06134481122214005,0.05246432436620839,0.14391074434756165,0.2212009555302754,0.9770850953535634,0.015866860803866192,16,8,0.2,2500,fast_ICA,iid,False,5
11,3,3001,11,110001,True,22,False,100,0.6693634786923396,0.007502403110265732,0.04962516805897836,0.04759365862533714,0.07471994102904422,0.21831782146369338,0.9764909288158888,0.015523074090386668,16,8,0.2,2500,fast_ICA,iid,False,5
11,9,9001,10,100001,True,18,False,100,0.8647650124797407,0.017983037047088146,0.056323293982007826,0.051989126601856145,0.09539139230775968,0.31210088131784375,0.9489742741876718,0.01556064138419826,16,8,0.2,2500,fast_ICA,iid,False,5
11,8,8001,15,150001,True,25,False,100,0.7147120926602737,0.025826997123658657,0.04919779933669066,0.04503689807606503,0.09785290084996265,0.2632716528435453,0.9658358765562266,0.015938220856532587,16,8,0.2,2500,fast_ICA,iid,False,5
11,0,1,22,220001,True,20,False,100,0.6308333717011159,0.012751770205795765,0.052416761140042324,0.04725735829770591,0.09122178039254825,0.21341384747717512,0.9787300758616432,0.015204293016754014,16,8,0.2,2500,fast_ICA,iid,False,5
11,7,7001,23,230001,True,18,False,100,0.727631460756405,0.029250935651361942,0.05086729044063593,0.04606886194681757,0.09156124467140671,0.25824765669282185,0.9669898160218116,0.015198535956187033,16,8,0.2,2500,fast_ICA,iid,False,5
11,3,3001,9,90001,True,22,False,100,0.7013421804701714,0.006185730919241905,0.06435211934111015,0.0552724751751401,0.135658406335077,0.2545963493688861,0.9680086698321059,0.01565007810715749,16,8,0.2,2500,fast_ICA,iid,False,5
11,3,3001,17,170001,True,23,False,100,0.5846054416747306,0.008325458038598299,0.05551960311125331,0.053302839695964395,0.08400345177002673,0.24697653762284708,0.9698555906748745,0.014935067097747275,16,8,0.2,2500,fast_ICA,iid,False,5
11,8,8001,24,240001,True,24,False,100,0.7686727878434086,0.031246633268892765,0.05464832296636264,0.04970380487103096,0.09391887750387903,0.3190783311116431,0.9471083271445428,0.015474219678490237,16,8,0.2,2500,fast_ICA,iid,False,5
11,9,9001,21,210001,True,22,False,100,0.677706853847504,0.012331121601164341,0.06747483283521932,0.05736933376693354,0.14292083522695684,0.31642908103622447,0.9492579985425593,0.01496686467985588,16,8,0.2,2500,fast_ICA,iid,False,5
11,0,1,28,280001,True,22,False,100,0.7031309834517886,0.027097568847239017,0.04083372342921819,0.038185487035860034,0.07357153746812865,0.25327949054487864,0.9676690914055988,0.0158827140155772,16,8,0.2,2500,fast_ICA,iid,False,5
11,9,9001,20,200001,True,24,False,100,0.7062500169808623,0.012973918113857508,0.05687392999834103,0.05111136524346384,0.0934290083921963,0.32367917873625995,0.9480277484426637,0.015511054908068306,16,8,0.2,2500,fast_ICA,iid,False,5
11,4,4001,2,20001,True,22,False,100,0.752995985496873,0.05088378908112645,0.048020060611945733,0.043731094714739294,0.08548802797861982,0.23028880623478631,0.9735225571538095,0.01575199907678243,16,8,0.2,2500,fast_ICA,iid,False,5
11,1,1001,25,250001,True,23,False,100,0.6607803516521449,0.022814695723354816,0.060180200777720426,0.05337025144576009,0.11202290578479895,0.2265133459077145,0.9760876488672219,0.016611006028717023,16,8,0.2,2500,fast_ICA,iid,False,5
11,9,9001,0,1,True,22,False,100,0.8348343904675654,0.04891139222308993,0.05355557113841293,0.04897159297549224,0.09623365054608096,0.2648171243421749,0.9653778025548462,0.014919919373286496,16,8,0.2,2500,fast_ICA,iid,False,5
12,0,1,7,70001,True,18,False,100,0.5334458004261775,0.011902875266969204,0.036122060613842204,0.03371620819195667,0.0555172196638508,0.1900898811480203,0.9824977067153235,0.020507365825696438,16,8,0.2,2500,fast_ICA,iid,False,5
11,6,6001,17,170001,True,20,False,100,0.5846054416747306,0.005092178005725145,0.05478632134524666,0.05226345233777837,0.08574256186094677,0.24806991635567838,0.9697651168943187,0.015561988147086083,16,8,0.2,2500,fast_ICA,iid,False,5
10,8,8001,27,270001,True,27,False,100,0.5545755257423425,0.0794544480741024,0.051332734669493146,0.04976596239499594,0.07382843028029794,0.20354482273275606,0.9796549025078436,0.010842730881496445,16,8,0.2,2500,fast_ICA,iid,False,5
10,9,9001,17,170001,True,25,False,100,0.7170677399879132,0.025969216134399176,0.07834082986557492,0.06788739487927895,0.19494421454571154,0.3535543873638371,0.937436158492599,0.010447110719105061,16,8,0.2,2500,fast_ICA,iid,False,5
11,6,6001,21,210001,True,20,False,100,0.677706853847504,0.07454602001234889,0.06474499660821394,0.05573785029492329,0.13002618565647484,0.3081527388413411,0.9505711532682696,0.014968000127291199,16,8,0.2,2500,fast_ICA,iid,False,5
11,7,7001,25,250001,True,20,False,100,0.6607803516521449,0.009588579181581736,0.03912639849824306,0.03669941479760942,0.06157372029747374,0.2033882580555509,0.9800354980489778,0.016655802235871833,16,8,0.2,2500,fast_ICA,iid,False,5
11,1,1001,22,220001,True,25,False,100,0.6308333717011159,0.010810322128236294,0.050543141841576045,0.04589293918297441,0.09868668443271052,0.20818657557392783,0.9791822079566994,0.015576705647918207,16,8,0.2,2500,fast_ICA,iid,False,5
12,0,1,4,40001,True,19,False,100,0.4681067980112915,0.018368443939834833,0.036377065480200185,0.033432050770010546,0.059507496175985844,0.18496712157511785,0.9838592537670489,0.021107203420430088,16,8,0.2,2500,fast_ICA,iid,False,5
11,8,8001,23,230001,True,20,False,100,0.727631460756405,0.008348566945642233,0.052344452680857426,0.046573485488385996,0.09500659515535179,0.25758651964544566,0.9673172983932984,0.015585535807456995,16,8,0.2,2500,fast_ICA,iid,False,5
11,5,5001,12,120001,True,27,False,100,0.5855563258999412,0.029431783594191074,0.09212010620195735,0.06880865875832923,0.2584557772668436,0.35347381616927515,0.9379321629042024,0.015132519121525984,16,8,0.2,2500,fast_ICA,iid,False,5
11,5,5001,13,130001,True,27,False,100,0.7263247233923933,0.010931842029094696,0.04640772860540057,0.04538319348555693,0.05926130996889878,0.21114593065066983,0.9781325858786373,0.015324812607093225,16,8,0.2,2500,fast_ICA,iid,False,5
12,0,1,5,50001,True,18,False,100,0.5820534431407173,0.019854194950312376,0.032647434234275984,0.029954011725894902,0.06947278417520494,0.19275966275070483,0.9814929563004684,0.020083208890895564,16,8,0.2,2500,fast_ICA,iid,False,5
11,9,9001,8,80001,True,23,False,100,0.6193674452698826,0.006102331914007664,0.0412909873325265,0.03982862167184774,0.062044272572417486,0.27141597464042444,0.961956341932304,0.015208530660654997,16,8,0.2,2500,fast_ICA,iid,False,5
12,0,1,9,90001,True,19,False,100,0.7013421804701714,0.008391456678509712,0.05802604077900874,0.04829796064934317,0.12502595727603485,0.24734203859791962,0.9694391886860094,0.02038906488150086,16,8,0.2,2500,fast_ICA,iid,False,5
11,6,6001,27,270001,True,21,False,100,0.45962825692318054,0.029546873178333044,0.043568799382971514,0.04178701843879414,0.060028445226363115,0.1895954109586567,0.9826019806186782,0.015388490427059826,16,8,0.2,2500,fast_ICA,iid,False,5
11,7,7001,16,160001,True,23,False,100,0.7885122762720104,0.023759320378303528,0.05600205188002306,0.04992220490855724,0.11086397092470783,0.24132594501203392,0.9710982569764756,0.015802229574924873,16,8,0.2,2500,fast_ICA,iid,False,5
11,5,5001,22,220001,True,22,False,100,0.6308333717011159,0.02421318693086505,0.0477609333486261,0.04429575681649274,0.08896071925639465,0.20893984909331267,0.9790244994882702,0.014809837461792978,16,8,0.2,2500,fast_ICA,iid,False,5
11,9,9001,1,10001,True,18,False,100,0.6138569231537075,0.010851780883967876,0.040602776691531145,0.03749277968694793,0.06260391349748441,0.2041514748318649,0.979473948506935,0.015343406666885974,16,8,0.2,2500,fast_ICA,iid,False,5
11,7,7001,6,60001,True,25,False,100,0.7374488647673002,0.028860867954790592,0.05086317867332908,0.04815266923139775,0.07091794831223516,0.207942558571463,0.9782274213049538,0.014985376003473237,16,8,0.2,2500,fast_ICA,iid,False,5
12,0,1,14,140001,True,16,False,100,0.6416038996530667,0.009012372698634863,0.03315493926334546,0.03076737057181371,0.0652606515899557,0.18859564485450842,0.9825743186371013,0.020711961846793928,16,8,0.2,2500,fast_ICA,iid,False,5
11,6,6001,11,110001,True,26,False,100,0.6693634786923396,0.03112471429631114,0.051922507219573796,0.04975286271313075,0.0749366927784525,0.2219241339857053,0.9756759674247686,0.015291398204638014,16,8,0.2,2500,fast_ICA,iid,False,5
11,8,8001,14,140001,True,23,False,100,0.6416038996530667,0.019211988896131516,0.04194957653953827,0.038181452092477156,0.07688531716801418,0.2036782280584694,0.9800815640250065,0.015811837529514684,16,8,0.2,2500,fast_ICA,iid,False,5
11,8,8001,5,50001,True,20,False,100,0.6599062785256397,0.0644514630548656,0.06959304584024417,0.05416263093887662,0.18038584078395542,0.23528840637260573,0.9726361308945692,0.014913975584872221,16,8,0.2,2500,fast_ICA,iid,False,5
11,8,8001,22,220001,True,22,False,100,0.6308333717011159,0.01684719417244196,0.04699314969986848,0.04297366237808803,0.08314270537411289,0.20698692885902328,0.9791497906133582,0.01523374735549632,16,8,0.2,2500,fast_ICA,iid,False,5
11,9,9001,11,110001,True,21,False,100,0.6693634786923396,0.011412086896598339,0.048012575261851785,0.04654097105398748,0.06991112168543157,0.21447751315779903,0.977213737158019,0.014718075208216837,16,8,0.2,2500,fast_ICA,iid,False,5
12,1,1001,2,20001,True,16,False,100,0.752995985496873,0.008734605275094509,0.03891302410993359,0.0376474377675422,0.05627921401473608,0.20456046925873395,0.9798677937209673,0.020225882202233834,16,8,0.2,2500,fast_ICA,iid,False,5
11,8,8001,2,20001,True,28,False,100,0.752995985496873,0.023200582712888718,0.052148626435102305,0.04649740146121209,0.11116216499986269,0.23183574159086612,0.9730831257963143,0.01588825617863542,16,8,0.2,2500,fast_ICA,iid,False,5
12,1,1001,5,50001,True,14,False,100,0.5820534431407173,0.008516916073858738,0.03254850169280638,0.02989889560506913,0.062081644325324425,0.196193344059132,0.9809631282350197,0.019933765824189324,16,8,0.2,2500,fast_ICA,iid,False,5
11,8,8001,20,200001,True,26,False,100,0.7062500169808623,0.019571537151932716,0.05670339278661302,0.05072119469132846,0.11279662563999142,0.3227058632420985,0.9474564796338681,0.015363688723286396,16,8,0.2,2500,fast_ICA,iid,False,5
12,0,1,18,180001,True,18,False,100,0.5395448135757371,0.016457736026495695,0.04843717038712177,0.04535062011233888,0.07834538597548373,0.1814881434051977,0.9839123701876685,0.02050307662548276,16,8,0.2,2500,fast_ICA,iid,False,5
11,8,8001,16,160001,True,21,False,100,0.7885122762720104,0.01868763193488121,0.043167221426208296,0.040207623568235755,0.07475282280312485,0.2292649796135931,0.9739837701027314,0.015884803008415153,16,8,0.2,2500,fast_ICA,iid,False,5
12,0,1,24,240001,True,17,False,100,0.7686727878434086,0.020515959709882736,0.0504006062209663,0.04404053819261943,0.10440560002389415,0.29687786038514924,0.9566526132099962,0.020354026991911522,16,8,0.2,2500,fast_ICA,iid,False,5
11,8,8001,0,1,True,22,False,100,0.8348343904675654,0.020757648162543774,0.05604199556084778,0.05071450322744172,0.09346113777905965,0.2571451462867341,0.9672400509590933,0.015217487550379213,16,8,0.2,2500,fast_ICA,iid,False,5
11,7,7001,20,200001,True,19,False,100,0.7062500169808623,0.02946191420778632,0.08209996239796712,0.06817219683036951,0.1969668985557228,0.3327247245492476,0.9448484663816515,0.0155614588454267,16,8,0.2,2500,fast_ICA,iid,False,5
11,5,5001,7,70001,True,18,False,100,0.677119999988192,0.1165170050226152,0.04117414750408979,0.03722295247865952,0.08932631109980195,0.229790519448085,0.9737977992292443,0.015435935807557805,16,8,0.2,2500,fast_ICA,iid,False,5
12,1,1001,9,90001,True,16,False,100,0.7013421804701714,0.006141581106930971,0.05698349894144462,0.048739224156753025,0.12288713502484289,0.2610375277066837,0.9665289865325,0.020689929207817787,16,8,0.2,2500,fast_ICA,iid,False,5
10,9,9001,20,200001,True,26,False,100,0.7062500169808623,0.0071174451150000095,0.07166253470586201,0.06315738668739197,0.13748256966074915,0.31904935741513535,0.9470791110080753,0.01051703782311295,16,8,0.2,2500,fast_ICA,iid,False,5
12,0,1,29,290001,True,15,False,100,0.6914004548551383,0.012774150352925062,0.051747357672859456,0.04554869931970555,0.11922557261291677,0.21944034608543755,0.9764623468782222,0.020538420895749594,16,8,0.2,2500,fast_ICA,iid,False,5
11,8,8001,4,40001,True,19,False,100,0.4681067980112915,0.03090371610596776,0.04796045438627429,0.04262576915624496,0.08270228618772144,0.20284343622664802,0.9803564349428895,0.016501700108545434,16,8,0.2,2500,fast_ICA,iid,False,5
12,0,1,28,280001,True,14,False,100,0.4012080304642241,0.02011424396187067,0.035511992442760966,0.03465556922921356,0.04655145026856771,0.18917471856250745,0.9826464919787419,0.021297697954977338,16,8,0.2,2500,fast_ICA,iid,False,5
11,3,3001,4,40001,True,20,False,100,0.4681067980112915,0.018915920983999968,0.04527864382843858,0.04120354052679091,0.07752735250323503,0.20361051670563027,0.980232376436582,0.016883796077598365,16,8,0.2,2500,fast_ICA,iid,False,5
11,8,8001,28,280001,True,20,False,100,0.7031309834517886,0.017023281659930944,0.04672886248662698,0.04238912575686169,0.10633886592388628,0.2550047176644974,0.9676663685175463,0.016434673271906935,16,8,0.2,2500,fast_ICA,iid,False,5
11,7,7001,11,110001,True,20,False,100,0.6693634786923396,0.020525560714304447,0.04900825979612791,0.046771240024660043,0.0766194647057805,0.2209071557356,0.975891816714368,0.01516605407463387,16,8,0.2,2500,fast_ICA,iid,False,5
11,6,6001,6,60001,True,18,False,100,0.7374488647673002,0.004850368946790695,0.04761996421965781,0.04527623063607278,0.06735894880486418,0.2042812266671364,0.9791452849642482,0.01539484043316051,16,8,0.2,2500,fast_ICA,iid,False,5
11,0,1,15,150001,True,19,False,100,0.7147120926602737,0.023016284685581923,0.04906465218591951,0.043910899095855924,0.10895348288959358,0.25582845987916486,0.9666830841593752,0.016092628814578295,16,8,0.2,2500,fast_ICA,iid,False,5
12,0,1,15,150001,True,14,False,100,0.7147120926602737,0.031275692861527205,0.04297337555280657,0.037173095632989976,0.09185947215560229,0.20468679389433622,0.979435677514942,0.02102328715137847,16,8,0.2,2500,fast_ICA,iid,False,5
11,7,7001,26,260001,True,29,False,100,0.7716616070204038,0.01771249808371067,0.05436532470156381,0.05046096276409138,0.09400292629434825,0.26976135298100995,0.9641335330629092,0.014575336991668112,16,8,0.2,2500,fast_ICA,iid,False,5
11,6,6001,16,160001,True,23,False,100,0.7885122762720104,0.048441153950989246,0.06405557851318897,0.05545398015475408,0.14163948202260002,0.24552680871544888,0.9703681024990984,0.015837676886707532,16,8,0.2,2500,fast_ICA,iid,False,5
12,0,1,17,170001,True,15,False,100,0.5485240976095819,0.02478554379194975,0.04491923410284205,0.04301943355421421,0.06372793602430404,0.24630188143395243,0.9704624579239278,0.020310962302892727,16,8,0.2,2500,fast_ICA,iid,False,5
12,1,1001,21,210001,True,15,False,100,0.4766944386477647,0.005985811818391085,0.039383273633363955,0.037883557809828945,0.05785370070501623,0.173766796354374,0.9852273174653325,0.020268773976811566,16,8,0.2,2500,fast_ICA,iid,False,5
11,7,7001,19,190001,True,25,False,100,0.7294159637664959,0.014139911159873009,0.04573583645018161,0.04278824656394721,0.0782373616037011,0.2531144079982234,0.9687307199776575,0.015356479787263191,16,8,0.2,2500,fast_ICA,iid,False,5
11,8,8001,3,30001,True,19,False,100,0.5133112942526691,0.024975341744720936,0.0543503384532607,0.04837046350182204,0.12516738850137932,0.1896835792475688,0.9826169188631402,0.015209691829116257,16,8,0.2,2500,fast_ICA,iid,False,5
11,7,7001,28,280001,True,20,False,100,0.7031309834517886,0.006078200880438089,0.03966494589168252,0.037049208395526737,0.07011457605743994,0.25473097833208863,0.9675401338401827,0.016766706235937023,16,8,0.2,2500,fast_ICA,iid,False,5
11,8,8001,19,190001,True,22,False,100,0.7294159637664959,0.02753119682893157,0.044065962498208745,0.04119001398274212,0.06671100624194554,0.2595357807837036,0.9671431348618575,0.015744578588375968,16,8,0.2,2500,fast_ICA,iid,False,5
11,9,9001,24,240001,True,22,False,100,0.7686727878434086,0.005822723265737295,0.05782935803277247,0.050857216502147,0.11666395536004237,0.32286642935850196,0.9466467886806319,0.015141953339484945,16,8,0.2,2500,fast_ICA,iid,False,5
12,1,1001,4,40001,True,17,False,100,0.4681067980112915,0.010472503956407309,0.0357106011245643,0.03267690807751905,0.05792409072410036,0.1850926775217028,0.9838521745455822,0.02121213123124782,16,8,0.2,2500,fast_ICA,iid,False,5
12,1,1001,12,120001,True,15,False,100,0.5855563258999412,0.011547727044671774,0.04348350496697494,0.0389278073126352,0.09192649097826515,0.22579127801399412,0.9743576047079305,0.020325919825556166,16,8,0.2,2500,fast_ICA,iid,False,5
12,1,1001,20,200001,True,22,False,100,0.7062500169808623,0.00991830788552761,0.06996706510698635,0.052927409996510306,0.17866374416909,0.2590147682104448,0.9672734075099316,0.02073570835672437,16,8,0.2,2500,fast_ICA,iid,False,5
11,9,9001,4,40001,True,22,False,100,0.4681067980112915,0.024076208006590605,0.04822080092725833,0.0434256556420064,0.09389935119068114,0.2041386104652118,0.9800472469081942,0.01594876115920167,16,8,0.2,2500,fast_ICA,iid,False,5
11,9,9001,13,130001,True,20,False,100,0.7263247233923933,0.022357839159667492,0.046510032551651995,0.04495795269696305,0.06562400979938716,0.2107146338175085,0.9781072873471851,0.015463674792746815,16,8,0.2,2500,fast_ICA,iid,False,5
12,0,1,21,210001,True,15,False,100,0.4766944386477647,0.026435294188559055,0.04525109160302191,0.0431668358756962,0.07302752416340448,0.17821941484284917,0.984503867299452,0.01990743693322995,16,8,0.2,2500,fast_ICA,iid,False,5
11,8,8001,25,250001,True,20,False,100,0.6607803516521449,0.030633557122200727,0.0646554874364795,0.05539024561872759,0.1321546597260976,0.22610667596091552,0.9765486902852507,0.01686491387480169,16,8,0.2,2500,fast_ICA,iid,False,5
11,9,9001,22,220001,True,22,False,100,0.6308333717011159,0.010029416996985674,0.04568225465897342,0.04198917980753783,0.08416073266460508,0.20670045904500758,0.9793058153664322,0.015838993521050424,16,8,0.2,2500,fast_ICA,iid,False,5
11,7,7001,14,140001,True,22,False,100,0.6416038996530667,0.09874024707823992,0.04208516177258341,0.03840797923152484,0.08106253541608492,0.20375026470180319,0.9798356148005446,0.015487256435857738,16,8,0.2,2500,fast_ICA,iid,False,5
12,1,1001,29,290001,True,26,False,100,0.6914004548551383,0.005811053793877363,0.04537080928538637,0.04164500804955151,0.08917132829176445,0.20962955780040557,0.9785677597541753,0.02009489294696935,16,8,0.2,2500,fast_ICA,iid,False,5
11,9,9001,16,160001,True,25,False,100,0.7885122762720104,0.014240350108593702,0.054625598590591906,0.04945721000464788,0.10310614934096164,0.23590035183881705,0.9723249706917656,0.016347365469501732,16,8,0.2,2500,fast_ICA,iid,False,5
11,6,6001,4,40001,True,16,False,100,0.4681067980112915,0.04854424390941858,0.05061057560672027,0.04493838568648982,0.09347781339497485,0.20988991230413806,0.9791214379326636,0.015735496652085554,16,8,0.2,2500,fast_ICA,iid,False,5
12,1,1001,3,30001,True,16,False,100,0.4092424370994923,0.02807506313547492,0.047586788061989536,0.041930929000932156,0.10128854469011447,0.18557636557805346,0.9832174307780988,0.02025773397394484,16,8,0.2,2500,fast_ICA,iid,False,5
11,9,9001,15,150001,True,19,False,100,0.7147120926602737,0.02714469889178872,0.048161840469819556,0.04345019050655614,0.09160414021612058,0.2655701870898015,0.9651973643561755,0.016170549534516864,16,8,0.2,2500,fast_ICA,iid,False,5
11,9,9001,14,140001,True,20,False,100,0.6416038996530667,0.02559389779344201,0.04214316802545585,0.03862131489339062,0.0852844868519666,0.20309793649558222,0.9799285418531388,0.015348923475124072,16,8,0.2,2500,fast_ICA,iid,False,5
11,7,7001,21,210001,True,24,False,100,0.677706853847504,0.04251097189262509,0.0596610185961485,0.0517356308588698,0.12541844895346602,0.3156321293362909,0.947634788635038,0.015410745741426294,16,8,0.2,2500,fast_ICA,iid,False,5
12,0,1,12,120001,True,19,False,100,0.5855563258999412,0.04739451128989458,0.051981420866842105,0.04533762134360114,0.0998181959769815,0.23189023593085908,0.973061735412005,0.020867714215088966,16,8,0.2,2500,fast_ICA,iid,False,5
11,5,5001,18,180001,True,21,False,100,0.5395448135757371,0.018687072210013866,0.046501410964210024,0.04297925890084878,0.08599704972032424,0.18044771121916742,0.9839835561586618,0.01540587549449991,16,8,0.2,2500,fast_ICA,iid,False,5
12,1,1001,8,80001,True,15,False,100,0.6193674452698826,0.014459639322012663,0.036313046641943666,0.03448041515872634,0.060011028456082395,0.24876894512135608,0.9687321780416004,0.020309302227271456,16,8,0.2,2500,fast_ICA,iid,False,5
11,7,7001,29,290001,True,23,False,100,0.6914004548551383,0.03464371105656028,0.05828870652291209,0.05202828997816331,0.11396425930889356,0.22513053013792578,0.9754021555742085,0.015043546196522477,16,8,0.2,2500,fast_ICA,iid,False,5
11,9,9001,28,280001,True,21,False,100,0.7031309834517886,0.007643660996109247,0.04954282111142253,0.04478891064996807,0.08806933283062147,0.2586225804581179,0.9663373816720217,0.016418422773735973,16,8,0.2,2500,fast_ICA,iid,False,5
12,2,2001,14,140001,True,14,False,100,0.6416038996530667,0.00541400583460927,0.037513413552858296,0.034209519250026965,0.06698492513310882,0.18987544153225397,0.9824266351520132,0.02053100735429986,16,8,0.2,2500,fast_ICA,iid,False,5
12,0,1,1,10001,True,15,False,100,0.4662098547348733,0.010928710922598839,0.04064986811067703,0.036824225968303426,0.06700849046417719,0.18852476082851224,0.9825982339075868,0.02050569885167586,16,8,0.2,2500,fast_ICA,iid,False,5
12,1,1001,6,60001,True,20,False,100,0.3228980780207975,0.02811292326077819,0.042258649918109216,0.03924358670049291,0.07274681784172173,0.17590620795542625,0.9847332471730612,0.020384471586964752,16,8,0.2,2500,fast_ICA,iid,False,5
11,5,5001,2,20001,True,20,False,100,0.752995985496873,0.0809082300402224,0.0479422215635362,0.04354195247784355,0.09039065992586272,0.23189277120777424,0.9733208123360004,0.015610800564462665,16,8,0.2,2500,fast_ICA,iid,False,5
11,9,9001,9,90001,True,18,False,100,0.7013421804701714,0.035988292656838894,0.05409515286351127,0.0474040041461698,0.12255394105972964,0.23713201006753862,0.9711474267233509,0.015174107245424449,16,8,0.2,2500,fast_ICA,iid,False,5
11,9,9001,19,190001,True,20,False,100,0.7294159637664959,0.019025089219212532,0.04860560254047984,0.04603656237900698,0.08470604444211319,0.2581572317983971,0.9676796815488095,0.015499652143740406,16,8,0.2,2500,fast_ICA,iid,False,5
11,5,5001,8,80001,True,24,False,100,0.6193674452698826,0.13823533803224564,0.05588348477429953,0.047667881845165766,0.12986894971751123,0.2810085921916582,0.9600932947132043,0.015144554923468464,16,8,0.2,2500,fast_ICA,iid,False,5
11,4,4001,27,270001,True,20,False,100,0.45962825692318054,0.1437764228321612,0.04937230267267099,0.04587630408017286,0.07951297447046465,0.19458141119395003,0.9815241697665036,0.015225397715739919,16,8,0.2,2500,fast_ICA,iid,False,5
12,2,2001,22,220001,True,17,False,100,0.6308333717011159,0.005590913817286491,0.0418166725951626,0.03901138122149238,0.07124525737056887,0.20708914458510122,0.9791234726034295,0.02019330891492979,16,8,0.2,2500,fast_ICA,iid,False,5
11,7,7001,2,20001,True,27,False,100,0.752995985496873,0.01928347907960415,0.05253142502688906,0.04677932284692755,0.1132776040138001,0.23627022005843434,0.9726595851725021,0.015162744635626552,16,8,0.2,2500,fast_ICA,iid,False,5
12,0,1,2,20001,True,16,False,100,0.752995985496873,0.009523579850792885,0.040127593034681386,0.03767670703446861,0.07142046330488248,0.20743204226214562,0.9792008219584792,0.020918555294554147,16,8,0.2,2500,fast_ICA,iid,False,5
11,7,7001,1,10001,True,25,False,100,0.6138569231537075,0.02014342276379466,0.047428252159726396,0.04547424185295851,0.0688505956125854,0.20931723753923676,0.978608366031542,0.015017051300631735,16,8,0.2,2500,fast_ICA,iid,False,5
11,8,8001,9,90001,True,23,False,100,0.7013421804701714,0.011955094989389181,0.05150248985533772,0.046493436886084094,0.1126072125083829,0.23493205576954188,0.9714106074772861,0.0154889082209715,16,8,0.2,2500,fast_ICA,iid,False,5
12,1,1001,18,180001,True,18,False,100,0.5395448135757371,0.021091376896947622,0.04373483782846379,0.04173828658420581,0.06713213310531813,0.17872081409037155,0.9843489505579316,0.020348484522596664,16,8,0.2,2500,fast_ICA,iid,False,5
11,6,6001,0,1,True,23,False,100,0.8348343904675654,0.04335068678483367,0.04806687807598664,0.044335838526676,0.08656086353354346,0.25588967972113696,0.9671918834189736,0.014990007937739611,16,8,0.2,2500,fast_ICA,iid,False,5
12,2,2001,28,280001,True,15,False,100,0.4012080304642241,0.005386375822126865,0.031714379626559625,0.03082321013622065,0.045140097745689965,0.18524486391032058,0.9834396308475917,0.020622667386172286,16,8,0.2,2500,fast_ICA,iid,False,5
11,3,3001,7,70001,True,21,False,100,0.677119999988192,0.09039208991453052,0.04774402390560667,0.04152111895670487,0.11551774143343074,0.2324804669935343,0.9734860943883042,0.01574500924210599,16,8,0.2,2500,fast_ICA,iid,False,5
11,7,7001,18,180001,True,20,False,100,0.5395448135757371,0.01917560864239931,0.049225299365096016,0.04601155433577957,0.08783438712212771,0.1838755533579483,0.9834968997682797,0.015478210949706021,16,8,0.2,2500,fast_ICA,iid,False,5
12,1,1001,15,150001,True,13,False,100,0.7147120926602737,0.02482135407626629,0.041776978831643885,0.038116765234524834,0.08428857175284808,0.20615953464948128,0.9795183168551501,0.020459125821070654,16,8,0.2,2500,fast_ICA,iid,False,5
12,2,2001,1,10001,True,13,False,100,0.4662098547348733,0.015113103669136763,0.03700313361598509,0.03367179385773702,0.06675027298761337,0.1840465822596442,0.9834464334052727,0.019838480355983425,16,8,0.2,2500,fast_ICA,iid,False,5
12,3,3001,3,30001,True,16,False,100,0.4092424370994923,0.0057190642692148685,0.03959350923864175,0.03562062927277763,0.07024061445588772,0.1749984501229197,0.9850143994290617,0.020183142829725005,16,8,0.2,2500,fast_ICA,iid,False,5
12,0,1,10,100001,True,16,False,100,0.8647650124797407,0.009835827630013227,0.048745873452203985,0.04326996210554366,0.09388295556002288,0.32619061189689214,0.9441445612250868,0.021026589740967806,16,8,0.2,2500,fast_ICA,iid,False,5
12,1,1001,19,190001,True,16,False,100,0.716203626601478,0.018652041908353567,0.03905762434550321,0.03633911277054004,0.06407705496484227,0.232845533205705,0.9734790683503272,0.020839131691657336,16,8,0.2,2500,fast_ICA,iid,False,5
12,2,2001,21,210001,True,15,False,100,0.4766944386477647,0.007506001740694046,0.04480640029771789,0.043011845251100585,0.06324119112557587,0.18216147718279352,0.9838536528462136,0.01955025172313373,16,8,0.2,2500,fast_ICA,iid,False,5
11,8,8001,8,80001,True,24,False,100,0.6193674452698826,0.021169845946133137,0.04223427174276972,0.039952121396682236,0.07064166670527797,0.2680701361309768,0.9630914592684375,0.015362083192268415,16,8,0.2,2500,fast_ICA,iid,False,5
12,1,1001,16,160001,True,17,False,100,0.7885122762720104,0.02062023989856243,0.04727516859035238,0.0421652895704446,0.08763413784823454,0.23051355285492905,0.9736305874072129,0.020216986612003166,16,8,0.2,2500,fast_ICA,iid,False,5
11,7,7001,17,170001,True,24,False,100,0.5846054416747306,0.02971726283431053,0.05589605893490105,0.05344166473281763,0.07978238233732889,0.2532209493565161,0.9683995800366445,0.015512991817536891,16,8,0.2,2500,fast_ICA,iid,False,5
12,0,1,26,260001,True,15,False,100,0.7716616070204038,0.009459699969738722,0.05746303841519058,0.04943542597541928,0.12388355062528528,0.22753780540106144,0.9743792312336379,0.019304053923046165,16,8,0.2,2500,fast_ICA,iid,False,5
11,9,9001,12,120001,True,27,False,100,0.5855563258999412,0.01818037498742342,0.07787059641893114,0.06228206785731845,0.1895060294858905,0.336241007604454,0.9394666706175687,0.014676755371604622,16,8,0.2,2500,fast_ICA,iid,False,5
12,2,2001,25,250001,True,13,False,100,0.6607803516521449,0.00953751988708973,0.0342753292682199,0.03127333592551636,0.05610513631122427,0.19981713966262393,0.9806433200966914,0.021154418534752074,16,8,0.2,2500,fast_ICA,iid,False,5
11,3,3001,10,100001,True,20,False,100,0.8647650124797407,0.09122025500983,0.055972640383490056,0.04916255862987833,0.12745665300489945,0.3159469302008001,0.9475577694376266,0.015512078236207361,16,8,0.2,2500,fast_ICA,iid,False,5
12,3,3001,18,180001,True,15,False,100,0.5395448135757371,0.006357499863952398,0.043864929543068046,0.04143537579804693,0.07097770695364714,0.17637844513146594,0.9846841045774057,0.02071584276658146,16,8,0.2,2500,fast_ICA,iid,False,5
12,3,3001,23,230001,True,13,False,100,0.6308734505847167,0.0055404347367584705,0.041397098557175264,0.03810563613302598,0.0665851681526546,0.2222268084341816,0.9753135469124005,0.019770473679701264,16,8,0.2,2500,fast_ICA,iid,False,5
11,5,5001,19,190001,True,30,False,100,0.7294159637664959,0.051246816758066416,0.04399231739054648,0.042376987200041086,0.06039447335426291,0.26097781541906395,0.9670953029030518,0.01570792490680106,16,8,0.2,2500,fast_ICA,iid,False,5
11,3,3001,5,50001,True,23,False,100,0.6599062785256397,0.009466701187193394,0.0676354134423233,0.05285714369086872,0.17962241740848456,0.24601877824741156,0.9708988009954547,0.015417546953212236,16,8,0.2,2500,fast_ICA,iid,False,5
11,8,8001,1,10001,True,23,False,100,0.6138569231537075,0.02820955216884613,0.04682853037825576,0.04453629313206504,0.06843965897795028,0.20871914887334952,0.9785746102210708,0.01564314678620525,16,8,0.2,2500,fast_ICA,iid,False,5
12,1,1001,13,130001,True,15,False,100,0.7263247233923933,0.007574311923235655,0.039566671039748966,0.03736929272807128,0.05438107774961168,0.2093362136529291,0.9783954485071022,0.020700587980801592,16,8,0.2,2500,fast_ICA,iid,False,5
11,8,8001,21,210001,True,20,False,100,0.677706853847504,0.02570033771917224,0.06010649844267868,0.05260217592073272,0.11435651072889336,0.318548853592475,0.9482961697765757,0.015070644631478891,16,8,0.2,2500,fast_ICA,iid,False,5
11,6,6001,26,260001,True,26,False,100,0.7716616070204038,0.03918601339682937,0.053819978399824574,0.049489697866266884,0.10460407075495352,0.2641423369729771,0.9648233681960626,0.015178509717881511,16,8,0.2,2500,fast_ICA,iid,False,5
12,1,1001,17,170001,True,13,False,100,0.5485240976095819,0.03358299797400832,0.05460487722012816,0.0492536280670716,0.1276777712634115,0.2607162299564015,0.9676917787118696,0.01988763332615246,16,8,0.2,2500,fast_ICA,iid,False,5
12,3,3001,10,100001,True,17,False,100,0.8647650124797407,0.011689966078847647,0.060522645323048845,0.04867479561619183,0.16661292390732763,0.3349433444701932,0.9431966744211768,0.020481225959956335,16,8,0.2,2500,fast_ICA,iid,False,5
12,2,2001,23,230001,True,14,False,100,0.6308734505847167,0.015573391690850258,0.04013827843787092,0.036647708163271564,0.07590472414996628,0.2274570923056928,0.9741240044419118,0.020632834302552625,16,8,0.2,2500,fast_ICA,iid,False,5
11,9,9001,17,170001,True,21,False,100,0.5846054416747306,0.011127700097858906,0.059582626547692384,0.05626572403802314,0.10582554458935184,0.26072018425838206,0.9662024376760051,0.015200418753027085,16,8,0.2,2500,fast_ICA,iid,False,5
11,9,9001,23,230001,True,21,False,100,0.727631460756405,0.010230484884232283,0.05163497390249101,0.04688744050444957,0.09258968963661292,0.2545402442105118,0.9678908014754466,0.01502892923758896,16,8,0.2,2500,fast_ICA,iid,False,5
11,7,7001,27,270001,True,28,False,100,0.45962825692318054,0.04238037299364805,0.05082730004293198,0.04749728714105551,0.0814850697962321,0.19602706278446586,0.9812672188775146,0.015484146026123812,16,8,0.2,2500,fast_ICA,iid,False,5
11,6,6001,15,150001,True,24,False,100,0.7147120926602737,0.019887764006853104,0.051425336542157675,0.04440710360497313,0.12061038617695194,0.25461676690162616,0.9667912723333532,0.01569549229319921,16,8,0.2,2500,fast_ICA,iid,False,5
12,3,3001,13,130001,True,13,False,100,0.7263247233923933,0.012194053269922733,0.038346234555839874,0.036716411663102175,0.051607172617344065,0.20634523364076676,0.9789425369480992,0.020056556050528956,16,8,0.2,2500,fast_ICA,iid,False,5
12,1,1001,1,10001,True,15,False,100,0.4662098547348733,0.019234619103372097,0.041650090497505565,0.037401108081732665,0.06678214441006611,0.18378771710142996,0.9835223323700462,0.02044534625989823,16,8,0.2,2500,fast_ICA,iid,False,5
12,4,4001,3,30001,True,18,False,100,0.4092424370994923,0.00795565964654088,0.04684330184288324,0.041315869786047836,0.09385981656112148,0.1820245696208385,0.9839305074587578,0.020095748065517786,16,8,0.2,2500,fast_ICA,iid,False,5
11,8,8001,11,110001,True,25,False,100,0.6693634786923396,0.10893339291214943,0.052360630807416736,0.04946076576353284,0.08222553085932771,0.2199926800099342,0.9763226945096676,0.01518413478455517,16,8,0.2,2500,fast_ICA,iid,False,5
11,3,3001,19,190001,True,24,False,100,0.7294159637664959,0.012595570180565119,0.04536903495402885,0.043116328062182796,0.07167882338349099,0.2589623214495028,0.9672917477772727,0.015724484945882303,16,8,0.2,2500,fast_ICA,iid,False,5
11,9,9001,27,270001,True,18,False,100,0.45962825692318054,0.019027539994567633,0.04612520930128965,0.04324962245589305,0.07872715005001767,0.19261487847156783,0.981954717882869,0.015462036045542134,16,8,0.2,2500,fast_ICA,iid,False,5
11,7,7001,15,150001,True,24,False,100,0.7147120926602737,0.016724934335798025,0.0448912716105267,0.04206898147073872,0.07191159225791788,0.2607771045421076,0.9661804602890436,0.01601184584762656,16,8,0.2,2500,fast_ICA,iid,False,5
12,1,1001,11,110001,True,18,False,100,0.4438512154934608,0.008095528930425644,0.042829317844131104,0.040116039924945224,0.0669544071555532,0.19130002734986654,0.9821508818034941,0.02040919673743199,16,8,0.2,2500,fast_ICA,iid,False,5
11,9,9001,7,70001,True,26,False,100,0.677119999988192,0.06938781263306737,0.045831105716135134,0.040115564478356305,0.11192014071764778,0.23062195747065783,0.973652090116482,0.015648796730628606,16,8,0.2,2500,fast_ICA,iid,False,5
12,2,2001,18,180001,True,13,False,100,0.5395448135757371,0.022733927238732576,0.04253729517671179,0.039644962148776476,0.06695860181534544,0.17648895921009805,0.9847413411263907,0.020176289282840126,16,8,0.2,2500,fast_ICA,iid,False,5
12,3,3001,4,40001,True,15,False,100,0.4681067980112915,0.00574923399835825,0.03957499211934431,0.03526672916071251,0.0696454936959294,0.18716610113395984,0.983440063676159,0.021191474721472096,16,8,0.2,2500,fast_ICA,iid,False,5
11,8,8001,12,120001,True,22,False,100,0.5855563258999412,0.019055710174143314,0.07041512954703237,0.06085053284557283,0.1446003984256737,0.32633527170584775,0.9431833821087798,0.015551807438674996,16,8,0.2,2500,fast_ICA,iid,False,5
12,1,1001,28,280001,True,18,False,100,0.4012080304642241,0.016296787187457085,0.04413504496653595,0.04090492209605244,0.08066331216788417,0.19806113496245942,0.9812190043105192,0.02049344859257011,16,8,0.2,2500,fast_ICA,iid,False,5
11,9,9001,18,180001,True,21,False,100,0.5395448135757371,0.05512765236198902,0.04861057091078107,0.04554796997245432,0.08616933528609316,0.18404540578203848,0.9834263836364793,0.01521985175342823,16,8,0.2,2500,fast_ICA,iid,False,5
12,4,4001,13,130001,True,12,False,100,0.7263247233923933,0.00913917226716876,0.04210478095175341,0.040594461776685825,0.058499961586676835,0.20817606777777717,0.9787905647730413,0.0202641067476096,16,8,0.2,2500,fast_ICA,iid,False,5
12,1,1001,7,70001,True,15,False,100,0.5334458004261775,0.042063845321536064,0.04300376321078277,0.038498059318128816,0.09118606019838589,0.1955831012504971,0.9815814007802216,0.02001299972764554,16,8,0.2,2500,fast_ICA,iid,False,5
12,0,1,0,1,True,18,False,100,0.8348343904675654,0.010681931860744953,0.03843134323574822,0.03538124986703326,0.06326258067848356,0.2427226811191289,0.9702506424084458,0.02001784024310322,16,8,0.2,2500,fast_ICA,iid,False,5
12,3,3001,26,260001,True,17,False,100,0.7716616070204038,0.011588847264647484,0.05023847805814958,0.047637669343542154,0.07926409230358142,0.22616450142084385,0.9747645941371036,0.02032243023210386,16,8,0.2,2500,fast_ICA,iid,False,5
12,2,2001,9,90001,True,18,False,100,0.7013421804701714,0.031281372997909784,0.0476000386819784,0.04177248965879962,0.11043119065911598,0.24440024234462693,0.9692545380665835,0.020032734946254856,16,8,0.2,2500,fast_ICA,iid,False,5
11,9,9001,26,260001,True,19,False,100,0.7716616070204038,0.11109312018379569,0.06540936234190692,0.055936244344516044,0.13069718277606068,0.27308611375591496,0.9630432879160346,0.015124747695898043,16,8,0.2,2500,fast_ICA,iid,False,5
12,0,1,11,110001,True,13,False,100,0.4438512154934608,0.018435124307870865,0.048266379559865034,0.045183585103419084,0.08406082423792,0.19806184709483915,0.9808782774588024,0.02026125300860349,16,8,0.2,2500,fast_ICA,iid,False,5
12,1,1001,0,1,True,15,False,100,0.8348343904675654,0.009482109919190407,0.04013974977358065,0.037033568179346006,0.05962673808738135,0.2431728128741105,0.9702229722145177,0.019681711998561405,16,8,0.2,2500,fast_ICA,iid,False,5
12,1,1001,26,260001,True,23,False,100,0.7716616070204038,0.018356134183704853,0.05038324199622665,0.04554390608756781,0.09714625307967768,0.22567374503385107,0.9744922107750406,0.020576885568278788,16,8,0.2,2500,fast_ICA,iid,False,5
12,0,1,25,250001,True,17,False,100,0.6607803516521449,0.01862651202827692,0.04429365636184781,0.041413864203047254,0.08567875728762253,0.21097665574495414,0.9790042314703704,0.021191796927690233,16,8,0.2,2500,fast_ICA,iid,False,5
11,8,8001,10,100001,True,19,False,100,0.8647650124797407,0.02296807523816824,0.05769764642052441,0.049396373032888255,0.14597673690644275,0.31559178214145567,0.9483327256750271,0.015769253040099847,16,8,0.2,2500,fast_ICA,iid,False,5
12,0,1,27,270001,True,16,False,100,0.44147882539388555,0.014186630956828594,0.04247536237820531,0.04071330241102712,0.062237632476986465,0.18598863457461204,0.9833266664968989,0.021061257300075152,16,8,0.2,2500,fast_ICA,iid,False,5
12,5,5001,4,40001,True,16,False,100,0.4681067980112915,0.009733207989484072,0.03635399655584629,0.03331398900884804,0.058029761236590864,0.18455547597131347,0.9839220299456637,0.02160722867792016,16,8,0.2,2500,fast_ICA,iid,False,5
12,3,3001,19,190001,True,20,False,100,0.716203626601478,0.020253743045032024,0.04172496364646966,0.03912221107510523,0.06639785409621317,0.23785780386372524,0.9722367166577199,0.020589600809593194,16,8,0.2,2500,fast_ICA,iid,False,5
12,2,2001,27,270001,True,16,False,100,0.44147882539388555,0.013299955986440182,0.046108757374407096,0.0423946781984037,0.08616689927925304,0.18931678074859856,0.9826066108900497,0.019821232101160838,16,8,0.2,2500,fast_ICA,iid,False,5
12,5,5001,9,90001,True,20,False,100,0.7013421804701714,0.005607724189758301,0.0580177060207267,0.04984979976846612,0.12303561900445877,0.26398864237567476,0.9661569329860434,0.020317837920446714,16,8,0.2,2500,fast_ICA,iid,False,5
11,9,9001,6,60001,True,19,False,100,0.7374488647673002,0.022471037693321705,0.05157015145519573,0.04889511132391775,0.0786716074494126,0.20936401508687882,0.9784604353348072,0.015205529585497939,16,8,0.2,2500,fast_ICA,iid,False,5
12,2,2001,20,200001,True,14,False,100,0.7062500169808623,0.02562924800440669,0.06087538023915002,0.05233015474332195,0.11899095472564034,0.26123450384304187,0.9672384075692345,0.021196505555936586,16,8,0.2,2500,fast_ICA,iid,False,5
11,9,9001,5,50001,True,23,False,100,0.6599062785256397,0.04288095887750387,0.05430408897570968,0.04787684340412031,0.10906981023734123,0.2343392001705747,0.9736806252921706,0.015408831804749175,16,8,0.2,2500,fast_ICA,iid,False,5
12,4,4001,24,240001,True,13,False,100,0.7686727878434086,0.013353145681321621,0.04676155186080628,0.04108878615012303,0.08457424705902372,0.2914860515514831,0.9576790470592023,0.020403527603282203,16,8,0.2,2500,fast_ICA,iid,False,5
11,9,9001,2,20001,True,25,False,100,0.752995985496873,0.03715275600552559,0.045180498356301585,0.04268354670479799,0.06716312037624136,0.23197880361410766,0.9732267117866058,0.01582721912079379,16,8,0.2,2500,fast_ICA,iid,False,5
12,2,2001,7,70001,True,14,False,100,0.5334458004261775,0.026978039648383856,0.03979041265725975,0.03531372434655482,0.08160219577665569,0.19415526954136916,0.9814641241790827,0.020740759845395616,16,8,0.2,2500,fast_ICA,iid,False,5
12,3,3001,2,20001,True,14,False,100,0.752995985496873,0.01743923034518957,0.04041129623879853,0.03839334067050604,0.06973576258801804,0.20835209308333164,0.9785719199499467,0.02047478941760976,16,8,0.2,2500,fast_ICA,iid,False,5
12,3,3001,22,220001,True,20,False,100,0.6308333717011159,0.013613434042781591,0.04005954343936315,0.036915722685633603,0.07232271500117109,0.20815911158338207,0.9787177953867205,0.020212910233895695,16,8,0.2,2500,fast_ICA,iid,False,5
12,2,2001,0,1,True,15,False,100,0.8348343904675654,0.030868324916809797,0.0423059132864365,0.03860696221182085,0.0801111795410728,0.2447359210872388,0.9700402268632705,0.02023261775663426,16,8,0.2,2500,fast_ICA,iid,False,5
12,3,3001,21,210001,True,16,False,100,0.4766944386477647,0.012160743121057749,0.03938285609281851,0.03747997542745932,0.054258723124861,0.17548048230071966,0.9849590431875094,0.019650108902907165,16,8,0.2,2500,fast_ICA,iid,False,5
12,3,3001,14,140001,True,15,False,100,0.6416038996530667,0.029028196819126606,0.03635474667380688,0.033343442657512434,0.0691828757904855,0.18937719147810148,0.9825466115627719,0.020701533536045813,16,8,0.2,2500,fast_ICA,iid,False,5
11,6,6001,18,180001,True,23,False,100,0.5395448135757371,0.10348548833280802,0.04998411060562844,0.04698843981902105,0.08694154248231245,0.18661500781867124,0.9830396260073145,0.01519134739858074,16,8,0.2,2500,fast_ICA,iid,False,5
12,4,4001,23,230001,True,14,False,100,0.6308734505847167,0.009004103019833565,0.03811921442861368,0.03557203586693356,0.06229328437924173,0.22281293529361737,0.9751400329156686,0.02001506729490528,16,8,0.2,2500,fast_ICA,iid,False,5
12,3,3001,27,270001,True,16,False,100,0.44147882539388555,0.014063491020351648,0.04064827540463289,0.03898672686960919,0.05964540980761093,0.189529782496853,0.9827250928509201,0.020030321081082443,16,8,0.2,2500,fast_ICA,iid,False,5
12,3,3001,25,250001,True,19,False,100,0.6607803516521449,0.02682092087343335,0.03753546067741936,0.0353637840971428,0.055037782433364546,0.2024783251267666,0.9801917442952006,0.021507729964287996,16,8,0.2,2500,fast_ICA,iid,False,5
11,7,7001,5,50001,True,27,False,100,0.6599062785256397,0.014273450244218111,0.06323709064529477,0.049522539023241954,0.1616060009870306,0.23929945183290452,0.9718178714344153,0.01490547173076618,16,8,0.2,2500,fast_ICA,iid,False,5
12,5,5001,10,100001,True,16,False,100,0.8647650124797407,0.006187321152538061,0.043912571496904376,0.03913985858949577,0.08874715732328445,0.32647040807829014,0.9444031994214593,0.02057112345228808,16,8,0.2,2500,fast_ICA,iid,False,5
12,0,1,23,230001,True,14,False,100,0.6308734505847167,0.009884368162602186,0.04212864854861461,0.039795284844315965,0.06176137143444288,0.2268072662544125,0.9742328327641366,0.02035218545484633,16,8,0.2,2500,fast_ICA,iid,False,5
12,4,4001,7,70001,True,16,False,100,0.5334458004261775,0.008718404918909073,0.03729262229220899,0.0345717860473555,0.06696677997201367,0.18727172207785217,0.9828010421299527,0.021015291162047135,16,8,0.2,2500,fast_ICA,iid,False,5
12,3,3001,17,170001,True,16,False,100,0.5485240976095819,0.01817584503442049,0.04842120257797535,0.04708632167693677,0.06596588158904096,0.24989824558665574,0.9695884246291274,0.020206434088885002,16,8,0.2,2500,fast_ICA,iid,False,5
12,5,5001,5,50001,True,16,False,100,0.5820534431407173,0.012725210282951593,0.028678551694669735,0.027376642683983043,0.041121755230072075,0.19340448327281123,0.9813689540135511,0.020047664113627565,16,8,0.2,2500,fast_ICA,iid,False,5
12,4,4001,21,210001,True,22,False,100,0.4766944386477647,0.00723911402747035,0.040120276201159745,0.03830601984065724,0.06583671039736158,0.17711432933244842,0.9846942417456334,0.019970939942896934,16,8,0.2,2500,fast_ICA,iid,False,5
11,8,8001,18,180001,True,18,False,100,0.5395448135757371,0.03002016991376877,0.046633998909803326,0.043144458501706666,0.08422888196950264,0.1822751167906303,0.9837487058634509,0.015448170860594189,16,8,0.2,2500,fast_ICA,iid,False,5
12,2,2001,11,110001,True,12,False,100,0.4438512154934608,0.022583027835935354,0.04244239646609618,0.039893991968107376,0.06799574402080275,0.19100356910980792,0.9820889701381377,0.019805045974876232,16,8,0.2,2500,fast_ICA,iid,False,5
12,3,3001,9,90001,True,14,False,100,0.7013421804701714,0.022408769000321627,0.057321834886692236,0.04941297938958181,0.1336804867982167,0.25684502851869684,0.9675310131188454,0.020560075674568856,16,8,0.2,2500,fast_ICA,iid,False,5
12,4,4001,1,10001,True,15,False,100,0.4662098547348733,0.017685639206320047,0.03985443309148379,0.03572617105932523,0.07007279462964985,0.1858548338056748,0.9831735480810481,0.020316588116904857,16,8,0.2,2500,fast_ICA,iid,False,5
12,3,3001,0,1,True,18,False,100,0.8348343904675654,0.01213039318099618,0.04092377987017844,0.0381547222389575,0.06471181855003547,0.24370467882240854,0.9701779107957194,0.020347702291855715,16,8,0.2,2500,fast_ICA,iid,False,5
12,2,2001,19,190001,True,12,False,100,0.716203626601478,0.012859269045293331,0.04313975253259484,0.03983068299767234,0.0698395858519577,0.23672763690539622,0.972106247120103,0.020673352681367413,16,8,0.2,2500,fast_ICA,iid,False,5
12,4,4001,11,110001,True,17,False,100,0.4438512154934608,0.022191400174051523,0.04292717271132549,0.04112268609439544,0.06253933664581511,0.19402084743797418,0.9815444680570833,0.020189540833983898,16,8,0.2,2500,fast_ICA,iid,False,5
12,4,4001,2,20001,True,14,False,100,0.752995985496873,0.019207129254937172,0.03830000231006957,0.03658439542615636,0.06417394586838489,0.20971876637575418,0.978927973933672,0.020502158267977553,16,8,0.2,2500,fast_ICA,iid,False,5
12,4,4001,10,100001,True,15,False,100,0.8647650124797407,0.02611091500148177,0.05650493499724293,0.04815907581900303,0.13353586863432865,0.32630835342483117,0.9447261754109325,0.019945011538921625,16,8,0.2,2500,fast_ICA,iid,False,5
12,0,1,19,190001,True,15,False,100,0.716203626601478,0.01768404897302389,0.04138366859781315,0.03950923626682839,0.06250635648606614,0.23412665623481965,0.9731674083515722,0.020089113167535755,16,8,0.2,2500,fast_ICA,iid,False,5
12,4,4001,5,50001,True,13,False,100,0.5820534431407173,0.011759115848690271,0.05137327178921596,0.040293112712760544,0.12319231095418054,0.20871644975996057,0.9784022591896425,0.020122665588241984,16,8,0.2,2500,fast_ICA,iid,False,5
12,5,5001,2,20001,True,18,False,100,0.752995985496873,0.01964130625128746,0.034636206450833054,0.03343746699605342,0.05425630207933473,0.20428923458737835,0.9795480952205735,0.02010237961592559,16,8,0.2,2500,fast_ICA,iid,False,5
12,5,5001,7,70001,True,17,False,100,0.5334458004261775,0.01153428666293621,0.03525198213148239,0.03315722705267766,0.05052165256693306,0.18769456656523023,0.9828311928132765,0.020459387101423643,16,8,0.2,2500,fast_ICA,iid,False,5
12,4,4001,22,220001,True,14,False,100,0.6308333717011159,0.024612534791231155,0.0646437169635812,0.05088275369430746,0.17252599733795182,0.2267139774924823,0.9760112306744675,0.019984598558118093,16,8,0.2,2500,fast_ICA,iid,False,5
12,2,2001,15,150001,True,14,False,100,0.7147120926602737,0.04155623773112893,0.03755586248222815,0.035218759779814854,0.06573764129000646,0.2016889649771757,0.9803102947666349,0.02129720994081998,16,8,0.2,2500,fast_ICA,iid,False,5
12,2,2001,4,40001,True,13,False,100,0.4681067980112915,0.011000410187989473,0.04115616726795143,0.03628107494707895,0.06573385124919069,0.19091135048238522,0.9829115282641969,0.020901049808401247,16,8,0.2,2500,fast_ICA,iid,False,5
12,3,3001,15,150001,True,16,False,100,0.7147120926602737,0.02692594099789858,0.03838428122564289,0.035865982302420545,0.06821537581450111,0.20578853503916414,0.9795208170325036,0.020887961764851273,16,8,0.2,2500,fast_ICA,iid,False,5
12,3,3001,1,10001,True,14,False,100,0.4662098547348733,0.03362200828269124,0.04118211824579246,0.0366439915025899,0.07042466986157024,0.18698420041296504,0.9829970918041974,0.020103410326155688,16,8,0.2,2500,fast_ICA,iid,False,5
12,3,3001,6,60001,True,14,False,100,0.3228980780207975,0.009768988937139511,0.042219828219605245,0.038854555772161854,0.07570943788677968,0.17601775584338702,0.9847447327452773,0.02004474969011577,16,8,0.2,2500,fast_ICA,iid,False,5
12,5,5001,3,30001,True,17,False,100,0.4092424370994923,0.02154226414859295,0.04539347995937026,0.04075821033244505,0.08807021414442345,0.18141643074301605,0.9840025390623472,0.02104287635951241,16,8,0.2,2500,fast_ICA,iid,False,5
12,5,5001,12,120001,True,17,False,100,0.5855563258999412,0.00594200287014246,0.050206160717501065,0.043118847211212154,0.10196228204915425,0.23371723198120864,0.9726654698202404,0.020274141975501543,16,8,0.2,2500,fast_ICA,iid,False,5
12,4,4001,17,170001,True,13,False,100,0.5485240976095819,0.019586196169257164,0.04526724562038402,0.04269110327038559,0.07035354316135128,0.2449704011362851,0.9704927012512203,0.019781653868758416,16,8,0.2,2500,fast_ICA,iid,False,5
12,3,3001,24,240001,True,16,False,100,0.7686727878434086,0.019697726238518953,0.0460886295764227,0.04059382146392705,0.09727482042238654,0.29126609537928944,0.9578219381261386,0.020156549365294808,16,8,0.2,2500,fast_ICA,iid,False,5
12,5,5001,14,140001,True,15,False,100,0.6416038996530667,0.016279797069728374,0.03521805524445118,0.03248107234930632,0.0663983202674773,0.19286288526387863,0.9817998549707471,0.020990413819343075,16,8,0.2,2500,fast_ICA,iid,False,5
12,2,2001,2,20001,True,16,False,100,0.752995985496873,0.030990774277597666,0.03934919582250206,0.03746288994162918,0.07024227474370824,0.2135337431006244,0.978161419455544,0.020172940489155508,16,8,0.2,2500,fast_ICA,iid,False,5
12,2,2001,3,30001,True,14,False,100,0.4092424370994923,0.015735941007733345,0.03791926531626375,0.03402298906683594,0.06718032029355267,0.17304292082957956,0.9853148146858743,0.02026464722341193,16,8,0.2,2500,fast_ICA,iid,False,5
12,3,3001,8,80001,True,12,False,100,0.6193674452698826,0.024915433023124933,0.039576303249003235,0.0379080500888761,0.05665146719327194,0.24965448390699382,0.9684270339220491,0.020086946728912165,16,8,0.2,2500,fast_ICA,iid,False,5
12,1,1001,25,250001,True,16,False,100,0.6607803516521449,0.06075232708826661,0.04546733847005283,0.04247155060689774,0.08848162637887862,0.20851820946273103,0.9794318456880317,0.021311704194001874,16,8,0.2,2500,fast_ICA,iid,False,5
12,4,4001,18,180001,True,14,False,100,0.5395448135757371,0.018237635027617216,0.04165107908947878,0.03903652961052618,0.06934124410708399,0.17514675088990028,0.9849483306532695,0.02007446592362756,16,8,0.2,2500,fast_ICA,iid,False,5
12,3,3001,5,50001,True,17,False,100,0.5820534431407173,0.022934385109692812,0.050490223782196565,0.0407517266674256,0.12048061763446814,0.20598321255938704,0.9788787891965437,0.02014311037409167,16,8,0.2,2500,fast_ICA,iid,False,5
12,4,4001,12,120001,True,14,False,100,0.5855563258999412,0.03382526617497206,0.045100173254664096,0.041158583702640375,0.08350677548837669,0.23473956724203152,0.9732384769289949,0.020053648983115638,16,8,0.2,2500,fast_ICA,iid,False,5
12,2,2001,6,60001,True,17,False,100,0.3228980780207975,0.03309555118903518,0.04123551131047737,0.037404972039323144,0.07589193245495345,0.17666531953345838,0.9845592959551923,0.02006939111447683,16,8,0.2,2500,fast_ICA,iid,False,5
12,2,2001,16,160001,True,14,False,100,0.7885122762720104,0.042708700988441706,0.24805956378487443,0.12495678041933404,1.2079084601777517,0.5790490536545644,0.8392522857347416,0.020766119493910207,16,8,0.2,2500,fast_ICA,iid,False,5
12,5,5001,0,1,True,16,False,100,0.8348343904675654,0.016768494620919228,0.038072459414507924,0.0352852157922489,0.06401291831715195,0.24256478828963346,0.9705210066211186,0.019591643164684973,16,8,0.2,2500,fast_ICA,iid,False,5
12,6,6001,2,20001,True,16,False,100,0.752995985496873,0.006592257879674435,0.036550152259147387,0.03491470869948962,0.054435902072728234,0.20454501920762674,0.979275357357891,0.02028590304952368,16,8,0.2,2500,fast_ICA,iid,False,5
12,4,4001,20,200001,True,15,False,100,0.7062500169808623,0.030979175120592117,0.05966170328647719,0.048090946968871125,0.15098059230429356,0.25160063749878575,0.9691949871927478,0.020588208717187768,16,8,0.2,2500,fast_ICA,iid,False,5
12,3,3001,28,280001,True,17,False,100,0.4012080304642241,0.013695613946765661,0.035589844067601135,0.03485117740288274,0.04531672748989469,0.18754587395192088,0.9829518807513256,0.02049084455721119,16,8,0.2,2500,fast_ICA,iid,False,5
12,5,5001,26,260001,True,20,False,100,0.7716616070204038,0.006072321906685829,0.04293755132208824,0.04109450580193429,0.0664959332759845,0.21888444842564167,0.975822275853155,0.02000556439989672,16,8,0.2,2500,fast_ICA,iid,False,5
12,4,4001,29,290001,True,16,False,100,0.6914004548551383,0.015882890205830336,0.04893038950972619,0.04539573935241883,0.09645039760063176,0.21923958005966065,0.9768192275530306,0.02011647782967883,16,8,0.2,2500,fast_ICA,iid,False,5
12,4,4001,0,1,True,16,False,100,0.8348343904675654,0.016824103891849518,0.03720682563899892,0.03423276454099487,0.0612525763937051,0.24007768053890502,0.9709049383743126,0.01981281058533898,16,8,0.2,2500,fast_ICA,iid,False,5
12,6,6001,27,270001,True,17,False,100,0.44147882539388555,0.004737699870020151,0.03986055424770126,0.03862513386082972,0.05876760284017152,0.18494784848953535,0.9834856151246534,0.020194346936711793,16,8,0.2,2500,fast_ICA,iid,False,5
11,6,6001,8,80001,True,23,False,100,0.6193674452698826,0.18393224896863103,0.040311330149821537,0.03845888099689419,0.07342528019191547,0.26723844575598266,0.9631939161900721,0.015163270777139826,16,8,0.2,2500,fast_ICA,iid,False,5
12,5,5001,20,200001,True,15,False,100,0.7062500169808623,0.008508246392011642,0.04612439714675449,0.04146722901543335,0.08173225386196584,0.25012980573564314,0.9691492919019774,0.02058397360585881,16,8,0.2,2500,fast_ICA,iid,False,5
12,1,1001,23,230001,True,15,False,100,0.6308734505847167,0.04168457677587867,0.03796640472969037,0.03553130575194029,0.06747350478701816,0.22803421326356246,0.9737557558954161,0.019608295380061258,16,8,0.2,2500,fast_ICA,iid,False,5
12,0,1,8,80001,True,13,False,100,0.6193674452698826,0.03550124587491155,0.03644919140239292,0.034963344150178696,0.054913996729678595,0.2459389493695201,0.9693155224033898,0.019955390465288672,16,8,0.2,2500,fast_ICA,iid,False,5
12,4,4001,19,190001,True,18,False,100,0.716203626601478,0.0196491158567369,0.03899680487579946,0.037077209737897236,0.06814004234437161,0.23261098552062123,0.9734266911361711,0.02056418527077798,16,8,0.2,2500,fast_ICA,iid,False,5
12,5,5001,8,80001,True,15,False,100,0.6193674452698826,0.027228147722780704,0.035749627694305335,0.03387056926082696,0.056690572552319816,0.2485797902548133,0.9689013546330157,0.020622787119008588,16,8,0.2,2500,fast_ICA,iid,False,5
12,2,2001,8,80001,True,15,False,100,0.6193674452698826,0.03902390319854021,0.034347221868605025,0.03317921821078851,0.05577236635502775,0.250107986816727,0.968355223645629,0.020094311674688798,16,8,0.2,2500,fast_ICA,iid,False,5
12,5,5001,15,150001,True,17,False,100,0.7147120926602737,0.026874091010540724,0.03816706972593155,0.03512029545672787,0.0824831934956029,0.1996014763507131,0.980523037455078,0.020710140761179854,16,8,0.2,2500,fast_ICA,iid,False,5
12,5,5001,16,160001,True,15,False,100,0.7885122762720104,0.01820825506001711,0.04220256173257156,0.03849865565926274,0.06973741467952022,0.22737047342237415,0.9742974414262876,0.020874193409166956,16,8,0.2,2500,fast_ICA,iid,False,5
12,6,6001,16,160001,True,22,False,100,0.7885122762720104,0.012314552441239357,0.05195693936612545,0.04520456645274798,0.10753170488555555,0.22911863928250165,0.9736866584520274,0.020676409025833644,16,8,0.2,2500,fast_ICA,iid,False,5
12,3,3001,29,290001,True,22,False,100,0.6914004548551383,0.038780844770371914,0.04685919539431924,0.04331004696812388,0.09030069566973876,0.21608429399671739,0.977319412130062,0.020027598563649246,16,8,0.2,2500,fast_ICA,iid,False,5
12,4,4001,15,150001,True,17,False,100,0.7147120926602737,0.016715464182198048,0.03504457671170004,0.03273325676134474,0.06184471862404938,0.20315275067825608,0.9802329345339511,0.020949157154626957,16,8,0.2,2500,fast_ICA,iid,False,5
12,4,4001,28,280001,True,19,False,100,0.4012080304642241,0.03913954272866249,0.05314024519962645,0.04681169758252139,0.10466013744540487,0.2076365716492476,0.97942151118761,0.021141388831040983,16,8,0.2,2500,fast_ICA,iid,False,5
12,1,1001,24,240001,True,15,False,100,0.7686727878434086,0.046660775784403086,0.04382273267913285,0.03908017841436291,0.08090338950478113,0.2915676721290523,0.9582104915003646,0.02072674292165575,16,8,0.2,2500,fast_ICA,iid,False,5
12,2,2001,26,260001,True,16,False,100,0.7716616070204038,0.030779345892369747,0.049457028520619846,0.04746170703770152,0.08448408442319519,0.22257259526575202,0.9754882428842772,0.020025007819544294,16,8,0.2,2500,fast_ICA,iid,False,5
12,5,5001,13,130001,True,16,False,100,0.7263247233923933,0.006698168348520994,0.044873339005942946,0.04285187768926114,0.07321079929112803,0.21109706946937162,0.9784952734174389,0.020167219768046512,16,8,0.2,2500,fast_ICA,iid,False,5
12,3,3001,11,110001,True,14,False,100,0.4438512154934608,0.005825352855026722,0.05024901468352925,0.045336198825013704,0.09943050746709765,0.19843828947627096,0.9807633171708652,0.0202150967340863,16,8,0.2,2500,fast_ICA,iid,False,5
12,0,1,13,130001,True,18,False,100,0.7263247233923933,0.0752390450797975,0.044217747670364925,0.04205827335114604,0.0796771950363669,0.21619069116564885,0.9773612226178872,0.020284778460613023,16,8,0.2,2500,fast_ICA,iid,False,5
12,4,4001,4,40001,True,18,False,100,0.4681067980112915,0.05048740189522505,0.0426024247353325,0.036865456043093846,0.0859123633503181,0.19034837046265338,0.9830564107687609,0.02158732044242037,16,8,0.2,2500,fast_ICA,iid,False,5
12,6,6001,3,30001,True,17,False,100,0.4092424370994923,0.010520693846046925,0.05306464056622302,0.04632695133190439,0.10257595949102201,0.19416358602431255,0.9816985000969627,0.020294826904041684,16,8,0.2,2500,fast_ICA,iid,False,5
12,5,5001,11,110001,True,20,False,100,0.4438512154934608,0.012035574298352003,0.04823141567958808,0.044614146825556526,0.08707977305187908,0.19834499373855097,0.9807167039843513,0.019797261654262686,16,8,0.2,2500,fast_ICA,iid,False,5
12,3,3001,16,160001,True,18,False,100,0.7885122762720104,0.04090002179145813,0.041275892607653485,0.03825597609233801,0.0769039267622996,0.23081007102757314,0.972971732049463,0.02032237086735451,16,8,0.2,2500,fast_ICA,iid,False,5
12,4,4001,9,90001,True,17,False,100,0.7013421804701714,0.022639078088104725,0.06263708607162136,0.051764151486390575,0.13997115758907253,0.25298630018490165,0.9681059778773473,0.0203547128529885,16,8,0.2,2500,fast_ICA,iid,False,5
12,7,7001,1,10001,True,18,False,100,0.4662098547348733,0.006751457694917917,0.041962888198609265,0.036563405255563064,0.07986346217520918,0.19044666384920683,0.9823150069816413,0.01995554715503984,16,8,0.2,2500,fast_ICA,iid,False,5
12,7,7001,7,70001,True,15,False,100,0.5334458004261775,0.009028512984514236,0.03317056124857321,0.030790445206745874,0.051727004462504646,0.18897676423120696,0.9823611937885055,0.02021023521343302,16,8,0.2,2500,fast_ICA,iid,False,5
12,4,4001,26,260001,True,14,False,100,0.7716616070204038,0.04394211294129491,0.049373194576461374,0.04565989209471051,0.09876708946876782,0.22196328974380403,0.9754477492182372,0.020739797268217515,16,8,0.2,2500,fast_ICA,iid,False,5
12,5,5001,19,190001,True,18,False,100,0.716203626601478,0.019835615064948797,0.04250143821184531,0.040009408161895965,0.08071195431156171,0.23625152447690242,0.9727059587470099,0.02084260416256351,16,8,0.2,2500,fast_ICA,iid,False,5
12,7,7001,9,90001,True,14,False,100,0.7013421804701714,0.012011983897536993,0.05208867301974985,0.046118233069442065,0.11214760727811786,0.25068412570029286,0.9680984805681287,0.020170638234657805,16,8,0.2,2500,fast_ICA,iid,False,5
12,5,5001,29,290001,True,17,False,100,0.6914004548551383,0.02297010598704219,0.05299354095701295,0.045905013044695464,0.11553130545743695,0.21550436859038913,0.9775648425953679,0.02007524732964673,16,8,0.2,2500,fast_ICA,iid,False,5
12,7,7001,2,20001,True,15,False,100,0.752995985496873,0.01557190204039216,0.03458001406708535,0.033314567338166415,0.050223245675138695,0.2028091335998422,0.9796836606950339,0.0198716775980611,16,8,0.2,2500,fast_ICA,iid,False,5
12,6,6001,5,50001,True,21,False,100,0.5820534431407173,0.015611852053552866,0.05322551942902005,0.03862608924859741,0.14486204694903798,0.20758508018829175,0.9785142854986828,0.019963765230440866,16,8,0.2,2500,fast_ICA,iid,False,5
12,6,6001,19,190001,True,15,False,100,0.716203626601478,0.018341845367103815,0.03928056253550714,0.03702505817100378,0.06670961620828103,0.23137999402295753,0.9736130328270751,0.020658394165326544,16,8,0.2,2500,fast_ICA,iid,False,5
12,0,1,3,30001,True,17,False,100,0.4092424370994923,0.13186905765905976,0.04997840120626632,0.044364538901135384,0.08925996968006257,0.1865507635585484,0.9830403287993971,0.020144020188520385,16,8,0.2,2500,fast_ICA,iid,False,5
12,5,5001,21,210001,True,22,False,100,0.4766944386477647,0.027023219969123602,0.044970584581981554,0.04308543167737703,0.0761338881817548,0.18101392895118207,0.9840433955746064,0.020522714889616708,16,8,0.2,2500,fast_ICA,iid,False,5
12,5,5001,22,220001,True,13,False,100,0.6308333717011159,0.02716602897271514,0.05167532109166132,0.044821555547687866,0.1152094260146544,0.2188298431438144,0.9774660355148672,0.019644269814303745,16,8,0.2,2500,fast_ICA,iid,False,5
12,7,7001,12,120001,True,13,False,100,0.5855563258999412,0.01355539495125413,0.06182552118974957,0.05062335048350212,0.13546079193204547,0.23857869275016164,0.9718241995981722,0.019929259034554638,16,8,0.2,2500,fast_ICA,iid,False,5
12,7,7001,20,200001,True,19,False,100,0.7062500169808623,0.025494548957794905,0.04782301751563684,0.04261204839843143,0.0958234653109536,0.24778985258590538,0.9697791750648401,0.020598234523252094,16,8,0.2,2500,fast_ICA,iid,False,5
12,7,7001,11,110001,True,13,False,100,0.4438512154934608,0.025505848694592714,0.04278110891351818,0.04073084859194154,0.06316042405091844,0.193754432983308,0.9816192299799625,0.019985741198485323,16,8,0.2,2500,fast_ICA,iid,False,5
12,6,6001,22,220001,True,12,False,100,0.6308333717011159,0.03256430523470044,0.059018044469982336,0.04920193239416365,0.1367883475052137,0.222664881755254,0.9768564496288578,0.019548455017577026,16,8,0.2,2500,fast_ICA,iid,False,5
12,8,8001,9,90001,True,13,False,100,0.7013421804701714,0.020534779876470566,0.056694301442203866,0.0480067708314688,0.13284459583612013,0.24824775483099373,0.9685879645966574,0.02020166274174632,16,8,0.2,2500,fast_ICA,iid,False,5
12,7,7001,8,80001,True,17,False,100,0.6193674452698826,0.0151914251036942,0.043462669214046915,0.04103876779183825,0.07662339154469876,0.2545280704333637,0.9676278765800151,0.02051677686438435,16,8,0.2,2500,fast_ICA,iid,False,5
12,6,6001,9,90001,True,15,False,100,0.7013421804701714,0.018336554989218712,0.052183950002790185,0.04583548819092711,0.10433673280539321,0.24755361823362937,0.9686291174474149,0.019954565286029246,16,8,0.2,2500,fast_ICA,iid,False,5
12,7,7001,29,290001,True,16,False,100,0.6914004548551383,0.027573266066610813,0.05027876046412123,0.04488185948662214,0.10312042619933409,0.21299874015828485,0.9779913087269199,0.020156679965807493,16,8,0.2,2500,fast_ICA,iid,False,5
12,7,7001,23,230001,True,13,False,100,0.6308734505847167,0.006977266166359186,0.036232998408161826,0.03313779031432591,0.06552434401788929,0.22305428785761755,0.9750037921330288,0.020234626627053897,16,8,0.2,2500,fast_ICA,iid,False,5
12,8,8001,22,220001,True,15,False,100,0.6308333717011159,0.01571688987314701,0.05166507555245678,0.04459664017980799,0.10566943289055718,0.21849774100959074,0.9774177339604194,0.020641716229717735,16,8,0.2,2500,fast_ICA,iid,False,5
12,7,7001,18,180001,True,17,False,100,0.5395448135757371,0.017627568915486336,0.042684863091896376,0.04028826014622215,0.07289091936931277,0.1748059198327407,0.9849542952729555,0.020505146327685377,16,8,0.2,2500,fast_ICA,iid,False,5
12,8,8001,1,10001,True,17,False,100,0.4662098547348733,0.019887213595211506,0.04505787263658059,0.040147005311527574,0.076041546328124,0.19132907295687981,0.9821023455356377,0.020413928053711977,16,8,0.2,2500,fast_ICA,iid,False,5
12,5,5001,23,230001,True,17,False,100,0.6308734505847167,0.02140591572970152,0.03890853440453382,0.03581251546915197,0.06824464419741269,0.22947365325207345,0.9736013972064277,0.020859105269008686,16,8,0.2,2500,fast_ICA,iid,False,5
12,8,8001,29,290001,True,16,False,100,0.6914004548551383,0.027517796028405428,0.05713173302090067,0.04995612975953744,0.12540352861628715,0.22698313734263528,0.9752250278867968,0.0205303793462691,16,8,0.2,2500,fast_ICA,iid,False,5
12,9,9001,7,70001,True,15,False,100,0.5334458004261775,0.021357624791562557,0.03548689959084929,0.03288627462360189,0.06211292984175158,0.19045191853174517,0.9822095107661011,0.020503763606312522,16,8,0.2,2500,fast_ICA,iid,False,5
12,9,9001,24,240001,True,12,False,100,0.7686727878434086,0.012423992156982422,0.0485387142693893,0.04216709589116448,0.10145189894145205,0.29278243109552293,0.9575180246722468,0.020161820584113126,16,8,0.2,2500,fast_ICA,iid,False,5
12,7,7001,15,150001,True,14,False,100,0.7147120926602737,0.021426424849778414,0.03883834793799786,0.03632547871443319,0.06476397211750162,0.20435304325925596,0.9797695569385956,0.020755450674284522,16,8,0.2,2500,fast_ICA,iid,False,5
12,7,7001,6,60001,True,16,False,100,0.3228980780207975,0.01250962121412158,0.04050920985222148,0.03682973395305145,0.07266287106613184,0.1731912652487351,0.9851768658110815,0.019897293440557674,16,8,0.2,2500,fast_ICA,iid,False,5
12,9,9001,26,260001,True,12,False,100,0.7716616070204038,0.01207762397825718,0.05587300616264746,0.0505039325169184,0.11328365049399255,0.22705129716952435,0.9744964425042179,0.019548292502095423,16,8,0.2,2500,fast_ICA,iid,False,5
12,5,5001,27,270001,True,16,False,100,0.44147882539388555,0.026847091037780046,0.04481419902474657,0.0425129869614321,0.07308301668096572,0.18952985492795024,0.9825419148888164,0.020231374038342364,16,8,0.2,2500,fast_ICA,iid,False,5
12,6,6001,25,250001,True,19,False,100,0.6607803516521449,0.02555925864726305,0.03799617028819499,0.03648871094872396,0.05497215210190248,0.20217740626430958,0.9803224896121967,0.021108354172414502,16,8,0.2,2500,fast_ICA,iid,False,5
13,0,1,0,1,True,11,False,100,0.5297986950875018,0.023839000146836042,0.03527204796937022,0.03296401799660201,0.060323461048634834,0.19351494409840375,0.9815305065066217,0.02501235825352387,16,8,0.2,2500,fast_ICA,iid,False,5
12,7,7001,25,250001,True,19,False,100,0.6607803516521449,0.01626203814521432,0.03994035647300873,0.037240667373269115,0.06936670966824462,0.20181187677374623,0.9804415570498992,0.021417763233608108,16,8,0.2,2500,fast_ICA,iid,False,5
12,6,6001,0,1,True,14,False,100,0.8348343904675654,0.055337920784950256,0.04065803320186272,0.038034856174672095,0.060497670672833306,0.24530950687339054,0.9700837383357325,0.02009869990201157,16,8,0.2,2500,fast_ICA,iid,False,5
12,8,8001,12,120001,True,13,False,100,0.5855563258999412,0.012138483114540577,0.04634164809546204,0.04265865081651894,0.08467400035383965,0.22747800486762024,0.9744572879721727,0.019977954084604937,16,8,0.2,2500,fast_ICA,iid,False,5
12,9,9001,20,200001,True,14,False,100,0.7062500169808623,0.030302319210022688,0.06949604264391175,0.053681445836279554,0.18606963351495226,0.26302847973216503,0.9663316799456545,0.02094597684443202,16,8,0.2,2500,fast_ICA,iid,False,5
12,8,8001,24,240001,True,16,False,100,0.7686727878434086,0.009240211918950081,0.04347188630945895,0.03869982401482601,0.08973910423325383,0.29008892662463576,0.9578949959527623,0.020954085349127485,16,8,0.2,2500,fast_ICA,iid,False,5
13,0,1,9,90001,True,9,False,100,0.2006841472871201,0.013434204738587141,0.03704474589709558,0.03404929970349894,0.07041304927518156,0.16765918274108307,0.9863391926813289,0.025206728760174553,16,8,0.2,2500,fast_ICA,iid,False,5
12,4,4001,8,80001,True,15,False,100,0.6193674452698826,0.0487775020301342,0.03879910738411682,0.03703754019272981,0.056238348972668,0.2535760182037159,0.9675889984696732,0.020506126434733214,16,8,0.2,2500,fast_ICA,iid,False,5
12,6,6001,24,240001,True,18,False,100,0.7686727878434086,0.030895974952727556,0.049960318433643104,0.043687319057612424,0.09663963453940867,0.2922358694143028,0.9579205838025452,0.019688115706229352,16,8,0.2,2500,fast_ICA,iid,False,5
13,0,1,13,130001,True,10,False,100,0.7263247233923933,0.01325901597738266,0.03481403647275875,0.031698215777212956,0.06279449418767849,0.21339537904504569,0.9782951585227749,0.025731263765048664,16,8,0.2,2500,fast_ICA,iid,False,5
12,6,6001,29,290001,True,16,False,100,0.6914004548551383,0.02254509786143899,0.049240566921910776,0.04328158747087095,0.09812695624772398,0.2115029692381917,0.9783002536231906,0.02082100878326539,16,8,0.2,2500,fast_ICA,iid,False,5
12,7,7001,17,170001,True,15,False,100,0.5485240976095819,0.009343271143734455,0.041282665469172315,0.03917058295328961,0.06676506403011687,0.24029963496247614,0.9715636241136187,0.019985276202199104,16,8,0.2,2500,fast_ICA,iid,False,5
12,5,5001,24,240001,True,15,False,100,0.7686727878434086,0.03692725673317909,0.04509556252301458,0.04086070506969321,0.08486692137582476,0.29581177502236367,0.9560323955719856,0.020474984227202495,16,8,0.2,2500,fast_ICA,iid,False,5
12,9,9001,17,170001,True,15,False,100,0.5485240976095819,0.038505286909639835,0.04678399934648228,0.04405792093644051,0.06816338471599824,0.2466956917906823,0.9705039074991318,0.019834866413561355,16,8,0.2,2500,fast_ICA,iid,False,5
12,6,6001,28,280001,True,16,False,100,0.4012080304642241,0.018264794256538153,0.03322350213517899,0.032503169262412306,0.04462421317643826,0.1876051694768675,0.9829384718610695,0.02054872037038376,16,8,0.2,2500,fast_ICA,iid,False,5
11,4,4001,20,200001,True,19,False,100,0.7062500169808623,0.26869544526562095,0.0757274766051886,0.06497493968065059,0.14047223381944188,0.33309056596977915,0.9445545231133037,0.01593098912621555,16,8,0.2,2500,fast_ICA,iid,False,5
12,9,9001,19,190001,True,21,False,100,0.716203626601478,0.006215430796146393,0.04085888657594664,0.03838514481617513,0.06597241442456936,0.230857783360098,0.9739825244681122,0.020467598097045136,16,8,0.2,2500,fast_ICA,iid,False,5
12,6,6001,11,110001,True,21,False,100,0.4438512154934608,0.02248502802103758,0.04740149691076738,0.043869602054420295,0.08743052290246955,0.19708721839092147,0.9808219530571618,0.019940389692494228,16,8,0.2,2500,fast_ICA,iid,False,5
12,7,7001,22,220001,True,18,False,100,0.6308333717011159,0.02305873390287161,0.04714830526760898,0.04261752795319753,0.09395198273768118,0.21168571495922728,0.9788755202014889,0.020207464344575425,16,8,0.2,2500,fast_ICA,iid,False,5
12,7,7001,28,280001,True,19,False,100,0.4012080304642241,0.018291904125362635,0.045440415878602265,0.04231813993498758,0.07277196355477841,0.20033832632638132,0.9807658976885365,0.02101744739839186,16,8,0.2,2500,fast_ICA,iid,False,5
12,2,2001,12,120001,True,18,False,100,0.5855563258999412,0.12383042927831411,0.049410069192895985,0.043597494682221974,0.11474042705920874,0.22644341758154593,0.9744269087164661,0.019862428664665553,16,8,0.2,2500,fast_ICA,iid,False,5
12,6,6001,1,10001,True,22,False,100,0.4662098547348733,0.08027083380147815,0.032117448143432356,0.02854632099610219,0.06261257631391437,0.18014316817865225,0.9841145694044824,0.019764025701572832,16,8,0.2,2500,fast_ICA,iid,False,5
12,6,6001,23,230001,True,14,False,100,0.6308734505847167,0.01675410522148013,0.04044161278612626,0.03763515765415234,0.0658077440210966,0.2251464440827062,0.9745536688142439,0.019676871598421405,16,8,0.2,2500,fast_ICA,iid,False,5
12,9,9001,15,150001,True,15,False,100,0.7147120926602737,0.0416301772929728,0.038875718299421415,0.034945043579136185,0.08079316227246258,0.1977282728859348,0.9809076948538937,0.02113699937712553,16,8,0.2,2500,fast_ICA,iid,False,5
12,8,8001,25,250001,True,16,False,100,0.6607803516521449,0.04621368879452348,0.03641173279070685,0.03436901520693718,0.0554933320840396,0.20009003422466673,0.9806522237807311,0.02120128566703653,16,8,0.2,2500,fast_ICA,iid,False,5
13,0,1,4,40001,True,9,False,100,0.4681067980112915,0.02961563365533948,0.030245599845022595,0.027299217574119895,0.05722635968602819,0.17801909576777816,0.9848993404328766,0.026082693612420053,16,8,0.2,2500,fast_ICA,iid,False,5
12,6,6001,10,100001,True,13,False,100,0.8647650124797407,0.02430983679369092,0.0441410203675304,0.04065871164534607,0.09064804999878878,0.3372905740265614,0.9433046185450535,0.02013247065083425,16,8,0.2,2500,fast_ICA,iid,False,5
13,0,1,29,290001,True,10,False,100,0.6914004548551383,0.006947365589439869,0.044649114222223986,0.040594425747867036,0.07980125724893841,0.20534284679564285,0.9792158426966591,0.0250808894107858,16,8,0.2,2500,fast_ICA,iid,False,5
13,0,1,12,120001,True,12,False,100,0.5307693738082964,0.022581046912819147,0.03862767696870224,0.03448638224614849,0.07738000432785676,0.20749165265461744,0.9790893790839968,0.024933210952495444,16,8,0.2,2500,fast_ICA,iid,False,5
12,9,9001,2,20001,True,18,False,100,0.752995985496873,0.021975551266223192,0.03703657861472049,0.035883377563195824,0.04878560713331015,0.20412988264664314,0.9795006268488632,0.020497448720163267,16,8,0.2,2500,fast_ICA,iid,False,5
13,0,1,5,50001,True,12,False,100,0.5820534431407173,0.026769031304866076,0.0432127593421445,0.0311468294116635,0.12183794376368079,0.2128777974638512,0.9777897425326469,0.025086773901711018,16,8,0.2,2500,fast_ICA,iid,False,5
12,8,8001,17,170001,True,15,False,100,0.5485240976095819,0.025770577136427164,0.04359583968773569,0.04211310021793632,0.06804994914802252,0.2441409916747951,0.9706392980807468,0.020070362141911737,16,8,0.2,2500,fast_ICA,iid,False,5
12,8,8001,26,260001,True,15,False,100,0.7716616070204038,0.012996388133615255,0.043786725262070204,0.041593589399801,0.0668162375509795,0.21854235004617872,0.9761498116367368,0.01983955360967828,16,8,0.2,2500,fast_ICA,iid,False,5
12,6,6001,26,260001,True,16,False,100,0.7716616070204038,0.026188075076788664,0.05187611649008613,0.047309369907041834,0.10155009828746533,0.22566176957141298,0.9745106784690594,0.019893999821872774,16,8,0.2,2500,fast_ICA,iid,False,5
13,0,1,27,270001,True,13,False,100,0.37753158639567086,0.016505346167832613,0.030587641453124925,0.02928577990293676,0.04217822495461265,0.17673858462051809,0.9849231339108216,0.025593359268302397,16,8,0.2,2500,fast_ICA,iid,False,5
13,0,1,17,170001,True,12,False,100,0.5485240976095819,0.021303714718669653,0.03624719694319298,0.03388741220732118,0.05989402745390674,0.20448543748082493,0.9794427052350095,0.02496263783971396,16,8,0.2,2500,fast_ICA,iid,False,5
12,8,8001,8,80001,True,13,False,100,0.6193674452698826,0.03145156195387244,0.047038503266624725,0.04263584004249611,0.10442929884628892,0.25803236252014533,0.9668629942781723,0.02003873415535872,16,8,0.2,2500,fast_ICA,iid,False,5
13,0,1,19,190001,True,10,False,100,0.643838314319397,0.01844305405393243,0.036753528833256714,0.030790965406240624,0.08206898656859268,0.2183507679861765,0.977300506435114,0.025528115941371273,16,8,0.2,2500,fast_ICA,iid,False,5
13,1,1001,14,140001,True,14,False,100,0.6416038996530667,0.007280724123120308,0.03165655043285618,0.029087972273696784,0.06444656040675782,0.1906775430721089,0.9824874806140023,0.025538218122074217,16,8,0.2,2500,fast_ICA,iid,False,5
12,6,6001,18,180001,True,17,False,100,0.5395448135757371,0.027634026017040014,0.04188239740336141,0.03934211999024827,0.0713525788558701,0.17577901231640775,0.9848641652658492,0.020254095210256395,16,8,0.2,2500,fast_ICA,iid,False,5
12,9,9001,28,280001,True,12,False,100,0.4012080304642241,0.010926221963018179,0.041087342066994756,0.03893778212858798,0.071647473459489,0.19329859638984104,0.9819593083812929,0.02141980527480089,16,8,0.2,2500,fast_ICA,iid,False,5
12,8,8001,2,20001,True,13,False,100,0.752995985496873,0.016309277154505253,0.03910867659047074,0.037098768059184925,0.06220225483600077,0.2123066826108067,0.9783597086388056,0.020008499529738294,16,8,0.2,2500,fast_ICA,iid,False,5
13,0,1,26,260001,True,12,False,100,0.32273277501496855,0.018968619871884584,0.0386169080546011,0.0365398616581738,0.058982143272591374,0.1737489356071583,0.9849769359675125,0.024941209633575073,16,8,0.2,2500,fast_ICA,iid,False,5
13,0,1,2,20001,True,11,False,100,0.32812711815689183,0.04116460029035807,0.033764750781488266,0.031374942781726076,0.06757529176593365,0.17243951806490576,0.9854823564529895,0.025581462167107345,16,8,0.2,2500,fast_ICA,iid,False,5
12,9,9001,13,130001,True,19,False,100,0.7263247233923933,0.017253241036087275,0.04108948886111097,0.03929671978497061,0.06346177479420358,0.21052272772859065,0.978128148440422,0.020222783339310654,16,8,0.2,2500,fast_ICA,iid,False,5
12,8,8001,20,200001,True,17,False,100,0.7062500169808623,0.07191924611106515,0.04153008523277839,0.037900946029151755,0.06732151898389374,0.24168441002646787,0.971496415166227,0.020292568894359722,16,8,0.2,2500,fast_ICA,iid,False,5
13,0,1,23,230001,True,10,False,100,0.6308734505847167,0.008551756385713816,0.030077757514354753,0.026046284787598867,0.06224883775686406,0.21014050356284222,0.9781884121597516,0.025080753026755553,16,8,0.2,2500,fast_ICA,iid,False,5
13,0,1,28,280001,True,11,False,100,0.2962804926274913,0.017490669153630733,0.02970985609930843,0.02842404421198627,0.0465677285178394,0.16306809727386462,0.9874998304608779,0.026397284598670172,16,8,0.2,2500,fast_ICA,iid,False,5
12,8,8001,4,40001,True,19,False,100,0.4681067980112915,0.040221466682851315,0.044964021008307174,0.03804923394923754,0.08835086272564384,0.19585594454414154,0.9823056201567832,0.021527582261614924,16,8,0.2,2500,fast_ICA,iid,False,5
12,6,6001,20,200001,True,15,False,100,0.7062500169808623,0.04152621841058135,0.05947920329226019,0.048611560511037946,0.15336564968223831,0.2566517932497289,0.967955256541774,0.02025093825399393,16,8,0.2,2500,fast_ICA,iid,False,5
12,9,9001,6,60001,True,13,False,100,0.3228980780207975,0.030350799206644297,0.04081161578341669,0.037438844589368137,0.06928566936792373,0.17401135213236354,0.9850727397123444,0.01995289098866657,16,8,0.2,2500,fast_ICA,iid,False,5
12,9,9001,3,30001,True,18,False,100,0.4092424370994923,0.02250999817624688,0.046336810479580305,0.04162357093523064,0.08810963944487785,0.18612980535501272,0.9832206251497211,0.020131136191529942,16,8,0.2,2500,fast_ICA,iid,False,5
11,4,4001,23,230001,True,22,False,100,0.727631460756405,0.22240163711830974,0.04980177875825233,0.04495912504177959,0.09231328061203202,0.2605225211755665,0.9662221206940279,0.015164698080118524,16,8,0.2,2500,fast_ICA,iid,False,5
12,8,8001,10,100001,True,16,False,100,0.8647650124797407,0.03605460235849023,0.0436115444143124,0.03938459735147787,0.08680857226744461,0.3300341314705213,0.9454569432284985,0.020537563313077167,16,8,0.2,2500,fast_ICA,iid,False,5
13,1,1001,6,60001,True,10,False,100,0.3033538356023596,0.015215944033116102,0.036495587389968866,0.0334007657685266,0.060995730434650224,0.17459854727408144,0.984927704804562,0.024775100392694094,16,8,0.2,2500,fast_ICA,iid,False,5
12,9,9001,10,100001,True,15,False,100,0.8647650124797407,0.02594325691461563,0.05761637998448371,0.04776505990224718,0.1534088152833455,0.32262019369182593,0.9469712654124759,0.020713266861610246,16,8,0.2,2500,fast_ICA,iid,False,5
13,0,1,22,220001,True,10,False,100,0.6308333717011159,0.02478222269564867,0.037880280491018624,0.03397296537548946,0.07748753124087102,0.19829557680162704,0.9803812553008808,0.02511371505419971,16,8,0.2,2500,fast_ICA,iid,False,5
12,9,9001,25,250001,True,19,False,100,0.6607803516521449,0.01227576332166791,0.04631393575837869,0.04305747051793112,0.08959508494883624,0.21337629904319982,0.9786013964347169,0.02103940194328196,16,8,0.2,2500,fast_ICA,iid,False,5
12,6,6001,6,60001,True,13,False,100,0.3228980780207975,0.04664890607818961,0.03884786144728298,0.03587626052034228,0.07014217785459506,0.1710539682514779,0.9854806586507636,0.02044080869335308,16,8,0.2,2500,fast_ICA,iid,False,5
12,6,6001,15,150001,True,15,False,100,0.7147120926602737,0.04931005882099271,0.0406382133075978,0.037069575243980454,0.07891792266867907,0.20109146735764666,0.9802585498298446,0.020509804665741392,16,8,0.2,2500,fast_ICA,iid,False,5
12,5,5001,28,280001,True,16,False,100,0.4012080304642241,0.06365501880645752,0.043005762926523146,0.040448987064410476,0.07667559797443899,0.19838573495666506,0.9810102891136107,0.021057692389546464,16,8,0.2,2500,fast_ICA,iid,False,5
13,1,1001,8,80001,True,8,False,100,0.6193674452698826,0.016165148001164198,0.2360022055095963,0.11529852562462087,0.893375104749884,0.6805010671001485,0.8118171788742156,0.025299199573655902,16,8,0.2,2500,fast_ICA,iid,False,5
12,7,7001,10,100001,True,14,False,100,0.8647650124797407,0.019855734892189503,0.045415437004804965,0.04156008885299781,0.08853676536619039,0.3141280183055969,0.9475594940366132,0.020773235986647383,16,8,0.2,2500,fast_ICA,iid,False,5
13,1,1001,17,170001,True,10,False,100,0.5485240976095819,0.013917033094912767,0.04145546067816088,0.03836110906212673,0.07832318367154427,0.21115541342074798,0.9782747941270187,0.024887434729946943,16,8,0.2,2500,fast_ICA,iid,False,5
13,0,1,24,240001,True,10,False,100,0.6567623148810431,0.026918699964880943,0.03845217460682323,0.03521850500137588,0.07123597061229306,0.22064007281453454,0.976617030619121,0.02465696555453764,16,8,0.2,2500,fast_ICA,iid,False,5
13,1,1001,1,10001,True,7,False,100,0.3865245092413079,0.01808836590498686,0.035148173165781366,0.032091511348406564,0.06128157119842263,0.1804974163326021,0.9842687319628171,0.025378478250265714,16,8,0.2,2500,fast_ICA,iid,False,5
12,7,7001,19,190001,True,15,False,100,0.716203626601478,0.05165336420759559,0.040758647713435014,0.03877114334214803,0.06383205382769219,0.234633551246734,0.9735891438478481,0.020414461387150293,16,8,0.2,2500,fast_ICA,iid,False,5
12,8,8001,0,1,True,13,False,100,0.8348343904675654,0.04925657995045185,0.0403810416618597,0.03691633651683145,0.06324276578380397,0.24227035996013452,0.9704742326392448,0.019387469412501183,16,8,0.2,2500,fast_ICA,iid,False,5
13,0,1,18,180001,True,11,False,100,0.12036242700539737,0.02882492821663618,0.03363366060047198,0.03196346687650474,0.04757128103449804,0.1617396378147047,0.9873198676354624,0.025587788313511755,16,8,0.2,2500,fast_ICA,iid,False,5
13,1,1001,28,280001,True,9,False,100,0.2962804926274913,0.008976663928478956,0.03889959271773588,0.03529333730693328,0.07394130503621969,0.17400633098374227,0.9857225974633272,0.025966085110954367,16,8,0.2,2500,fast_ICA,iid,False,5
12,9,9001,21,210001,True,17,False,100,0.4766944386477647,0.021038176957517862,0.03712613044419373,0.035409698758931255,0.0516878527053252,0.1719191274158931,0.985528026898663,0.019950456551726278,16,8,0.2,2500,fast_ICA,iid,False,5
13,1,1001,4,40001,True,9,False,100,0.4681067980112915,0.019355077762156725,0.032680530430638496,0.029276301490942607,0.06388622588113609,0.17615006671610303,0.9851261987587464,0.02586606331877099,16,8,0.2,2500,fast_ICA,iid,False,5
12,9,9001,12,120001,True,17,False,100,0.5855563258999412,0.03382450668141246,0.05201861253025101,0.04550553621323429,0.09638308255659735,0.23382187587520684,0.9726110581657701,0.020288619918970418,16,8,0.2,2500,fast_ICA,iid,False,5
13,2,2001,4,40001,True,14,False,100,0.4681067980112915,0.007682871073484421,0.0381458683773216,0.03257765714096849,0.07969442886928742,0.19050144123120635,0.9827294086489892,0.025703347392313537,16,8,0.2,2500,fast_ICA,iid,False,5
13,1,1001,12,120001,True,13,False,100,0.5307693738082964,0.018844590988010168,0.04432800502054969,0.03779655982370714,0.1087413891330536,0.20780400291601744,0.9788128991082637,0.025196357007696606,16,8,0.2,2500,fast_ICA,iid,False,5
12,8,8001,5,50001,True,12,False,100,0.5820534431407173,0.01648224564269185,0.05290523957106936,0.041899896337849,0.13243216959135512,0.20968063290411923,0.9781525850562574,0.02070154475173122,16,8,0.2,2500,fast_ICA,iid,False,5
13,1,1001,3,30001,True,11,False,100,0.30116437898541504,0.018346854019910097,0.038601771409232474,0.03447665405487271,0.07474472119273563,0.18073995714709432,0.9841266441146326,0.025857027446609816,16,8,0.2,2500,fast_ICA,iid,False,5
13,2,2001,28,280001,True,11,False,100,0.2962804926274913,0.00555641483515501,0.03407364000615409,0.032333523277808196,0.05636523339945427,0.1722288529872764,0.9860365562748831,0.02638828144215239,16,8,0.2,2500,fast_ICA,iid,False,5
13,1,1001,15,150001,True,10,False,100,0.7147120926602737,0.024207238107919693,0.031051674439441422,0.02922271070179886,0.05469992471510377,0.20100763240471664,0.9801362645453926,0.025526632780772326,16,8,0.2,2500,fast_ICA,iid,False,5
13,1,1001,22,220001,True,15,False,100,0.6308333717011159,0.01714977202937007,0.04644062058912561,0.03822167233745151,0.10709998399841639,0.2067640114545771,0.979050861215989,0.025527824650458133,16,8,0.2,2500,fast_ICA,iid,False,5
12,8,8001,7,70001,True,17,False,100,0.5334458004261775,0.05254075909033418,0.03774379771740866,0.03439759696382233,0.06825037717350126,0.18929540396663058,0.9824806719683324,0.020875182362448553,16,8,0.2,2500,fast_ICA,iid,False,5
12,9,9001,14,140001,True,14,False,100,0.6416038996530667,0.03899568412452936,0.03341955250862339,0.031036960095297404,0.0643401777420887,0.1906573268426504,0.9821761428293885,0.021703167111648512,16,8,0.2,2500,fast_ICA,iid,False,5
13,2,2001,22,220001,True,12,False,100,0.6308333717011159,0.008612025994807482,0.038646939202908084,0.03452077601388068,0.07908864769799055,0.1946043008455055,0.9811194549220507,0.024609374464217935,16,8,0.2,2500,fast_ICA,iid,False,5
12,6,6001,17,170001,True,16,False,100,0.5485240976095819,0.03231126582249999,0.044620376671553504,0.04282806863893877,0.06466641061542991,0.24824901710535865,0.9700738844708098,0.020088848020506644,16,8,0.2,2500,fast_ICA,iid,False,5
13,2,2001,13,130001,True,10,False,100,0.7263247233923933,0.01132615888491273,0.029675812665530196,0.02714012653477268,0.04347320668460696,0.20594947600752656,0.978965316367181,0.02521639809009892,16,8,0.2,2500,fast_ICA,iid,False,5
12,8,8001,23,230001,True,16,False,100,0.6308734505847167,0.014472168870270252,0.042008550578112966,0.03736048408594082,0.08923190289169564,0.2311661509428709,0.9733072650786115,0.02000577711261997,16,8,0.2,2500,fast_ICA,iid,False,5
13,1,1001,27,270001,True,15,False,100,0.37753158639567086,0.013091867789626122,0.03178277363242671,0.030169622806330523,0.049284453298782095,0.17861236527518817,0.9847097867787821,0.025306978417525106,16,8,0.2,2500,fast_ICA,iid,False,5
13,1,1001,21,210001,True,12,False,100,0.20630667739170974,0.019975984003394842,0.03861512920440357,0.03575503301118947,0.07195575519039944,0.17123930966415646,0.9856730107509929,0.0249970360279803,16,8,0.2,2500,fast_ICA,iid,False,5
13,0,1,6,60001,True,14,False,100,0.3033538356023596,0.01760574895888567,0.03844096742234577,0.03555023648335111,0.06069261680867133,0.17964185232740607,0.9840760765588182,0.02479203360342026,16,8,0.2,2500,fast_ICA,iid,False,5
12,5,5001,18,180001,True,18,False,100,0.5395448135757371,0.032301995903253555,0.03967758569350987,0.03674622561931691,0.06779382176316393,0.17526536991986663,0.9848802894994552,0.020506273668494904,16,8,0.2,2500,fast_ICA,iid,False,5
13,2,2001,25,250001,True,13,False,100,0.6607803516521449,0.008626466151326895,0.028512748139714845,0.026907114953054645,0.04516234353425652,0.1890393641935361,0.9825140545361694,0.025187619210386744,16,8,0.2,2500,fast_ICA,iid,False,5
13,2,2001,3,30001,True,11,False,100,0.30116437898541504,0.016262417193502188,0.03545042035569342,0.031860131409063616,0.0657448668635777,0.17244609516815643,0.9855889359865175,0.025112433658191605,16,8,0.2,2500,fast_ICA,iid,False,5
13,1,1001,19,190001,True,10,False,100,0.643838314319397,0.013267096132040024,0.034750799590771556,0.029903644064879813,0.07241355675448412,0.21431121857172,0.9778375729468728,0.025005690246624614,16,8,0.2,2500,fast_ICA,iid,False,5
12,6,6001,21,210001,True,17,False,100,0.4766944386477647,0.02084939880296588,0.04672364764731206,0.04450605522730455,0.0705095868654018,0.1839493254323758,0.9834291091246685,0.01963845971289616,16,8,0.2,2500,fast_ICA,iid,False,5
13,0,1,15,150001,True,9,False,100,0.7147120926602737,0.006068292073905468,0.03731164842167541,0.034531597948098625,0.0718674050176841,0.2023851858048058,0.979911675062756,0.025336193766356235,16,8,0.2,2500,fast_ICA,iid,False,5
13,1,1001,20,200001,True,8,False,100,0.680903371463084,0.020212871953845024,0.03426942308048187,0.03123937990146956,0.0644608856539211,0.2132269223457365,0.9773839401135739,0.025159068208181378,16,8,0.2,2500,fast_ICA,iid,False,5
12,7,7001,0,1,True,20,False,100,0.8348343904675654,0.041472848039120436,0.039760020806986734,0.03681854965470201,0.06356994024425769,0.24470763658015776,0.9701083212432725,0.019809204677670725,16,8,0.2,2500,fast_ICA,iid,False,5
12,8,8001,19,190001,True,17,False,100,0.716203626601478,0.006178090814501047,0.04814869445648119,0.04396216168474878,0.09331571926587369,0.24794001190945208,0.9696266478091699,0.02037172631704292,16,8,0.2,2500,fast_ICA,iid,False,5
12,5,5001,17,170001,True,15,False,100,0.5485240976095819,0.11303283693268895,0.05063924632062771,0.046917312843275105,0.10488525031024895,0.253627609696089,0.9691266506801219,0.020068531657912655,16,8,0.2,2500,fast_ICA,iid,False,5
12,9,9001,5,50001,True,15,False,100,0.5820534431407173,0.01997708296403289,0.051577180795168605,0.038432627914161126,0.14691347549612505,0.20692685099290828,0.9786664088150012,0.01996951853694942,16,8,0.2,2500,fast_ICA,iid,False,5
13,2,2001,8,80001,True,9,False,100,0.6193674452698826,0.018354565370827913,0.0282081212962058,0.025877126984958764,0.04877518152071083,0.21931397103115,0.9760721758152834,0.0250665684276325,16,8,0.2,2500,fast_ICA,iid,False,5
12,8,8001,18,180001,True,12,False,100,0.5395448135757371,0.023887138813734055,0.04278004931804161,0.039999643735997695,0.07252424268430456,0.176645925570235,0.9846680551161363,0.020651973965212896,16,8,0.2,2500,fast_ICA,iid,False,5
13,3,3001,3,30001,True,8,False,100,0.30116437898541504,0.009076472371816635,0.0334195989672669,0.030948850803427384,0.05833011802939875,0.1734270047566545,0.9853221969935207,0.025058732632572377,16,8,0.2,2500,fast_ICA,iid,False,5
11,5,5001,5,50001,True,22,False,100,0.6599062785256397,0.21699288114905357,0.057220038121073596,0.04743150899618806,0.12425174723193826,0.23671336317055994,0.9728642197722752,0.014879261542023124,16,8,0.2,2500,fast_ICA,iid,False,5
11,8,8001,6,60001,True,29,False,100,0.7374488647673002,0.22645257180556655,0.05198074239349869,0.04856847343759996,0.08788496111101132,0.2108437078631197,0.9780352035415975,0.015108218445858603,16,8,0.2,2500,fast_ICA,iid,False,5
12,7,7001,5,50001,True,16,False,100,0.5820534431407173,0.048386184964329004,0.05006145358315468,0.039957814175606704,0.1321661081512223,0.20886478701741765,0.978242972150549,0.019908077407611736,16,8,0.2,2500,fast_ICA,iid,False,5
13,3,3001,0,1,True,8,False,100,0.5297986950875018,0.01344707515090704,0.04498037728054081,0.040025338158617224,0.09729870938511946,0.19946039394865392,0.9804751488004245,0.024603674355936543,16,8,0.2,2500,fast_ICA,iid,False,5
13,2,2001,26,260001,True,9,False,100,0.32273277501496855,0.01494261622428894,0.03933904324873114,0.03704181725990195,0.06024512320175221,0.1751891496219922,0.9847260292564121,0.025167412612164583,16,8,0.2,2500,fast_ICA,iid,False,5
12,9,9001,18,180001,True,13,False,100,0.5395448135757371,0.014613757841289043,0.043799916909320065,0.040628153833942124,0.07304165779814038,0.17820065233574997,0.9844309564054866,0.020481539086788642,16,8,0.2,2500,fast_ICA,iid,False,5
13,3,3001,7,70001,True,9,False,100,0.5219038508358045,0.00794072961434722,0.03586657860850911,0.03203805532345114,0.06052959054143232,0.19263824684833178,0.9821131519010997,0.025205961052176117,16,8,0.2,2500,fast_ICA,iid,False,5
12,9,9001,4,40001,True,14,False,100,0.4681067980112915,0.049916365183889866,0.03696336058165942,0.03400191125641683,0.058538101999262133,0.1826405450952832,0.984144394325417,0.02120210492742606,16,8,0.2,2500,fast_ICA,iid,False,5
13,2,2001,0,1,True,10,False,100,0.5297986950875018,0.02528298133984208,0.041501109409897714,0.03712143667488727,0.09137520184594598,0.19507596843244449,0.9814279150315771,0.02521316784950135,16,8,0.2,2500,fast_ICA,iid,False,5
13,3,3001,2,20001,True,12,False,100,0.32812711815689183,0.021550993900746107,0.03131010579323106,0.030229402952012138,0.045832570300822995,0.17386983424197014,0.9852185007998099,0.025794237231549992,16,8,0.2,2500,fast_ICA,iid,False,5
12,8,8001,6,60001,True,16,False,100,0.3228980780207975,0.03772162226960063,0.046677015910031434,0.04152787490449229,0.10376210811322252,0.17892569866442343,0.9841261350951485,0.01980759566735883,16,8,0.2,2500,fast_ICA,iid,False,5
13,1,1001,10,100001,True,10,False,100,0.38724045650924044,0.0402191667817533,0.03364940426402177,0.02996471021186461,0.07035393773936408,0.18138739276382218,0.9842028203913983,0.02537813637462229,16,8,0.2,2500,fast_ICA,iid,False,5
13,2,2001,24,240001,True,12,False,100,0.6567623148810431,0.028756488114595413,0.03358046947638829,0.02993302469232914,0.07030425931169478,0.21320318826974383,0.9780708942311058,0.025922425577292244,16,8,0.2,2500,fast_ICA,iid,False,5
12,7,7001,24,240001,True,16,False,100,0.7686727878434086,0.050147213973104954,0.03983683194033436,0.03589606768059296,0.08025906934080726,0.29020287813640044,0.9576730564738619,0.020160739574861537,16,8,0.2,2500,fast_ICA,iid,False,5
13,2,2001,12,120001,True,14,False,100,0.5307693738082964,0.03209498804062605,0.03459186923283487,0.032314613104330286,0.052835401334625734,0.19782080365804644,0.9806225188825897,0.02485779074286205,16,8,0.2,2500,fast_ICA,iid,False,5
12,9,9001,8,80001,True,14,False,100,0.6193674452698826,0.018809021916240454,0.04237482412222815,0.03960442527102994,0.07538943034343097,0.2572578521660479,0.9666925852289018,0.020015620782644027,16,8,0.2,2500,fast_ICA,iid,False,5
13,4,4001,3,30001,True,10,False,100,0.30116437898541504,0.011871824972331524,0.03651242883233628,0.03313221648373928,0.07017359961483563,0.17769045384480744,0.9846964753059165,0.02496666418481837,16,8,0.2,2500,fast_ICA,iid,False,5
13,1,1001,5,50001,True,12,False,100,0.5820534431407173,0.0222036000341177,0.030366249387279606,0.025731039439206183,0.0808726310250303,0.20362790325645985,0.9796178642410949,0.02566664562136011,16,8,0.2,2500,fast_ICA,iid,False,5
12,3,3001,20,200001,True,17,False,100,0.7062500169808623,0.18468967406079173,0.06510163138579511,0.05373051800973026,0.1461581129535917,0.264726853286308,0.9662761593253134,0.020714290809549656,16,8,0.2,2500,fast_ICA,iid,False,5
12,7,7001,4,40001,True,14,False,100,0.4681067980112915,0.14189956476911902,0.04707429681396222,0.03977685592007108,0.09695837446189702,0.19356328016016408,0.9823225913401067,0.02116390364563158,16,8,0.2,2500,fast_ICA,iid,False,5
11,7,7001,24,240001,True,22,False,100,0.7686727878434086,0.22303321305662394,0.06182082318927829,0.05426440716727895,0.12160131293401058,0.32100742671634674,0.9479089476937845,0.015437152971479282,16,8,0.2,2500,fast_ICA,iid,False,5
13,0,1,8,80001,True,10,False,100,0.6193674452698826,0.01175738638266921,0.03152427101318266,0.028750263703839873,0.05166589095357419,0.22262137021813766,0.9754965737825821,0.024552472101868943,16,8,0.2,2500,fast_ICA,iid,False,5
13,4,4001,7,70001,True,7,False,100,0.5219038508358045,0.027259147725999355,0.03495755723717219,0.031891818156615306,0.05563169918308932,0.18852085254747575,0.9828579301484188,0.025130486453231727,16,8,0.2,2500,fast_ICA,iid,False,5
13,4,4001,18,180001,True,8,False,100,0.12036242700539737,0.018708643037825823,0.03416195797630153,0.03224293839058104,0.04991392873263329,0.16420838304846386,0.9869389647686981,0.02553587207619378,16,8,0.2,2500,fast_ICA,iid,False,5
13,4,4001,20,200001,True,10,False,100,0.680903371463084,0.016457595862448215,0.03571341194550121,0.03185880766548689,0.06894519357791487,0.21434110262993325,0.9771915862285391,0.02550631360144944,16,8,0.2,2500,fast_ICA,iid,False,5
13,1,1001,13,130001,True,12,False,100,0.7263247233923933,0.018119745887815952,0.03323830567096241,0.0302217869160155,0.05016110651248708,0.21004503528931817,0.978692063748618,0.025202136391240346,16,8,0.2,2500,fast_ICA,iid,False,5
13,0,1,20,200001,True,11,False,100,0.680903371463084,0.03496827883645892,0.030572180410999204,0.027114541570147466,0.06578281090911935,0.20632644113417845,0.9787693319998012,0.024801177340417074,16,8,0.2,2500,fast_ICA,iid,False,5
13,2,2001,23,230001,True,12,False,100,0.6308734505847167,0.005665683653205633,0.030199922435385728,0.02743055199748723,0.055977353790710456,0.2147204728416616,0.9771481657326376,0.025453239272011995,16,8,0.2,2500,fast_ICA,iid,False,5
13,0,1,7,70001,True,11,False,100,0.5219038508358045,0.015210533980280161,0.035133786937915044,0.031101414238919708,0.061020843164128646,0.19253611241676408,0.9822034451507018,0.025394629992809815,16,8,0.2,2500,fast_ICA,iid,False,5
12,7,7001,27,270001,True,17,False,100,0.44147882539388555,0.05594176705926657,0.04505011022384865,0.04178125894854394,0.08157499855627846,0.18947866766336524,0.9826227133799799,0.020498741793392564,16,8,0.2,2500,fast_ICA,iid,False,5
12,9,9001,1,10001,True,18,False,100,0.4662098547348733,0.04518384486436844,0.035753897834768886,0.032108585287560484,0.06846761555826886,0.18299138334404075,0.9836133668342544,0.020478903438130087,16,8,0.2,2500,fast_ICA,iid,False,5
12,9,9001,11,110001,True,15,False,100,0.4438512154934608,0.015318672638386488,0.04677492211108185,0.04387177770662089,0.08085060676726752,0.19551754138355332,0.9813437399500621,0.019976885989756013,16,8,0.2,2500,fast_ICA,iid,False,5
11,4,4001,17,170001,True,23,False,100,0.5846054416747306,0.3451433232985437,0.061771188225995,0.057974893100364765,0.11022652370427172,0.25681913400282547,0.9676631372272053,0.01501820363323019,16,8,0.2,2500,fast_ICA,iid,False,5
13,0,1,3,30001,True,10,False,100,0.30116437898541504,0.01909435959532857,0.03504106465227253,0.032073810717602805,0.059794010387578075,0.17306323263019163,0.9854031376241711,0.025396111770641716,16,8,0.2,2500,fast_ICA,iid,False,5
13,4,4001,26,260001,True,8,False,100,0.32273277501496855,0.005854213144630194,0.04282410954997275,0.041097223860292104,0.061254157996325116,0.17898737130734918,0.9842647761558833,0.025066339142197615,16,8,0.2,2500,fast_ICA,iid,False,5
12,8,8001,28,280001,True,17,False,100,0.4012080304642241,0.018454904202371836,0.0558783503966187,0.04853743956749229,0.1132720070336261,0.21248940626644444,0.9785248215665079,0.020939832522934358,16,8,0.2,2500,fast_ICA,iid,False,5
12,5,5001,25,250001,True,19,False,100,0.6607803516521449,0.026330314110964537,0.04123452466250169,0.03855084178338507,0.06822799430979704,0.20738373091308365,0.9795534262890686,0.02109071592286025,16,8,0.2,2500,fast_ICA,iid,False,5
13,1,1001,29,290001,True,11,False,100,0.6914004548551383,0.011807166039943695,0.04513398477769211,0.041833271350509085,0.08591728469114925,0.2074762914437094,0.9788018168638933,0.025422454857446194,16,8,0.2,2500,fast_ICA,iid,False,5
13,1,1001,26,260001,True,8,False,100,0.32273277501496855,0.01896261004731059,0.04371138229988137,0.042021499178904624,0.06604188253567542,0.18062021983423535,0.9838775244481367,0.024573193795845508,16,8,0.2,2500,fast_ICA,iid,False,5
13,0,1,25,250001,True,12,False,100,0.6607803516521449,0.006036282051354647,0.030288342143192284,0.028212248716674514,0.04965789578517119,0.1888428220170966,0.9826762257683996,0.025344650175846993,16,8,0.2,2500,fast_ICA,iid,False,5
13,2,2001,16,160001,True,17,False,100,0.23873292693843978,0.011564926709979773,0.04038901895848634,0.03282727631180894,0.1002802670634098,0.175973984445119,0.9848168519491248,0.02513947102562445,16,8,0.2,2500,fast_ICA,iid,False,5
12,7,7001,3,30001,True,12,False,100,0.4092424370994923,0.02967138309031725,0.03708371638752296,0.03383449206209989,0.06325318700415715,0.17516722237313614,0.985051250723908,0.02003454926785691,16,8,0.2,2500,fast_ICA,iid,False,5
13,4,4001,22,220001,True,9,False,100,0.6308333717011159,0.01247631199657917,0.048407855623382734,0.04154753730129201,0.09024418416617672,0.2139053086236473,0.9777865831557767,0.025075551872291806,16,8,0.2,2500,fast_ICA,iid,False,5
13,5,5001,2,20001,True,10,False,100,0.32812711815689183,0.0054929060861468315,0.029762240024915006,0.02838398184855731,0.04737052545007544,0.1722169364942172,0.9855424175523925,0.025409584318663553,16,8,0.2,2500,fast_ICA,iid,False,5
12,8,8001,11,110001,True,17,False,100,0.4438512154934608,0.0258847470395267,0.049328082089037474,0.04526973932820415,0.08552006869796408,0.20075749362515988,0.9804302746920465,0.020306161976167726,16,8,0.2,2500,fast_ICA,iid,False,5
13,0,1,21,210001,True,12,False,100,0.20630667739170974,0.01471541728824377,0.03553489085101822,0.033813067675582544,0.05129762349531662,0.16579542298342653,0.986526479277285,0.02535007594369365,16,8,0.2,2500,fast_ICA,iid,False,5
12,6,6001,14,140001,True,16,False,100,0.6416038996530667,0.04424812085926533,0.031790855438678725,0.028848386017898103,0.06558108022280645,0.18938361755124988,0.9826230530442901,0.021517365784603153,16,8,0.2,2500,fast_ICA,iid,False,5
12,8,8001,16,160001,True,12,False,100,0.7885122762720104,0.0316568398848176,0.048891498725771865,0.04144113968842534,0.10624577286307374,0.23213778810549765,0.9731535050449055,0.020871300479008332,16,8,0.2,2500,fast_ICA,iid,False,5
13,3,3001,15,150001,True,11,False,100,0.7147120926602737,0.04849999397993088,0.032959106666312264,0.03133132429153042,0.05712761637652613,0.2026269139498099,0.979848509900849,0.025706015629770484,16,8,0.2,2500,fast_ICA,iid,False,5
12,9,9001,27,270001,True,16,False,100,0.44147882539388555,0.013257056009024382,0.04724459724770071,0.04425216675985052,0.09059842317253641,0.1897920736698822,0.982547028932215,0.01995741285303712,16,8,0.2,2500,fast_ICA,iid,False,5
12,8,8001,15,150001,True,15,False,100,0.7147120926602737,0.024943292140960693,0.03328167681501715,0.031628275096771456,0.05785987621967263,0.1969356327174981,0.9809949589453418,0.021223658265248156,16,8,0.2,2500,fast_ICA,iid,False,5
13,2,2001,11,110001,True,13,False,100,0.30450244394650205,0.014384870417416096,0.03918953947257094,0.03611742047431827,0.0637322714678762,0.17380679558768533,0.9851850867262698,0.024586307968414788,16,8,0.2,2500,fast_ICA,iid,False,5
13,4,4001,23,230001,True,10,False,100,0.6308734505847167,0.012616490013897419,0.0352656865782696,0.03110073853358613,0.06308072138808392,0.21450454042562553,0.9772911810850405,0.025039122427361223,16,8,0.2,2500,fast_ICA,iid,False,5
13,1,1001,24,240001,True,13,False,100,0.6567623148810431,0.02142413519322872,0.034735362532168364,0.031128688017848596,0.07131150364905738,0.21330452747533182,0.9780449307754395,0.02518336220012276,16,8,0.2,2500,fast_ICA,iid,False,5
13,5,5001,9,90001,True,9,False,100,0.2006841472871201,0.005641874857246876,0.037515706090648374,0.034528638310222445,0.06856722591067761,0.16868014589286584,0.9861816343044673,0.024735157291137035,16,8,0.2,2500,fast_ICA,iid,False,5
12,8,8001,27,270001,True,18,False,100,0.44147882539388555,0.0399810578674078,0.04175039106861773,0.040149111941469515,0.05750551385135982,0.18782539749405003,0.9830211854713277,0.020811061705727028,16,8,0.2,2500,fast_ICA,iid,False,5
13,1,1001,23,230001,True,8,False,100,0.6308734505847167,0.026598932221531868,0.03190649225536386,0.028325044086396505,0.06249984534820886,0.21433189163255859,0.9773152269802315,0.02439814157396683,16,8,0.2,2500,fast_ICA,iid,False,5
13,2,2001,21,210001,True,12,False,100,0.20630667739170974,0.014089642092585564,0.03778510416095557,0.035292833350191594,0.06351403668106824,0.16987263150427326,0.9857821295167151,0.025079788641457084,16,8,0.2,2500,fast_ICA,iid,False,5
13,3,3001,1,10001,True,8,False,100,0.3865245092413079,0.006453978829085827,0.03606919850079725,0.03294847332684113,0.06435464794121304,0.17976946054536036,0.984446553557217,0.02562250919546948,16,8,0.2,2500,fast_ICA,iid,False,5
13,0,1,16,160001,True,10,False,100,0.23873292693843978,0.017800857312977314,0.032041375706647265,0.028493307427562134,0.06557212298242529,0.16343063981480446,0.9869264889821524,0.025327929432704187,16,8,0.2,2500,fast_ICA,iid,False,5
12,9,9001,23,230001,True,14,False,100,0.6308734505847167,0.024163697846233845,0.03892105370943026,0.03494464687728935,0.06917543300851835,0.23192380176275687,0.9729734822705037,0.020004897966107906,16,8,0.2,2500,fast_ICA,iid,False,5
13,2,2001,2,20001,True,11,False,100,0.32812711815689183,0.02165903290733695,0.03246358579855494,0.030557253928860023,0.05115386982678284,0.17216699675246394,0.9854834110406028,0.02493995631554496,16,8,0.2,2500,fast_ICA,iid,False,5
13,5,5001,3,30001,True,10,False,100,0.30116437898541504,0.011654595844447613,0.04246705839883617,0.03731406736796854,0.08797732916653306,0.18069073720632256,0.9841368930515794,0.025074911374915104,16,8,0.2,2500,fast_ICA,iid,False,5
13,2,2001,1,10001,True,9,False,100,0.3865245092413079,0.02509585116058588,0.039484118746955385,0.03335266704485584,0.09300739220528438,0.18040370921935645,0.984214830728707,0.02517133188461819,16,8,0.2,2500,fast_ICA,iid,False,5
13,2,2001,14,140001,True,10,False,100,0.6416038996530667,0.014717286918312311,0.0276561622377589,0.024836378077617783,0.061411137258782916,0.18024417302668438,0.984357584975772,0.025726169852157945,16,8,0.2,2500,fast_ICA,iid,False,5
13,5,5001,27,270001,True,11,False,100,0.37753158639567086,0.005808243062347174,0.029143526083770768,0.02754091032056132,0.04188423978402646,0.17558143112126776,0.9852005575655137,0.025361995281523518,16,8,0.2,2500,fast_ICA,iid,False,5
13,2,2001,10,100001,True,10,False,100,0.38724045650924044,0.023895279970020056,0.032667377022716576,0.028828022019953596,0.0735238075273455,0.1784141204186691,0.9845032637225425,0.024930433556792433,16,8,0.2,2500,fast_ICA,iid,False,5
13,5,5001,0,1,True,10,False,100,0.5297986950875018,0.01577996974810958,0.039619505829030115,0.036353204527241584,0.07258960115664793,0.19334456869398453,0.9815706216224869,0.025194230988933742,16,8,0.2,2500,fast_ICA,iid,False,5
13,3,3001,13,130001,True,10,False,100,0.7263247233923933,0.013154827058315277,0.0339404656922589,0.03139988328226557,0.0550350550576244,0.21347278051055918,0.977879003283999,0.025022167256221754,16,8,0.2,2500,fast_ICA,iid,False,5
11,4,4001,24,240001,True,24,False,100,0.7686727878434086,0.35547333676368,0.05545879578109935,0.049783423180836804,0.09228376736274074,0.32314862735091354,0.9473084538678471,0.015592639992407368,16,8,0.2,2500,fast_ICA,iid,False,5
13,5,5001,5,50001,True,12,False,100,0.5820534431407173,0.016757334116846323,0.025358742752236593,0.022861770902675577,0.048649336268100495,0.2009582211953543,0.9800369114970161,0.025475396849853286,16,8,0.2,2500,fast_ICA,iid,False,5
13,3,3001,16,160001,True,12,False,100,0.23873292693843978,0.015552571974694729,0.0303647205080919,0.02743920737475036,0.06276254457147742,0.16189618320433843,0.9871407084115167,0.02521262891098413,16,8,0.2,2500,fast_ICA,iid,False,5
12,2,2001,24,240001,True,19,False,100,0.7686727878434086,0.2198033039458096,0.04588103277415524,0.04166136480652652,0.0798892012995653,0.2943137760299425,0.9566768179558727,0.019924878669004466,16,8,0.2,2500,fast_ICA,iid,False,5
13,4,4001,6,60001,True,12,False,100,0.3033538356023596,0.007781720720231533,0.03874609763355314,0.03560643781437145,0.061450742688664586,0.17353669659683937,0.9851716308869012,0.02439016683551152,16,8,0.2,2500,fast_ICA,iid,False,5
13,5,5001,19,190001,True,12,False,100,0.643838314319397,0.012336961925029755,0.03649945662601909,0.031622205123507344,0.08081675806502535,0.2176639182971936,0.9775234672484062,0.02542968147076378,16,8,0.2,2500,fast_ICA,iid,False,5
13,1,1001,16,160001,True,9,False,100,0.23873292693843978,0.013809992000460625,0.03787863953589845,0.031511568903224034,0.08993558884787764,0.17285636738113289,0.9853608868603522,0.025023950955337996,16,8,0.2,2500,fast_ICA,iid,False,5
13,6,6001,2,20001,True,12,False,100,0.32812711815689183,0.005593314301222563,0.03035491565263455,0.02842236083591501,0.042505094220277796,0.168030899101533,0.9861975884409908,0.025906125762329806,16,8,0.2,2500,fast_ICA,iid,False,5
13,6,6001,0,1,True,14,False,100,0.5297986950875018,0.006951065734028816,0.04488155300412338,0.03973966856530583,0.09775170846838831,0.2030351054591056,0.9797684915095068,0.024708220505542118,16,8,0.2,2500,fast_ICA,iid,False,5
13,2,2001,6,60001,True,11,False,100,0.3033538356023596,0.034176445100456476,0.0376252819509807,0.03465052750079364,0.05905082988576333,0.1722641923758007,0.9853998580870026,0.025139778694771405,16,8,0.2,2500,fast_ICA,iid,False,5
13,1,1001,11,110001,True,8,False,100,0.30450244394650205,0.08346482319757342,0.033806774387172785,0.030488199623538645,0.06475601362724379,0.1681716478408997,0.986123918562854,0.025053973054583265,16,8,0.2,2500,fast_ICA,iid,False,5
13,3,3001,10,100001,True,11,False,100,0.38724045650924044,0.019155748654156923,0.037355055700300836,0.032969784929394653,0.07317844270560374,0.18104618451395504,0.9841707596028068,0.024976159454805975,16,8,0.2,2500,fast_ICA,iid,False,5
13,5,5001,28,280001,True,9,False,100,0.2962804926274913,0.010827491991221905,0.037704066049002505,0.03494031496378481,0.07516128956097066,0.17250363700959162,0.985964157819247,0.02555430573632423,16,8,0.2,2500,fast_ICA,iid,False,5
13,2,2001,7,70001,True,11,False,100,0.5219038508358045,0.03273576404899359,0.02992301738153405,0.02756708275440444,0.05902482373559385,0.181830431392629,0.9838335414731514,0.025270840720464337,16,8,0.2,2500,fast_ICA,iid,False,5
13,4,4001,8,80001,True,8,False,100,0.6193674452698826,0.007686511147767305,0.0361945115555058,0.03197519685475645,0.08017758302417927,0.2216679182993999,0.9755611434790984,0.025172761186253976,16,8,0.2,2500,fast_ICA,iid,False,5
12,9,9001,29,290001,True,14,False,100,0.6914004548551383,0.01238638162612915,0.049099289077845616,0.0437483584949734,0.10226220542999356,0.215080024952503,0.9774738237100995,0.020673188280424627,16,8,0.2,2500,fast_ICA,iid,False,5
13,5,5001,13,130001,True,9,False,100,0.7263247233923933,0.011528177186846733,0.03394948734660364,0.03151252961961806,0.05441696833627676,0.20812911921821328,0.9790601535532936,0.025781250773228112,16,8,0.2,2500,fast_ICA,iid,False,5
13,1,1001,9,90001,True,9,False,100,0.2006841472871201,0.04579469095915556,0.042633489224580164,0.03727898799380727,0.08609112042578537,0.1753712156659625,0.9849700024666342,0.025444581511420723,16,8,0.2,2500,fast_ICA,iid,False,5
13,6,6001,13,130001,True,8,False,100,0.7263247233923933,0.005618273746222258,0.03282290425012347,0.030277866756454837,0.04901248522064951,0.20769214793268953,0.9790339956933184,0.025891908179203903,16,8,0.2,2500,fast_ICA,iid,False,5
13,3,3001,25,250001,True,10,False,100,0.6607803516521449,0.014659257140010595,0.03001155815428146,0.028066060684000117,0.04931357424702885,0.18853765786457755,0.9827348425308902,0.02542307907872621,16,8,0.2,2500,fast_ICA,iid,False,5
13,4,4001,29,290001,True,6,False,100,0.6914004548551383,0.021126705687493086,0.047950759975965575,0.04378084013293741,0.08822859902808874,0.21854177747235434,0.9764590293988915,0.02488043769905574,16,8,0.2,2500,fast_ICA,iid,False,5
13,3,3001,21,210001,True,8,False,100,0.20630667739170974,0.012235832866281271,0.037828753253459815,0.03518536094723809,0.054820832072505446,0.16956335143333454,0.9858419317921315,0.024699333913834685,16,8,0.2,2500,fast_ICA,iid,False,5
13,4,4001,2,20001,True,8,False,100,0.32812711815689183,0.015898548997938633,0.03305678817114328,0.030995193234933483,0.06285291169408465,0.17393888905653623,0.9852213899424259,0.025567437205651588,16,8,0.2,2500,fast_ICA,iid,False,5
12,9,9001,9,90001,True,18,False,100,0.7013421804701714,0.034622611943632364,0.061951680764881174,0.05217700711209874,0.15031295303072154,0.25743060244970967,0.9675606987281178,0.020360214104271492,16,8,0.2,2500,fast_ICA,iid,False,5
12,4,4001,14,140001,True,15,False,100,0.6416038996530667,0.20735472161322832,0.03318543216879603,0.030640196187207532,0.06399181854061446,0.18966161118470978,0.9824844840032412,0.02016423179710296,16,8,0.2,2500,fast_ICA,iid,False,5
13,6,6001,15,150001,True,8,False,100,0.7147120926602737,0.007567911874502897,0.029257112336256323,0.02785589283270723,0.04468626866478765,0.2015257181547442,0.9802680327585577,0.02584051091569817,16,8,0.2,2500,fast_ICA,iid,False,5
13,6,6001,19,190001,True,9,False,100,0.643838314319397,0.0063595701940357685,0.027025745936864985,0.024734133384294137,0.041541240253145956,0.20200284651179357,0.9798896949020256,0.0252075412051102,16,8,0.2,2500,fast_ICA,iid,False,5
13,3,3001,23,230001,True,12,False,100,0.6308734505847167,0.016887423116713762,0.03967485847019516,0.0344969300296645,0.07825703137959807,0.2178558146410887,0.9765565394777843,0.025338054296936974,16,8,0.2,2500,fast_ICA,iid,False,5
12,7,7001,14,140001,True,15,False,100,0.6416038996530667,0.12190928077325225,0.03538387827723596,0.03251993229360439,0.06408024367431059,0.18771055571750023,0.9827609109193065,0.02076002361694082,16,8,0.2,2500,fast_ICA,iid,False,5
13,6,6001,6,60001,True,11,False,100,0.3033538356023596,0.010157034732401371,0.03750315904351689,0.034832489915482656,0.05888122253840753,0.17215767227601533,0.9853808306462034,0.025240881083900168,16,8,0.2,2500,fast_ICA,iid,False,5
13,4,4001,11,110001,True,9,False,100,0.30450244394650205,0.01113527873530984,0.036772445202270666,0.03397011434435547,0.06638539302676952,0.17081475476315097,0.9856462725936085,0.02534061152265296,16,8,0.2,2500,fast_ICA,iid,False,5
13,5,5001,29,290001,True,11,False,100,0.6914004548551383,0.017151582054793835,0.04623643323312677,0.042623018037960494,0.08495804137848695,0.21626426022014592,0.9770803024857101,0.025143587314889648,16,8,0.2,2500,fast_ICA,iid,False,5
13,5,5001,15,150001,True,9,False,100,0.7147120926602737,0.02137755509465933,0.028780063571859194,0.027479128043181845,0.041003582294741193,0.19866008346057198,0.9805670469295921,0.025716645851705362,16,8,0.2,2500,fast_ICA,iid,False,5
13,3,3001,14,140001,True,10,False,100,0.6416038996530667,0.02190569182857871,0.027248395820234885,0.024959887469466306,0.05883868862536212,0.18434740219369802,0.9837171021144892,0.025204364442284865,16,8,0.2,2500,fast_ICA,iid,False,5
13,3,3001,28,280001,True,10,False,100,0.2962804926274913,0.01625508815050125,0.03108655508858768,0.029995617208556792,0.04721276059984109,0.16680136422568925,0.9869557789225792,0.025879901828268707,16,8,0.2,2500,fast_ICA,iid,False,5
13,7,7001,3,30001,True,13,False,100,0.30116437898541504,0.006471158936619759,0.03716820203477338,0.033156653505858585,0.06478400319754418,0.17755124628985727,0.9846337623149624,0.025686561867291426,16,8,0.2,2500,fast_ICA,iid,False,5
13,4,4001,0,1,True,12,False,100,0.5297986950875018,0.021378724835813046,0.042611100901705876,0.03774907597152774,0.09772372514224938,0.19832800154177388,0.9807764674549495,0.025270703692906096,16,8,0.2,2500,fast_ICA,iid,False,5
13,5,5001,1,10001,True,12,False,100,0.3865245092413079,0.026767641305923462,0.031660697258333134,0.02934437336595023,0.04787797212212277,0.1791993652345297,0.9845119111159212,0.02506829505599623,16,8,0.2,2500,fast_ICA,iid,False,5
13,5,5001,25,250001,True,12,False,100,0.6607803516521449,0.011205459013581276,0.03137178169164216,0.029608973734808097,0.04565151839748525,0.19653357664615778,0.9813695137200987,0.025164986283848226,16,8,0.2,2500,fast_ICA,iid,False,5
13,2,2001,5,50001,True,13,False,100,0.5820534431407173,0.03858014568686485,0.04369713738991143,0.03262211459544499,0.12304222510168493,0.21087808910676795,0.9782421283121003,0.025340326294342425,16,8,0.2,2500,fast_ICA,iid,False,5
13,7,7001,9,90001,True,10,False,100,0.2006841472871201,0.0055470652878284454,0.04140923072089006,0.03678930279057411,0.09157047927685116,0.17170736351869972,0.985725791679334,0.025354339676878345,16,8,0.2,2500,fast_ICA,iid,False,5
13,7,7001,10,100001,True,11,False,100,0.38724045650924044,0.005619404837489128,0.03551679614265613,0.030583529418382098,0.07100907307855067,0.1819275729072802,0.9838961373148436,0.025420716611330448,16,8,0.2,2500,fast_ICA,iid,False,5
13,5,5001,17,170001,True,11,False,100,0.5485240976095819,0.01841367408633232,0.0404526141846147,0.037526825676413425,0.07144907328434735,0.20867461551357694,0.9788698056881117,0.025273189209940414,16,8,0.2,2500,fast_ICA,iid,False,5
13,3,3001,22,220001,True,13,False,100,0.6308333717011159,0.02254583779722452,0.043345889800145435,0.03770947429779851,0.08300533670087508,0.20462036678060302,0.9791967431688348,0.02529884486314542,16,8,0.2,2500,fast_ICA,iid,False,5
13,6,6001,22,220001,True,9,False,100,0.6308333717011159,0.011836885940283537,0.04783043644746587,0.04078746326983333,0.08429842530901756,0.20917565667199434,0.9789092079383227,0.024405756182672107,16,8,0.2,2500,fast_ICA,iid,False,5
13,3,3001,20,200001,True,9,False,100,0.680903371463084,0.029862571973353624,0.03215582110264478,0.027771337368322456,0.06670305145874353,0.2126219641570155,0.9774334168222601,0.02486516421220496,16,8,0.2,2500,fast_ICA,iid,False,5
13,6,6001,11,110001,True,10,False,100,0.30450244394650205,0.01073919190093875,0.034339074532921884,0.03142161864825102,0.06167615041438727,0.16840501666478427,0.9860749093954503,0.025112699394451724,16,8,0.2,2500,fast_ICA,iid,False,5
12,4,4001,6,60001,True,19,False,100,0.3228980780207975,0.1788695720024407,0.038941207688604866,0.0354320774353054,0.06711267954226821,0.1734154319659778,0.9851149904840539,0.020386087507242644,16,8,0.2,2500,fast_ICA,iid,False,5
12,2,2001,5,50001,True,18,False,100,0.5820534431407173,0.19461990194395185,0.029848405442749117,0.02818320754906572,0.044404828725749516,0.194139118090042,0.9811910141518996,0.02027604257139979,16,8,0.2,2500,fast_ICA,iid,False,5
13,6,6001,24,240001,True,9,False,100,0.6567623148810431,0.013794492930173874,0.032974751318686456,0.028757952150734654,0.07279516087122996,0.213551887259722,0.9783083452690823,0.02540376970585662,16,8,0.2,2500,fast_ICA,iid,False,5
13,2,2001,15,150001,True,11,False,100,0.7147120926602737,0.00638723885640502,0.03190907956442224,0.030031807400152176,0.045693610086114896,0.20454795167828652,0.9796123536097946,0.025487167445498227,16,8,0.2,2500,fast_ICA,iid,False,5
13,5,5001,26,260001,True,11,False,100,0.32273277501496855,0.02569340681657195,0.04443893374339068,0.04234518838089433,0.06961859007919047,0.18066376529988773,0.9839526172122964,0.024800299200960437,16,8,0.2,2500,fast_ICA,iid,False,5
13,6,6001,4,40001,True,9,False,100,0.4681067980112915,0.02301968401297927,0.03461989514155834,0.030569856035145872,0.06898177370947607,0.18492520090040268,0.9837186424863398,0.025875181910003358,16,8,0.2,2500,fast_ICA,iid,False,5
13,4,4001,14,140001,True,7,False,100,0.6416038996530667,0.01655085477977991,0.027965190159035924,0.02490862199503479,0.06522860061102237,0.17993319763421955,0.9844321901418639,0.025930490530350868,16,8,0.2,2500,fast_ICA,iid,False,5
13,0,1,11,110001,True,17,False,100,0.30450244394650205,0.009693648666143417,0.037046383443310224,0.035130513814230144,0.06558704342558636,0.17203080062353815,0.985567366556808,0.02536454175864199,16,8,0.2,2500,fast_ICA,iid,False,5
13,5,5001,12,120001,True,9,False,100,0.5307693738082964,0.028384631033986807,0.039748341743936585,0.03481279865097199,0.0910344505319898,0.19965040783401725,0.9804182230601995,0.024839226127293834,16,8,0.2,2500,fast_ICA,iid,False,5
13,2,2001,9,90001,True,12,False,100,0.2006841472871201,0.05208595097064972,0.028598808531430514,0.026010372622160098,0.06401805298029427,0.15884579062683837,0.9877540881866373,0.025037514154698168,16,8,0.2,2500,fast_ICA,iid,False,5
12,9,9001,22,220001,True,16,False,100,0.6308333717011159,0.012197493109852076,0.0454209870499522,0.040879457743605685,0.08044604284042081,0.2126621004903912,0.9785018537412455,0.020099832626504232,16,8,0.2,2500,fast_ICA,iid,False,5
13,7,7001,13,130001,True,12,False,100,0.7263247233923933,0.009255262091755867,0.03262247113465882,0.02948950017184473,0.04889124513172397,0.20730875020663772,0.9789808304183043,0.025118315907796812,16,8,0.2,2500,fast_ICA,iid,False,5
13,3,3001,18,180001,True,9,False,100,0.12036242700539737,0.007737931329756975,0.035165403071802895,0.03295141761028076,0.04933271475691375,0.16577780140259524,0.9866611223220404,0.025151012505456656,16,8,0.2,2500,fast_ICA,iid,False,5
13,6,6001,21,210001,True,12,False,100,0.20630667739170974,0.01727040996775031,0.039567969960723426,0.037343997596078315,0.06599414436500788,0.1694306085543118,0.9858782359212567,0.02504707539087171,16,8,0.2,2500,fast_ICA,iid,False,5
13,2,2001,18,180001,True,12,False,100,0.12036242700539737,0.023166404105722904,0.03515797682642756,0.03385964498632076,0.05100747370188689,0.1636897461809799,0.9869924241979957,0.025633258776844626,16,8,0.2,2500,fast_ICA,iid,False,5
13,6,6001,8,80001,True,7,False,100,0.6193674452698826,0.015751029830425978,0.03244581501780065,0.029049579733424744,0.06774461252110095,0.2223803083405169,0.9754991872512527,0.0253733088647808,16,8,0.2,2500,fast_ICA,iid,False,5
13,4,4001,5,50001,True,8,False,100,0.5820534431407173,0.005394735839217901,0.028215532708058603,0.025125431239899104,0.0632546550660705,0.19962908884729566,0.9803168308299739,0.025071816714628208,16,8,0.2,2500,fast_ICA,iid,False,5
13,4,4001,21,210001,True,10,False,100,0.20630667739170974,0.011380587704479694,0.0352268363371474,0.03361043398456653,0.0509517495600879,0.16455400428185202,0.9867336074822001,0.025290836815129548,16,8,0.2,2500,fast_ICA,iid,False,5
13,5,5001,14,140001,True,10,False,100,0.6416038996530667,0.021342856343835592,0.02868499657906157,0.026481225857447024,0.06072595905449658,0.18474308086822658,0.9836065039295864,0.02568826579127781,16,8,0.2,2500,fast_ICA,iid,False,5
13,7,7001,29,290001,True,11,False,100,0.6914004548551383,0.005826074164360762,0.043702883116171674,0.040364884334597055,0.07554634285360444,0.21152235073110662,0.9781291293196545,0.025395341565875505,16,8,0.2,2500,fast_ICA,iid,False,5
13,1,1001,2,20001,True,13,False,100,0.32812711815689183,0.02741532726213336,0.03361438641717238,0.03141816038206291,0.05352064616621749,0.1722723650390615,0.9854498321674479,0.025096484623735087,16,8,0.2,2500,fast_ICA,iid,False,5
13,6,6001,1,10001,True,11,False,100,0.3865245092413079,0.028320521116256714,0.02926991238779476,0.02692942333818252,0.04797248136611846,0.1745845347228594,0.9852481514587387,0.0249345739441262,16,8,0.2,2500,fast_ICA,iid,False,5
13,2,2001,29,290001,True,13,False,100,0.6914004548551383,0.018703492358326912,0.04739462405578882,0.043667963472428226,0.08614548681417518,0.21377318760174557,0.9776677518629034,0.02490406514617934,16,8,0.2,2500,fast_ICA,iid,False,5
13,8,8001,6,60001,True,10,False,100,0.3033538356023596,0.005908722057938576,0.034691612625971334,0.03203731330878658,0.05501353482326492,0.17218111766704805,0.9853859570477287,0.025463883937893336,16,8,0.2,2500,fast_ICA,iid,False,5
13,2,2001,27,270001,True,12,False,100,0.37753158639567086,0.025850377045571804,0.03475450894827922,0.032865056956796035,0.057049850216721876,0.1817190307289898,0.9844263766026243,0.025045336067764323,16,8,0.2,2500,fast_ICA,iid,False,5
13,7,7001,23,230001,True,13,False,100,0.6308734505847167,0.009259242098778486,0.03514792946360713,0.030720809636566985,0.06537398877053736,0.2181226659808951,0.9766287902094568,0.02530916852575801,16,8,0.2,2500,fast_ICA,iid,False,5
13,6,6001,14,140001,True,9,False,100,0.6416038996530667,0.02341035194694996,0.02958265135523834,0.026851621073967276,0.06513228758124952,0.1844701486793945,0.9836358589747308,0.025520941832342343,16,8,0.2,2500,fast_ICA,iid,False,5
13,3,3001,8,80001,True,10,False,100,0.6193674452698826,0.012074763886630535,0.029165165659093946,0.026758861701432907,0.045393939319245985,0.21969395701743166,0.9759937318202662,0.024958908629890256,16,8,0.2,2500,fast_ICA,iid,False,5
13,1,1001,7,70001,True,11,False,100,0.5219038508358045,0.015397682785987854,0.035591916435421124,0.03103513867054373,0.0627076676465212,0.1910537489927914,0.9825025788971667,0.025462329327322165,16,8,0.2,2500,fast_ICA,iid,False,5
12,6,6001,7,70001,True,14,False,100,0.5334458004261775,0.15377214970067143,0.03269888634037849,0.030371263165549445,0.05315724995276648,0.1840589598484143,0.9833318964279361,0.020280111758747173,16,8,0.2,2500,fast_ICA,iid,False,5
13,3,3001,17,170001,True,10,False,100,0.5485240976095819,0.019856873899698257,0.03628726874398553,0.034014052946880646,0.05929987263123969,0.2041303250199651,0.9795167981849966,0.024361342276345642,16,8,0.2,2500,fast_ICA,iid,False,5
13,4,4001,16,160001,True,9,False,100,0.23873292693843978,0.0049683391116559505,0.03685094917390122,0.03224000868934873,0.07733551921122035,0.16853136277716685,0.9860709846367284,0.025085147059397968,16,8,0.2,2500,fast_ICA,iid,False,5
13,4,4001,12,120001,True,13,False,100,0.5307693738082964,0.00913925189524889,0.03420167059790103,0.031737869661269194,0.061096231417688315,0.19628142598265308,0.9809962033900114,0.025250517050402054,16,8,0.2,2500,fast_ICA,iid,False,5
13,3,3001,11,110001,True,13,False,100,0.30450244394650205,0.01910685980692506,0.03672036168893596,0.03434671090664383,0.06626977712825993,0.17107570045877918,0.9856714245783708,0.024979652380788846,16,8,0.2,2500,fast_ICA,iid,False,5
13,7,7001,12,120001,True,12,False,100,0.5307693738082964,0.015730871353298426,0.0426167338330198,0.03801155045558097,0.08354754364268582,0.20956295337601247,0.9785132329576816,0.02512548749015144,16,8,0.2,2500,fast_ICA,iid,False,5
13,7,7001,7,70001,True,10,False,100,0.5219038508358045,0.01789670716971159,0.031092631679823558,0.0284559499707431,0.05822344075174171,0.18266299444994216,0.9838034941193886,0.025292179402743194,16,8,0.2,2500,fast_ICA,iid,False,5
13,4,4001,1,10001,True,10,False,100,0.3865245092413079,0.01699093310162425,0.029774884477517922,0.027483736190503524,0.045628661535463154,0.1741578508023874,0.9853905639344843,0.02558161507308851,16,8,0.2,2500,fast_ICA,iid,False,5
13,7,7001,1,10001,True,10,False,100,0.3865245092413079,0.017079521901905537,0.028222271696376804,0.02609994826132026,0.0475063536107243,0.1721895386569358,0.9856719394801173,0.025615104762199633,16,8,0.2,2500,fast_ICA,iid,False,5
13,4,4001,13,130001,True,8,False,100,0.7263247233923933,0.010001466143876314,0.036461000568472256,0.031937896067362595,0.0757588032894118,0.2199527424471862,0.977010224937235,0.024773847735508395,16,8,0.2,2500,fast_ICA,iid,False,5
13,6,6001,12,120001,True,10,False,100,0.5307693738082964,0.02045947127044201,0.04511768753721015,0.0394231344583727,0.10680356271539904,0.20782235410370734,0.9789243299063216,0.0252233750711877,16,8,0.2,2500,fast_ICA,iid,False,5
13,5,5001,7,70001,True,11,False,100,0.5219038508358045,0.030500256922096014,0.03507593597582015,0.03191814453907254,0.06360820547888707,0.189669772153615,0.9825077382953141,0.025579234004499494,16,8,0.2,2500,fast_ICA,iid,False,5
13,2,2001,17,170001,True,10,False,100,0.5485240976095819,0.031618121080100536,0.036126968674108965,0.03333715759468536,0.056881912579469576,0.20590445457865325,0.979197803252804,0.025325992349801426,16,8,0.2,2500,fast_ICA,iid,False,5
13,6,6001,18,180001,True,15,False,100,0.12036242700539737,0.016571874730288982,0.033429653366731676,0.030974268008666882,0.05225234957226112,0.16238969269961015,0.9871979839448572,0.02569392297672053,16,8,0.2,2500,fast_ICA,iid,False,5
13,4,4001,9,90001,True,10,False,100,0.2006841472871201,0.016088879201561213,0.03971390833217237,0.035469356520525616,0.07783713979397407,0.17257700960663133,0.9855294139108278,0.025728784288963812,16,8,0.2,2500,fast_ICA,iid,False,5
12,9,9001,16,160001,True,16,False,100,0.7885122762720104,0.029385923873633146,0.049634088645340295,0.0434533263948468,0.10879534141939055,0.23286345236174394,0.9731026605340237,0.020544312475228147,16,8,0.2,2500,fast_ICA,iid,False,5
13,7,7001,15,150001,True,11,False,100,0.7147120926602737,0.018435743171721697,0.02628647223307344,0.024466148682559006,0.04246552251677841,0.1991800030994626,0.9804260893032349,0.025494534229834203,16,8,0.2,2500,fast_ICA,iid,False,5
13,3,3001,29,290001,True,10,False,100,0.6914004548551383,0.028798379004001617,0.04578150855829476,0.0413382211063069,0.09303479164308005,0.21021402026135208,0.9782783824040937,0.025281838817840546,16,8,0.2,2500,fast_ICA,iid,False,5
13,8,8001,3,30001,True,14,False,100,0.30116437898541504,0.014130441006273031,0.0405291176211433,0.03618871239564783,0.07641275656209229,0.18267596922279125,0.9839717977448329,0.0256259516458624,16,8,0.2,2500,fast_ICA,iid,False,5
13,7,7001,20,200001,True,10,False,100,0.680903371463084,0.011149539146572351,0.03104999344045437,0.027381626373558572,0.06563556762231297,0.2063275848038946,0.9787369764482813,0.02477214815679244,16,8,0.2,2500,fast_ICA,iid,False,5
12,6,6001,13,130001,True,18,False,100,0.7263247233923933,0.10716584417968988,0.039814033829093924,0.038137218529512476,0.05474904262252922,0.20710890688270592,0.9789450795181402,0.020337499834740345,16,8,0.2,2500,fast_ICA,iid,False,5
13,7,7001,4,40001,True,15,False,100,0.4681067980112915,0.02240730868652463,0.031601970061801474,0.02771963049108055,0.062339415175275,0.18122136851865345,0.9843476834297902,0.025645729447305088,16,8,0.2,2500,fast_ICA,iid,False,5
13,3,3001,6,60001,True,10,False,100,0.3033538356023596,0.01212631305679679,0.03752522281306197,0.03515222942287764,0.05705428279585048,0.1731794638454728,0.9851127890438091,0.025309150635452148,16,8,0.2,2500,fast_ICA,iid,False,5
13,6,6001,7,70001,True,7,False,100,0.5219038508358045,0.03481060964986682,0.03222908720094305,0.029394739322568964,0.0587978625523571,0.18824795663910857,0.982790498424226,0.024693442532425693,16,8,0.2,2500,fast_ICA,iid,False,5
13,2,2001,19,190001,True,8,False,100,0.643838314319397,0.007893549744039774,0.028140917159280347,0.025569910045623628,0.04441545307995652,0.2046093354858675,0.9793437128240408,0.025408496392431867,16,8,0.2,2500,fast_ICA,iid,False,5
13,2,2001,20,200001,True,11,False,100,0.680903371463084,0.023773110937327147,0.03385314933851135,0.03024639303734933,0.06512190746993064,0.2111012530804535,0.9777420472795894,0.025368528572615286,16,8,0.2,2500,fast_ICA,iid,False,5
12,4,4001,16,160001,True,19,False,100,0.7885122762720104,0.0923642972484231,0.04118922255934502,0.03730795418287315,0.07687841720799003,0.2269863977814062,0.9740266676443332,0.02003562170365114,16,8,0.2,2500,fast_ICA,iid,False,5
13,6,6001,5,50001,True,8,False,100,0.5820534431407173,0.01572249084711075,0.030070185495386436,0.025790197205025085,0.07817869454199501,0.20208593330847394,0.9800258555286261,0.025222923244911478,16,8,0.2,2500,fast_ICA,iid,False,5
13,8,8001,23,230001,True,9,False,100,0.6308734505847167,0.009175672195851803,0.03304052025488201,0.02927317353254072,0.06655642762932128,0.21444835705799029,0.9773267141587688,0.025296136403165644,16,8,0.2,2500,fast_ICA,iid,False,5
13,0,1,14,140001,True,14,False,100,0.6416038996530667,0.07462693890556693,0.028384009037489825,0.02601967738231619,0.06260933791124365,0.1848110972055801,0.983625562512465,0.02519080842704744,16,8,0.2,2500,fast_ICA,iid,False,5
13,8,8001,21,210001,True,9,False,100,0.20630667739170974,0.015787280164659023,0.038893282216421785,0.036218632183459706,0.0694253969486963,0.1696014031388334,0.9859237716225913,0.024788570998759293,16,8,0.2,2500,fast_ICA,iid,False,5
13,9,9001,15,150001,True,9,False,100,0.7147120926602737,0.009662658907473087,0.03416463762350089,0.03181877338954253,0.060424884858294794,0.2030588606404409,0.9796830966409513,0.025541280358738105,16,8,0.2,2500,fast_ICA,iid,False,5
12,4,4001,25,250001,True,20,False,100,0.6607803516521449,0.23497685696929693,0.04446817743315239,0.04106039907727336,0.08415097538334736,0.2088062550170453,0.9792104028187808,0.021214211616042495,16,8,0.2,2500,fast_ICA,iid,False,5
13,5,5001,24,240001,True,12,False,100,0.6567623148810431,0.027023768983781338,0.0385618014043568,0.03427970445136978,0.07556256120230227,0.21992537084110073,0.9770422184905434,0.025456937746139174,16,8,0.2,2500,fast_ICA,iid,False,5
13,6,6001,29,290001,True,8,False,100,0.6914004548551383,0.03281532321125269,0.0445036514062128,0.041600145986104085,0.07689705810423772,0.210299209800797,0.9782450526069892,0.02497578155128329,16,8,0.2,2500,fast_ICA,iid,False,5
13,8,8001,22,220001,True,12,False,100,0.6308333717011159,0.015931949019432068,0.038063843482455194,0.034036297585734385,0.08180258807041273,0.19567467048831708,0.9807734978999886,0.02494359634988428,16,8,0.2,2500,fast_ICA,iid,False,5
13,4,4001,15,150001,True,8,False,100,0.7147120926602737,0.016034348867833614,0.02884804276931752,0.0275887529994,0.046947337665961535,0.1971676845511674,0.9808741852385415,0.025166911803670384,16,8,0.2,2500,fast_ICA,iid,False,5
13,4,4001,19,190001,True,8,False,100,0.643838314319397,0.010089125949889421,0.03549587684289992,0.03102149090610936,0.08093925232462666,0.21974467070184436,0.9768401264640009,0.02559645020758939,16,8,0.2,2500,fast_ICA,iid,False,5
13,3,3001,5,50001,True,13,False,100,0.5820534431407173,0.03097919374704361,0.04610536321160129,0.03411436305522604,0.12452587375804111,0.2140640678893931,0.9775937911782256,0.024757960959428345,16,8,0.2,2500,fast_ICA,iid,False,5
13,6,6001,10,100001,True,8,False,100,0.38724045650924044,0.02141471393406391,0.02995819654064174,0.025975762434138253,0.07082389014452539,0.17687857363222226,0.9848431984799121,0.025529418129485577,16,8,0.2,2500,fast_ICA,iid,False,5
13,7,7001,27,270001,True,15,False,100,0.37753158639567086,0.027909914031624794,0.03599796436163725,0.03401248741534673,0.06258583910602304,0.18299480790141134,0.984019848246449,0.025066221978546445,16,8,0.2,2500,fast_ICA,iid,False,5
13,8,8001,4,40001,True,8,False,100,0.4681067980112915,0.026638141833245754,0.03846663051603532,0.032700793780914575,0.08497545335461236,0.18649642708644085,0.983492122692179,0.025598510850139707,16,8,0.2,2500,fast_ICA,iid,False,5
13,7,7001,11,110001,True,13,False,100,0.30450244394650205,0.029064196161925793,0.03952382669915968,0.036445439397836926,0.06546061489407973,0.1764254130273313,0.9847341807902996,0.02457778275994924,16,8,0.2,2500,fast_ICA,iid,False,5
13,9,9001,4,40001,True,11,False,100,0.4681067980112915,0.023784739896655083,0.030663013855424096,0.02791004939981751,0.059161733734834646,0.17710584088068815,0.9851002703294816,0.025913735551529,16,8,0.2,2500,fast_ICA,iid,False,5
13,0,1,1,10001,True,10,False,100,0.3865245092413079,0.07933731004595757,0.029410835330449008,0.027307886231825215,0.04861814774148372,0.1734067111672548,0.9854347610790045,0.02540829438546956,16,8,0.2,2500,fast_ICA,iid,False,5
13,9,9001,25,250001,True,11,False,100,0.6607803516521449,0.017864996567368507,0.03089378656552841,0.029424862149713557,0.04754586412171263,0.1898593741636194,0.9823721870684762,0.02595758792460986,16,8,0.2,2500,fast_ICA,iid,False,5
13,8,8001,13,130001,True,12,False,100,0.7263247233923933,0.01193531509488821,0.03218102218399993,0.030136354737317673,0.04954836520117779,0.20924142258212072,0.9785818245538208,0.025012672461842283,16,8,0.2,2500,fast_ICA,iid,False,5
13,8,8001,11,110001,True,13,False,100,0.30450244394650205,0.02469504438340664,0.039723906868717754,0.03647423254704532,0.06640103228209099,0.17478498701822442,0.9850062415094049,0.0252752276557504,16,8,0.2,2500,fast_ICA,iid,False,5
13,8,8001,26,260001,True,9,False,100,0.32273277501496855,0.009197052102535963,0.04022510307234814,0.03812581462858497,0.05958587496439161,0.17539581206179003,0.9847246663091539,0.025169531811204064,16,8,0.2,2500,fast_ICA,iid,False,5
13,3,3001,27,270001,True,15,False,100,0.37753158639567086,0.019546426832675934,0.03035928624723137,0.02878969385494258,0.04581146770866221,0.17821523535543035,0.9848414020110877,0.0253996220755564,16,8,0.2,2500,fast_ICA,iid,False,5
13,1,1001,25,250001,True,8,False,100,0.6607803516521449,0.020147623028606176,0.0316107475347275,0.029998014577265034,0.0465477545901312,0.19310738185907791,0.9820320533436684,0.02504759825015641,16,8,0.2,2500,fast_ICA,iid,False,5
13,3,3001,19,190001,True,9,False,100,0.643838314319397,0.012161573860794306,0.03811947399553427,0.03128100418186753,0.09579666391849494,0.21883771298187624,0.9771755244636277,0.025178176440273686,16,8,0.2,2500,fast_ICA,iid,False,5
13,9,9001,26,260001,True,12,False,100,0.32273277501496855,0.02865228895097971,0.04814171563465351,0.04501037929025177,0.08910594146359041,0.188987274705807,0.9824863532541664,0.024972307910298128,16,8,0.2,2500,fast_ICA,iid,False,5
12,5,5001,6,60001,True,17,False,100,0.3228980780207975,0.24353575333952904,0.044807394137534505,0.04004113320691986,0.08492656196419852,0.17857247805896634,0.9842918828365714,0.020004434600653372,16,8,0.2,2500,fast_ICA,iid,False,5
13,8,8001,9,90001,True,11,False,100,0.2006841472871201,0.00794542906805873,0.033451078936732714,0.03151337076752301,0.05783590002181669,0.16385284173285405,0.9869376250864098,0.025119750354515847,16,8,0.2,2500,fast_ICA,iid,False,5
14,0,1,21,210001,True,6,False,100,0.17240095184380397,0.01664027525112033,0.031324243241597,0.02900893242617643,0.04683905852572659,0.16515007524789888,0.9865001407157712,0.02959457381125638,16,8,0.2,2500,fast_ICA,iid,False,5
14,0,1,22,220001,True,6,False,100,0.22230352765134004,0.011386228259652853,0.031028926991980777,0.02780777515580419,0.06603844136181958,0.1696486246508219,0.985652188305859,0.029815743801418385,16,8,0.2,2500,fast_ICA,iid,False,5
13,7,7001,6,60001,True,12,False,100,0.3033538356023596,0.020018673967570066,0.03561082238560736,0.033008970090664426,0.05943048925089789,0.17554439824888377,0.9848195919844148,0.025380796443845267,16,8,0.2,2500,fast_ICA,iid,False,5
13,8,8001,2,20001,True,9,False,100,0.32812711815689183,0.012101633939892054,0.03681718639719846,0.035099759858484264,0.05895172475119622,0.17585000143367344,0.9849278799711708,0.025023513629991497,16,8,0.2,2500,fast_ICA,iid,False,5
13,1,1001,18,180001,True,13,False,100,0.12036242700539737,0.15287510491907597,0.03316079430450634,0.03133410731642901,0.04570313887894524,0.1626351941742604,0.9871222784671968,0.025253641813888464,16,8,0.2,2500,fast_ICA,iid,False,5
14,0,1,19,190001,True,6,False,100,0.1280216521407031,0.02716461941599846,0.021222248775507917,0.019524676580845154,0.03649622442788942,0.15635994816286022,0.9881398553564935,0.030396512635323187,16,8,0.2,2500,fast_ICA,iid,False,5
13,3,3001,4,40001,True,10,False,100,0.4681067980112915,0.02438792586326599,0.0337801481759456,0.03010801009349877,0.06193245883728996,0.17829458735364223,0.9847676093103267,0.025623019961581037,16,8,0.2,2500,fast_ICA,iid,False,5
13,6,6001,9,90001,True,9,False,100,0.2006841472871201,0.06901458371430635,0.03188987294947967,0.030089620049124917,0.06151871309933754,0.1593267255331083,0.9876378272209815,0.02551482353682588,16,8,0.2,2500,fast_ICA,iid,False,5
14,1,1001,3,30001,True,6,False,100,0.16400224387166476,0.008729944936931133,0.025157533317025214,0.02253670250420617,0.047277257582905435,0.16271908306823363,0.9873115788512208,0.030302212929416938,16,8,0.2,2500,fast_ICA,iid,False,5
13,6,6001,23,230001,True,10,False,100,0.6308734505847167,0.021383236162364483,0.030532194230292454,0.026934864363849273,0.0652147756799322,0.21294715195343128,0.9774737497138521,0.024702346079942147,16,8,0.2,2500,fast_ICA,iid,False,5
13,7,7001,19,190001,True,13,False,100,0.643838314319397,0.02688020095229149,0.028319904539436683,0.026466647678183595,0.041639381900256414,0.20208952662862775,0.9798468005302481,0.02571509919004151,16,8,0.2,2500,fast_ICA,iid,False,5
13,4,4001,4,40001,True,9,False,100,0.4681067980112915,0.020659458823502064,0.03285562411042726,0.02964551788982686,0.06088511563624875,0.17955924445778204,0.9845892125039852,0.025931413033171934,16,8,0.2,2500,fast_ICA,iid,False,5
13,8,8001,5,50001,True,13,False,100,0.5820534431407173,0.05642656376585364,0.045224696928393995,0.0356064947424118,0.11552806395899268,0.2143862105494246,0.9775352421796621,0.025493217411140603,16,8,0.2,2500,fast_ICA,iid,False,5
14,1,1001,10,100001,True,8,False,100,0.38724045650924044,0.0044455318711698055,0.033093512412781446,0.02863986663034291,0.07163135867414605,0.18569238097223167,0.9832996120875512,0.029578512930599276,16,8,0.2,2500,fast_ICA,iid,False,5
14,1,1001,2,20001,True,6,False,100,0.17809596154578775,0.01519778510555625,0.02504984832841506,0.022458997284956272,0.04484611854147774,0.16426952005936613,0.9868636950284564,0.03049234820665782,16,8,0.2,2500,fast_ICA,iid,False,5
13,8,8001,24,240001,True,11,False,100,0.6567623148810431,0.018190385308116674,0.03472537464525461,0.03045679293624422,0.07888241726107866,0.21305333594372433,0.9780730987843325,0.025631701237215476,16,8,0.2,2500,fast_ICA,iid,False,5
14,1,1001,16,160001,True,9,False,100,0.23873292693843978,0.007405334152281284,0.03497907104202268,0.0266211204835887,0.09639098925125263,0.17539955596798446,0.9847734224926681,0.030020244912245784,16,8,0.2,2500,fast_ICA,iid,False,5
13,6,6001,26,260001,True,8,False,100,0.32273277501496855,0.026940010022372007,0.043638984894461164,0.04146378226903199,0.06778675140781676,0.17917180444235878,0.9842756245427022,0.024678623124112262,16,8,0.2,2500,fast_ICA,iid,False,5
13,5,5001,6,60001,True,12,False,100,0.3033538356023596,0.057710975874215364,0.03886522643886783,0.03615696643263414,0.06274051764154633,0.17626261612155802,0.9846856727281929,0.024769736188104175,16,8,0.2,2500,fast_ICA,iid,False,5
13,6,6001,3,30001,True,9,False,100,0.30116437898541504,0.0425669108517468,0.041122945941516865,0.03651584420262303,0.08053974930956416,0.1791854456736397,0.9844032638536717,0.02491157442504137,16,8,0.2,2500,fast_ICA,iid,False,5
14,1,1001,7,70001,True,8,False,100,0.5219038508358045,0.013973861932754517,0.03500177272416334,0.030158250946067056,0.0624521820964122,0.20247383550177436,0.9806796349717912,0.030189288260615843,16,8,0.2,2500,fast_ICA,iid,False,5
13,9,9001,13,130001,True,10,False,100,0.7263247233923933,0.01615129830315709,0.03494781265727713,0.0320958127022575,0.06021967820927336,0.21602356823296057,0.977474121433112,0.025338888856970113,16,8,0.2,2500,fast_ICA,iid,False,5
14,1,1001,9,90001,True,7,False,100,0.1378226139901437,0.01621844805777073,0.023651294752158065,0.022234115224425286,0.04159502598803326,0.15642532463970032,0.987949339071118,0.030261330835389413,16,8,0.2,2500,fast_ICA,iid,False,5
14,1,1001,6,60001,True,7,False,100,0.06040356197985764,0.01878135185688734,0.03184781121572062,0.0277151612967882,0.05870103447238836,0.1666822112193015,0.9861779311715541,0.02990041903627063,16,8,0.2,2500,fast_ICA,iid,False,5
13,9,9001,10,100001,True,9,False,100,0.38724045650924044,0.014490248635411263,0.03515112864149394,0.031658720321220454,0.07055456192098211,0.17887944859306923,0.984455222828264,0.024941340687417258,16,8,0.2,2500,fast_ICA,iid,False,5
13,9,9001,6,60001,True,14,False,100,0.3033538356023596,0.015813889913260937,0.03629763693934856,0.03379075353848342,0.056339190882907036,0.1746332516087108,0.984972415074317,0.024818031475358684,16,8,0.2,2500,fast_ICA,iid,False,5
13,7,7001,0,1,True,11,False,100,0.5297986950875018,0.04005727730691433,0.03566334257251251,0.03264012507029171,0.06089901336104319,0.18903821446239652,0.982220440055093,0.02442730823125585,16,8,0.2,2500,fast_ICA,iid,False,5
14,1,1001,5,50001,True,10,False,100,0.4353929304816683,0.01967517612501979,0.026136157046469752,0.022427289198602225,0.06567675622975015,0.17700599011825266,0.9850835941120484,0.02968473286984819,16,8,0.2,2500,fast_ICA,iid,False,5
13,9,9001,1,10001,True,13,False,100,0.3865245092413079,0.01158145722001791,0.03703306742763694,0.032488224907141004,0.07889732472111814,0.17878540430801318,0.9845828914720579,0.02542589381395138,16,8,0.2,2500,fast_ICA,iid,False,5
13,4,4001,17,170001,True,8,False,100,0.5485240976095819,0.010065136011689901,0.04131715862837823,0.038147267071844085,0.07330547605838385,0.20593419570093752,0.9792516460590454,0.0249771719888262,16,8,0.2,2500,fast_ICA,iid,False,5
12,3,3001,12,120001,True,17,False,100,0.5855563258999412,0.25701530929654837,0.048794924670410335,0.04302423332449241,0.10204871306161507,0.22927577654630946,0.9736367584716196,0.01989932168590322,16,8,0.2,2500,fast_ICA,iid,False,5
13,8,8001,18,180001,True,14,False,100,0.12036242700539737,0.06880680611357093,0.03533532454496342,0.03319630158857973,0.05427836010153406,0.163323985798103,0.9870016286958031,0.025098062475643553,16,8,0.2,2500,fast_ICA,iid,False,5
14,1,1001,18,180001,True,6,False,100,0.04937990751915944,0.00980011885985732,0.025368658958901943,0.02343060901305139,0.040262865915171975,0.15547027404068392,0.9881843035775101,0.030039952405865575,16,8,0.2,2500,fast_ICA,iid,False,5
14,1,1001,21,210001,True,6,False,100,0.17240095184380397,0.012620050925761461,0.03197159348618195,0.02900174883656162,0.05135953505505467,0.16425206129796624,0.9866694828881335,0.030274961046823444,16,8,0.2,2500,fast_ICA,iid,False,5
13,8,8001,25,250001,True,9,False,100,0.6607803516521449,0.011694536078721285,0.03093735427495898,0.029071591436874142,0.047054095575019994,0.1909537152282367,0.9822632245801226,0.025530939540006927,16,8,0.2,2500,fast_ICA,iid,False,5
14,1,1001,24,240001,True,7,False,100,0.5560590337443231,0.01273655891418457,0.029044655874227693,0.025284356264136776,0.07206018602555928,0.19340588628324812,0.9821919382467175,0.030379216556451184,16,8,0.2,2500,fast_ICA,iid,False,5
14,2,2001,10,100001,True,7,False,100,0.38724045650924044,0.007881340105086565,0.029414964850798947,0.025548421548068523,0.06427992477211729,0.17797832769072047,0.9846608133100427,0.030075761431468562,16,8,0.2,2500,fast_ICA,iid,False,5
13,5,5001,16,160001,True,10,False,100,0.23873292693843978,0.059942131862044334,0.04393320689793788,0.035484924295062656,0.1059930207389346,0.17888184734504,0.984368400234831,0.02500284568852229,16,8,0.2,2500,fast_ICA,iid,False,5
13,5,5001,11,110001,True,14,False,100,0.30450244394650205,0.017909327056258917,0.03558667748631804,0.0331565001268331,0.06511885570680355,0.1719657677885166,0.9855020375725153,0.025091645193277445,16,8,0.2,2500,fast_ICA,iid,False,5
14,2,2001,1,10001,True,7,False,100,0.3865245092413079,0.011903705075383186,0.026387132507000872,0.02391200538648615,0.042269008085189325,0.17494437929532358,0.985154688777855,0.03021072869360237,16,8,0.2,2500,fast_ICA,iid,False,5
13,7,7001,21,210001,True,11,False,100,0.20630667739170974,0.018124565947800875,0.041417141721589605,0.038208554790910884,0.07316099968510041,0.1705359931727505,0.9857422793838481,0.02521654315597788,16,8,0.2,2500,fast_ICA,iid,False,5
14,0,1,11,110001,True,5,False,100,0.30450244394650205,0.008518395945429802,0.029815729310687596,0.02703786538886513,0.048349651607615625,0.1704989674933165,0.9856566134187981,0.029951466161505267,16,8,0.2,2500,fast_ICA,iid,False,5
13,9,9001,2,20001,True,12,False,100,0.32812711815689183,0.027888813987374306,0.031331754187343984,0.029639470172209637,0.04701307989497234,0.1694815879657036,0.9859604511625034,0.02506201878346891,16,8,0.2,2500,fast_ICA,iid,False,5
13,3,3001,12,120001,True,9,False,100,0.5307693738082964,0.010319645050913095,0.04096351944660282,0.03617563652473493,0.09157179292126569,0.20435097058431242,0.9794042197677614,0.02483544823901099,16,8,0.2,2500,fast_ICA,iid,False,5
14,2,2001,9,90001,True,8,False,100,0.1378226139901437,0.010839732363820076,0.025709063965443514,0.024536958465783035,0.043817710033755265,0.15918639396012507,0.9875610314041482,0.029869942576467173,16,8,0.2,2500,fast_ICA,iid,False,5
14,2,2001,5,50001,True,8,False,100,0.4353929304816683,0.010047777090221643,0.02500364293308134,0.02097466129474379,0.06191606579847202,0.17885288017938317,0.9846270857879269,0.03035796092711672,16,8,0.2,2500,fast_ICA,iid,False,5
13,9,9001,27,270001,True,13,False,100,0.37753158639567086,0.01335567468777299,0.03327662428127986,0.0311344504834671,0.06184185107697637,0.17998632497494838,0.9845014917753178,0.024889306569378333,16,8,0.2,2500,fast_ICA,iid,False,5
14,1,1001,19,190001,True,6,False,100,0.1280216521407031,0.024985511787235737,0.028438833141648353,0.02444824472212013,0.06287451682433741,0.16498979669630803,0.9867646416350304,0.030256505431370827,16,8,0.2,2500,fast_ICA,iid,False,5
14,1,1001,23,230001,True,4,False,100,0.12340048891671039,0.016475906129926443,0.02439858972347037,0.021773302491280407,0.04719746144203031,0.1581396089945063,0.9877528607285383,0.02985435818245245,16,8,0.2,2500,fast_ICA,iid,False,5
13,9,9001,24,240001,True,14,False,100,0.6567623148810431,0.017384530045092106,0.03672356334456422,0.032307927348083854,0.07393178045789271,0.21851110278529187,0.9770503326149003,0.025457449154780147,16,8,0.2,2500,fast_ICA,iid,False,5
14,0,1,3,30001,True,5,False,100,0.16400224387166476,0.014427938964217901,0.021753321479727535,0.019174550200517948,0.052477405118103025,0.1599735636731909,0.9876705161384163,0.03104797322569292,16,8,0.2,2500,fast_ICA,iid,False,5
14,0,1,0,1,True,5,False,100,0.5297986950875018,0.017684937920421362,0.0336342715961296,0.03076783716651156,0.06344938705549007,0.19404693622925656,0.9817933910421597,0.03034406395053095,16,8,0.2,2500,fast_ICA,iid,False,5
14,2,2001,6,60001,True,9,False,100,0.06040356197985764,0.01984006492421031,0.03059929782909668,0.027655986203799623,0.05345205371726339,0.16699111064843195,0.9862009610345756,0.030019054306698535,16,8,0.2,2500,fast_ICA,iid,False,5
13,8,8001,7,70001,True,9,False,100,0.5219038508358045,0.015960250049829483,0.03229603216695113,0.029483700730343995,0.0662433681307098,0.18537113410801467,0.9832448434317861,0.025542690866218312,16,8,0.2,2500,fast_ICA,iid,False,5
14,1,1001,15,150001,True,7,False,100,0.2593332379285856,0.03001995012164116,0.023383123410619752,0.022064378155296438,0.036755976077135856,0.16166754898836894,0.9875376223046851,0.030307663272592544,16,8,0.2,2500,fast_ICA,iid,False,5
14,0,1,4,40001,True,5,False,100,0.4681067980112915,0.01775191817432642,0.027441796916887473,0.02439922339745651,0.0547710719562986,0.18688815922163443,0.9836911913868558,0.03068507084889635,16,8,0.2,2500,fast_ICA,iid,False,5
13,9,9001,22,220001,True,13,False,100,0.6308333717011159,0.026450372766703367,0.03815165202246238,0.03401245541041194,0.07935333951680187,0.19804211384731352,0.9802888635459778,0.025126436437519332,16,8,0.2,2500,fast_ICA,iid,False,5
13,7,7001,16,160001,True,12,False,100,0.23873292693843978,0.035707755014300346,0.042410707204319865,0.03549004799783692,0.08498383203102812,0.17466991543913554,0.985007752550977,0.025352174981432364,16,8,0.2,2500,fast_ICA,iid,False,5
14,2,2001,15,150001,True,6,False,100,0.2593332379285856,0.017272391356527805,0.02540275712568986,0.023858119851901078,0.046535577794999505,0.16235818293634086,0.9874449400337734,0.02954725797340364,16,8,0.2,2500,fast_ICA,iid,False,5
14,2,2001,23,230001,True,7,False,100,0.12340048891671039,0.01090262085199356,0.024432693859205896,0.021669356098450047,0.049112023406189885,0.16196766631848097,0.9871633557273971,0.030929859417713396,16,8,0.2,2500,fast_ICA,iid,False,5
13,9,9001,18,180001,True,11,False,100,0.12036242700539737,0.028368500992655754,0.03657639844552327,0.03483289908122562,0.06060445711113742,0.16630650948332062,0.9865992075653082,0.024987080262387735,16,8,0.2,2500,fast_ICA,iid,False,5
14,2,2001,21,210001,True,7,False,100,0.17240095184380397,0.012885287869721651,0.029828433609874635,0.026958455623200945,0.051264176417894367,0.16381937463335713,0.9866982316175494,0.029862629919518817,16,8,0.2,2500,fast_ICA,iid,False,5
13,7,7001,5,50001,True,14,False,100,0.5820534431407173,0.045995269902050495,0.04386328268355046,0.0347053169901138,0.10075352616644638,0.21489891800907746,0.9774934912785311,0.025126612168368808,16,8,0.2,2500,fast_ICA,iid,False,5
14,0,1,1,10001,True,5,False,100,0.3865245092413079,0.025110861752182245,0.0228816536996418,0.02033029661463194,0.03991027747959742,0.16545496821046146,0.9864704750444784,0.030069907597675524,16,8,0.2,2500,fast_ICA,iid,False,5
14,0,1,9,90001,True,5,False,100,0.1378226139901437,0.01965718576684594,0.02470449004472404,0.023657851470830764,0.0443901791129992,0.15636172806698687,0.9880227053064614,0.030118961930512774,16,8,0.2,2500,fast_ICA,iid,False,5
13,9,9001,16,160001,True,13,False,100,0.23873292693843978,0.0312866629101336,0.03503258861859797,0.031234544296690966,0.06420350739633018,0.1652441042287315,0.986638053169921,0.025183777149209413,16,8,0.2,2500,fast_ICA,iid,False,5
11,4,4001,8,80001,True,18,False,100,0.6193674452698826,0.42502777790650725,0.057387603700026185,0.050213190015177045,0.12050598678113347,0.281666909471137,0.9607418508944369,0.014951159976776223,16,8,0.2,2500,fast_ICA,iid,False,5
14,2,2001,27,270001,True,5,False,100,0.00885964877197644,0.011494907084852457,0.029626100042944588,0.027938671498093596,0.04505899142665278,0.16531787824606536,0.9867079438883436,0.03047458150090498,16,8,0.2,2500,fast_ICA,iid,False,5
13,9,9001,5,50001,True,12,False,100,0.5820534431407173,0.033598469104617834,0.025726838300310324,0.02355994168389354,0.039993448477060094,0.20033597090549615,0.9803309950305009,0.02506114157271821,16,8,0.2,2500,fast_ICA,iid,False,5
13,8,8001,19,190001,True,10,False,100,0.643838314319397,0.01343921571969986,0.02823085516610081,0.025575632142200263,0.04379243460528992,0.2037095651466152,0.9794608509132806,0.025631783483495207,16,8,0.2,2500,fast_ICA,iid,False,5
13,8,8001,10,100001,True,14,False,100,0.38724045650924044,0.03910481324419379,0.03481794741336969,0.03126975221544665,0.07547807680620211,0.17964648713797393,0.9843256620464337,0.024618011424945057,16,8,0.2,2500,fast_ICA,iid,False,5
14,0,1,13,130001,True,5,False,100,0.1796051483003321,0.017954177223145962,0.030458529107755275,0.027416343505829683,0.05032645411974481,0.1678804479774363,0.9862313842475215,0.029998762726562656,16,8,0.2,2500,fast_ICA,iid,False,5
13,8,8001,12,120001,True,11,False,100,0.5307693738082964,0.04337088717147708,0.039776319498540165,0.03504461424325869,0.08246836264409871,0.20872694692287322,0.9789215469715803,0.02487450388552255,16,8,0.2,2500,fast_ICA,iid,False,5
13,8,8001,14,140001,True,9,False,100,0.6416038996530667,0.009695309214293957,0.029505927251212424,0.02686540544315664,0.054119134599760234,0.18530777903686127,0.983611251019951,0.025719446670588102,16,8,0.2,2500,fast_ICA,iid,False,5
13,9,9001,20,200001,True,11,False,100,0.680903371463084,0.026886450592428446,0.030759471728882014,0.027026537313410315,0.06652877278244333,0.20723778324029155,0.978578897088719,0.02511523589843711,16,8,0.2,2500,fast_ICA,iid,False,5
14,0,1,24,240001,True,6,False,100,0.5560590337443231,0.01234390214085579,0.027991653737858578,0.023920719256955884,0.06863797025788954,0.1887870679452577,0.9829430828486971,0.029980192728096676,16,8,0.2,2500,fast_ICA,iid,False,5
14,0,1,8,80001,True,5,False,100,0.6193674452698826,0.02461993508040905,0.027347832894334217,0.023947170813132086,0.06193472824813664,0.2021535987201989,0.9802709815023142,0.029397667222162284,16,8,0.2,2500,fast_ICA,iid,False,5
14,0,1,17,170001,True,6,False,100,0.5485240976095819,0.019012710079550743,0.029656592480798376,0.02677876316562263,0.04798058572744727,0.19163944763655288,0.9818213815273034,0.02999032721806642,16,8,0.2,2500,fast_ICA,iid,False,5
14,2,2001,19,190001,True,6,False,100,0.1280216521407031,0.012848578859120607,0.027983218900705306,0.025403681680976085,0.05389667247835234,0.16225606792961328,0.9872328949865987,0.030025770624238116,16,8,0.2,2500,fast_ICA,iid,False,5
14,2,2001,29,290001,True,7,False,100,0.15546299490751336,0.01031005522236228,0.04200909375163808,0.03794600674095565,0.08558890543253878,0.1859039015515966,0.9830357740107964,0.029731311337206665,16,8,0.2,2500,fast_ICA,iid,False,5
13,4,4001,25,250001,True,8,False,100,0.6607803516521449,0.13908716291189194,0.03207575160017104,0.030277971894878672,0.047932298872822486,0.19315959153500506,0.9819958164584593,0.025729068364280294,16,8,0.2,2500,fast_ICA,iid,False,5
14,2,2001,24,240001,True,7,False,100,0.5560590337443231,0.011255508754402399,0.0284499386142946,0.024263514653208015,0.06843944083272864,0.19037092723312554,0.982693243418765,0.03074277271537569,16,8,0.2,2500,fast_ICA,iid,False,5
13,8,8001,1,10001,True,9,False,100,0.3865245092413079,0.039401641115546227,0.026864282668858642,0.02435874934801245,0.04200643972784132,0.17015377477745264,0.9859505914189634,0.025057080258958475,16,8,0.2,2500,fast_ICA,iid,False,5
14,2,2001,14,140001,True,7,False,100,0.2770922526504216,0.017909337300807238,0.020479987289781138,0.019473703557878863,0.03662144946734455,0.15752743107661915,0.9882778366731437,0.03097166894401174,16,8,0.2,2500,fast_ICA,iid,False,5
14,0,1,26,260001,True,7,False,100,0.08485836034662095,0.013942592311650515,0.03603873478396581,0.03279687261293411,0.06193553367623727,0.17983350349734295,0.9839870068346738,0.02989005473710094,16,8,0.2,2500,fast_ICA,iid,False,5
14,0,1,16,160001,True,7,False,100,0.23873292693843978,0.02218532981351018,0.024833182747699634,0.02077942465959404,0.0586597814891284,0.1591600383833509,0.9874215982620355,0.030082165807301796,16,8,0.2,2500,fast_ICA,iid,False,5
14,0,1,6,60001,True,7,False,100,0.06040356197985764,0.01642320631071925,0.0331614048532735,0.029647401970398474,0.05790255942740569,0.17092348519515949,0.9854582448085792,0.030530683287157887,16,8,0.2,2500,fast_ICA,iid,False,5
14,2,2001,28,280001,True,5,False,100,0.1345120719168225,0.0160052590072155,0.024309820377003136,0.02291743236621497,0.033697069404553956,0.16323211147468858,0.9878146603203019,0.03112493629661248,16,8,0.2,2500,fast_ICA,iid,False,5
14,0,1,27,270001,True,6,False,100,0.00885964877197644,0.014404668938368559,0.029266187263585326,0.027294709406768737,0.04478253373265471,0.16521492766891963,0.9868212509785933,0.030499987956894098,16,8,0.2,2500,fast_ICA,iid,False,5
14,2,2001,18,180001,True,6,False,100,0.04937990751915944,0.020288962870836258,0.02673964151122635,0.02521063733371525,0.04387623842932568,0.1580469109470176,0.9877614788053257,0.029901607221370467,16,8,0.2,2500,fast_ICA,iid,False,5
13,3,3001,9,90001,True,10,False,100,0.2006841472871201,0.01981201535090804,0.029991111784217695,0.028361665940919156,0.0600064845259846,0.15974032806171742,0.9875880518027991,0.025629170775417442,16,8,0.2,2500,fast_ICA,iid,False,5
13,5,5001,4,40001,True,10,False,100,0.4681067980112915,0.13621423114091158,0.03258391671331247,0.029844776897400824,0.06607268384046473,0.17867590601863706,0.9848397545346069,0.02548352114172551,16,8,0.2,2500,fast_ICA,iid,False,5
13,4,4001,24,240001,True,9,False,100,0.6567623148810431,0.004563110880553722,0.040984110061750643,0.03607971889698721,0.07719411609324342,0.22254604722712226,0.9767050521919698,0.02464469620829027,16,8,0.2,2500,fast_ICA,iid,False,5
13,8,8001,29,290001,True,10,False,100,0.6914004548551383,0.03172711003571749,0.04164883237462495,0.039286618447524374,0.07172516871219359,0.20774154228926575,0.9787065486981025,0.025711336275295156,16,8,0.2,2500,fast_ICA,iid,False,5
14,2,2001,16,160001,True,9,False,100,0.23873292693843978,0.019450136926025152,0.03586737544568046,0.02766888077465985,0.09570959775449152,0.17868540093155474,0.9843119528029749,0.03002032282488326,16,8,0.2,2500,fast_ICA,iid,False,5
13,9,9001,7,70001,True,13,False,100,0.5219038508358045,0.013442186173051596,0.036769079398520955,0.032703020598475685,0.0694254477069039,0.19264585378525534,0.982384158556238,0.024886803894923246,16,8,0.2,2500,fast_ICA,iid,False,5
13,8,8001,17,170001,True,10,False,100,0.5485240976095819,0.017373701091855764,0.0350257864465149,0.032068263707923914,0.05960691007662554,0.20123454746162792,0.9802449459365826,0.024909422973647052,16,8,0.2,2500,fast_ICA,iid,False,5
14,1,1001,8,80001,True,6,False,100,0.6193674452698826,0.007582102902233601,0.025202186520835612,0.022783283220568797,0.04426079951998015,0.19725686451569155,0.9810554711437174,0.030245671351046683,16,8,0.2,2500,fast_ICA,iid,False,5
13,6,6001,27,270001,True,8,False,100,0.37753158639567086,0.03554605599492788,0.036776209024407834,0.03388556840907089,0.07229884214539133,0.18495272829748358,0.9837934282980854,0.025423953128412065,16,8,0.2,2500,fast_ICA,iid,False,5
14,3,3001,11,110001,True,7,False,100,0.30450244394650205,0.005671503953635693,0.028804025712987145,0.026131621086180987,0.0462314399810653,0.16901709435438184,0.9857476308645305,0.029238943100099595,16,8,0.2,2500,fast_ICA,iid,False,5
13,8,8001,28,280001,True,10,False,100,0.2962804926274913,0.016032989136874676,0.031311117890458616,0.03016957144262752,0.04415523170474707,0.16664830554589757,0.9869512595583011,0.025367250276120468,16,8,0.2,2500,fast_ICA,iid,False,5
13,7,7001,22,220001,True,15,False,100,0.6308333717011159,0.025254759937524796,0.03855880083812106,0.03461312683078174,0.07477561462207945,0.19660740150844255,0.980787419001926,0.02462311601627495,16,8,0.2,2500,fast_ICA,iid,False,5
13,4,4001,27,270001,True,8,False,100,0.37753158639567086,0.15619692485779524,0.03183749241756394,0.030302037631695367,0.052053450354627336,0.1786221467920345,0.984692535288061,0.025209644385712403,16,8,0.2,2500,fast_ICA,iid,False,5
13,9,9001,11,110001,True,11,False,100,0.30450244394650205,0.013475154992192984,0.037876382348410086,0.035712373710037534,0.06282211847583742,0.17196395746155535,0.9854397795869952,0.025591889796936253,16,8,0.2,2500,fast_ICA,iid,False,5
13,5,5001,23,230001,True,11,False,100,0.6308734505847167,0.14404202112928033,0.03239023825968981,0.028241728592458697,0.06556411244631304,0.2115370198237766,0.9778518444892444,0.025685716159086165,16,8,0.2,2500,fast_ICA,iid,False,5
13,7,7001,28,280001,True,10,False,100,0.2962804926274913,0.013551295269280672,0.035657988187290615,0.033889914552629255,0.0640497531745906,0.1730352064930117,0.985899621995865,0.026360933324135045,16,8,0.2,2500,fast_ICA,iid,False,5
14,3,3001,4,40001,True,6,False,100,0.4681067980112915,0.019842004869133234,0.033819762109494195,0.028383049878689996,0.06777121435847361,0.19958422697838799,0.9817211507434038,0.03145005773243703,16,8,0.2,2500,fast_ICA,iid,False,5
13,6,6001,28,280001,True,10,False,100,0.2962804926274913,0.028731778729707003,0.0364480048468157,0.03385718725240752,0.06785696656138678,0.1718865447427351,0.9859974865552684,0.026524415530834466,16,8,0.2,2500,fast_ICA,iid,False,5
13,5,5001,8,80001,True,11,False,100,0.6193674452698826,0.09405032591894269,0.02874160460994307,0.026535707396241046,0.045902234992870224,0.21653347633050166,0.9767196168261244,0.02517184029412187,16,8,0.2,2500,fast_ICA,iid,False,5
14,3,3001,12,120001,True,6,False,100,0.5307693738082964,0.011810466181486845,0.032031194809121435,0.02867844671026574,0.05455449954697293,0.19086861256370238,0.9819180071508034,0.030245223329561897,16,8,0.2,2500,fast_ICA,iid,False,5
14,0,1,25,250001,True,6,False,100,0.6607803516521449,0.03208119701594114,0.025918782824986306,0.024006748547813483,0.04021721643602317,0.21124330420996812,0.9789970345963995,0.030174977845048134,16,8,0.2,2500,fast_ICA,iid,False,5
14,3,3001,13,130001,True,6,False,100,0.1796051483003321,0.019434568006545305,0.03230161527818098,0.029304256276203894,0.05323661315234124,0.16813873301373577,0.9862252995107885,0.030422148859315736,16,8,0.2,2500,fast_ICA,iid,False,5
13,5,5001,21,210001,True,11,False,100,0.20630667739170974,0.054816553834825754,0.0363742314380854,0.03442104051693172,0.054088159362466526,0.1661140109290793,0.9864574046975862,0.025103147840298157,16,8,0.2,2500,fast_ICA,iid,False,5
14,1,1001,14,140001,True,8,False,100,0.2770922526504216,0.012423241976648569,0.020956846190265367,0.020029120563086977,0.033180945161786705,0.1597756041028282,0.98785588145085,0.03042845041100585,16,8,0.2,2500,fast_ICA,iid,False,5
14,1,1001,13,130001,True,7,False,100,0.1796051483003321,0.017306530848145485,0.030686232685838002,0.02779632475682102,0.051867582171484204,0.16749667508147303,0.9862651602106124,0.029505811075852803,16,8,0.2,2500,fast_ICA,iid,False,5
14,1,1001,17,170001,True,8,False,100,0.5485240976095819,0.011206128634512424,0.0294788783948098,0.026674220976289593,0.050075778037073734,0.19424272540331733,0.9813278357739804,0.029862142808352907,16,8,0.2,2500,fast_ICA,iid,False,5
14,3,3001,18,180001,True,5,False,100,0.04937990751915944,0.011677635833621025,0.02647409756589195,0.025100880229857583,0.03956088155342131,0.15926191559825786,0.987537556936418,0.03008244961334483,16,8,0.2,2500,fast_ICA,iid,False,5
14,4,4001,1,10001,True,5,False,100,0.3865245092413079,0.012682539876550436,0.02325708235618847,0.021229794876619985,0.03862215390042582,0.16987968399048436,0.9859118694211617,0.029526191821998383,16,8,0.2,2500,fast_ICA,iid,False,5
13,8,8001,20,200001,True,8,False,100,0.680903371463084,0.02520157117396593,0.03327562839491127,0.02951240749012938,0.06828233304090774,0.21128936627946193,0.9777655665420184,0.02552189488293454,16,8,0.2,2500,fast_ICA,iid,False,5
13,3,3001,26,260001,True,9,False,100,0.32273277501496855,0.14836368383839726,0.044217667032000786,0.04229816660625825,0.07465706833805102,0.18345315451859953,0.983466632682497,0.025164976962284542,16,8,0.2,2500,fast_ICA,iid,False,5
14,3,3001,15,150001,True,6,False,100,0.2593332379285856,0.02033853204920888,0.023694530209919577,0.022309787307823035,0.035481481625517626,0.1604797245626649,0.9877229563028962,0.03024647568552099,16,8,0.2,2500,fast_ICA,iid,False,5
13,7,7001,18,180001,True,13,False,100,0.12036242700539737,0.018431982956826687,0.03297449555095433,0.03013407562884144,0.049325690287559634,0.1618236196058561,0.9872951489813846,0.025300755441630202,16,8,0.2,2500,fast_ICA,iid,False,5
13,9,9001,19,190001,True,11,False,100,0.643838314319397,0.014261850155889988,0.03411744471860099,0.029157407421391508,0.0763395782017584,0.21727380455929357,0.9772396650563965,0.0241904929248833,16,8,0.2,2500,fast_ICA,iid,False,5
14,4,4001,25,250001,True,6,False,100,0.6607803516521449,0.004433072172105312,0.023572653335963787,0.021693048128026714,0.03861443588427198,0.2034398230188502,0.9800560373557956,0.030350788556354178,16,8,0.2,2500,fast_ICA,iid,False,5
14,1,1001,27,270001,True,6,False,100,0.00885964877197644,0.011929415166378021,0.030763231850691103,0.028991304572459325,0.04665635937390621,0.16716609775610408,0.986488711734095,0.029666715778397485,16,8,0.2,2500,fast_ICA,iid,False,5
14,4,4001,19,190001,True,5,False,100,0.1280216521407031,0.008501615840941668,0.02408919523894156,0.022416325531221075,0.04111704670050838,0.15981035612476335,0.9875742455219966,0.02991391190766925,16,8,0.2,2500,fast_ICA,iid,False,5
14,1,1001,11,110001,True,6,False,100,0.30450244394650205,0.01792321726679802,0.02705088455458783,0.024425252654043224,0.04634758849942827,0.16547989098130012,0.9864280942957522,0.029859062823926814,16,8,0.2,2500,fast_ICA,iid,False,5
14,4,4001,6,60001,True,5,False,100,0.06040356197985764,0.021864522248506546,0.030260423475950586,0.02622086991407997,0.056982148344466244,0.1667221444993474,0.9861220921805668,0.03001995172635975,16,8,0.2,2500,fast_ICA,iid,False,5
12,4,4001,27,270001,True,21,False,100,0.44147882539388555,0.24982387386262417,0.03948522016418932,0.03784783935489652,0.06013441273600032,0.18405126011133258,0.9835664483518561,0.019989819543677487,16,8,0.2,2500,fast_ICA,iid,False,5
14,5,5001,5,50001,True,10,False,100,0.4353929304816683,0.009292981121689081,0.025679088119101693,0.022061099277051698,0.06297174952467413,0.17709611354859964,0.9849371057610925,0.03062245579247318,16,8,0.2,2500,fast_ICA,iid,False,5
13,5,5001,20,200001,True,8,False,100,0.680903371463084,0.05429003806784749,0.031868939638348644,0.027853499677877917,0.06483552095226301,0.2080747806765617,0.9784360757553155,0.024692482690555684,16,8,0.2,2500,fast_ICA,iid,False,5
14,4,4001,23,230001,True,4,False,100,0.12340048891671039,0.014554588124155998,0.023076097691814828,0.02039843227157868,0.04079163608703314,0.15812083722190431,0.9877540643265794,0.029971209801721466,16,8,0.2,2500,fast_ICA,iid,False,5
14,0,1,7,70001,True,5,False,100,0.5219038508358045,0.012409392278641462,0.03317676786073293,0.028891062529085926,0.06465946237779334,0.19358472809254404,0.9821700479115936,0.030466499852979667,16,8,0.2,2500,fast_ICA,iid,False,5
14,2,2001,13,130001,True,7,False,100,0.1796051483003321,0.00852140597999096,0.0305389810652033,0.027150699264730016,0.05305964618642523,0.16704899453608318,0.9863958183714583,0.029907629311132958,16,8,0.2,2500,fast_ICA,iid,False,5
14,4,4001,22,220001,True,5,False,100,0.22230352765134004,0.017295910976827145,0.032645028099728905,0.028782392790833874,0.07209117008588749,0.16897441049885353,0.9857262264952901,0.030223065739920695,16,8,0.2,2500,fast_ICA,iid,False,5
14,4,4001,11,110001,True,5,False,100,0.30450244394650205,0.02269271621480584,0.029797729376960565,0.0262174687188617,0.051788553783351975,0.16717979661354385,0.9860816767821183,0.029793296300559304,16,8,0.2,2500,fast_ICA,iid,False,5
14,2,2001,2,20001,True,6,False,100,0.17809596154578775,0.01609643828123808,0.02326120050670116,0.021549667843031257,0.03962668644333449,0.16323771699845177,0.9869921487539608,0.029281244466914772,16,8,0.2,2500,fast_ICA,iid,False,5
14,0,1,12,120001,True,5,False,100,0.5307693738082964,0.014071111101657152,0.032057773863193084,0.028573763660737776,0.05788759407380497,0.1895946548934906,0.9822022451620129,0.029901829604357454,16,8,0.2,2500,fast_ICA,iid,False,5
14,2,2001,3,30001,True,6,False,100,0.16400224387166476,0.009580929763615131,0.023539384895242137,0.02125706019649096,0.04404439692905563,0.1622282777394378,0.9874274171266344,0.02965509998843313,16,8,0.2,2500,fast_ICA,iid,False,5
14,3,3001,2,20001,True,6,False,100,0.17809596154578775,0.0327880228869617,0.02442025131841592,0.02165502125201369,0.04847515774203279,0.16494098087573306,0.9868012038239109,0.029894899929843052,16,8,0.2,2500,fast_ICA,iid,False,5
14,5,5001,10,100001,True,7,False,100,0.38724045650924044,0.009835317730903625,0.03151386636061698,0.027863233267211965,0.07193168048921311,0.18293072866167756,0.9837023277595172,0.029855568510698458,16,8,0.2,2500,fast_ICA,iid,False,5
14,5,5001,13,130001,True,7,False,100,0.1796051483003321,0.009579978883266449,0.030452744497394837,0.026824850490754584,0.0535471306660011,0.16963368954942762,0.9858895400898879,0.029912418169383444,16,8,0.2,2500,fast_ICA,iid,False,5
14,4,4001,2,20001,True,5,False,100,0.17809596154578775,0.02532385988160968,0.023868389866202835,0.02082286346511302,0.04568780759767994,0.16645365189824562,0.9865433083434474,0.029949175784455134,16,8,0.2,2500,fast_ICA,iid,False,5
14,2,2001,20,200001,True,6,False,100,0.680903371463084,0.011000510770827532,0.025524356151679833,0.02221636516793052,0.06063948036458089,0.20475825539193293,0.979119084835239,0.030135843959180467,16,8,0.2,2500,fast_ICA,iid,False,5
14,1,1001,1,10001,True,7,False,100,0.3865245092413079,0.042620920576155186,0.025174420929241447,0.02333804232130822,0.04435758264081292,0.17110209706061388,0.9857792576070896,0.03018756291056319,16,8,0.2,2500,fast_ICA,iid,False,5
14,3,3001,9,90001,True,7,False,100,0.1378226139901437,0.03787226090207696,0.025124211977378807,0.0235432359396138,0.0447510679823787,0.15833204776931095,0.9876613213927348,0.029743135677490498,16,8,0.2,2500,fast_ICA,iid,False,5
13,9,9001,14,140001,True,10,False,100,0.6416038996530667,0.02583795739337802,0.02789940359631677,0.02560724925107563,0.05772447487881783,0.18557925627968497,0.983446354785584,0.025675457717365627,16,8,0.2,2500,fast_ICA,iid,False,5
14,0,1,18,180001,True,7,False,100,0.04937990751915944,0.019504147116094828,0.02747923858686964,0.02578626869801892,0.04601021191974793,0.15610662575245,0.9881121029244775,0.02988149501317547,16,8,0.2,2500,fast_ICA,iid,False,5
14,3,3001,25,250001,True,6,False,100,0.6607803516521449,0.019037130288779736,0.022028432881016188,0.0197581806733946,0.03959348453434106,0.20264725513482235,0.980290338254028,0.03015198974243303,16,8,0.2,2500,fast_ICA,iid,False,5
14,5,5001,0,1,True,8,False,100,0.5297986950875018,0.008903994224965572,0.02942674683996142,0.026133397511141555,0.06371153442571002,0.1887634710575397,0.9823249399819441,0.030022630154013116,16,8,0.2,2500,fast_ICA,iid,False,5
14,4,4001,29,290001,True,5,False,100,0.15546299490751336,0.016138318926095963,0.03987598825783049,0.036572589729348806,0.07184279181890463,0.1860900835841307,0.9828829411549552,0.03005993519823948,16,8,0.2,2500,fast_ICA,iid,False,5
13,9,9001,29,290001,True,11,False,100,0.6914004548551383,0.019536457024514675,0.047631584533824316,0.042735191797586336,0.09710148243867074,0.205125269218686,0.9793666087639433,0.025303336930299854,16,8,0.2,2500,fast_ICA,iid,False,5
14,4,4001,17,170001,True,5,False,100,0.5485240976095819,0.019387868233025074,0.030381028759569922,0.027721081756100396,0.04643799221637187,0.19706033878995616,0.9810148895888828,0.029874296393589066,16,8,0.2,2500,fast_ICA,iid,False,5
14,0,1,29,290001,True,5,False,100,0.15546299490751336,0.006030922289937735,0.03991901040802201,0.03658271924313352,0.0758861083931387,0.18573412322544885,0.9830493542287011,0.030298512072281222,16,8,0.2,2500,fast_ICA,iid,False,5
14,1,1001,4,40001,True,7,False,100,0.4681067980112915,0.009359871037304401,0.03031959855762612,0.025795564431429586,0.058903526672370206,0.18986773126481565,0.9833085270307325,0.030343416355291083,16,8,0.2,2500,fast_ICA,iid,False,5
14,4,4001,18,180001,True,6,False,100,0.04937990751915944,0.022923476062715054,0.025764300687347676,0.024561686438747777,0.038717888584547916,0.15582661022004088,0.9880788015708073,0.029795363823716337,16,8,0.2,2500,fast_ICA,iid,False,5
13,7,7001,14,140001,True,12,False,100,0.6416038996530667,0.024571435060352087,0.028674168922237155,0.026134543334836703,0.05734263305308068,0.18665220633843835,0.9832357344373303,0.024703094912717397,16,8,0.2,2500,fast_ICA,iid,False,5
14,4,4001,9,90001,True,5,False,100,0.1378226139901437,0.028259211219847202,0.024893156789776022,0.023232124675639718,0.04562227193083254,0.15780179636423144,0.9878305339188213,0.029850244906521887,16,8,0.2,2500,fast_ICA,iid,False,5
14,2,2001,4,40001,True,7,False,100,0.4681067980112915,0.018189054913818836,0.032304550209699155,0.02793835194329112,0.06047008338639492,0.1957342632419861,0.982426135658043,0.03138207192667553,16,8,0.2,2500,fast_ICA,iid,False,5
14,3,3001,27,270001,True,11,False,100,0.00885964877197644,0.03803475992754102,0.0291599386871236,0.02742059161220496,0.0457269371800773,0.16435206403408417,0.9869452827429193,0.030169306900006135,16,8,0.2,2500,fast_ICA,iid,False,5
14,4,4001,27,270001,True,6,False,100,0.00885964877197644,0.024829532951116562,0.028592690001222623,0.02649342932294771,0.042598326911276595,0.165003352349968,0.9869343291223958,0.03058796888291807,16,8,0.2,2500,fast_ICA,iid,False,5
14,3,3001,17,170001,True,6,False,100,0.5485240976095819,0.005557464901357889,0.029716918906296554,0.026585008968055816,0.05064069688243187,0.19245140905365243,0.981762598382146,0.03031999937580283,16,8,0.2,2500,fast_ICA,iid,False,5
13,7,7001,2,20001,True,13,False,100,0.32812711815689183,0.035021408926695585,0.02981834756844092,0.028234220147441716,0.0442165514555185,0.17024800734100962,0.9858477286868222,0.02572824980581787,16,8,0.2,2500,fast_ICA,iid,False,5
13,8,8001,27,270001,True,13,False,100,0.37753158639567086,0.008237727917730808,0.03583996953872447,0.033509809366166876,0.06081509567338309,0.18273453151515903,0.9840472865304436,0.025166768649215156,16,8,0.2,2500,fast_ICA,iid,False,5
14,4,4001,14,140001,True,6,False,100,0.2770922526504216,0.021527533885091543,0.022036328501713824,0.020963185174318555,0.0363891469832246,0.1620994893634238,0.987514076844342,0.0308254136256788,16,8,0.2,2500,fast_ICA,iid,False,5
14,4,4001,15,150001,True,5,False,100,0.2593332379285856,0.024047518149018288,0.023917871009212343,0.022311080777601716,0.04682523354599743,0.16188039868998186,0.9875531359951373,0.029944463766274406,16,8,0.2,2500,fast_ICA,iid,False,5
14,4,4001,26,260001,True,6,False,100,0.08485836034662095,0.017942826729267836,0.03682556045353495,0.0335691848941633,0.061238753177747386,0.17998211429086924,0.9840544158804863,0.0291466145573786,16,8,0.2,2500,fast_ICA,iid,False,5
14,5,5001,19,190001,True,8,False,100,0.1280216521407031,0.013030068017542362,0.02422044366132289,0.022781241682206233,0.03580657097816431,0.15860340066506143,0.9877719596652069,0.030357901880540373,16,8,0.2,2500,fast_ICA,iid,False,5
14,3,3001,8,80001,True,7,False,100,0.6193674452698826,0.01393006183207035,0.021724918886192355,0.019610973005565698,0.038436928502018866,0.19561915943163868,0.9810512272095567,0.02997077126119864,16,8,0.2,2500,fast_ICA,iid,False,5
14,3,3001,6,60001,True,8,False,100,0.06040356197985764,0.014910975936800241,0.031127054128212,0.02730551008957513,0.05616466705441967,0.16632170060212106,0.9862746792597377,0.029827551273468703,16,8,0.2,2500,fast_ICA,iid,False,5
14,6,6001,15,150001,True,8,False,100,0.2593332379285856,0.012484181206673384,0.021535644152512412,0.020294049549536914,0.0293902481106681,0.15822277624078437,0.9880790238062087,0.03021616072237324,16,8,0.2,2500,fast_ICA,iid,False,5
14,4,4001,21,210001,True,6,False,100,0.17240095184380397,0.03513100789859891,0.03144687494386048,0.029347482251817693,0.046020433896423366,0.16627162034992266,0.9863330533333041,0.029886862531909385,16,8,0.2,2500,fast_ICA,iid,False,5
14,2,2001,22,220001,True,9,False,100,0.22230352765134004,0.0651730690151453,0.03250058182548499,0.02910097348781505,0.06898438924336811,0.16746998629348156,0.9859855504040274,0.030025401210276515,16,8,0.2,2500,fast_ICA,iid,False,5
13,9,9001,0,1,True,12,False,100,0.5297986950875018,0.022257620003074408,0.03576692122459112,0.03336694404290094,0.06261005231728946,0.1909300100194542,0.9819047850151873,0.024969524014632025,16,8,0.2,2500,fast_ICA,iid,False,5
14,5,5001,8,80001,True,7,False,100,0.6193674452698826,0.03112250380218029,0.022726826225077938,0.02046503082829379,0.03930398611749196,0.19855314325693757,0.9807942698241596,0.029679243808330362,16,8,0.2,2500,fast_ICA,iid,False,5
14,3,3001,24,240001,True,6,False,100,0.5560590337443231,0.016894012689590454,0.029896721175665966,0.026635214392548363,0.06453006703995497,0.19509269074042007,0.9819764320530736,0.02992704972198901,16,8,0.2,2500,fast_ICA,iid,False,5
14,6,6001,5,50001,True,10,False,100,0.4353929304816683,0.016922013368457556,0.02539529347731348,0.021220397319530605,0.059414922252827726,0.1787156144597365,0.984759632929743,0.03043375020801348,16,8,0.2,2500,fast_ICA,iid,False,5
14,3,3001,19,190001,True,6,False,100,0.1280216521407031,0.017982096876949072,0.02506891626980018,0.022777468457961983,0.048973165821122926,0.16329166330137496,0.9870313019173448,0.030177135083345557,16,8,0.2,2500,fast_ICA,iid,False,5
14,6,6001,18,180001,True,6,False,100,0.04937990751915944,0.010923641733825207,0.026641494281741264,0.025206942940338505,0.03909168815443065,0.160002930598404,0.9875057035731793,0.030249753674905726,16,8,0.2,2500,fast_ICA,iid,False,5
14,1,1001,28,280001,True,8,False,100,0.1345120719168225,0.00808392884209752,0.024364478287450024,0.02291080448950165,0.03423241280832473,0.16411032056637737,0.9876815294336991,0.030245330467738165,16,8,0.2,2500,fast_ICA,iid,False,5
14,1,1001,26,260001,True,6,False,100,0.08485836034662095,0.007778781000524759,0.037973395629114844,0.03545587193505685,0.06167085712562593,0.17846113179464504,0.9842934552897767,0.03008074216010132,16,8,0.2,2500,fast_ICA,iid,False,5
14,5,5001,24,240001,True,5,False,100,0.5560590337443231,0.018669812008738518,0.02771560719976609,0.02405390634497771,0.06657759701217615,0.19300925144582426,0.9821885925631393,0.030619694744574644,16,8,0.2,2500,fast_ICA,iid,False,5
13,4,4001,28,280001,True,9,False,100,0.2962804926274913,0.16327001992613077,0.03766681000824593,0.03495650599195352,0.07546876218370935,0.17361503346044602,0.985800522272332,0.02587641570911439,16,8,0.2,2500,fast_ICA,iid,False,5
13,8,8001,8,80001,True,10,False,100,0.6193674452698826,0.1227126563899219,0.03327185926242504,0.029385764797945985,0.06628170753505268,0.22232180477805807,0.9754794839594005,0.02538484238076593,16,8,0.2,2500,fast_ICA,iid,False,5
14,1,1001,20,200001,True,7,False,100,0.680903371463084,0.02067052898928523,0.026265477728356995,0.02297811036979205,0.057450855229295494,0.20553189555570414,0.9792371584305151,0.029578461703422647,16,8,0.2,2500,fast_ICA,iid,False,5
14,7,7001,7,70001,True,5,False,100,0.5219038508358045,0.004181494005024433,0.029444567849429608,0.026471940999329507,0.06062498801047805,0.18844479398270553,0.982894766539529,0.030308447596813802,16,8,0.2,2500,fast_ICA,iid,False,5
14,6,6001,24,240001,True,7,False,100,0.5560590337443231,0.02021496184170246,0.028392859737154576,0.024499560261527806,0.06539382113209208,0.19201887198387224,0.9822976450115715,0.03044655049381271,16,8,0.2,2500,fast_ICA,iid,False,5
14,5,5001,20,200001,True,7,False,100,0.680903371463084,0.03303134208545089,0.02480590149107621,0.02151523266028671,0.060771619356215424,0.2080360023901175,0.9784655321835279,0.02924096847955839,16,8,0.2,2500,fast_ICA,iid,False,5
14,2,2001,0,1,True,8,False,100,0.5297986950875018,0.009226141963154078,0.029645849196873002,0.02634994244168546,0.061277308326192576,0.19039537101041878,0.9821260958446298,0.029759198109721798,16,8,0.2,2500,fast_ICA,iid,False,5
14,4,4001,20,200001,True,6,False,100,0.680903371463084,0.011890465393662453,0.02702631617605732,0.02339691074926929,0.06074507056952336,0.2033689146338724,0.9795144879805335,0.02930245651783655,16,8,0.2,2500,fast_ICA,iid,False,5
13,9,9001,21,210001,True,11,False,100,0.20630667739170974,0.02413966692984104,0.037150915918420215,0.03558628511198578,0.05361560342926852,0.16974372490122006,0.9858584422014562,0.024380092195375947,16,8,0.2,2500,fast_ICA,iid,False,5
14,4,4001,24,240001,True,5,False,100,0.5560590337443231,0.009953218046575785,0.03003633234771962,0.02540511699655287,0.07212650171085623,0.19094779221283192,0.9826364846476612,0.030476144465795853,16,8,0.2,2500,fast_ICA,iid,False,5
14,3,3001,22,220001,True,7,False,100,0.22230352765134004,0.060230439994484186,0.029815971330938218,0.026482920366507408,0.06542594843892496,0.16914422309273752,0.9856806213310441,0.029756653115163078,16,8,0.2,2500,fast_ICA,iid,False,5
13,7,7001,8,80001,True,11,False,100,0.6193674452698826,0.17249777214601636,0.02868432081709953,0.026819521721917376,0.04482089128175185,0.2210350845315557,0.9756591371168298,0.024823756051459447,16,8,0.2,2500,fast_ICA,iid,False,5
14,5,5001,14,140001,True,7,False,100,0.2770922526504216,0.00543529586866498,0.022735991317366335,0.021484915055182963,0.03840112044217499,0.15672483288580552,0.9883720479027713,0.030775337468544984,16,8,0.2,2500,fast_ICA,iid,False,5
14,7,7001,17,170001,True,6,False,100,0.5485240976095819,0.00839524669572711,0.0276321527444555,0.02491053054525767,0.04317656275076132,0.19236143007543613,0.9816831978498101,0.030700600399473803,16,8,0.2,2500,fast_ICA,iid,False,5
14,6,6001,3,30001,True,7,False,100,0.16400224387166476,0.033524859230965376,0.025121937231904097,0.022324090006629653,0.04989103856614345,0.16267692375355497,0.9873331022423468,0.03056893548762149,16,8,0.2,2500,fast_ICA,iid,False,5
14,0,1,23,230001,True,5,False,100,0.12340048891671039,0.09519468899816275,0.02341383657339412,0.021113787996043534,0.04580465924229335,0.1573978535269141,0.9878131875875126,0.03001410053050472,16,8,0.2,2500,fast_ICA,iid,False,5
14,0,1,2,20001,True,6,False,100,0.17809596154578775,0.020655930042266846,0.024120168749685308,0.02201965569070117,0.04505762978404423,0.16542762008844675,0.9866606630469422,0.029968867327898385,16,8,0.2,2500,fast_ICA,iid,False,5
14,2,2001,26,260001,True,5,False,100,0.08485836034662095,0.004309873096644878,0.0367473397115243,0.03455360522363052,0.0596205261873505,0.1783933133549725,0.9842370301044112,0.029717522347000192,16,8,0.2,2500,fast_ICA,iid,False,5
14,5,5001,16,160001,True,8,False,100,0.23873292693843978,0.04542114399373531,0.03136500356504921,0.025280973824346357,0.07994344906132166,0.16953056502556374,0.9857532080156997,0.02953412910703504,16,8,0.2,2500,fast_ICA,iid,False,5
14,5,5001,15,150001,True,7,False,100,0.2593332379285856,0.011078809853643179,0.022484451780878767,0.02099037518473606,0.04221488394020872,0.16448424814686546,0.9870113234184882,0.0297763315022023,16,8,0.2,2500,fast_ICA,iid,False,5
14,2,2001,7,70001,True,6,False,100,0.5219038508358045,0.012409801129251719,0.03279439196732526,0.028918560651481448,0.0645653922986845,0.1946649025031786,0.9819286777496841,0.0305451164489308,16,8,0.2,2500,fast_ICA,iid,False,5
14,6,6001,29,290001,True,6,False,100,0.15546299490751336,0.02312582405284047,0.040518476183750214,0.03666817811977745,0.07872692398431963,0.1837449168483904,0.9833020720593908,0.029715442120388406,16,8,0.2,2500,fast_ICA,iid,False,5
14,0,1,5,50001,True,6,False,100,0.4353929304816683,0.019173528999090195,0.025173431771282694,0.02039501349745995,0.06643344816467271,0.17706659090759902,0.9850356945195384,0.030161139911106305,16,8,0.2,2500,fast_ICA,iid,False,5
13,9,9001,8,80001,True,10,False,100,0.6193674452698826,0.03939180122688413,0.035360869158549066,0.031076329047121702,0.07736406079766064,0.22839565638782158,0.9742146065497813,0.02549301210415059,16,8,0.2,2500,fast_ICA,iid,False,5
14,7,7001,27,270001,True,7,False,100,0.00885964877197644,0.0063161603175103664,0.027930633487855436,0.02657793916025065,0.040971494439644304,0.16530134199109575,0.9868198356584392,0.030344151846168683,16,8,0.2,2500,fast_ICA,iid,False,5
13,9,9001,12,120001,True,14,False,100,0.5307693738082964,0.03636301029473543,0.04872228955428989,0.0422707248355961,0.0990307420984383,0.21181816088205663,0.9785502583594746,0.025224680804191386,16,8,0.2,2500,fast_ICA,iid,False,5
13,9,9001,3,30001,True,11,False,100,0.30116437898541504,0.03691959707066417,0.03429639256538612,0.031094759572088883,0.06257686715641189,0.17232332372083495,0.9854934111012597,0.024677058135658358,16,8,0.2,2500,fast_ICA,iid,False,5
14,6,6001,22,220001,True,7,False,100,0.22230352765134004,0.030737606342881918,0.031200083658579687,0.027406275037918523,0.06984475929717233,0.16875979177413808,0.9857283596640982,0.03031086412972523,16,8,0.2,2500,fast_ICA,iid,False,5
14,7,7001,2,20001,True,6,False,100,0.17809596154578775,0.024466965813189745,0.023577698662226733,0.020796401791478587,0.04376230986959155,0.16351227714228014,0.9869778958315737,0.030041448264639878,16,8,0.2,2500,fast_ICA,iid,False,5
14,7,7001,25,250001,True,6,False,100,0.6607803516521449,0.01083090202882886,0.024347283596286372,0.02285844145258876,0.03990136625042925,0.20230055927581342,0.9804063983004001,0.030932475762679393,16,8,0.2,2500,fast_ICA,iid,False,5
13,8,8001,15,150001,True,12,False,100,0.7147120926602737,0.03696851618587971,0.032476282403674804,0.030990484844334323,0.051250987294052364,0.20475640774746354,0.9795896448495203,0.025331370853003462,16,8,0.2,2500,fast_ICA,iid,False,5
14,7,7001,26,260001,True,7,False,100,0.08485836034662095,0.016924213152378798,0.03588858678410409,0.032587690549906456,0.060731985593690495,0.1781150056627568,0.9843360131626839,0.030675528446023385,16,8,0.2,2500,fast_ICA,iid,False,5
14,0,1,14,140001,True,5,False,100,0.2770922526504216,0.022703837137669325,0.021099657643243327,0.020107383375586964,0.03404036242652451,0.15889683229990956,0.9880360189495188,0.029784011876099838,16,8,0.2,2500,fast_ICA,iid,False,5
14,8,8001,11,110001,True,4,False,100,0.30450244394650205,0.00896969297900796,0.029254682436270593,0.026588669506636388,0.04682352015839854,0.17158849557839903,0.9854686721221562,0.029468037902842276,16,8,0.2,2500,fast_ICA,iid,False,5
14,3,3001,23,230001,True,9,False,100,0.12340048891671039,0.08179794391617179,0.02305148204489718,0.019964694005885665,0.04772607130306736,0.15598341242446923,0.9880683076337413,0.03023012074711669,16,8,0.2,2500,fast_ICA,iid,False,5
14,4,4001,3,30001,True,5,False,100,0.16400224387166476,0.02971050189808011,0.02388608168988752,0.021165733120461286,0.05122915827248816,0.1601207151994659,0.9877445918202221,0.030616542492757515,16,8,0.2,2500,fast_ICA,iid,False,5
14,8,8001,0,1,True,4,False,100,0.5297986950875018,0.012703120242804289,0.030724609015346446,0.02811894329026748,0.06305887472101776,0.1915263943058642,0.9820830253171184,0.029861785720509657,16,8,0.2,2500,fast_ICA,iid,False,5
14,7,7001,23,230001,True,4,False,100,0.12340048891671039,0.015917408745735884,0.022584250613366177,0.019691794838674306,0.04596012524749357,0.15592347688303793,0.9880568163696486,0.029544067617468726,16,8,0.2,2500,fast_ICA,iid,False,5
14,0,1,28,280001,True,7,False,100,0.1345120719168225,0.021186846308410168,0.02383317932723996,0.022683654598867016,0.03358695936157941,0.16425834703259506,0.9876613611151557,0.030765142764180645,16,8,0.2,2500,fast_ICA,iid,False,5
14,2,2001,25,250001,True,7,False,100,0.6607803516521449,0.004923279397189617,0.022750549061669414,0.020599382369052458,0.037599941436876075,0.20144984617681783,0.9804060143978222,0.031019083318953762,16,8,0.2,2500,fast_ICA,iid,False,5
14,8,8001,3,30001,True,4,False,100,0.16400224387166476,0.014260240364819765,0.023894592107399398,0.021591830036618267,0.05376916533426014,0.15932279103592387,0.9878624373074427,0.029881988509085387,16,8,0.2,2500,fast_ICA,iid,False,5
14,5,5001,1,10001,True,6,False,100,0.3865245092413079,0.019384206738322973,0.025362498010197923,0.022892296622572608,0.044319491444920894,0.1724957423141045,0.9855501593764521,0.029682778556738343,16,8,0.2,2500,fast_ICA,iid,False,5
14,5,5001,21,210001,True,7,False,100,0.17240095184380397,0.008693045005202293,0.02964724274907486,0.02720462598354307,0.04860991716240018,0.16430366849702224,0.9866007910696637,0.030151050573810106,16,8,0.2,2500,fast_ICA,iid,False,5
14,8,8001,1,10001,True,4,False,100,0.3865245092413079,0.017919017001986504,0.02317170783631835,0.020416757746018782,0.043917890748269184,0.16823507731539794,0.986062827122983,0.029888630881224846,16,8,0.2,2500,fast_ICA,iid,False,5
14,6,6001,27,270001,True,7,False,100,0.00885964877197644,0.03345121908932924,0.02992653996948129,0.027350932778765137,0.04976857641034234,0.16494134757288187,0.9868272688159084,0.03011935287024954,16,8,0.2,2500,fast_ICA,iid,False,5
14,8,8001,12,120001,True,4,False,100,0.5307693738082964,0.0119458450935781,0.031512872174635304,0.0288420721213956,0.05873619853351201,0.1898463919771719,0.982071962425559,0.029939364732690064,16,8,0.2,2500,fast_ICA,iid,False,5
14,3,3001,0,1,True,7,False,100,0.5297986950875018,0.015209624078124762,0.02733255944015461,0.024407270135453994,0.05816717968923435,0.19073516389654804,0.9820970801035247,0.02981745722334619,16,8,0.2,2500,fast_ICA,iid,False,5
14,3,3001,7,70001,True,6,False,100,0.5219038508358045,0.012048454023897648,0.0356036378709217,0.03103605414728459,0.06435417550463203,0.20252496524997943,0.9808442556602384,0.030058154898237502,16,8,0.2,2500,fast_ICA,iid,False,5
14,7,7001,22,220001,True,6,False,100,0.22230352765134004,0.02254679799079895,0.032419415619342536,0.02874018488179384,0.07369791533962304,0.16985179591373165,0.9855535831953324,0.030539372043883902,16,8,0.2,2500,fast_ICA,iid,False,5
13,5,5001,10,100001,True,10,False,100,0.38724045650924044,0.21775736613199115,0.03284505448305395,0.029307465121437955,0.0741415885256267,0.17756089567427255,0.9847356288903248,0.02472230899116309,16,8,0.2,2500,fast_ICA,iid,False,5
14,8,8001,10,100001,True,4,False,100,0.38724045650924044,0.014320140238851309,0.030470109197883215,0.02642958046214624,0.07334392950820762,0.18209991924806035,0.9838876310139432,0.030224179454695962,16,8,0.2,2500,fast_ICA,iid,False,5
14,5,5001,26,260001,True,7,False,100,0.08485836034662095,0.0075353533029556274,0.03650951497456308,0.0340057830340811,0.06075213589840007,0.178322343844602,0.9842997695375968,0.029646369053608925,16,8,0.2,2500,fast_ICA,iid,False,5
14,3,3001,29,290001,True,6,False,100,0.15546299490751336,0.039819729048758745,0.036833196899370604,0.033992024454277917,0.059945346693426535,0.17944821658344468,0.9840502920543743,0.029412540016894025,16,8,0.2,2500,fast_ICA,iid,False,5
14,8,8001,19,190001,True,4,False,100,0.1280216521407031,0.005639974027872086,0.02053578902801402,0.019041388330156978,0.0319074399059144,0.15529326715430158,0.9882072632128278,0.030217081959390282,16,8,0.2,2500,fast_ICA,iid,False,5
14,5,5001,29,290001,True,6,False,100,0.15546299490751336,0.005871563218533993,0.038874450087687897,0.03600617494885516,0.06849437365413931,0.1816806210608498,0.9837863696626928,0.02958416724131537,16,8,0.2,2500,fast_ICA,iid,False,5
13,5,5001,18,180001,True,10,False,100,0.12036242700539737,0.07722303317859769,0.035086159597345304,0.033677436189850654,0.048990861516212694,0.16330294664611694,0.9870840778782801,0.025410495193366352,16,8,0.2,2500,fast_ICA,iid,False,5
14,8,8001,2,20001,True,4,False,100,0.17809596154578775,0.02107675699517131,0.023777503165819402,0.021297480915582156,0.042914355341792304,0.16559095180364114,0.9866154236741613,0.02993110514605461,16,8,0.2,2500,fast_ICA,iid,False,5
14,5,5001,4,40001,True,7,False,100,0.4681067980112915,0.021565373986959457,0.03221517510964646,0.02803604646083474,0.06031142440181224,0.19416874215503388,0.9824939935164354,0.030488147273450953,16,8,0.2,2500,fast_ICA,iid,False,5
14,8,8001,4,40001,True,4,False,100,0.4681067980112915,0.020797199103981256,0.030070694414326662,0.026992390584585475,0.05711727556000766,0.1895502793891036,0.9833414893130059,0.03049148395794701,16,8,0.2,2500,fast_ICA,iid,False,5
14,4,4001,10,100001,True,6,False,100,0.38724045650924044,0.03199766809120774,0.029768151901483776,0.026390162292158265,0.0643167133589849,0.18095323434290234,0.9841263926799426,0.029788355132319526,16,8,0.2,2500,fast_ICA,iid,False,5
14,1,1001,12,120001,True,7,False,100,0.5307693738082964,0.053683401085436344,0.03348958171189987,0.029723236680452132,0.06114900441567161,0.19100721456419567,0.9819952222544537,0.03024303735319731,16,8,0.2,2500,fast_ICA,iid,False,5
14,8,8001,7,70001,True,4,False,100,0.5219038508358045,0.019258499145507812,0.032399940808656755,0.028780916922152625,0.06440857638654589,0.1932687026370746,0.982132015644988,0.03020366498749139,16,8,0.2,2500,fast_ICA,iid,False,5
14,6,6001,11,110001,True,7,False,100,0.30450244394650205,0.014806666877120733,0.02771219189591013,0.02470514493064831,0.04782170257547739,0.16708402321497873,0.986115769439837,0.029720327875486008,16,8,0.2,2500,fast_ICA,iid,False,5
14,9,9001,2,20001,True,8,False,100,0.17809596154578775,0.007385883945971727,0.02599560750915772,0.023440317129669326,0.045091269702690846,0.16652614082554562,0.9864828812876469,0.02998183363250989,16,8,0.2,2500,fast_ICA,iid,False,5
14,9,9001,8,80001,True,8,False,100,0.6193674452698826,0.005299787037074566,0.025567355230210604,0.022293878008970248,0.057081431885634054,0.20038711921844932,0.9803632725760068,0.029618225965884204,16,8,0.2,2500,fast_ICA,iid,False,5
14,3,3001,3,30001,True,6,False,100,0.16400224387166476,0.017408830113708973,0.023347752281538837,0.02144009855141949,0.045360548177371375,0.16075266302942814,0.987604769162447,0.030115879393384937,16,8,0.2,2500,fast_ICA,iid,False,5
14,9,9001,5,50001,True,9,False,100,0.4353929304816683,0.006442608777433634,0.024854461022937938,0.020537973501330634,0.06635752388097625,0.1790376746088144,0.9846949263513505,0.03061335502076189,16,8,0.2,2500,fast_ICA,iid,False,5
14,1,1001,25,250001,True,9,False,100,0.6607803516521449,0.04100086214020848,0.02381829342837064,0.02176807579148687,0.043380385799744924,0.20323164465437618,0.9801173627844493,0.030784550024041322,16,8,0.2,2500,fast_ICA,iid,False,5
14,6,6001,9,90001,True,6,False,100,0.1378226139901437,0.013906091917306185,0.025518879553813538,0.02452492315550488,0.04636566083250585,0.15492329996011955,0.9881472826226811,0.02974680819919478,16,8,0.2,2500,fast_ICA,iid,False,5
14,6,6001,17,170001,True,9,False,100,0.5485240976095819,0.008036470040678978,0.03001140829321163,0.0269830884439396,0.04667212768726141,0.19466773642867585,0.9814003609702608,0.02991783567255418,16,8,0.2,2500,fast_ICA,iid,False,5
14,1,1001,22,220001,True,6,False,100,0.22230352765134004,0.013871412724256516,0.03087628771964321,0.02742414245286262,0.06817235962179369,0.16877053792274055,0.9857016196443464,0.02927335012583011,16,8,0.2,2500,fast_ICA,iid,False,5
14,8,8001,25,250001,True,5,False,100,0.6607803516521449,0.012006234843283892,0.02422141543831811,0.022559790619272935,0.04151391298293389,0.20664043301363902,0.9796840540804403,0.031014527664720924,16,8,0.2,2500,fast_ICA,iid,False,5
14,6,6001,20,200001,True,8,False,100,0.680903371463084,0.005206267815083265,0.02557386675037828,0.021978187409878825,0.06017779639802132,0.2085697097624668,0.9784293809113949,0.029143307972474462,16,8,0.2,2500,fast_ICA,iid,False,5
14,3,3001,10,100001,True,6,False,100,0.38724045650924044,0.018046225886791945,0.030385560395031142,0.02584140799089305,0.07309707201632323,0.18172029239429083,0.9839166200345351,0.030026118341781705,16,8,0.2,2500,fast_ICA,iid,False,5
14,9,9001,11,110001,True,3,False,100,0.30450244394650205,0.007386523298919201,0.2436591428685075,0.11660981868181129,0.9040216554490486,0.9524792016530127,0.721782576264043,0.02995679369490133,16,8,0.2,2500,fast_ICA,iid,False,5
14,8,8001,23,230001,True,5,False,100,0.12340048891671039,0.013234707061201334,0.024448654446752066,0.021652829807244645,0.045178906504465786,0.15962483332636573,0.9874787512181233,0.02990681937249393,16,8,0.2,2500,fast_ICA,iid,False,5
14,8,8001,17,170001,True,4,False,100,0.5485240976095819,0.010456433985382318,0.02977132189998574,0.027402529955719165,0.046652662688742325,0.19190766293644185,0.9818841940008773,0.030292124567692372,16,8,0.2,2500,fast_ICA,iid,False,5
14,1,1001,29,290001,True,6,False,100,0.15546299490751336,0.010613232851028442,0.04012601248498881,0.03640178986267245,0.08003195563634662,0.1848185077258337,0.9832277370811455,0.029841627885582374,16,8,0.2,2500,fast_ICA,iid,False,5
14,6,6001,26,260001,True,5,False,100,0.08485836034662095,0.011821366380900145,0.03622980154352917,0.03338393723899319,0.06061108760132807,0.17835377459705826,0.9842274904250692,0.030291628341511466,16,8,0.2,2500,fast_ICA,iid,False,5
14,6,6001,19,190001,True,3,False,100,0.1280216521407031,0.01437431015074253,0.2370295983117316,0.10934685054366786,0.7876642934698364,0.9152452836268365,0.7356300015998746,0.029894792812544858,16,8,0.2,2500,fast_ICA,iid,False,5
14,3,3001,28,280001,True,8,False,100,0.1345120719168225,0.012648619711399078,0.02511540564343783,0.023446199570367157,0.03706908269159836,0.16519006521945892,0.9875155580818562,0.03100240984108999,16,8,0.2,2500,fast_ICA,iid,False,5
14,6,6001,2,20001,True,7,False,100,0.17809596154578775,0.02396221924573183,0.0239120950892321,0.021785543600906662,0.042138836300485344,0.16374168826000526,0.9868911071218296,0.029652914771863596,16,8,0.2,2500,fast_ICA,iid,False,5
14,8,8001,26,260001,True,5,False,100,0.08485836034662095,0.01303892768919468,0.0367574387026707,0.034029796176729535,0.06314983141766757,0.17748521447236149,0.9844179915353057,0.029869532367574742,16,8,0.2,2500,fast_ICA,iid,False,5
14,6,6001,10,100001,True,9,False,100,0.38724045650924044,0.020044673699885607,0.031194605536870007,0.026892052512303574,0.06966966967279167,0.1822976229711314,0.9838009540624402,0.03023828670792264,16,8,0.2,2500,fast_ICA,iid,False,5
13,7,7001,25,250001,True,9,False,100,0.6607803516521449,0.038163489662110806,0.028756218370197734,0.026216439761878332,0.04688852661418507,0.19027826226351074,0.9822479927176376,0.02554303663551322,16,8,0.2,2500,fast_ICA,iid,False,5
14,9,9001,22,220001,True,11,False,100,0.22230352765134004,0.00584860285744071,0.032016458319595105,0.028065646566597963,0.06934015120622926,0.16721429262654797,0.9860363522788961,0.029930722983124027,16,8,0.2,2500,fast_ICA,iid,False,5
14,6,6001,21,210001,True,8,False,100,0.17240095184380397,0.010907961055636406,0.032335314988708064,0.02975278465021111,0.05465439141305202,0.16411283448456293,0.9866709612753424,0.030403720907218098,16,8,0.2,2500,fast_ICA,iid,False,5
14,7,7001,0,1,True,5,False,100,0.5297986950875018,0.011519096791744232,0.029868955227650165,0.027279875340935587,0.05719844418002272,0.19015752212792195,0.9821847186609711,0.03042455029297277,16,8,0.2,2500,fast_ICA,iid,False,5
14,8,8001,15,150001,True,4,False,100,0.2593332379285856,0.013485904783010483,0.020877243312287436,0.019391906705001925,0.030414310183804843,0.15713705123313654,0.9882001610477354,0.030508744067377493,16,8,0.2,2500,fast_ICA,iid,False,5
14,6,6001,7,70001,True,10,False,100,0.5219038508358045,0.021389405708760023,0.031086431951421217,0.027227945404768507,0.06553554287171151,0.19349623597480306,0.9820515661247622,0.03026442171885726,16,8,0.2,2500,fast_ICA,iid,False,5
14,6,6001,16,160001,True,11,False,100,0.23873292693843978,0.01933007827028632,0.03131773918321748,0.0254242571479492,0.07927648807492454,0.17162669571758454,0.9853945288880506,0.029255330495776416,16,8,0.2,2500,fast_ICA,iid,False,5
14,6,6001,4,40001,True,10,False,100,0.4681067980112915,0.02466207416728139,0.03552026807243221,0.029637202353793194,0.07256189807442301,0.20460732196437975,0.9809945347803276,0.03133609075658116,16,8,0.2,2500,fast_ICA,iid,False,5
14,9,9001,14,140001,True,10,False,100,0.2770922526504216,0.010900120716542006,0.022109781694252546,0.02061505158332219,0.03726232149449633,0.15954335457782315,0.9879879136240179,0.030832257680837256,16,8,0.2,2500,fast_ICA,iid,False,5
14,4,4001,16,160001,True,7,False,100,0.23873292693843978,0.016232678201049566,0.02928352114741776,0.023580481433212383,0.07198458060516562,0.16775459133525422,0.986067421192795,0.029737674885770407,16,8,0.2,2500,fast_ICA,iid,False,5
14,3,3001,26,260001,True,5,False,100,0.08485836034662095,0.020431061275303364,0.03707233922136952,0.034597502916077306,0.06162625668017725,0.17748327537591535,0.9843939246884008,0.029672878144411653,16,8,0.2,2500,fast_ICA,iid,False,5
14,3,3001,16,160001,True,8,False,100,0.23873292693843978,0.05331264343112707,0.033091050505991156,0.026199688645254206,0.0891753563760635,0.17550697931381581,0.9849260126479562,0.03032611163481447,16,8,0.2,2500,fast_ICA,iid,False,5
14,9,9001,1,10001,True,9,False,100,0.3865245092413079,0.014212649781256914,0.024209808090319297,0.022247310935071832,0.04044191045715927,0.17028228476578583,0.985736196817292,0.02952554689152531,16,8,0.2,2500,fast_ICA,iid,False,5
14,6,6001,12,120001,True,8,False,100,0.5307693738082964,0.021863441914319992,0.034538345634309346,0.030530885983236656,0.062317452346360096,0.1936077202669333,0.9815170903601554,0.029411482413097496,16,8,0.2,2500,fast_ICA,iid,False,5
14,6,6001,23,230001,True,6,False,100,0.12340048891671039,0.020599770359694958,0.023854985413834122,0.020804273565320525,0.049979149919120794,0.1563369871704577,0.9880651934732962,0.029353563679062427,16,8,0.2,2500,fast_ICA,iid,False,5
14,6,6001,14,140001,True,10,False,100,0.2770922526504216,0.013683164026588202,0.02027615082323255,0.019363687936957984,0.030841846143535325,0.1590479007014331,0.9879941995489703,0.030286579394339687,16,8,0.2,2500,fast_ICA,iid,False,5
14,2,2001,11,110001,True,7,False,100,0.30450244394650205,0.014058301225304604,0.029390876045069503,0.02577263048493868,0.050372476096034347,0.1668467524445007,0.986201937416262,0.030909345793956208,16,8,0.2,2500,fast_ICA,iid,False,5
14,8,8001,14,140001,True,4,False,100,0.2770922526504216,0.0238929889164865,0.02209300016199371,0.02039490022612193,0.03917699250649338,0.15782072434446523,0.9881754514033358,0.030405492315208643,16,8,0.2,2500,fast_ICA,iid,False,5
14,8,8001,28,280001,True,5,False,100,0.1345120719168225,0.020975708030164242,0.024040118587597248,0.022727319440263342,0.03176392580296342,0.16430043026865723,0.9876100496918576,0.03057839630499919,16,8,0.2,2500,fast_ICA,iid,False,5
14,2,2001,12,120001,True,7,False,100,0.5307693738082964,0.011432777158915997,0.033604873582076866,0.030108532891517666,0.057765468171224195,0.19239142055898723,0.9816724524243174,0.02947581623290813,16,8,0.2,2500,fast_ICA,iid,False,5
14,7,7001,15,150001,True,5,False,100,0.2593332379285856,0.013289636000990868,0.022087013277848396,0.02044472638370143,0.03187479662655434,0.16001362412139214,0.9877693548650426,0.030528100720445445,16,8,0.2,2500,fast_ICA,iid,False,5
14,6,6001,25,250001,True,10,False,100,0.6607803516521449,0.024601414799690247,0.022959018186218826,0.020655221006528494,0.04187933249733895,0.20516109318518566,0.9796256238993717,0.030911516155603027,16,8,0.2,2500,fast_ICA,iid,False,5
14,9,9001,21,210001,True,10,False,100,0.17240095184380397,0.011826306115835905,0.029455750860488034,0.02584516994741757,0.04923382563346483,0.16455620783044844,0.9866156123786962,0.030074689145368507,16,8,0.2,2500,fast_ICA,iid,False,5
14,4,4001,7,70001,True,6,False,100,0.5219038508358045,0.018286334816366434,0.03387564794918732,0.029411499814498844,0.0671540970098573,0.2002514393468371,0.9811059042208189,0.030545920517589257,16,8,0.2,2500,fast_ICA,iid,False,5
14,2,2001,8,80001,True,6,False,100,0.6193674452698826,0.015998559072613716,0.02680747262183735,0.023143863453058185,0.05918669871179405,0.19909158523491066,0.9808146048165903,0.02997094761441835,16,8,0.2,2500,fast_ICA,iid,False,5
14,4,4001,12,120001,True,5,False,100,0.5307693738082964,0.01580023020505905,0.03328281876301039,0.029420182487412315,0.06114631430567429,0.19428733819541405,0.9813969144701589,0.029479543499860972,16,8,0.2,2500,fast_ICA,iid,False,5
14,7,7001,12,120001,True,5,False,100,0.5307693738082964,0.013442815281450748,0.03201677105215869,0.028509612427188386,0.06288116304409035,0.18536010188581314,0.9829049567699537,0.029398133699943617,16,8,0.2,2500,fast_ICA,iid,False,5
14,9,9001,28,280001,True,6,False,100,0.1345120719168225,0.010929740965366364,0.025120777693543886,0.02375510747135828,0.03569514838648217,0.16358294265125095,0.9877525231176509,0.030666819975236206,16,8,0.2,2500,fast_ICA,iid,False,5
15,0,1,0,1,True,1,False,100,0.0,0.010754141956567764,0.015621041240764846,0.014102537914515862,0.026929515442759684,0.16357499947544052,0.9867177736677164,0.0346688993198024,16,8,0.2,2500,fast_ICA,iid,False,5
14,9,9001,25,250001,True,8,False,100,0.6607803516521449,0.011299877893179655,0.021439048438288272,0.01932496131634486,0.04163179466645039,0.20258226836380777,0.9803187271248962,0.03051546507757343,16,8,0.2,2500,fast_ICA,iid,False,5
14,5,5001,25,250001,True,9,False,100,0.6607803516521449,0.04311803774908185,0.02289141692567483,0.021163437609794944,0.039578469777835024,0.20496433159692345,0.9798935159946465,0.03027369907187234,16,8,0.2,2500,fast_ICA,iid,False,5
15,0,1,7,70001,True,1,False,100,0.0,0.005441865883767605,0.02435240069235276,0.020311811036030733,0.060517290828472056,0.173100952417903,0.9852500428251685,0.03491006526511077,16,8,0.2,2500,fast_ICA,iid,False,5
14,9,9001,16,160001,True,10,False,100,0.23873292693843978,0.015209954231977463,0.026790945118577252,0.02227737883720786,0.05996266830154724,0.16630983268803268,0.9863490810517144,0.029220078943521043,16,8,0.2,2500,fast_ICA,iid,False,5
14,5,5001,2,20001,True,7,False,100,0.17809596154578775,0.09351316001266241,0.024818872776516405,0.02214142334218763,0.044054961068229585,0.16355978540233576,0.9869847040573831,0.02988699856683678,16,8,0.2,2500,fast_ICA,iid,False,5
14,7,7001,19,190001,True,5,False,100,0.1280216521407031,0.013168266974389553,0.020085372149807566,0.01870078619772167,0.034168479334869564,0.15800301193981003,0.9878732554282977,0.030139364422395745,16,8,0.2,2500,fast_ICA,iid,False,5
14,9,9001,6,60001,True,9,False,100,0.06040356197985764,0.02346090180799365,0.03081281881777447,0.02715691764109087,0.05851561204346083,0.16807287025172613,0.9859716467767357,0.029749352448129904,16,8,0.2,2500,fast_ICA,iid,False,5
14,7,7001,13,130001,True,5,False,100,0.1796051483003321,0.01331028575077653,0.029839425836613573,0.026861989249900214,0.046623550218083946,0.1661946456440977,0.9864993740869774,0.0297476235423062,16,8,0.2,2500,fast_ICA,iid,False,5
14,7,7001,14,140001,True,5,False,100,0.2770922526504216,0.017285331152379513,0.022813273496711327,0.021822471669467297,0.03631705879616511,0.15935920241103135,0.9879147012115507,0.03036854732311839,16,8,0.2,2500,fast_ICA,iid,False,5
15,0,1,13,130001,True,1,False,100,0.0,0.009905178099870682,0.02454418725771142,0.021165325079909175,0.045953633212271125,0.17051702344059602,0.985574476041647,0.035062086235338664,16,8,0.2,2500,fast_ICA,iid,False,5
15,1,1001,3,30001,True,1,False,100,0.0,0.005125606898218393,0.018044582842434313,0.014723996925266394,0.03792951490611437,0.15781515224041526,0.9882720927231023,0.03448956315413239,16,8,0.2,2500,fast_ICA,iid,False,5
14,8,8001,5,50001,True,5,False,100,0.4353929304816683,0.008637594990432262,0.02535330612690609,0.021635327989214102,0.06407697889324507,0.1778078318723412,0.9848933268024433,0.030530253170468133,16,8,0.2,2500,fast_ICA,iid,False,5
14,8,8001,9,90001,True,5,False,100,0.1378226139901437,0.007067236118018627,0.024721611118676108,0.023498482858646173,0.04468612128848495,0.15815108814255,0.9877391348781015,0.030383647714876838,16,8,0.2,2500,fast_ICA,iid,False,5
14,9,9001,12,120001,True,8,False,100,0.5307693738082964,0.014403058681637049,0.032300242026592166,0.028719196204718394,0.05685847837954595,0.19133516087348484,0.9818790157135617,0.030027505699053762,16,8,0.2,2500,fast_ICA,iid,False,5
14,3,3001,1,10001,True,6,False,100,0.3865245092413079,0.014020642265677452,0.023354371127723886,0.02187623983691172,0.04035218452651594,0.16913316706077,0.9861353801915925,0.03030361560033233,16,8,0.2,2500,fast_ICA,iid,False,5
14,9,9001,20,200001,True,7,False,100,0.680903371463084,0.019085159990936518,0.025542432395820738,0.022407061366206918,0.05550968442145289,0.20449137902759748,0.9792655402344399,0.029798671709380033,16,8,0.2,2500,fast_ICA,iid,False,5
14,5,5001,9,90001,True,6,False,100,0.1378226139901437,0.015899058897048235,0.025411063332049528,0.023851455383742115,0.04826675036831601,0.1590122823250162,0.9875320139168096,0.030496638951845272,16,8,0.2,2500,fast_ICA,iid,False,5
14,9,9001,7,70001,True,7,False,100,0.5219038508358045,0.025018583051860332,0.032002158824277364,0.02815637134097657,0.06438576459957364,0.19387294447860545,0.9820789823743443,0.029633370027788784,16,8,0.2,2500,fast_ICA,iid,False,5
14,1,1001,0,1,True,8,False,100,0.5297986950875018,0.06368444906547666,0.02839232239961202,0.025083870630973164,0.060864502886175856,0.1872585386389102,0.9826031887893393,0.030815612316940043,16,8,0.2,2500,fast_ICA,iid,False,5
14,8,8001,8,80001,True,5,False,100,0.6193674452698826,0.006256469991058111,0.022627865387110726,0.020614539908337774,0.035584299489888456,0.19300095434416226,0.9816381823453308,0.029553233640809588,16,8,0.2,2500,fast_ICA,iid,False,5
14,8,8001,6,60001,True,6,False,100,0.06040356197985764,0.005714374128729105,0.03461141772269511,0.031217189449743925,0.05602005692916935,0.17200955805000945,0.9854174717310322,0.029375891001565565,16,8,0.2,2500,fast_ICA,iid,False,5
15,0,1,2,20001,True,1,False,100,0.0,0.01060984330251813,0.018445607976129572,0.015838621279021955,0.045242093874571794,0.16589431470569024,0.9863439861434682,0.03457091668952068,16,8,0.2,2500,fast_ICA,iid,False,5
14,7,7001,24,240001,True,6,False,100,0.5560590337443231,0.016610434744507074,0.027708527343202498,0.02359706312677659,0.06794063773850062,0.1941559265449847,0.9820085978423793,0.030199113398703334,16,8,0.2,2500,fast_ICA,iid,False,5
15,1,1001,8,80001,True,1,False,100,0.0,0.00684448704123497,0.014429944047620104,0.012286423835683808,0.03402877427044572,0.16007928539802396,0.9873633124520429,0.034632585469351905,16,8,0.2,2500,fast_ICA,iid,False,5
14,6,6001,0,1,True,8,False,100,0.5297986950875018,0.01192656485363841,0.03316168068777118,0.03026253187852003,0.06189850741932943,0.19612862281895618,0.9813213230275375,0.029977325217763688,16,8,0.2,2500,fast_ICA,iid,False,5
14,5,5001,18,180001,True,6,False,100,0.04937990751915944,0.01654968596994877,0.025804269940078072,0.0233793284991064,0.04498800218106306,0.15563272899749836,0.9881438175540433,0.03016078589286346,16,8,0.2,2500,fast_ICA,iid,False,5
14,3,3001,20,200001,True,6,False,100,0.680903371463084,0.010939911007881165,0.026792625095430185,0.023415356701907128,0.06104891593746062,0.2064737948716724,0.9789829562186355,0.029446832574484483,16,8,0.2,2500,fast_ICA,iid,False,5
15,0,1,8,80001,True,1,False,100,0.0,0.015449723228812218,0.0159400792903744,0.013097661770597154,0.03905352517516209,0.15509588006142813,0.9880474892908798,0.03436616412851816,16,8,0.2,2500,fast_ICA,iid,False,5
14,5,5001,27,270001,True,6,False,100,0.00885964877197644,0.01768234884366393,0.030060160991155025,0.028400149649014373,0.045993144212603865,0.16938383513240668,0.9861300883237425,0.030514850764603817,16,8,0.2,2500,fast_ICA,iid,False,5
14,4,4001,28,280001,True,5,False,100,0.1345120719168225,0.02208144124597311,0.023292561597896253,0.021872813837629537,0.031356071873642914,0.1662861285862286,0.9872730703824684,0.030313912727985524,16,8,0.2,2500,fast_ICA,iid,False,5
14,4,4001,13,130001,True,5,False,100,0.1796051483003321,0.04574049077928066,0.029073921382697397,0.026092767615087407,0.04716378345357164,0.16711359300019474,0.9863436959259149,0.02969682268026853,16,8,0.2,2500,fast_ICA,iid,False,5
14,6,6001,1,10001,True,7,False,100,0.3865245092413079,0.012487431988120079,0.026041527876894226,0.02318459775810661,0.04552928055325037,0.17708307259588663,0.9848097652125632,0.02983903601336514,16,8,0.2,2500,fast_ICA,iid,False,5
14,6,6001,8,80001,True,8,False,100,0.6193674452698826,0.01422478025779128,0.02358077225026186,0.021305781636139123,0.03977986384468552,0.19567204665221505,0.9811376235472555,0.02973348292256552,16,8,0.2,2500,fast_ICA,iid,False,5
14,8,8001,22,220001,True,5,False,100,0.22230352765134004,0.027184207923710346,0.03169745249106935,0.028450011416104086,0.06796532704839163,0.16754105868768904,0.9860049365481174,0.029511673549588852,16,8,0.2,2500,fast_ICA,iid,False,5
14,7,7001,1,10001,True,6,False,100,0.3865245092413079,0.006280050612986088,0.023853421290696605,0.021446181834289063,0.04322104846515326,0.16676848165003633,0.9863662830184097,0.029685566685296184,16,8,0.2,2500,fast_ICA,iid,False,5
15,1,1001,23,230001,True,1,False,100,0.0,0.006034431979060173,0.016450821882726046,0.01411072753362325,0.0376601193862588,0.1512924657085587,0.988873350639286,0.034965281974479255,16,8,0.2,2500,fast_ICA,iid,False,5
14,7,7001,9,90001,True,5,False,100,0.1378226139901437,0.008043568581342697,0.024473051815453353,0.023312610070354713,0.0437648130998182,0.15861461371207108,0.9875946214036184,0.02982558992522454,16,8,0.2,2500,fast_ICA,iid,False,5
15,0,1,9,90001,True,1,False,100,0.0,0.011977714952081442,0.02117452863289799,0.01928552701694118,0.040501496585694303,0.16044491360155025,0.9871540971997249,0.03521121560281691,16,8,0.2,2500,fast_ICA,iid,False,5
14,7,7001,18,180001,True,8,False,100,0.04937990751915944,0.0084245759062469,0.026439413410354367,0.02480218998624465,0.039925343801322524,0.15734523868654823,0.9878764319749743,0.03016992735032026,16,8,0.2,2500,fast_ICA,iid,False,5
14,7,7001,3,30001,True,5,False,100,0.16400224387166476,0.012045964132994413,0.02391791267053996,0.0210537865131282,0.05467343548845742,0.16110599101350093,0.9875291844489363,0.030031065793355925,16,8,0.2,2500,fast_ICA,iid,False,5
15,0,1,20,200001,True,1,False,100,0.0,0.012752470094710588,0.016022669029510734,0.015257805823188263,0.02275216629069671,0.1507318204978196,0.9887377040862204,0.03365081669261143,16,8,0.2,2500,fast_ICA,iid,False,5
14,6,6001,6,60001,True,8,False,100,0.06040356197985764,0.022304459009319544,0.030221623971563853,0.025664603846544374,0.056739211698914195,0.16675835874716108,0.9861866589146273,0.02952003014862771,16,8,0.2,2500,fast_ICA,iid,False,5
15,1,1001,4,40001,True,1,False,100,0.0,0.011949164792895317,0.01950565017984731,0.016840347531041945,0.036238369366016494,0.17039884631000757,0.9864100967834866,0.034639202555979236,16,8,0.2,2500,fast_ICA,iid,False,5
15,1,1001,18,180001,True,1,False,100,0.0,0.010205426253378391,0.019706438086435265,0.018416858964783976,0.028582675067594255,0.16466623935157906,0.9868414421957376,0.035099377449469865,16,8,0.2,2500,fast_ICA,iid,False,5
14,5,5001,28,280001,True,6,False,100,0.1345120719168225,0.02208305010572076,0.025004171194793572,0.02350907015407407,0.03399263289477788,0.16604517697993715,0.9873907908143432,0.030398060697656985,16,8,0.2,2500,fast_ICA,iid,False,5
15,0,1,21,210001,True,1,False,100,0.0,0.016768024303019047,0.017633715661315757,0.016034120978955117,0.02990538829563805,0.15863117807998223,0.9875691570836682,0.03480533361886753,16,8,0.2,2500,fast_ICA,iid,False,5
14,9,9001,23,230001,True,6,False,100,0.12340048891671039,0.019505197182297707,0.0224327971683519,0.0198135404611902,0.04531317253658521,0.1559936679792146,0.9880927511137527,0.030131046846888863,16,8,0.2,2500,fast_ICA,iid,False,5
14,8,8001,29,290001,True,4,False,100,0.15546299490751336,0.03679321799427271,0.03986962107900124,0.035975902424398874,0.08048782813846886,0.18805523203870428,0.9826458375921174,0.030406468778576702,16,8,0.2,2500,fast_ICA,iid,False,5
14,4,4001,0,1,True,6,False,100,0.5297986950875018,0.07163785817101598,0.028693059207184835,0.02495132913886483,0.06401934266382554,0.18749633722661946,0.9826988533765109,0.029671323853672323,16,8,0.2,2500,fast_ICA,iid,False,5
14,7,7001,5,50001,True,6,False,100,0.4353929304816683,0.016436895821243525,0.02442873847823357,0.019612020246515996,0.06488128202960042,0.17760262522209502,0.9849715154680014,0.030270882006965684,16,8,0.2,2500,fast_ICA,iid,False,5
14,6,6001,28,280001,True,7,False,100,0.1345120719168225,0.025271750055253506,0.023427582202139904,0.02175560224933451,0.031543821195934435,0.16154670066788102,0.9881295897847258,0.03094469872487505,16,8,0.2,2500,fast_ICA,iid,False,5
14,5,5001,17,170001,True,8,False,100,0.5485240976095819,0.04922413034364581,0.030679456679651863,0.028508509259631463,0.04726218030556364,0.19935111274771983,0.9805560921689995,0.029175197828543064,16,8,0.2,2500,fast_ICA,iid,False,5
14,8,8001,21,210001,True,5,False,100,0.17240095184380397,0.016452236101031303,0.032566453642091486,0.03008561744246146,0.0512922538266422,0.16588532670383394,0.986421851416513,0.029886705520571398,16,8,0.2,2500,fast_ICA,iid,False,5
15,1,1001,13,130001,True,1,False,100,0.0,0.012576410081237555,0.026323987185542633,0.022922988489245087,0.046708116878894305,0.1734671562744916,0.9851197839827543,0.03457543563096318,16,8,0.2,2500,fast_ICA,iid,False,5
14,7,7001,4,40001,True,5,False,100,0.4681067980112915,0.026054564863443375,0.02666288529241533,0.023667116650922568,0.054568891549544855,0.18951616205645222,0.9833197940835332,0.03075226170396619,16,8,0.2,2500,fast_ICA,iid,False,5
14,5,5001,12,120001,True,7,False,100,0.5307693738082964,0.0046585011295974255,0.03162525865883145,0.028611483102862927,0.06357024212527615,0.1895325860577935,0.982148723256792,0.030393342085933153,16,8,0.2,2500,fast_ICA,iid,False,5
15,2,2001,5,50001,True,1,False,100,0.0,0.006447559222579002,0.019200846187485538,0.015365518292105532,0.04472401781289136,0.17065727633585673,0.9856381104787105,0.0350523908474993,16,8,0.2,2500,fast_ICA,iid,False,5
15,0,1,4,40001,True,1,False,100,0.0,0.019456367008388042,0.020331376434113035,0.017603775679791718,0.03887220631928067,0.17053302875397439,0.9865963533613519,0.034701305220064003,16,8,0.2,2500,fast_ICA,iid,False,5
14,0,1,20,200001,True,6,False,100,0.680903371463084,0.012300382368266582,0.025643299700669947,0.022667428107522015,0.056984409575179515,0.20308487161893718,0.9795851301806127,0.02983049973981424,16,8,0.2,2500,fast_ICA,iid,False,5
15,1,1001,15,150001,True,1,False,100,0.0,0.013813382014632225,0.019741248089419187,0.017593574688913954,0.03232747271086452,0.15166334778169027,0.9886523963660894,0.034566151388346705,16,8,0.2,2500,fast_ICA,iid,False,5
14,7,7001,21,210001,True,6,False,100,0.17240095184380397,0.007326234132051468,0.030263800322628417,0.028070235140863407,0.04749278548501983,0.1655198226077165,0.986423582002822,0.029551269682192367,16,8,0.2,2500,fast_ICA,iid,False,5
14,4,4001,5,50001,True,8,False,100,0.4353929304816683,0.031737130135297775,0.024677978628540043,0.020882652710084968,0.05953023387342089,0.1760443305491739,0.9851126530615065,0.030364583982053734,16,8,0.2,2500,fast_ICA,iid,False,5
15,1,1001,12,120001,True,1,False,100,0.0,0.014839467126876116,0.02519125600304977,0.021791686579273446,0.044493083554573196,0.17846240762837295,0.9843334602793651,0.03507074155544207,16,8,0.2,2500,fast_ICA,iid,False,5
15,1,1001,22,220001,True,1,False,100,0.0,0.011399248149245977,0.028158057926237767,0.02425360517327073,0.05535279326324276,0.18326264763338945,0.983400537330213,0.0347139524760834,16,8,0.2,2500,fast_ICA,iid,False,5
14,7,7001,20,200001,True,6,False,100,0.680903371463084,0.015297483187168837,0.02574622539221306,0.022452279949807204,0.05977553499954943,0.20263838631644915,0.9795684406490729,0.03007682237799286,16,8,0.2,2500,fast_ICA,iid,False,5
15,1,1001,24,240001,True,1,False,100,0.0,0.004454491659998894,0.020856766372147287,0.019181670232618964,0.031228951760263215,0.16621348148351392,0.9869690369564315,0.03506684220347961,16,8,0.2,2500,fast_ICA,iid,False,5
15,0,1,26,260001,True,1,False,100,0.0,0.01882666116580367,0.023321403915920337,0.020902788463148754,0.04443315282097534,0.18008536093718414,0.9840191928258318,0.03474205245360101,16,8,0.2,2500,fast_ICA,iid,False,5
15,0,1,22,220001,True,1,False,100,0.0,0.011837865225970745,0.027030348023802782,0.023141900769235446,0.05468992329323022,0.18122438315883777,0.9838292998748314,0.034388970932071196,16,8,0.2,2500,fast_ICA,iid,False,5
14,3,3001,5,50001,True,7,False,100,0.4353929304816683,0.030478397849947214,0.024619335423127418,0.020344212832114045,0.0626633583988388,0.17529562703773943,0.9851573081089744,0.029859580289086574,16,8,0.2,2500,fast_ICA,iid,False,5
14,9,9001,27,270001,True,7,False,100,0.00885964877197644,0.016391995828598738,0.02862470739937095,0.02637605753780908,0.04874377625249078,0.16525066580641595,0.9868842679866561,0.030039010626411185,16,8,0.2,2500,fast_ICA,iid,False,5
14,9,9001,18,180001,True,7,False,100,0.04937990751915944,0.030997654888778925,0.027883575507364818,0.025993001593077242,0.044357015294558884,0.15970889734415356,0.9875599457152103,0.030110451541933928,16,8,0.2,2500,fast_ICA,iid,False,5
14,7,7001,8,80001,True,5,False,100,0.6193674452698826,0.018732691183686256,0.024244091277515045,0.022081568997141955,0.04356376027902372,0.19663003402721668,0.981077860260971,0.0294962682416774,16,8,0.2,2500,fast_ICA,iid,False,5
15,3,3001,6,60001,True,1,False,100,0.0,0.006685828324407339,0.017233857229459432,0.0150059719234829,0.03394298249203399,0.15607118367322556,0.9879879117660129,0.034342229550111354,16,8,0.2,2500,fast_ICA,iid,False,5
15,0,1,15,150001,True,1,False,100,0.0,0.021559463813900948,0.01820825812921869,0.017243347324225028,0.0279755198693095,0.15606393285993284,0.9879628850756544,0.03481908784423145,16,8,0.2,2500,fast_ICA,iid,False,5
14,7,7001,16,160001,True,7,False,100,0.23873292693843978,0.017485918942838907,0.024118458014543903,0.021495972716414704,0.05470484632830326,0.1603465846656617,0.9872613472485289,0.029897769475586984,16,8,0.2,2500,fast_ICA,iid,False,5
15,0,1,12,120001,True,1,False,100,0.0,0.029942681081593037,0.02628603799132478,0.02278303298830135,0.04330190917245275,0.178940177933705,0.9843266692455755,0.03505532338020276,16,8,0.2,2500,fast_ICA,iid,False,5
14,4,4001,8,80001,True,4,False,100,0.6193674452698826,0.018347554374486208,0.02187918307574334,0.020001557543787088,0.03397453335348763,0.19208474929682934,0.9818028821480649,0.029635551530433485,16,8,0.2,2500,fast_ICA,iid,False,5
14,7,7001,11,110001,True,5,False,100,0.30450244394650205,0.012734330259263515,0.03221219690903072,0.028728114371696784,0.05317038929532382,0.17211902172295512,0.9853793515427709,0.029879636628252115,16,8,0.2,2500,fast_ICA,iid,False,5
15,1,1001,0,1,True,1,False,100,0.0,0.025289541110396385,0.016968843652324518,0.015592361874468162,0.027338473451916777,0.1643681667797624,0.9867052594166493,0.034613260397035155,16,8,0.2,2500,fast_ICA,iid,False,5
15,1,1001,14,140001,True,1,False,100,0.0,0.014845236204564571,0.014851947801107187,0.013586502047122306,0.026352784656709385,0.1532957546924886,0.9885725203563138,0.03408969612443844,16,8,0.2,2500,fast_ICA,iid,False,5
15,1,1001,9,90001,True,1,False,100,0.0,0.02366737090051174,0.023448067175245,0.021402158375980602,0.046621299690956575,0.16191298262216997,0.9869700594681043,0.03518418315421411,16,8,0.2,2500,fast_ICA,iid,False,5
15,0,1,27,270001,True,1,False,100,0.0,0.027336157858371735,0.02439343810030208,0.019716805135886202,0.046091379981699786,0.1748379197492951,0.9855388143373067,0.03462831522872344,16,8,0.2,2500,fast_ICA,iid,False,5
14,8,8001,20,200001,True,4,False,100,0.680903371463084,0.004243114031851292,0.02527258878749077,0.022263485032683564,0.060253677665123705,0.20136177349230597,0.9798891559765603,0.03029430041167774,16,8,0.2,2500,fast_ICA,iid,False,5
15,1,1001,25,250001,True,1,False,100,0.0,0.02009480306878686,0.01922270155600111,0.01693829121542535,0.03767262009683819,0.1611660667046962,0.9872965657194187,0.034855268866457706,16,8,0.2,2500,fast_ICA,iid,False,5
14,7,7001,29,290001,True,5,False,100,0.15546299490751336,0.009459259919822216,0.04235572347110628,0.03857510402704563,0.08254180427125202,0.18864517406640663,0.9824465570498918,0.029551315391640343,16,8,0.2,2500,fast_ICA,iid,False,5
14,2,2001,17,170001,True,7,False,100,0.5485240976095819,0.02622726373374462,0.02954240325630468,0.02698371612437757,0.04592321269331974,0.195163057220621,0.9812956079188738,0.030159672402026196,16,8,0.2,2500,fast_ICA,iid,False,5
15,1,1001,17,170001,True,1,False,100,0.0,0.02499169297516346,0.013689839688063359,0.012524004251417009,0.02274513241519265,0.1519718138789326,0.9885876953173408,0.03541921678224004,16,8,0.2,2500,fast_ICA,iid,False,5
14,5,5001,3,30001,True,6,False,100,0.16400224387166476,0.026589362416416407,0.02403999838611774,0.021604131453347768,0.049798712552057124,0.16318127289679288,0.9873537856314849,0.029817711381140175,16,8,0.2,2500,fast_ICA,iid,False,5
15,0,1,11,110001,True,1,False,100,0.0,0.006132881157100201,0.02083772874429989,0.018229096130983318,0.04287462933115134,0.16625988374694656,0.9862676096085691,0.03445553888574137,16,8,0.2,2500,fast_ICA,iid,False,5
14,5,5001,6,60001,True,8,False,100,0.06040356197985764,0.006631187628954649,0.02918006531922652,0.02509278288806604,0.05498103848502037,0.16724117121500254,0.9860929786675794,0.029877532982117174,16,8,0.2,2500,fast_ICA,iid,False,5
15,2,2001,20,200001,True,1,False,100,0.0,0.01509815501049161,0.016381740222413323,0.015350940493128684,0.02705030763749815,0.15412252322016984,0.9882556343869784,0.03483773972268502,16,8,0.2,2500,fast_ICA,iid,False,5
15,3,3001,10,100001,True,1,False,100,0.0,0.019682226236909628,0.025747145273808524,0.02133182473353247,0.060281540888219014,0.17997756482273095,0.9840266850068561,0.034245696654593316,16,8,0.2,2500,fast_ICA,iid,False,5
14,9,9001,19,190001,True,7,False,100,0.1280216521407031,0.01965525606647134,0.021416833938015314,0.02016930103275288,0.02994246221880368,0.1581884555486563,0.987756329673507,0.030004408757835138,16,8,0.2,2500,fast_ICA,iid,False,5
15,1,1001,27,270001,True,1,False,100,0.0,0.03103556390851736,0.023216148460096786,0.019654745848191837,0.04561571271453346,0.17225571076884102,0.9860620811441851,0.034963142971432874,16,8,0.2,2500,fast_ICA,iid,False,5
15,3,3001,14,140001,True,1,False,100,0.0,0.02000105381011963,0.01567687690748661,0.014210814656456495,0.028360214482283187,0.1501579204069693,0.9889918673274307,0.03497452828924144,16,8,0.2,2500,fast_ICA,iid,False,5
14,5,5001,11,110001,True,6,False,100,0.30450244394650205,0.02355977101251483,0.02707031818281484,0.023946462987039653,0.0462745237035412,0.16583396379615195,0.9863209393480543,0.03003418720855737,16,8,0.2,2500,fast_ICA,iid,False,5
15,3,3001,9,90001,True,1,False,100,0.0,0.02141757495701313,0.021977078692776035,0.01999960832748232,0.042788003314268734,0.15898395453099073,0.9874729033028381,0.035540154278066435,16,8,0.2,2500,fast_ICA,iid,False,5
15,0,1,17,170001,True,1,False,100,0.0,0.027786343824118376,0.013898759718420887,0.012396980420625616,0.025361896311641655,0.15781593733241667,0.9876190989403548,0.034779883036422016,16,8,0.2,2500,fast_ICA,iid,False,5
15,0,1,1,10001,True,1,False,100,0.0,0.047229851596057415,0.018104763370188105,0.015140150290894595,0.03690931845617949,0.15463256778351658,0.9881870169974901,0.03446614512144468,16,8,0.2,2500,fast_ICA,iid,False,5
15,4,4001,13,130001,True,1,False,100,0.0,0.004935819189995527,0.02608720930319824,0.021997225893684236,0.04908199370965677,0.17110107443640593,0.9855840128329763,0.03563924963705458,16,8,0.2,2500,fast_ICA,iid,False,5
15,1,1001,10,100001,True,1,False,100,0.0,0.01626403722912073,0.02635853435220802,0.022340421100686944,0.06119389243446631,0.18085847351954348,0.9838810970704399,0.03500392076766595,16,8,0.2,2500,fast_ICA,iid,False,5
15,3,3001,4,40001,True,1,False,100,0.0,0.022495878860354424,0.020037169179412336,0.017290738240303697,0.03758215624233687,0.1706160407336217,0.9865604550312864,0.035986011066162,16,8,0.2,2500,fast_ICA,iid,False,5
15,1,1001,2,20001,True,1,False,100,0.0,0.014280320145189762,0.017544595075050233,0.014530622003511408,0.04715690928432046,0.16713176754436812,0.986123382861348,0.03471800187779564,16,8,0.2,2500,fast_ICA,iid,False,5
15,3,3001,3,30001,True,1,False,100,0.0,0.025224980898201466,0.016946552662492932,0.014825484406815428,0.034116932454544405,0.16167808933945632,0.9877300003748702,0.035403038871695665,16,8,0.2,2500,fast_ICA,iid,False,5
15,1,1001,20,200001,True,1,False,100,0.0,0.03960302984341979,0.01692913986313037,0.015857808694059512,0.024145357709971053,0.15684017230421732,0.9879708079186699,0.034519352374764334,16,8,0.2,2500,fast_ICA,iid,False,5
15,1,1001,1,10001,True,1,False,100,0.0,0.008909364230930805,0.018204949403167116,0.014880779733453907,0.04223475822921892,0.1593070716320927,0.987598210215642,0.03454128949051572,16,8,0.2,2500,fast_ICA,iid,False,5
15,0,1,6,60001,True,1,False,100,0.0,0.02674138220027089,0.016941882714465648,0.015034312686288381,0.02816482131568702,0.1525901189829734,0.9884656870946481,0.034733706765049326,16,8,0.2,2500,fast_ICA,iid,False,5
15,2,2001,24,240001,True,1,False,100,0.0,0.024296226911246777,0.020440022523017996,0.0186814758093546,0.038381690002219325,0.16845080294852632,0.9865547587617737,0.03547153383412674,16,8,0.2,2500,fast_ICA,iid,False,5
15,0,1,18,180001,True,1,False,100,0.0,0.02589751733466983,0.020400786420971723,0.018804993122969984,0.034187929715858816,0.1629248620899101,0.9871505654804027,0.034728396380538165,16,8,0.2,2500,fast_ICA,iid,False,5
15,2,2001,18,180001,True,1,False,100,0.0,0.0060597918927669525,0.01998367387624271,0.018487960900283443,0.030394042125552623,0.1622580002129294,0.9873751814501459,0.03485300550158463,16,8,0.2,2500,fast_ICA,iid,False,5
15,1,1001,26,260001,True,1,False,100,0.0,0.04081090213730931,0.024676898110419877,0.02226568341156856,0.04690208589282284,0.17848339324032497,0.9841973100426351,0.03458227455925493,16,8,0.2,2500,fast_ICA,iid,False,5
15,3,3001,19,190001,True,1,False,100,0.0,0.029162445571273565,0.015184653319381,0.014054427774591831,0.02738986440718089,0.1538317215049181,0.9882471393758112,0.03498020109707576,16,8,0.2,2500,fast_ICA,iid,False,5
15,2,2001,12,120001,True,1,False,100,0.0,0.020570600870996714,0.026988100791944834,0.023137691515590177,0.05312691156477191,0.18206909428435503,0.983617591579073,0.035140901360432526,16,8,0.2,2500,fast_ICA,iid,False,5
15,2,2001,4,40001,True,1,False,100,0.0,0.022203889675438404,0.019505175303281188,0.016468296734411865,0.037957475646781896,0.16652136532290157,0.9872582923634441,0.03541515410598312,16,8,0.2,2500,fast_ICA,iid,False,5
15,5,5001,1,10001,True,1,False,100,0.0,0.005834443960338831,0.018148620802103527,0.015446151550415113,0.042389817582085154,0.15662550443378317,0.9878012269710825,0.034446627354054765,16,8,0.2,2500,fast_ICA,iid,False,5
15,3,3001,27,270001,True,1,False,100,0.0,0.007688581012189388,0.025320636037244847,0.02112024620386386,0.047941956309552176,0.17559223386291228,0.9855420174608941,0.03550973490911723,16,8,0.2,2500,fast_ICA,iid,False,5
15,3,3001,24,240001,True,1,False,100,0.0,0.02711983909830451,0.0214905728147032,0.01917518910713583,0.03730517497394956,0.16406263721045647,0.9873639269022523,0.03526345675387679,16,8,0.2,2500,fast_ICA,iid,False,5
15,3,3001,8,80001,True,1,False,100,0.0,0.0414092387072742,0.015656124998367153,0.01265669996632929,0.04414456086766456,0.15998945446528318,0.9873172796188112,0.0345755248904051,16,8,0.2,2500,fast_ICA,iid,False,5
15,5,5001,5,50001,True,1,False,100,0.0,0.008963933680206537,0.019148539730837348,0.01570267995845357,0.045244871091092397,0.16986261476290407,0.9858613193860152,0.034716157240431096,16,8,0.2,2500,fast_ICA,iid,False,5
14,9,9001,15,150001,True,8,False,100,0.2593332379285856,0.021328105125576258,0.025218832692588032,0.023351855759833482,0.0508112274113728,0.1651095690987624,0.9870187632024726,0.030287382869428326,16,8,0.2,2500,fast_ICA,iid,False,5
15,3,3001,22,220001,True,1,False,100,0.0,0.010637403931468725,0.028523647271910015,0.02432921084320809,0.056218857704648795,0.18085922100654728,0.9838152097079682,0.03535218224618186,16,8,0.2,2500,fast_ICA,iid,False,5
15,2,2001,26,260001,True,1,False,100,0.0,0.046029659919440746,0.02446398792944816,0.021670814337790577,0.050731139192639364,0.17937754215825516,0.9840148415160901,0.03393552973239219,16,8,0.2,2500,fast_ICA,iid,False,5
15,2,2001,28,280001,True,1,False,100,0.0,0.03814356029033661,0.01728023761161802,0.01565790794042283,0.03162142723239349,0.16481562765452024,0.9872674504860803,0.03585002935745192,16,8,0.2,2500,fast_ICA,iid,False,5
15,5,5001,14,140001,True,1,False,100,0.0,0.011618976946920156,0.01556811346464324,0.01376444345825694,0.029947263542526477,0.15318359814300533,0.9885109439909602,0.03492251305969138,16,8,0.2,2500,fast_ICA,iid,False,5
15,5,5001,15,150001,True,1,False,100,0.0,0.01129589881747961,0.017780942203645296,0.016022053952201062,0.029705825561967884,0.15323701565947914,0.9884229599147931,0.03490641324204304,16,8,0.2,2500,fast_ICA,iid,False,5
15,4,4001,1,10001,True,1,False,100,0.0,0.005897862836718559,0.017670496080898806,0.015395192261760482,0.03414916699280782,0.15719435181666414,0.9878398764467243,0.034977326999782725,16,8,0.2,2500,fast_ICA,iid,False,5
15,4,4001,28,280001,True,1,False,100,0.0,0.023323423229157925,0.018519144676025726,0.017115726982134982,0.028217412709082023,0.16291235763211528,0.9875809132196214,0.03521873334327642,16,8,0.2,2500,fast_ICA,iid,False,5
15,3,3001,0,1,True,1,False,100,0.0,0.05240410892292857,0.01723463309873105,0.014629134877164048,0.0352006944494935,0.16113180969030275,0.9872579810996773,0.034614364489493094,16,8,0.2,2500,fast_ICA,iid,False,5
15,3,3001,16,160001,True,1,False,100,0.0,0.01653325604274869,0.016877302176908953,0.014204099805848039,0.039033125613515046,0.1604251991122156,0.9873301418545963,0.03525400307821343,16,8,0.2,2500,fast_ICA,iid,False,5
15,5,5001,9,90001,True,1,False,100,0.0,0.017577028833329678,0.02363708554578393,0.021287264227574192,0.0472315464516831,0.158726161288047,0.9875349520251139,0.03491239710621487,16,8,0.2,2500,fast_ICA,iid,False,5
15,2,2001,11,110001,True,1,False,100,0.0,0.024111967999488115,0.021215790667120777,0.017487855828232993,0.046463270978422656,0.16015518362567172,0.9873668500104991,0.034076060409897205,16,8,0.2,2500,fast_ICA,iid,False,5
15,2,2001,17,170001,True,1,False,100,0.0,0.0168395540677011,0.014882414300406016,0.013671105923825465,0.024619184307635614,0.1559905873169454,0.9878736593314417,0.03415396558751729,16,8,0.2,2500,fast_ICA,iid,False,5
15,3,3001,26,260001,True,1,False,100,0.0,0.011292899027466774,0.024937788981177048,0.022535678675160965,0.04610935296844977,0.17794143267689,0.9843067309278235,0.034213963665104846,16,8,0.2,2500,fast_ICA,iid,False,5
15,4,4001,3,30001,True,1,False,100,0.0,0.009992426726967096,0.017933293513307476,0.015552443892093978,0.03683065170743946,0.1587274916011823,0.9881626784555838,0.03493477734682172,16,8,0.2,2500,fast_ICA,iid,False,5
15,1,1001,11,110001,True,1,False,100,0.0,0.02081549819558859,0.02191342401792201,0.018619371975632047,0.04675331973710949,0.16366246918609834,0.9866711172746544,0.03540481765897166,16,8,0.2,2500,fast_ICA,iid,False,5
15,2,2001,29,290001,True,1,False,100,0.0,0.006335889920592308,0.024447536474264144,0.020433157156231185,0.0581782988691394,0.17298353802151525,0.9853030524555072,0.03472402758036435,16,8,0.2,2500,fast_ICA,iid,False,5
15,5,5001,7,70001,True,1,False,100,0.0,0.028593409806489944,0.025418491091886465,0.02086539156190794,0.06333805064382499,0.16941605422105147,0.9858552852069367,0.034839043574285244,16,8,0.2,2500,fast_ICA,iid,False,5
14,9,9001,10,100001,True,8,False,100,0.38724045650924044,0.10230917390435934,0.03172140476879554,0.0279103889940815,0.07298437483264533,0.18329459171839318,0.9836658503519518,0.029657926389694386,16,8,0.2,2500,fast_ICA,iid,False,5
15,5,5001,22,220001,True,1,False,100,0.0,0.011670996434986591,0.02709127526209947,0.023797912643677525,0.05684347629305846,0.1841690262442018,0.9831550467699823,0.035017179399756196,16,8,0.2,2500,fast_ICA,iid,False,5
15,3,3001,18,180001,True,1,False,100,0.0,0.020445201080292463,0.02065536184644754,0.019147234538158836,0.03406358651444103,0.16425135794691745,0.9869309091321309,0.034985391632366414,16,8,0.2,2500,fast_ICA,iid,False,5
15,5,5001,19,190001,True,1,False,100,0.0,0.012577121146023273,0.01379921146923761,0.012261083074728209,0.025969211225907084,0.15111936592950223,0.9887285408779982,0.03507400482341939,16,8,0.2,2500,fast_ICA,iid,False,5
15,3,3001,2,20001,True,1,False,100,0.0,0.025621659122407436,0.01701030364407727,0.014473558360240673,0.04223922770421662,0.16455004241448903,0.986601047887487,0.03549731968415807,16,8,0.2,2500,fast_ICA,iid,False,5
15,6,6001,0,1,True,1,False,100,0.0,0.010651953052729368,0.016398601056139387,0.01475197291469606,0.0274351340261072,0.15949046064967148,0.9874231531827203,0.034678544183796886,16,8,0.2,2500,fast_ICA,iid,False,5
15,5,5001,27,270001,True,1,False,100,0.0,0.008745355065912008,0.02452597908813817,0.020522197500833023,0.04669442291846746,0.17285432329153155,0.9858508697873662,0.03531647346547989,16,8,0.2,2500,fast_ICA,iid,False,5
14,8,8001,16,160001,True,5,False,100,0.23873292693843978,0.05872011883184314,0.02298687284421595,0.020112308818267588,0.05413974458690539,0.15618159197741932,0.987842884239875,0.029589910137621342,16,8,0.2,2500,fast_ICA,iid,False,5
15,5,5001,24,240001,True,1,False,100,0.0,0.013535054866224527,0.02019870232349982,0.01839514048772614,0.03567949910155322,0.1651241148561439,0.9871552116011393,0.03501621792572574,16,8,0.2,2500,fast_ICA,iid,False,5
15,2,2001,7,70001,True,1,False,100,0.0,0.017776478081941605,0.02536545456879506,0.02072249497540568,0.06539263647172601,0.17620191047940692,0.9846023890418445,0.034799251604749074,16,8,0.2,2500,fast_ICA,iid,False,5
15,4,4001,12,120001,True,1,False,100,0.0,0.013349495828151703,0.026104503348741138,0.021958288012266507,0.049944532114097745,0.17758215149620535,0.9845164076153152,0.035105409978332974,16,8,0.2,2500,fast_ICA,iid,False,5
15,4,4001,2,20001,True,1,False,100,0.0,0.015248293988406658,0.019132002394023566,0.015588454571050882,0.04921809071382228,0.16256165335264652,0.987009850086153,0.0346577049505649,16,8,0.2,2500,fast_ICA,iid,False,5
15,5,5001,29,290001,True,1,False,100,0.0,0.013453145045787096,0.024724427255239375,0.021076132119261945,0.056195792930348154,0.17309953205131026,0.9852933474705723,0.034806655690469215,16,8,0.2,2500,fast_ICA,iid,False,5
14,9,9001,29,290001,True,7,False,100,0.15546299490751336,0.032013747841119766,0.03955480745919212,0.03566506836365048,0.07525763428328058,0.1851365312732952,0.9831107464197354,0.030412642578559405,16,8,0.2,2500,fast_ICA,iid,False,5
15,0,1,23,230001,True,1,False,100,0.0,0.024450676050037146,0.01700806814903937,0.014248939049180145,0.0432788323538188,0.1504971319799638,0.9889870151952133,0.03524485993608456,16,8,0.2,2500,fast_ICA,iid,False,5
14,8,8001,27,270001,True,7,False,100,0.00885964877197644,0.041055791079998016,0.029574955761033025,0.027493629519668127,0.04263010643915106,0.16373960302447982,0.987087915034324,0.03022009936436241,16,8,0.2,2500,fast_ICA,iid,False,5
15,3,3001,12,120001,True,1,False,100,0.0,0.01083036232739687,0.025671924171072297,0.022402068475680288,0.04671253696317781,0.1834876738445091,0.9834566943392155,0.03419808043224652,16,8,0.2,2500,fast_ICA,iid,False,5
15,5,5001,20,200001,True,1,False,100,0.0,0.017479360103607178,0.017493759024219836,0.016439813263437356,0.030061177982756527,0.15531561274869682,0.9881660732517694,0.03493375749678294,16,8,0.2,2500,fast_ICA,iid,False,5
15,5,5001,26,260001,True,1,False,100,0.0,0.019104728940874338,0.02429742515180034,0.021887673392911235,0.0441569711810812,0.17763930735805655,0.9843113318169097,0.034500898502889434,16,8,0.2,2500,fast_ICA,iid,False,5
15,6,6001,10,100001,True,1,False,100,0.0,0.007005285006016493,0.024349546312633193,0.020134479588478617,0.059077477651068314,0.1799701061903818,0.9838983792787102,0.03495286154781778,16,8,0.2,2500,fast_ICA,iid,False,5
15,0,1,28,280001,True,1,False,100,0.0,0.04686906421557069,0.0168360812786295,0.015640309708293068,0.03130926775802629,0.16173050809201142,0.987777555105527,0.035141511983184937,16,8,0.2,2500,fast_ICA,iid,False,5
15,5,5001,28,280001,True,1,False,100,0.0,0.016586184967309237,0.016968740586146395,0.015298416081843791,0.02987798479741315,0.16276783264276223,0.9876126638694629,0.03499099460854213,16,8,0.2,2500,fast_ICA,iid,False,5
15,2,2001,3,30001,True,1,False,100,0.0,0.023679600097239017,0.01813049299853644,0.01576346327892724,0.037567569762891675,0.1587580098929437,0.9881688188455214,0.03508951741622929,16,8,0.2,2500,fast_ICA,iid,False,5
15,6,6001,5,50001,True,1,False,100,0.0,0.007074235938489437,0.020026363336086928,0.01608087092640553,0.050469992484708376,0.16819870516312274,0.9861462357982743,0.0345445656171718,16,8,0.2,2500,fast_ICA,iid,False,5
15,4,4001,16,160001,True,1,False,100,0.0,0.0077757807448506355,0.018100958383570346,0.015122809185665172,0.044876270081381335,0.15938969684159407,0.9874065432009801,0.03494242451599605,16,8,0.2,2500,fast_ICA,iid,False,5
15,3,3001,25,250001,True,1,False,100,0.0,0.005730033852159977,0.018809985122678227,0.016485251688517638,0.0381223991031341,0.1575481777210744,0.9879982888339889,0.03463647222703527,16,8,0.2,2500,fast_ICA,iid,False,5
15,2,2001,25,250001,True,1,False,100,0.0,0.03186226915568113,0.02063192818056345,0.018292219818653574,0.041771949254584474,0.15860960064607546,0.9877552744525635,0.03512520745350503,16,8,0.2,2500,fast_ICA,iid,False,5
15,2,2001,14,140001,True,1,False,100,0.0,0.01829095371067524,0.01661451678981053,0.014555113867036944,0.032839566986828814,0.15411470231427993,0.9884400715190984,0.034510150391940594,16,8,0.2,2500,fast_ICA,iid,False,5
15,2,2001,23,230001,True,1,False,100,0.0,0.014958016108721495,0.01734268857087174,0.01523458689480061,0.03900028622309969,0.14699509875263056,0.9894124378036716,0.03441258649802728,16,8,0.2,2500,fast_ICA,iid,False,5
15,5,5001,25,250001,True,1,False,100,0.0,0.02546832012012601,0.019169371474170856,0.017040447460356635,0.034990344000411865,0.16008015228943678,0.9874351195242409,0.03469373649262282,16,8,0.2,2500,fast_ICA,iid,False,5
15,6,6001,8,80001,True,1,False,100,0.0,0.013054376933723688,0.016340634251250336,0.01361572144904141,0.04263840477628819,0.15732548270448884,0.987881121922034,0.03477590231673787,16,8,0.2,2500,fast_ICA,iid,False,5
15,6,6001,14,140001,True,1,False,100,0.0,0.011295538861304522,0.016870330593670903,0.014954848952144707,0.035658013184363645,0.15085924978868895,0.9888843180682385,0.03512674491921445,16,8,0.2,2500,fast_ICA,iid,False,5
15,6,6001,6,60001,True,1,False,100,0.0,0.014752496965229511,0.01645479775712561,0.014480703049146046,0.03292946518199215,0.15524930048836638,0.9881570091497861,0.03461614692590236,16,8,0.2,2500,fast_ICA,iid,False,5
14,9,9001,3,30001,True,8,False,100,0.16400224387166476,0.011877965182065964,0.022491333516263125,0.020494214205867042,0.04360961043226239,0.1625877497559408,0.9873792346727904,0.03011851929936431,16,8,0.2,2500,fast_ICA,iid,False,5
15,2,2001,2,20001,True,1,False,100,0.0,0.03150409134104848,0.017218908032692926,0.014113969202113061,0.04596500209411258,0.1625509317958691,0.9869954257648692,0.035262000603594995,16,8,0.2,2500,fast_ICA,iid,False,5
15,6,6001,24,240001,True,1,False,100,0.0,0.0054117958061397076,0.019470001114538976,0.017813413941031496,0.03754496429580917,0.16647196065496228,0.9869697696917563,0.03505449001284493,16,8,0.2,2500,fast_ICA,iid,False,5
15,2,2001,16,160001,True,1,False,100,0.0,0.01774848811328411,0.017968756771363375,0.014453115374593713,0.04659094625154181,0.15845899220284998,0.9875506835952131,0.03439300281125294,16,8,0.2,2500,fast_ICA,iid,False,5
14,0,1,15,150001,True,6,False,100,0.2593332379285856,0.28246659925207496,0.02108032836784945,0.019541027190745776,0.03312312383469755,0.15906631565313364,0.9879766255987424,0.03040916742445246,16,8,0.2,2500,fast_ICA,iid,False,5
15,0,1,16,160001,True,1,False,100,0.0,0.025080681778490543,0.017072914767997483,0.014591373015207906,0.04011850470785353,0.16070074495831438,0.9872137879604916,0.034738989669077736,16,8,0.2,2500,fast_ICA,iid,False,5
14,9,9001,4,40001,True,7,False,100,0.4681067980112915,0.07257509185001254,0.029762537602338077,0.026096380340196474,0.05511178685424596,0.19231636531655033,0.9828796457258894,0.030543169421544416,16,8,0.2,2500,fast_ICA,iid,False,5
15,6,6001,19,190001,True,1,False,100,0.0,0.006680718157440424,0.013716412897941245,0.01270488704195894,0.022034321540321852,0.1492273121351434,0.9891190287324565,0.03456517061079095,16,8,0.2,2500,fast_ICA,iid,False,5
15,1,1001,19,190001,True,1,False,100,0.0,0.045458244159817696,0.013921681772439852,0.012279630535348859,0.026666972411636403,0.151466644432792,0.9886473646854467,0.034908192576062626,16,8,0.2,2500,fast_ICA,iid,False,5
14,9,9001,17,170001,True,11,False,100,0.5485240976095819,0.04413697076961398,0.03080380238957747,0.028326051734726347,0.04849764487156344,0.19803492253243626,0.980642693741911,0.03021502069260104,16,8,0.2,2500,fast_ICA,iid,False,5
15,6,6001,9,90001,True,1,False,100,0.0,0.015520832035690546,0.022834183870340734,0.02116100206130347,0.0449797545819153,0.1607069182333213,0.9871687193501477,0.0355626347958287,16,8,0.2,2500,fast_ICA,iid,False,5
15,4,4001,26,260001,True,1,False,100,0.0,0.006959186401218176,0.025305614230000856,0.022900016893727088,0.051347913580588274,0.18008820484062155,0.9839258858135402,0.03520865476487259,16,8,0.2,2500,fast_ICA,iid,False,5
15,6,6001,18,180001,True,1,False,100,0.0,0.01214724313467741,0.01861614698951095,0.017356820345585427,0.027260901834080063,0.16674386784090525,0.9865830379816496,0.035184242471965714,16,8,0.2,2500,fast_ICA,iid,False,5
15,6,6001,4,40001,True,1,False,100,0.0,0.019199568778276443,0.019673443958452295,0.017412422250709415,0.03466922393127827,0.16576632641222266,0.9872603925354952,0.03546940162815116,16,8,0.2,2500,fast_ICA,iid,False,5
15,6,6001,2,20001,True,1,False,100,0.0,0.01470227725803852,0.01727681624923872,0.014791056542293138,0.04353791757400004,0.1655343942101132,0.9865400889802981,0.03578695972253633,16,8,0.2,2500,fast_ICA,iid,False,5
15,5,5001,2,20001,True,1,False,100,0.0,0.006188751198351383,0.01783988033871351,0.014795616693471262,0.04495994182081808,0.1642363412502943,0.9867209709835493,0.03446644957404291,16,8,0.2,2500,fast_ICA,iid,False,5
15,3,3001,5,50001,True,1,False,100,0.0,0.04043709486722946,0.018505126489308545,0.014973398932547007,0.050442864539313,0.17142562488886126,0.985600756169004,0.03500600838737705,16,8,0.2,2500,fast_ICA,iid,False,5
13,6,6001,17,170001,True,8,False,100,0.5485240976095819,0.28667707089334726,0.03878712268282855,0.03614530327357694,0.06111738172360079,0.20390551025075918,0.9796105032269554,0.025099060647814853,16,8,0.2,2500,fast_ICA,iid,False,5
15,4,4001,6,60001,True,1,False,100,0.0,0.030788945965468884,0.017724495757466905,0.015388631036556499,0.03294050621993791,0.1561144111059967,0.9879759720569751,0.0340849680647353,16,8,0.2,2500,fast_ICA,iid,False,5
15,3,3001,21,210001,True,1,False,100,0.0,0.010721322149038315,0.018415358755822724,0.016128037018642752,0.03179929942955578,0.15659110356149022,0.9879542912041568,0.034432107134219445,16,8,0.2,2500,fast_ICA,iid,False,5
15,4,4001,24,240001,True,1,False,100,0.0,0.017204501200467348,0.02062493700975681,0.01856504410610409,0.03751811631836787,0.16738581491346588,0.9868191832315083,0.034959643560942145,16,8,0.2,2500,fast_ICA,iid,False,5
15,6,6001,16,160001,True,1,False,100,0.0,0.012852648738771677,0.01746486377009789,0.01501265920012794,0.04154700966538825,0.16314067593394863,0.9867340827388134,0.03556805173553826,16,8,0.2,2500,fast_ICA,iid,False,5
15,7,7001,4,40001,True,1,False,100,0.0,0.006151450797915459,0.020164190766949485,0.017850994290788184,0.03498836208697655,0.16460702354206852,0.987472097296811,0.03498717188381561,16,8,0.2,2500,fast_ICA,iid,False,5
15,4,4001,15,150001,True,1,False,100,0.0,0.012605431023985147,0.01799500879466167,0.0166296115707201,0.02688979518208315,0.15737680689629333,0.9877036447215551,0.035257434434586926,16,8,0.2,2500,fast_ICA,iid,False,5
15,2,2001,13,130001,True,1,False,100,0.0,0.05242841923609376,0.027242731252242733,0.023077535230457913,0.05161351405131056,0.16991490333469697,0.9857511123022134,0.034784663405241646,16,8,0.2,2500,fast_ICA,iid,False,5
15,4,4001,25,250001,True,1,False,100,0.0,0.01240613218396902,0.0200919120879747,0.017777458644056908,0.03645803256495814,0.15588290994178805,0.9881695588266217,0.03505891615470116,16,8,0.2,2500,fast_ICA,iid,False,5
15,6,6001,13,130001,True,1,False,100,0.0,0.02011436317116022,0.025986632705265515,0.02198730052847917,0.04793457134010842,0.1723022400881414,0.985249120061806,0.034508836749732485,16,8,0.2,2500,fast_ICA,iid,False,5
15,6,6001,12,120001,True,1,False,100,0.0,0.020184053108096123,0.0261372601403664,0.022839131868117923,0.04937514789220146,0.17955701250267495,0.9841484412205065,0.03434902520576139,16,8,0.2,2500,fast_ICA,iid,False,5
15,4,4001,27,270001,True,1,False,100,0.0,0.013320106081664562,0.024091317227380008,0.020700793608595634,0.04476832662674366,0.17385624060068883,0.9858092709445204,0.03425995382548052,16,8,0.2,2500,fast_ICA,iid,False,5
15,6,6001,17,170001,True,1,False,100,0.0,0.01877761073410511,0.015432564545965722,0.01415255330133501,0.027760548814424472,0.15411258093687774,0.9882212634638488,0.035461739333806565,16,8,0.2,2500,fast_ICA,iid,False,5
14,9,9001,24,240001,True,10,False,100,0.5560590337443231,0.03051036735996604,0.0290155071933662,0.02522056147370672,0.06774920741264807,0.18954865933439471,0.9828468801025534,0.030234677267146577,16,8,0.2,2500,fast_ICA,iid,False,5
15,7,7001,20,200001,True,1,False,100,0.0,0.005886312108486891,0.017218130978040314,0.01632055214390255,0.03028744746520298,0.15567146614335117,0.9880586740388434,0.035226600292912025,16,8,0.2,2500,fast_ICA,iid,False,5
15,7,7001,6,60001,True,1,False,100,0.0,0.0099769770167768,0.016577395290851067,0.015213901722811535,0.02977906405078619,0.15416138718906602,0.9883589900449736,0.034054950636767646,16,8,0.2,2500,fast_ICA,iid,False,5
15,4,4001,18,180001,True,1,False,100,0.0,0.014212760142982006,0.020125346521393573,0.018547574973365018,0.03208456613269282,0.16212109216585957,0.9872645377038203,0.03511777505426663,16,8,0.2,2500,fast_ICA,iid,False,5
15,4,4001,22,220001,True,1,False,100,0.0,0.0205764202401042,0.02899481514565716,0.024915791590021573,0.058613579616730825,0.18444195861212145,0.9831038877503216,0.03416751475286633,16,8,0.2,2500,fast_ICA,iid,False,5
15,4,4001,14,140001,True,1,False,100,0.0,0.018695522099733353,0.016892399781627595,0.015093679169479821,0.03656565945301258,0.15177539261647394,0.9888536224352465,0.03464803259526719,16,8,0.2,2500,fast_ICA,iid,False,5
15,4,4001,7,70001,True,1,False,100,0.0,0.030069879721850157,0.02358367837943916,0.019561650686624396,0.05937256146315701,0.16994658516843905,0.9857726532207634,0.03511268761547479,16,8,0.2,2500,fast_ICA,iid,False,5
15,8,8001,4,40001,True,1,False,100,0.0,0.0039004450663924217,0.019147172738154184,0.016960616606744482,0.03739481428932215,0.16549560046182482,0.9873223044919365,0.03544075610633713,16,8,0.2,2500,fast_ICA,iid,False,5
15,5,5001,0,1,True,1,False,100,0.0,0.019021719228476286,0.01632873018603776,0.014506373281831754,0.030396211626197826,0.1587739712035578,0.9875567574461405,0.034731841815209934,16,8,0.2,2500,fast_ICA,iid,False,5
15,7,7001,3,30001,True,1,False,100,0.0,0.02032459108158946,0.01850221913082381,0.015663121738094647,0.03846537261018085,0.1593486240893335,0.9880370693815362,0.03462202994806528,16,8,0.2,2500,fast_ICA,iid,False,5
15,8,8001,0,1,True,1,False,100,0.0,0.01184882503002882,0.01607443288301213,0.014072021571559519,0.03347789013658186,0.15839597302775463,0.9876302672447852,0.03508277685448034,16,8,0.2,2500,fast_ICA,iid,False,5
15,5,5001,10,100001,True,1,False,100,0.0,0.010674482211470604,0.024836106919407408,0.021206223030610913,0.055763800830867565,0.18013555067588494,0.983944900464909,0.03489270339537397,16,8,0.2,2500,fast_ICA,iid,False,5
15,7,7001,27,270001,True,1,False,100,0.0,0.012767018750309944,0.023508150017892797,0.02045328759512953,0.039922969571073885,0.17283230049224782,0.9861123240693543,0.034909516500975804,16,8,0.2,2500,fast_ICA,iid,False,5
15,7,7001,28,280001,True,1,False,100,0.0,0.007476363331079483,0.01838641131100027,0.01724167648262561,0.027945712238969043,0.16573477379731238,0.9871802819869833,0.0350815213907813,16,8,0.2,2500,fast_ICA,iid,False,5
15,1,1001,5,50001,True,1,False,100,0.0,0.0340337953530252,0.01899627039357482,0.015394342075928677,0.04882750482317421,0.1669612811485708,0.986293730999912,0.03488023294774623,16,8,0.2,2500,fast_ICA,iid,False,5
15,8,8001,3,30001,True,1,False,100,0.0,0.015271623618900776,0.0176680267239734,0.014588771227004936,0.03553219549480582,0.15740407083228805,0.9883619789509819,0.03506164218473189,16,8,0.2,2500,fast_ICA,iid,False,5
15,7,7001,26,260001,True,1,False,100,0.0,0.010828962083905935,0.02405879855959793,0.022260491217275455,0.046896513378466745,0.17721024079267636,0.9844614265198508,0.03465272729747012,16,8,0.2,2500,fast_ICA,iid,False,5
15,2,2001,1,10001,True,1,False,100,0.0,0.028577660210430622,0.01821305040282734,0.014783144712775522,0.03809864044010294,0.1586982252513569,0.9875092241026748,0.03474681801543485,16,8,0.2,2500,fast_ICA,iid,False,5
15,6,6001,25,250001,True,1,False,100,0.0,0.030863455031067133,0.02027407996516178,0.018244253755205345,0.037246679348969136,0.16230118678378214,0.9870866552665448,0.03505696091373529,16,8,0.2,2500,fast_ICA,iid,False,5
15,0,1,5,50001,True,1,False,100,0.0,0.044093821197748184,0.018934852422660107,0.01578348936799834,0.04219945012239019,0.16999706172370393,0.9856816713852802,0.03499667826304577,16,8,0.2,2500,fast_ICA,iid,False,5
15,6,6001,15,150001,True,1,False,100,0.0,0.03493447881191969,0.018474421042063375,0.017312530316914834,0.028582136493441483,0.15432978733598415,0.988294810009927,0.035070527755679294,16,8,0.2,2500,fast_ICA,iid,False,5
14,9,9001,0,1,True,8,False,100,0.5297986950875018,0.04298058897256851,0.030337449936689444,0.027459861540770316,0.0638553530324303,0.19165867372625123,0.9820571336291872,0.029329412003579476,16,8,0.2,2500,fast_ICA,iid,False,5
14,8,8001,18,180001,True,6,False,100,0.04937990751915944,0.10236889403313398,0.025593982486919513,0.02294957310415307,0.04335008819765121,0.15641316800136146,0.9880312505234807,0.02950758881974244,16,8,0.2,2500,fast_ICA,iid,False,5
15,8,8001,18,180001,True,1,False,100,0.0,0.006237061228603125,0.02002218259440708,0.018405164373964177,0.02983527955473717,0.1629235694282837,0.9871129098510862,0.03461419752094524,16,8,0.2,2500,fast_ICA,iid,False,5
15,8,8001,2,20001,True,1,False,100,0.0,0.019316389225423336,0.018015605935324582,0.014264723388363168,0.04728458895892029,0.16482059249406922,0.9865443489590213,0.03515504528877064,16,8,0.2,2500,fast_ICA,iid,False,5
15,0,1,24,240001,True,1,False,100,0.0,0.07021148689091206,0.021355322239866335,0.019190867693766694,0.0391109273543939,0.16777117008033604,0.9867925810938841,0.035136950940721855,16,8,0.2,2500,fast_ICA,iid,False,5
15,7,7001,23,230001,True,1,False,100,0.0,0.02174717327579856,0.016656331746276745,0.014396770349053905,0.039608747744752794,0.15205622189926082,0.988694513908421,0.03440679899296221,16,8,0.2,2500,fast_ICA,iid,False,5
15,0,1,29,290001,True,1,False,100,0.0,0.12957673287019134,0.02599785118787843,0.021476623073588524,0.062127423788336446,0.16917580436802657,0.9860279658036462,0.03480297350247962,16,8,0.2,2500,fast_ICA,iid,False,5
15,0,1,25,250001,True,1,False,100,0.0,0.02363858139142394,0.018874458850351803,0.016302392234279033,0.03842257601920404,0.1587781590682522,0.9878584910970303,0.034846932707825365,16,8,0.2,2500,fast_ICA,iid,False,5
15,0,1,3,30001,True,1,False,100,0.0,0.08374658180400729,0.017371379275882365,0.01502553217390962,0.03356057154187453,0.15790357100131533,0.988238137674643,0.03528724264440533,16,8,0.2,2500,fast_ICA,iid,False,5
15,5,5001,16,160001,True,1,False,100,0.0,0.02002257388085127,0.017865774142809696,0.015004907347583689,0.04206632245826107,0.15993465529413806,0.987319882144471,0.03505410744481936,16,8,0.2,2500,fast_ICA,iid,False,5
15,5,5001,17,170001,True,1,False,100,0.0,0.011985475197434425,0.014274686535936547,0.013392829430614324,0.022085790033620784,0.15474507109428723,0.9881515703579491,0.035113028775229545,16,8,0.2,2500,fast_ICA,iid,False,5
15,8,8001,16,160001,True,1,False,100,0.0,0.009881287813186646,0.01920267307722033,0.015821971592408245,0.048547569301958485,0.1620580371587319,0.9870624348556283,0.03489653245936251,16,8,0.2,2500,fast_ICA,iid,False,5
15,8,8001,6,60001,True,1,False,100,0.0,0.02064275974407792,0.018191134972695987,0.015264988462420297,0.036041023286246913,0.15624124233995595,0.9879430723747078,0.03454071153148,16,8,0.2,2500,fast_ICA,iid,False,5
14,7,7001,6,60001,True,7,False,100,0.06040356197985764,0.12901751603931189,0.033018140734552004,0.029611442543414565,0.05682996400907847,0.16975562399358365,0.9856883868690989,0.030240665565283938,16,8,0.2,2500,fast_ICA,iid,False,5
15,8,8001,1,10001,True,1,False,100,0.0,0.023800590075552464,0.018196587180730334,0.015565019541736275,0.04035713292098124,0.16170883493560553,0.9870852105090241,0.03484331812892445,16,8,0.2,2500,fast_ICA,iid,False,5
15,3,3001,23,230001,True,1,False,100,0.0,0.016929293051362038,0.01574919909856948,0.01394292166961531,0.035936615779096764,0.1516128662578269,0.988701044124768,0.034277141259498545,16,8,0.2,2500,fast_ICA,iid,False,5
15,3,3001,11,110001,True,1,False,100,0.0,0.021046487148851156,0.022744899419583273,0.01834437159514289,0.05048918858216044,0.16859077248130122,0.9858387307099014,0.034718117401622416,16,8,0.2,2500,fast_ICA,iid,False,5
15,3,3001,20,200001,True,1,False,100,0.0,0.019470407627522945,0.017102880654807803,0.015863841098068897,0.028079199805678922,0.15771310654939277,0.9877225577952397,0.034887591176192244,16,8,0.2,2500,fast_ICA,iid,False,5
15,2,2001,8,80001,True,1,False,100,0.0,0.06885505514219403,0.014798914570752237,0.011992542983650156,0.03829751255883902,0.15896392790190095,0.9876413905902484,0.03506477429510319,16,8,0.2,2500,fast_ICA,iid,False,5
15,9,9001,3,30001,True,1,False,100,0.0,0.004413601942360401,0.017399881953959757,0.015258550708625526,0.03453556683195171,0.158173996192843,0.9881540754780654,0.03535429677957325,16,8,0.2,2500,fast_ICA,iid,False,5
15,1,1001,28,280001,True,1,False,100,0.0,0.028810848016291857,0.018114037378502364,0.01631764618064301,0.03215321937665406,0.16267186931913968,0.9876532230018131,0.035614282460072845,16,8,0.2,2500,fast_ICA,iid,False,5
15,8,8001,5,50001,True,1,False,100,0.0,0.016354466788470745,0.017799568475312028,0.014544230803927853,0.04388987043188405,0.1673203689328409,0.9862720009228992,0.034879658269845265,16,8,0.2,2500,fast_ICA,iid,False,5
15,6,6001,1,10001,True,1,False,100,0.0,0.008559606038033962,0.01875819996443313,0.015373993331367625,0.04238469896538493,0.16097229383507272,0.9871532209565546,0.034923607319904605,16,8,0.2,2500,fast_ICA,iid,False,5
15,3,3001,28,280001,True,1,False,100,0.0,0.01797970663756132,0.018297848344083004,0.016584515454956792,0.03083855350020559,0.16170183108407993,0.9877360418360888,0.034513326151171364,16,8,0.2,2500,fast_ICA,iid,False,5
15,8,8001,11,110001,True,1,False,100,0.0,0.021450893953442574,0.02177870183420567,0.01803000570714851,0.05013037068008062,0.16349305111928555,0.9866739562262489,0.03553700918068347,16,8,0.2,2500,fast_ICA,iid,False,5
15,5,5001,23,230001,True,1,False,100,0.0,0.024376646149903536,0.017509964265421497,0.014783612421381598,0.044652048693806325,0.1493502004405107,0.9890509420960674,0.03475398921575611,16,8,0.2,2500,fast_ICA,iid,False,5
15,4,4001,9,90001,True,1,False,100,0.0,0.019645665772259235,0.023893267068897328,0.02174103961976238,0.0490238807280837,0.16017335017897874,0.9872745265835594,0.03532217941995634,16,8,0.2,2500,fast_ICA,iid,False,5
15,7,7001,8,80001,True,1,False,100,0.0,0.03384741675108671,0.0168382818415081,0.013515805661913242,0.046901419624566745,0.15968949274541366,0.9874886230199645,0.03490420700135779,16,8,0.2,2500,fast_ICA,iid,False,5
14,4,4001,4,40001,True,5,False,100,0.4681067980112915,0.22683471906930208,0.03257011495854546,0.028322188792166747,0.06369400411234517,0.1966940820277884,0.9821294909496381,0.030787982271733356,16,8,0.2,2500,fast_ICA,iid,False,5
15,4,4001,29,290001,True,1,False,100,0.0,0.005786343012005091,0.025717549025337023,0.0217316302929917,0.06088954989153649,0.17125445589318256,0.9857083156592297,0.03480667294933073,16,8,0.2,2500,fast_ICA,iid,False,5
15,3,3001,7,70001,True,1,False,100,0.0,0.025916896294802427,0.023175884609440235,0.018470869480075293,0.06214977679379805,0.17050908287662844,0.9856113539365631,0.034384209841540475,16,8,0.2,2500,fast_ICA,iid,False,5
15,5,5001,6,60001,True,1,False,100,0.0,0.004461601842194796,0.01721685956512408,0.015507244835023436,0.02918227445662301,0.15301592823261304,0.9883878646159124,0.03516989136696773,16,8,0.2,2500,fast_ICA,iid,False,5
15,1,1001,29,290001,True,1,False,100,0.0,0.03895161487162113,0.02555021240646288,0.021375608689808277,0.06297463082789688,0.16991072384198294,0.9857955280331421,0.03480915447025485,16,8,0.2,2500,fast_ICA,iid,False,5
15,8,8001,19,190001,True,1,False,100,0.0,0.012110833078622818,0.014424848416774622,0.01306055452066194,0.03078935947540046,0.15510403700456643,0.9881348125195025,0.034313808200264986,16,8,0.2,2500,fast_ICA,iid,False,5
15,3,3001,15,150001,True,1,False,100,0.0,0.1180613748729229,0.018290567952413732,0.016961932214873465,0.029475850604938635,0.15377255673313373,0.9883601527759985,0.03525435340441201,16,8,0.2,2500,fast_ICA,iid,False,5
15,4,4001,4,40001,True,1,False,100,0.0,0.035661554895341396,0.01953139607031647,0.016734350102417094,0.03647481484305342,0.16733031592100445,0.9869784888771154,0.03522928756565261,16,8,0.2,2500,fast_ICA,iid,False,5
15,1,1001,7,70001,True,1,False,100,0.0,0.13184925820678473,0.023262116160147617,0.019466463153095907,0.05678180925404004,0.16976853410536846,0.9857070543328902,0.03493363222828906,16,8,0.2,2500,fast_ICA,iid,False,5
15,3,3001,13,130001,True,1,False,100,0.0,0.04378454387187958,0.025011484740252415,0.02174785480950551,0.048861466852331545,0.17110987520821264,0.9855638300052901,0.03548255176592929,16,8,0.2,2500,fast_ICA,iid,False,5
15,4,4001,23,230001,True,1,False,100,0.0,0.013649504166096449,0.016907939842645964,0.014227775886179267,0.04165110847000557,0.148974805548976,0.9890418082557683,0.03460996875725553,16,8,0.2,2500,fast_ICA,iid,False,5
15,7,7001,19,190001,True,1,False,100,0.0,0.030835074838250875,0.013941156491225239,0.012372014539811285,0.024494984823767503,0.15479655312228066,0.9881471068618544,0.034986221724839846,16,8,0.2,2500,fast_ICA,iid,False,5
14,8,8001,24,240001,True,5,False,100,0.5560590337443231,0.1618477189913392,0.029505216208037966,0.025299791775256944,0.06725854095870194,0.1903149123821945,0.9826259909831937,0.030169297787955622,16,8,0.2,2500,fast_ICA,iid,False,5
15,4,4001,5,50001,True,1,False,100,0.0,0.01734306989237666,0.01843148811137703,0.014889787200366225,0.04340177064363583,0.16805782198489383,0.986177972396391,0.03481809547933761,16,8,0.2,2500,fast_ICA,iid,False,5
15,8,8001,23,230001,True,1,False,100,0.0,0.012131012976169586,0.016624385770967847,0.013856282663290143,0.042470627380699066,0.1475113612154806,0.9893299916303336,0.035208870092160054,16,8,0.2,2500,fast_ICA,iid,False,5
15,9,9001,8,80001,True,1,False,100,0.0,0.006113381125032902,0.015515868432665792,0.013293518967980426,0.040998991045727844,0.16162594202816055,0.9870098319235117,0.03409753926174012,16,8,0.2,2500,fast_ICA,iid,False,5
15,5,5001,21,210001,True,1,False,100,0.0,0.01864084228873253,0.018065971882624658,0.01609459999688017,0.030983390232888958,0.1551705015415544,0.9880768889966912,0.034228619641690654,16,8,0.2,2500,fast_ICA,iid,False,5
15,8,8001,29,290001,True,1,False,100,0.0,0.009467990137636662,0.02454819514753495,0.020817692748995188,0.0573828637229537,0.16966502565203945,0.9858748118147064,0.034630407498652704,16,8,0.2,2500,fast_ICA,iid,False,5
15,5,5001,11,110001,True,1,False,100,0.0,0.009591689798980951,0.02135067312152489,0.018361344439887094,0.04807799859370117,0.1641797316967528,0.9866646103209021,0.03494593366412194,16,8,0.2,2500,fast_ICA,iid,False,5
15,9,9001,15,150001,True,1,False,100,0.0,0.004132342990487814,0.018364797468972727,0.01667843588043849,0.02878509066990872,0.15500039442320582,0.9881412097976796,0.03507135662791484,16,8,0.2,2500,fast_ICA,iid,False,5
15,6,6001,21,210001,True,1,False,100,0.0,0.02027594204992056,0.018326034358811534,0.015688087932005282,0.03175798728002991,0.15895501870329296,0.9874481368074705,0.03426692920182126,16,8,0.2,2500,fast_ICA,iid,False,5
15,5,5001,8,80001,True,1,False,100,0.0,0.011942974757403135,0.01568442551362488,0.012615300277074262,0.042496279482900294,0.15801050211526885,0.9877630453870703,0.03481377752700731,16,8,0.2,2500,fast_ICA,iid,False,5
15,8,8001,8,80001,True,1,False,100,0.0,0.036261171102523804,0.015675097566831997,0.012865861832726363,0.040861413311523265,0.15756388615430705,0.9878063004040034,0.03460623539874726,16,8,0.2,2500,fast_ICA,iid,False,5
15,2,2001,22,220001,True,1,False,100,0.0,0.05170918395742774,0.026973714903151442,0.022847243438020748,0.05145040349583913,0.18426486645966658,0.9831393197089405,0.034955508553086705,16,8,0.2,2500,fast_ICA,iid,False,5
15,9,9001,17,170001,True,1,False,100,0.0,0.013038476929068565,0.013963074214432793,0.01316998457443835,0.025006389342001493,0.15236429790997402,0.9886838379686622,0.035055418328494924,16,8,0.2,2500,fast_ICA,iid,False,5
15,7,7001,7,70001,True,1,False,100,0.0,0.046474927105009556,0.025328661320040767,0.020860027957610515,0.06226334833294786,0.17071110531421813,0.9855158400560445,0.03494076660325799,16,8,0.2,2500,fast_ICA,iid,False,5
16,0,1,9,90001,True,0,False,100,0.0,0.010168835986405611,0.006640307505687582,0.006317221788534399,0.011711155346872814,0.0,1.0,0.04000596286268598,16,8,0.2,2500,fast_ICA,iid,False,5
14,5,5001,7,70001,True,8,False,100,0.5219038508358045,0.20655075693503022,0.03560299279473268,0.03068417669143482,0.06503109356320058,0.20403047249899278,0.9806334254896656,0.0297146437534034,16,8,0.2,2500,fast_ICA,iid,False,5
16,0,1,10,100001,True,0,False,100,0.0,0.010362755041569471,0.006925736060907171,0.006634442483042001,0.012356641174950719,0.0,1.0,0.03906623588200179,16,8,0.2,2500,fast_ICA,iid,False,5
16,0,1,14,140001,True,0,False,100,0.0,0.005912962835282087,0.00737418790126782,0.007192677718393475,0.009784653427048661,0.0,1.0,0.039737547518935275,16,8,0.2,2500,fast_ICA,iid,False,5
16,0,1,1,10001,True,0,False,100,0.0,0.012035214807838202,0.00781826961502683,0.007562608668863453,0.012892165527979898,0.0,1.0,0.039545337632714186,16,8,0.2,2500,fast_ICA,iid,False,5
16,0,1,0,1,True,0,False,100,0.0,0.007875360082834959,0.007568540907692517,0.007442715708303443,0.01034726105323835,0.0,1.0,0.03953972238328921,16,8,0.2,2500,fast_ICA,iid,False,5
15,8,8001,24,240001,True,1,False,100,0.0,0.017925386782735586,0.02196422001962812,0.019765256134638955,0.041620903798757936,0.16506398739093547,0.9872203157511266,0.035556129041450446,16,8,0.2,2500,fast_ICA,iid,False,5
16,0,1,26,260001,True,0,False,100,0.0,0.004939828999340534,0.006747892883945806,0.006500038816365485,0.009720673534102997,0.0,1.0,0.03960631595382013,16,8,0.2,2500,fast_ICA,iid,False,5
15,7,7001,2,20001,True,1,False,100,0.0,0.018569322302937508,0.017535014357144448,0.014599959007569309,0.04438078545639138,0.16370928124056583,0.9867434631008166,0.03469025909339098,16,8,0.2,2500,fast_ICA,iid,False,5
15,9,9001,23,230001,True,1,False,100,0.0,0.01981488475576043,0.015843575283004858,0.013369281363850708,0.04136161176983601,0.14787942721581507,0.9893062845250885,0.03440772702732394,16,8,0.2,2500,fast_ICA,iid,False,5
15,7,7001,25,250001,True,1,False,100,0.0,0.012778958771377802,0.018551176789032568,0.016365099797179882,0.033678633687464675,0.15903036683682728,0.9876911630604577,0.035182477867450324,16,8,0.2,2500,fast_ICA,iid,False,5
15,5,5001,4,40001,True,1,False,100,0.0,0.01377287320792675,0.020089142969232896,0.017210593677487413,0.03536075367044994,0.1684422779500308,0.9869492692912284,0.03481556779227621,16,8,0.2,2500,fast_ICA,iid,False,5
15,2,2001,15,150001,True,1,False,100,0.0,0.02075691893696785,0.018687012348603427,0.01728379410537602,0.028721089362048088,0.1527503871368601,0.9885031833985112,0.034986941301897126,16,8,0.2,2500,fast_ICA,iid,False,5
15,6,6001,26,260001,True,1,False,100,0.0,0.02508710091933608,0.02434952549853209,0.022055092909159833,0.04562606141951112,0.17761559877669122,0.9843092814353058,0.035000356452027974,16,8,0.2,2500,fast_ICA,iid,False,5
15,1,1001,21,210001,True,1,False,100,0.0,0.027638405095785856,0.017089652183067988,0.015183619211960282,0.02865912768322783,0.15678432177296364,0.987964646431129,0.035195357150863166,16,8,0.2,2500,fast_ICA,iid,False,5
16,0,1,25,250001,True,0,False,100,0.0,0.006198291201144457,0.007735708796757438,0.007308599200741328,0.011243211917580535,0.0,1.0,0.03978646941466371,16,8,0.2,2500,fast_ICA,iid,False,5
16,0,1,22,220001,True,0,False,100,0.0,0.007099914830178022,0.007208282090309015,0.006814182778477191,0.01194345880397267,0.0,1.0,0.039655462460487,16,8,0.2,2500,fast_ICA,iid,False,5
15,4,4001,17,170001,True,1,False,100,0.0,0.03283776203170419,0.014032599938668025,0.012792373374209149,0.028263820410426594,0.15153888285005865,0.9885961778942735,0.033856186770884096,16,8,0.2,2500,fast_ICA,iid,False,5
16,0,1,17,170001,True,0,False,100,0.0,0.010710461996495724,0.007359167284757572,0.007213347441843541,0.010728853861892174,0.0,1.0,0.039354687038888864,16,8,0.2,2500,fast_ICA,iid,False,5
15,9,9001,18,180001,True,1,False,100,0.0,0.023576021194458008,0.021085369964758464,0.01945209086970491,0.03612760304424597,0.16576668581557646,0.9866387379324945,0.034915303211429764,16,8,0.2,2500,fast_ICA,iid,False,5
16,0,1,29,290001,True,0,False,100,0.0,0.002759201917797327,0.007514307054072667,0.0072134945611778785,0.012093015024843314,0.0,1.0,0.03955161318047605,16,8,0.2,2500,fast_ICA,iid,False,5
15,7,7001,9,90001,True,1,False,100,0.0,0.019437828101217747,0.024230443790355976,0.02193488215935085,0.048498619822089334,0.16012121843905883,0.9873228927137078,0.0342920685342161,16,8,0.2,2500,fast_ICA,iid,False,5
15,9,9001,24,240001,True,1,False,100,0.0,0.016771653667092323,0.020549853190379965,0.017984135939554117,0.041800996234322096,0.16674338538013778,0.9869307319297589,0.03482687358040018,16,8,0.2,2500,fast_ICA,iid,False,5
15,3,3001,17,170001,True,1,False,100,0.0,0.061159143690019846,0.012674597466467959,0.011570300656613533,0.022873150341727596,0.15697019695340853,0.9878033399506942,0.0345039207881184,16,8,0.2,2500,fast_ICA,iid,False,5
15,6,6001,22,220001,True,1,False,100,0.0,0.026015485171228647,0.026722464855129188,0.02309708322744891,0.05071702477467434,0.18470042826318467,0.9831817374488833,0.03499951488566483,16,8,0.2,2500,fast_ICA,iid,False,5
15,9,9001,9,90001,True,1,False,100,0.0,0.02811558311805129,0.02348225519644498,0.020789177650309187,0.04975950906028686,0.1625217955043564,0.9868443937169873,0.03532453614595667,16,8,0.2,2500,fast_ICA,iid,False,5
15,7,7001,24,240001,True,1,False,100,0.0,0.016903954092413187,0.02188401258655543,0.019391296373637776,0.04198496200318094,0.1697507073190209,0.9864693436947161,0.03429790631481189,16,8,0.2,2500,fast_ICA,iid,False,5
15,2,2001,0,1,True,1,False,100,0.0,0.025672538205981255,0.016351211953295468,0.014362632709830426,0.03048312338736177,0.16077089678989326,0.9872394503941078,0.03459283547555078,16,8,0.2,2500,fast_ICA,iid,False,5
16,0,1,27,270001,True,0,False,100,0.0,0.007706801872700453,0.0069429764899424685,0.0067494526981787635,0.010189866382489416,0.0,1.0,0.040272361927430146,16,8,0.2,2500,fast_ICA,iid,False,5
15,2,2001,19,190001,True,1,False,100,0.0,0.06404036562889814,0.013716255589651722,0.012338529676999173,0.025538813405235762,0.15165213088537993,0.9885901636638034,0.03469541368609923,16,8,0.2,2500,fast_ICA,iid,False,5
15,2,2001,10,100001,True,1,False,100,0.0,0.030167280230671167,0.025164843983330434,0.021388379003552345,0.056799297705777366,0.17999012652400231,0.9839314760300825,0.035694977523611504,16,8,0.2,2500,fast_ICA,iid,False,5
15,5,5001,18,180001,True,1,False,100,0.0,0.019751114770770073,0.018864721358141545,0.017618040979408875,0.029502619981379975,0.1647547359316801,0.9868037208839208,0.034775125593226264,16,8,0.2,2500,fast_ICA,iid,False,5
15,2,2001,6,60001,True,1,False,100,0.0,0.03846584726125002,0.015668360259549527,0.013622878193325211,0.027592143359002074,0.1582015365332527,0.9876197365845807,0.03507906649371187,16,8,0.2,2500,fast_ICA,iid,False,5
16,1,1001,5,50001,True,0,False,100,0.0,0.0030285511165857315,0.007047996791345419,0.0067716143966787,0.010866190310364838,0.0,1.0,0.039280705399017554,16,8,0.2,2500,fast_ICA,iid,False,5
16,1,1001,0,1,True,0,False,100,0.0,0.0042087240144610405,0.008174413827547213,0.008020545604831938,0.010854970777632379,0.0,1.0,0.040137175450223175,16,8,0.2,2500,fast_ICA,iid,False,5
15,2,2001,9,90001,True,1,False,100,0.0,0.027560056187212467,0.022196371612077655,0.019946129072869783,0.04409775770178493,0.1615657531045413,0.9869716512892456,0.03456884744121553,16,8,0.2,2500,fast_ICA,iid,False,5
16,1,1001,7,70001,True,0,False,100,0.0,0.0032106093131005764,0.007412530739753292,0.007297274483662525,0.009269304381860155,0.0,1.0,0.039434567176316555,16,8,0.2,2500,fast_ICA,iid,False,5
15,2,2001,27,270001,True,1,False,100,0.0,0.03531525656580925,0.023058335865009914,0.020042525031957345,0.04292868606536459,0.17546464684675003,0.9855220978245851,0.03575822243677538,16,8,0.2,2500,fast_ICA,iid,False,5
16,1,1001,22,220001,True,0,False,100,0.0,0.002591594122350216,0.007109607368158138,0.006957822789288576,0.009789580868758923,0.0,1.0,0.03941691921760421,16,8,0.2,2500,fast_ICA,iid,False,5
15,6,6001,7,70001,True,1,False,100,0.0,0.005872263107448816,0.02529294574048808,0.02044077936199454,0.06253323223320198,0.16930771618490115,0.9859052095920041,0.034691133892903465,16,8,0.2,2500,fast_ICA,iid,False,5
15,4,4001,19,190001,True,1,False,100,0.0,0.008482745848596096,0.014794962599334,0.013288168957316077,0.02923515095423966,0.15189245307057198,0.9886369370323882,0.03466461394306416,16,8,0.2,2500,fast_ICA,iid,False,5
15,4,4001,21,210001,True,1,False,100,0.0,0.012797609902918339,0.01762569464397374,0.015285447537169624,0.029861995959134295,0.1574197169113629,0.9876710114368837,0.035031201629283644,16,8,0.2,2500,fast_ICA,iid,False,5
16,0,1,12,120001,True,0,False,100,0.0,0.024776224046945572,0.008603658866941276,0.008241404928806376,0.012239403491004127,0.0,1.0,0.03989904398006691,16,8,0.2,2500,fast_ICA,iid,False,5
15,5,5001,12,120001,True,1,False,100,0.0,0.011404828168451786,0.025365232218975454,0.02199778246443233,0.044207973926356385,0.18199007964883965,0.9836558203288587,0.03497700532263935,16,8,0.2,2500,fast_ICA,iid,False,5
16,1,1001,13,130001,True,0,False,100,0.0,0.009159471839666367,0.007129636368768432,0.006898976665620383,0.011099915727791777,0.0,1.0,0.039649713551294215,16,8,0.2,2500,fast_ICA,iid,False,5
15,1,1001,16,160001,True,1,False,100,0.0,0.03131996328011155,0.01803538566610837,0.01521828479621777,0.04077823657826317,0.16128535227264573,0.9871939454075901,0.03424565049617153,16,8,0.2,2500,fast_ICA,iid,False,5
15,3,3001,29,290001,True,1,False,100,0.0,0.03647161880508065,0.025028878510162077,0.021470497333779946,0.055099209765007776,0.16941692007948572,0.9858313709289854,0.034885107190387135,16,8,0.2,2500,fast_ICA,iid,False,5
16,1,1001,24,240001,True,0,False,100,0.0,0.006791437044739723,0.007784896092657185,0.007382706476173317,0.012930974498374683,0.0,1.0,0.03974437486207319,16,8,0.2,2500,fast_ICA,iid,False,5
16,1,1001,16,160001,True,0,False,100,0.0,0.008105779066681862,0.00758247707386206,0.007313409762864634,0.010674806037226736,0.0,1.0,0.04072077073138883,16,8,0.2,2500,fast_ICA,iid,False,5
16,1,1001,10,100001,True,0,False,100,0.0,0.007734840735793114,0.008052641901421296,0.007616385733224533,0.013190772023628379,0.0,1.0,0.03992045788570055,16,8,0.2,2500,fast_ICA,iid,False,5
15,5,5001,13,130001,True,1,False,100,0.0,0.007483703084290028,0.025716978274136184,0.02155761521715517,0.04752170936869491,0.17250739738804682,0.985166691089644,0.03467927933293898,16,8,0.2,2500,fast_ICA,iid,False,5
15,0,1,19,190001,True,1,False,100,0.0,0.14559530094265938,0.014720026543889188,0.013506690086721368,0.02687302630531027,0.15017012883612427,0.9888962001093301,0.03444093598883258,16,8,0.2,2500,fast_ICA,iid,False,5
15,7,7001,10,100001,True,1,False,100,0.0,0.011809275951236486,0.025368098300378013,0.020787522704440838,0.06158684289090429,0.18208080877635968,0.983545443540336,0.03418306772655638,16,8,0.2,2500,fast_ICA,iid,False,5
16,1,1001,12,120001,True,0,False,100,0.0,0.022757556289434433,0.008002411248939105,0.007842954815061157,0.01013837105300625,0.0,1.0,0.03971859261549729,16,8,0.2,2500,fast_ICA,iid,False,5
16,0,1,6,60001,True,0,False,100,0.0,0.004027154762297869,0.006935979359584119,0.006777946215909431,0.008966858424519894,0.0,1.0,0.03937023902362385,16,8,0.2,2500,fast_ICA,iid,False,5
15,9,9001,27,270001,True,1,False,100,0.0,0.005823793355375528,0.023798817165983786,0.01970405488994014,0.04464969996858136,0.17340717316473436,0.9858559879844236,0.03475098331427343,16,8,0.2,2500,fast_ICA,iid,False,5
16,1,1001,17,170001,True,0,False,100,0.0,0.012654969934374094,0.007801236569971346,0.0074844870662418034,0.012500782391111135,0.0,1.0,0.03993731131546239,16,8,0.2,2500,fast_ICA,iid,False,5
15,8,8001,9,90001,True,1,False,100,0.0,0.02543439995497465,0.02177620899577299,0.019936807093142633,0.042984693777343985,0.16135097223501832,0.9871523301383793,0.03558533790709851,16,8,0.2,2500,fast_ICA,iid,False,5
16,1,1001,28,280001,True,0,False,100,0.0,0.020183932967483997,0.0067163819513435625,0.006451269521726526,0.01012200529722893,0.0,1.0,0.03952183739157934,16,8,0.2,2500,fast_ICA,iid,False,5
15,8,8001,20,200001,True,1,False,100,0.0,0.012924018781632185,0.015863943579413658,0.0150812192760855,0.02253318586849076,0.15509753202005278,0.9880617874208139,0.03463085387686942,16,8,0.2,2500,fast_ICA,iid,False,5
16,2,2001,9,90001,True,0,False,100,0.0,0.009297780692577362,0.007740741993544927,0.007559892756012944,0.011521159241918214,0.0,1.0,0.0398716141038688,16,8,0.2,2500,fast_ICA,iid,False,5
15,8,8001,27,270001,True,1,False,100,0.0,0.0144869489595294,0.022635780872465133,0.0196538405452968,0.04167899123892237,0.17200916031831437,0.9861227943681851,0.03521993647272174,16,8,0.2,2500,fast_ICA,iid,False,5
16,2,2001,8,80001,True,0,False,100,0.0,0.014916845131665468,0.007438751067469063,0.007184567742844239,0.011515115642484764,0.0,1.0,0.03990607995892608,16,8,0.2,2500,fast_ICA,iid,False,5
15,8,8001,17,170001,True,1,False,100,0.0,0.019847964867949486,0.014600370836680664,0.013386638204533417,0.027155935611366644,0.15363591681999134,0.9883208121143547,0.035042590188806864,16,8,0.2,2500,fast_ICA,iid,False,5
15,7,7001,16,160001,True,1,False,100,0.0,0.03898438438773155,0.018073035518058476,0.015246653740547358,0.04263619041031751,0.16223524950109525,0.9871037092757317,0.03444798773932662,16,8,0.2,2500,fast_ICA,iid,False,5
15,9,9001,19,190001,True,1,False,100,0.0,0.009127963334321976,0.014228086450454711,0.012718141922554875,0.027245787776484825,0.15335972497290415,0.9884828727755608,0.034557382319242144,16,8,0.2,2500,fast_ICA,iid,False,5
15,7,7001,14,140001,True,1,False,100,0.0,0.03954743081703782,0.0159890249512871,0.014259423217131043,0.03337732860754158,0.1506042163883749,0.988889312127978,0.034481258881623754,16,8,0.2,2500,fast_ICA,iid,False,5
15,7,7001,15,150001,True,1,False,100,0.0,0.00786039000377059,0.018714296547709796,0.017464614426855124,0.02895679586059904,0.1571238722453379,0.9878020100382452,0.03503740618853983,16,8,0.2,2500,fast_ICA,iid,False,5
16,2,2001,10,100001,True,0,False,100,0.0,0.009984637144953012,0.008727361250943753,0.008577837891199872,0.011526972930280611,0.0,1.0,0.039376023645072325,16,8,0.2,2500,fast_ICA,iid,False,5
16,2,2001,2,20001,True,0,False,100,0.0,0.023869839031249285,0.0068017179104692,0.006568109049159455,0.009685542353435779,0.0,1.0,0.039525980247103756,16,8,0.2,2500,fast_ICA,iid,False,5
16,1,1001,3,30001,True,0,False,100,0.0,0.03310343064367771,0.0076045699732393566,0.007238356862889523,0.012062309127225362,0.0,1.0,0.03970216778566024,16,8,0.2,2500,fast_ICA,iid,False,5
15,9,9001,5,50001,True,1,False,100,0.0,0.013552315067499876,0.018497148335234973,0.015250107603416298,0.04497022833443637,0.1679760444370493,0.9860503717709264,0.03510110705000758,16,8,0.2,2500,fast_ICA,iid,False,5
16,2,2001,18,180001,True,0,False,100,0.0,0.006775107234716415,0.00786014362121282,0.007736188872183209,0.009458850383818261,0.0,1.0,0.039817571059077975,16,8,0.2,2500,fast_ICA,iid,False,5
15,9,9001,0,1,True,1,False,100,0.0,0.018054015934467316,0.018136575294766515,0.015570504257891214,0.03163625927665647,0.16475069751483168,0.9865450510111039,0.03500495160636269,16,8,0.2,2500,fast_ICA,iid,False,5
15,9,9001,26,260001,True,1,False,100,0.0,0.005720534361898899,0.023981202262707352,0.02201730853411889,0.041193312509103845,0.17958015307389846,0.9839283644968323,0.035144151445209375,16,8,0.2,2500,fast_ICA,iid,False,5
15,9,9001,6,60001,True,1,False,100,0.0,0.013747023418545723,0.016965807800863965,0.014954744896982142,0.031202492173053792,0.15441350024419576,0.9882044705246642,0.034808981767883024,16,8,0.2,2500,fast_ICA,iid,False,5
15,6,6001,20,200001,True,1,False,100,0.0,0.023388432804495096,0.015812943395103227,0.014890276864337849,0.028108639044328313,0.15465470965602113,0.9881953340997177,0.033962195115903794,16,8,0.2,2500,fast_ICA,iid,False,5
16,2,2001,15,150001,True,0,False,100,0.0,0.008205428253859282,0.00669581801129418,0.0064459292706936545,0.010514894159136113,0.0,1.0,0.03913531054761412,16,8,0.2,2500,fast_ICA,iid,False,5
16,2,2001,5,50001,True,0,False,100,0.0,0.013823332730680704,0.007852811984965003,0.007507137283354586,0.011880910091989536,0.0,1.0,0.03966639447064499,16,8,0.2,2500,fast_ICA,iid,False,5
16,2,2001,13,130001,True,0,False,100,0.0,0.010951070114970207,0.007542308723123009,0.00731542282756194,0.011159871839447801,0.0,1.0,0.03927539114481218,16,8,0.2,2500,fast_ICA,iid,False,5
15,9,9001,7,70001,True,1,False,100,0.0,0.013601894956082106,0.024681050345501315,0.020033756481463688,0.06342433181806544,0.16910248849572201,0.9858123297522551,0.035093183276989466,16,8,0.2,2500,fast_ICA,iid,False,5
16,2,2001,28,280001,True,0,False,100,0.0,0.004095984157174826,0.0075466495006560035,0.007341807359195113,0.011581321258466898,0.0,1.0,0.040089171654524046,16,8,0.2,2500,fast_ICA,iid,False,5
15,4,4001,20,200001,True,1,False,100,0.0,0.024011179339140654,0.01686764492161722,0.016431084990207963,0.02244336503496822,0.15524908635600887,0.98811406458607,0.03518536909685923,16,8,0.2,2500,fast_ICA,iid,False,5
16,2,2001,19,190001,True,0,False,100,0.0,0.008738584816455841,0.00754225130442193,0.007215934782717585,0.009886338453197452,0.0,1.0,0.03983014158567482,16,8,0.2,2500,fast_ICA,iid,False,5
15,6,6001,28,280001,True,1,False,100,0.0,0.020830268040299416,0.017807386930224992,0.015965442210288994,0.029062222530531253,0.16272971287115634,0.9875202223339798,0.034507512983022424,16,8,0.2,2500,fast_ICA,iid,False,5
16,0,1,2,20001,True,0,False,100,0.0,0.008136248216032982,0.0079194794415575,0.007637219839472907,0.010498067811430308,0.0,1.0,0.03950138811438164,16,8,0.2,2500,fast_ICA,iid,False,5
16,0,1,18,180001,True,0,False,100,0.0,0.0024489648640155792,0.007658942790617196,0.007427176903344247,0.0102787492554107,0.0,1.0,0.04004808187448121,16,8,0.2,2500,fast_ICA,iid,False,5
16,2,2001,14,140001,True,0,False,100,0.0,0.012536291033029556,0.008144904293749635,0.007959598527466784,0.012223427033894665,0.0,1.0,0.039762822638536297,16,8,0.2,2500,fast_ICA,iid,False,5
15,7,7001,29,290001,True,1,False,100,0.0,0.009670328814536333,0.02594109284444463,0.021813041014343323,0.06129257908622228,0.1714644147932623,0.9854709932752411,0.035316810354639655,16,8,0.2,2500,fast_ICA,iid,False,5
16,2,2001,23,230001,True,0,False,100,0.0,0.008975604083389044,0.007523716063871985,0.007264960727584709,0.011594379267461492,0.0,1.0,0.03919877912503158,16,8,0.2,2500,fast_ICA,iid,False,5
16,2,2001,27,270001,True,0,False,100,0.0,0.0071633849292993546,0.007893984826219277,0.007609937057646945,0.012465715466691639,0.0,1.0,0.03985238342455068,16,8,0.2,2500,fast_ICA,iid,False,5
15,7,7001,21,210001,True,1,False,100,0.0,0.010003176983445883,0.01885387465130628,0.016516522784143776,0.032267866128693715,0.15977208803992443,0.9873645236907501,0.03479060771421149,16,8,0.2,2500,fast_ICA,iid,False,5
15,6,6001,11,110001,True,1,False,100,0.0,0.0295489439740777,0.02070475575605657,0.016699204990083927,0.04718133544012227,0.16458038152336146,0.9865655752775915,0.03495870578369579,16,8,0.2,2500,fast_ICA,iid,False,5
16,3,3001,7,70001,True,0,False,100,0.0,0.003706676885485649,0.006661783909993827,0.006483354471943451,0.00881330982283192,0.0,1.0,0.039531838549677956,16,8,0.2,2500,fast_ICA,iid,False,5
16,2,2001,25,250001,True,0,False,100,0.0,0.009043512865900993,0.006923462818271988,0.006655576401631376,0.011835294070438833,0.0,1.0,0.0399111024245019,16,8,0.2,2500,fast_ICA,iid,False,5
15,8,8001,10,100001,True,1,False,100,0.0,0.004653010983020067,0.024494125084889847,0.02097774904752243,0.058246448171805756,0.1811607245403624,0.9837488460914734,0.03471002177557708,16,8,0.2,2500,fast_ICA,iid,False,5
16,0,1,13,130001,True,0,False,100,0.0,0.012195723131299019,0.007271209554445208,0.007101676193784601,0.008997186395793612,0.0,1.0,0.040600906027651894,16,8,0.2,2500,fast_ICA,iid,False,5
16,3,3001,12,120001,True,0,False,100,0.0,0.0034319679252803326,0.007916958563034513,0.007594403382329325,0.012288904001113198,0.0,1.0,0.040711167976826536,16,8,0.2,2500,fast_ICA,iid,False,5
15,9,9001,4,40001,True,1,False,100,0.0,0.020086663775146008,0.019243822428045673,0.01609152223495282,0.03548937811625368,0.16550274259028022,0.9873625528813998,0.03550305828313316,16,8,0.2,2500,fast_ICA,iid,False,5
16,3,3001,3,30001,True,0,False,100,0.0,0.0065160789526999,0.007713968508376467,0.007521462442758181,0.010863258414356628,0.0,1.0,0.03905438596409308,16,8,0.2,2500,fast_ICA,iid,False,5
16,3,3001,4,40001,True,0,False,100,0.0,0.006922096014022827,0.00815595058554202,0.007868600867079259,0.012797090741983947,0.0,1.0,0.03929227678670435,16,8,0.2,2500,fast_ICA,iid,False,5
15,9,9001,12,120001,True,1,False,100,0.0,0.0209410572424531,0.027517118534698338,0.023480532937322683,0.05202665121425774,0.1771952055019831,0.9845889507786945,0.03462438134075347,16,8,0.2,2500,fast_ICA,iid,False,5
16,3,3001,5,50001,True,0,False,100,0.0,0.007232253905385733,0.008082962837498516,0.007835755557495057,0.011022967357117055,0.0,1.0,0.03885756681823569,16,8,0.2,2500,fast_ICA,iid,False,5
15,9,9001,20,200001,True,1,False,100,0.0,0.01864821184426546,0.01658209494000991,0.01589618368536391,0.02285933672842241,0.15711342982068147,0.9877458612724634,0.03422917814176252,16,8,0.2,2500,fast_ICA,iid,False,5
16,3,3001,22,220001,True,0,False,100,0.0,0.0036683459766209126,0.006656390026187053,0.0064235120568719335,0.008898427269880833,0.0,1.0,0.03904137959100384,16,8,0.2,2500,fast_ICA,iid,False,5
16,3,3001,0,1,True,0,False,100,0.0,0.011277459096163511,0.007137954060494552,0.006915997969803209,0.010444142768748927,0.0,1.0,0.04040533686874368,16,8,0.2,2500,fast_ICA,iid,False,5
15,7,7001,5,50001,True,1,False,100,0.0,0.018320034258067608,0.019645667279351624,0.016233589139357647,0.0439737451345361,0.1676421254616948,0.9860173494347167,0.035093537199882084,16,8,0.2,2500,fast_ICA,iid,False,5
16,0,1,11,110001,True,0,False,100,0.0,0.01546177314594388,0.006975513826109088,0.006629296763080807,0.00961775544376866,0.0,1.0,0.039986947887609564,16,8,0.2,2500,fast_ICA,iid,False,5
16,0,1,16,160001,True,0,False,100,0.0,0.005863942671567202,0.006161629008165387,0.006051423409842975,0.009363685814974636,0.0,1.0,0.03975543974355245,16,8,0.2,2500,fast_ICA,iid,False,5
15,7,7001,17,170001,True,1,False,100,0.0,0.018045326229184866,0.014122527852024287,0.012589032117905154,0.028654661297309706,0.1540994256470977,0.9883058380987148,0.034925310068308874,16,8,0.2,2500,fast_ICA,iid,False,5
16,3,3001,17,170001,True,0,False,100,0.0,0.005421665962785482,0.006985354839674996,0.0066462791580682015,0.011617905249748896,0.0,1.0,0.03933197316655669,16,8,0.2,2500,fast_ICA,iid,False,5
15,1,1001,6,60001,True,1,False,100,0.0,0.12113165576010942,0.01701465854233266,0.01485161662589737,0.036291527901497006,0.14955306645054223,0.988969107037621,0.03505694623569818,16,8,0.2,2500,fast_ICA,iid,False,5
15,9,9001,29,290001,True,1,False,100,0.0,0.009865557309240103,0.02548134844563339,0.021200816959618056,0.06093302366766227,0.17225562774349265,0.9854072790731347,0.034710893526545814,16,8,0.2,2500,fast_ICA,iid,False,5
15,9,9001,25,250001,True,1,False,100,0.0,0.023696800228208303,0.01857101896548865,0.01596998415876943,0.0376698406422826,0.15958775451662544,0.987645765060866,0.03518288256374657,16,8,0.2,2500,fast_ICA,iid,False,5
15,4,4001,0,1,True,1,False,100,0.0,0.052570099011063576,0.015798130536425883,0.014195440420250473,0.028938815234938412,0.16113071975421095,0.9871553474715833,0.034806571748182615,16,8,0.2,2500,fast_ICA,iid,False,5
16,3,3001,13,130001,True,0,False,100,0.0,0.008243527729064226,0.007558315953647068,0.007238214886168216,0.011376190187537915,0.0,1.0,0.0395417184951152,16,8,0.2,2500,fast_ICA,iid,False,5
15,7,7001,13,130001,True,1,False,100,0.0,0.026089036371558905,0.025742196777390966,0.02212761286347664,0.05595784051589569,0.1737622695966423,0.9850209829394223,0.03502606009297814,16,8,0.2,2500,fast_ICA,iid,False,5
16,2,2001,4,40001,True,0,False,100,0.0,0.02612927509471774,0.007917949515148771,0.007643666951821919,0.012104637375400788,0.0,1.0,0.03924801040831965,16,8,0.2,2500,fast_ICA,iid,False,5
15,8,8001,12,120001,True,1,False,100,0.0,0.017717239446938038,0.02631925458879791,0.022365973278328476,0.05185750229089334,0.17785979476816005,0.984579782947995,0.03505526055444918,16,8,0.2,2500,fast_ICA,iid,False,5
16,3,3001,26,260001,True,0,False,100,0.0,0.00562016386538744,0.00708892116881575,0.006803620438801639,0.009813590604590663,0.0,1.0,0.04037134899283248,16,8,0.2,2500,fast_ICA,iid,False,5
15,4,4001,8,80001,True,1,False,100,0.0,0.012269153259694576,0.016237735813939017,0.013676749317354846,0.04126660828263134,0.1585942914610606,0.9876285422357535,0.03479866790104156,16,8,0.2,2500,fast_ICA,iid,False,5
16,3,3001,6,60001,True,0,False,100,0.0,0.011014460120350122,0.007706032331369564,0.007517218859930389,0.010528220955391259,0.0,1.0,0.03908051067151714,16,8,0.2,2500,fast_ICA,iid,False,5
16,3,3001,20,200001,True,0,False,100,0.0,0.007206454873085022,0.007677602332475168,0.007487372493286469,0.01042653473997698,0.0,1.0,0.03986180242782295,16,8,0.2,2500,fast_ICA,iid,False,5
15,4,4001,10,100001,True,1,False,100,0.0,0.08885816996917129,0.0257885326959779,0.021480693961711966,0.06022767543002467,0.17734001809658143,0.9843493244090662,0.03531689247427764,16,8,0.2,2500,fast_ICA,iid,False,5
16,3,3001,28,280001,True,0,False,100,0.0,0.005856402684003115,0.0070663801422547615,0.006874123525590324,0.010604793253958796,0.0,1.0,0.03869354150842473,16,8,0.2,2500,fast_ICA,iid,False,5
16,0,1,24,240001,True,0,False,100,0.0,0.009792618919163942,0.007825942869662284,0.007486966997632852,0.01330747527538067,0.0,1.0,0.03993392060206618,16,8,0.2,2500,fast_ICA,iid,False,5
16,4,4001,1,10001,True,0,False,100,0.0,0.002634383738040924,0.007162012937765356,0.006959372911471062,0.009620716581171007,0.0,1.0,0.039310911412517587,16,8,0.2,2500,fast_ICA,iid,False,5
16,4,4001,6,60001,True,0,False,100,0.0,0.003768396098166704,0.007141274372924395,0.006989927325204388,0.010333219856359816,0.0,1.0,0.039419733429138265,16,8,0.2,2500,fast_ICA,iid,False,5
16,0,1,28,280001,True,0,False,100,0.0,0.010281125083565712,0.00769750814152193,0.007505671114091027,0.011205973517570359,0.0,1.0,0.039107727976491195,16,8,0.2,2500,fast_ICA,iid,False,5
16,2,2001,1,10001,True,0,False,100,0.0,0.03830811893567443,0.007851494591993313,0.007666020242922428,0.009878756868891295,0.0,1.0,0.03994022794786143,16,8,0.2,2500,fast_ICA,iid,False,5
15,9,9001,14,140001,True,1,False,100,0.0,0.030400507617741823,0.01506447673212115,0.013016890246231715,0.03383167331129677,0.14964748081931603,0.9891168327965307,0.035204656743346364,16,8,0.2,2500,fast_ICA,iid,False,5
16,1,1001,6,60001,True,0,False,100,0.0,0.006842087022960186,0.007798565322295222,0.00757755485635435,0.011374040327054398,0.0,1.0,0.040312710552237306,16,8,0.2,2500,fast_ICA,iid,False,5
16,3,3001,15,150001,True,0,False,100,0.0,0.008689234964549541,0.0070515104968183326,0.006672752700950347,0.011138182717367348,0.0,1.0,0.039915132917246195,16,8,0.2,2500,fast_ICA,iid,False,5
16,4,4001,5,50001,True,0,False,100,0.0,0.006054001860320568,0.007780206260304591,0.007218649041108574,0.01257956820674956,0.0,1.0,0.039736010725980785,16,8,0.2,2500,fast_ICA,iid,False,5
15,0,1,14,140001,True,1,False,100,0.0,0.06017576111480594,0.014578220402736928,0.013078644261267217,0.029032486977315117,0.15129932113180594,0.9888041857921134,0.035034158470229074,16,8,0.2,2500,fast_ICA,iid,False,5
15,8,8001,13,130001,True,1,False,100,0.0,0.05423606699332595,0.024958468401907605,0.02110138071889822,0.048632494624353935,0.17436272887720033,0.9849303142952935,0.03499227063665279,16,8,0.2,2500,fast_ICA,iid,False,5
16,1,1001,15,150001,True,0,False,100,0.0,0.005047658924013376,0.006933107774274056,0.006668656301887952,0.011632404819239921,0.0,1.0,0.03920425204138026,16,8,0.2,2500,fast_ICA,iid,False,5
16,4,4001,16,160001,True,0,False,100,0.0,0.003991894889622927,0.007340311009983901,0.007044199148154667,0.010683317718213686,0.0,1.0,0.03992194094004707,16,8,0.2,2500,fast_ICA,iid,False,5
16,1,1001,11,110001,True,0,False,100,0.0,0.002514673862606287,0.006992185544584928,0.006709612715576367,0.011676060930762707,0.0,1.0,0.03977065419605002,16,8,0.2,2500,fast_ICA,iid,False,5
15,3,3001,1,10001,True,1,False,100,0.0,0.18523397110402584,0.017358952147718588,0.014242416237039972,0.03837509758093782,0.157549608444984,0.9877419967344855,0.034370190506687257,16,8,0.2,2500,fast_ICA,iid,False,5
15,7,7001,12,120001,True,1,False,100,0.0,0.011595506686717272,0.026796391037074672,0.023126711341561225,0.04749624013138674,0.1818207465953391,0.9837306128022194,0.0346246597665693,16,8,0.2,2500,fast_ICA,iid,False,5
15,6,6001,3,30001,True,1,False,100,0.0,0.00737888365983963,0.01703725058870779,0.014460080510684222,0.03836547091026723,0.15661353046848886,0.9884804320188555,0.03459334799666223,16,8,0.2,2500,fast_ICA,iid,False,5
16,3,3001,29,290001,True,0,False,100,0.0,0.009977457113564014,0.007133408476311532,0.007002795862898147,0.00881400614420488,0.0,1.0,0.039866106268041185,16,8,0.2,2500,fast_ICA,iid,False,5
16,1,1001,21,210001,True,0,False,100,0.0,0.04847138375043869,0.0073240977930209,0.007108581906046067,0.01057846687272261,0.0,1.0,0.039141984753333955,16,8,0.2,2500,fast_ICA,iid,False,5
16,2,2001,3,30001,True,0,False,100,0.0,0.0038045458495616913,0.007303056946508763,0.007055844291542889,0.01059566244233311,0.0,1.0,0.040637515018186195,16,8,0.2,2500,fast_ICA,iid,False,5
16,1,1001,14,140001,True,0,False,100,0.0,0.011932634748518467,0.0073155326569487745,0.007052516544399923,0.012443223825380713,0.0,1.0,0.03889757945520953,16,8,0.2,2500,fast_ICA,iid,False,5
16,2,2001,29,290001,True,0,False,100,0.0,0.019761554896831512,0.007262793923263019,0.00708122272222959,0.00945886328213583,0.0,1.0,0.039260191535123,16,8,0.2,2500,fast_ICA,iid,False,5
16,0,1,7,70001,True,0,False,100,0.0,0.006161110941320658,0.006357096479844674,0.0062419374470841435,0.00870736626680154,0.0,1.0,0.0390407582977314,16,8,0.2,2500,fast_ICA,iid,False,5
15,8,8001,21,210001,True,1,False,100,0.0,0.012727018911391497,0.01891306733619528,0.016822181868824136,0.03192353623410136,0.15865224895623242,0.9876293872939187,0.034898962803967655,16,8,0.2,2500,fast_ICA,iid,False,5
16,4,4001,29,290001,True,0,False,100,0.0,0.00367985712364316,0.008029447990153095,0.0077393111664542805,0.012001099575135142,0.0,1.0,0.03952105522721289,16,8,0.2,2500,fast_ICA,iid,False,5
16,4,4001,9,90001,True,0,False,100,0.0,0.007622342091053724,0.007532830056044212,0.007341656050705632,0.010319911929175769,0.0,1.0,0.03933500313884776,16,8,0.2,2500,fast_ICA,iid,False,5
15,6,6001,29,290001,True,1,False,100,0.0,0.043241336941719055,0.0240996593474385,0.020326147436319487,0.05433831032534889,0.17033192582146753,0.9856563965393377,0.034943116537519095,16,8,0.2,2500,fast_ICA,iid,False,5
16,2,2001,22,220001,True,0,False,100,0.0,0.012814058922231197,0.007163455788478138,0.00694646116682151,0.009842790382643093,0.0,1.0,0.04023191940148829,16,8,0.2,2500,fast_ICA,iid,False,5
16,5,5001,10,100001,True,0,False,100,0.0,0.00267471419647336,0.00686236920050293,0.006472920025448506,0.010460916571351973,0.0,1.0,0.038955053812665986,16,8,0.2,2500,fast_ICA,iid,False,5
15,8,8001,7,70001,True,1,False,100,0.0,0.02955599408596754,0.024729702492675146,0.020677802153104073,0.060224776661029926,0.17090075952587866,0.9855368229309477,0.03450350425388386,16,8,0.2,2500,fast_ICA,iid,False,5
16,2,2001,16,160001,True,0,False,100,0.0,0.02709141932427883,0.0077409202702813625,0.007293075188975506,0.012723359302560557,0.0,1.0,0.03998897973600422,16,8,0.2,2500,fast_ICA,iid,False,5
15,7,7001,0,1,True,1,False,100,0.0,0.049993785098195076,0.016690079638974786,0.014580557585041693,0.031054367273129845,0.15836900706174334,0.9877104657485334,0.03498666180620335,16,8,0.2,2500,fast_ICA,iid,False,5
16,3,3001,10,100001,True,0,False,100,0.0,0.01394581189379096,0.007809144700839777,0.007581582402366372,0.010496978087589596,0.0,1.0,0.03989222380016298,16,8,0.2,2500,fast_ICA,iid,False,5
16,0,1,20,200001,True,0,False,100,0.0,0.003301298711448908,0.007537497199438283,0.007215002152339634,0.010471405432160377,0.0,1.0,0.03968253853057787,16,8,0.2,2500,fast_ICA,iid,False,5
16,3,3001,8,80001,True,0,False,100,0.0,0.014952666126191616,0.007449965064063879,0.006960109892139459,0.0132053065209255,0.0,1.0,0.040279036507434356,16,8,0.2,2500,fast_ICA,iid,False,5
15,9,9001,1,10001,True,1,False,100,0.0,0.018663933034986258,0.018634684930781204,0.016481573617819933,0.03705351061875035,0.15893773844158846,0.9874400711394272,0.03396256424643291,16,8,0.2,2500,fast_ICA,iid,False,5
16,2,2001,11,110001,True,0,False,100,0.0,0.030385788064450026,0.0063572919618445686,0.006092118280798142,0.0090115529304473,0.0,1.0,0.039934974460996066,16,8,0.2,2500,fast_ICA,iid,False,5
15,8,8001,25,250001,True,1,False,100,0.0,0.017794608138501644,0.019442248157964692,0.017109672838158858,0.038336858778335536,0.15908730017086095,0.9876934097698057,0.03502051727497946,16,8,0.2,2500,fast_ICA,iid,False,5
16,2,2001,20,200001,True,0,False,100,0.0,0.012860878836363554,0.007452859035553718,0.0071647562612561465,0.011096839315003633,0.0,1.0,0.04003201444944241,16,8,0.2,2500,fast_ICA,iid,False,5
16,0,1,3,30001,True,0,False,100,0.0,0.010496722999960184,0.008090908429674772,0.00796672796054027,0.011517647705221009,0.0,1.0,0.0393312231297644,16,8,0.2,2500,fast_ICA,iid,False,5
16,4,4001,22,220001,True,0,False,100,0.0,0.0074629029259085655,0.007492290652773262,0.007266160914649253,0.011119990030369325,0.0,1.0,0.039501951513464334,16,8,0.2,2500,fast_ICA,iid,False,5
15,9,9001,28,280001,True,1,False,100,0.0,0.013035748153924942,0.017795164949047357,0.015916613300707316,0.03459335049072736,0.16542889078401185,0.987159137290729,0.03485945198161841,16,8,0.2,2500,fast_ICA,iid,False,5
16,0,1,5,50001,True,0,False,100,0.0,0.014726827386766672,0.00732280272167508,0.006886834453302576,0.010907027867111502,0.0,1.0,0.03970736120925172,16,8,0.2,2500,fast_ICA,iid,False,5
16,5,5001,21,210001,True,0,False,100,0.0,0.003666536882519722,0.00807299654634618,0.007768083657301477,0.011551394856198521,0.0,1.0,0.04022608424886805,16,8,0.2,2500,fast_ICA,iid,False,5
15,8,8001,28,280001,True,1,False,100,0.0,0.02492004306986928,0.017104430253440057,0.015591861534611376,0.029755823173164393,0.16298461978010162,0.9875534010242778,0.03479380422320171,16,8,0.2,2500,fast_ICA,iid,False,5
16,4,4001,2,20001,True,0,False,100,0.0,0.013966332655400038,0.007310228970780638,0.0070177244856323975,0.012044100553066714,0.0,1.0,0.03948895399657884,16,8,0.2,2500,fast_ICA,iid,False,5
16,2,2001,17,170001,True,0,False,100,0.0,0.011537966784089804,0.008294953529629742,0.007915991865392328,0.01345040938606314,0.0,1.0,0.03965359059957206,16,8,0.2,2500,fast_ICA,iid,False,5
16,2,2001,7,70001,True,0,False,100,0.0,0.006819637026637793,0.007101110297306735,0.006881755214539528,0.009515109415416412,0.0,1.0,0.039534297669109375,16,8,0.2,2500,fast_ICA,iid,False,5
16,4,4001,3,30001,True,0,False,100,0.0,0.014375480357557535,0.007441940636637687,0.007224979663449881,0.011969989209298966,0.0,1.0,0.040180307029539127,16,8,0.2,2500,fast_ICA,iid,False,5
16,6,6001,15,150001,True,0,False,100,0.0,0.005614005029201508,0.007907462860542225,0.007597812073999547,0.012615010544897942,0.0,1.0,0.03967609972801924,16,8,0.2,2500,fast_ICA,iid,False,5
16,4,4001,25,250001,True,0,False,100,0.0,0.014573347754776478,0.008061771781877555,0.007680754186929489,0.01267972241192445,0.0,1.0,0.0399576273126718,16,8,0.2,2500,fast_ICA,iid,False,5
16,1,1001,8,80001,True,0,False,100,0.0,0.003858445677906275,0.007734922019810737,0.007475999375624147,0.011218874670522357,0.0,1.0,0.03919945123843272,16,8,0.2,2500,fast_ICA,iid,False,5
14,5,5001,22,220001,True,6,False,100,0.22230352765134004,0.24726609094068408,0.03076101916316515,0.027360968443401613,0.0674184433809301,0.1672800783479762,0.986041922736393,0.03033790790684402,16,8,0.2,2500,fast_ICA,iid,False,5
16,5,5001,26,260001,True,0,False,100,0.0,0.010013626888394356,0.006857822781552172,0.006630188741510199,0.009380774661440713,0.0,1.0,0.039221487987844764,16,8,0.2,2500,fast_ICA,iid,False,5
16,4,4001,18,180001,True,0,False,100,0.0,0.004046924877911806,0.007434888396866686,0.007273787230810399,0.01082995902017419,0.0,1.0,0.03962782993600035,16,8,0.2,2500,fast_ICA,iid,False,5
16,0,1,15,150001,True,0,False,100,0.0,0.030952385161072016,0.007789697192466243,0.007503142038618475,0.011887787973084409,0.0,1.0,0.03924966642230139,16,8,0.2,2500,fast_ICA,iid,False,5
16,4,4001,27,270001,True,0,False,100,0.0,0.016091348137706518,0.0074737013884983595,0.0072237889531510235,0.010207264338337387,0.0,1.0,0.03978247511781409,16,8,0.2,2500,fast_ICA,iid,False,5
16,1,1001,18,180001,True,0,False,100,0.0,0.010878500994294882,0.006563396805386761,0.006258867010066,0.009159127313914552,0.0,1.0,0.039426882512484766,16,8,0.2,2500,fast_ICA,iid,False,5
15,6,6001,27,270001,True,1,False,100,0.0,0.017358551267534494,0.02320813515405321,0.01937823050177216,0.04270493832202018,0.17272069823458364,0.9859500769716718,0.035499279216718506,16,8,0.2,2500,fast_ICA,iid,False,5
16,5,5001,22,220001,True,0,False,100,0.0,0.011415628716349602,0.006398974354021719,0.006176654154072148,0.01053825104362733,0.0,1.0,0.039210036073513956,16,8,0.2,2500,fast_ICA,iid,False,5
15,7,7001,18,180001,True,1,False,100,0.0,0.035721614956855774,0.02081789678383698,0.019719427561994823,0.03287021053850199,0.16150767264333502,0.9873908857189448,0.034884653689085623,16,8,0.2,2500,fast_ICA,iid,False,5
16,0,1,8,80001,True,0,False,100,0.0,0.011487828101962805,0.006588664043288575,0.0063899911240067955,0.00970819710974258,0.0,1.0,0.03941481662152344,16,8,0.2,2500,fast_ICA,iid,False,5
16,5,5001,18,180001,True,0,False,100,0.0,0.01024119509384036,0.008087966552860029,0.007716396802422955,0.01374870998861916,0.0,1.0,0.039788865624086386,16,8,0.2,2500,fast_ICA,iid,False,5
15,7,7001,1,10001,True,1,False,100,0.0,0.017055011820048094,0.016562872954026368,0.013786984061452068,0.03250560908890386,0.1583355797277717,0.9876238428675018,0.0349835011411888,16,8,0.2,2500,fast_ICA,iid,False,5
16,6,6001,11,110001,True,0,False,100,0.0,0.008096259087324142,0.008092711371957058,0.007701147269143387,0.013861867404822596,0.0,1.0,0.03960706771206773,16,8,0.2,2500,fast_ICA,iid,False,5
16,5,5001,0,1,True,0,False,100,0.0,0.015949139837175608,0.0076847834625388125,0.007346012043342835,0.010993810459880434,0.0,1.0,0.03932061224759549,16,8,0.2,2500,fast_ICA,iid,False,5
16,5,5001,5,50001,True,0,False,100,0.0,0.009780687745660543,0.007609629357344436,0.007541598336504487,0.009397272185827173,0.0,1.0,0.04040715794973591,16,8,0.2,2500,fast_ICA,iid,False,5
16,4,4001,15,150001,True,0,False,100,0.0,0.02056592982262373,0.007345182279581575,0.00713249354078156,0.01055610306577294,0.0,1.0,0.039736144525304745,16,8,0.2,2500,fast_ICA,iid,False,5
15,8,8001,22,220001,True,1,False,100,0.0,0.025230111088603735,0.027285165656152712,0.023024197425746632,0.054738634751276924,0.18441693842709972,0.9831661314356687,0.035166392582642814,16,8,0.2,2500,fast_ICA,iid,False,5
16,0,1,4,40001,True,0,False,100,0.0,0.013738853391259909,0.007630364020344564,0.0073963360106881,0.00997886955784084,0.0,1.0,0.03930671651844249,16,8,0.2,2500,fast_ICA,iid,False,5
16,4,4001,28,280001,True,0,False,100,0.0,0.017918207217007875,0.007763039867766166,0.007562609438735125,0.010369635484098246,0.0,1.0,0.039424418321664996,16,8,0.2,2500,fast_ICA,iid,False,5
16,4,4001,21,210001,True,0,False,100,0.0,0.019508696626871824,0.007120227258921029,0.006789227869926567,0.012397317588570295,0.0,1.0,0.03951849389754373,16,8,0.2,2500,fast_ICA,iid,False,5
16,5,5001,17,170001,True,0,False,100,0.0,0.014579017646610737,0.007254174359941866,0.006938087027522306,0.011558474675373678,0.0,1.0,0.040183249548308465,16,8,0.2,2500,fast_ICA,iid,False,5
16,5,5001,3,30001,True,0,False,100,0.0,0.01710515283048153,0.006956495891617044,0.006554460967311341,0.01241601733098095,0.0,1.0,0.040606917569106164,16,8,0.2,2500,fast_ICA,iid,False,5
16,1,1001,4,40001,True,0,False,100,0.0,0.023251113016158342,0.007329373165434852,0.0068740414605186,0.013960227081358913,0.0,1.0,0.040537909947709276,16,8,0.2,2500,fast_ICA,iid,False,5
15,9,9001,2,20001,True,1,False,100,0.0,0.02323295408859849,0.017636940471256666,0.014959166738161292,0.043533305262422356,0.16909345235115136,0.9859198943742387,0.03541116256232388,16,8,0.2,2500,fast_ICA,iid,False,5
16,2,2001,0,1,True,0,False,100,0.0,0.016202997881919146,0.008104588181508967,0.0075912582413449545,0.011829123740014899,0.0,1.0,0.03986616440766138,16,8,0.2,2500,fast_ICA,iid,False,5
16,3,3001,19,190001,True,0,False,100,0.0,0.021957871969789267,0.0072953431470544295,0.007053884440062425,0.01044599131198155,0.0,1.0,0.039668578467656423,16,8,0.2,2500,fast_ICA,iid,False,5
16,3,3001,25,250001,True,0,False,100,0.0,0.027057678904384375,0.008048887748594162,0.007616345603901943,0.01248145963105972,0.0,1.0,0.040042085074188674,16,8,0.2,2500,fast_ICA,iid,False,5
16,1,1001,9,90001,True,0,False,100,0.0,0.013006628025323153,0.006884860291492619,0.006631013932562946,0.010800583508996727,0.0,1.0,0.0395456763968467,16,8,0.2,2500,fast_ICA,iid,False,5
15,9,9001,11,110001,True,1,False,100,0.0,0.01897798990830779,0.020575498367805922,0.017996862997949163,0.0411985031221107,0.16527355577433536,0.986393235891199,0.034592664622444966,16,8,0.2,2500,fast_ICA,iid,False,5
16,2,2001,26,260001,True,0,False,100,0.0,0.013135487213730812,0.008152566342584428,0.007943689944201552,0.01138839274301724,0.0,1.0,0.038791840514212673,16,8,0.2,2500,fast_ICA,iid,False,5
16,0,1,21,210001,True,0,False,100,0.0,0.0041883839294314384,0.007164835903444512,0.006936773659382585,0.011266791030822442,0.0,1.0,0.03950135559776778,16,8,0.2,2500,fast_ICA,iid,False,5
16,6,6001,7,70001,True,0,False,100,0.0,0.011777224950492382,0.007458792905917673,0.007239994641142474,0.009640286414045851,0.0,1.0,0.03991905782862648,16,8,0.2,2500,fast_ICA,iid,False,5
16,1,1001,23,230001,True,0,False,100,0.0,0.00567127438262105,0.00852945814753142,0.007980163028333874,0.013971609328331169,0.0,1.0,0.03980431401921447,16,8,0.2,2500,fast_ICA,iid,False,5
15,5,5001,3,30001,True,1,False,100,0.0,0.008714775089174509,0.01684087283305214,0.014777158294035173,0.03585901438031299,0.16210919024103834,0.9875890678236687,0.03508824712126065,16,8,0.2,2500,fast_ICA,iid,False,5
16,6,6001,13,130001,True,0,False,100,0.0,0.002637924160808325,0.007429006687798674,0.007234453903156953,0.009721009874453469,0.0,1.0,0.03972433470183088,16,8,0.2,2500,fast_ICA,iid,False,5
15,9,9001,22,220001,True,1,False,100,0.0,0.012124313041567802,0.028976638853411663,0.024994125097822544,0.05529949683482008,0.18408090687498493,0.9831885452484149,0.0348208632426563,16,8,0.2,2500,fast_ICA,iid,False,5
16,5,5001,15,150001,True,0,False,100,0.0,0.016722035128623247,0.007413698403471732,0.007103689512849436,0.012019884946348796,0.0,1.0,0.04026860219155187,16,8,0.2,2500,fast_ICA,iid,False,5
16,6,6001,14,140001,True,0,False,100,0.0,0.01186888525262475,0.0076803458548185865,0.007499467150598054,0.01030881226089297,0.0,1.0,0.04015751095881866,16,8,0.2,2500,fast_ICA,iid,False,5
16,1,1001,25,250001,True,0,False,100,0.0,0.002251665573567152,0.007280799481779615,0.006964628771956461,0.01073850431160086,0.0,1.0,0.04041876685792689,16,8,0.2,2500,fast_ICA,iid,False,5
15,8,8001,14,140001,True,1,False,100,0.0,0.014991146046668291,0.013634950098996458,0.012069653940400332,0.027954047590287752,0.15053264362541008,0.9888872253472366,0.03547331915975376,16,8,0.2,2500,fast_ICA,iid,False,5
16,6,6001,17,170001,True,0,False,100,0.0,0.005275706760585308,0.007801707124501177,0.007585288871462648,0.011583288957548317,0.0,1.0,0.03984543010087205,16,8,0.2,2500,fast_ICA,iid,False,5
15,9,9001,10,100001,True,1,False,100,0.0,0.025527538266032934,0.02501466489125536,0.021022615972124722,0.06034954675143105,0.18322256831230235,0.9833670899371212,0.03496348697311772,16,8,0.2,2500,fast_ICA,iid,False,5
16,4,4001,0,1,True,0,False,100,0.0,0.028100831899791956,0.0070633202078824,0.006767376159703385,0.011041889532825398,0.0,1.0,0.03947759226200307,16,8,0.2,2500,fast_ICA,iid,False,5
15,6,6001,23,230001,True,1,False,100,0.0,0.01815664628520608,0.01552318590083055,0.012812313594413463,0.036223288879639104,0.1519099338080579,0.9887074284187451,0.03481168796624903,16,8,0.2,2500,fast_ICA,iid,False,5
16,6,6001,4,40001,True,0,False,100,0.0,0.016069399192929268,0.007839953974266617,0.00738952972714261,0.012199353328029593,0.0,1.0,0.03963993338660006,16,8,0.2,2500,fast_ICA,iid,False,5
16,5,5001,9,90001,True,0,False,100,0.0,0.003918044734746218,0.007275710826947544,0.0071384189209591845,0.00993342497199669,0.0,1.0,0.04053174990201456,16,8,0.2,2500,fast_ICA,iid,False,5
16,5,5001,23,230001,True,0,False,100,0.0,0.018445743713527918,0.007508082354944041,0.007267272890020016,0.009962742638218112,0.0,1.0,0.0403734194970613,16,8,0.2,2500,fast_ICA,iid,False,5
15,2,2001,21,210001,True,1,False,100,0.0,0.04956961702555418,0.017547326606553414,0.015437685313512249,0.029224974288033265,0.15829329863170663,0.9877156650429327,0.03500101885513828,16,8,0.2,2500,fast_ICA,iid,False,5
16,1,1001,2,20001,True,0,False,100,0.0,0.05433554807677865,0.007103215414083875,0.006924396411167585,0.01022335394086928,0.0,1.0,0.0396856205544036,16,8,0.2,2500,fast_ICA,iid,False,5
16,6,6001,8,80001,True,0,False,100,0.0,0.004147344268858433,0.006788453131335633,0.0066555510758081965,0.008904096679106376,0.0,1.0,0.040390205619059476,16,8,0.2,2500,fast_ICA,iid,False,5
16,5,5001,7,70001,True,0,False,100,0.0,0.009301661979407072,0.006827759695176855,0.006537306807356366,0.010739666953692236,0.0,1.0,0.04002028650371846,16,8,0.2,2500,fast_ICA,iid,False,5
16,6,6001,10,100001,True,0,False,100,0.0,0.003669657278805971,0.008400813036933652,0.00800234949755238,0.012992911240547533,0.0,1.0,0.039312801237889126,16,8,0.2,2500,fast_ICA,iid,False,5
16,7,7001,6,60001,True,0,False,100,0.0,0.006131761707365513,0.008136049731723206,0.007853403707081957,0.013122129059899323,0.0,1.0,0.03951542699794304,16,8,0.2,2500,fast_ICA,iid,False,5
16,0,1,23,230001,True,0,False,100,0.0,0.0041271839290857315,0.007755079251436281,0.007601832028893796,0.010367452531672311,0.0,1.0,0.0400167628363982,16,8,0.2,2500,fast_ICA,iid,False,5
16,7,7001,1,10001,True,0,False,100,0.0,0.0069724759086966515,0.0074047253582117485,0.007191343921274082,0.010079333072524241,0.0,1.0,0.03955658709931306,16,8,0.2,2500,fast_ICA,iid,False,5
16,5,5001,2,20001,True,0,False,100,0.0,0.013582914136350155,0.007043582223221338,0.006780039604166609,0.012484521258085099,0.0,1.0,0.03981888615371401,16,8,0.2,2500,fast_ICA,iid,False,5
16,1,1001,27,270001,True,0,False,100,0.0,0.002827143296599388,0.007583925335787041,0.007256443274337327,0.01167691158853357,0.0,1.0,0.039315043174376015,16,8,0.2,2500,fast_ICA,iid,False,5
16,3,3001,18,180001,True,0,False,100,0.0,0.012611820828169584,0.007066907545130554,0.006840132677321,0.011658002015456638,0.0,1.0,0.04044759370657296,16,8,0.2,2500,fast_ICA,iid,False,5
16,6,6001,21,210001,True,0,False,100,0.0,0.009367740713059902,0.006875600806740667,0.0065389745439046396,0.010238000670059233,0.0,1.0,0.03998016171895085,16,8,0.2,2500,fast_ICA,iid,False,5
16,6,6001,6,60001,True,0,False,100,0.0,0.019261127803474665,0.007344620599444874,0.007115130072212511,0.010533538748211413,0.0,1.0,0.039949615318319,16,8,0.2,2500,fast_ICA,iid,False,5
16,6,6001,5,50001,True,0,False,100,0.0,0.019814045168459415,0.00714384969218032,0.006843255094059454,0.011358694884890849,0.0,1.0,0.03979487852034317,16,8,0.2,2500,fast_ICA,iid,False,5
16,7,7001,8,80001,True,0,False,100,0.0,0.0072272648103535175,0.008368110360829482,0.008120765890446515,0.013359025049464767,0.0,1.0,0.03998972458576102,16,8,0.2,2500,fast_ICA,iid,False,5
16,5,5001,11,110001,True,0,False,100,0.0,0.02096750820055604,0.008177898446757842,0.007889916244383736,0.012927409561127685,0.0,1.0,0.03957618221318281,16,8,0.2,2500,fast_ICA,iid,False,5
16,5,5001,4,40001,True,0,False,100,0.0,0.020026393234729767,0.008364592303868603,0.00799212428524457,0.014394217463126168,0.0,1.0,0.03932408807706627,16,8,0.2,2500,fast_ICA,iid,False,5
15,9,9001,13,130001,True,1,False,100,0.0,0.022273569367825985,0.0261152634573991,0.02226614209547125,0.046349767037459126,0.1725478011949678,0.9853124949150003,0.03438581991712142,16,8,0.2,2500,fast_ICA,iid,False,5
16,3,3001,9,90001,True,0,False,100,0.0,0.01824130490422249,0.006858906681842448,0.0066992409744199245,0.01030075020551415,0.0,1.0,0.03987523113942335,16,8,0.2,2500,fast_ICA,iid,False,5
16,3,3001,11,110001,True,0,False,100,0.0,0.03891075495630503,0.0073086045442796324,0.0071045552782705804,0.011081094049659585,0.0,1.0,0.039038520279609065,16,8,0.2,2500,fast_ICA,iid,False,5
16,5,5001,19,190001,True,0,False,100,0.0,0.010618993081152439,0.00674307135977375,0.0065986895027162415,0.010077326853222924,0.0,1.0,0.03924856301700995,16,8,0.2,2500,fast_ICA,iid,False,5
16,6,6001,1,10001,True,0,False,100,0.0,0.010165325831621885,0.0073053379305181194,0.0071638543698269355,0.009537124172511124,0.0,1.0,0.03977858986942606,16,8,0.2,2500,fast_ICA,iid,False,5
16,0,1,19,190001,True,0,False,100,0.0,0.08608467690646648,0.007553261654985022,0.007405488967268199,0.011102200912690641,0.0,1.0,0.03995386720261096,16,8,0.2,2500,fast_ICA,iid,False,5
16,6,6001,0,1,True,0,False,100,0.0,0.002494335174560547,0.007008311764506546,0.006742807485304456,0.01227934074885906,0.0,1.0,0.03973716416279359,16,8,0.2,2500,fast_ICA,iid,False,5
16,4,4001,26,260001,True,0,False,100,0.0,0.013334046117961407,0.007207795610915245,0.0069458750337106035,0.011159811699112305,0.0,1.0,0.039526012635691186,16,8,0.2,2500,fast_ICA,iid,False,5
16,5,5001,1,10001,True,0,False,100,0.0,0.01724463189020753,0.00858831406758825,0.008292477947494404,0.01412828131434174,0.0,1.0,0.03930435444711968,16,8,0.2,2500,fast_ICA,iid,False,5
16,1,1001,1,10001,True,0,False,100,0.0,0.020460010971874,0.007982286658550247,0.007690487600316031,0.011365687064979247,0.0,1.0,0.039664526525239774,16,8,0.2,2500,fast_ICA,iid,False,5
16,3,3001,2,20001,True,0,False,100,0.0,0.027538915630429983,0.007364870113915802,0.007119823576488984,0.011365512260348374,0.0,1.0,0.03955119289111123,16,8,0.2,2500,fast_ICA,iid,False,5
15,8,8001,15,150001,True,1,False,100,0.0,0.007222895044833422,0.01878352807189368,0.017377682558810954,0.028056375491242548,0.15555883494113634,0.9879941514539391,0.034379454300113695,16,8,0.2,2500,fast_ICA,iid,False,5
16,4,4001,19,190001,True,0,False,100,0.0,0.012293582782149315,0.008437232185511595,0.008120879213209788,0.013588620779901335,0.0,1.0,0.039569097139365315,16,8,0.2,2500,fast_ICA,iid,False,5
16,5,5001,8,80001,True,0,False,100,0.0,0.027818465139716864,0.006731031875209153,0.006564341923298533,0.010191057899389339,0.0,1.0,0.039065993534537685,16,8,0.2,2500,fast_ICA,iid,False,5
16,3,3001,23,230001,True,0,False,100,0.0,0.017112331930547953,0.007581406989873472,0.007399955303595303,0.009938244755715487,0.0,1.0,0.03972787641928696,16,8,0.2,2500,fast_ICA,iid,False,5
16,4,4001,10,100001,True,0,False,100,0.0,0.010125956032425165,0.006104163043509851,0.005812352087203964,0.008901904059956273,0.0,1.0,0.03921598679833711,16,8,0.2,2500,fast_ICA,iid,False,5
16,5,5001,27,270001,True,0,False,100,0.0,0.024889533407986164,0.007235703965273477,0.006925817450415637,0.010792812481970115,0.0,1.0,0.03976456914338672,16,8,0.2,2500,fast_ICA,iid,False,5
16,2,2001,21,210001,True,0,False,100,0.0,0.03371629724279046,0.007206444261717251,0.0070247790419136185,0.009781518075354597,0.0,1.0,0.039524471498404955,16,8,0.2,2500,fast_ICA,iid,False,5
16,6,6001,3,30001,True,0,False,100,0.0,0.0028506419621407986,0.007932758182162599,0.007658344929762447,0.01168994816578847,0.0,1.0,0.0399475788637641,16,8,0.2,2500,fast_ICA,iid,False,5
16,4,4001,4,40001,True,0,False,100,0.0,0.007076985668390989,0.006822239087888273,0.006602726822225553,0.010064928976112268,0.0,1.0,0.039635909451723614,16,8,0.2,2500,fast_ICA,iid,False,5
16,4,4001,17,170001,True,0,False,100,0.0,0.016130988020449877,0.007242586803738872,0.007048030896514812,0.009863150896554644,0.0,1.0,0.039911668749754436,16,8,0.2,2500,fast_ICA,iid,False,5
16,7,7001,13,130001,True,0,False,100,0.0,0.010989601258188486,0.007882610147849802,0.007761667330014267,0.010734503405470263,0.0,1.0,0.039575284223416815,16,8,0.2,2500,fast_ICA,iid,False,5
16,4,4001,7,70001,True,0,False,100,0.0,0.012338872067630291,0.007723712204280909,0.00754400400740653,0.01102556791390697,0.0,1.0,0.03947439213338664,16,8,0.2,2500,fast_ICA,iid,False,5
16,6,6001,2,20001,True,0,False,100,0.0,0.02594226598739624,0.007207610948218365,0.007041088673146097,0.010434783880088127,0.0,1.0,0.04015833832089106,16,8,0.2,2500,fast_ICA,iid,False,5
16,4,4001,13,130001,True,0,False,100,0.0,0.01031861500814557,0.007096532687772937,0.0068285104701309995,0.010427807733186805,0.0,1.0,0.039376512533374104,16,8,0.2,2500,fast_ICA,iid,False,5
16,7,7001,17,170001,True,0,False,100,0.0,0.011526898015290499,0.007931053611118568,0.007662790981765999,0.012362010971471101,0.0,1.0,0.03935185062227718,16,8,0.2,2500,fast_ICA,iid,False,5
16,3,3001,14,140001,True,0,False,100,0.0,0.0115478471852839,0.007931768058834967,0.0075540947111471584,0.010974884523299007,0.0,1.0,0.03974590949711451,16,8,0.2,2500,fast_ICA,iid,False,5
16,3,3001,27,270001,True,0,False,100,0.0,0.010237284936010838,0.007501442968976063,0.007178116631391814,0.012659675484040421,0.0,1.0,0.04044419066936996,16,8,0.2,2500,fast_ICA,iid,False,5
15,0,1,10,100001,True,1,False,100,0.0,0.24261906929314137,0.02496293173248633,0.020889163599204938,0.057047442390192826,0.18062732305052898,0.9838618783032237,0.03433960656962161,16,8,0.2,2500,fast_ICA,iid,False,5
16,4,4001,8,80001,True,0,False,100,0.0,0.024528155103325844,0.008177878491202937,0.0077752294351688366,0.01280868902595018,0.0,1.0,0.0388867701144866,16,8,0.2,2500,fast_ICA,iid,False,5
16,5,5001,20,200001,True,0,False,100,0.0,0.0057116239331662655,0.007674382526279953,0.007428911558168213,0.011808381787521196,0.0,1.0,0.039531623224823606,16,8,0.2,2500,fast_ICA,iid,False,5
16,7,7001,25,250001,True,0,False,100,0.0,0.010126166045665741,0.007851401606756143,0.0075518343311485325,0.01084276411010136,0.0,1.0,0.039166704053659296,16,8,0.2,2500,fast_ICA,iid,False,5
16,8,8001,0,1,True,0,False,100,0.0,0.009104882832616568,0.0076924388992987034,0.007451412148425059,0.011403686646102987,0.0,1.0,0.04014560681818964,16,8,0.2,2500,fast_ICA,iid,False,5
16,7,7001,23,230001,True,0,False,100,0.0,0.011512306984513998,0.006215512950848328,0.006020145054111983,0.008514669369206081,0.0,1.0,0.04011411381327552,16,8,0.2,2500,fast_ICA,iid,False,5
16,6,6001,29,290001,True,0,False,100,0.0,0.013049628119915724,0.00773921101261849,0.007437959898986501,0.011209979055506653,0.0,1.0,0.039754488352317235,16,8,0.2,2500,fast_ICA,iid,False,5
16,8,8001,18,180001,True,0,False,100,0.0,0.006982075981795788,0.008176306463869814,0.007935778691278102,0.011080471637695424,0.0,1.0,0.04009669760144309,16,8,0.2,2500,fast_ICA,iid,False,5
16,5,5001,14,140001,True,0,False,100,0.0,0.006797316949814558,0.0074611176665535265,0.007269259922920671,0.010114825515877857,0.0,1.0,0.0396842775246867,16,8,0.2,2500,fast_ICA,iid,False,5
16,6,6001,26,260001,True,0,False,100,0.0,0.01779569825157523,0.007350952661560893,0.0071944867196648285,0.010956810067164173,0.0,1.0,0.03917562783039445,16,8,0.2,2500,fast_ICA,iid,False,5
16,7,7001,20,200001,True,0,False,100,0.0,0.00676152715459466,0.00776897843797836,0.007561954782782746,0.010920020879073834,0.0,1.0,0.04011230617218719,16,8,0.2,2500,fast_ICA,iid,False,5
16,5,5001,25,250001,True,0,False,100,0.0,0.01358450436964631,0.00729269131002287,0.0071600776746514865,0.009854681572310491,0.0,1.0,0.040214456572013606,16,8,0.2,2500,fast_ICA,iid,False,5
16,6,6001,28,280001,True,0,False,100,0.0,0.017815588042140007,0.0068658339589445,0.006608273452700782,0.010055056707988818,0.0,1.0,0.039536257334862844,16,8,0.2,2500,fast_ICA,iid,False,5
16,7,7001,28,280001,True,0,False,100,0.0,0.011888605076819658,0.00791462997925685,0.007751867152576076,0.01054474608627455,0.0,1.0,0.03936381844950092,16,8,0.2,2500,fast_ICA,iid,False,5
16,4,4001,24,240001,True,0,False,100,0.0,0.012859669048339128,0.007499974539752147,0.0072792111785805365,0.010125472818419516,0.0,1.0,0.03947458625692403,16,8,0.2,2500,fast_ICA,iid,False,5
16,5,5001,16,160001,True,0,False,100,0.0,0.01897708000615239,0.007718741564140255,0.007338632342311502,0.011737288677948165,0.0,1.0,0.040215001788155284,16,8,0.2,2500,fast_ICA,iid,False,5
16,8,8001,7,70001,True,0,False,100,0.0,0.0069788661785423756,0.007886224832813404,0.007747436602469338,0.009793297351934382,0.0,1.0,0.03920841556957359,16,8,0.2,2500,fast_ICA,iid,False,5
16,6,6001,20,200001,True,0,False,100,0.0,0.012887719087302685,0.006969753575332288,0.0066455809434925114,0.009889970527493224,0.0,1.0,0.03948202026373899,16,8,0.2,2500,fast_ICA,iid,False,5
16,8,8001,5,50001,True,0,False,100,0.0,0.010790172033011913,0.007976788868131862,0.007679549802910625,0.011658548356763084,0.0,1.0,0.03985088098758183,16,8,0.2,2500,fast_ICA,iid,False,5
16,7,7001,21,210001,True,0,False,100,0.0,0.015264923218637705,0.007403637280435471,0.007136736921817171,0.011801574944383204,0.0,1.0,0.040198498927474444,16,8,0.2,2500,fast_ICA,iid,False,5
16,6,6001,12,120001,True,0,False,100,0.0,0.012288071680814028,0.007889814287677602,0.0076590857355984645,0.01280066828639122,0.0,1.0,0.03912891892296894,16,8,0.2,2500,fast_ICA,iid,False,5
15,8,8001,26,260001,True,1,False,100,0.0,0.1171188410371542,0.025083761600325563,0.022501632457567637,0.05089781933257818,0.17649290161848308,0.9845461985810176,0.03498438991278613,16,8,0.2,2500,fast_ICA,iid,False,5
16,7,7001,5,50001,True,0,False,100,0.0,0.018071656115353107,0.007708319073912729,0.007503758529856328,0.0112565180798774,0.0,1.0,0.039512981519917126,16,8,0.2,2500,fast_ICA,iid,False,5
16,7,7001,10,100001,True,0,False,100,0.0,0.0179029768332839,0.007354510350566937,0.007022067314299056,0.011311622072598216,0.0,1.0,0.03973127326238583,16,8,0.2,2500,fast_ICA,iid,False,5
16,7,7001,14,140001,True,0,False,100,0.0,0.017235470935702324,0.007599279216756857,0.00738469449002156,0.010998210238585103,0.0,1.0,0.03991909028167863,16,8,0.2,2500,fast_ICA,iid,False,5
16,7,7001,24,240001,True,0,False,100,0.0,0.015088433865457773,0.007331369548585508,0.007032285324061036,0.011332682776526255,0.0,1.0,0.039769818750869476,16,8,0.2,2500,fast_ICA,iid,False,5
16,8,8001,2,20001,True,0,False,100,0.0,0.013304595835506916,0.007166809456255071,0.007002504063625793,0.009506170452730242,0.0,1.0,0.0396305051674598,16,8,0.2,2500,fast_ICA,iid,False,5
16,3,3001,1,10001,True,0,False,100,0.0,0.03222957672551274,0.007643599800141566,0.007319815548496912,0.011123103581137996,0.0,1.0,0.03973971764840156,16,8,0.2,2500,fast_ICA,iid,False,5
16,9,9001,28,280001,True,0,False,100,0.0,0.0027763028629124165,0.007453656453001755,0.007149729502957039,0.011332723177803301,0.0,1.0,0.039793647787698054,16,8,0.2,2500,fast_ICA,iid,False,5
16,4,4001,12,120001,True,0,False,100,0.0,0.03875664621591568,0.007807277053910651,0.0075696405467465915,0.010580777469435653,0.0,1.0,0.0397816377673239,16,8,0.2,2500,fast_ICA,iid,False,5
16,8,8001,10,100001,True,0,False,100,0.0,0.0028161718510091305,0.007417810997747156,0.007122011986797915,0.013096764533160967,0.0,1.0,0.03942350392330796,16,8,0.2,2500,fast_ICA,iid,False,5
16,6,6001,22,220001,True,0,False,100,0.0,0.012919349130243063,0.006527892370211785,0.0063786387843709005,0.0090335838438091,0.0,1.0,0.03974321700697025,16,8,0.2,2500,fast_ICA,iid,False,5
16,1,1001,26,260001,True,0,False,100,0.0,0.08278570789843798,0.007548498761300797,0.007309832483056172,0.012145542927334732,0.0,1.0,0.03953544363241328,16,8,0.2,2500,fast_ICA,iid,False,5
16,7,7001,22,220001,True,0,False,100,0.0,0.017807108350098133,0.007886042191581304,0.00755627571017153,0.011510692615663998,0.0,1.0,0.03962149529735706,16,8,0.2,2500,fast_ICA,iid,False,5
16,8,8001,8,80001,True,0,False,100,0.0,0.0134543152526021,0.0075473464862879066,0.00714048688080695,0.011904913657537944,0.0,1.0,0.039519331192922925,16,8,0.2,2500,fast_ICA,iid,False,5
16,6,6001,16,160001,True,0,False,100,0.0,0.022539878264069557,0.007267166553299698,0.007154373964813932,0.009641174283072096,0.0,1.0,0.039799093767397875,16,8,0.2,2500,fast_ICA,iid,False,5
16,9,9001,27,270001,True,0,False,100,0.0,0.004339851904660463,0.006878551190376366,0.006637295739621481,0.010698755597262482,0.0,1.0,0.03961054996450202,16,8,0.2,2500,fast_ICA,iid,False,5
16,8,8001,22,220001,True,0,False,100,0.0,0.012919499073177576,0.007303804929649132,0.006971173682323861,0.010403970303244319,0.0,1.0,0.039686597932817834,16,8,0.2,2500,fast_ICA,iid,False,5
16,8,8001,17,170001,True,0,False,100,0.0,0.013980261981487274,0.007804611343368534,0.007516049546549905,0.0113712366097456,0.0,1.0,0.04009579869651705,16,8,0.2,2500,fast_ICA,iid,False,5
16,8,8001,29,290001,True,0,False,100,0.0,0.011795696336776018,0.007180360992547162,0.006919094302839154,0.011039118603051007,0.0,1.0,0.039823153073624634,16,8,0.2,2500,fast_ICA,iid,False,5
16,8,8001,6,60001,True,0,False,100,0.0,0.01576064107939601,0.007181708906636587,0.0070473071744191484,0.009654014638921696,0.0,1.0,0.03951354315155329,16,8,0.2,2500,fast_ICA,iid,False,5
16,9,9001,25,250001,True,0,False,100,0.0,0.006683877669274807,0.007577216452663377,0.007340840843781122,0.011932005489002223,0.0,1.0,0.03963191753246431,16,8,0.2,2500,fast_ICA,iid,False,5
16,6,6001,18,180001,True,0,False,100,0.0,0.002936210948973894,0.008193590807980381,0.008019274434671007,0.01012732251500672,0.0,1.0,0.040785580204174846,16,8,0.2,2500,fast_ICA,iid,False,5
16,5,5001,28,280001,True,0,False,100,0.0,0.03615605225786567,0.007054471697625575,0.0067850488199170614,0.010188096762153605,0.0,1.0,0.03921291852837344,16,8,0.2,2500,fast_ICA,iid,False,5
16,7,7001,4,40001,True,0,False,100,0.0,0.016360227018594742,0.007826315620617166,0.007504514628156994,0.012102105555046662,0.0,1.0,0.03995373298671029,16,8,0.2,2500,fast_ICA,iid,False,5
16,9,9001,3,30001,True,0,False,100,0.0,0.011531306896358728,0.0067451302015126705,0.006477325349387349,0.009516662211660662,0.0,1.0,0.039348633924372406,16,8,0.2,2500,fast_ICA,iid,False,5
14,9,9001,26,260001,True,6,False,100,0.08485836034662095,0.25025131180882454,0.039644369071066776,0.037124068308882506,0.0645747625407203,0.18449239550720137,0.983205179708523,0.029676625737982392,16,8,0.2,2500,fast_ICA,iid,False,5
16,9,9001,15,150001,True,0,False,100,0.0,0.008152768015861511,0.007671431453017753,0.007407470639085548,0.011089976344815362,0.0,1.0,0.03902798224216238,16,8,0.2,2500,fast_ICA,iid,False,5
16,8,8001,24,240001,True,0,False,100,0.0,0.014375369995832443,0.007895353316916851,0.0075292322321407635,0.012315968462629806,0.0,1.0,0.0395693531585581,16,8,0.2,2500,fast_ICA,iid,False,5
16,8,8001,11,110001,True,0,False,100,0.0,0.0026935329660773277,0.007635904877666052,0.00747609696580371,0.010703366031443099,0.0,1.0,0.0395145978450729,16,8,0.2,2500,fast_ICA,iid,False,5
16,7,7001,15,150001,True,0,False,100,0.0,0.013228516094386578,0.0073514765553397005,0.007131505651172468,0.011775737463002183,0.0,1.0,0.03997951830319006,16,8,0.2,2500,fast_ICA,iid,False,5
16,9,9001,24,240001,True,0,False,100,0.0,0.00555678503587842,0.007121445928305001,0.006895844927727032,0.010971097749959602,0.0,1.0,0.03986442159648344,16,8,0.2,2500,fast_ICA,iid,False,5
16,8,8001,25,250001,True,0,False,100,0.0,0.015172894112765789,0.007093560441502862,0.006905271678794094,0.009756980519182546,0.0,1.0,0.03926198596349147,16,8,0.2,2500,fast_ICA,iid,False,5
16,6,6001,25,250001,True,0,False,100,0.0,0.02426534704864025,0.0068847382553232665,0.006679829266756995,0.009517164098484103,0.0,1.0,0.04029388001405896,16,8,0.2,2500,fast_ICA,iid,False,5
16,8,8001,28,280001,True,0,False,100,0.0,0.014949046075344086,0.006645055207209961,0.006405970315231312,0.010083225608182441,0.0,1.0,0.03943591347744992,16,8,0.2,2500,fast_ICA,iid,False,5
16,9,9001,2,20001,True,0,False,100,0.0,0.013932103291153908,0.00718748088789527,0.006950676348451793,0.010219277297141246,0.0,1.0,0.039223210346806134,16,8,0.2,2500,fast_ICA,iid,False,5
16,9,9001,9,90001,True,0,False,100,0.0,0.010685532819479704,0.007341921408159435,0.007015275058591807,0.012068873199818916,0.0,1.0,0.03930700446905484,16,8,0.2,2500,fast_ICA,iid,False,5
16,9,9001,13,130001,True,0,False,100,0.0,0.011280898936092854,0.008197287764754053,0.008047227811654819,0.011706889152476757,0.0,1.0,0.03994059079702026,16,8,0.2,2500,fast_ICA,iid,False,5
16,9,9001,7,70001,True,0,False,100,0.0,0.012965938076376915,0.007855944641257087,0.007536978185123431,0.011676812835183478,0.0,1.0,0.03976991426577524,16,8,0.2,2500,fast_ICA,iid,False,5
16,9,9001,11,110001,True,0,False,100,0.0,0.012052074074745178,0.008581844041438982,0.008305104138685748,0.012365727517646814,0.0,1.0,0.03951600142714126,16,8,0.2,2500,fast_ICA,iid,False,5
16,9,9001,8,80001,True,0,False,100,0.0,0.01317109726369381,0.007600698699476168,0.007405413132521786,0.012128928033569441,0.0,1.0,0.04019567561470693,16,8,0.2,2500,fast_ICA,iid,False,5
16,7,7001,11,110001,True,0,False,100,0.0,0.02523975120857358,0.0075812831655677594,0.007371213105991425,0.011310972134270974,0.0,1.0,0.03946919648405566,16,8,0.2,2500,fast_ICA,iid,False,5
16,8,8001,13,130001,True,0,False,100,0.0,0.019203599076718092,0.007012986695137356,0.0065932134748954915,0.01228542597423526,0.0,1.0,0.03963821537322821,16,8,0.2,2500,fast_ICA,iid,False,5
16,9,9001,10,100001,True,0,False,100,0.0,0.014219270087778568,0.007709908561597162,0.007512806829019747,0.01018356918101259,0.0,1.0,0.04029557852131491,16,8,0.2,2500,fast_ICA,iid,False,5
16,8,8001,14,140001,True,0,False,100,0.0,0.01357746496796608,0.008021625997179795,0.007644331334243786,0.011593637935102614,0.0,1.0,0.039442813051591814,16,8,0.2,2500,fast_ICA,iid,False,5
15,7,7001,22,220001,True,1,False,100,0.0,0.15346469217911363,0.027551358144013324,0.023465143818528555,0.05479894155166395,0.18302013332943237,0.9834135522227366,0.03481844593622782,16,8,0.2,2500,fast_ICA,iid,False,5
16,8,8001,3,30001,True,0,False,100,0.0,0.02672221092507243,0.007773584891042747,0.007461726487220818,0.011824875039820364,0.0,1.0,0.03921827881681645,16,8,0.2,2500,fast_ICA,iid,False,5
16,7,7001,18,180001,True,0,False,100,0.0,0.02422317722812295,0.008009604480474114,0.007862460023239275,0.010533459744914387,0.0,1.0,0.0404091932431503,16,8,0.2,2500,fast_ICA,iid,False,5
16,7,7001,7,70001,True,0,False,100,0.0,0.0323002259247005,0.007899756218403638,0.007682742026781952,0.012554084987814256,0.0,1.0,0.03952476382887351,16,8,0.2,2500,fast_ICA,iid,False,5
16,8,8001,19,190001,True,0,False,100,0.0,0.019572746008634567,0.007666974723013396,0.007465167466809771,0.012963992615445438,0.0,1.0,0.03957001389767244,16,8,0.2,2500,fast_ICA,iid,False,5
16,6,6001,27,270001,True,0,False,100,0.0,0.022367418743669987,0.0066618220815478964,0.006535538528497628,0.00947714791617353,0.0,1.0,0.039451213145869864,16,8,0.2,2500,fast_ICA,iid,False,5
16,9,9001,20,200001,True,0,False,100,0.0,0.01358709391206503,0.006992012604126079,0.006795875028791628,0.009557009622877744,0.0,1.0,0.04041875217119087,16,8,0.2,2500,fast_ICA,iid,False,5
16,8,8001,20,200001,True,0,False,100,0.0,0.027338198386132717,0.007641667271661636,0.007374596514090858,0.011344069311277892,0.0,1.0,0.03944542554769638,16,8,0.2,2500,fast_ICA,iid,False,5
16,9,9001,4,40001,True,0,False,100,0.0,0.01663966476917267,0.00757387868397356,0.007367856834246001,0.010095679231765615,0.0,1.0,0.039222919022085065,16,8,0.2,2500,fast_ICA,iid,False,5
16,5,5001,24,240001,True,0,False,100,0.0,0.04007594706490636,0.006502922399637079,0.006215104517064584,0.011106656537548547,0.0,1.0,0.04009254346498072,16,8,0.2,2500,fast_ICA,iid,False,5
16,8,8001,21,210001,True,0,False,100,0.0,0.020093942992389202,0.0071050444601708515,0.006963588694035911,0.00992591661585435,0.0,1.0,0.03969564741226644,16,8,0.2,2500,fast_ICA,iid,False,5
16,2,2001,6,60001,True,0,False,100,0.0,0.08263365784659982,0.007099493855635907,0.0069848038790024155,0.009238787236387906,0.0,1.0,0.04038279324139279,16,8,0.2,2500,fast_ICA,iid,False,5
16,7,7001,19,190001,True,0,False,100,0.0,0.02716624876484275,0.006641072206941851,0.006350165155376253,0.01163570701154108,0.0,1.0,0.03988206159862519,16,8,0.2,2500,fast_ICA,iid,False,5
16,7,7001,2,20001,True,0,False,100,0.0,0.01777956774458289,0.008253719857109385,0.008123893840099447,0.01071905792003432,0.0,1.0,0.039488805521876995,16,8,0.2,2500,fast_ICA,iid,False,5
16,7,7001,3,30001,True,0,False,100,0.0,0.029544482938945293,0.0073959870483908535,0.007161955798800171,0.010098359549507413,0.0,1.0,0.038476130188420755,16,8,0.2,2500,fast_ICA,iid,False,5
16,2,2001,24,240001,True,0,False,100,0.0,0.0669420980848372,0.007827185591444586,0.007617443706225715,0.01154485338287297,0.0,1.0,0.03951798564431431,16,8,0.2,2500,fast_ICA,iid,False,5
16,8,8001,16,160001,True,0,False,100,0.0,0.021887922193855047,0.006772343104463016,0.006620157997805347,0.0089060947112653,0.0,1.0,0.03942924257465447,16,8,0.2,2500,fast_ICA,iid,False,5
16,9,9001,19,190001,True,0,False,100,0.0,0.009292531292885542,0.00855735102293395,0.008212874804698676,0.014080105229433914,0.0,1.0,0.03932052794998246,16,8,0.2,2500,fast_ICA,iid,False,5
16,5,5001,29,290001,True,0,False,100,0.0,0.04318466782569885,0.007065883354168354,0.006717866962437584,0.012069701742817894,0.0,1.0,0.040028491662796456,16,8,0.2,2500,fast_ICA,iid,False,5
16,9,9001,29,290001,True,0,False,100,0.0,0.013176536653190851,0.008056037751154004,0.007809639558289379,0.013181983415383998,0.0,1.0,0.04010496177256899,16,8,0.2,2500,fast_ICA,iid,False,5
16,8,8001,15,150001,True,0,False,100,0.0,0.022179410327225924,0.00704126190528743,0.006822143565793265,0.009482069023622797,0.0,1.0,0.040172615305656086,16,8,0.2,2500,fast_ICA,iid,False,5
16,9,9001,18,180001,True,0,False,100,0.0,0.01593712903559208,0.006952015288926129,0.006687592931753895,0.010063066706402099,0.0,1.0,0.0386341257295122,16,8,0.2,2500,fast_ICA,iid,False,5
16,9,9001,26,260001,True,0,False,100,0.0,0.01405611215159297,0.008356246193757896,0.00821887969504034,0.01073674068678627,0.0,1.0,0.039320399468589846,16,8,0.2,2500,fast_ICA,iid,False,5
16,8,8001,4,40001,True,0,False,100,0.0,0.01827089488506317,0.008342719344573653,0.008062083349872549,0.01193371299694436,0.0,1.0,0.03899977212349661,16,8,0.2,2500,fast_ICA,iid,False,5
16,4,4001,20,200001,True,0,False,100,0.0,0.051911863032728434,0.008144796130597987,0.0077399281194997305,0.011658287979897255,0.0,1.0,0.04005688341784902,16,8,0.2,2500,fast_ICA,iid,False,5
16,6,6001,9,90001,True,0,False,100,0.0,0.042486502323299646,0.0072734591412171295,0.006989838845683019,0.011732573202609713,0.0,1.0,0.04032719398011832,16,8,0.2,2500,fast_ICA,iid,False,5
16,9,9001,1,10001,True,0,False,100,0.0,0.022216408979147673,0.0075737141812220144,0.007368936320669301,0.010515349205666182,0.0,1.0,0.03972424141601737,16,8,0.2,2500,fast_ICA,iid,False,5
16,8,8001,1,10001,True,0,False,100,0.0,0.032067127991467714,0.00793474012766997,0.007765840946842634,0.010408924652090198,0.0,1.0,0.03941800680656593,16,8,0.2,2500,fast_ICA,iid,False,5
16,7,7001,26,260001,True,0,False,100,0.0,0.028860008344054222,0.007348348440841411,0.007081108507813471,0.010555174830950764,0.0,1.0,0.04013298611642806,16,8,0.2,2500,fast_ICA,iid,False,5
16,4,4001,11,110001,True,0,False,100,0.0,0.05713671026751399,0.008020017847024908,0.0077857696197611275,0.011304867931763806,0.0,1.0,0.039925785953237494,16,8,0.2,2500,fast_ICA,iid,False,5
16,9,9001,5,50001,True,0,False,100,0.0,0.01596670038998127,0.006789699148878147,0.006637453035861679,0.00923516244912779,0.0,1.0,0.03994666319579517,16,8,0.2,2500,fast_ICA,iid,False,5
16,9,9001,14,140001,True,0,False,100,0.0,0.013713693246245384,0.008058748524406523,0.007902702881627971,0.010667243882363482,0.0,1.0,0.03985484245551266,16,8,0.2,2500,fast_ICA,iid,False,5
16,9,9001,0,1,True,0,False,100,0.0,0.01736976020038128,0.0077375646383230036,0.007550247476906969,0.011438324687417708,0.0,1.0,0.039989690192407806,16,8,0.2,2500,fast_ICA,iid,False,5
16,8,8001,26,260001,True,0,False,100,0.0,0.01681430358439684,0.007762123554239422,0.007550575632727908,0.011906321810550433,0.0,1.0,0.03984222231927326,16,8,0.2,2500,fast_ICA,iid,False,5
16,4,4001,14,140001,True,0,False,100,0.0,0.06477054161950946,0.006989596638987395,0.006829296914237304,0.00944904909645288,0.0,1.0,0.039506805935363105,16,8,0.2,2500,fast_ICA,iid,False,5
16,7,7001,27,270001,True,0,False,100,0.0,0.02308126399293542,0.007342891313260759,0.007045019879768653,0.010353733403353495,0.0,1.0,0.039909425228627005,16,8,0.2,2500,fast_ICA,iid,False,5
16,7,7001,29,290001,True,0,False,100,0.0,0.026467871852219105,0.007040861222302331,0.006876736710085648,0.009948702068187832,0.0,1.0,0.03987302613269746,16,8,0.2,2500,fast_ICA,iid,False,5
16,8,8001,27,270001,True,0,False,100,0.0,0.030649405904114246,0.007441017109047208,0.0070560754763443366,0.012129466341499725,0.0,1.0,0.039874403566857015,16,8,0.2,2500,fast_ICA,iid,False,5
16,7,7001,12,120001,True,0,False,100,0.0,0.0367824980057776,0.007573851172163038,0.007228856027188699,0.011658868145179479,0.0,1.0,0.03929729763115396,16,8,0.2,2500,fast_ICA,iid,False,5
16,6,6001,19,190001,True,0,False,100,0.0,0.030607945751398802,0.006847585764604525,0.006622522974131327,0.010089697481571874,0.0,1.0,0.03935785191671879,16,8,0.2,2500,fast_ICA,iid,False,5
16,8,8001,9,90001,True,0,False,100,0.0,0.02168715326115489,0.007603914091219692,0.007393250546042163,0.010937596828078454,0.0,1.0,0.039222458805971305,16,8,0.2,2500,fast_ICA,iid,False,5
16,7,7001,0,1,True,0,False,100,0.0,0.04083226202055812,0.007546814254134629,0.007308748680951418,0.010490272388959438,0.0,1.0,0.03965698892492179,16,8,0.2,2500,fast_ICA,iid,False,5
16,9,9001,16,160001,True,0,False,100,0.0,0.022699497174471617,0.00677565739849867,0.006704940473873537,0.008177602758328214,0.0,1.0,0.03975035858911033,16,8,0.2,2500,fast_ICA,iid,False,5
16,7,7001,9,90001,True,0,False,100,0.0,0.02970467321574688,0.008218543766246655,0.007956544352283317,0.01124736847116275,0.0,1.0,0.038921781541000004,16,8,0.2,2500,fast_ICA,iid,False,5
16,3,3001,21,210001,True,0,False,100,0.0,0.07351773558184505,0.006954242154100809,0.0066380319765044155,0.012174127383501567,0.0,1.0,0.04009417808753485,16,8,0.2,2500,fast_ICA,iid,False,5
16,9,9001,12,120001,True,0,False,100,0.0,0.022234910167753696,0.007375667290258293,0.007205302231207061,0.00971534771926593,0.0,1.0,0.040097353010392425,16,8,0.2,2500,fast_ICA,iid,False,5
16,9,9001,21,210001,True,0,False,100,0.0,0.02948713395744562,0.006611665401505877,0.006362984609396381,0.010584719774645989,0.0,1.0,0.04036661273391823,16,8,0.2,2500,fast_ICA,iid,False,5
16,8,8001,12,120001,True,0,False,100,0.0,0.04727347195148468,0.006785405028808581,0.006623992509494662,0.008949105014143489,0.0,1.0,0.0397432350625219,16,8,0.2,2500,fast_ICA,iid,False,5
16,8,8001,23,230001,True,0,False,100,0.0,0.03590818401426077,0.006756877686634993,0.006602290696593579,0.008945079070984845,0.0,1.0,0.0396412501790408,16,8,0.2,2500,fast_ICA,iid,False,5
16,9,9001,6,60001,True,0,False,100,0.0,0.02474978379905224,0.008331072966985733,0.008138420040568847,0.0110357227354425,0.0,1.0,0.03951642988740254,16,8,0.2,2500,fast_ICA,iid,False,5
15,4,4001,11,110001,True,1,False,100,0.0,0.24061995185911655,0.022346072506701987,0.019094064375283645,0.04638561221617122,0.1653008361717929,0.986418957592643,0.03462839039730318,16,8,0.2,2500,fast_ICA,iid,False,5
16,9,9001,22,220001,True,0,False,100,0.0,0.02339747315272689,0.008063183182005659,0.007897508903590304,0.011900377695484908,0.0,1.0,0.03918169949216002,16,8,0.2,2500,fast_ICA,iid,False,5
16,7,7001,16,160001,True,0,False,100,0.0,0.05731810815632343,0.007253854146061878,0.0070859634570025675,0.010817612568279256,0.0,1.0,0.03965421676744776,16,8,0.2,2500,fast_ICA,iid,False,5
16,9,9001,23,230001,True,0,False,100,0.0,0.043933442793786526,0.006777756401550083,0.006595225132633475,0.01058708325392334,0.0,1.0,0.03965312432513001,16,8,0.2,2500,fast_ICA,iid,False,5
16,6,6001,24,240001,True,0,False,100,0.0,0.061866949778050184,0.007292428269897093,0.007040355701319469,0.010518729921613306,0.0,1.0,0.03950934860635092,16,8,0.2,2500,fast_ICA,iid,False,5
16,5,5001,13,130001,True,0,False,100,0.0,0.0802311128936708,0.00761499180425882,0.00725984722716724,0.01314299942007586,0.0,1.0,0.0395999025784768,16,8,0.2,2500,fast_ICA,iid,False,5
16,1,1001,29,290001,True,0,False,100,0.0,0.13123885169625282,0.008116371490018384,0.007909291607471041,0.010556491343560771,0.0,1.0,0.040120254066873653,16,8,0.2,2500,fast_ICA,iid,False,5
15,7,7001,11,110001,True,1,False,100,0.0,0.21045291190966964,0.021044603980224178,0.01820403333878401,0.045508038546817016,0.16408596500733427,0.9867059006815513,0.03460002280406337,16,8,0.2,2500,fast_ICA,iid,False,5
16,1,1001,20,200001,True,0,False,100,0.0,0.15098588773980737,0.008357400172206679,0.00810130576601288,0.010567603951846853,0.0,1.0,0.03904125295581203,16,8,0.2,2500,fast_ICA,iid,False,5
16,9,9001,17,170001,True,0,False,100,0.0,0.07358587626367807,0.007521512001607996,0.007347184098181445,0.010011901491013928,0.0,1.0,0.039432898319954765,16,8,0.2,2500,fast_ICA,iid,False,5
16,3,3001,16,160001,True,0,False,100,0.0,0.12732007633894682,0.007717316622144077,0.007538152995407067,0.009914602554274744,0.0,1.0,0.03931582787207684,16,8,0.2,2500,fast_ICA,iid,False,5
16,4,4001,23,230001,True,0,False,100,0.0,0.12020220095291734,0.0068524924711578636,0.006539556165044981,0.00998876685519964,0.0,1.0,0.03948083948440255,16,8,0.2,2500,fast_ICA,iid,False,5
16,2,2001,12,120001,True,0,False,100,0.0,0.14379389211535454,0.00752729257651403,0.007240551342963129,0.012654411629335205,0.0,1.0,0.039466499148724445,16,8,0.2,2500,fast_ICA,iid,False,5
16,1,1001,19,190001,True,0,False,100,0.0,0.16699856705963612,0.006885791142931928,0.00655598968082843,0.012384013928165152,0.0,1.0,0.04016611472501196,16,8,0.2,2500,fast_ICA,iid,False,5
16,5,5001,6,60001,True,0,False,100,0.0,0.12235115794464946,0.00741657853088427,0.00728047160449608,0.009149580839857637,0.0,1.0,0.03889068370316435,16,8,0.2,2500,fast_ICA,iid,False,5
16,6,6001,23,230001,True,0,False,100,0.0,0.10856600478291512,0.007308421109687723,0.006938806016039289,0.011975873550571822,0.0,1.0,0.040607149522730195,16,8,0.2,2500,fast_ICA,iid,False,5
16,3,3001,24,240001,True,0,False,100,0.0,0.13834401685744524,0.007348392494314551,0.006964268702848832,0.011178545053652669,0.0,1.0,0.0401124460422541,16,8,0.2,2500,fast_ICA,iid,False,5
15,9,9001,16,160001,True,1,False,100,0.0,0.20430062199011445,0.018916426432096626,0.015481733283217478,0.04882408192856407,0.15788227985096903,0.9876072274842678,0.0348659859631171,16,8,0.2,2500,fast_ICA,iid,False,5
16,5,5001,12,120001,True,0,False,100,0.0,0.12958686333149672,0.007012032475008538,0.006766424967065096,0.00966026706027205,0.0,1.0,0.04016183511492404,16,8,0.2,2500,fast_ICA,iid,False,5
15,9,9001,21,210001,True,1,False,100,0.0,0.21207190304994583,0.01773116964068253,0.015340759730673906,0.03176891869545902,0.1576391490458359,0.9876990895609992,0.034967103441182215,16,8,0.2,2500,fast_ICA,iid,False,5
