n_known_src,init,init_seed,init_data,data_seed,converged,convergence_iteration,normalize_A,sn_ratio,Au_coherence,elapsed,A_err,A_err_angle_mean,A_err_angle_max,S_err_MSE,S_err_MCC,X_err,nsrc,nobs,sd_err,nreps,method,err_correlation_type,whiten_data,mu
0,2,2001,23,230001,True,97,False,100,0.7131776200290234,4.083592945244163,0.5584351057990679,0.5707146614685505,0.9449333300398616,0.8511647434116298,0.6864497209263439,0.00018076266721358603,11,8,0.16583123951776998,2500,OLS_iid,iid,False,5
0,3,3001,22,220001,True,93,False,100,0.7067767475795607,4.281869983300567,0.6280578877038818,0.6724729742692305,0.9999239272903688,1.1934728080341603,0.475858255029538,0.00026428980157241556,11,8,0.16583123951776998,2500,OLS_iid,iid,False,5
0,0,1,9,90001,True,100,False,100,0.8592656279146536,4.591789483092725,0.6743299823244178,0.7430583371076103,0.849342026805919,1.0936662991525836,0.5741510015539324,0.00017991987497153927,11,8,0.16583123951776998,2500,OLS_iid,iid,False,5
0,1,1001,22,220001,True,95,False,100,0.7067767475795607,4.492325700819492,0.6728489165670938,0.7380175636529532,1.1055910421560178,1.2641368016812338,0.46258691397617463,0.00024303543943776854,11,8,0.16583123951776998,2500,OLS_iid,iid,False,5
0,2,2001,16,160001,True,95,False,100,0.7025495684789527,4.515747795812786,0.6404665047267055,0.6998253715101561,1.2192541912244776,1.183560988457337,0.6000473126081933,0.0002445722644251061,11,8,0.16583123951776998,2500,OLS_iid,iid,False,5
0,0,1,5,50001,True,108,False,100,0.7709298441133979,4.763629476074129,0.5394440822530673,0.5492701639505099,1.0331229773552493,0.9730583952249648,0.6172520894181073,7.562286204771177e-05,11,8,0.16583123951776998,2500,OLS_iid,iid,False,5
0,0,1,23,230001,True,105,False,100,0.7131776200290234,4.749002852942795,0.6241840806343538,0.6763081402405482,1.065231262860281,1.193090444612984,0.5485156299075628,0.0001488717714933387,11,8,0.16583123951776998,2500,OLS_iid,iid,False,5
0,2,2001,3,30001,True,103,False,100,0.6722504785448492,4.64684501895681,0.6077963814607065,0.6309887969530231,0.884817955914023,0.964746664864374,0.5826747449851747,0.00015858481986512493,11,8,0.16583123951776998,2500,OLS_iid,iid,False,5
0,2,2001,19,190001,True,103,False,100,0.8621175656744737,4.6834385469555855,0.5899950739501217,0.6186428763162614,1.0131148728791728,0.9498732818624597,0.5625371011139771,0.00010217974215135746,11,8,0.16583123951776998,2500,OLS_iid,iid,False,5
0,2,2001,10,100001,True,100,False,100,0.8147646203361788,4.718976460862905,0.6475081302703447,0.7025889511809672,1.116404494898305,1.0682551627961245,0.562850115819549,0.00022864484391750444,11,8,0.16583123951776998,2500,OLS_iid,iid,False,5
0,2,2001,25,250001,True,98,False,100,0.7683657815340796,4.690371550619602,0.606796335947323,0.6445891906984561,1.0375167781195402,0.950955004073021,0.6176453094061297,0.00017214810987871182,11,8,0.16583123951776998,2500,OLS_iid,iid,False,5
0,2,2001,2,20001,True,107,False,100,0.8223389972643678,4.77006011409685,0.6534018742046966,0.7084313617885125,1.0335140479966647,1.1225598453156338,0.5043698695332363,0.00013271533901944058,11,8,0.16583123951776998,2500,OLS_iid,iid,False,5
0,3,3001,9,90001,True,98,False,100,0.8592656279146536,4.665446505881846,0.617046101428666,0.6504420724936464,0.9604092954239367,0.9881390927324997,0.6327956326954319,0.0001941216351864119,11,8,0.16583123951776998,2500,OLS_iid,iid,False,5
0,0,1,22,220001,True,99,False,100,0.7067767475795607,4.870055741630495,0.6321678865136774,0.6789471760742507,0.9282870144957978,1.1226366616108718,0.46637669808074766,0.0002433062281774493,11,8,0.16583123951776998,2500,OLS_iid,iid,False,5
0,2,2001,28,280001,True,109,False,100,0.7729573413135521,4.7584934597834945,0.562533986084192,0.5859994903243348,0.8361158009382476,1.011759856849938,0.5696289052990668,0.00014463622575061489,11,8,0.16583123951776998,2500,OLS_iid,iid,False,5
0,2,2001,9,90001,True,100,False,100,0.8592656279146536,4.796971704810858,0.6551217631523916,0.7080985003226498,0.9997248035530533,1.0901458376148894,0.5274989140854884,0.00017849869736981242,11,8,0.16583123951776998,2500,OLS_iid,iid,False,5
0,3,3001,3,30001,True,97,False,100,0.6722504785448492,4.752019093371928,0.694331724212428,0.7581926955627961,1.0037234475486756,1.1252048509309234,0.5426673173382146,0.00019266021369357297,11,8,0.16583123951776998,2500,OLS_iid,iid,False,5
0,4,4001,4,40001,True,94,False,100,0.6770985876792917,4.647387194912881,0.6131149114117342,0.6549311944733177,1.1835006139828617,1.1419639895659104,0.5359558483245528,0.0002542963543369566,11,8,0.16583123951776998,2500,OLS_iid,iid,False,5
0,2,2001,15,150001,True,98,False,100,0.6466714203305812,4.815359483007342,0.6143204923281846,0.6445687146068808,1.2789421118921156,1.2082670180156396,0.554853306300123,0.0002004139410156177,11,8,0.16583123951776998,2500,OLS_iid,iid,False,5
0,0,1,25,250001,True,105,False,100,0.7683657815340796,4.967925144359469,0.5733062667113016,0.596780269880377,0.9966292747354066,1.042164613587646,0.5715912092944131,0.0001035771664524707,11,8,0.16583123951776998,2500,OLS_iid,iid,False,5
0,0,1,12,120001,True,106,False,100,0.8034888015081432,5.037446693982929,0.6568471146261204,0.7230422931386367,1.2203069916641294,3.05950409989928,0.5134218337780047,0.0001209631002311538,11,8,0.16583123951776998,2500,OLS_iid,iid,False,5
0,0,1,11,110001,True,106,False,100,0.7717705502713035,5.087538733147085,0.6246898977272722,0.6613301349155578,1.0143152564144535,1.069543394452709,0.5637516134021279,8.856955374164551e-05,11,8,0.16583123951776998,2500,OLS_iid,iid,False,5
0,1,1001,11,110001,True,112,False,100,0.7717705502713035,5.019864301197231,0.6732563121595067,0.7401350325700029,0.9061944461990485,1.1786817227467732,0.4206973716563027,8.076161692353337e-05,11,8,0.16583123951776998,2500,OLS_iid,iid,False,5
0,1,1001,12,120001,True,104,False,100,0.8034888015081432,5.015036021824926,0.6005243485045059,0.6380987624928364,0.8670008145925693,0.9164794726249309,0.6285920285812224,0.0001406765894261993,11,8,0.16583123951776998,2500,OLS_iid,iid,False,5
0,3,3001,11,110001,True,109,False,100,0.7717705502713035,4.897028923034668,0.5810824583057573,0.6120540311238812,0.9446404171617531,1.08194699466537,0.5062219738858798,9.667692526169256e-05,11,8,0.16583123951776998,2500,OLS_iid,iid,False,5
0,1,1001,17,170001,True,105,False,100,0.686127628919957,5.038748505990952,0.582932594564708,0.6092272075132757,1.216704852331291,1.885052546244882,0.6021375194480987,0.00011802136808028996,11,8,0.16583123951776998,2500,OLS_iid,iid,False,5
0,3,3001,7,70001,True,98,False,100,0.6817050683873941,4.922598784789443,0.6776953836662943,0.7391954155070469,1.101321763106291,1.2018992348186126,0.4773310889650228,0.00020362154934689203,11,8,0.16583123951776998,2500,OLS_iid,iid,False,5
0,3,3001,19,190001,True,108,False,100,0.8621175656744737,4.897445470094681,0.6143712319041109,0.6565253094616985,1.0687072564055717,2.461439542764161,0.526958389611321,8.27077007214761e-05,11,8,0.16583123951776998,2500,OLS_iid,iid,False,5
0,2,2001,4,40001,True,93,False,100,0.6770985876792917,5.041002341080457,0.6302234891329156,0.6765207903762915,1.0357863084842969,0.9852152892452014,0.622796485680905,0.00025910122418134745,11,8,0.16583123951776998,2500,OLS_iid,iid,False,5
0,1,1001,15,150001,True,99,False,100,0.6466714203305812,5.080521039199084,0.6551710130563815,0.7163347996482186,1.1092659923460717,1.1045724970879647,0.5580644009219228,0.00021807582921464172,11,8,0.16583123951776998,2500,OLS_iid,iid,False,5
0,0,1,29,290001,True,106,False,100,0.901971745986362,5.15405315393582,0.6458897645097341,0.6974895965705081,1.050711335259293,1.1649258663907114,0.4576906523861702,8.983362076315368e-05,11,8,0.16583123951776998,2500,OLS_iid,iid,False,5
0,2,2001,12,120001,True,105,False,100,0.8034888015081432,5.123527014628053,0.6088137601739458,0.640601340271767,0.9499507804939753,0.9212061862334803,0.627993230418798,0.0001292554197506681,11,8,0.16583123951776998,2500,OLS_iid,iid,False,5
0,3,3001,4,40001,True,107,False,100,0.6770985876792917,5.056200760882348,0.6593911257233119,0.7169977343778936,1.0126145586805642,1.0750798089045477,0.5500022866966958,0.000158470080845879,11,8,0.16583123951776998,2500,OLS_iid,iid,False,5
0,2,2001,5,50001,True,107,False,100,0.7709298441133979,5.138290356844664,0.6354934536267344,0.675018072757111,1.0416400250235471,0.96262775011527,0.6341083784601806,7.067344625090826e-05,11,8,0.16583123951776998,2500,OLS_iid,iid,False,5
0,1,1001,29,290001,True,105,False,100,0.901971745986362,5.206462206784636,0.5864735957517521,0.6128643258934363,0.8840422705711698,0.9792978310599865,0.619088663181312,9.458943216896038e-05,11,8,0.16583123951776998,2500,OLS_iid,iid,False,5
0,0,1,14,140001,True,104,False,100,0.7433479507689166,5.331187741365284,0.5576037342589915,0.5702593048073731,0.8663703711420021,0.9295250999702911,0.6205555895785948,0.0001678951724708494,11,8,0.16583123951776998,2500,OLS_iid,iid,False,5
0,4,4001,3,30001,True,98,False,100,0.6722504785448492,5.014294248074293,0.669782591512935,0.7326240117928179,0.9380185482077056,1.0274288040087616,0.5667653225814253,0.0002056862793066008,11,8,0.16583123951776998,2500,OLS_iid,iid,False,5
0,1,1001,16,160001,True,98,False,100,0.7025495684789527,5.255155284889042,0.5197665808506046,0.5139596256210536,1.012512062232759,0.8188283124948456,0.68232567642872,0.00020901353208450723,11,8,0.16583123951776998,2500,OLS_iid,iid,False,5
0,1,1001,19,190001,True,109,False,100,0.8621175656744737,5.301097349729389,0.6714146284713762,0.7371672592659887,0.9379663778250522,1.1373230529162213,0.454013821546311,8.836365162877432e-05,11,8,0.16583123951776998,2500,OLS_iid,iid,False,5
0,0,1,18,180001,True,99,False,100,0.7057171016948187,5.400275924243033,0.5966918222099199,0.6259628423937837,1.1272982466660717,0.9420847948976856,0.6553822624627087,0.0002061705588809024,11,8,0.16583123951776998,2500,OLS_iid,iid,False,5
0,2,2001,14,140001,True,103,False,100,0.7433479507689166,5.28632143791765,0.6006056778479981,0.6306582455954831,1.0487379936690062,0.9859357168576359,0.628829879135177,0.00020820153299563193,11,8,0.16583123951776998,2500,OLS_iid,iid,False,5
0,2,2001,11,110001,True,107,False,100,0.7717705502713035,5.2947492129169405,0.5624887399686015,0.5812924793835058,0.9148215578303909,0.8964250902323415,0.6593190934370726,8.132246197771995e-05,11,8,0.16583123951776998,2500,OLS_iid,iid,False,5
0,3,3001,17,170001,True,106,False,100,0.686127628919957,5.2251182231120765,0.640159529523971,0.6884277895196829,1.0292262179870408,1.1330100386688484,0.5366787840061893,0.00014096698991626977,11,8,0.16583123951776998,2500,OLS_iid,iid,False,5
0,2,2001,18,180001,True,96,False,100,0.7057171016948187,5.335485793184489,0.6481658113408241,0.7008755127046791,0.9651885581148943,1.002784292302541,0.5961246418845872,0.0002565270751787261,11,8,0.16583123951776998,2500,OLS_iid,iid,False,5
0,0,1,17,170001,True,104,False,100,0.686127628919957,5.484429268166423,0.628380073399664,0.6748435326596608,0.9863105287945119,1.0330851203900895,0.5387219974134564,0.00012445252581956448,11,8,0.16583123951776998,2500,OLS_iid,iid,False,5
0,3,3001,20,200001,True,100,False,100,0.7332719582354899,5.247409365605563,0.6386071091677361,0.684781712291782,1.0503261325775042,1.098365621690338,0.522981445162995,0.000167137066167158,11,8,0.16583123951776998,2500,OLS_iid,iid,False,5
0,4,4001,5,50001,True,112,False,100,0.7709298441133979,5.192481209058315,0.5985117976524932,0.6239349004150471,0.9620031474967315,1.0383018667591255,0.5456153567261814,6.203973684867744e-05,11,8,0.16583123951776998,2500,OLS_iid,iid,False,5
0,3,3001,6,60001,True,111,False,100,0.7271209013490594,5.297380065079778,0.5799235535305202,0.6045822397385776,0.808284493868354,0.9041346635495326,0.6316299871626273,9.271159252239314e-05,11,8,0.16583123951776998,2500,OLS_iid,iid,False,5
0,2,2001,6,60001,True,107,False,100,0.7271209013490594,5.392565904650837,0.5683989749366724,0.5894046364529119,0.900505168339833,1.0350243355295576,0.5674155536827276,9.332330003176857e-05,11,8,0.16583123951776998,2500,OLS_iid,iid,False,5
0,1,1001,9,90001,True,104,False,100,0.8592656279146536,5.48813676321879,0.6445876389064478,0.6937366987412786,0.9332175088447062,1.1002107000206853,0.5346291384030829,0.00016429925667386672,11,8,0.16583123951776998,2500,OLS_iid,iid,False,5
0,2,2001,20,200001,True,104,False,100,0.7332719582354899,5.410374036990106,0.6518831601909042,0.7019260282809483,0.9878963481602328,1.0580720185115793,0.5693376899500432,0.00014104010736273626,11,8,0.16583123951776998,2500,OLS_iid,iid,False,5
0,0,1,28,280001,True,106,False,100,0.7729573413135521,5.533807822037488,0.6146985765774554,0.6535241928203797,1.0001810072071544,1.2090362998692545,0.48586704041969847,0.00014400163133077644,11,8,0.16583123951776998,2500,OLS_iid,iid,False,5
0,3,3001,18,180001,True,102,False,100,0.7057171016948187,5.360671736765653,0.5992613783254577,0.6346295627433409,0.8940728820897785,0.958607608245589,0.59711570484623,0.00019822293351363677,11,8,0.16583123951776998,2500,OLS_iid,iid,False,5
0,2,2001,7,70001,True,110,False,100,0.6817050683873941,5.489794353023171,0.6340763294316347,0.6802214579267566,0.9221853867703899,1.000777379318167,0.5682229311376865,0.000130112756449777,11,8,0.16583123951776998,2500,OLS_iid,iid,False,5
0,3,3001,0,1,True,110,False,100,0.7559997774127204,5.444304002914578,0.6406993851908486,0.6924305471947808,1.1110430188639855,1.2155222479261862,0.4659195014338589,0.00011010443747744202,11,8,0.16583123951776998,2500,OLS_iid,iid,False,5
0,2,2001,29,290001,True,104,False,100,0.901971745986362,5.452242490835488,0.4957024588822304,0.4891694816561092,0.8444090414003992,0.8097784580362806,0.6749039556343579,8.748060428203631e-05,11,8,0.16583123951776998,2500,OLS_iid,iid,False,5
0,1,1001,25,250001,True,109,False,100,0.7683657815340796,5.538341390900314,0.6345860333178283,0.6802693856553549,0.9887542082728953,1.0133172973874571,0.5879829877531815,0.00010636426980173503,11,8,0.16583123951776998,2500,OLS_iid,iid,False,5
0,2,2001,0,1,True,108,False,100,0.7559997774127204,5.533458662685007,0.6511606435057471,0.7069546028340423,0.8925552991201211,1.1583452692377885,0.4606253980258979,9.874532635322562e-05,11,8,0.16583123951776998,2500,OLS_iid,iid,False,5
0,3,3001,12,120001,True,105,False,100,0.8034888015081432,5.431303378660232,0.6222256792048512,0.66484129780189,0.9967809162222063,0.9861917544275243,0.5782399167164276,0.00012829008737098467,11,8,0.16583123951776998,2500,OLS_iid,iid,False,5
0,0,1,19,190001,True,107,False,100,0.8621175656744737,5.6539674159139395,0.5887978650315911,0.6256212322356446,0.8159284093427309,0.9888538791942167,0.5534881081327787,8.368130162248506e-05,11,8,0.16583123951776998,2500,OLS_iid,iid,False,5
0,1,1001,27,270001,True,100,False,100,0.9185182958328538,5.552524556871504,0.594481761323672,0.631009920259186,0.9012014818604217,1.1347208054073297,0.48032668843016296,0.00015121074719666192,11,8,0.16583123951776998,2500,OLS_iid,iid,False,5
0,1,1001,20,200001,True,104,False,100,0.7332719582354899,5.561166340019554,0.5824343088174851,0.6162307266278763,1.1003901652319092,0.8852552360765803,0.6598294537689356,0.00013377571965371212,11,8,0.16583123951776998,2500,OLS_iid,iid,False,5
0,1,1001,13,130001,True,102,False,100,0.718445583337366,5.604658782016486,0.6533733780325178,0.7012553604869476,1.049405430602834,1.1608218204799234,0.5186053322257003,0.00017681904455932123,11,8,0.16583123951776998,2500,OLS_iid,iid,False,5
0,3,3001,26,260001,True,102,False,100,0.7800179477656639,5.468564512208104,0.5807516101191338,0.6024543752692039,0.8803656574991364,0.9047121195716543,0.6162290655579504,0.0001307098339833457,11,8,0.16583123951776998,2500,OLS_iid,iid,False,5
0,1,1001,6,60001,True,105,False,100,0.7271209013490594,5.705393965821713,0.6374928708739261,0.6821374541492596,1.001445618279721,1.151613685407182,0.4528919136803183,0.0001173900963128868,11,8,0.16583123951776998,2500,OLS_iid,iid,False,5
0,2,2001,26,260001,True,111,False,100,0.7800179477656639,5.613115735817701,0.5193379058930724,0.5318460971531647,0.8196927520455306,0.9130203919804925,0.6190320815637524,9.390360408024503e-05,11,8,0.16583123951776998,2500,OLS_iid,iid,False,5
0,3,3001,29,290001,True,105,False,100,0.901971745986362,5.487248218618333,0.5919381242835625,0.6260269078097043,1.1266902600359336,1.0074053340067137,0.5484656493212929,8.153303487880952e-05,11,8,0.16583123951776998,2500,OLS_iid,iid,False,5
0,3,3001,8,80001,True,103,False,100,0.7917092009661999,5.6395688322372735,0.5666477915066634,0.5875967273087532,1.208699617903827,0.9252728129383826,0.6478774286551695,0.00016606820688603262,11,8,0.16583123951776998,2500,OLS_iid,iid,False,5
0,1,1001,1,10001,True,108,False,100,0.8551485181776444,5.845810437109321,0.6129223716523277,0.6483051220048813,1.0265230902060574,1.0370178295796042,0.6531340813339539,0.00014715730420107603,11,8,0.16583123951776998,2500,OLS_iid,iid,False,5
0,2,2001,22,220001,True,99,False,100,0.7067767475795607,5.785935513209552,0.690835607548164,0.7571565863417394,1.128129077170249,1.1134135649478603,0.5365516101302142,0.00023597933463826036,11,8,0.16583123951776998,2500,OLS_iid,iid,False,5
0,0,1,20,200001,True,111,False,100,0.7332719582354899,5.924335167277604,0.660714934021075,0.7150707418864691,0.914640157280095,1.1701147042750049,0.46388261011707893,0.00015643529845612517,11,8,0.16583123951776998,2500,OLS_iid,iid,False,5
0,0,1,2,20001,True,111,False,100,0.8223389972643678,5.989104439038783,0.6551119529432767,0.7106360994701628,1.2235861892136948,1.09016285273221,0.5714848924670615,0.00012194878407472944,11,8,0.16583123951776998,2500,OLS_iid,iid,False,5
0,3,3001,16,160001,True,98,False,100,0.7025495684789527,5.732346266973764,0.6340134207176711,0.6803814659906409,1.0604389456897465,1.0244930046343987,0.5489061200576633,0.00021928368222723328,11,8,0.16583123951776998,2500,OLS_iid,iid,False,5
0,4,4001,0,1,True,121,False,100,0.7559997774127204,5.692508561071008,0.612946951649585,0.6470515115116792,1.1991758422183563,0.8900816907070688,0.6227337610047773,7.72997952909248e-05,11,8,0.16583123951776998,2500,OLS_iid,iid,False,5
0,0,1,1,10001,True,100,False,100,0.8551485181776444,6.211306138895452,0.6072545410938426,0.639004598466403,0.9639071720738792,0.9799106922566838,0.5518667475493487,0.00018039979506018837,11,8,0.16583123951776998,2500,OLS_iid,iid,False,5
0,1,1001,23,230001,True,101,False,100,0.7131776200290234,6.152067361399531,0.6701635838744002,0.7220832787920504,1.0044523171979867,1.215174060898497,0.4946608186526909,0.00018195598940269384,11,8,0.16583123951776998,2500,OLS_iid,iid,False,5
0,1,1001,28,280001,True,95,False,100,0.7729573413135521,6.170588969253004,0.6198799364283657,0.6510674489337585,0.8991491582237573,0.9346287114781802,0.6386129298049462,0.00022803444660870461,11,8,0.16583123951776998,2500,OLS_iid,iid,False,5
0,3,3001,5,50001,True,117,False,100,0.7709298441133979,6.117025381885469,0.606413843933366,0.6411925929970731,0.99985335920816,1.0520142991239203,0.562556995113309,5.486066260117568e-05,11,8,0.16583123951776998,2500,OLS_iid,iid,False,5
0,4,4001,1,10001,True,108,False,100,0.8551485181776444,6.074905281886458,0.5267601054282502,0.5204187484757374,0.8275544516445575,0.9042797159283912,0.6301142746785161,0.00011242620764351314,11,8,0.16583123951776998,2500,OLS_iid,iid,False,5
0,1,1001,14,140001,True,116,False,100,0.7433479507689166,6.507082193158567,0.6138612673211173,0.6470413832954379,1.0372480785347424,1.0314644228957772,0.5825975565313165,0.0001263999144857766,11,8,0.16583123951776998,2500,OLS_iid,iid,False,5
0,1,1001,3,30001,True,97,False,100,0.6722504785448492,6.5474886749871075,0.6482130367798333,0.6970711912138204,1.1037426313645708,1.0558722460264531,0.5634146708780811,0.00021887836302981797,11,8,0.16583123951776998,2500,OLS_iid,iid,False,5
0,2,2001,17,170001,True,107,False,100,0.686127628919957,6.499558532144874,0.6007275722672932,0.6340344803276697,1.1120871889215453,1.0641789111221822,0.5481131969767888,0.00013920355285178542,11,8,0.16583123951776998,2500,OLS_iid,iid,False,5
0,1,1001,10,100001,True,96,False,100,0.8147646203361788,6.574299787171185,0.6223327330294399,0.6680731239616952,1.1856787493262917,0.9653399457378963,0.6260311245382754,0.00021993838915874422,11,8,0.16583123951776998,2500,OLS_iid,iid,False,5
0,0,1,10,100001,True,99,False,100,0.8147646203361788,6.869798653293401,0.6554614200419017,0.7104219231749955,1.0936454476652715,1.0954509661599214,0.5569070298389591,0.00022920934121256663,11,8,0.16583123951776998,2500,OLS_iid,iid,False,5
0,0,1,21,210001,True,105,False,100,0.7625517270473368,6.828868052922189,0.569362486769463,0.5939512098767499,1.0024768311756957,1.0086507979934138,0.5419542633800961,0.0001243787904352653,11,8,0.16583123951776998,2500,OLS_iid,iid,False,5
0,0,1,7,70001,True,96,False,100,0.6817050683873941,6.986676259431988,0.6388966174833707,0.6895931712880607,1.1247680678835437,1.070872986878523,0.5651415011612101,0.0001979006317348476,11,8,0.16583123951776998,2500,OLS_iid,iid,False,5
0,1,1001,26,260001,True,106,False,100,0.7800179477656639,6.872386725153774,0.6101916410629545,0.6443180796885742,1.1251694096122804,1.0304385585529252,0.5359035088303006,0.00011589884050754163,11,8,0.16583123951776998,2500,OLS_iid,iid,False,5
0,3,3001,28,280001,True,95,False,100,0.7729573413135521,6.773081323131919,0.6269181998093066,0.678775029837141,1.045341550061582,1.148241315522156,0.5453820087045386,0.00024075527585895528,11,8,0.16583123951776998,2500,OLS_iid,iid,False,5
0,4,4001,2,20001,True,114,False,100,0.8223389972643678,6.8422765848226845,0.6496541692631188,0.6962225282301653,1.0245381152071389,1.0569572759217725,0.5867882939426932,0.00010478267001311252,11,8,0.16583123951776998,2500,OLS_iid,iid,False,5
0,2,2001,24,240001,True,103,False,100,0.7831142590115915,6.987886132206768,0.6357498201492642,0.676378128851154,1.1094559172334397,1.0762747374457857,0.5267716182593066,0.00014347982726895474,11,8,0.16583123951776998,2500,OLS_iid,iid,False,5
0,1,1001,21,210001,True,107,False,100,0.7625517270473368,7.065770195797086,0.6215966390249023,0.6687001811598642,0.8974121852932716,0.9807094226744191,0.5979260459792339,0.00010185893388277746,11,8,0.16583123951776998,2500,OLS_iid,iid,False,5
0,0,1,4,40001,True,103,False,100,0.6770985876792917,7.23056554608047,0.5838916842059743,0.6024414151682929,0.9508845004812198,0.9383705860353101,0.6277988267362671,0.00015264759060997778,11,8,0.16583123951776998,2500,OLS_iid,iid,False,5
0,2,2001,21,210001,True,108,False,100,0.7625517270473368,7.1134918802417815,0.6455530626878728,0.6957091216515766,1.0507995299028465,1.1691555166817194,0.501472866945412,9.790267545209418e-05,11,8,0.16583123951776998,2500,OLS_iid,iid,False,5
0,0,1,27,270001,True,101,False,100,0.9185182958328538,7.2542954590171576,0.6141126295735356,0.6500832350500816,0.9998544388673855,0.9903041601559728,0.5606682974195033,0.00015435436051448975,11,8,0.16583123951776998,2500,OLS_iid,iid,False,5
0,3,3001,15,150001,True,102,False,100,0.6466714203305812,7.178899807855487,0.654310672237156,0.7056117426111282,1.0592806025789472,1.1154095072553432,0.5442187594937352,0.00018095744174684444,11,8,0.16583123951776998,2500,OLS_iid,iid,False,5
0,0,1,26,260001,True,113,False,100,0.7800179477656639,7.382831829134375,0.6210321509979367,0.6663506924442474,1.037271811629599,0.9584177145029428,0.6131535434877906,0.00012444546394059698,11,8,0.16583123951776998,2500,OLS_iid,iid,False,5
0,3,3001,1,10001,True,97,False,100,0.8551485181776444,7.260241480078548,0.6564311393246879,0.7045240830674291,1.050299242537728,1.1611299563121624,0.5509598422811371,0.00018664463687137684,11,8,0.16583123951776998,2500,OLS_iid,iid,False,5
0,2,2001,27,270001,True,100,False,100,0.9185182958328538,7.321156406775117,0.6036521632354135,0.6331798135908616,1.102068776612938,1.6303371089112182,0.5773027154408633,0.00013517722583977196,11,8,0.16583123951776998,2500,OLS_iid,iid,False,5
0,0,1,8,80001,True,101,False,100,0.7917092009661999,7.5399288991466165,0.5883521923457543,0.618942395426473,0.8517089344925725,0.9659502131794312,0.6041420034045522,0.000191826042974326,11,8,0.16583123951776998,2500,OLS_iid,iid,False,5
0,1,1001,5,50001,True,101,False,100,0.7709298441133979,7.459342753048986,0.6104952566238535,0.6488319299799143,0.9021675388985281,1.0163010992976158,0.5262786528751425,9.845422829489279e-05,11,8,0.16583123951776998,2500,OLS_iid,iid,False,5
0,0,1,24,240001,True,96,False,100,0.7831142590115915,7.538020662032068,0.652704582939796,0.7065784989067434,1.0627834211444824,1.1365003114389314,0.5058284106278713,0.00021302276085145117,11,8,0.16583123951776998,2500,OLS_iid,iid,False,5
0,3,3001,21,210001,True,104,False,100,0.7625517270473368,7.511259549763054,0.5138575924545871,0.5181055826486225,1.2017609657458557,0.925086330636807,0.6627918334234253,0.00010501859680135012,11,8,0.16583123951776998,2500,OLS_iid,iid,False,5
0,0,1,13,130001,True,112,False,100,0.718445583337366,7.789657298009843,0.600281697308704,0.6354132777889124,0.9746719901580423,0.9763065080211768,0.6346555794491506,0.0001302497151608692,11,8,0.16583123951776998,2500,OLS_iid,iid,False,5
0,1,1001,18,180001,True,103,False,100,0.7057171016948187,7.896004564128816,0.539075539743891,0.5578783031225488,0.9857497440089457,0.9038861106306982,0.6472907785287606,0.00019447227994470623,11,8,0.16583123951776998,2500,OLS_iid,iid,False,5
0,2,2001,8,80001,True,101,False,100,0.7917092009661999,7.872594379354268,0.47062471588518245,0.4769914425506034,0.6995507139718342,0.7810268471176726,0.6864118614983924,0.000179431572541499,11,8,0.16583123951776998,2500,OLS_iid,iid,False,5
0,1,1001,7,70001,True,106,False,100,0.6817050683873941,7.945653764996678,0.6134149374579526,0.6456103752857676,0.9516567236516273,1.1218759214773553,0.5041965617947654,0.0001383072660265913,11,8,0.16583123951776998,2500,OLS_iid,iid,False,5
0,0,1,15,150001,True,106,False,100,0.6466714203305812,8.064370559994131,0.6386469140457076,0.6807627503779522,0.8674675365292476,1.1051665263552723,0.5546812909401319,0.00019460872217240324,11,8,0.16583123951776998,2500,OLS_iid,iid,False,5
0,3,3001,24,240001,True,101,False,100,0.7831142590115915,7.874811304267496,0.5436060920658868,0.5619677543075263,1.003005415116625,0.9222681553090953,0.6598541103546057,0.00014210908222681741,11,8,0.16583123951776998,2500,OLS_iid,iid,False,5
0,1,1001,8,80001,True,118,False,100,0.7917092009661999,8.14388101408258,0.538190186250703,0.5426852521036234,0.9391059692870868,0.9156549527149695,0.612071252614384,0.00012018832778576183,11,8,0.16583123951776998,2500,OLS_iid,iid,False,5
0,0,1,16,160001,True,113,False,100,0.7025495684789527,8.284349404741079,0.6849979885261737,0.7571439363281691,1.2749592225251065,1.102580522844965,0.5313851258945396,0.00016950834536248963,11,8,0.16583123951776998,2500,OLS_iid,iid,False,5
0,2,2001,1,10001,True,94,False,100,0.8551485181776444,8.205083009321243,0.6626542324573594,0.7198552252799666,1.1175318927900229,1.0592229146800876,0.556634646573326,0.0002257613668307649,11,8,0.16583123951776998,2500,OLS_iid,iid,False,5
0,3,3001,10,100001,True,105,False,100,0.8147646203361788,8.17248866474256,0.5885850278381628,0.6183911853178929,0.8459452375268244,0.9026358819775525,0.6395246311854268,0.00016217348310943494,11,8,0.16583123951776998,2500,OLS_iid,iid,False,5
0,1,1001,4,40001,True,103,False,100,0.6770985876792917,8.371080501005054,0.6215570300080214,0.6663832411046374,0.9888381130016591,1.0639593116655564,0.5505936120896515,0.00017620305397437295,11,8,0.16583123951776998,2500,OLS_iid,iid,False,5
0,3,3001,23,230001,True,95,False,100,0.7131776200290234,8.233628300949931,0.5188415948732884,0.5309973347438233,1.0631129288117505,0.8417721407057855,0.6828022429428272,0.0002154195014862717,11,8,0.16583123951776998,2500,OLS_iid,iid,False,5
0,4,4001,10,100001,True,100,False,100,0.8147646203361788,3.995548287872225,0.6682179482296723,0.7251264392655504,1.0524011506742585,1.0214708234131904,0.5585953380636478,0.00024867812452399854,11,8,0.16583123951776998,2500,OLS_iid,iid,False,5
0,4,4001,7,70001,True,108,False,100,0.6817050683873941,4.437578252982348,0.590786864004612,0.6252331683234278,0.8997385047622195,0.9483648590589925,0.6051614878549383,0.0001431598785757734,11,8,0.16583123951776998,2500,OLS_iid,iid,False,5
0,1,1001,0,1,True,102,False,100,0.7559997774127204,8.697992428205907,0.6246992508429476,0.668650364439791,0.9220729450382281,1.1239031416102228,0.4716579779970162,0.0001337101726773893,11,8,0.16583123951776998,2500,OLS_iid,iid,False,5
0,4,4001,16,160001,True,92,False,100,0.7025495684789527,4.01185103924945,0.6427160291799145,0.6928148473848689,1.1330623801745876,1.0030594119573044,0.6062903228908507,0.0002650080402615746,11,8,0.16583123951776998,2500,OLS_iid,iid,False,5
0,1,1001,24,240001,True,106,False,100,0.7831142590115915,8.762621170841157,0.6212441108280135,0.6605320920481148,0.9930914187770601,0.9160699414240043,0.6412920427147603,0.00013994422205086443,11,8,0.16583123951776998,2500,OLS_iid,iid,False,5
0,4,4001,28,280001,True,93,False,100,0.7729573413135521,3.913822346832603,0.5879568976214744,0.6199919239057557,0.8780044571886411,0.8905133191930339,0.6428835746768677,0.00024646792669146016,11,8,0.16583123951776998,2500,OLS_iid,iid,False,5
0,2,2001,13,130001,True,107,False,100,0.718445583337366,8.842907829675823,0.6049839573180607,0.6420002388766404,1.0675090514428784,1.0724763590255184,0.5589699372106683,0.0001699701333604236,11,8,0.16583123951776998,2500,OLS_iid,iid,False,5
0,4,4001,6,60001,True,98,False,100,0.7271209013490594,8.705074551980942,0.5954336662202638,0.626529564642783,0.7833984958282626,0.9695412443793607,0.599584227740062,0.00012708982884583,11,8,0.16583123951776998,2500,OLS_iid,iid,False,5
0,4,4001,8,80001,True,112,False,100,0.7917092009661999,4.536181940231472,0.6703114857175881,0.7294351881584983,1.0660744935167905,1.2254802946416448,0.4917641017128979,0.0001499354249039289,11,8,0.16583123951776998,2500,OLS_iid,iid,False,5
0,3,3001,25,250001,True,101,False,100,0.7683657815340796,8.924270472023636,0.6511334259184312,0.7110102633324555,1.000574238693328,1.093906120156583,0.5463820440749967,0.0001537225377483331,11,8,0.16583123951776998,2500,OLS_iid,iid,False,5
0,0,1,0,1,True,114,False,100,0.7559997774127204,9.246065421961248,0.5977011362483274,0.6358260279559939,1.0355554833334797,0.9055202187005663,0.6220190932574343,8.774110553794419e-05,11,8,0.16583123951776998,2500,OLS_iid,iid,False,5
0,4,4001,15,150001,True,96,False,100,0.6466714203305812,4.361216139048338,0.6523898891043088,0.6934841448783801,1.0064775277507536,1.0572589723322416,0.5615205390762343,0.0002677056056123603,11,8,0.16583123951776998,2500,OLS_iid,iid,False,5
0,4,4001,12,120001,True,109,False,100,0.8034888015081432,4.517580104060471,0.6266377655687223,0.6718057991895706,0.9125611535740863,1.0724873521336926,0.5637179666653942,0.00013344711368656727,11,8,0.16583123951776998,2500,OLS_iid,iid,False,5
0,4,4001,24,240001,True,96,False,100,0.7831142590115915,4.30888323392719,0.6207818412079499,0.6659305040948212,1.0605056982937233,1.0045373275749265,0.5928798104432341,0.00019803202635105773,11,8,0.16583123951776998,2500,OLS_iid,iid,False,5
0,5,5001,9,90001,True,94,False,100,0.8592656279146536,4.055154364090413,0.6483827059966568,0.7017244799731199,0.9787269960413435,1.103610769218263,0.531543378622179,0.00021539847099447346,11,8,0.16583123951776998,2500,OLS_iid,iid,False,5
0,4,4001,22,220001,True,95,False,100,0.7067767475795607,4.420202318113297,0.6279540436689143,0.6770357138062155,1.2257965702257672,1.143477058627936,0.5396751254454788,0.00026009888654109634,11,8,0.16583123951776998,2500,OLS_iid,iid,False,5
0,4,4001,19,190001,True,101,False,100,0.8621175656744737,4.510748729109764,0.5950715176943995,0.6252357407774661,0.8149061194137993,1.0334163148608524,0.5109844011522497,0.00011566909894010742,11,8,0.16583123951776998,2500,OLS_iid,iid,False,5
0,4,4001,21,210001,True,105,False,100,0.7625517270473368,4.514084366615862,0.6119019909856859,0.6461468562090164,1.0730740813703594,1.0181036472620324,0.5976415057192456,9.391673323611394e-05,11,8,0.16583123951776998,2500,OLS_iid,iid,False,5
0,4,4001,20,200001,True,105,False,100,0.7332719582354899,4.55386777408421,0.5743718451117861,0.6040135310718943,0.8696944019361127,0.8961212154940629,0.6077863686789194,0.00015008825051710147,11,8,0.16583123951776998,2500,OLS_iid,iid,False,5
0,4,4001,9,90001,True,112,False,100,0.8592656279146536,4.881711294874549,0.6530891718417644,0.7079649468532783,1.0888666908519953,1.0063869824750542,0.582181340790073,0.00013387385263592474,11,8,0.16583123951776998,2500,OLS_iid,iid,False,5
0,0,1,6,60001,True,106,False,100,0.7271209013490594,9.51977821206674,0.5977340770796291,0.6294298151894461,1.0109823469356287,0.9959750289947551,0.5608142874663443,0.00010619590731607799,11,8,0.16583123951776998,2500,OLS_iid,iid,False,5
0,4,4001,13,130001,True,111,False,100,0.718445583337366,4.7693876582197845,0.6322482055233475,0.6752267578614859,1.0694514518187916,1.0604738013057313,0.6218990671931602,0.00010922851917569773,11,8,0.16583123951776998,2500,OLS_iid,iid,False,5
0,4,4001,18,180001,True,105,False,100,0.7057171016948187,4.665261127054691,0.5960200277493296,0.6252854601591392,1.1660767098064126,4.688280764008315,0.541441495360906,0.00017937182681433778,11,8,0.16583123951776998,2500,OLS_iid,iid,False,5
0,4,4001,14,140001,True,107,False,100,0.7433479507689166,4.772632956970483,0.5898090851016174,0.6130326027578527,1.0754402943316352,0.878522822072494,0.6329139675158223,0.00017034418950416036,11,8,0.16583123951776998,2500,OLS_iid,iid,False,5
0,5,5001,3,30001,True,102,False,100,0.6722504785448492,4.435884073842317,0.5474052924284359,0.5609562734828055,1.0375151641753126,0.9416457054233747,0.6116184838862418,0.00018891914483589364,11,8,0.16583123951776998,2500,OLS_iid,iid,False,5
0,5,5001,1,10001,True,93,False,100,0.8551485181776444,4.459323219023645,0.630506269557396,0.6674591096329351,1.083327830013795,1.0681224313577047,0.5392427073682886,0.00023967773581499033,11,8,0.16583123951776998,2500,OLS_iid,iid,False,5
0,5,5001,12,120001,True,103,False,100,0.8034888015081432,4.252595896832645,0.5476871100018146,0.5528933335135703,0.9724653569519244,0.7940503018298982,0.6841818888642875,0.00012899269257438654,11,8,0.16583123951776998,2500,OLS_iid,iid,False,5
0,4,4001,17,170001,True,112,False,100,0.686127628919957,4.776162263005972,0.6089943575880659,0.64060085905571,0.9008475078845293,1.0310682726426328,0.5865418315079464,8.996290529569747e-05,11,8,0.16583123951776998,2500,OLS_iid,iid,False,5
0,5,5001,10,100001,True,102,False,100,0.8147646203361788,4.37980289477855,0.614645606170896,0.6625944531323519,1.0275659025774113,1.2063116730931178,0.5582931616383946,0.00022925048760535444,11,8,0.16583123951776998,2500,OLS_iid,iid,False,5
0,5,5001,8,80001,True,98,False,100,0.7917092009661999,4.399433345999569,0.648130648395946,0.6928852164030801,1.1021442699459452,1.1649529710348454,0.5793464547655325,0.00021022804682956827,11,8,0.16583123951776998,2500,OLS_iid,iid,False,5
0,5,5001,19,190001,True,105,False,100,0.8621175656744737,4.2422208660282195,0.6364820590893058,0.6816568624748756,0.9867278612247693,1.1205762600754334,0.4968359701722367,0.0001121223678778935,11,8,0.16583123951776998,2500,OLS_iid,iid,False,5
0,4,4001,26,260001,True,111,False,100,0.7800179477656639,4.722443939186633,0.6143220669572712,0.6527378923823737,0.9231536840285253,1.040029934118469,0.5733682791128261,0.00012135662672405512,11,8,0.16583123951776998,2500,OLS_iid,iid,False,5
0,5,5001,4,40001,True,106,False,100,0.6770985876792917,4.583696776069701,0.6430092245289784,0.6734910788907537,0.9729704357091374,1.9595114435150713,0.5764420813615373,0.00015408421177762617,11,8,0.16583123951776998,2500,OLS_iid,iid,False,5
0,5,5001,0,1,True,106,False,100,0.7559997774127204,4.684300950728357,0.5809687859635533,0.5915873262294251,0.9598479791826401,0.972321581116357,0.5807910310516203,0.00011002577958456332,11,8,0.16583123951776998,2500,OLS_iid,iid,False,5
0,3,3001,27,270001,True,102,False,100,0.9185182958328538,9.492009975016117,0.6015518317826096,0.6260482110202462,0.9976046655381344,0.9722229948925498,0.5669289870240637,0.00015114011448536763,11,8,0.16583123951776998,2500,OLS_iid,iid,False,5
0,5,5001,5,50001,True,107,False,100,0.7709298441133979,4.608826859854162,0.6612178601228698,0.7158341688909172,1.1210827930660834,1.1345972859498277,0.5726238567088995,7.543623784981209e-05,11,8,0.16583123951776998,2500,OLS_iid,iid,False,5
0,4,4001,23,230001,True,106,False,100,0.7131776200290234,4.858186101075262,0.6106785007266298,0.646535522162494,0.9302797829412559,1.063927146494626,0.5830498582234944,0.00014290586299200476,11,8,0.16583123951776998,2500,OLS_iid,iid,False,5
0,5,5001,23,230001,True,102,False,100,0.7131776200290234,4.37781998841092,0.6279786966193772,0.6589467072524349,1.0922009819763703,0.9746871632567686,0.6098443033323355,0.00013910622161848873,11,8,0.16583123951776998,2500,OLS_iid,iid,False,5
0,5,5001,14,140001,True,105,False,100,0.7433479507689166,4.563338211271912,0.6037961965168671,0.6395313816246851,0.8707664262127978,1.0853754085113165,0.5602164526151754,0.00018666040028002988,11,8,0.16583123951776998,2500,OLS_iid,iid,False,5
0,5,5001,7,70001,True,108,False,100,0.6817050683873941,4.708751508966088,0.6642559063250156,0.72850240532647,1.1069948948755837,1.0376476622471384,0.5645081309979049,0.00012190516870493235,11,8,0.16583123951776998,2500,OLS_iid,iid,False,5
0,4,4001,11,110001,True,105,False,100,0.7717705502713035,5.251711526885629,0.6202928043031319,0.6616681446110021,1.1943182259764202,1.0414523054169145,0.5894217506627891,7.759794022198249e-05,11,8,0.16583123951776998,2500,OLS_iid,iid,False,5
0,6,6001,9,90001,True,93,False,100,0.8592656279146536,4.22663907893002,0.5873465532178087,0.6185662857291948,1.224380249828008,1.0442128300828415,0.604806365929867,0.0002235401657551731,11,8,0.16583123951776998,2500,OLS_iid,iid,False,5
0,5,5001,28,280001,True,97,False,100,0.7729573413135521,4.368523499928415,0.6611753154418146,0.7082814369152058,1.2672697618820712,1.2057305885319778,0.5586497114514357,0.000227036227733217,11,8,0.16583123951776998,2500,OLS_iid,iid,False,5
0,5,5001,20,200001,True,104,False,100,0.7332719582354899,4.4938471098430455,0.5927417879161015,0.6216491918062251,0.9911997023005414,0.9128112462132294,0.6329970075795187,0.0001517701800872525,11,8,0.16583123951776998,2500,OLS_iid,iid,False,5
0,5,5001,29,290001,True,109,False,100,0.901971745986362,4.391830015927553,0.5652332347117078,0.5911016568989754,0.9512527518055856,0.9818935991290345,0.5393040445968166,6.93880093046586e-05,11,8,0.16583123951776998,2500,OLS_iid,iid,False,5
0,4,4001,27,270001,True,105,False,100,0.9185182958328538,5.056035782210529,0.5684841495387973,0.5913991361956796,0.9312113021532925,1.082038381464666,0.5202791855434368,0.000114535806851748,11,8,0.16583123951776998,2500,OLS_iid,iid,False,5
0,6,6001,2,20001,True,100,False,100,0.8223389972643678,4.444814126007259,0.5980579498898645,0.6330603145236139,0.9162432158588417,0.9368884619125815,0.6274225866071346,0.00015322685322930978,11,8,0.16583123951776998,2500,OLS_iid,iid,False,5
0,5,5001,21,210001,True,107,False,100,0.7625517270473368,4.611686390824616,0.5853933499310702,0.6154556505813873,1.1789600113243768,1.0786808912033004,0.5915691156382706,9.574781484327839e-05,11,8,0.16583123951776998,2500,OLS_iid,iid,False,5
0,5,5001,2,20001,True,109,False,100,0.8223389972643678,4.9886459382250905,0.59861580731318,0.6291256445312038,1.1745391277929613,1.1082777218533195,0.5366219193454116,0.00010698511124299403,11,8,0.16583123951776998,2500,OLS_iid,iid,False,5
0,6,6001,10,100001,True,104,False,100,0.8147646203361788,4.449828481767327,0.5479044145364376,0.5579279967413906,0.9298511214212788,0.8460664747593483,0.642257912668943,0.00019313912329357595,11,8,0.16583123951776998,2500,OLS_iid,iid,False,5
0,4,4001,25,250001,True,111,False,100,0.7683657815340796,5.21573122497648,0.6345970761188896,0.6853700848223058,1.1110482051700543,1.1262333864414042,0.5075850449817696,9.477296213465544e-05,11,8,0.16583123951776998,2500,OLS_iid,iid,False,5
0,6,6001,7,70001,True,107,False,100,0.6817050683873941,4.548781997058541,0.6166857394189895,0.6594419231923258,0.9064323087224381,0.9876233453852629,0.6169505832543108,0.00012663685179745547,11,8,0.16583123951776998,2500,OLS_iid,iid,False,5
0,4,4001,29,290001,True,106,False,100,0.901971745986362,5.137228664010763,0.5336036780094158,0.5483592385601288,0.8912644265785316,0.9707845334935602,0.5426244369999248,8.356047916958183e-05,11,8,0.16583123951776998,2500,OLS_iid,iid,False,5
0,6,6001,8,80001,True,107,False,100,0.7917092009661999,4.5814026622101665,0.6028162906946161,0.6234125327170846,0.9354307200015134,1.3139150325314333,0.5680082905222167,0.00013806569418147596,11,8,0.16583123951776998,2500,OLS_iid,iid,False,5
0,6,6001,11,110001,True,108,False,100,0.7717705502713035,4.5000721691176295,0.601412122740893,0.6411358765218432,0.8349598158610716,0.9610237013081893,0.57067325080656,7.986423899872877e-05,11,8,0.16583123951776998,2500,OLS_iid,iid,False,5
0,6,6001,19,190001,True,105,False,100,0.8621175656744737,4.369502892717719,0.5711360584239383,0.5869009748176309,0.9189094092519154,1.059557174338154,0.5369436208771402,9.162533617971867e-05,11,8,0.16583123951776998,2500,OLS_iid,iid,False,5
0,6,6001,18,180001,True,103,False,100,0.7057171016948187,4.431526483036578,0.6104406756180657,0.6467297923917413,1.1851723306193263,1.0749460183217332,0.5879999228266383,0.00015930190816200543,11,8,0.16583123951776998,2500,OLS_iid,iid,False,5
0,3,3001,13,130001,True,110,False,100,0.718445583337366,10.143267296720296,0.5775220736148249,0.6088770300400064,0.8249298770634746,0.8799598188982469,0.637001329341238,0.0001383890672558221,11,8,0.16583123951776998,2500,OLS_iid,iid,False,5
0,6,6001,17,170001,True,104,False,100,0.686127628919957,4.460378082003444,0.5815287269366464,0.6020376916316733,0.9606736468789876,0.9036923156499032,0.6268356254741186,0.00013270248349148256,11,8,0.16583123951776998,2500,OLS_iid,iid,False,5
0,6,6001,0,1,True,112,False,100,0.7559997774127204,4.803807130083442,0.6200924484631786,0.675560033745498,1.082998321001895,1.7398582516466767,0.5162965927286823,0.00010505685801919678,11,8,0.16583123951776998,2500,OLS_iid,iid,False,5
0,1,1001,2,20001,True,105,False,100,0.8223389972643678,10.422928417101502,0.6036247301513142,0.6429402285904957,1.0030528111057448,0.9855327137015792,0.6011763750719817,0.00012104035084373755,11,8,0.16583123951776998,2500,OLS_iid,iid,False,5
0,6,6001,28,280001,True,95,False,100,0.7729573413135521,3.8411103491671383,0.6288565035780042,0.6698524746304775,0.9125828924396646,1.0057315238777575,0.598806412315409,0.0002383223374638063,11,8,0.16583123951776998,2500,OLS_iid,iid,False,5
0,6,6001,5,50001,True,106,False,100,0.7709298441133979,4.816616454627365,0.6394406370518128,0.6906774859739522,0.9405913200124719,1.1209178513562594,0.48695979871853184,8.16065859238605e-05,11,8,0.16583123951776998,2500,OLS_iid,iid,False,5
0,5,5001,25,250001,True,106,False,100,0.7683657815340796,5.024190982338041,0.6629398930635837,0.7152857100808294,1.1693257883297064,0.9692569154461063,0.596703834544998,0.00010954622846984122,11,8,0.16583123951776998,2500,OLS_iid,iid,False,5
0,3,3001,14,140001,True,140,False,100,0.7433479507689166,10.382686883211136,0.6088172112318442,0.6574162644502622,0.9183940753607704,1.0523147332225882,0.6163671868582926,9.359458607780558e-05,11,8,0.16583123951776998,2500,OLS_iid,iid,False,5
0,6,6001,12,120001,True,112,False,100,0.8034888015081432,4.850883489008993,0.6659413972361643,0.7269975077902129,1.0562646585550595,1.107574060252992,0.5691780315115532,0.00011688297997669759,11,8,0.16583123951776998,2500,OLS_iid,iid,False,5
0,6,6001,15,150001,True,100,False,100,0.6466714203305812,4.733412175904959,0.6256160090077284,0.6617144346516272,0.9811725204051325,1.0941545717628047,0.5577220085341084,0.00021009837972209676,11,8,0.16583123951776998,2500,OLS_iid,iid,False,5
0,5,5001,26,260001,True,111,False,100,0.7800179477656639,5.145661907736212,0.6248461160755874,0.6706969317848324,1.1294240309965118,1.0592334604434848,0.5741987659493524,0.00011725724444838283,11,8,0.16583123951776998,2500,OLS_iid,iid,False,5
0,6,6001,24,240001,True,99,False,100,0.7831142590115915,4.364982413128018,0.5726899454135198,0.5944695444758061,1.0477689788767788,0.9136295994921807,0.6405528221216429,0.00015580886769276257,11,8,0.16583123951776998,2500,OLS_iid,iid,False,5
0,6,6001,21,210001,True,113,False,100,0.7625517270473368,4.5419324319809675,0.6714247733013615,0.7358804369626747,1.0379312231103497,1.210188136448563,0.4547052882494743,9.31368301946957e-05,11,8,0.16583123951776998,2500,OLS_iid,iid,False,5
0,5,5001,24,240001,True,121,False,100,0.7831142590115915,5.321585868950933,0.6041559316412527,0.6346672724456667,0.9790342827472988,1.1171851504377093,0.5853840270731487,9.249041567944405e-05,11,8,0.16583123951776998,2500,OLS_iid,iid,False,5
0,6,6001,1,10001,True,121,False,100,0.8551485181776444,5.225632225163281,0.6351076593540181,0.6813577854533818,0.9544807743194687,1.0273216017144906,0.5419258055596294,0.00010232528527617339,11,8,0.16583123951776998,2500,OLS_iid,iid,False,5
0,6,6001,3,30001,True,113,False,100,0.6722504785448492,5.224969454109669,0.5874762361767,0.6126706798481467,1.021873644479301,0.9633995216935783,0.6336668795325235,0.0001289919204313017,11,8,0.16583123951776998,2500,OLS_iid,iid,False,5
0,0,1,3,30001,True,116,False,100,0.6722504785448492,10.916810262948275,0.5372329336097241,0.547509408474121,0.9656100232206782,0.8753372545156212,0.6705599170253658,0.0001089087859300258,11,8,0.16583123951776998,2500,OLS_iid,iid,False,5
0,5,5001,18,180001,True,99,False,100,0.7057171016948187,5.740960475988686,0.5540664106832764,0.5706595465992146,0.8583377996667105,0.873062158431607,0.6564257797293553,0.00021951251156287238,11,8,0.16583123951776998,2500,OLS_iid,iid,False,5
0,6,6001,20,200001,True,102,False,100,0.7332719582354899,5.25978231895715,0.6701310366196688,0.7284171777526982,1.081744010298955,1.1404337522096457,0.5125886539908122,0.0001822147828937618,11,8,0.16583123951776998,2500,OLS_iid,iid,False,5
0,3,3001,2,20001,True,107,False,100,0.8223389972643678,11.084254394751042,0.5359379820321639,0.5439876844805137,0.8708402253009929,0.8235532111241906,0.6495376422989536,9.743756921142244e-05,11,8,0.16583123951776998,2500,OLS_iid,iid,False,5
0,7,7001,6,60001,True,100,False,100,0.7271209013490594,4.162626521196216,0.61526312200099,0.6487632540476677,1.1031477241356924,1.1148237581319138,0.525985663412461,0.00013400223837296265,11,8,0.16583123951776998,2500,OLS_iid,iid,False,5
0,6,6001,4,40001,True,120,False,100,0.6770985876792917,5.883451046887785,0.5093912857862454,0.5190047463078482,0.9519969207750335,0.8901418807739166,0.6721417872255993,9.902087813822518e-05,11,8,0.16583123951776998,2500,OLS_iid,iid,False,5
0,6,6001,6,60001,True,116,False,100,0.7271209013490594,6.093943554908037,0.6009154403840389,0.6400129313105846,0.9274326928652571,0.9435373575426307,0.5911896431186998,8.074101947313947e-05,11,8,0.16583123951776998,2500,OLS_iid,iid,False,5
0,7,7001,10,100001,True,114,False,100,0.8147646203361788,4.951597114093602,0.5891921666793101,0.6192278210541532,0.9215453159061167,0.9800187946862231,0.6146091443689546,0.00015600341179098897,11,8,0.16583123951776998,2500,OLS_iid,iid,False,5
0,6,6001,14,140001,True,95,False,100,0.7433479507689166,6.450369951315224,0.6694741955406417,0.7304831636590152,0.9414746114291346,1.1167929490010484,0.5555447599389642,0.0002872482602209897,11,8,0.16583123951776998,2500,OLS_iid,iid,False,5
0,7,7001,15,150001,True,96,False,100,0.6466714203305812,4.8645064500160515,0.6137380287187498,0.6416084202432646,0.9313437308976306,0.989680778927987,0.6159925950173218,0.00020529093900121026,11,8,0.16583123951776998,2500,OLS_iid,iid,False,5
0,6,6001,22,220001,True,95,False,100,0.7067767475795607,6.3209624430164695,0.6482973984262177,0.693327492187562,0.927703467294497,1.16379051770636,0.4777247169585346,0.00024347541680690837,11,8,0.16583123951776998,2500,OLS_iid,iid,False,5
0,7,7001,18,180001,True,96,False,100,0.7057171016948187,5.03874911274761,0.6242468317050095,0.6675026315558128,1.0999163809187402,1.0598862178558437,0.5798047011331533,0.00023836491367242417,11,8,0.16583123951776998,2500,OLS_iid,iid,False,5
0,7,7001,20,200001,True,97,False,100,0.7332719582354899,4.853626092895865,0.6286709657334674,0.6667864872684844,1.079528259747907,0.9807232157606557,0.6350737228130554,0.00019323887178368472,11,8,0.16583123951776998,2500,OLS_iid,iid,False,5
0,5,5001,16,160001,True,105,False,100,0.7025495684789527,7.570786281954497,0.6111120387159056,0.6489271587339982,1.0604985023447124,1.0908683657622147,0.5415206118796355,0.00019034634464034747,11,8,0.16583123951776998,2500,OLS_iid,iid,False,5
0,8,8001,4,40001,True,96,False,100,0.6770985876792917,4.225502565037459,0.5997362854748615,0.6242159954301398,0.9435623517738061,0.9450125774141633,0.5859719595337762,0.00024989290364391603,11,8,0.16583123951776998,2500,OLS_iid,iid,False,5
0,8,8001,3,30001,True,95,False,100,0.6722504785448492,4.383773284964263,0.5889068209927818,0.6172571312590811,0.9063699613180793,0.9473119521532852,0.6051211747290792,0.00023999950320271674,11,8,0.16583123951776998,2500,OLS_iid,iid,False,5
0,7,7001,9,90001,True,96,False,100,0.8592656279146536,5.8804545369930565,0.6465535591943202,0.7062798065823623,1.1375853840762835,1.2069717616081879,0.5477999747166653,0.00019080034791435117,11,8,0.16583123951776998,2500,OLS_iid,iid,False,5
0,8,8001,2,20001,True,107,False,100,0.8223389972643678,4.464278338011354,0.5843637230848308,0.6031283466590623,1.0341319840935053,0.9346499663827721,0.6233805750055912,0.00011502972281354811,11,8,0.16583123951776998,2500,OLS_iid,iid,False,5
0,8,8001,14,140001,True,99,False,100,0.7433479507689166,3.877769330982119,0.5930476311103092,0.6187013794853085,0.8700262517434306,1.0048075692747591,0.5329164108746408,0.00023481432708791474,11,8,0.16583123951776998,2500,OLS_iid,iid,False,5
0,5,5001,15,150001,True,96,False,100,0.6466714203305812,7.845466608181596,0.6213191443334544,0.6643509587524291,1.0938745505801963,0.9931882227757203,0.6113093724120213,0.0002356864627293202,11,8,0.16583123951776998,2500,OLS_iid,iid,False,5
0,8,8001,1,10001,True,115,False,100,0.8551485181776444,4.777561496011913,0.647510733690027,0.6979431259121002,1.1438187837891864,1.0468698700407897,0.5931360461084693,0.00012727371484516094,11,8,0.16583123951776998,2500,OLS_iid,iid,False,5
0,6,6001,27,270001,True,109,False,100,0.9185182958328538,6.800017265137285,0.6097506794514164,0.6439061080366741,1.0228207372182854,1.1060538884886424,0.5432882836462041,9.883421152813887e-05,11,8,0.16583123951776998,2500,OLS_iid,iid,False,5
0,5,5001,27,270001,True,106,False,100,0.9185182958328538,7.882887989748269,0.5703773146589358,0.5959564003710158,0.791077654217282,0.955592382804522,0.5651828144096991,0.00013857681563713813,11,8,0.16583123951776998,2500,OLS_iid,iid,False,5
0,8,8001,20,200001,True,98,False,100,0.7332719582354899,4.081746137235314,0.6229171648545391,0.6580360509522005,0.9600724301166847,0.9215159627148238,0.6307785167467995,0.00015428123801886903,11,8,0.16583123951776998,2500,OLS_iid,iid,False,5
0,7,7001,1,10001,True,109,False,100,0.8551485181776444,6.7045698133297265,0.6059273677752554,0.6454110568919235,0.8464394900460713,1.023081972369863,0.5637137052095897,0.00012299781343736091,11,8,0.16583123951776998,2500,OLS_iid,iid,False,5
0,7,7001,13,130001,True,102,False,100,0.718445583337366,6.112419341225177,0.5853259793323355,0.6431725678438225,0.9990926739076746,1.0773385925235528,0.6182942461626085,0.0001766623686748868,11,8,0.16583123951776998,2500,OLS_iid,iid,False,5
0,8,8001,15,150001,True,100,False,100,0.6466714203305812,4.381806557998061,0.5759522443986813,0.59856219827956,0.9519220560790845,0.8187459245688345,0.686950829886771,0.0001889118232160067,11,8,0.16583123951776998,2500,OLS_iid,iid,False,5
0,8,8001,13,130001,True,102,False,100,0.718445583337366,4.445682267192751,0.6572368513707082,0.7026454627823331,1.0626507708634119,1.1850400976031856,0.4429557255889721,0.00018286631308635958,11,8,0.16583123951776998,2500,OLS_iid,iid,False,5
0,8,8001,12,120001,True,103,False,100,0.8034888015081432,4.537770248018205,0.6278598122396429,0.6727419074016533,1.0167869939226686,1.0000190117934045,0.5662626794624995,0.00014707337600615547,11,8,0.16583123951776998,2500,OLS_iid,iid,False,5
0,6,6001,23,230001,True,96,False,100,0.7131776200290234,7.431201664265245,0.6013298698772593,0.6360703645844921,0.8695550359977309,0.9057731394664692,0.6428666179994816,0.00019595875430608633,11,8,0.16583123951776998,2500,OLS_iid,iid,False,5
0,7,7001,4,40001,True,105,False,100,0.6770985876792917,6.664731545839459,0.6448082914653308,0.6863512655941959,0.8594226700976533,1.082575809542101,0.6239061740539938,0.00016084845066619726,11,8,0.16583123951776998,2500,OLS_iid,iid,False,5
0,5,5001,11,110001,True,110,False,100,0.7717705502713035,8.41333761997521,0.6123871024031919,0.6596241195489203,0.9601573801167034,1.1017318529644549,0.5547959820328521,8.325737732213945e-05,11,8,0.16583123951776998,2500,OLS_iid,iid,False,5
0,9,9001,1,10001,True,98,False,100,0.8551485181776444,4.047244556713849,0.5781844648714002,0.6034509810415921,0.8415902003139702,0.8831414364994982,0.6353471467271649,0.00022169204044527992,11,8,0.16583123951776998,2500,OLS_iid,iid,False,5
0,5,5001,6,60001,True,105,False,100,0.7271209013490594,8.596291481982917,0.5213496759611507,0.5245659727829197,0.8762286097963952,0.9492208971499442,0.5709594782695849,0.00011618576681360401,11,8,0.16583123951776998,2500,OLS_iid,iid,False,5
0,8,8001,16,160001,True,96,False,100,0.7025495684789527,4.4147359491325915,0.6849199859057258,0.746433087761893,1.0542918332172642,1.2542870224724432,0.4949141047327989,0.00022354387663766698,11,8,0.16583123951776998,2500,OLS_iid,iid,False,5
0,8,8001,23,230001,True,98,False,100,0.7131776200290234,4.254921401385218,0.6137069165626022,0.6483896465241318,1.0225320811106453,1.0382627837662388,0.5601453086745185,0.0001967203517739266,11,8,0.16583123951776998,2500,OLS_iid,iid,False,5
0,8,8001,18,180001,True,99,False,100,0.7057171016948187,4.376351061742753,0.6250318636932656,0.665864139939874,0.9651131010903142,0.9530676882202613,0.6102705148607973,0.00020256668146756928,11,8,0.16583123951776998,2500,OLS_iid,iid,False,5
0,7,7001,0,1,True,103,False,100,0.7559997774127204,7.016006258316338,0.5681780852678415,0.5883930144553298,1.0106505354805593,0.9550676920927897,0.5963369416674881,0.00012192191417152494,11,8,0.16583123951776998,2500,OLS_iid,iid,False,5
0,8,8001,22,220001,True,105,False,100,0.7067767475795607,4.33908041799441,0.6114794000277619,0.6477560370322784,0.9104237778872182,0.9297763543367299,0.6391250188429777,0.00018809110969632585,11,8,0.16583123951776998,2500,OLS_iid,iid,False,5
0,8,8001,19,190001,True,103,False,100,0.8621175656744737,4.454603100661188,0.5848241847451315,0.6110562877948794,1.106159458875997,0.9418163577575656,0.6228494904198119,0.00011229591196187723,11,8,0.16583123951776998,2500,OLS_iid,iid,False,5
0,8,8001,28,280001,True,98,False,100,0.7729573413135521,4.297453947365284,0.6418949864240733,0.6952315359915301,0.8750956123345739,1.0054659594038204,0.5694175250800463,0.00021861410233994628,11,8,0.16583123951776998,2500,OLS_iid,iid,False,5
0,8,8001,9,90001,True,112,False,100,0.8592656279146536,4.846123646013439,0.6017353832667336,0.6239184442531814,1.0307976188353922,1.0156364757685812,0.5693035193691258,0.00011327727464062043,11,8,0.16583123951776998,2500,OLS_iid,iid,False,5
0,8,8001,11,110001,True,106,False,100,0.7717705502713035,4.849235620815307,0.5430011436646479,0.5656309043966598,0.8485046201069613,0.9840181710358062,0.5613545957508909,9.044223749413532e-05,11,8,0.16583123951776998,2500,OLS_iid,iid,False,5
0,9,9001,9,90001,True,96,False,100,0.8592656279146536,4.149012334179133,0.6006468617363487,0.6370070255193062,0.961485451542504,1.0553502549867602,0.5745355703087538,0.00018452878486904722,11,8,0.16583123951776998,2500,OLS_iid,iid,False,5
0,7,7001,11,110001,True,109,False,100,0.7717705502713035,6.689651362132281,0.7195727235657475,0.7977832995104704,0.9850858290813755,1.3156000048082939,0.477028932314828,8.447120589289542e-05,11,8,0.16583123951776998,2500,OLS_iid,iid,False,5
0,8,8001,25,250001,True,105,False,100,0.7683657815340796,4.562645667232573,0.6656833326454014,0.7324784611293609,0.9076901738953407,1.1190277497244105,0.4729192856675294,0.00014587480733485987,11,8,0.16583123951776998,2500,OLS_iid,iid,False,5
0,8,8001,6,60001,True,120,False,100,0.7271209013490594,5.169079162646085,0.6257258231217656,0.6777063874547238,0.9432047461773173,1.1373930403615933,0.5879141243946958,7.795406694224056e-05,11,8,0.16583123951776998,2500,OLS_iid,iid,False,5
0,8,8001,26,260001,True,100,False,100,0.7800179477656639,4.5708587896078825,0.6003231996208607,0.6294774207740561,0.9931324426503769,1.0228868856521445,0.523994528872144,0.0001445683730487546,11,8,0.16583123951776998,2500,OLS_iid,iid,False,5
0,9,9001,10,100001,True,100,False,100,0.8147646203361788,4.243192719295621,0.6261041590392711,0.6655531107624116,1.1146553175066323,1.0817085575455712,0.5590646552087482,0.00021360542030493833,11,8,0.16583123951776998,2500,OLS_iid,iid,False,5
0,7,7001,2,20001,True,106,False,100,0.8223389972643678,7.267631741240621,0.5998245706431038,0.6309204227721196,0.970771619876458,1.0199342170418766,0.5679616788040038,0.00012930437886991142,11,8,0.16583123951776998,2500,OLS_iid,iid,False,5
0,8,8001,17,170001,True,112,False,100,0.686127628919957,4.837603610008955,0.5543647599697049,0.5808317494425574,1.1370588290607933,0.9060124792460367,0.6484591985807997,0.0001051227136382327,11,8,0.16583123951776998,2500,OLS_iid,iid,False,5
0,5,5001,13,130001,True,106,False,100,0.718445583337366,8.917858375236392,0.5519102957281522,0.5598641726949397,0.8970513074465477,0.8186156621196017,0.6560588484890975,0.00015830985561827274,11,8,0.16583123951776998,2500,OLS_iid,iid,False,5
0,9,9001,3,30001,True,108,False,100,0.6722504785448492,4.534388399217278,0.6491585227215503,0.691510208705614,1.11412968934983,1.1701062040266395,0.5547350095931937,0.00016554373439382162,11,8,0.16583123951776998,2500,OLS_iid,iid,False,5
0,9,9001,8,80001,True,102,False,100,0.7917092009661999,4.436808816157281,0.5890359262497081,0.6082506320302751,0.9994448222709756,1.0423216853062982,0.6551592904914882,0.00019542238876280686,11,8,0.16583123951776998,2500,OLS_iid,iid,False,5
1,0,1,3,30001,True,102,False,100,0.6722504785448492,3.8660027547739446,0.625505035885043,0.6377211814000197,1.1243725307919987,1.0688857443936208,0.6059188750593851,0.0001282989899637406,11,8,0.16583123951776998,2500,OLS_iid,iid,False,5
0,9,9001,0,1,True,105,False,100,0.7559997774127204,4.7536691767163575,0.6641314336356821,0.7223356622054882,1.0379775782164142,1.0768972355250759,0.5814984417897524,0.00011230329505480563,11,8,0.16583123951776998,2500,OLS_iid,iid,False,5
0,8,8001,29,290001,True,109,False,100,0.901971745986362,4.806050053797662,0.5681833989879769,0.5875657893834313,0.8676898794265994,0.9718239686526651,0.5358691966264861,8.205753434091856e-05,11,8,0.16583123951776998,2500,OLS_iid,iid,False,5
0,9,9001,16,160001,True,101,False,100,0.7025495684789527,4.370823465753347,0.6356890398484859,0.6832635668064658,1.0469996718647938,1.428608481533602,0.6234474743154075,0.0002027164067329518,11,8,0.16583123951776998,2500,OLS_iid,iid,False,5
0,9,9001,13,130001,True,98,False,100,0.718445583337366,4.487301400862634,0.6623561204637779,0.7212286625163892,1.0014912454968457,1.0292665831737748,0.5533967216440577,0.00023072751510499074,11,8,0.16583123951776998,2500,OLS_iid,iid,False,5
0,9,9001,6,60001,True,110,False,100,0.7271209013490594,4.702685231342912,0.5675601511212981,0.591045974704999,0.8492932377125151,0.9851421319848422,0.5607364727953938,8.713708766537987e-05,11,8,0.16583123951776998,2500,OLS_iid,iid,False,5
0,9,9001,15,150001,True,103,False,100,0.6466714203305812,4.48507089400664,0.6702030295125893,0.7166721205162753,1.029396115306116,1.0893442291791002,0.558676451340163,0.00019161209470461448,11,8,0.16583123951776998,2500,OLS_iid,iid,False,5
0,9,9001,14,140001,True,105,False,100,0.7433479507689166,4.520725411828607,0.5593192076420883,0.5726674281848195,1.1134406462748039,0.8560046512034756,0.6343737832555875,0.00019021586832395455,11,8,0.16583123951776998,2500,OLS_iid,iid,False,5
0,9,9001,2,20001,True,117,False,100,0.8223389972643678,4.8072319608181715,0.5184782901569304,0.5233487933041321,0.8404555892060396,0.9279695855975006,0.5641551814188023,9.878999051031262e-05,11,8,0.16583123951776998,2500,OLS_iid,iid,False,5
0,9,9001,17,170001,True,100,False,100,0.686127628919957,4.4461883888579905,0.6165210715491768,0.6580879336907779,0.9966563630773497,1.0249910460843161,0.5644529942728771,0.00015838785315837537,11,8,0.16583123951776998,2500,OLS_iid,iid,False,5
0,9,9001,11,110001,True,105,False,100,0.7717705502713035,4.631314110942185,0.5722183616969196,0.5943224771377169,0.8524621098640651,0.9125936247260227,0.6251393917524577,9.07397280329277e-05,11,8,0.16583123951776998,2500,OLS_iid,iid,False,5
0,7,7001,21,210001,True,104,False,100,0.7625517270473368,6.513910580892116,0.6392100703261613,0.6774957089859828,1.072866070090015,1.0004742627399776,0.6029677653755899,0.00011980979554965327,11,8,0.16583123951776998,2500,OLS_iid,iid,False,5
0,9,9001,7,70001,True,107,False,100,0.6817050683873941,4.746131005231291,0.603757827476798,0.6365242846295774,0.9522756769748113,0.9796133832062942,0.6093527304941252,0.00012090559717105602,11,8,0.16583123951776998,2500,OLS_iid,iid,False,5
1,0,1,10,100001,True,102,False,100,0.8147646203361788,3.8708375338464975,0.5313722259202486,0.5321456202524506,1.1247803858544076,0.9159025284330451,0.6300569635881291,0.00017912416269149741,11,8,0.16583123951776998,2500,OLS_iid,iid,False,5
1,0,1,7,70001,True,104,False,100,0.6817050683873941,3.9472086778841913,0.5900879124637529,0.5978159193140008,1.0539716035366127,0.8912295364162672,0.6987974380218873,0.00012011068608466247,11,8,0.16583123951776998,2500,OLS_iid,iid,False,5
0,9,9001,4,40001,True,98,False,100,0.6770985876792917,4.851906752679497,0.6202494826825946,0.6633848334570529,0.9838075416053228,1.0389330424123737,0.5740910219169588,0.00020917562017951,11,8,0.16583123951776998,2500,OLS_iid,iid,False,5
0,9,9001,24,240001,True,100,False,100,0.7831142590115915,4.400001349393278,0.5985892331888825,0.6300327587935006,0.9866062517901872,1.0843482990951,0.5126317353287245,0.00014225111238013398,11,8,0.16583123951776998,2500,OLS_iid,iid,False,5
1,0,1,6,60001,True,110,False,100,0.7271209013490594,4.059631889220327,0.5789690787460664,0.5922303099012491,1.1220507496189753,1.1541081770270067,0.5568474650068531,7.72826995859394e-05,11,8,0.16583123951776998,2500,OLS_iid,iid,False,5
0,9,9001,23,230001,True,99,False,100,0.7131776200290234,4.506511601153761,0.6780783678075717,0.7432872630313576,1.1050017028764234,1.147972198172418,0.47177814943797425,0.0002223580534073001,11,8,0.16583123951776998,2500,OLS_iid,iid,False,5
0,8,8001,27,270001,True,119,False,100,0.9185182958328538,5.158328206278384,0.6354412191017108,0.6840606810357039,0.9168518543168996,1.155698486326829,0.4662705119630959,0.00010052859738477619,11,8,0.16583123951776998,2500,OLS_iid,iid,False,5
1,0,1,8,80001,True,105,False,100,0.7721464948036827,4.0965779586695135,0.606401971628828,0.6300856357103192,0.868602098183441,0.9914723051897198,0.573367972623316,0.0001292763360133369,11,8,0.16583123951776998,2500,OLS_iid,iid,False,5
1,0,1,0,1,True,115,False,100,0.7559997774127204,4.390174341853708,0.6524420450454417,0.6907466899221381,1.2237545184776157,1.1841041713272662,0.5295205745405244,7.338687657373124e-05,11,8,0.16583123951776998,2500,OLS_iid,iid,False,5
1,0,1,2,20001,True,106,False,100,0.8223389972643678,4.3272177474573255,0.5534166991213852,0.547078833624624,0.8704593446280122,0.8897292937183823,0.6228232831066572,8.655351078889311e-05,11,8,0.16583123951776998,2500,OLS_iid,iid,False,5
0,9,9001,18,180001,True,105,False,100,0.7057171016948187,4.710113797802478,0.5914693919599844,0.6236777959835768,0.9985411828444433,0.9842861672319391,0.6050898600905193,0.00019348966117998053,11,8,0.16583123951776998,2500,OLS_iid,iid,False,5
0,9,9001,22,220001,True,107,False,100,0.7067767475795607,4.598516727797687,0.6040792643748428,0.6301463126142305,1.0273805419954722,1.0156149814498916,0.5889235559999313,0.00017796710995128645,11,8,0.16583123951776998,2500,OLS_iid,iid,False,5
0,8,8001,24,240001,True,110,False,100,0.7831142590115915,5.281610344070941,0.6057209647539323,0.6435823018902527,0.8837088836200022,1.0339076988183526,0.5582925175521983,0.00011845476096958963,11,8,0.16583123951776998,2500,OLS_iid,iid,False,5
0,9,9001,25,250001,True,106,False,100,0.7683657815340796,4.612793686799705,0.645080921162714,0.6915193804811298,0.9338543380658837,1.0358353206807178,0.5549338168945881,0.00012439947094448377,11,8,0.16583123951776998,2500,OLS_iid,iid,False,5
1,0,1,9,90001,True,106,False,100,0.8592656279146536,4.16682870592922,0.6136955532171002,0.638141392844105,0.9356641963128794,1.0109487470073135,0.63015599177469,8.418193381034315e-05,11,8,0.16583123951776998,2500,OLS_iid,iid,False,5
1,0,1,11,110001,True,107,False,100,0.765549815274042,4.053422912955284,0.5238756598662639,0.5192510440641599,0.9069137439641233,0.9189049551375194,0.6100092557543431,6.0949574336980185e-05,11,8,0.16583123951776998,2500,OLS_iid,iid,False,5
1,0,1,13,130001,True,108,False,100,0.718445583337366,4.0225181840360165,0.583610549005886,0.5890240027618654,1.120070529094784,0.9357092916988838,0.6657823113368384,0.000100637230844395,11,8,0.16583123951776998,2500,OLS_iid,iid,False,5
0,9,9001,20,200001,True,103,False,100,0.7332719582354899,4.706045628059655,0.6086154352079312,0.6503857723456179,1.2714829478398901,0.9731798349482154,0.6279377202068562,0.0001648551979539349,11,8,0.16583123951776998,2500,OLS_iid,iid,False,5
0,7,7001,26,260001,True,99,False,100,0.7800179477656639,6.639999465085566,0.6388021917074936,0.6887142354972385,1.0076911171609313,1.0125340754548777,0.5725302356740914,0.00016870459094608852,11,8,0.16583123951776998,2500,OLS_iid,iid,False,5
0,9,9001,27,270001,True,102,False,100,0.9185182958328538,4.57161208987236,0.6015978751011448,0.634141177244921,0.9605103129923401,0.9562184217050086,0.597150066144886,0.0001364544899083221,11,8,0.16583123951776998,2500,OLS_iid,iid,False,5
0,9,9001,26,260001,True,109,False,100,0.7800179477656639,4.630093455314636,0.5669790126649584,0.5926390898363311,0.9739974114714716,0.9226233788547049,0.6367168226428683,0.00011520607120867412,11,8,0.16583123951776998,2500,OLS_iid,iid,False,5
1,0,1,4,40001,True,110,False,100,0.6770985876792917,4.43389707012102,0.5832247561844363,0.6035108365968541,1.101209212089287,0.9359611041250657,0.6540298277483936,7.24708315133077e-05,11,8,0.16583123951776998,2500,OLS_iid,iid,False,5
0,7,7001,28,280001,True,101,False,100,0.7729573413135521,6.58368598530069,0.5897451768200203,0.6180845787329681,1.0441842611673018,0.8964692680156776,0.6496062996222028,0.00017615624422673574,11,8,0.16583123951776998,2500,OLS_iid,iid,False,5
0,9,9001,29,290001,True,104,False,100,0.901971745986362,4.632808787748218,0.6676676356802945,0.7333308537057548,1.0731204624390531,1.1870906159004122,0.4960749556752349,8.968428115058344e-05,11,8,0.16583123951776998,2500,OLS_iid,iid,False,5
0,7,7001,8,80001,True,97,False,100,0.7917092009661999,7.854338330216706,0.6643790043643859,0.7234189177423761,1.0505692512343163,1.198575490804096,0.4633149911208814,0.00019128091690674264,11,8,0.16583123951776998,2500,OLS_iid,iid,False,5
0,8,8001,5,50001,True,110,False,100,0.7709298441133979,6.21967085218057,0.598251847212055,0.6315496291894985,0.8638421414836888,1.0472821993933021,0.5478481897148724,6.17943460372627e-05,11,8,0.16583123951776998,2500,OLS_iid,iid,False,5
0,9,9001,21,210001,True,103,False,100,0.7625517270473368,4.90662055183202,0.6686477173632279,0.7272504726232015,1.0403756463337783,1.1126600935401192,0.4877260535849113,0.00011552975086187018,11,8,0.16583123951776998,2500,OLS_iid,iid,False,5
0,9,9001,19,190001,True,113,False,100,0.8621175656744737,5.137440660968423,0.5933444122311242,0.6256015879441201,0.821037585223634,1.064821538412646,0.5129098795780384,8.252674850795381e-05,11,8,0.16583123951776998,2500,OLS_iid,iid,False,5
1,0,1,12,120001,True,120,False,100,0.8034888015081432,4.556826176121831,0.5844070649035505,0.6013309124216285,0.9224267294704305,0.9538346042106571,0.6209061519988087,5.6131035818064445e-05,11,8,0.16583123951776998,2500,OLS_iid,iid,False,5
0,7,7001,24,240001,True,104,False,100,0.7831142590115915,7.3179836687631905,0.6177445495022071,0.6578727338519059,0.8652394585088887,1.1784848789207394,0.5366999404951781,0.00011835808994210435,11,8,0.16583123951776998,2500,OLS_iid,iid,False,5
0,6,6001,26,260001,True,104,False,100,0.7800179477656639,8.86543187405914,0.661010438182502,0.7204040456520957,0.9786693935509239,1.18174290109403,0.5171632427109265,0.00012449955486771292,11,8,0.16583123951776998,2500,OLS_iid,iid,False,5
0,7,7001,19,190001,True,109,False,100,0.8621175656744737,7.717504619155079,0.613714034825044,0.6553423856812576,0.8422426179087159,0.9763348465533515,0.5993899879893922,8.155926545058292e-05,11,8,0.16583123951776998,2500,OLS_iid,iid,False,5
0,5,5001,22,220001,True,116,False,100,0.7067767475795607,10.075494066812098,0.6341104340520102,0.6793609588737327,0.9818352050982775,1.0997247678084086,0.5530042465379699,0.00013285686629018966,11,8,0.16583123951776998,2500,OLS_iid,iid,False,5
1,0,1,18,180001,True,120,False,100,0.7057171016948187,4.290303830988705,0.5725980380364186,0.5722903382528822,0.9295549752632263,0.9556379638169824,0.5750149872209007,0.00010056852757308494,11,8,0.16583123951776998,2500,OLS_iid,iid,False,5
0,7,7001,5,50001,True,112,False,100,0.7709298441133979,8.46145368879661,0.5256140305443988,0.5336179567041474,0.9993474507092527,0.905632021936685,0.6327580286627719,6.172560859165904e-05,11,8,0.16583123951776998,2500,OLS_iid,iid,False,5
0,8,8001,8,80001,True,109,False,100,0.7917092009661999,6.380684836301953,0.5381550083164728,0.5605691055090752,0.8812403298170803,0.8697339271431086,0.6609457524863435,0.0001555324994365306,11,8,0.16583123951776998,2500,OLS_iid,iid,False,5
0,7,7001,12,120001,True,99,False,100,0.8034888015081432,8.36314871488139,0.6972763095986904,0.7697533529705441,1.0590958391670298,1.4918057974233205,0.4881451006173648,0.00015485741679578799,11,8,0.16583123951776998,2500,OLS_iid,iid,False,5
0,7,7001,14,140001,True,105,False,100,0.7433479507689166,8.407627324108034,0.6034693567528859,0.629855676728311,1.0839182745575493,0.9065742378466168,0.6332846065763263,0.00018879253889219843,11,8,0.16583123951776998,2500,OLS_iid,iid,False,5
0,7,7001,25,250001,True,105,False,100,0.7683657815340796,7.951596878003329,0.6455941757819302,0.698660775577702,1.0381134799611367,1.08178520102649,0.5837699195055932,0.00013552959016759094,11,8,0.16583123951776998,2500,OLS_iid,iid,False,5
0,7,7001,29,290001,True,109,False,100,0.901971745986362,7.8971671387553215,0.6189475527367656,0.647117948077812,0.9530952263752095,1.1138343580593493,0.4767838274204042,8.516125899095269e-05,11,8,0.16583123951776998,2500,OLS_iid,iid,False,5
0,7,7001,27,270001,True,102,False,100,0.9185182958328538,7.995961747132242,0.6605636236723919,0.7093688101528518,1.0134721297516351,1.151661089524656,0.5282731442496407,0.00012715178527644529,11,8,0.16583123951776998,2500,OLS_iid,iid,False,5
1,0,1,20,200001,True,111,False,100,0.7194904617523997,4.584865741897374,0.6403363701564275,0.6822097145446546,1.1241428238176943,2.4227938171873573,0.5060377597544283,9.050987593722348e-05,11,8,0.16583123951776998,2500,OLS_iid,iid,False,5
0,7,7001,23,230001,True,93,False,100,0.7131776200290234,8.287863465026021,0.6435023828570731,0.6946548788721288,1.2103878399484533,1.0256905123653606,0.5627158056107555,0.00025112398305733477,11,8,0.16583123951776998,2500,OLS_iid,iid,False,5
0,9,9001,28,280001,True,96,False,100,0.7729573413135521,6.01005867915228,0.5229829662027367,0.529980298269655,0.9258432592248708,0.8794543350603209,0.6399446569760768,0.0002290377268604479,11,8,0.16583123951776998,2500,OLS_iid,iid,False,5
0,9,9001,5,50001,True,104,False,100,0.7709298441133979,6.612442558631301,0.6100704622737152,0.6478472554323761,0.9366548145267454,0.9666415293835311,0.602968610373506,9.475115128749717e-05,11,8,0.16583123951776998,2500,OLS_iid,iid,False,5
0,6,6001,29,290001,True,109,False,100,0.901971745986362,9.957669557072222,0.5891473547368643,0.6045566865834835,0.997945016058505,0.9782537007056562,0.5793005061449853,7.932832451937845e-05,11,8,0.16583123951776998,2500,OLS_iid,iid,False,5
1,0,1,17,170001,True,113,False,100,0.6663488150377282,5.33756889635697,0.5683958365141635,0.5777110100669471,0.9436202933018294,1.0523880005713193,0.5319483461141916,7.877283113947082e-05,11,8,0.16583123951776998,2500,OLS_iid,iid,False,5
1,0,1,28,280001,True,102,False,100,0.7729573413135521,3.609698558691889,0.5965363936196757,0.6090144100483055,0.99352841613048,0.9517924321313458,0.6283303754066344,0.00012754423241159038,11,8,0.16583123951776998,2500,OLS_iid,iid,False,5
0,7,7001,16,160001,True,113,False,100,0.7025495684789527,9.435510868672282,0.5766160252905997,0.5989085496796188,1.0391736639637228,0.8524479970504799,0.6445252838054295,0.00014187575785487274,11,8,0.16583123951776998,2500,OLS_iid,iid,False,5
1,1,1001,1,10001,True,101,False,100,0.8551485181776444,3.8441583127714694,0.5490831811702561,0.5492203794085871,1.0346263399625677,0.980127015205763,0.580192166608471,0.0001354636096003635,11,8,0.16583123951776998,2500,OLS_iid,iid,False,5
1,1,1001,2,20001,True,106,False,100,0.8223389972643678,3.8823739951476455,0.5686692310650716,0.5742665157633686,0.9027414127642189,0.9258606075747234,0.6470978107808059,9.052504810348291e-05,11,8,0.16583123951776998,2500,OLS_iid,iid,False,5
1,1,1001,7,70001,True,100,False,100,0.6817050683873941,3.5151403956115246,0.6819931446189335,0.7267708059249013,0.9747501745142032,1.2277637294051913,0.47970855285011027,0.00014367566607507504,11,8,0.16583123951776998,2500,OLS_iid,iid,False,5
0,6,6001,25,250001,True,107,False,100,0.7683657815340796,10.74792724987492,0.6100026363489912,0.653988388386658,1.0515943602064368,1.2073264561050934,0.5315021472523583,0.00012881775842409166,11,8,0.16583123951776998,2500,OLS_iid,iid,False,5
0,8,8001,7,70001,True,105,False,100,0.6817050683873941,8.13098282692954,0.6719848666104218,0.7357151638356844,1.1174036036953938,1.1011462630543674,0.486401665373152,0.00013544674763488177,11,8,0.16583123951776998,2500,OLS_iid,iid,False,5
0,5,5001,17,170001,True,112,False,100,0.686127628919957,11.693434791639447,0.5118533707221059,0.5238119656236165,0.9844438613451476,0.989650265011647,0.6225665458652175,8.470943716532247e-05,11,8,0.16583123951776998,2500,OLS_iid,iid,False,5
0,8,8001,21,210001,True,108,False,100,0.7625517270473368,7.636845233850181,0.6285677650722863,0.6704340277129829,1.1129393426515355,1.061660955417221,0.5531877136353653,9.962299117599984e-05,11,8,0.16583123951776998,2500,OLS_iid,iid,False,5
0,9,9001,12,120001,True,105,False,100,0.8034888015081432,7.265003262553364,0.5928961545352902,0.6174461163047511,0.9494311016946421,0.9976657980257414,0.5952850524311455,0.0001366361201480341,11,8,0.16583123951776998,2500,OLS_iid,iid,False,5
0,6,6001,13,130001,True,109,False,100,0.718445583337366,11.416204825043678,0.5532281916726626,0.5757791945622607,1.0173833529561136,0.9516173298206038,0.6370648580546745,0.00015602232911009908,11,8,0.16583123951776998,2500,OLS_iid,iid,False,5
0,8,8001,0,1,True,107,False,100,0.7559997774127204,8.904684357810766,0.6555667325321064,0.711032032220195,0.9636184245977137,1.217798479276475,0.46593269518143343,0.00011302550359765111,11,8,0.16583123951776998,2500,OLS_iid,iid,False,5
1,0,1,19,190001,True,126,False,100,0.8621175656744737,5.875681832898408,0.5899289980309564,0.6005837936423382,0.8303638419742223,1.0428896104201275,0.5300157099474265,3.374249222225062e-05,11,8,0.16583123951776998,2500,OLS_iid,iid,False,5
1,0,1,14,140001,True,98,False,100,0.7433479507689166,6.525439109187573,0.6352118367549555,0.6555616319570065,1.0578900166577516,1.1312118155910054,0.5989980333666443,0.00017197425466154733,11,8,0.16583123951776998,2500,OLS_iid,iid,False,5
1,1,1001,4,40001,True,113,False,100,0.6770985876792917,4.096416036132723,0.5701063904912909,0.5780872761703787,0.8697622363374676,0.9239941529649259,0.6602466767134303,6.87518871834258e-05,11,8,0.16583123951776998,2500,OLS_iid,iid,False,5
1,0,1,5,50001,True,111,False,100,0.7709298441133979,6.863537745084614,0.5576996280895966,0.5576048205752753,0.9624027637195388,0.9538233286234012,0.674041325671552,5.256699141734893e-05,11,8,0.16583123951776998,2500,OLS_iid,iid,False,5
1,1,1001,10,100001,True,102,False,100,0.8147646203361788,3.8738666381686926,0.5930025449737346,0.6054435788258092,0.990391270307109,0.9051494908842436,0.6601472606596471,0.0001743379902154408,11,8,0.16583123951776998,2500,OLS_iid,iid,False,5
0,6,6001,16,160001,True,115,False,100,0.7025495684789527,11.680435866117477,0.5865954954266616,0.6202978755133125,0.8929359660365149,1.0035281127875273,0.6062026194633275,0.00012372840784867134,11,8,0.16583123951776998,2500,OLS_iid,iid,False,5
1,1,1001,11,110001,True,108,False,100,0.765549815274042,4.080024727620184,0.6169185574908934,0.6383365369630701,1.1323822931629954,1.2265407612952803,0.5378732150103757,6.889552010209244e-05,11,8,0.16583123951776998,2500,OLS_iid,iid,False,5
0,7,7001,17,170001,True,105,False,100,0.686127628919957,10.23770810291171,0.6610443590768388,0.7164254086987955,0.9900262269573751,1.1097592107244083,0.5806951154633271,0.00015417433283668105,11,8,0.16583123951776998,2500,OLS_iid,iid,False,5
0,7,7001,7,70001,True,107,False,100,0.6817050683873941,10.673101318068802,0.6078121390707066,0.634537280781053,0.9406004680303619,1.0680937193100695,0.523507140909287,0.00012505088703861195,11,8,0.16583123951776998,2500,OLS_iid,iid,False,5
1,1,1001,20,200001,True,106,False,100,0.7194904617523997,4.052872576285154,0.5503188594975478,0.5550186064396958,0.8584566299872626,0.8261379514444022,0.6928556908423735,9.721180078947594e-05,11,8,0.16583123951776998,2500,OLS_iid,iid,False,5
1,1,1001,12,120001,True,108,False,100,0.8034888015081432,4.173913784790784,0.6475025539862909,0.6811784764306726,0.9847450038682336,1.062979427362587,0.5873464122328054,8.496249213942911e-05,11,8,0.16583123951776998,2500,OLS_iid,iid,False,5
1,1,1001,16,160001,True,108,False,100,0.7025495684789527,4.234653557185084,0.5859008917598955,0.5957805322364563,0.9024174057587493,1.0113983170809118,0.5803052956141632,0.00010913096685179271,11,8,0.16583123951776998,2500,OLS_iid,iid,False,5
1,2,2001,6,60001,True,104,False,100,0.7271209013490594,3.742960800882429,0.602532474950686,0.6113083680155557,0.9014692350477587,1.7129854496411423,0.5738853657421743,8.685200603123979e-05,11,8,0.16583123951776998,2500,OLS_iid,iid,False,5
1,2,2001,0,1,True,108,False,100,0.7559997774127204,3.941326888743788,0.5752253999806333,0.5743934623934321,0.9225837795897075,1.0794445723615755,0.5039120191831091,9.101732321104111e-05,11,8,0.16583123951776998,2500,OLS_iid,iid,False,5
1,2,2001,14,140001,True,102,False,100,0.7433479507689166,3.6122636129148304,0.5487546385757142,0.5419392275924445,0.9194161775090982,0.9302670125648114,0.6202228963856308,0.0001480634972498223,11,8,0.16583123951776998,2500,OLS_iid,iid,False,5
1,1,1001,24,240001,True,111,False,100,0.7831142590115915,4.21806387975812,0.5873270941046977,0.5998450779662504,1.1692439121310467,0.9018738920192106,0.6591984097284597,8.668810014644971e-05,11,8,0.16583123951776998,2500,OLS_iid,iid,False,5
1,1,1001,19,190001,True,116,False,100,0.8621175656744737,4.387300799135119,0.5486179970487727,0.5500453113424727,0.7857641659198883,0.9773551925604099,0.5791097149741419,4.230498679561184e-05,11,8,0.16583123951776998,2500,OLS_iid,iid,False,5
1,1,1001,23,230001,True,108,False,100,0.7131776200290234,4.283176284749061,0.5764134814526283,0.5903527612949766,0.7765002206876195,0.9150452057452115,0.6639115052253615,9.702050984873692e-05,11,8,0.16583123951776998,2500,OLS_iid,iid,False,5
1,2,2001,7,70001,True,101,False,100,0.6817050683873941,3.879672871902585,0.6137780599876806,0.6345279397630023,0.8778141900430053,1.0081606317714358,0.596944391681452,0.00011961550486152208,11,8,0.16583123951776998,2500,OLS_iid,iid,False,5
1,2,2001,1,10001,True,104,False,100,0.8551485181776444,4.057412877678871,0.5316880543943171,0.5226953573565517,1.0054743312599477,0.8039572741993171,0.7115100979878666,0.00011628890593414844,11,8,0.16583123951776998,2500,OLS_iid,iid,False,5
1,1,1001,25,250001,True,109,False,100,0.7683657815340796,4.278742343187332,0.5435888319355042,0.5395464965180042,0.94847513676836,0.9033171490432576,0.657583448700719,9.287794439928012e-05,11,8,0.16583123951776998,2500,OLS_iid,iid,False,5
1,1,1001,27,270001,True,111,False,100,0.9185182958328538,4.233720283024013,0.5412906304999494,0.5421681120975825,0.9902522548669529,0.8916219593794757,0.6590363747430033,7.795969781558103e-05,11,8,0.16583123951776998,2500,OLS_iid,iid,False,5
1,0,1,26,260001,True,130,False,100,0.7800179477656639,5.499924317933619,0.5147302645958316,0.5039878642220885,0.9342520771519696,1.108104998166779,0.6224154457902303,4.305154674038645e-05,11,8,0.16583123951776998,2500,OLS_iid,iid,False,5
1,2,2001,4,40001,True,107,False,100,0.6770985876792917,4.147420329041779,0.6264121909626946,0.6473311681764536,1.0002025103940555,1.2895287111715794,0.5437902812874456,7.246373629831339e-05,11,8,0.16583123951776998,2500,OLS_iid,iid,False,5
1,2,2001,10,100001,True,102,False,100,0.8147646203361788,3.985781291965395,0.6044665088600427,0.6268610482954684,1.220209605803894,0.9668189294979751,0.6269664962936623,0.0001617296712525544,11,8,0.16583123951776998,2500,OLS_iid,iid,False,5
1,2,2001,17,170001,True,103,False,100,0.6663488150377282,3.9176234868355095,0.5117655460516259,0.48404443614325404,0.8762258673585928,0.8682479228179776,0.6587299044778797,9.217387194087367e-05,11,8,0.16583123951776998,2500,OLS_iid,iid,False,5
1,2,2001,15,150001,True,105,False,100,0.6466714203305812,3.9920597337186337,0.5762246389807296,0.586928258948595,0.8866836736149151,0.9739319494786244,0.6194282819346748,0.00014532939755974817,11,8,0.16583123951776998,2500,OLS_iid,iid,False,5
1,2,2001,25,250001,True,102,False,100,0.7683657815340796,3.8368332479149103,0.6064663945354558,0.6241147261367689,0.8882467427876145,0.9563465458329075,0.6387784688918312,0.00013713242264400355,11,8,0.16583123951776998,2500,OLS_iid,iid,False,5
1,2,2001,13,130001,True,109,False,100,0.718445583337366,4.115522307343781,0.6503644244224915,0.6880129241164351,0.970655222492413,1.0869739922449937,0.5925716714068603,9.662149200770207e-05,11,8,0.16583123951776998,2500,OLS_iid,iid,False,5
1,2,2001,24,240001,True,105,False,100,0.7831142590115915,3.9367798869498074,0.6520192764360925,0.6843627347433248,1.080720923430083,1.1948714445903785,0.5119485904342781,0.00010230916762943605,11,8,0.16583123951776998,2500,OLS_iid,iid,False,5
0,7,7001,22,220001,True,97,False,100,0.7067767475795607,10.654505704995245,0.5835502388876319,0.6064823513725811,0.9291734877739704,1.079270022290362,0.5363380241187958,0.0002182973025215019,11,8,0.16583123951776998,2500,OLS_iid,iid,False,5
1,3,3001,4,40001,True,112,False,100,0.6770985876792917,3.8234886513091624,0.6322009127826574,0.665351717185236,0.9618570558182348,1.1467456556177829,0.5680040986449664,7.483509011435924e-05,11,8,0.16583123951776998,2500,OLS_iid,iid,False,5
1,0,1,16,160001,True,105,False,100,0.7025495684789527,7.442368863150477,0.632886465493307,0.6622320485293799,1.02465266696405,1.161687441258381,0.5294941911018438,0.00015640291714142274,11,8,0.16583123951776998,2500,OLS_iid,iid,False,5
1,2,2001,21,210001,True,110,False,100,0.7625517270473368,4.144096720032394,0.6067390871162553,0.623988410338549,1.1035036800606919,1.0235025029268974,0.5752282375058888,7.518308958277597e-05,11,8,0.16583123951776998,2500,OLS_iid,iid,False,5
1,2,2001,8,80001,True,109,False,100,0.7721464948036827,4.403024171013385,0.5832974105442218,0.6020533698116942,1.0392908106905085,1.0983445230582798,0.5322162230014681,0.00013157737755200267,11,8,0.16583123951776998,2500,OLS_iid,iid,False,5
1,2,2001,23,230001,True,110,False,100,0.7131776200290234,4.160169509239495,0.5838028231401494,0.593949470947744,0.9871381037079561,1.080662491174294,0.5870757541759885,0.00010304926651770296,11,8,0.16583123951776998,2500,OLS_iid,iid,False,5
1,1,1001,18,180001,True,129,False,100,0.7057171016948187,5.0316607262939215,0.525280086684561,0.5197892951088842,0.8197973677141344,0.9245678677208652,0.6672420039061462,6.563246957884107e-05,11,8,0.16583123951776998,2500,OLS_iid,iid,False,5
1,2,2001,12,120001,True,109,False,100,0.8034888015081432,4.406998376827687,0.644264411932534,0.6776374763701363,0.9626211674367015,1.1156193282531544,0.5328020304979753,8.864776715455931e-05,11,8,0.16583123951776998,2500,OLS_iid,iid,False,5
1,3,3001,7,70001,True,105,False,100,0.6817050683873941,3.9846549700014293,0.6025100934099344,0.6298286564785266,1.1612857719371767,1.245756184974238,0.6087910120996084,0.00011406802907660734,11,8,0.16583123951776998,2500,OLS_iid,iid,False,5
1,3,3001,13,130001,True,109,False,100,0.718445583337366,3.891629657242447,0.6485442960399688,0.6913135881495781,1.0324035505440592,1.3341849351836272,0.4584464044721958,0.00010870621632900637,11,8,0.16583123951776998,2500,OLS_iid,iid,False,5
1,0,1,23,230001,True,113,False,100,0.7131776200290234,6.509723194874823,0.6184861855959018,0.6343149970380311,1.0456364127685085,1.1701521482621058,0.5646425164257969,9.613963383174745e-05,11,8,0.16583123951776998,2500,OLS_iid,iid,False,5
1,3,3001,2,20001,True,114,False,100,0.8223389972643678,4.118325898889452,0.5389573142874272,0.5375049358044529,0.8906386656183218,0.9403721381072495,0.599845217217182,7.700397944619694e-05,11,8,0.16583123951776998,2500,OLS_iid,iid,False,5
1,2,2001,9,90001,True,120,False,100,0.8592656279146536,4.609721427317709,0.6114023526645093,0.6361657898702754,1.1758290284687456,1.4930194796405487,0.5358085511000494,5.404489990239284e-05,11,8,0.16583123951776998,2500,OLS_iid,iid,False,5
1,3,3001,3,30001,True,103,False,100,0.6722504785448492,4.196512233931571,0.6195928341182048,0.6279575954686432,0.9910771690621885,1.0204248765661734,0.6008967136599846,0.00014316272557288827,11,8,0.16583123951776998,2500,OLS_iid,iid,False,5
1,2,2001,18,180001,True,102,False,100,0.7057171016948187,4.518970150966197,0.6149747294734053,0.6308411802641651,0.8783396431283487,1.1375666434736362,0.6100249923648309,0.00017091537685179773,11,8,0.16583123951776998,2500,OLS_iid,iid,False,5
1,2,2001,16,160001,True,129,False,100,0.7025495684789527,4.607241362798959,0.4595010912262451,0.43447461885659844,0.8230405831449018,0.7333728320132595,0.7440631004909629,7.258485520393738e-05,11,8,0.16583123951776998,2500,OLS_iid,iid,False,5
1,2,2001,2,20001,True,122,False,100,0.8223389972643678,5.031112500000745,0.6088250664741209,0.6249045487270292,1.0920527779435396,1.0867191198997572,0.5651387148382915,5.7465904873683984e-05,11,8,0.16583123951776998,2500,OLS_iid,iid,False,5
1,2,2001,22,220001,True,103,False,100,0.7067767475795607,4.633891367353499,0.5998250794078682,0.6169772297660072,1.0473251328248412,0.9468824304736309,0.6869522888233229,0.00013481758327302446,11,8,0.16583123951776998,2500,OLS_iid,iid,False,5
1,3,3001,10,100001,True,103,False,100,0.8147646203361788,4.351618790067732,0.6070560661916129,0.6263209470676816,1.0138501020943727,1.0108905711505802,0.6014819829098861,0.00015256835716675213,11,8,0.16583123951776998,2500,OLS_iid,iid,False,5
1,2,2001,28,280001,True,121,False,100,0.7729573413135521,4.6253824001178145,0.6049941182820368,0.6151596044365227,1.0427103106682114,1.046571137974689,0.6873486044120405,7.543402352939184e-05,11,8,0.16583123951776998,2500,OLS_iid,iid,False,5
1,3,3001,8,80001,True,113,False,100,0.7721464948036827,4.526796292047948,0.5106660418724764,0.5012972013717184,0.846649028642974,0.9212459378677466,0.6020804573601775,0.00010730326914894297,11,8,0.16583123951776998,2500,OLS_iid,iid,False,5
1,1,1001,22,220001,True,123,False,100,0.7067767475795607,5.552279063034803,0.5781193673365861,0.5881316778680046,1.05599259072248,1.0931802180376633,0.6046133854935575,6.0880715994342306e-05,11,8,0.16583123951776998,2500,OLS_iid,iid,False,5
1,3,3001,18,180001,True,104,False,100,0.7057171016948187,4.164254473987967,0.5654211572249372,0.5803034530926986,1.0097158060710334,0.920563652401702,0.6846712113880586,0.00014510517484243345,11,8,0.16583123951776998,2500,OLS_iid,iid,False,5
0,7,7001,3,30001,True,102,False,100,0.6722504785448492,12.488502616994083,0.6489533270743506,0.7023168363787091,1.0563602783801134,0.9715631069467108,0.6132605582429018,0.0002011917216836585,11,8,0.16583123951776998,2500,OLS_iid,iid,False,5
1,2,2001,29,290001,True,117,False,100,0.901971745986362,4.679752183146775,0.6007994191502519,0.6166344795304556,1.0055922713367538,1.1886130378634607,0.45988341301650565,4.293635795816136e-05,11,8,0.16583123951776998,2500,OLS_iid,iid,False,5
1,0,1,1,10001,True,107,False,100,0.8551485181776444,9.014880001079291,0.5764468892275336,0.5875536316482317,1.0226536410839442,1.0179223856797595,0.6361940424405917,0.00010022752665402006,11,8,0.16583123951776998,2500,OLS_iid,iid,False,5
1,3,3001,1,10001,True,102,False,100,0.8551485181776444,4.690642165020108,0.6528086546250682,0.6843003819048671,1.0971538428916079,1.1343399864573669,0.5422032646130042,0.00013137970297625993,11,8,0.16583123951776998,2500,OLS_iid,iid,False,5
0,8,8001,10,100001,True,108,False,100,0.8147646203361788,10.359823142644018,0.5780714878899914,0.5867241838925493,0.886036352734908,0.9060633525524228,0.6177809154560765,0.0001536413834923732,11,8,0.16583123951776998,2500,OLS_iid,iid,False,5
1,2,2001,20,200001,True,112,False,100,0.7194904617523997,4.99677549302578,0.5929001682647266,0.6074387264051657,0.986419433223465,0.9448224874359458,0.6256456730624149,8.667970469418545e-05,11,8,0.16583123951776998,2500,OLS_iid,iid,False,5
1,2,2001,11,110001,True,113,False,100,0.765549815274042,5.150870437268168,0.5199923008609049,0.5023391419704266,1.0830969607095948,0.7973716231808493,0.6987824465797843,5.088339727846082e-05,11,8,0.16583123951776998,2500,OLS_iid,iid,False,5
1,3,3001,5,50001,True,107,False,100,0.7709298441133979,4.75295452773571,0.5390757747982129,0.5394231838129525,1.2282442600342067,1.0540636797797918,0.5277809389220681,5.7121473107618705e-05,11,8,0.16583123951776998,2500,OLS_iid,iid,False,5
1,3,3001,24,240001,True,111,False,100,0.7831142590115915,4.060829916968942,0.5246699419378822,0.5188603458701331,1.0917372335236681,0.9421081301484074,0.5637697020851676,9.881400862304129e-05,11,8,0.16583123951776998,2500,OLS_iid,iid,False,5
1,1,1001,29,290001,True,114,False,100,0.901971745986362,5.5704671600833535,0.5914323713814522,0.603430246168177,0.8310978672493824,1.061869783956929,0.5422124424296471,5.469982582232138e-05,11,8,0.16583123951776998,2500,OLS_iid,iid,False,5
1,2,2001,26,260001,True,106,False,100,0.7800179477656639,5.029245750978589,0.6069727882676403,0.6282102324953079,0.9471700777078172,0.9931907789272441,0.5999144061148466,8.792341152004836e-05,11,8,0.16583123951776998,2500,OLS_iid,iid,False,5
1,3,3001,6,60001,True,119,False,100,0.7271209013490594,4.861422123853117,0.5085565550238133,0.5011577289087291,1.0538459354373928,0.9504499576514698,0.601986261932596,4.754447312737975e-05,11,8,0.16583123951776998,2500,OLS_iid,iid,False,5
1,3,3001,12,120001,True,115,False,100,0.8034888015081432,4.9305624342523515,0.5842125881987994,0.5921905717241245,1.1125484315873426,1.0951230580363664,0.5746193584064138,5.880455696145536e-05,11,8,0.16583123951776998,2500,OLS_iid,iid,False,5
1,0,1,22,220001,True,109,False,100,0.7067767475795607,7.692965886089951,0.5598629167210384,0.5641880737989673,0.8851293340628082,0.9606878181667977,0.5872390972076384,0.00012817980805467194,11,8,0.16583123951776998,2500,OLS_iid,iid,False,5
1,1,1001,9,90001,True,104,False,100,0.8592656279146536,6.458475394174457,0.655492365532359,0.6900385077646771,0.9850000941623852,1.1848761615430874,0.5176950171342635,0.00010852589085555092,11,8,0.16583123951776998,2500,OLS_iid,iid,False,5
1,2,2001,27,270001,True,116,False,100,0.9185182958328538,5.298421949148178,0.5811027997826829,0.5940902071634567,0.8315272183217057,0.9347348621412174,0.653282125304542,6.897230338384793e-05,11,8,0.16583123951776998,2500,OLS_iid,iid,False,5
1,1,1001,5,50001,True,110,False,100,0.7709298441133979,6.64328569592908,0.561310129566093,0.5724146061379384,0.8892544501741373,0.894640313786538,0.6606066402690611,5.388315484099528e-05,11,8,0.16583123951776998,2500,OLS_iid,iid,False,5
1,3,3001,11,110001,True,117,False,100,0.765549815274042,5.134648046921939,0.6597061342298469,0.6961862454535507,0.9675402156087693,1.2195748187804192,0.4942464188617344,4.9925936888011745e-05,11,8,0.16583123951776998,2500,OLS_iid,iid,False,5
1,1,1001,0,1,True,113,False,100,0.7559997774127204,6.990304061211646,0.5623335989476288,0.5596369177861056,0.8692953561099375,1.0660836657193369,0.5672244521769017,7.086442903261525e-05,11,8,0.16583123951776998,2500,OLS_iid,iid,False,5
1,3,3001,17,170001,True,106,False,100,0.6663488150377282,5.040061144158244,0.6443711635009256,0.6797507553396749,1.1484575154036882,1.0725003104646298,0.6243502834764738,0.00010160247575383403,11,8,0.16583123951776998,2500,OLS_iid,iid,False,5
1,0,1,24,240001,True,119,False,100,0.7831142590115915,7.617931591812521,0.5663886620268785,0.5541817793716298,0.9870372317353675,0.8625522614595467,0.6658532666324265,6.867437368838754e-05,11,8,0.16583123951776998,2500,OLS_iid,iid,False,5
1,3,3001,19,190001,True,119,False,100,0.8621175656744737,4.816967030055821,0.6029381091453406,0.6176066225046927,1.0060354707437773,1.0349516853431608,0.5713370392626379,4.0920551037753405e-05,11,8,0.16583123951776998,2500,OLS_iid,iid,False,5
1,4,4001,8,80001,True,101,False,100,0.7721464948036827,3.6600976758636534,0.5423111581639615,0.5422078792999572,0.8922499240058404,0.8962399225439144,0.6221785795104272,0.00015150830772245194,11,8,0.16583123951776998,2500,OLS_iid,iid,False,5
1,4,4001,2,20001,True,106,False,100,0.8223389972643678,4.046738133765757,0.5313400294962773,0.5332566841915062,1.3117283964858504,1.0157259831825893,0.6642072897289454,8.628211877505659e-05,11,8,0.16583123951776998,2500,OLS_iid,iid,False,5
1,0,1,29,290001,True,118,False,100,0.901971745986362,7.247159355785698,0.5928677235987712,0.6117214449164652,0.9675843533779502,1.1489686326638648,0.4688029400563297,4.34821034314929e-05,11,8,0.16583123951776998,2500,OLS_iid,iid,False,5
1,1,1001,14,140001,True,112,False,100,0.7433479507689166,6.776973135769367,0.6470776190527722,0.6842847683008298,1.1862133512678206,1.1704161620647069,0.5566541775359123,0.00011117322696447083,11,8,0.16583123951776998,2500,OLS_iid,iid,False,5
1,2,2001,3,30001,True,105,False,100,0.6722504785448492,6.505257774144411,0.49008167936556885,0.4771476060734321,1.0076892458737827,0.81434535955082,0.7117898269714467,0.000128668334704329,11,8,0.16583123951776998,2500,OLS_iid,iid,False,5
1,4,4001,12,120001,True,109,False,100,0.8034888015081432,3.67656431440264,0.597018119200705,0.6257911436780101,1.152726048124886,1.2018914191514418,0.638392232283685,7.376888177501836e-05,11,8,0.16583123951776998,2500,OLS_iid,iid,False,5
1,3,3001,14,140001,True,119,False,100,0.7433479507689166,5.722364526242018,0.5583479647417743,0.5595745658778735,0.8831246210751171,0.889936098307737,0.6584945561491528,9.916352538832959e-05,11,8,0.16583123951776998,2500,OLS_iid,iid,False,5
1,1,1001,3,30001,True,105,False,100,0.6722504785448492,7.538393956143409,0.6088358087356442,0.6251196379985466,0.9589055706253007,1.0508526652448738,0.5834456771298452,0.00012136602758548543,11,8,0.16583123951776998,2500,OLS_iid,iid,False,5
1,0,1,21,210001,True,111,False,100,0.7625517270473368,8.618402667809278,0.5543497116425176,0.5640403666410367,0.8935770303161995,0.8920508331418272,0.6406241052685399,8.442542035117853e-05,11,8,0.16583123951776998,2500,OLS_iid,iid,False,5
1,0,1,27,270001,True,108,False,100,0.9185182958328538,7.979820903856307,0.5191855198818871,0.5144348049173515,0.8150431858973896,0.9733534244780147,0.5505021293819166,8.597525319128366e-05,11,8,0.16583123951776998,2500,OLS_iid,iid,False,5
1,4,4001,5,50001,True,113,False,100,0.7709298441133979,4.892865178175271,0.5628498444869986,0.5675161035047037,1.0171483345275725,0.9670865501173903,0.630505391122984,5.1407898460834666e-05,11,8,0.16583123951776998,2500,OLS_iid,iid,False,5
1,4,4001,10,100001,True,111,False,100,0.8147646203361788,4.320784431882203,0.48777466257737473,0.4738782162195088,0.784881702487329,0.761460184862724,0.7156672876361109,0.00011445772762620745,11,8,0.16583123951776998,2500,OLS_iid,iid,False,5
1,1,1001,21,210001,True,118,False,100,0.7625517270473368,7.521270263008773,0.5936974546814849,0.6073942404751514,0.9703467711411428,1.112053070564494,0.4853473875367043,6.721594255135432e-05,11,8,0.16583123951776998,2500,OLS_iid,iid,False,5
1,4,4001,22,220001,True,108,False,100,0.7067767475795607,3.9343369216658175,0.6177009775386196,0.6400859194351196,1.0401215634503425,1.176366760983789,0.4866290055066802,0.0001253845711280879,11,8,0.16583123951776998,2500,OLS_iid,iid,False,5
1,4,4001,24,240001,True,116,False,100,0.7831142590115915,3.9696668130345643,0.6235915601200265,0.6481248654006587,0.9217074043543043,1.1422142984346275,0.4951418004341857,8.506193132717297e-05,11,8,0.16583123951776998,2500,OLS_iid,iid,False,5
1,5,5001,8,80001,True,100,False,100,0.7721464948036827,3.368552677333355,0.5977304300234773,0.6086513115410305,1.1378450959201727,0.9741585173682037,0.6237350832346751,0.0001625651662088756,11,8,0.16583123951776998,2500,OLS_iid,iid,False,5
1,5,5001,3,30001,True,108,False,100,0.6722504785448492,3.5832035928033292,0.5009605636890686,0.49951787501555367,0.7296947702659509,0.7746309449246429,0.7220645569517063,0.00011722845365914341,11,8,0.16583123951776998,2500,OLS_iid,iid,False,5
1,3,3001,16,160001,True,100,False,100,0.7025495684789527,6.728316307999194,0.5991904608909473,0.6144369540122507,1.0308673950084195,0.9421337186452063,0.6617909275045137,0.00013780380401269912,11,8,0.16583123951776998,2500,OLS_iid,iid,False,5
1,3,3001,9,90001,True,103,False,100,0.8592656279146536,6.908805087208748,0.5642264503703365,0.5695670842543852,0.9720750431558067,0.9172796762359194,0.6502720629360171,0.00010581550884629014,11,8,0.16583123951776998,2500,OLS_iid,iid,False,5
1,5,5001,2,20001,True,112,False,100,0.8223389972643678,3.8388353753834963,0.564009440516678,0.5436055115286776,1.0537032358951168,0.9976326545275767,0.5798284243296957,6.777611882188963e-05,11,8,0.16583123951776998,2500,OLS_iid,iid,False,5
1,1,1001,26,260001,True,114,False,100,0.7800179477656639,7.841934080701321,0.5275895764970873,0.534621998085123,1.048010331685513,0.8444922555004876,0.6908806829642697,5.776477166287928e-05,11,8,0.16583123951776998,2500,OLS_iid,iid,False,5
1,5,5001,15,150001,True,105,False,100,0.6466714203305812,3.490953465923667,0.6212007020600242,0.6406406520452769,1.1822016846938732,1.0811301518184497,0.6003045261429011,0.0001212375170114083,11,8,0.16583123951776998,2500,OLS_iid,iid,False,5
1,1,1001,15,150001,True,119,False,100,0.6466714203305812,8.20765459863469,0.5780757238763715,0.5837932967652969,1.0355057021873584,0.9178157797411093,0.6447693902348222,7.991484037681304e-05,11,8,0.16583123951776998,2500,OLS_iid,iid,False,5
1,5,5001,6,60001,True,108,False,100,0.7271209013490594,3.793914634268731,0.5253228550838352,0.5164139170062751,0.7552841502316967,0.9584829740907624,0.5636025611250163,7.831188479708684e-05,11,8,0.16583123951776998,2500,OLS_iid,iid,False,5
1,5,5001,5,50001,True,110,False,100,0.7709298441133979,4.003893671091646,0.5016577390920955,0.48624575921261853,0.7918762613912596,0.7991458025721127,0.7231122846861922,4.35209399399595e-05,11,8,0.16583123951776998,2500,OLS_iid,iid,False,5
1,5,5001,4,40001,True,111,False,100,0.6770985876792917,4.056459353771061,0.584902751863432,0.5854243103753174,1.180601968509118,1.1506582344391574,0.4967226826240182,7.463430445183239e-05,11,8,0.16583123951776998,2500,OLS_iid,iid,False,5
1,5,5001,0,1,True,112,False,100,0.7559997774127204,4.305798165034503,0.5176518121869137,0.5062194441805563,0.8754340214394981,0.8973391629295404,0.6418940742752695,8.387129754061768e-05,11,8,0.16583123951776998,2500,OLS_iid,iid,False,5
1,4,4001,20,200001,True,113,False,100,0.7194904617523997,4.839173581916839,0.5790738292473607,0.5822396753373378,0.9433099866092991,1.1105840983695916,0.5033281317840946,7.934116393318777e-05,11,8,0.16583123951776998,2500,OLS_iid,iid,False,5
1,1,1001,13,130001,True,109,False,100,0.718445583337366,8.512849054299295,0.6005495877476277,0.6173170895880126,0.9561677647008185,2.8618235967752375,0.48836203583432736,8.74774780661935e-05,11,8,0.16583123951776998,2500,OLS_iid,iid,False,5
1,5,5001,9,90001,True,104,False,100,0.8592656279146536,4.079568050336093,0.5418971166410789,0.5345185124451471,1.0578826028820985,0.8912003451670085,0.6956231967557356,9.472117268570326e-05,11,8,0.16583123951776998,2500,OLS_iid,iid,False,5
1,1,1001,28,280001,True,113,False,100,0.7729573413135521,8.290226076263934,0.6309531671326868,0.6616109416100507,0.8851828448161706,1.0845204396076746,0.594804982837781,0.00010674868278388758,11,8,0.16583123951776998,2500,OLS_iid,iid,False,5
1,3,3001,27,270001,True,107,False,100,0.9185182958328538,6.61974851321429,0.548344825140562,0.5340747043314612,1.0253797810400076,1.18018757073376,0.6069547141061136,8.334408572298724e-05,11,8,0.16583123951776998,2500,OLS_iid,iid,False,5
1,5,5001,19,190001,True,117,False,100,0.8621175656744737,3.86329254321754,0.5545259095158087,0.550908854879611,0.9920869343221957,0.9300481662505649,0.64594021823331,3.5322182856655854e-05,11,8,0.16583123951776998,2500,OLS_iid,iid,False,5
1,5,5001,21,210001,True,110,False,100,0.7625517270473368,3.7822716273367405,0.5654762481454799,0.5790615845342568,0.8650734759893756,0.9164954041568303,0.6341773440812377,6.593015128158745e-05,11,8,0.16583123951776998,2500,OLS_iid,iid,False,5
1,3,3001,21,210001,True,110,False,100,0.7625517270473368,7.030687329825014,0.5399447983586353,0.5382352507215148,0.9293281473140188,0.9612319820281965,0.5739219007392105,6.830570056143032e-05,11,8,0.16583123951776998,2500,OLS_iid,iid,False,5
1,4,4001,4,40001,True,109,False,100,0.6770985876792917,6.134562706109136,0.6244692938621891,0.6531711929733268,1.1777075347711974,1.1050667861576107,0.5433753364727953,6.810719385956407e-05,11,8,0.16583123951776998,2500,OLS_iid,iid,False,5
1,6,6001,1,10001,True,103,False,100,0.8551485181776444,3.6012588711455464,0.629807181485442,0.6605226428802783,1.0285961547230082,1.0099340895211522,0.588595723767427,0.00013973531978209134,11,8,0.16583123951776998,2500,OLS_iid,iid,False,5
1,5,5001,18,180001,True,107,False,100,0.7057171016948187,3.9692053962498903,0.5480917181533561,0.5512262406567222,0.9364441115435361,0.8700339445289005,0.6775754105885595,0.00014079248854154225,11,8,0.16583123951776998,2500,OLS_iid,iid,False,5
1,1,1001,8,80001,True,108,False,100,0.7721464948036827,9.069279877003282,0.5676097373007484,0.5687712647630406,1.1156917112514808,1.0308789994424117,0.597831124304476,0.00013189950839078882,11,8,0.16583123951776998,2500,OLS_iid,iid,False,5
1,3,3001,23,230001,True,103,False,100,0.7131776200290234,7.137306057848036,0.6009310086984629,0.6218048261523762,0.8764379459763866,0.9747326915056164,0.6216266587327962,0.00011923060925915812,11,8,0.16583123951776998,2500,OLS_iid,iid,False,5
1,1,1001,6,60001,True,115,False,100,0.7271209013490594,9.39533593179658,0.5712337075461889,0.5796348097209382,1.0775156425013859,1.0277581907888922,0.5942243527651019,6.284316857680403e-05,11,8,0.16583123951776998,2500,OLS_iid,iid,False,5
1,5,5001,24,240001,True,103,False,100,0.7831142590115915,4.091464716009796,0.5760064416029538,0.573269891864888,1.0144017301138624,1.144454320688364,0.5165439997621727,0.00010862972622655396,11,8,0.16583123951776998,2500,OLS_iid,iid,False,5
1,1,1001,17,170001,True,104,False,100,0.6663488150377282,9.140750234015286,0.48934129462487175,0.48238521210922963,0.723994750912417,0.8201591783952414,0.7073835932910293,0.00011984873888751051,11,8,0.16583123951776998,2500,OLS_iid,iid,False,5
1,4,4001,21,210001,True,105,False,100,0.7625517270473368,5.489151904825121,0.591441349547605,0.5925112558453413,0.9714967931233064,1.0635808100664486,0.598111232847387,8.428751558023205e-05,11,8,0.16583123951776998,2500,OLS_iid,iid,False,5
1,5,5001,23,230001,True,107,False,100,0.7131776200290234,4.201835451181978,0.5767482717592541,0.5868660925583882,1.104688381557588,0.8456621978591649,0.6943488915990444,0.00010685839807508284,11,8,0.16583123951776998,2500,OLS_iid,iid,False,5
1,5,5001,10,100001,True,101,False,100,0.8147646203361788,4.714397426694632,0.661331687916882,0.7018746762008401,0.9508652957903004,0.9959016830004399,0.6195872342130178,0.00018312165522813614,11,8,0.16583123951776998,2500,OLS_iid,iid,False,5
1,5,5001,28,280001,True,103,False,100,0.7729573413135521,4.083763364236802,0.6604086952535039,0.702855536582229,1.08255439232888,1.164722811245992,0.4864112119422138,0.000132817593245301,11,8,0.16583123951776998,2500,OLS_iid,iid,False,5
1,4,4001,11,110001,True,105,False,100,0.765549815274042,5.985085424035788,0.5755107569867021,0.5787831024929377,1.1909382871565048,1.0084949803848962,0.6034603403781814,7.166729998418215e-05,11,8,0.16583123951776998,2500,OLS_iid,iid,False,5
1,5,5001,13,130001,True,102,False,100,0.718445583337366,4.717509848065674,0.6109586615702656,0.6328189409455549,1.037179249634257,0.9649703587565979,0.6652471974175278,0.00011649360795652232,11,8,0.16583123951776998,2500,OLS_iid,iid,False,5
1,4,4001,0,1,True,108,False,100,0.7559997774127204,6.9161750911735,0.5633776548402553,0.5709088468345791,0.9854950316193446,1.0248439126726754,0.6258214700166682,8.11529589362282e-05,11,8,0.16583123951776998,2500,OLS_iid,iid,False,5
1,5,5001,27,270001,True,105,False,100,0.9185182958328538,4.3734832550399005,0.6133703427077756,0.6378978037191799,1.1173807270940492,1.0186509405294983,0.5742548473313573,8.74094202211874e-05,11,8,0.16583123951776998,2500,OLS_iid,iid,False,5
1,6,6001,3,30001,True,103,False,100,0.6722504785448492,4.222792961169034,0.6116118818192926,0.6274392675048903,1.084835279045636,1.025538214972734,0.6233707557163389,0.0001563936552592742,11,8,0.16583123951776998,2500,OLS_iid,iid,False,5
1,6,6001,13,130001,True,100,False,100,0.718445583337366,3.7911762320436537,0.6060572792196343,0.6272389918400463,0.8713545244663157,0.9594023609416361,0.6355531060789283,0.00010993216488171782,11,8,0.16583123951776998,2500,OLS_iid,iid,False,5
1,4,4001,1,10001,True,112,False,100,0.8551485181776444,6.969919358380139,0.5859455371732608,0.5934996758692992,1.2327820992229492,1.112632519505601,0.5769943465189166,8.238255917805355e-05,11,8,0.16583123951776998,2500,OLS_iid,iid,False,5
1,6,6001,21,210001,True,105,False,100,0.7625517270473368,3.639316665008664,0.5543955853476783,0.5474286529332157,0.9430609582514347,1.0108060637665623,0.5928612227930192,8.384399502894498e-05,11,8,0.16583123951776998,2500,OLS_iid,iid,False,5
1,0,1,15,150001,True,107,False,100,0.6466714203305812,12.160881914198399,0.6072925571420863,0.6268552541252643,1.036656994598952,1.1946674146274363,0.44186265393801116,0.00013509822793467743,11,8,0.16583123951776998,2500,OLS_iid,iid,False,5
1,5,5001,1,10001,True,102,False,100,0.8551485181776444,5.352658831980079,0.5879766667730124,0.5957310563071878,0.9224781171720686,0.9014760239641382,0.6693088309456616,0.00012317693594008204,11,8,0.16583123951776998,2500,OLS_iid,iid,False,5
1,2,2001,19,190001,True,114,False,100,0.8621175656744737,8.779190829023719,0.5635039485313919,0.56209862744661,0.9783708349655961,0.9612802573832981,0.5776138063819805,4.1424283209038606e-05,11,8,0.16583123951776998,2500,OLS_iid,iid,False,5
1,6,6001,2,20001,True,110,False,100,0.8223389972643678,4.364253251813352,0.5460138740856664,0.5539738724099343,0.8666019553540408,0.8917795141003377,0.6475085737875745,8.05409216985284e-05,11,8,0.16583123951776998,2500,OLS_iid,iid,False,5
1,3,3001,28,280001,True,113,False,100,0.7729573413135521,7.488929494284093,0.5659138164032489,0.5734123673762385,0.9096885125241468,0.9862155731669067,0.607841456390655,9.857139721613757e-05,11,8,0.16583123951776998,2500,OLS_iid,iid,False,5
1,5,5001,17,170001,True,118,False,100,0.6663488150377282,5.020336316898465,0.5517681737494496,0.5556244807710663,0.8855727327633965,0.9430236277981754,0.6447485574638998,4.8683844527694076e-05,11,8,0.16583123951776998,2500,OLS_iid,iid,False,5
1,6,6001,11,110001,True,106,False,100,0.765549815274042,4.217390874400735,0.6530892842908154,0.6885225305661478,1.0459794482647902,1.1383043972189109,0.5038364565842341,8.764153283137208e-05,11,8,0.16583123951776998,2500,OLS_iid,iid,False,5
1,4,4001,29,290001,True,116,False,100,0.901971745986362,5.832433923147619,0.5577947268890953,0.5513265276037216,1.2551547400852239,5.3585524062761065,0.5540837047463529,4.64494966205707e-05,11,8,0.16583123951776998,2500,OLS_iid,iid,False,5
1,3,3001,26,260001,True,119,False,100,0.7800179477656639,8.083304040599614,0.49998790750125655,0.49719090749715417,1.009257339719169,0.8376927693518917,0.6826724998085087,5.3891411872404715e-05,11,8,0.16583123951776998,2500,OLS_iid,iid,False,5
1,6,6001,9,90001,True,108,False,100,0.8592656279146536,4.285318823065609,0.5966288165984408,0.605791606425661,1.0743630145872964,1.11035247468789,0.5476712971287178,8.027370576370652e-05,11,8,0.16583123951776998,2500,OLS_iid,iid,False,5
1,0,1,25,250001,True,121,False,100,0.7683657815340796,10.906055178958923,0.5600067277723345,0.5718731415560397,1.3382812573930332,1.2528624456999176,0.617137863793712,6.794194243460432e-05,11,8,0.16583123951776998,2500,OLS_iid,iid,False,5
1,6,6001,8,80001,True,99,False,100,0.7721464948036827,4.401309611741453,0.5819321538047864,0.5947433862087563,0.9870284813703321,0.8711874726216646,0.7208372533237408,0.00016150528171511626,11,8,0.16583123951776998,2500,OLS_iid,iid,False,5
1,5,5001,7,70001,True,117,False,100,0.6817050683873941,5.540375337004662,0.6381766333640703,0.6702912669363293,0.951696218333468,1.2223385633297004,0.5590308005014272,8.047294667955313e-05,11,8,0.16583123951776998,2500,OLS_iid,iid,False,5
1,5,5001,14,140001,True,105,False,100,0.7433479507689166,5.3007596749812365,0.5994675570828789,0.6032188178355272,1.0048956824280175,1.2021481391419422,0.5863459772663107,0.0001415089591599084,11,8,0.16583123951776998,2500,OLS_iid,iid,False,5
1,6,6001,4,40001,True,109,False,100,0.6770985876792917,4.795335063710809,0.587701146622072,0.5951188329218775,0.9723468092890617,1.1241889031883907,0.6321866811956498,7.771839976098188e-05,11,8,0.16583123951776998,2500,OLS_iid,iid,False,5
1,2,2001,5,50001,True,112,False,100,0.7709298441133979,9.634547656867653,0.6047862270969434,0.6234870124998684,0.9488391908292181,1.0483910363241986,0.5559984928659827,4.429334675730026e-05,11,8,0.16583123951776998,2500,OLS_iid,iid,False,5
1,5,5001,26,260001,True,114,False,100,0.7800179477656639,5.093392932787538,0.60613895739046,0.6265017187785145,1.0143470582065672,0.9578271936773233,0.6390465751444026,7.678934754019028e-05,11,8,0.16583123951776998,2500,OLS_iid,iid,False,5
1,3,3001,0,1,True,107,False,100,0.7559997774127204,9.120416109915823,0.6019198871066711,0.6315978952675187,1.0923443761942426,1.5126673470296141,0.5248286846105572,9.226552247178625e-05,11,8,0.16583123951776998,2500,OLS_iid,iid,False,5
1,3,3001,15,150001,True,105,False,100,0.6466714203305812,8.883334381971508,0.5396940459414874,0.5427207889900509,0.8777662444170043,0.8500126132713015,0.6921464855875393,0.00013224426909991824,11,8,0.16583123951776998,2500,OLS_iid,iid,False,5
1,3,3001,20,200001,True,108,False,100,0.7194904617523997,8.544095830060542,0.5591440386636852,0.5643459657024872,0.8802179301522612,0.9801464427748355,0.5462785025356857,9.110410263297397e-05,11,8,0.16583123951776998,2500,OLS_iid,iid,False,5
1,6,6001,7,70001,True,106,False,100,0.6817050683873941,4.78779990086332,0.5654438847120674,0.5641649657508971,0.9238550624930015,0.9401060583475704,0.6112630582895566,0.00011370560783468395,11,8,0.16583123951776998,2500,OLS_iid,iid,False,5
1,5,5001,20,200001,True,105,False,100,0.7194904617523997,5.382800875231624,0.6579230340868386,0.7024054986663064,1.2329164385348002,1.2729575523330898,0.5265958034257846,0.00010536852692861273,11,8,0.16583123951776998,2500,OLS_iid,iid,False,5
1,4,4001,6,60001,True,115,False,100,0.7271209013490594,7.431551939807832,0.5249521128599184,0.5198500649707937,0.9285994279195036,0.8600128485244278,0.6633074278232167,6.35864748644453e-05,11,8,0.16583123951776998,2500,OLS_iid,iid,False,5
1,4,4001,7,70001,True,113,False,100,0.6817050683873941,7.419486805330962,0.5602216599515185,0.5621203163595901,1.062782719246063,1.0599149597596238,0.5902091979844414,8.028107608923802e-05,11,8,0.16583123951776998,2500,OLS_iid,iid,False,5
1,6,6001,6,60001,True,119,False,100,0.7271209013490594,4.9354212251491845,0.5461664006350354,0.546557836494158,0.8487307262337623,1.0542853867122244,0.57317298167774,5.713034253824465e-05,11,8,0.16583123951776998,2500,OLS_iid,iid,False,5
1,4,4001,26,260001,True,141,False,100,0.7800179477656639,6.373007785063237,0.5586091423787584,0.5476318735648479,0.8983411099523514,0.9710832324428497,0.6150382108391704,4.051802709343848e-05,11,8,0.16583123951776998,2500,OLS_iid,iid,False,5
1,6,6001,25,250001,True,104,False,100,0.7683657815340796,4.267058465164155,0.5512834162293352,0.5522871626341167,0.9004814743801545,0.8796258055386774,0.6877892606073643,0.00010436840700114802,11,8,0.16583123951776998,2500,OLS_iid,iid,False,5
1,6,6001,12,120001,True,108,False,100,0.8034888015081432,4.748856863938272,0.5907454665388097,0.605414152764439,1.0391477279083492,0.9566966568473909,0.6217516776621603,7.81800484532354e-05,11,8,0.16583123951776998,2500,OLS_iid,iid,False,5
1,6,6001,24,240001,True,107,False,100,0.7831142590115915,4.538252790924162,0.5505430939980537,0.5560519198061225,0.954249819563192,0.8628870603745928,0.6824607141643894,8.790531642528576e-05,11,8,0.16583123951776998,2500,OLS_iid,iid,False,5
1,6,6001,22,220001,True,104,False,100,0.7067767475795607,4.610796560999006,0.5535303511576772,0.5530020392737756,0.9929080882866755,0.8902807856222514,0.6692624762675807,0.00013070379093515572,11,8,0.16583123951776998,2500,OLS_iid,iid,False,5
1,3,3001,29,290001,True,112,False,100,0.901971745986362,8.26515879156068,0.5927909038633776,0.6164992558311438,1.1501889588060514,1.1166273857755011,0.5906870828931392,6.0448743259231175e-05,11,8,0.16583123951776998,2500,OLS_iid,iid,False,5
1,4,4001,13,130001,True,106,False,100,0.718445583337366,7.3265322730876505,0.5777793072245124,0.5925250238204618,0.9622691282168682,0.9692187895496766,0.6055618549596983,0.00011300968652667549,11,8,0.16583123951776998,2500,OLS_iid,iid,False,5
1,7,7001,5,50001,True,115,False,100,0.7709298441133979,4.087426690850407,0.5843434689282743,0.5960153566691168,0.9047280737068759,1.0680889674843654,0.5842333227053049,4.052234908905589e-05,11,8,0.16583123951776998,2500,OLS_iid,iid,False,5
1,6,6001,19,190001,True,116,False,100,0.8621175656744737,4.849374759010971,0.5519734603518301,0.5470561860704515,1.0049256737724204,1.165607576024843,0.5302084289815967,4.213535559277922e-05,11,8,0.16583123951776998,2500,OLS_iid,iid,False,5
1,5,5001,16,160001,True,103,False,100,0.7025495684789527,5.969321613200009,0.5812786994703537,0.5923751069150005,0.9361397754211614,0.8725943490413632,0.6847065900128924,0.00014235485409273778,11,8,0.16583123951776998,2500,OLS_iid,iid,False,5
1,6,6001,14,140001,True,101,False,100,0.7433479507689166,5.0305827129632235,0.5637741542262743,0.5674637208423876,1.13001249937454,0.9943904305148317,0.6561685044014218,0.00015700856452006788,11,8,0.16583123951776998,2500,OLS_iid,iid,False,5
1,5,5001,25,250001,True,133,False,100,0.7683657815340796,5.7175744362175465,0.6080633524421915,0.6222946126295792,0.9450872539087818,1.0818176655676124,0.5023816144644813,6.416127827862306e-05,11,8,0.16583123951776998,2500,OLS_iid,iid,False,5
1,6,6001,16,160001,True,119,False,100,0.7025495684789527,5.044609035830945,0.6574337664705797,0.6917671358539923,0.9630477921111774,1.0764764034862566,0.635814188386186,9.279783430209949e-05,11,8,0.16583123951776998,2500,OLS_iid,iid,False,5
1,4,4001,3,30001,True,99,False,100,0.6722504785448492,8.219580885022879,0.6221143996171735,0.6376981101232251,0.9618723274220302,1.1229520893195333,0.528154487543498,0.0001682180827927414,11,8,0.16583123951776998,2500,OLS_iid,iid,False,5
1,6,6001,10,100001,True,106,False,100,0.8147646203361788,5.16939840093255,0.542983932317147,0.5329382101525947,0.8194397901530218,1.209071487268989,0.7104646170092772,0.00013464689826515395,11,8,0.16583123951776998,2500,OLS_iid,iid,False,5
1,7,7001,2,20001,True,110,False,100,0.8223389972643678,4.473146916367114,0.5072383355135419,0.5016418875000472,0.8827222605257257,0.8987678693342426,0.5816819945643402,8.141972815487997e-05,11,8,0.16583123951776998,2500,OLS_iid,iid,False,5
1,7,7001,10,100001,True,110,False,100,0.8147646203361788,3.9384931470267475,0.615475963492634,0.6427198284767378,1.19688009829313,1.1546998551002414,0.5835635670481697,0.00013054855217499545,11,8,0.16583123951776998,2500,OLS_iid,iid,False,5
1,4,4001,27,270001,True,108,False,100,0.9185182958328538,6.859831430949271,0.612563682772004,0.632943643200658,1.2016444549399643,1.0157905918819174,0.6133978428423082,7.783342690292386e-05,11,8,0.16583123951776998,2500,OLS_iid,iid,False,5
1,7,7001,6,60001,True,114,False,100,0.7271209013490594,4.3342653890140355,0.5282392653153767,0.5144760887141695,0.9775795118318884,0.894933373875611,0.6647572428740068,5.753685930353961e-05,11,8,0.16583123951776998,2500,OLS_iid,iid,False,5
1,5,5001,11,110001,True,113,False,100,0.765549815274042,6.44873224478215,0.502156667716642,0.48927743356555164,0.9314509122552281,0.8637141376170131,0.6640013782437062,5.23780702409286e-05,11,8,0.16583123951776998,2500,OLS_iid,iid,False,5
1,7,7001,0,1,True,112,False,100,0.7559997774127204,4.749805637635291,0.5224307811874539,0.5164208826894217,1.0749122316218345,0.8178400799579437,0.7166305558891884,7.546700768599503e-05,11,8,0.16583123951776998,2500,OLS_iid,iid,False,5
1,7,7001,1,10001,True,105,False,100,0.8551485181776444,4.722304868046194,0.6117211423232941,0.625106308284606,1.056280685098693,1.0047074992974843,0.6161751971513472,0.0001175351388763199,11,8,0.16583123951776998,2500,OLS_iid,iid,False,5
1,6,6001,18,180001,True,127,False,100,0.7057171016948187,5.409770748112351,0.5277477010659174,0.5408873788516371,0.9569594754265253,0.8667824390702015,0.6497960709588642,7.050949479398238e-05,11,8,0.16583123951776998,2500,OLS_iid,iid,False,5
1,7,7001,4,40001,True,114,False,100,0.6770985876792917,4.813637751154602,0.6256895867992408,0.6536989166844118,0.9755116247244947,1.1417628900508576,0.5038214545152013,7.929116454020797e-05,11,8,0.16583123951776998,2500,OLS_iid,iid,False,5
1,4,4001,23,230001,True,113,False,100,0.7131776200290234,7.632723660208285,0.5184614323678088,0.5030881597988173,0.9247599774762572,0.7771348587553504,0.7301763991947365,8.850571007142194e-05,11,8,0.16583123951776998,2500,OLS_iid,iid,False,5
1,6,6001,20,200001,True,109,False,100,0.7194904617523997,5.535272837616503,0.5180164023395482,0.5081923164094688,0.7723040243597128,0.7864304930899036,0.714891352713985,8.733157862986323e-05,11,8,0.16583123951776998,2500,OLS_iid,iid,False,5
1,6,6001,5,50001,True,112,False,100,0.7709298441133979,6.069967217743397,0.5534245612077933,0.5576467585151254,0.9346615417823947,0.8371967922040504,0.6829324458460722,4.393375290228246e-05,11,8,0.16583123951776998,2500,OLS_iid,iid,False,5
1,7,7001,18,180001,True,105,False,100,0.7057171016948187,3.8226709659211338,0.6398952835768251,0.6716916434403191,1.1320548737203682,1.2901410058215523,0.5041204586155482,0.00012439452212322324,11,8,0.16583123951776998,2500,OLS_iid,iid,False,5
1,6,6001,23,230001,True,103,False,100,0.7131776200290234,5.493023801129311,0.6161518094403464,0.6439030278292417,1.1664411404560693,1.0072720952761276,0.6149464134624222,0.00013079437994025785,11,8,0.16583123951776998,2500,OLS_iid,iid,False,5
1,7,7001,21,210001,True,108,False,100,0.7625517270473368,3.6118934648111463,0.5946513141204078,0.6090706443503154,1.0201515808020616,1.131155631087706,0.4838998548556478,8.148981653531628e-05,11,8,0.16583123951776998,2500,OLS_iid,iid,False,5
1,5,5001,12,120001,True,112,False,100,0.8034888015081432,6.966471408959478,0.5750648990785947,0.5819612159495745,0.9722449347619619,2.8197955915793855,0.6017635075665093,7.306931929013025e-05,11,8,0.16583123951776998,2500,OLS_iid,iid,False,5
1,7,7001,20,200001,True,106,False,100,0.7194904617523997,3.801911153830588,0.45350797425258266,0.44397273104797463,0.840007126365089,0.7313602858539391,0.7365445270081604,9.153704657472654e-05,11,8,0.16583123951776998,2500,OLS_iid,iid,False,5
1,6,6001,28,280001,True,109,False,100,0.7729573413135521,5.333998227957636,0.5988068420769159,0.6125021156885785,1.003428762201332,1.098686250842165,0.5479536859126117,0.00010674086879927129,11,8,0.16583123951776998,2500,OLS_iid,iid,False,5
1,7,7001,16,160001,True,114,False,100,0.7025495684789527,4.127063936088234,0.5318363913212987,0.5290021975610106,1.15137697547615,0.9676107305220416,0.6411015228413838,0.00010528682416504613,11,8,0.16583123951776998,2500,OLS_iid,iid,False,5
1,7,7001,28,280001,True,99,False,100,0.7729573413135521,3.569057031068951,0.6178586917963811,0.6399365627369787,1.0152839297165013,0.918794617338796,0.6542905612199313,0.00012578627753767702,11,8,0.16583123951776998,2500,OLS_iid,iid,False,5
1,7,7001,9,90001,True,102,False,100,0.8592656279146536,4.82510852906853,0.6024634171530022,0.6193051609008248,0.9558340374851308,1.0188386751778735,0.5793191581679069,9.750819828787622e-05,11,8,0.16583123951776998,2500,OLS_iid,iid,False,5
1,6,6001,26,260001,True,111,False,100,0.7800179477656639,5.566080467775464,0.5925946115955558,0.6041145275235863,0.9415183161613127,1.0491706441086661,0.5985104397999892,7.692241062247045e-05,11,8,0.16583123951776998,2500,OLS_iid,iid,False,5
1,4,4001,18,180001,True,103,False,100,0.7057171016948187,8.389480350073427,0.5763770209864575,0.5861500659209257,1.1249742984790159,3.3605470402816913,0.6768736330753571,0.0001755611859749505,11,8,0.16583123951776998,2500,OLS_iid,iid,False,5
1,7,7001,11,110001,True,111,False,100,0.765549815274042,4.92910459311679,0.6485663171513268,0.6820213438287843,0.9368612982835366,1.2956354994669796,0.4360187987141412,6.381823440499703e-05,11,8,0.16583123951776998,2500,OLS_iid,iid,False,5
1,7,7001,24,240001,True,108,False,100,0.7831142590115915,3.9496584571897984,0.583573118056766,0.5984696220575765,1.143690368046133,1.005485251868115,0.6015809180331524,9.042249888941705e-05,11,8,0.16583123951776998,2500,OLS_iid,iid,False,5
1,4,4001,25,250001,True,104,False,100,0.7683657815340796,8.2160360570997,0.6216610210179242,0.6419383317606118,1.1141617736909515,1.067707889133333,0.5826218388444305,0.00011347275386642859,11,8,0.16583123951776998,2500,OLS_iid,iid,False,5
1,7,7001,26,260001,True,111,False,100,0.7800179477656639,3.9358158730901778,0.5776993792758364,0.5922056374029244,1.1180076671120525,1.024959156348777,0.59025884492137,8.955737533892041e-05,11,8,0.16583123951776998,2500,OLS_iid,iid,False,5
1,8,8001,8,80001,True,102,False,100,0.7721464948036827,3.466513368766755,0.5503501250518531,0.5549650269412028,1.0755590381111662,0.9997238127933059,0.6132580952998695,0.00016539880731022364,11,8,0.16583123951776998,2500,OLS_iid,iid,False,5
1,8,8001,7,70001,True,103,False,100,0.6817050683873941,3.520408862736076,0.5879383076440065,0.6009842937029364,0.8869852238825815,0.873177146703687,0.6670682812381314,0.00010744250917670832,11,8,0.16583123951776998,2500,OLS_iid,iid,False,5
1,7,7001,19,190001,True,122,False,100,0.8621175656744737,4.503320508170873,0.5707772310864122,0.5716791828623748,1.156683300588154,1.0603185820120324,0.5584310319305621,3.527798057670548e-05,11,8,0.16583123951776998,2500,OLS_iid,iid,False,5
1,3,3001,25,250001,True,106,False,100,0.7683657815340796,10.46903310297057,0.5789541654624166,0.5894152054491227,0.9532720001188434,0.9253077988596112,0.6383654175528035,0.00011632615339268066,11,8,0.16583123951776998,2500,OLS_iid,iid,False,5
1,8,8001,0,1,True,108,False,100,0.7559997774127204,4.007909665349871,0.5749599252598198,0.5874121434907824,0.9546385373137564,1.1458734442117744,0.4912959261566929,8.630597015495261e-05,11,8,0.16583123951776998,2500,OLS_iid,iid,False,5
1,4,4001,19,190001,True,118,False,100,0.8621175656744737,8.781718652695417,0.5912074375225689,0.5958229293186003,0.9186873208484505,1.1298378367441724,0.45659761338534255,3.8609828986002845e-05,11,8,0.16583123951776998,2500,OLS_iid,iid,False,5
1,7,7001,29,290001,True,117,False,100,0.901971745986362,4.188599393237382,0.5982778008441191,0.6149817963386205,1.0771301268852382,1.1704934811354177,0.4140072502058357,5.264625626068483e-05,11,8,0.16583123951776998,2500,OLS_iid,iid,False,5
1,8,8001,3,30001,True,106,False,100,0.6722504785448492,4.10999570088461,0.6410110363602758,0.6712293226694911,1.0748626787706064,1.0818505357229795,0.6034641924476489,0.00012888562466879203,11,8,0.16583123951776998,2500,OLS_iid,iid,False,5
1,5,5001,22,220001,True,111,False,100,0.7067767475795607,7.66881645610556,0.6388180379928066,0.6626573048041536,1.1371091067313146,1.2859387506810203,0.5057374246544472,0.00010058860609969545,11,8,0.16583123951776998,2500,OLS_iid,iid,False,5
1,3,3001,22,220001,True,106,False,100,0.7067767475795607,10.8947045491077,0.6101517843701715,0.6150880112203344,0.898194948113751,1.0503955749048803,0.5492711007480204,0.0001308081915846383,11,8,0.16583123951776998,2500,OLS_iid,iid,False,5
1,6,6001,29,290001,True,115,False,100,0.901971745986362,6.401194890029728,0.5595809813277464,0.5632223535604273,0.9641029984206949,0.9378138288369641,0.5818304069693896,5.286229420316416e-05,11,8,0.16583123951776998,2500,OLS_iid,iid,False,5
1,5,5001,29,290001,True,115,False,100,0.901971745986362,7.597855277359486,0.5236173175533405,0.5220631108029418,1.0720187200401783,0.9498063592706713,0.5963643547337207,5.446730757343711e-05,11,8,0.16583123951776998,2500,OLS_iid,iid,False,5
1,8,8001,11,110001,True,116,False,100,0.765549815274042,4.00413601892069,0.5779233002944074,0.5914977045778644,1.0262567849575568,1.099791605039511,0.5485785902738878,5.0505450826296716e-05,11,8,0.16583123951776998,2500,OLS_iid,iid,False,5
1,8,8001,1,10001,True,106,False,100,0.8551485181776444,4.364950827788562,0.6145541436185393,0.6336576873957659,0.9393455824675746,0.9645836290670531,0.6578455333821147,0.00011843726186450553,11,8,0.16583123951776998,2500,OLS_iid,iid,False,5
1,4,4001,9,90001,True,120,False,100,0.8592656279146536,9.713474636897445,0.5710948025769271,0.5761917833517626,0.8452410900680744,0.8920020595740308,0.6616814842110627,6.179174457377834e-05,11,8,0.16583123951776998,2500,OLS_iid,iid,False,5
1,4,4001,17,170001,True,105,False,100,0.6663488150377282,9.532312882132828,0.5413958672443676,0.5455848044117672,0.9160215112142283,0.9669638395810418,0.5882775021901248,0.00010555474640773384,11,8,0.16583123951776998,2500,OLS_iid,iid,False,5
1,8,8001,4,40001,True,115,False,100,0.6770985876792917,4.516422966029495,0.6030845680618937,0.6131675614745784,0.9638829676407032,1.0433648523324863,0.5826774646797527,5.5334005661117926e-05,11,8,0.16583123951776998,2500,OLS_iid,iid,False,5
1,8,8001,12,120001,True,110,False,100,0.8034888015081432,4.164229005109519,0.5647473284762141,0.5678932175180147,0.8635252241238918,0.9194477125760281,0.69128828285159,7.380110936811421e-05,11,8,0.16583123951776998,2500,OLS_iid,iid,False,5
1,4,4001,15,150001,True,107,False,100,0.6466714203305812,9.825632409192622,0.5499921262853983,0.5461501469826852,0.9368599094526441,0.8774529130843638,0.6868555134821192,0.00010355885854582452,11,8,0.16583123951776998,2500,OLS_iid,iid,False,5
1,7,7001,23,230001,True,100,False,100,0.7131776200290234,5.161716259084642,0.6043223185978542,0.6200874600713863,0.9293597818327857,1.2299616738804857,0.4380334338224702,0.00016944824488402896,11,8,0.16583123951776998,2500,OLS_iid,iid,False,5
1,8,8001,2,20001,True,113,False,100,0.8223389972643678,4.805235993117094,0.5176805774501343,0.5184133429238617,0.7850144104111743,0.8582467708447361,0.6789026658019679,8.12814708158033e-05,11,8,0.16583123951776998,2500,OLS_iid,iid,False,5
1,8,8001,23,230001,True,106,False,100,0.7131776200290234,4.032329194247723,0.5729509874525289,0.5755388134885391,1.0752750625722376,0.910725130610723,0.650981226834121,0.00011027610586875595,11,8,0.16583123951776998,2500,OLS_iid,iid,False,5
1,8,8001,19,190001,True,119,False,100,0.8621175656744737,4.263305988628417,0.5343710189934721,0.534546365419792,0.8016589439479734,1.0757963581762222,0.46930032070613314,3.45645262341739e-05,11,8,0.16583123951776998,2500,OLS_iid,iid,False,5
1,4,4001,28,280001,True,105,False,100,0.7729573413135521,9.37491375906393,0.6013494181176605,0.6141208291387538,1.133491483406039,1.0341427701907444,0.5722852093488575,0.00012348202115371328,11,8,0.16583123951776998,2500,OLS_iid,iid,False,5
1,7,7001,8,80001,True,117,False,100,0.7721464948036827,6.7046250947751105,0.5747668518226646,0.5743703855682708,1.0838715236977863,0.9645917272877123,0.6245343020087117,0.00010055726113586214,11,8,0.16583123951776998,2500,OLS_iid,iid,False,5
1,8,8001,16,160001,True,108,False,100,0.7025495684789527,4.388196073006839,0.6556734748462527,0.6936280613729939,1.0622529401620726,1.1236139903311375,0.5399594188133029,0.00013785601573173823,11,8,0.16583123951776998,2500,OLS_iid,iid,False,5
1,8,8001,5,50001,True,114,False,100,0.7709298441133979,4.893695582635701,0.6057775364418221,0.628140973305731,0.9389648188414099,1.1216970906763737,0.5195469143259693,4.79522326276412e-05,11,8,0.16583123951776998,2500,OLS_iid,iid,False,5
1,7,7001,3,30001,True,106,False,100,0.6722504785448492,7.193885265849531,0.6334920672004408,0.6565966149169797,0.9652351248389325,1.1214475407218063,0.5503735776532609,0.00012799168108075293,11,8,0.16583123951776998,2500,OLS_iid,iid,False,5
1,9,9001,16,160001,True,98,False,100,0.7025495684789527,3.579584816005081,0.5907037715743738,0.5980737322738364,1.065597023080508,0.9262043539241726,0.6671139482520626,0.00016151388645370144,11,8,0.16583123951776998,2500,OLS_iid,iid,False,5
1,8,8001,29,290001,True,112,False,100,0.901971745986362,4.201261294074357,0.5255412774956,0.5455852111363805,0.8875705563956322,1.0688088882275262,0.5965032895381588,4.375240842176826e-05,11,8,0.16583123951776998,2500,OLS_iid,iid,False,5
1,6,6001,0,1,True,106,False,100,0.7559997774127204,8.64552918029949,0.6227816150392986,0.6415081194412511,1.006628664375161,1.1148106814558452,0.5827250737249863,0.00010092054523049541,11,8,0.16583123951776998,2500,OLS_iid,iid,False,5
1,8,8001,21,210001,True,115,False,100,0.7625517270473368,4.585423028096557,0.5414492044405456,0.5441306350403302,0.8407954645035178,0.8906509891541994,0.6310418029838051,7.21612881642874e-05,11,8,0.16583123951776998,2500,OLS_iid,iid,False,5
1,9,9001,6,60001,True,106,False,100,0.7271209013490594,4.010475208982825,0.5392897630909923,0.5350875930042035,0.9363583540867094,1.1736936368272386,0.5681226628733747,7.991068806861441e-05,11,8,0.16583123951776998,2500,OLS_iid,iid,False,5
1,9,9001,1,10001,True,104,False,100,0.8551485181776444,4.305385587736964,0.5963769983494762,0.6092940579106755,0.9006748793105122,1.0207741878851642,0.5912633462661869,0.00011969541530293721,11,8,0.16583123951776998,2500,OLS_iid,iid,False,5
1,7,7001,13,130001,True,109,False,100,0.718445583337366,6.807072028983384,0.5652106152989347,0.5765886081457977,0.8760353226714679,1.05916230994689,0.5037418275417516,9.867724395876937e-05,11,8,0.16583123951776998,2500,OLS_iid,iid,False,5
1,9,9001,5,50001,True,109,False,100,0.7709298441133979,4.193136694841087,0.6487483671633498,0.6798308426993873,1.0191443549050012,1.2159011945123444,0.470532767322492,4.9645905352076806e-05,11,8,0.16583123951776998,2500,OLS_iid,iid,False,5
1,8,8001,26,260001,True,109,False,100,0.7800179477656639,4.524325408041477,0.5586423801479901,0.5661446334023782,0.9811649512995491,0.9114374899995552,0.6346148485182853,7.725684735221892e-05,11,8,0.16583123951776998,2500,OLS_iid,iid,False,5
1,8,8001,20,200001,True,108,False,100,0.7194904617523997,4.885355794802308,0.6449908588897145,0.665054902798849,1.028905567988271,1.2194125654520218,0.5254945119856752,9.81500641340229e-05,11,8,0.16583123951776998,2500,OLS_iid,iid,False,5
1,9,9001,14,140001,True,104,False,100,0.7433479507689166,3.9697503820061684,0.6232686174045817,0.6496755043184527,1.0521605856345224,1.1118071529164595,0.572615143583513,0.00013459504125727038,11,8,0.16583123951776998,2500,OLS_iid,iid,False,5
1,6,6001,17,170001,True,113,False,100,0.6663488150377282,8.314686184749007,0.49556941389493037,0.4803183504336974,0.8807592992237473,0.7669842675489251,0.7075918455256641,7.622615593905144e-05,11,8,0.16583123951776998,2500,OLS_iid,iid,False,5
1,4,4001,16,160001,True,111,False,100,0.7025495684789527,10.729706604033709,0.6543359590691834,0.6882868176935278,0.9935199620433492,1.2737997975271447,0.5018951877914744,0.00010549036462595085,11,8,0.16583123951776998,2500,OLS_iid,iid,False,5
1,8,8001,6,60001,True,109,False,100,0.7271209013490594,5.471594703849405,0.5572787109081613,0.5619849832667536,0.9938788453902757,1.1487782074545396,0.5213587738381127,7.809059017346853e-05,11,8,0.16583123951776998,2500,OLS_iid,iid,False,5
1,7,7001,15,150001,True,108,False,100,0.6466714203305812,6.58799613872543,0.571758206549893,0.5837421184458064,1.0509702019448828,1.0069994204958888,0.5871076878432799,0.00011609522496355842,11,8,0.16583123951776998,2500,OLS_iid,iid,False,5
2,0,1,9,90001,True,111,False,100,0.8592656279146536,3.398185743018985,0.5487433595217736,0.5389773989655923,1.0470151717873568,0.960723737966361,0.6298396628879552,5.7620510774914525e-05,11,8,0.16583123951776998,2500,OLS_iid,iid,False,5
1,8,8001,22,220001,True,107,False,100,0.7067767475795607,5.06905906368047,0.6061075356353063,0.6225665552992026,0.8690575208258655,1.012962383877014,0.5744302559265609,0.00012305203550410138,11,8,0.16583123951776998,2500,OLS_iid,iid,False,5
2,0,1,11,110001,True,116,False,100,0.765549815274042,3.4493891643360257,0.42265866996778495,0.3881326351708333,0.7747192781287601,0.7438678766435145,0.7375733832914109,3.483545056003153e-05,11,8,0.16583123951776998,2500,OLS_iid,iid,False,5
1,9,9001,12,120001,True,109,False,100,0.8034888015081432,4.3753194734454155,0.6080152636461975,0.6279241913934842,1.0318726918163639,1.1158164773135464,0.5393651088047047,7.564490835419626e-05,11,8,0.16583123951776998,2500,OLS_iid,iid,False,5
1,4,4001,14,140001,True,120,False,100,0.7433479507689166,11.041784724686295,0.5688706218894077,0.5808149204271473,1.097970598902555,0.9809753908294472,0.6543307938989591,8.55836476557856e-05,11,8,0.16583123951776998,2500,OLS_iid,iid,False,5
2,0,1,5,50001,True,124,False,100,0.7709298441133979,3.7044503213837743,0.5902853752232785,0.5732048324521437,1.0938173400747153,1.1085027079185974,0.5848237528890184,2.0209391430111674e-05,11,8,0.16583123951776998,2500,OLS_iid,iid,False,5
2,0,1,2,20001,True,118,False,100,0.8223389972643678,3.902640338987112,0.4988700515000397,0.47988059917676246,0.9213184072535383,0.8818005692782391,0.6691946389677014,4.367608239677228e-05,11,8,0.16583123951776998,2500,OLS_iid,iid,False,5
2,0,1,4,40001,True,117,False,100,0.6770985876792917,3.9330204599536955,0.5653816217058109,0.557526195171869,1.0636934945751557,1.3660122169749653,0.6057504605778902,3.334785058839987e-05,11,8,0.16583123951776998,2500,OLS_iid,iid,False,5
1,8,8001,25,250001,True,120,False,100,0.7683657815340796,5.152239928022027,0.6096269882184335,0.6198719145398871,0.9250240894997469,3.919326666902028,0.6104890707312188,8.50318273780017e-05,11,8,0.16583123951776998,2500,OLS_iid,iid,False,5
2,0,1,10,100001,True,110,False,100,0.8147646203361788,3.842355562839657,0.6427102398011434,0.6564062933068479,0.9402785240928331,1.2543424489040715,0.5208603498022678,8.456109613967702e-05,11,8,0.16583123951776998,2500,OLS_iid,iid,False,5
1,6,6001,15,150001,True,100,False,100,0.6466714203305812,9.023162174038589,0.6408333079139764,0.6791057089387763,0.9704884081765388,1.26038050611194,0.557838785487921,0.0001644152214227546,11,8,0.16583123951776998,2500,OLS_iid,iid,False,5
1,9,9001,9,90001,True,104,False,100,0.8592656279146536,4.876671209000051,0.6047143228830062,0.6132083504340775,0.9886759703658218,1.0797867828774357,0.5520312488594684,8.289328638995593e-05,11,8,0.16583123951776998,2500,OLS_iid,iid,False,5
2,0,1,3,30001,True,107,False,100,0.6046198828259838,4.178297956939787,0.5575498891336697,0.5470795146436532,0.8986798291803513,1.060661890350278,0.6664690814654872,7.623040260999159e-05,11,8,0.16583123951776998,2500,OLS_iid,iid,False,5
1,9,9001,20,200001,True,118,False,100,0.7194904617523997,4.634186984971166,0.6644908353924295,0.7033628327223745,0.9901160836548611,1.0442615297036055,0.5810223621951324,7.172691816726415e-05,11,8,0.16583123951776998,2500,OLS_iid,iid,False,5
2,0,1,24,240001,True,117,False,100,0.6660568029132168,3.368752036243677,0.591873987824941,0.5830264387838056,1.015921027657271,1.1850148468311934,0.46735385406341223,5.249181476750353e-05,11,8,0.16583123951776998,2500,OLS_iid,iid,False,5
2,0,1,22,220001,True,119,False,100,0.7067767475795607,3.4609618820250034,0.5920449663032974,0.5860652318510113,1.028551649884773,1.0360990444320395,0.5896702132669466,4.478913574990616e-05,11,8,0.16583123951776998,2500,OLS_iid,iid,False,5
1,9,9001,3,30001,True,108,False,100,0.6722504785448492,5.306131032295525,0.5989840613488385,0.6111448585513423,1.1220492617207871,1.0994416803389746,0.5746381962287337,0.00010104587913306721,11,8,0.16583123951776998,2500,OLS_iid,iid,False,5
2,0,1,13,130001,True,117,False,100,0.718445583337366,4.017584786284715,0.5389341942824672,0.5123951045348215,0.9846492980559349,0.9233995127851305,0.6599510284322296,5.156258535024297e-05,11,8,0.16583123951776998,2500,OLS_iid,iid,False,5
2,0,1,6,60001,True,121,False,100,0.7271209013490594,4.229148990940303,0.5427894443249789,0.5254853855240937,0.9470198327576014,1.0811560812999428,0.537707538319854,3.2836287219223606e-05,11,8,0.16583123951776998,2500,OLS_iid,iid,False,5
1,9,9001,28,280001,True,105,False,100,0.7729573413135521,4.517413340974599,0.5861947403803242,0.5971180451090804,1.0383378715193254,0.9601708407725,0.6134616293488916,0.00010034469651910811,11,8,0.16583123951776998,2500,OLS_iid,iid,False,5
1,9,9001,27,270001,True,117,False,100,0.9185182958328538,4.82471090182662,0.5238550423297359,0.520784880338751,0.7809739240564324,0.8964070714682476,0.6110573505614558,5.616337727349494e-05,11,8,0.16583123951776998,2500,OLS_iid,iid,False,5
2,0,1,26,260001,True,122,False,100,0.7800179477656639,3.700455845333636,0.5696291237276633,0.5585554368724417,1.2000827641307286,1.0676991404999912,0.5265797053154575,2.999675779770402e-05,11,8,0.16583123951776998,2500,OLS_iid,iid,False,5
2,1,1001,7,70001,True,112,False,100,0.6817050683873941,3.164513373747468,0.5539883725238677,0.5408001632852402,0.9016960607572387,1.1626255852905325,0.43668273220469783,5.4538056596206344e-05,11,8,0.16583123951776998,2500,OLS_iid,iid,False,5
1,7,7001,7,70001,True,109,False,100,0.6817050683873941,8.648993368260562,0.569478416766177,0.578232464617921,0.9375877183657019,0.8264004318130276,0.6893687859278506,0.00011394573354723379,11,8,0.16583123951776998,2500,OLS_iid,iid,False,5
1,7,7001,22,220001,True,100,False,100,0.7067767475795607,7.354102571029216,0.6016224876615412,0.6145697439445514,1.0784091068309767,1.1454161142292802,0.555327559347809,0.00015670800525205425,11,8,0.16583123951776998,2500,OLS_iid,iid,False,5
1,9,9001,24,240001,True,106,False,100,0.7831142590115915,5.077297602780163,0.6114637798136008,0.6226024411812328,0.9712990647169936,0.9983929364732752,0.5966525292252245,0.00010312645068308066,11,8,0.16583123951776998,2500,OLS_iid,iid,False,5
2,0,1,18,180001,True,105,False,100,0.7057171016948187,4.155128300655633,0.6152681352118302,0.6138551576034554,1.0679538338588819,1.0350316352798148,0.6584997153529465,9.590746301893472e-05,11,8,0.16583123951776998,2500,OLS_iid,iid,False,5
1,9,9001,11,110001,True,112,False,100,0.765549815274042,5.552623020019382,0.5050142362162844,0.4825781716139291,0.8779702115431808,0.8163382801526747,0.673142003732509,6.879799004458504e-05,11,8,0.16583123951776998,2500,OLS_iid,iid,False,5
2,0,1,29,290001,True,127,False,100,0.8035944264947499,3.7622561319731176,0.5711118684942591,0.5645741096061727,0.9094568122857004,1.0611240657342416,0.580757925687303,3.296353200588059e-05,11,8,0.16583123951776998,2500,OLS_iid,iid,False,5
2,1,1001,4,40001,True,119,False,100,0.6770985876792917,3.525778920855373,0.6035171054665857,0.608656595546121,1.200035780119024,1.0613119282157886,0.6069656366102826,3.660543072265931e-05,11,8,0.16583123951776998,2500,OLS_iid,iid,False,5
2,1,1001,8,80001,True,109,False,100,0.7721464948036827,3.4153916048817337,0.624873724781142,0.6321141224486492,0.9736908259300434,1.1996229906755163,0.5053278552895727,8.257677074034378e-05,11,8,0.16583123951776998,2500,OLS_iid,iid,False,5
2,0,1,23,230001,True,123,False,100,0.7131776200290234,4.190975687932223,0.5780242714774078,0.5634881548773291,1.133404484787061,1.1275596442239606,0.6297259092020993,4.172364341474403e-05,11,8,0.16583123951776998,2500,OLS_iid,iid,False,5
2,1,1001,9,90001,True,110,False,100,0.8592656279146536,3.4091797042638063,0.5514346002460632,0.5418477653927873,0.8569307238487585,0.9952431486612701,0.5937145465356555,6.053219207195509e-05,11,8,0.16583123951776998,2500,OLS_iid,iid,False,5
1,9,9001,26,260001,True,123,False,100,0.7800179477656639,5.306097052060068,0.6193892222143053,0.6391023381734144,0.9356971571948578,0.9518564784756022,0.6176952985660205,5.51481484461977e-05,11,8,0.16583123951776998,2500,OLS_iid,iid,False,5
2,1,1001,13,130001,True,109,False,100,0.718445583337366,3.1685029887594283,0.6010276131477006,0.5993884670262705,1.0810852009640726,1.1267061769091695,0.5614474994742049,7.036909601809844e-05,11,8,0.16583123951776998,2500,OLS_iid,iid,False,5
1,9,9001,7,70001,True,106,False,100,0.6817050683873941,5.834543969947845,0.5827488078271704,0.5939020588283683,1.0868238855905923,0.9197166918368438,0.6241822123382881,0.00010767893172852426,11,8,0.16583123951776998,2500,OLS_iid,iid,False,5
1,9,9001,8,80001,True,100,False,100,0.7721464948036827,5.866222382988781,0.5792489999646204,0.5869970379036752,1.0837807444692422,1.0251674221204232,0.6075541556021541,0.00015522183044317073,11,8,0.16583123951776998,2500,OLS_iid,iid,False,5
2,1,1001,11,110001,True,116,False,100,0.765549815274042,3.41232479410246,0.5631453639476672,0.5545764457285879,1.2283703403471407,1.064483435691569,0.6263844791380845,3.944891317374678e-05,11,8,0.16583123951776998,2500,OLS_iid,iid,False,5
2,0,1,17,170001,True,113,False,100,0.6663488150377282,4.622705277055502,0.5523451134735997,0.5402820436566951,0.9239267892657437,0.9641432260099525,0.6478740222681012,5.9037611134678756e-05,11,8,0.16583123951776998,2500,OLS_iid,iid,False,5
2,0,1,21,210001,True,113,False,100,0.7625517270473368,4.4385400409810245,0.5636978748839675,0.5572034282812391,0.9980852995399389,1.1115706765153572,0.5227733869516805,4.5067241622570775e-05,11,8,0.16583123951776998,2500,OLS_iid,iid,False,5
2,0,1,28,280001,True,122,False,100,0.7729573413135521,4.291177144739777,0.5813166575625704,0.5738491251777978,0.9855154703857969,1.0531542913925898,0.58447971005099,4.150998171955189e-05,11,8,0.16583123951776998,2500,OLS_iid,iid,False,5
1,8,8001,10,100001,True,117,False,100,0.8147646203361788,7.2541523720137775,0.6250950905504465,0.6531949590828757,1.0099768233640138,1.053370524109448,0.6012646432105822,0.00010459391982205513,11,8,0.16583123951776998,2500,OLS_iid,iid,False,5
2,0,1,7,70001,True,121,False,100,0.6817050683873941,5.287446857895702,0.5452035309748042,0.5184043400245965,0.908267383912131,1.1147075299605105,0.5129167035210912,3.757822227356689e-05,11,8,0.16583123951776998,2500,OLS_iid,iid,False,5
2,0,1,12,120001,True,117,False,100,0.8034888015081432,5.201864179223776,0.5807157315321575,0.5698352559990887,0.8464443684085907,1.0623633492569409,0.601498550316999,4.2020218321747556e-05,11,8,0.16583123951776998,2500,OLS_iid,iid,False,5
1,9,9001,13,130001,True,111,False,100,0.718445583337366,6.187211510259658,0.5968564766697951,0.6163929125692721,0.9265184200171346,0.9384863933847362,0.640251713777069,9.119326349380878e-05,11,8,0.16583123951776998,2500,OLS_iid,iid,False,5
1,9,9001,29,290001,True,117,False,100,0.901971745986362,5.647347401827574,0.5359151626095742,0.5365347911439382,1.100256878006293,1.0518499455966048,0.5411538391074121,5.147321476538486e-05,11,8,0.16583123951776998,2500,OLS_iid,iid,False,5
1,9,9001,2,20001,True,107,False,100,0.8223389972643678,6.751682792324573,0.5765685762079558,0.5892328068657761,0.9478528320122313,1.0853334171724254,0.5647154608712575,8.070327958734458e-05,11,8,0.16583123951776998,2500,OLS_iid,iid,False,5
2,1,1001,23,230001,True,108,False,100,0.7131776200290234,3.3282330478541553,0.5448570086247235,0.5307562308784046,0.9669673046166944,0.959607557331696,0.6428737062978434,7.169179744354588e-05,11,8,0.16583123951776998,2500,OLS_iid,iid,False,5
1,8,8001,24,240001,True,111,False,100,0.7831142590115915,6.937669838313013,0.6378498551053595,0.6686177628761842,1.0366785601984885,1.1318453769279084,0.5454528192624777,8.493894245409036e-05,11,8,0.16583123951776998,2500,OLS_iid,iid,False,5
2,1,1001,6,60001,True,124,False,100,0.7271209013490594,4.343049143906683,0.4916812314280225,0.4694756462203692,0.8449658578905975,1.0519493326482743,0.5190439741205576,2.561849349723354e-05,11,8,0.16583123951776998,2500,OLS_iid,iid,False,5
1,7,7001,12,120001,True,115,False,100,0.8034888015081432,9.463179070968181,0.645079306816964,0.6774581374260923,1.2316501820301586,1.2201858466224569,0.4720011073703228,5.88392424242296e-05,11,8,0.16583123951776998,2500,OLS_iid,iid,False,5
2,0,1,14,140001,True,134,False,100,0.7433479507689166,5.531645521055907,0.5794140455004708,0.5777831097087738,1.1983958419643532,1.1498041561123629,0.5771152476613363,3.934139738428038e-05,11,8,0.16583123951776998,2500,OLS_iid,iid,False,5
2,1,1001,19,190001,True,127,False,100,0.8237675591248275,3.745075387880206,0.5980075364913511,0.593250635583099,0.9951095451997034,1.1934119863385544,0.504387479819862,2.9226782132733343e-05,11,8,0.16583123951776998,2500,OLS_iid,iid,False,5
1,8,8001,27,270001,True,104,False,100,0.9185182958328538,7.068883392959833,0.5178758407305665,0.5081242365787936,1.107375667841869,0.8194511223593075,0.7184970631200389,9.052813720278146e-05,11,8,0.16583123951776998,2500,OLS_iid,iid,False,5
1,7,7001,25,250001,True,107,False,100,0.7683657815340796,8.528696024790406,0.6217518088648678,0.6376398787628664,0.9751087904240441,1.1080147469015826,0.5409316436919209,0.00011299284193932925,11,8,0.16583123951776998,2500,OLS_iid,iid,False,5
1,8,8001,14,140001,True,109,False,100,0.7433479507689166,7.692482298705727,0.5743257980720061,0.5700735461760164,1.0406854420014053,0.9937459910060443,0.6876630922339032,0.00012466936032086795,11,8,0.16583123951776998,2500,OLS_iid,iid,False,5
1,7,7001,17,170001,True,113,False,100,0.6663488150377282,9.10656249569729,0.5600044765564101,0.5635297075667044,0.8276050984392518,0.9758293780948917,0.568041217093193,7.292395945807482e-05,11,8,0.16583123951776998,2500,OLS_iid,iid,False,5
1,8,8001,13,130001,True,103,False,100,0.718445583337366,7.913337466772646,0.5896699253289246,0.60264422713009,1.0126676438552242,1.0502598050133218,0.5722014461530923,0.00011243470190713741,11,8,0.16583123951776998,2500,OLS_iid,iid,False,5
1,7,7001,27,270001,True,107,False,100,0.9185182958328538,8.609428944066167,0.5874861326375279,0.6002766571302945,0.9446130739426365,0.9077632383625829,0.672805422886205,9.614762042275226e-05,11,8,0.16583123951776998,2500,OLS_iid,iid,False,5
2,0,1,8,80001,True,110,False,100,0.7721464948036827,6.030745000578463,0.5917408506656571,0.5921180703279043,0.9417909104689475,1.1199590971601383,0.49412769288783565,6.910239977853531e-05,11,8,0.16583123951776998,2500,OLS_iid,iid,False,5
2,1,1001,24,240001,True,120,False,100,0.6660568029132168,3.684574533253908,0.5406769163938694,0.5194995825724055,0.8807513322745006,0.9909337870361392,0.6289274696514972,4.713834004127868e-05,11,8,0.16583123951776998,2500,OLS_iid,iid,False,5
2,0,1,27,270001,True,122,False,100,0.9185182958328538,5.248493609949946,0.528664305626649,0.5120321798128397,0.8660598524755599,1.0386333265511825,0.5474674566918457,3.296493970788207e-05,11,8,0.16583123951776998,2500,OLS_iid,iid,False,5
1,9,9001,25,250001,True,105,False,100,0.7683657815340796,6.476873190142214,0.6425279274005532,0.6704888457228666,0.9398836952576919,1.0199244919492307,0.6307739954486341,0.00011056983999563219,11,8,0.16583123951776998,2500,OLS_iid,iid,False,5
1,9,9001,18,180001,True,112,False,100,0.7057171016948187,6.8980132839642465,0.4924743708539766,0.4792309322378039,0.7568345901498353,0.7997929736902767,0.7203531606836859,0.00011221036299792017,11,8,0.16583123951776998,2500,OLS_iid,iid,False,5
2,0,1,19,190001,True,131,False,100,0.8237675591248275,5.791336398106068,0.5296758424673269,0.5227884491171552,1.0042217419915336,1.0591643299618063,0.6011469360374702,3.000362902724767e-05,11,8,0.16583123951776998,2500,OLS_iid,iid,False,5
2,1,1001,20,200001,True,121,False,100,0.7194904617523997,4.320397945120931,0.5620340021001856,0.5735975313781408,0.9284981247584877,1.038816165986004,0.6220167982520876,4.517210115579632e-05,11,8,0.16583123951776998,2500,OLS_iid,iid,False,5
2,0,1,1,10001,True,110,False,100,0.8551485181776444,6.541252249851823,0.5431142646906304,0.5247855975099615,0.9805976469025851,0.9193056598123754,0.6761010864819524,6.481569340154728e-05,11,8,0.16583123951776998,2500,OLS_iid,iid,False,5
2,2,2001,6,60001,True,121,False,100,0.7271209013490594,3.5609490517526865,0.4433960053231041,0.4081681866778306,0.8821011612641502,0.8719492402748268,0.631207141876457,2.984061288279165e-05,11,8,0.16583123951776998,2500,OLS_iid,iid,False,5
1,8,8001,18,180001,True,104,False,100,0.7057171016948187,8.19106802297756,0.5967081125759113,0.6077162657100352,0.9621320896942577,1.0015366099516978,0.5637361435219158,0.00016285902033234297,11,8,0.16583123951776998,2500,OLS_iid,iid,False,5
2,1,1001,3,30001,True,105,False,100,0.6046198828259838,5.629200305324048,0.5894112243430482,0.5791729494562874,1.0455485654334005,1.1320217497223948,0.6408323288833588,8.058677647844907e-05,11,8,0.16583123951776998,2500,OLS_iid,iid,False,5
1,9,9001,22,220001,True,119,False,100,0.7067767475795607,7.283761088270694,0.552911465107443,0.5555219432711943,0.8227000867145058,0.904914264013058,0.6490214833081922,8.961599180547701e-05,11,8,0.16583123951776998,2500,OLS_iid,iid,False,5
1,7,7001,14,140001,True,111,False,100,0.7433479507689166,10.416180771775544,0.6081669595967258,0.6168373462573208,1.0435143623526322,1.0507184704147758,0.5662965357858505,8.012402612989864e-05,11,8,0.16583123951776998,2500,OLS_iid,iid,False,5
2,2,2001,22,220001,True,113,False,100,0.7067767475795607,3.277066035196185,0.5635916725191441,0.5450663784714016,0.9844697154332087,0.9593489364729328,0.6348968162745927,4.8437786567554095e-05,11,8,0.16583123951776998,2500,OLS_iid,iid,False,5
1,8,8001,28,280001,True,113,False,100,0.7729573413135521,8.243796574883163,0.612429617204923,0.6315317883705059,0.9939343544551443,1.0408010753823578,0.5883567325369798,8.636404400663562e-05,11,8,0.16583123951776998,2500,OLS_iid,iid,False,5
2,2,2001,26,260001,True,115,False,100,0.7800179477656639,3.3586024986580014,0.5028299588011667,0.4703088377941,1.0826631257466754,0.9109089232745874,0.6607305849334076,3.523459375928192e-05,11,8,0.16583123951776998,2500,OLS_iid,iid,False,5
1,8,8001,17,170001,True,120,False,100,0.6663488150377282,8.872897258028388,0.5341822206111727,0.5261419937102255,0.8193925855352222,1.0141970342763187,0.6137721133747827,5.387733340284422e-05,11,8,0.16583123951776998,2500,OLS_iid,iid,False,5
2,0,1,15,150001,True,118,False,100,0.6466714203305812,6.8556917468085885,0.540725337266996,0.5276723016101292,0.9124704087327249,0.9965381501093132,0.6320714292602614,5.066618101041151e-05,11,8,0.16583123951776998,2500,OLS_iid,iid,False,5
2,2,2001,20,200001,True,113,False,100,0.7194904617523997,3.7918783468194306,0.62941177882864,0.6388366630181753,1.1687772704884607,1.2170590940130874,0.5179215995760781,5.7369028955056755e-05,11,8,0.16583123951776998,2500,OLS_iid,iid,False,5
2,1,1001,29,290001,True,165,False,100,0.8035944264947499,4.628694590181112,0.572360928994084,0.5668474140252031,0.9361721203144014,1.0775325363304744,0.5530052561570176,1.5224042857026815e-05,11,8,0.16583123951776998,2500,OLS_iid,iid,False,5
2,1,1001,2,20001,True,127,False,100,0.8223389972643678,6.270888569299132,0.514916158106356,0.48728584131536773,0.9954062282290426,1.0341530134145402,0.6337405425677366,2.6919743312761546e-05,11,8,0.16583123951776998,2500,OLS_iid,iid,False,5
2,2,2001,21,210001,True,120,False,100,0.7625517270473368,3.7651506229303777,0.5775022711068515,0.5756416334963274,1.1905757441599525,1.2399576159211483,0.4389410109067846,3.222702947375628e-05,11,8,0.16583123951776998,2500,OLS_iid,iid,False,5
2,0,1,20,200001,True,116,False,100,0.7194904617523997,6.74785176711157,0.5963410417027827,0.5896956513525061,0.9878046278518483,1.0944971225717468,0.5878955446688136,4.985221764196684e-05,11,8,0.16583123951776998,2500,OLS_iid,iid,False,5
2,2,2001,9,90001,True,111,False,100,0.8592656279146536,4.485849616583437,0.5959676111290616,0.5979277112532699,1.1245079064242094,1.044872378490168,0.5918089764252232,6.180199950272597e-05,11,8,0.16583123951776998,2500,OLS_iid,iid,False,5
1,9,9001,23,230001,True,108,False,100,0.7131776200290234,8.130783066619188,0.6177257814563859,0.6416887631341318,1.1971264702788647,1.1100956878040158,0.5734053788799166,0.00011861087353865358,11,8,0.16583123951776998,2500,OLS_iid,iid,False,5
2,2,2001,28,280001,True,118,False,100,0.7729573413135521,3.8400654578581452,0.5632237614076313,0.5514434259423044,0.9135571436253157,1.0813232814726388,0.540927048300915,4.74573361402936e-05,11,8,0.16583123951776998,2500,OLS_iid,iid,False,5
2,2,2001,2,20001,True,123,False,100,0.8223389972643678,5.000375750940293,0.5512776427373611,0.5397291773055263,0.9499597140042406,1.0984641610858135,0.5332822669640915,3.5549659787596385e-05,11,8,0.16583123951776998,2500,OLS_iid,iid,False,5
2,2,2001,15,150001,True,120,False,100,0.6466714203305812,4.418728233315051,0.49811393540180243,0.4605946114555908,0.8247985009811661,0.9184034992239527,0.6503268468832631,3.9658017887814364e-05,11,8,0.16583123951776998,2500,OLS_iid,iid,False,5
2,3,3001,4,40001,True,122,False,100,0.6770985876792917,3.6036363071762025,0.5294221455908245,0.5179309048440469,0.9777473748502944,0.9716768651347173,0.5961378183223338,3.222751652821746e-05,11,8,0.16583123951776998,2500,OLS_iid,iid,False,5
2,2,2001,10,100001,True,115,False,100,0.8147646203361788,4.611077439039946,0.5613830315939553,0.5340399189363418,1.0115043228801424,1.0806649994033468,0.5246460278063058,6.87957029261553e-05,11,8,0.16583123951776998,2500,OLS_iid,iid,False,5
1,6,6001,27,270001,True,110,False,100,0.9185182958328538,12.270035616122186,0.5782903677516721,0.5849661461176593,1.0858104271506128,0.9707483364181856,0.6428889298641199,8.084363464557477e-05,11,8,0.16583123951776998,2500,OLS_iid,iid,False,5
2,3,3001,9,90001,True,113,False,100,0.8592656279146536,3.4946035239845514,0.4765813070111619,0.45674911841088744,0.7379273679306064,0.8814807397121633,0.6538119749789493,5.503984896970548e-05,11,8,0.16583123951776998,2500,OLS_iid,iid,False,5
1,9,9001,4,40001,True,117,False,100,0.6770985876792917,8.974498466122895,0.603799152052028,0.62280153893307,0.9065878011735393,1.0130805499900093,0.5742068710225986,5.972725172927238e-05,11,8,0.16583123951776998,2500,OLS_iid,iid,False,5
2,3,3001,5,50001,True,122,False,100,0.7709298441133979,3.722782437223941,0.5507239981602181,0.538016533362257,1.0890839937823653,1.088046055677615,0.5565175962906777,2.5511244545748147e-05,11,8,0.16583123951776998,2500,OLS_iid,iid,False,5
2,3,3001,16,160001,True,107,False,100,0.676217520476812,3.3064238829538226,0.6290165817038261,0.6354394205801508,0.9578378059267846,1.193113995152143,0.5291359141666797,9.527383082592782e-05,11,8,0.16583123951776998,2500,OLS_iid,iid,False,5
2,2,2001,25,250001,True,115,False,100,0.7683657815340796,4.303913027048111,0.5501895786262984,0.5381836615531888,0.8459615081489614,1.009468670794484,0.6064828754462273,3.986870785870161e-05,11,8,0.16583123951776998,2500,OLS_iid,iid,False,5
2,2,2001,23,230001,True,116,False,100,0.7131776200290234,4.399357293732464,0.46219691154847353,0.44015960389989833,0.8999070617880465,0.7834794207721271,0.7177107695984434,5.6144049612202865e-05,11,8,0.16583123951776998,2500,OLS_iid,iid,False,5
2,2,2001,12,120001,True,114,False,100,0.8034888015081432,4.803955071140081,0.5578782652768239,0.5454068807453591,1.1603404321174402,0.9554986074755428,0.7230734660735307,4.5917519100676257e-05,11,8,0.16583123951776998,2500,OLS_iid,iid,False,5
2,1,1001,16,160001,True,109,False,100,0.676217520476812,6.237027559895068,0.608806412403665,0.6132173349459508,1.0203100512058378,1.1327646670582885,0.5954017986524329,0.00010039548188234952,11,8,0.16583123951776998,2500,OLS_iid,iid,False,5
2,1,1001,10,100001,True,121,False,100,0.8147646203361788,6.599045921117067,0.6294677633392948,0.6358522400836922,0.9811300764943625,1.4087092539464061,0.5238800940781543,5.2424925536038094e-05,11,8,0.16583123951776998,2500,OLS_iid,iid,False,5
2,3,3001,18,180001,True,103,False,100,0.7057171016948187,3.387524839024991,0.5042575615398791,0.4609528343690741,0.9868806826190318,0.7678474859239095,0.7675672437388993,8.060819426686916e-05,11,8,0.16583123951776998,2500,OLS_iid,iid,False,5
2,3,3001,10,100001,True,114,False,100,0.8147646203361788,3.7342932652682066,0.5730297008285344,0.562839189585113,0.9513865663202716,1.012627851786823,0.581345245891303,7.559226039105443e-05,11,8,0.16583123951776998,2500,OLS_iid,iid,False,5
2,3,3001,2,20001,True,121,False,100,0.8223389972643678,4.128194547723979,0.5927152290939974,0.5935611910549684,0.940450124948422,1.0851836245629218,0.539760187758198,4.236567716418182e-05,11,8,0.16583123951776998,2500,OLS_iid,iid,False,5
2,3,3001,22,220001,True,109,False,100,0.7067767475795607,3.3139903359115124,0.6163903811063433,0.6195484661025653,0.9876967450723148,1.0902866872484296,0.6132426097378609,6.588810830955134e-05,11,8,0.16583123951776998,2500,OLS_iid,iid,False,5
2,0,1,0,1,True,115,False,100,0.7559997774127204,8.401497474871576,0.5714232014864691,0.5579262744317495,1.0657103478147971,1.2120188677215076,0.464465822910299,5.6897372367454255e-05,11,8,0.16583123951776998,2500,OLS_iid,iid,False,5
2,3,3001,15,150001,True,117,False,100,0.6466714203305812,3.633120893035084,0.5315037019704549,0.5156546211570278,1.0861355648656252,0.9681969502167834,0.6040392005795767,5.3243538299528594e-05,11,8,0.16583123951776998,2500,OLS_iid,iid,False,5
2,2,2001,27,270001,True,120,False,100,0.9185182958328538,4.436920180916786,0.5451643167301966,0.5366136241222693,0.9219967774633833,0.9119249898185205,0.6608872448291551,3.422787470859972e-05,11,8,0.16583123951776998,2500,OLS_iid,iid,False,5
1,9,9001,0,1,True,114,False,100,0.7559997774127204,9.501355024054646,0.5844513092071418,0.5889238737546659,0.949648248385739,0.9477899494786876,0.6508391924259811,6.48462206804484e-05,11,8,0.16583123951776998,2500,OLS_iid,iid,False,5
1,8,8001,15,150001,True,113,False,100,0.6466714203305812,9.988070031162351,0.4944527943709261,0.49022999689789926,0.7665778175307016,0.8002053582979259,0.7137145540326517,0.0001058406581971592,11,8,0.16583123951776998,2500,OLS_iid,iid,False,5
1,9,9001,10,100001,True,98,False,100,0.8147646203361788,9.128135422244668,0.65067073632286,0.6772133101094545,1.0387908953858664,2.46075325164579,0.5786631990101205,0.00019488309959820764,11,8,0.16583123951776998,2500,OLS_iid,iid,False,5
2,1,1001,27,270001,True,124,False,100,0.9185182958328538,5.727533323690295,0.43130362480516965,0.40579989364504515,0.72134788022051,0.758093207730706,0.7459996275188112,2.9332747519433878e-05,11,8,0.16583123951776998,2500,OLS_iid,iid,False,5
2,2,2001,5,50001,True,126,False,100,0.7709298441133979,5.440982934087515,0.5606454992497338,0.5439715894448276,0.9677501096428234,1.1394815726600038,0.47962199197835964,2.313967014461967e-05,11,8,0.16583123951776998,2500,OLS_iid,iid,False,5
2,1,1001,21,210001,True,117,False,100,0.7625517270473368,6.275852717924863,0.516306397117674,0.49801921748955497,0.8826244588548314,0.8892556792479139,0.6577113305559918,3.49583790652589e-05,11,8,0.16583123951776998,2500,OLS_iid,iid,False,5
2,3,3001,11,110001,True,122,False,100,0.765549815274042,3.923057022038847,0.6004583899499463,0.5993431807830025,1.2157558074463803,1.1964686524947485,0.5627914567440738,3.690169871801756e-05,11,8,0.16583123951776998,2500,OLS_iid,iid,False,5
1,9,9001,15,150001,True,109,False,100,0.6466714203305812,9.110549381934106,0.559718024162572,0.5588088573766612,1.1835505945717966,0.9061583113729311,0.6573989603020303,0.00011608839183481563,11,8,0.16583123951776998,2500,OLS_iid,iid,False,5
2,1,1001,28,280001,True,123,False,100,0.7729573413135521,5.851077217143029,0.6011688310340233,0.6090952913613893,1.0589095983971646,1.0692357811354043,0.5868575892662239,3.5207573572538535e-05,11,8,0.16583123951776998,2500,OLS_iid,iid,False,5
2,3,3001,20,200001,True,112,False,100,0.7194904617523997,3.644636352080852,0.6063034724912242,0.6031439320548615,0.9851991647746412,1.1087256150054072,0.5804846327701806,5.561101561089524e-05,11,8,0.16583123951776998,2500,OLS_iid,iid,False,5
2,2,2001,13,130001,True,124,False,100,0.718445583337366,5.307364284060895,0.6058955334735467,0.6096284000842116,1.1308747974640745,1.1684965584148845,0.4901293647253337,4.749928309751869e-05,11,8,0.16583123951776998,2500,OLS_iid,iid,False,5
2,3,3001,8,80001,True,115,False,100,0.7721464948036827,4.326896014157683,0.5333014481316398,0.5124409977132351,1.0271141202490257,0.978689395055592,0.5915495050807072,6.080114152660883e-05,11,8,0.16583123951776998,2500,OLS_iid,iid,False,5
2,3,3001,7,70001,True,125,False,100,0.6817050683873941,4.375726229976863,0.6123074433562392,0.613773335810838,1.1629992621615601,1.1183488463626097,0.523166992166628,3.407129579820402e-05,11,8,0.16583123951776998,2500,OLS_iid,iid,False,5
2,3,3001,19,190001,True,131,False,100,0.8237675591248275,3.831606050953269,0.5693844283077019,0.5568914050981041,0.9727461661702241,0.99851387776827,0.635044308171704,1.8987102334481258e-05,11,8,0.16583123951776998,2500,OLS_iid,iid,False,5
2,2,2001,29,290001,True,123,False,100,0.8035944264947499,4.709927664604038,0.4460529835893758,0.41741878366289664,0.7927780523115324,0.8206517587587326,0.6812948412192072,3.6157159376312033e-05,11,8,0.16583123951776998,2500,OLS_iid,iid,False,5
2,3,3001,24,240001,True,112,False,100,0.6660568029132168,3.67348096286878,0.566307620195524,0.5476076663656367,1.12491704666352,1.14823067581898,0.6560061908571841,6.43699578448433e-05,11,8,0.16583123951776998,2500,OLS_iid,iid,False,5
2,3,3001,12,120001,True,142,False,100,0.8034888015081432,4.134070671163499,0.5896263275026218,0.5871800966778263,0.9719128980803676,1.013074955189771,0.5910109147917311,2.8109953225034955e-05,11,8,0.16583123951776998,2500,OLS_iid,iid,False,5
2,1,1001,18,180001,True,109,False,100,0.7057171016948187,6.79722341010347,0.630992599112008,0.6389882979059428,1.035263391851186,1.0289890259246677,0.6720140342509673,7.691215099683623e-05,11,8,0.16583123951776998,2500,OLS_iid,iid,False,5
2,1,1001,26,260001,True,127,False,100,0.7800179477656639,6.297407974023372,0.546841259196877,0.5312639913891286,0.9361271233882055,0.9302830856394595,0.678695886563633,2.509508776287271e-05,11,8,0.16583123951776998,2500,OLS_iid,iid,False,5
2,3,3001,27,270001,True,115,False,100,0.9185182958328538,3.7805215078406036,0.557502064025737,0.540197674516381,0.9645217692940127,1.0066729098053218,0.5804596493976358,3.9711365675517684e-05,11,8,0.16583123951776998,2500,OLS_iid,iid,False,5
2,3,3001,1,10001,True,129,False,100,0.8551485181776444,4.783080590888858,0.6316873992119502,0.6364682432765353,1.100620939347162,1.3348598216764236,0.501917532737528,3.9182708769411175e-05,11,8,0.16583123951776998,2500,OLS_iid,iid,False,5
1,9,9001,17,170001,True,107,False,100,0.6663488150377282,9.466079363133758,0.5110440159847396,0.5068147476016835,0.7546184625061935,0.7676699638505142,0.7322029410848728,7.817332686314762e-05,11,8,0.16583123951776998,2500,OLS_iid,iid,False,5
2,2,2001,8,80001,True,115,False,100,0.7721464948036827,5.831560247577727,0.47381923738314474,0.4464983893794212,0.7727370442526854,0.7658729656710735,0.7358574663234185,6.138753886509645e-05,11,8,0.16583123951776998,2500,OLS_iid,iid,False,5
1,9,9001,21,210001,True,108,False,100,0.7625517270473368,9.422625422943383,0.646772886116599,0.6775917400593211,1.0197851273555767,1.1376006162766603,0.5380904970354496,8.985466969344355e-05,11,8,0.16583123951776998,2500,OLS_iid,iid,False,5
2,1,1001,1,10001,True,117,False,100,0.8551485181776444,7.921223517972976,0.5666620712465494,0.55875351341876,1.1160188256291228,0.9299117386783171,0.6834477233140197,5.544286451366589e-05,11,8,0.16583123951776998,2500,OLS_iid,iid,False,5
2,3,3001,23,230001,True,114,False,100,0.7131776200290234,4.0846364689059556,0.5404558846796089,0.526358530928982,0.9957203274461028,0.9204722881014161,0.7150437820752593,4.097368782550611e-05,11,8,0.16583123951776998,2500,OLS_iid,iid,False,5
2,0,1,25,250001,True,114,False,100,0.7683657815340796,8.25701610185206,0.49198803850024353,0.46814878056628806,0.8055485887831906,0.762265902601357,0.7650409612918895,4.132826687772849e-05,11,8,0.16583123951776998,2500,OLS_iid,iid,False,5
2,3,3001,25,250001,True,119,False,100,0.7683657815340796,4.151856081094593,0.5212230764509782,0.5109428568416561,0.9538001191021488,0.9748920363711482,0.5388190488848968,2.712410791716345e-05,11,8,0.16583123951776998,2500,OLS_iid,iid,False,5
2,4,4001,12,120001,True,115,False,100,0.8034888015081432,3.425776951946318,0.4908822436036707,0.4636090007455469,0.9046997514093584,0.9338331624642904,0.6083961419811003,5.450343391731129e-05,11,8,0.16583123951776998,2500,OLS_iid,iid,False,5
2,3,3001,6,60001,True,115,False,100,0.7271209013490594,5.167978549841791,0.5261646047674365,0.5099006795935485,0.9351050503054413,1.0119280111907007,0.6068098941344853,3.5734173749213185e-05,11,8,0.16583123951776998,2500,OLS_iid,iid,False,5
2,2,2001,19,190001,True,123,False,100,0.8237675591248275,5.964693660847843,0.512022553479115,0.48466669518502603,0.9049051116328466,1.1339366185478952,0.457412508667148,2.6073477831737874e-05,11,8,0.16583123951776998,2500,OLS_iid,iid,False,5
2,1,1001,25,250001,True,118,False,100,0.7683657815340796,6.959495802409947,0.5205714088760898,0.49319427159617546,1.04004316383718,0.9406198133633692,0.6043317035625839,3.931078482139543e-05,11,8,0.16583123951776998,2500,OLS_iid,iid,False,5
2,2,2001,1,10001,True,113,False,100,0.8551485181776444,6.721292461734265,0.5661047640721837,0.5550818720741583,1.038142518575419,1.0301568168924584,0.587481825412916,6.853275916084725e-05,11,8,0.16583123951776998,2500,OLS_iid,iid,False,5
2,2,2001,0,1,True,117,False,100,0.7559997774127204,6.766115802805871,0.5023555975712671,0.47656726623264833,0.8913818336862787,0.8194119995665352,0.7343995687608609,4.458949828431561e-05,11,8,0.16583123951776998,2500,OLS_iid,iid,False,5
1,8,8001,9,90001,True,106,False,100,0.8592656279146536,11.496712260413915,0.606368261615529,0.62628832519957,0.8792722297472382,1.097488973671688,0.5155882280270746,9.716308902142802e-05,11,8,0.16583123951776998,2500,OLS_iid,iid,False,5
2,2,2001,7,70001,True,117,False,100,0.6817050683873941,6.481885558925569,0.5057554782545077,0.4815069380707994,0.8736236018195068,0.9794613433279129,0.6063916014293534,5.26576289845601e-05,11,8,0.16583123951776998,2500,OLS_iid,iid,False,5
2,3,3001,17,170001,True,109,False,100,0.6663488150377282,4.72450585430488,0.5863038392253599,0.5817385611663217,0.9644051994128158,1.1153028763466564,0.5224672118461806,6.454949792813161e-05,11,8,0.16583123951776998,2500,OLS_iid,iid,False,5
2,3,3001,21,210001,True,125,False,100,0.7625517270473368,4.5836179200559855,0.48035437711913237,0.45837259011572457,0.9587485871438625,0.9979381956782838,0.6091402844820859,2.462916308908008e-05,11,8,0.16583123951776998,2500,OLS_iid,iid,False,5
2,4,4001,5,50001,True,120,False,100,0.7709298441133979,4.0957967303693295,0.4759856642059745,0.4725311547857872,1.1695588668920918,2.5742509318419184,0.6641763440685852,2.4654623729748167e-05,11,8,0.16583123951776998,2500,OLS_iid,iid,False,5
2,0,1,16,160001,True,116,False,100,0.676217520476812,9.19669797597453,0.6174071235605116,0.6212617564408831,1.1577241112094456,1.2920279996332542,0.5432997425628847,5.740029145883998e-05,11,8,0.16583123951776998,2500,OLS_iid,iid,False,5
2,1,1001,14,140001,True,113,False,100,0.7433479507689166,7.988002503290772,0.600215271706318,0.5978436297476273,0.9454427211869033,1.1515634335719518,0.5658749110491353,5.1971290313516216e-05,11,8,0.16583123951776998,2500,OLS_iid,iid,False,5
2,2,2001,11,110001,True,118,False,100,0.765549815274042,6.69371455302462,0.5619835749218823,0.545431755807986,0.9944249316157697,1.0132604254454067,0.6113437387506029,3.533717580822322e-05,11,8,0.16583123951776998,2500,OLS_iid,iid,False,5
2,3,3001,3,30001,True,116,False,100,0.6046198828259838,5.788555844686925,0.5596174627301828,0.551828865236843,0.8945868752455577,0.8716255547923367,0.7251977704888529,4.513451015524128e-05,11,8,0.16583123951776998,2500,OLS_iid,iid,False,5
2,4,4001,0,1,True,110,False,100,0.7559997774127204,4.739192073233426,0.58249327791876,0.5819040984293031,0.9373601018559741,1.26254670649848,0.38208187115750114,5.375306162786739e-05,11,8,0.16583123951776998,2500,OLS_iid,iid,False,5
2,4,4001,20,200001,True,129,False,100,0.7194904617523997,4.113031231798232,0.5170444820215785,0.4936107290247913,1.088528720845286,0.9401929105096285,0.639883406903143,3.7050675523117566e-05,11,8,0.16583123951776998,2500,OLS_iid,iid,False,5
1,9,9001,19,190001,True,123,False,100,0.8621175656744737,10.762209891807288,0.5703332783352716,0.5720390492161157,0.9536222295146412,1.2568137802829533,0.40619879244133783,3.434866480394103e-05,11,8,0.16583123951776998,2500,OLS_iid,iid,False,5
2,4,4001,18,180001,True,108,False,100,0.7057171016948187,4.359057124238461,0.5989806349683006,0.5897198327696018,1.0731366783908618,0.9924500514684527,0.6690408803332617,8.265141290852944e-05,11,8,0.16583123951776998,2500,OLS_iid,iid,False,5
2,4,4001,25,250001,True,115,False,100,0.7683657815340796,4.08511559618637,0.6297502959503167,0.6351200323356129,1.0736738975698081,1.3515274970561257,0.44448853322543624,4.697015233841373e-05,11,8,0.16583123951776998,2500,OLS_iid,iid,False,5
2,4,4001,22,220001,True,113,False,100,0.7067767475795607,4.443079203367233,0.5260838993071981,0.509707798098699,1.0468763343061556,1.1319600613072731,0.5424325433823682,5.476580424378046e-05,11,8,0.16583123951776998,2500,OLS_iid,iid,False,5
2,4,4001,27,270001,True,122,False,100,0.9185182958328538,4.027384503744543,0.4842808453492148,0.4483295412359176,0.9473473660163698,0.7574036047981816,0.7509871524773958,3.001132358520746e-05,11,8,0.16583123951776998,2500,OLS_iid,iid,False,5
2,4,4001,21,210001,True,124,False,100,0.7625517270473368,4.503458846826106,0.5880732215747028,0.5854418038486974,1.0512264108713818,1.2359673996355505,0.5003740062620895,2.572370961199001e-05,11,8,0.16583123951776998,2500,OLS_iid,iid,False,5
2,5,5001,4,40001,True,119,False,100,0.6770985876792917,3.4458009670488536,0.5219856599320604,0.5063627997416413,0.8354309053912906,0.9312954000045749,0.6470455962936609,3.5627753953694395e-05,11,8,0.16583123951776998,2500,OLS_iid,iid,False,5
2,1,1001,0,1,True,121,False,100,0.7559997774127204,9.622481641825289,0.6055736124452404,0.5988941875265831,1.0232710881703342,1.1900974426090163,0.5479044738215069,3.435730333910486e-05,11,8,0.16583123951776998,2500,OLS_iid,iid,False,5
2,4,4001,9,90001,True,118,False,100,0.8592656279146536,5.019398232921958,0.5509198752679751,0.5407184497088001,0.9798615434186384,0.9599762759340817,0.6505656695405452,4.561142069274659e-05,11,8,0.16583123951776998,2500,OLS_iid,iid,False,5
2,5,5001,2,20001,True,119,False,100,0.8223389972643678,3.8376782732084394,0.5609742534036163,0.5488506639468672,0.9135288027419363,1.042139239692692,0.5683306079459265,4.929406658697226e-05,11,8,0.16583123951776998,2500,OLS_iid,iid,False,5
2,5,5001,7,70001,True,119,False,100,0.6817050683873941,3.628323113080114,0.5416643917610395,0.521847779485019,0.872696554522282,0.9853014135969601,0.6415651016992591,4.2769334870212875e-05,11,8,0.16583123951776998,2500,OLS_iid,iid,False,5
2,5,5001,8,80001,True,114,False,100,0.7721464948036827,3.605842732824385,0.4848942901317533,0.4547035695315173,0.8365848296621288,0.79068025108679,0.7356021184753312,6.655454477316385e-05,11,8,0.16583123951776998,2500,OLS_iid,iid,False,5
2,1,1001,5,50001,True,121,False,100,0.7709298441133979,9.690418088808656,0.5495507206323146,0.5336565941363656,0.8845993763890272,0.9908141700071825,0.5989132636563866,2.3397601228340862e-05,11,8,0.16583123951776998,2500,OLS_iid,iid,False,5
2,4,4001,2,20001,True,133,False,100,0.8223389972643678,5.68363718688488,0.5834296294178559,0.5835835600082288,0.9216635954731763,1.1290044722681538,0.5777960895471401,2.6067821684701104e-05,11,8,0.16583123951776998,2500,OLS_iid,iid,False,5
2,3,3001,28,280001,True,120,False,100,0.7729573413135521,5.942470478825271,0.5702865420955181,0.561943224379914,1.0936265554859705,1.0363809859058324,0.6332107865936502,3.961180626890728e-05,11,8,0.16583123951776998,2500,OLS_iid,iid,False,5
2,5,5001,16,160001,True,104,False,100,0.676217520476812,3.271204690914601,0.6057830820711418,0.6030107668125022,1.0355853658901584,1.1789178088022527,0.505504161042181,0.00010280879370885192,11,8,0.16583123951776998,2500,OLS_iid,iid,False,5
2,4,4001,29,290001,True,121,False,100,0.8035944264947499,4.284209148958325,0.609594910892629,0.6138606726250401,1.0658635014343756,1.2351364639751503,0.5041997446550152,3.843122222315762e-05,11,8,0.16583123951776998,2500,OLS_iid,iid,False,5
2,5,5001,6,60001,True,119,False,100,0.7271209013490594,3.857190342154354,0.5438624979502815,0.5282266420487379,0.8603122552596592,1.131327070210155,0.484575363524478,3.624627390829955e-05,11,8,0.16583123951776998,2500,OLS_iid,iid,False,5
2,4,4001,7,70001,True,115,False,100,0.6817050683873941,5.526862800121307,0.5235741517016416,0.49773973730293053,0.9678001327537354,0.9009682437672019,0.6596371451111378,4.76823293689299e-05,11,8,0.16583123951776998,2500,OLS_iid,iid,False,5
2,2,2001,3,30001,True,114,False,100,0.6046198828259838,8.411886490881443,0.6047778203518285,0.6070581951127783,0.9611405656697157,1.0360805897982894,0.6138791282376352,7.70038090958173e-05,11,8,0.16583123951776998,2500,OLS_iid,iid,False,5
2,5,5001,17,170001,True,111,False,100,0.6663488150377282,3.4593673022463918,0.5704357005904003,0.554426587707155,1.1535653127699046,1.061019594351104,0.5750604250304485,5.635640040395119e-05,11,8,0.16583123951776998,2500,OLS_iid,iid,False,5
2,5,5001,12,120001,True,119,False,100,0.8034888015081432,3.58348698168993,0.5211751732108356,0.49314697655254025,0.9893523112531892,0.8436346052512005,0.714156687948006,3.577349127772117e-05,11,8,0.16583123951776998,2500,OLS_iid,iid,False,5
2,1,1001,22,220001,True,113,False,100,0.7067767475795607,9.05011984705925,0.5661911282744845,0.5569455460990909,0.759047689759898,1.0668149254723769,0.554901927452169,6.132830285545554e-05,11,8,0.16583123951776998,2500,OLS_iid,iid,False,5
2,4,4001,4,40001,True,115,False,100,0.6770985876792917,5.860756866168231,0.5646628606701646,0.5549382761674264,0.9429998561017926,1.0738255492794981,0.5544102274402528,3.503605047377402e-05,11,8,0.16583123951776998,2500,OLS_iid,iid,False,5
2,5,5001,11,110001,True,113,False,100,0.765549815274042,3.8741867560893297,0.5545077354322139,0.5316770569315176,1.0316303544154377,0.958844472104558,0.6435368291573478,4.40305504890322e-05,11,8,0.16583123951776998,2500,OLS_iid,iid,False,5
2,1,1001,17,170001,True,112,False,100,0.6663488150377282,9.394207208883017,0.5523804431449916,0.5320248737825415,0.9548338376273795,1.0575791791079585,0.5291562532642663,5.391497466780266e-05,11,8,0.16583123951776998,2500,OLS_iid,iid,False,5
2,5,5001,10,100001,True,111,False,100,0.8147646203361788,4.00666065281257,0.5083166541312203,0.48024784040374563,0.8579239531515882,0.7505626633094183,0.7479705283135076,6.0652821707593205e-05,11,8,0.16583123951776998,2500,OLS_iid,iid,False,5
2,3,3001,29,290001,True,126,False,100,0.8035944264947499,6.259408981073648,0.5171888796716297,0.49940911521464704,0.863072245810837,0.9779179984915475,0.5948886294236009,3.142673578633888e-05,11,8,0.16583123951776998,2500,OLS_iid,iid,False,5
2,4,4001,11,110001,True,114,False,100,0.765549815274042,5.698308254592121,0.5545748581576871,0.5385015724123948,0.9921500006191142,0.9261716359865912,0.6877886318942047,3.750756693492421e-05,11,8,0.16583123951776998,2500,OLS_iid,iid,False,5
2,1,1001,12,120001,True,118,False,100,0.8034888015081432,9.850341064855456,0.5587223364402201,0.5491533376635832,0.9233194191098345,0.9783627849768808,0.6341117377636833,4.630657059742087e-05,11,8,0.16583123951776998,2500,OLS_iid,iid,False,5
2,5,5001,14,140001,True,114,False,100,0.7433479507689166,3.7791009270586073,0.5906687178516281,0.5851395988406121,1.0047631001792938,1.0520736006291151,0.6033162583533693,5.6154001567233544e-05,11,8,0.16583123951776998,2500,OLS_iid,iid,False,5
2,5,5001,22,220001,True,115,False,100,0.7067767475795607,3.623680502176285,0.4749581374915466,0.44527746792208744,0.7540960191442724,0.8133879513766549,0.6965150293066741,4.6510160016822526e-05,11,8,0.16583123951776998,2500,OLS_iid,iid,False,5
2,2,2001,4,40001,True,122,False,100,0.6770985876792917,8.671150640118867,0.4806928845513125,0.46057317479168575,0.7901460517699912,0.784512692958303,0.7107319121033484,2.50456296952612e-05,11,8,0.16583123951776998,2500,OLS_iid,iid,False,5
2,2,2001,18,180001,True,128,False,100,0.7057171016948187,8.169893474318087,0.5649849277993348,0.5474611645020396,1.0521256802799637,0.9133937942575897,0.7249549894145715,7.05204942105772e-05,11,8,0.16583123951776998,2500,OLS_iid,iid,False,5
2,1,1001,15,150001,True,114,False,100,0.6466714203305812,9.709862297866493,0.5307320521230481,0.5121042102727461,0.9394621655519282,0.8543236710202353,0.6777671587166246,5.365812752724572e-05,11,8,0.16583123951776998,2500,OLS_iid,iid,False,5
2,4,4001,17,170001,True,111,False,100,0.6663488150377282,5.584024526178837,0.5567371350277972,0.5439252667638285,0.8668249943792373,0.9532974510743217,0.6441513339425079,5.702116614225947e-05,11,8,0.16583123951776998,2500,OLS_iid,iid,False,5
2,2,2001,17,170001,True,113,False,100,0.6663488150377282,8.262213480193168,0.4652983391397794,0.4233913767122112,0.88917411516786,0.8128896513221562,0.7239466574598767,4.960336054767578e-05,11,8,0.16583123951776998,2500,OLS_iid,iid,False,5
2,2,2001,14,140001,True,115,False,100,0.7433479507689166,8.516331941820681,0.5412990868780644,0.532322003126735,0.8439787397884035,0.9109379355597029,0.6627195681583427,5.255128503812603e-05,11,8,0.16583123951776998,2500,OLS_iid,iid,False,5
2,4,4001,8,80001,True,121,False,100,0.7721464948036827,6.1336860922165215,0.610067597218578,0.6150534495160616,0.8986239510679642,1.0837759127609221,0.6453640184635225,4.61751231932612e-05,11,8,0.16583123951776998,2500,OLS_iid,iid,False,5
2,6,6001,15,150001,True,117,False,100,0.6466714203305812,3.335946178995073,0.5556370861180713,0.5468905294528782,0.8621547337979003,1.0747871154922048,0.5192905042490108,5.909561398399689e-05,11,8,0.16583123951776998,2500,OLS_iid,iid,False,5
2,5,5001,20,200001,True,113,False,100,0.7194904617523997,4.109343594871461,0.522663354676174,0.5110349100188091,1.1076652316145283,1.335477379870228,0.6419606762548898,5.379517744934824e-05,11,8,0.16583123951776998,2500,OLS_iid,iid,False,5
2,3,3001,14,140001,True,153,False,100,0.7433479507689166,7.321070795878768,0.6168548514711436,0.6203314804060323,0.9084501121621542,1.056492300299005,0.6500700986121726,2.1538524430463122e-05,11,8,0.16583123951776998,2500,OLS_iid,iid,False,5
2,5,5001,23,230001,True,108,False,100,0.7131776200290234,4.0011618179269135,0.5661583652678672,0.5589544387896775,0.9750933519212852,1.0110875859315334,0.6122380714381399,7.020890068144989e-05,11,8,0.16583123951776998,2500,OLS_iid,iid,False,5
2,6,6001,1,10001,True,110,False,100,0.8551485181776444,3.779582303017378,0.5765665334710888,0.5685293382416643,0.9588253117035721,1.021635139611798,0.5960177085406987,6.716447397688802e-05,11,8,0.16583123951776998,2500,OLS_iid,iid,False,5
2,5,5001,15,150001,True,120,False,100,0.6466714203305812,4.3021403178572655,0.5356354008502899,0.514781624562962,1.064051574354285,0.9206680831144864,0.7075806684064002,4.7648648271162766e-05,11,8,0.16583123951776998,2500,OLS_iid,iid,False,5
2,5,5001,29,290001,True,120,False,100,0.8035944264947499,3.8416950181126595,0.5924460193318208,0.5922573211887365,0.9679712590416983,1.1776789329452568,0.46241864788791087,4.207335512725562e-05,11,8,0.16583123951776998,2500,OLS_iid,iid,False,5
2,2,2001,16,160001,True,120,False,100,0.676217520476812,8.699350965674967,0.5564237762703292,0.5468027587796527,1.1885926758956935,0.9805824491962147,0.7221890319506028,6.27126761524675e-05,11,8,0.16583123951776998,2500,OLS_iid,iid,False,5
2,6,6001,20,200001,True,120,False,100,0.7194904617523997,3.4131503901444376,0.5496810404996028,0.5312459688972478,1.0215118740795845,0.8944075012471175,0.7201207195971381,3.7297055965101143e-05,11,8,0.16583123951776998,2500,OLS_iid,iid,False,5
2,6,6001,5,50001,True,123,False,100,0.7709298441133979,3.7679169960319996,0.520386698635275,0.4987227586348446,1.1430550163736284,0.8925663923111191,0.6935430939101739,1.965310309623544e-05,11,8,0.16583123951776998,2500,OLS_iid,iid,False,5
2,6,6001,0,1,True,120,False,100,0.7559997774127204,3.84939735988155,0.5598522494283551,0.5458189360177276,0.9649278223329566,1.0762353709869728,0.5871224611328494,3.2563480946785035e-05,11,8,0.16583123951776998,2500,OLS_iid,iid,False,5
2,6,6001,16,160001,True,111,False,100,0.676217520476812,3.537550766952336,0.5467136400920021,0.52616083367698,1.0264704830953246,0.9046130427333837,0.69924353809523,7.836923477871917e-05,11,8,0.16583123951776998,2500,OLS_iid,iid,False,5
2,6,6001,9,90001,True,118,False,100,0.8592656279146536,3.808837201911956,0.49431556749227584,0.4720441085241996,0.8937056569720934,0.8317514714596458,0.6930866396320114,4.585190634127978e-05,11,8,0.16583123951776998,2500,OLS_iid,iid,False,5
2,4,4001,13,130001,True,114,False,100,0.718445583337366,6.340799595229328,0.5496367109479461,0.5374788817531502,0.8865001602000612,0.8861695519726426,0.6980596346193286,5.337089310277291e-05,11,8,0.16583123951776998,2500,OLS_iid,iid,False,5
2,6,6001,22,220001,True,120,False,100,0.7067767475795607,3.4370908606797457,0.49170547417082916,0.4692673917315274,0.7709676358182065,0.8312700755456176,0.6957295166015038,3.687069202125805e-05,11,8,0.16583123951776998,2500,OLS_iid,iid,False,5
2,5,5001,26,260001,True,123,False,100,0.7800179477656639,4.156191844027489,0.5827888691992819,0.5746631169203135,1.0978943648191088,1.1553721810538495,0.5451335999305242,3.194024517362741e-05,11,8,0.16583123951776998,2500,OLS_iid,iid,False,5
2,5,5001,18,180001,True,111,False,100,0.7057171016948187,4.434327176772058,0.5387339245263898,0.518533366361729,0.9329462231077095,0.8705726729003307,0.6989763639517322,8.210887151440667e-05,11,8,0.16583123951776998,2500,OLS_iid,iid,False,5
2,6,6001,12,120001,True,121,False,100,0.8034888015081432,3.7381318006664515,0.5783309156188761,0.563095246834558,1.02917745116782,0.9402004684236197,0.6680859993434474,2.9098913946237147e-05,11,8,0.16583123951776998,2500,OLS_iid,iid,False,5
2,6,6001,18,180001,True,108,False,100,0.7057171016948187,3.6333855618722737,0.5137217387037042,0.4837938220701881,1.143544042540914,0.8419759530504278,0.6963823948578207,8.100464870825949e-05,11,8,0.16583123951776998,2500,OLS_iid,iid,False,5
2,6,6001,2,20001,True,126,False,100,0.8223389972643678,4.00509969284758,0.5870705623009135,0.5836681412714139,1.0127994406154186,1.0628917061335985,0.5440432009141154,4.021985219391766e-05,11,8,0.16583123951776998,2500,OLS_iid,iid,False,5
2,4,4001,23,230001,True,107,False,100,0.7131776200290234,6.079708667006344,0.5835174292819737,0.576931911639726,0.9701110749711171,1.062470594829058,0.5668256854958441,8.102432718698167e-05,11,8,0.16583123951776998,2500,OLS_iid,iid,False,5
2,6,6001,10,100001,True,119,False,100,0.8147646203361788,3.9974041408859193,0.4553671801908751,0.4282719566491476,0.773387253369413,0.7007540148408571,0.7854648996820197,5.8454222996120985e-05,11,8,0.16583123951776998,2500,OLS_iid,iid,False,5
2,6,6001,14,140001,True,110,False,100,0.7433479507689166,3.9313338408246636,0.5106651920624921,0.48090391883786426,1.0036762139684308,0.9153028449627555,0.6670292693569096,5.283014547986462e-05,11,8,0.16583123951776998,2500,OLS_iid,iid,False,5
2,6,6001,25,250001,True,120,False,100,0.7683657815340796,3.596201791893691,0.5351468273103653,0.517079204996251,0.8010440875010497,1.0282983973541577,0.5559238115899366,3.367949348605335e-05,11,8,0.16583123951776998,2500,OLS_iid,iid,False,5
2,6,6001,21,210001,True,116,False,100,0.7625517270473368,3.828449400141835,0.5930448957637621,0.5897461634024661,1.233637185161218,1.211100732109551,0.5373750152096032,4.016033719419042e-05,11,8,0.16583123951776998,2500,OLS_iid,iid,False,5
2,6,6001,4,40001,True,121,False,100,0.6770985876792917,4.217118384782225,0.6188781900170106,0.6241819108576669,0.9139072568464467,1.2553366578209189,0.42135881392715835,3.4172360420085965e-05,11,8,0.16583123951776998,2500,OLS_iid,iid,False,5
2,2,2001,24,240001,True,113,False,100,0.6660568029132168,8.863988081924617,0.544815707771802,0.5193767919592774,1.020785106607837,0.780731031880232,0.7344776814012505,5.90270824234568e-05,11,8,0.16583123951776998,2500,OLS_iid,iid,False,5
2,6,6001,19,190001,True,123,False,100,0.8237675591248275,3.84942407021299,0.5858424589203668,0.5842332086031775,0.8697358294828341,1.1969855340432871,0.42066169403006076,2.707484531667762e-05,11,8,0.16583123951776998,2500,OLS_iid,iid,False,5
2,6,6001,8,80001,True,116,False,100,0.7721464948036827,4.350477387197316,0.4608105040304632,0.4345739942674003,0.8276944968229885,0.7460032929127824,0.738391150811716,5.7434695234610644e-05,11,8,0.16583123951776998,2500,OLS_iid,iid,False,5
2,7,7001,4,40001,True,123,False,100,0.6770985876792917,3.5047257910482585,0.5793201427742151,0.5733393935997129,1.0057375259525763,1.2042210506322721,0.5493481992971051,2.5979954972615488e-05,11,8,0.16583123951776998,2500,OLS_iid,iid,False,5
2,4,4001,26,260001,True,116,False,100,0.7800179477656639,6.378811469301581,0.4581246047324249,0.4137937580187352,0.9676962022482067,0.7940816484948081,0.7161196196675681,3.277022898884237e-05,11,8,0.16583123951776998,2500,OLS_iid,iid,False,5
2,3,3001,13,130001,True,118,False,100,0.718445583337366,8.545018973760307,0.5527057888286255,0.5394077893106186,0.9414804746355017,0.9778528420102681,0.672788567395047,5.154876939319144e-05,11,8,0.16583123951776998,2500,OLS_iid,iid,False,5
2,4,4001,15,150001,True,111,False,100,0.6466714203305812,7.322776645887643,0.5056943016478025,0.485661066721395,0.9228133452434674,0.8386556004274864,0.6898510896563482,5.012563071085228e-05,11,8,0.16583123951776998,2500,OLS_iid,iid,False,5
2,7,7001,14,140001,True,118,False,100,0.7433479507689166,3.727483228314668,0.5162313469799494,0.4956538781968303,1.1673649359313065,0.9923145928275048,0.6251468889290694,4.661616031056394e-05,11,8,0.16583123951776998,2500,OLS_iid,iid,False,5
2,6,6001,28,280001,True,129,False,100,0.7729573413135521,4.382599709089845,0.6106986829620085,0.618432515048995,1.2308078503776678,1.6424256361546996,0.5390019757577951,3.493573505625617e-05,11,8,0.16583123951776998,2500,OLS_iid,iid,False,5
2,7,7001,18,180001,True,112,False,100,0.7057171016948187,3.4246545280329883,0.5182542162253171,0.49886460349789385,0.8882160229113102,0.7492912180286192,0.7810766267102477,7.821855991398191e-05,11,8,0.16583123951776998,2500,OLS_iid,iid,False,5
2,5,5001,25,250001,True,115,False,100,0.7683657815340796,5.376088447868824,0.5557506915672809,0.5345760392026656,0.9301249977833512,1.113043211057973,0.47821538424426024,4.531982780659816e-05,11,8,0.16583123951776998,2500,OLS_iid,iid,False,5
2,6,6001,26,260001,True,128,False,100,0.7800179477656639,4.625605558976531,0.543675142122629,0.5169022073627529,1.0731048681572515,0.9695923403157711,0.6194823079271562,2.3316398373587815e-05,11,8,0.16583123951776998,2500,OLS_iid,iid,False,5
2,6,6001,17,170001,True,118,False,100,0.6663488150377282,4.907222278881818,0.4665966044820021,0.4394360170324614,0.8637223005167843,0.7677901503369386,0.7695069697071317,3.5919116479142696e-05,11,8,0.16583123951776998,2500,OLS_iid,iid,False,5
2,7,7001,19,190001,True,120,False,100,0.8237675591248275,3.5431470219045877,0.4912317267410799,0.4594991120953766,0.8923016828769034,0.9010108471175761,0.6604501573828871,2.6719689978472404e-05,11,8,0.16583123951776998,2500,OLS_iid,iid,False,5
2,5,5001,1,10001,True,114,False,100,0.8551485181776444,6.676809777971357,0.6284910470937305,0.6356190635269513,1.0360270919498387,1.1157514216926967,0.5904652404807547,6.161023765329872e-05,11,8,0.16583123951776998,2500,OLS_iid,iid,False,5
2,3,3001,26,260001,True,119,False,100,0.7800179477656639,8.499823105055839,0.4799875846375144,0.4599915879029359,0.7293180718921163,0.8501981475694848,0.6643130538949704,3.4377560204813324e-05,11,8,0.16583123951776998,2500,OLS_iid,iid,False,5
2,5,5001,13,130001,True,112,False,100,0.718445583337366,5.8777939807623625,0.5704618127391009,0.5574313080000826,0.9833926587633114,0.9171253847936678,0.6607054301248477,6.157220118381146e-05,11,8,0.16583123951776998,2500,OLS_iid,iid,False,5
2,7,7001,3,30001,True,114,False,100,0.6046198828259838,4.389414235949516,0.6165060990337016,0.624867675812265,1.143419459797824,1.0832043587929014,0.6642569324699573,6.791399546268148e-05,11,8,0.16583123951776998,2500,OLS_iid,iid,False,5
2,7,7001,5,50001,True,120,False,100,0.7709298441133979,4.258854877203703,0.4759171137944726,0.4440684911426985,0.8857522632982735,0.872502982824826,0.6692360629247325,2.2697450715149783e-05,11,8,0.16583123951776998,2500,OLS_iid,iid,False,5
2,3,3001,0,1,True,120,False,100,0.7559997774127204,9.685177161823958,0.5127613295250869,0.4937355737141613,0.9749314625924407,0.8965454662657412,0.6619376563960271,3.812684659857048e-05,11,8,0.16583123951776998,2500,OLS_iid,iid,False,5
2,7,7001,13,130001,True,114,False,100,0.718445583337366,4.268057939130813,0.5595177659102362,0.558976196594164,0.8529898011787845,1.0266166073736451,0.6564371608770766,5.803872628561839e-05,11,8,0.16583123951776998,2500,OLS_iid,iid,False,5
2,7,7001,8,80001,True,113,False,100,0.7721464948036827,4.416737065650523,0.5221323540784891,0.49258811211620035,1.0349945291217506,1.107250149408344,0.7001374507048984,6.229773250076145e-05,11,8,0.16583123951776998,2500,OLS_iid,iid,False,5
2,7,7001,20,200001,True,113,False,100,0.7194904617523997,3.638710998930037,0.6011685658246512,0.6026630245085388,1.1080896662357238,1.0970539228318996,0.6279038739733971,6.544334378350183e-05,11,8,0.16583123951776998,2500,OLS_iid,iid,False,5
2,4,4001,24,240001,True,116,False,100,0.6660568029132168,7.5261472021229565,0.5462057911338706,0.5256213835666247,1.0457064876845177,0.8378862172935707,0.7099312004840017,5.052415554090037e-05,11,8,0.16583123951776998,2500,OLS_iid,iid,False,5
2,4,4001,3,30001,True,111,False,100,0.6046198828259838,8.615973703097552,0.5575763963463596,0.5485513994938981,0.9036325778895302,0.8915108594859534,0.6998089842155569,7.449858069019535e-05,11,8,0.16583123951776998,2500,OLS_iid,iid,False,5
2,7,7001,12,120001,True,121,False,100,0.8034888015081432,4.503428367897868,0.5748199098596717,0.5706200740625588,0.9341289797017975,0.9061239722100597,0.6882410935412667,3.627909296168187e-05,11,8,0.16583123951776998,2500,OLS_iid,iid,False,5
2,7,7001,25,250001,True,114,False,100,0.7683657815340796,3.434689376037568,0.4927946349017208,0.45968143334516204,0.8815153889910871,0.9119534485946335,0.7013950073540863,3.874725486197803e-05,11,8,0.16583123951776998,2500,OLS_iid,iid,False,5
2,5,5001,5,50001,True,120,False,100,0.7709298441133979,6.768985506147146,0.5606962563176539,0.5485524937307933,0.915267351419182,0.981936197679522,0.6516979864361383,2.2274853510121158e-05,11,8,0.16583123951776998,2500,OLS_iid,iid,False,5
2,6,6001,7,70001,True,114,False,100,0.6817050683873941,5.830072967335582,0.5694324663379826,0.5547624248209613,1.0677952058205045,1.0298246420633015,0.5756894813826029,5.276061991188025e-05,11,8,0.16583123951776998,2500,OLS_iid,iid,False,5
2,4,4001,10,100001,True,115,False,100,0.8147646203361788,8.489337000064552,0.571113569032527,0.5610888330096662,1.007257320302539,1.099359123280889,0.5491155606161077,6.337173964744762e-05,11,8,0.16583123951776998,2500,OLS_iid,iid,False,5
2,7,7001,26,260001,True,115,False,100,0.7800179477656639,3.6232416150160134,0.5330700233668166,0.5140280869096867,0.8150855747198323,0.9790772489758114,0.6048711959996519,3.901497556535993e-05,11,8,0.16583123951776998,2500,OLS_iid,iid,False,5
2,7,7001,1,10001,True,118,False,100,0.8551485181776444,5.2612810200080276,0.589959492573057,0.5906639263674449,1.1004284454537245,0.9556515917787112,0.6601834902257764,5.0707225465975304e-05,11,8,0.16583123951776998,2500,OLS_iid,iid,False,5
2,8,8001,0,1,True,123,False,100,0.7559997774127204,3.5829026252031326,0.4850339958412311,0.46292842054313693,0.8931201912978054,0.9022952289725504,0.6816347326738836,3.066292385656059e-05,11,8,0.16583123951776998,2500,OLS_iid,iid,False,5
2,8,8001,8,80001,True,113,False,100,0.7721464948036827,3.3703001057729125,0.5406341029462717,0.5197500414042328,1.0072513282502213,0.998294644623262,0.5810227038482078,6.992818142402316e-05,11,8,0.16583123951776998,2500,OLS_iid,iid,False,5
2,4,4001,16,160001,True,103,False,100,0.676217520476812,8.588868271093816,0.5967045508645419,0.5906888493718288,0.892127967869597,0.9565937149444232,0.668785889615191,0.00010730494790155606,11,8,0.16583123951776998,2500,OLS_iid,iid,False,5
2,7,7001,17,170001,True,110,False,100,0.6663488150377282,4.715249131899327,0.5244578010059603,0.4933195082905769,0.9608891277153182,1.0580926284553924,0.6874093403131183,6.186930489776962e-05,11,8,0.16583123951776998,2500,OLS_iid,iid,False,5
2,7,7001,24,240001,True,115,False,100,0.6660568029132168,4.055966346990317,0.496906111867468,0.46142866120654186,0.9231777270993231,0.7925417854727143,0.7471491337559327,5.3288544090163855e-05,11,8,0.16583123951776998,2500,OLS_iid,iid,False,5
2,7,7001,2,20001,True,124,False,100,0.8223389972643678,5.5717980321496725,0.5119431548366633,0.500133373850754,1.0631715662927523,1.7989659761726624,0.6538262345562513,3.470347647589718e-05,11,8,0.16583123951776998,2500,OLS_iid,iid,False,5
2,7,7001,9,90001,True,117,False,100,0.8592656279146536,5.2340070297941566,0.515123748803445,0.4853644292274468,0.8740322099995622,1.1401214355239235,0.6974355301472297,4.241777392471655e-05,11,8,0.16583123951776998,2500,OLS_iid,iid,False,5
2,7,7001,27,270001,True,132,False,100,0.9185182958328538,4.062949082814157,0.5381703522163884,0.52552374426589,1.174593101627106,1.1460406110459436,0.5592402677527624,2.270481231915747e-05,11,8,0.16583123951776998,2500,OLS_iid,iid,False,5
2,8,8001,22,220001,True,111,False,100,0.7067767475795607,3.2884968938305974,0.5244110516257908,0.4970934210390093,0.9347328890689999,0.9469500450341387,0.6893398325251505,5.9777335563396636e-05,11,8,0.16583123951776998,2500,OLS_iid,iid,False,5
2,4,4001,1,10001,True,117,False,100,0.8551485181776444,9.633683301974088,0.6189680827782791,0.6181274256910296,0.9826190954537966,1.0767927225318947,0.6095260098475366,6.322544573279749e-05,11,8,0.16583123951776998,2500,OLS_iid,iid,False,5
2,8,8001,2,20001,True,128,False,100,0.8223389972643678,3.9789424459449947,0.47800583684632336,0.45862506764559846,0.7083765155206572,0.9035558923425329,0.6145616234522462,3.008889657406384e-05,11,8,0.16583123951776998,2500,OLS_iid,iid,False,5
2,7,7001,22,220001,True,117,False,100,0.7067767475795607,4.5256318701431155,0.5648712490728737,0.5631575450236569,1.3243361722821003,1.203887282134994,0.5815120936908342,4.878942558311099e-05,11,8,0.16583123951776998,2500,OLS_iid,iid,False,5
2,4,4001,28,280001,True,137,False,100,0.7729573413135521,8.358320083934814,0.6200161218259841,0.6284780764322212,1.0281274770034567,1.1155863175134124,0.5347680775764225,2.682965023792902e-05,11,8,0.16583123951776998,2500,OLS_iid,iid,False,5
2,7,7001,23,230001,True,121,False,100,0.7131776200290234,4.58289162395522,0.4563466092380046,0.42391095650386496,0.7645083957971537,0.7382521045662419,0.7572280436311345,4.895860227349825e-05,11,8,0.16583123951776998,2500,OLS_iid,iid,False,5
2,7,7001,15,150001,True,110,False,100,0.6466714203305812,5.508621763903648,0.5849909939899697,0.5825286635768419,1.0425557839576427,1.1029737162847828,0.5636616849230481,6.560808401229813e-05,11,8,0.16583123951776998,2500,OLS_iid,iid,False,5
2,5,5001,0,1,True,115,False,100,0.7559997774127204,8.241106560919434,0.6036287967228203,0.610780260142849,1.120076333099641,1.0713183574292993,0.5524065390316383,5.3729275195415196e-05,11,8,0.16583123951776998,2500,OLS_iid,iid,False,5
2,6,6001,23,230001,True,116,False,100,0.7131776200290234,6.309101041872054,0.4762737016807017,0.4550475404848523,0.8232764120766224,0.8442059182649327,0.705441447036169,6.734463507917139e-05,11,8,0.16583123951776998,2500,OLS_iid,iid,False,5
2,8,8001,7,70001,True,116,False,100,0.6817050683873941,4.09017429407686,0.5730890191067044,0.561677410898304,1.0909018537487016,1.071858222646735,0.5631112706619331,5.5388264242931795e-05,11,8,0.16583123951776998,2500,OLS_iid,iid,False,5
2,5,5001,24,240001,True,113,False,100,0.6660568029132168,7.196257441770285,0.539838495563823,0.5222542845642144,0.9379454911752421,0.9796058172236809,0.5960760151813792,6.496380667664621e-05,11,8,0.16583123951776998,2500,OLS_iid,iid,False,5
2,4,4001,14,140001,True,121,False,100,0.7433479507689166,9.369208474177867,0.5550410084763642,0.5465702703690961,0.8663911964364691,1.0698575446520886,0.5652439597828983,4.278300587019758e-05,11,8,0.16583123951776998,2500,OLS_iid,iid,False,5
2,9,9001,0,1,True,108,False,100,0.7559997774127204,3.429294839967042,0.5752285935685646,0.5722740243983958,0.8914321546346804,1.1106387162214324,0.49801873048134404,6.168022746325971e-05,11,8,0.16583123951776998,2500,OLS_iid,iid,False,5
2,8,8001,9,90001,True,119,False,100,0.8592656279146536,4.158851987216622,0.6007727048930923,0.6021625788816896,1.1178711019081218,1.1291764102790944,0.5877279364602841,4.007863662190091e-05,11,8,0.16583123951776998,2500,OLS_iid,iid,False,5
2,4,4001,19,190001,True,125,False,100,0.8237675591248275,9.228294248692691,0.4592374988577284,0.40566914313263047,0.9343373635315285,1.5006678300677523,0.5223178167682713,2.3886694266155306e-05,11,8,0.16583123951776998,2500,OLS_iid,iid,False,5
2,8,8001,15,150001,True,130,False,100,0.6466714203305812,4.068057071883231,0.6521257072996834,0.670273720796246,1.0585759951982774,1.4546476555016676,0.40535663112957654,4.88304659124782e-05,11,8,0.16583123951776998,2500,OLS_iid,iid,False,5
2,8,8001,1,10001,True,117,False,100,0.8551485181776444,4.493530608713627,0.5831897675143418,0.584522263711016,1.1625177005150555,5.0964618431264785,0.6088857708134402,5.7045358362802134e-05,11,8,0.16583123951776998,2500,OLS_iid,iid,False,5
2,6,6001,24,240001,True,114,False,100,0.6660568029132168,6.58213670598343,0.47954586434431645,0.4499506163527519,0.9920920588432561,0.8807128627489388,0.6218659163256158,5.545679141958273e-05,11,8,0.16583123951776998,2500,OLS_iid,iid,False,5
2,8,8001,11,110001,True,121,False,100,0.765549815274042,4.218006390146911,0.4924378166197338,0.4611413467166857,0.9411330424654591,0.909383978755478,0.6937952826030815,3.2324602638877166e-05,11,8,0.16583123951776998,2500,OLS_iid,iid,False,5
2,7,7001,6,60001,True,118,False,100,0.7271209013490594,6.077336310874671,0.5426287006100814,0.5272218692679852,0.8467720121026364,1.0514882018466156,0.5750512578922522,3.4711336706320005e-05,11,8,0.16583123951776998,2500,OLS_iid,iid,False,5
2,8,8001,5,50001,True,127,False,100,0.7709298441133979,4.463761083781719,0.5716334958275425,0.5618262414045553,1.0308385027615943,1.0057518358050261,0.6380789791421425,1.6276355807385672e-05,11,8,0.16583123951776998,2500,OLS_iid,iid,False,5
2,8,8001,18,180001,True,112,False,100,0.7057171016948187,4.104142418131232,0.6398159317122115,0.6524395057931667,1.1371952217423482,1.3642689922336502,0.4605430466725241,8.014949571574937e-05,11,8,0.16583123951776998,2500,OLS_iid,iid,False,5
2,7,7001,29,290001,True,126,False,100,0.8035944264947499,4.77200676035136,0.6057833230277129,0.6127502381872161,1.1170673042261174,1.3383345421347608,0.4497559354721877,3.697773016524432e-05,11,8,0.16583123951776998,2500,OLS_iid,iid,False,5
2,8,8001,17,170001,True,120,False,100,0.6663488150377282,4.202652936335653,0.6127449906051525,0.6163157211669416,1.059876298563918,1.3004661315216826,0.5118550121547798,4.2182869489618675e-05,11,8,0.16583123951776998,2500,OLS_iid,iid,False,5
2,8,8001,4,40001,True,117,False,100,0.6770985876792917,4.606437117792666,0.5705882590010254,0.5561670449663549,0.9192632407522928,0.963043741732451,0.6440653001918677,3.040358241890654e-05,11,8,0.16583123951776998,2500,OLS_iid,iid,False,5
2,6,6001,6,60001,True,120,False,100,0.7271209013490594,7.369587955065072,0.5118035009794409,0.48757364402140413,0.8605343006099048,1.0517943523781605,0.5202886024434207,2.8158786984898754e-05,11,8,0.16583123951776998,2500,OLS_iid,iid,False,5
2,5,5001,21,210001,True,117,False,100,0.7625517270473368,7.847188699059188,0.4619457470633058,0.42233270878121965,1.0925198774317852,1.553435489617756,0.5992435691985478,3.779024663453664e-05,11,8,0.16583123951776998,2500,OLS_iid,iid,False,5
2,7,7001,10,100001,True,119,False,100,0.8147646203361788,6.306336118839681,0.6239735192049649,0.6395196428173381,1.1873944477194311,1.195885730563153,0.46883502255207854,5.690891955676976e-05,11,8,0.16583123951776998,2500,OLS_iid,iid,False,5
2,7,7001,0,1,True,116,False,100,0.7559997774127204,6.787970927078277,0.5514028113229343,0.5400135102807355,1.0365149190230352,0.9933142276312474,0.6110382036606778,4.6472385737429694e-05,11,8,0.16583123951776998,2500,OLS_iid,iid,False,5
2,4,4001,6,60001,True,125,False,100,0.7271209013490594,10.220025660004467,0.5570147402672471,0.5353416636702484,1.0255854320823516,1.0256274585298344,0.5986779994656266,2.760556687500315e-05,11,8,0.16583123951776998,2500,OLS_iid,iid,False,5
2,9,9001,3,30001,True,111,False,100,0.6046198828259838,3.8400267180986702,0.5976637549454417,0.5982090578349365,1.1357711626606566,1.0219401942848088,0.6366045912288083,7.673180762538562e-05,11,8,0.16583123951776998,2500,OLS_iid,iid,False,5
2,6,6001,3,30001,True,112,False,100,0.6046198828259838,7.5545208072289824,0.5528586413807045,0.5437394634504288,1.2509856791654996,0.9970175269005819,0.6808878633415919,7.642567492612293e-05,11,8,0.16583123951776998,2500,OLS_iid,iid,False,5
2,5,5001,3,30001,True,109,False,100,0.6046198828259838,8.86579362116754,0.5878484358383552,0.5860204770958471,1.0219073481601277,1.0200323006385439,0.6184448199465218,7.755278519868669e-05,11,8,0.16583123951776998,2500,OLS_iid,iid,False,5
2,9,9001,6,60001,True,125,False,100,0.7271209013490594,3.8867181381210685,0.5669545360188791,0.5473406085989403,1.114648366202852,1.0407616989718056,0.4987879062475642,2.4120402791814398e-05,11,8,0.16583123951776998,2500,OLS_iid,iid,False,5
2,9,9001,23,230001,True,109,False,100,0.7131776200290234,3.5271919020451605,0.4740317134497058,0.44716515740504226,0.8107694882098164,0.8891919636667482,0.659330485416147,6.0747708637721344e-05,11,8,0.16583123951776998,2500,OLS_iid,iid,False,5
2,8,8001,28,280001,True,120,False,100,0.7729573413135521,4.209655473008752,0.5463484502571793,0.5343090666143091,1.0994588486582373,0.9990682813522498,0.6215657927634664,4.275139009685969e-05,11,8,0.16583123951776998,2500,OLS_iid,iid,False,5
2,9,9001,16,160001,True,107,False,100,0.676217520476812,3.9695293037220836,0.5431262684545763,0.5163057250442603,1.0351389391839907,0.8279099340774037,0.7221608294887297,8.301822069771226e-05,11,8,0.16583123951776998,2500,OLS_iid,iid,False,5
2,9,9001,19,190001,True,122,False,100,0.8237675591248275,3.9864798388443887,0.45583942192195126,0.4272249214366363,0.7410295121330556,0.8326241715436166,0.6764739518281397,2.471868091807256e-05,11,8,0.16583123951776998,2500,OLS_iid,iid,False,5
2,5,5001,19,190001,True,121,False,100,0.8237675591248275,8.509282926097512,0.5353107230871124,0.5051351211440207,0.9653183115372869,1.0458078801289907,0.6630434014776787,2.4649077350828912e-05,11,8,0.16583123951776998,2500,OLS_iid,iid,False,5
2,6,6001,27,270001,True,119,False,100,0.9185182958328538,7.426381342113018,0.5369828184108763,0.5309261085610272,1.2939818025079024,1.236138779884182,0.5045198744998678,3.716035773537873e-05,11,8,0.16583123951776998,2500,OLS_iid,iid,False,5
2,8,8001,6,60001,True,116,False,100,0.7271209013490594,5.260195096954703,0.46716642926985846,0.43734691881767823,0.918884262307388,0.7590816050344386,0.7605493876269293,3.255333269101834e-05,11,8,0.16583123951776998,2500,OLS_iid,iid,False,5
2,8,8001,14,140001,True,117,False,100,0.7433479507689166,5.09326195390895,0.5065021397854337,0.48347837211672823,1.0176396944119162,0.8496576685855599,0.7000395282787786,4.563536191878984e-05,11,8,0.16583123951776998,2500,OLS_iid,iid,False,5
2,9,9001,21,210001,True,121,False,100,0.7625517270473368,3.941397058777511,0.5706010454718472,0.569694691567335,1.235839763511661,1.1697344606094466,0.5684816260466072,2.7530700388595613e-05,11,8,0.16583123951776998,2500,OLS_iid,iid,False,5
2,9,9001,15,150001,True,111,False,100,0.6466714203305812,4.272957349196076,0.5918049908972066,0.5879266439594568,1.0970544373111673,1.0616608919589672,0.640146140854469,6.38794541197796e-05,11,8,0.16583123951776998,2500,OLS_iid,iid,False,5
2,9,9001,22,220001,True,112,False,100,0.7067767475795607,4.03428793232888,0.6162417712024617,0.6144851445609727,1.012618123036351,1.6300524818304887,0.5486836567180934,6.401440484252956e-05,11,8,0.16583123951776998,2500,OLS_iid,iid,False,5
2,8,8001,21,210001,True,116,False,100,0.7625517270473368,4.76634076423943,0.5477272803690425,0.5384225640695218,0.8550172990197129,1.1976422366237958,0.5122517715926734,4.1437214184199656e-05,11,8,0.16583123951776998,2500,OLS_iid,iid,False,5
2,9,9001,8,80001,True,113,False,100,0.7721464948036827,4.4463189127855,0.5087370851804255,0.486082406670628,0.998936105624456,1.0099344704813642,0.7324297060089227,5.268037775475956e-05,11,8,0.16583123951776998,2500,OLS_iid,iid,False,5
2,9,9001,24,240001,True,129,False,100,0.6660568029132168,4.06240145675838,0.5561668032397844,0.5397023314242818,1.046571181234615,0.9156873927188153,0.6950882061366497,4.017887313226156e-05,11,8,0.16583123951776998,2500,OLS_iid,iid,False,5
2,9,9001,5,50001,True,121,False,100,0.7709298441133979,4.527963725384325,0.5510896662674359,0.5401954921474393,0.8554932660143947,1.0827242206873358,0.560877710478967,2.785414277902678e-05,11,8,0.16583123951776998,2500,OLS_iid,iid,False,5
2,9,9001,17,170001,True,115,False,100,0.6663488150377282,4.344974712003022,0.5051369020381475,0.4808443349813327,1.0609807805445093,0.8170936457992428,0.7374287298620522,4.7990900129048825e-05,11,8,0.16583123951776998,2500,OLS_iid,iid,False,5
2,6,6001,13,130001,True,113,False,100,0.718445583337366,8.189494142308831,0.525115846616262,0.5071254771869055,0.9200954666830081,0.8915442754045161,0.6863597790381367,6.2579256930183e-05,11,8,0.16583123951776998,2500,OLS_iid,iid,False,5
2,8,8001,19,190001,True,123,False,100,0.8237675591248275,5.329891344066709,0.5470451308539479,0.533746501583193,0.9952701037920468,1.040013914865763,0.5876401279478453,2.8941647271099003e-05,11,8,0.16583123951776998,2500,OLS_iid,iid,False,5
2,9,9001,1,10001,True,111,False,100,0.8551485181776444,4.959971491713077,0.6170997256547528,0.6189154688102586,0.9656252190607143,1.2482068488863567,0.44106770605358137,7.403781126632029e-05,11,8,0.16583123951776998,2500,OLS_iid,iid,False,5
2,8,8001,12,120001,True,128,False,100,0.8034888015081432,5.684275622945279,0.580426757830792,0.5718761876169635,0.9451244356862938,1.1950751048025026,0.5281563857990625,3.193532946430085e-05,11,8,0.16583123951776998,2500,OLS_iid,iid,False,5
3,0,1,8,80001,True,125,False,100,0.7721464948036827,3.4613375198096037,0.5057145828221559,0.46098986325571883,1.216479950113033,0.8649916657411121,0.7835332559541688,2.3827574203460445e-05,11,8,0.16583123951776998,2500,OLS_iid,iid,False,5
2,9,9001,4,40001,True,124,False,100,0.6770985876792917,4.927556913346052,0.5430198401763875,0.5308806186858859,0.9473355072025802,0.8566236539815927,0.7083755653697481,3.0285531980838608e-05,11,8,0.16583123951776998,2500,OLS_iid,iid,False,5
2,5,5001,28,280001,True,126,False,100,0.7729573413135521,8.86766006005928,0.5903926158068598,0.5900285917036024,0.8562210804496465,1.04005132100313,0.5823207784020155,3.487777775840534e-05,11,8,0.16583123951776998,2500,OLS_iid,iid,False,5
2,5,5001,9,90001,True,116,False,100,0.8592656279146536,9.687918724957854,0.5272580536410698,0.5138427941646069,0.796260239177883,0.7827866686390422,0.7391780893715509,4.619539379005393e-05,11,8,0.16583123951776998,2500,OLS_iid,iid,False,5
2,7,7001,11,110001,True,113,False,100,0.765549815274042,7.555570378899574,0.6093517664821867,0.6101703809479158,1.1890932808757935,1.0917212841472388,0.6084041522574977,5.0155762437668986e-05,11,8,0.16583123951776998,2500,OLS_iid,iid,False,5
2,7,7001,16,160001,True,109,False,100,0.676217520476812,7.229035418014973,0.521133025894753,0.4903278205399827,0.8984592860437467,0.7875918549757711,0.733143830954629,7.626207659588531e-05,11,8,0.16583123951776998,2500,OLS_iid,iid,False,5
2,9,9001,27,270001,True,126,False,100,0.9185182958328538,4.5484265582636,0.5855568147966477,0.580292163718954,0.9517423322062554,1.1109754293468301,0.5392157881874575,2.8612713103413084e-05,11,8,0.16583123951776998,2500,OLS_iid,iid,False,5
2,9,9001,12,120001,True,116,False,100,0.8034888015081432,4.966399522032589,0.5989024428255103,0.598169952143233,0.9787012578996317,1.1452411006413032,0.5039601018062989,5.350666511255455e-05,11,8,0.16583123951776998,2500,OLS_iid,iid,False,5
3,0,1,16,160001,True,116,False,100,0.676217520476812,3.333393475972116,0.45123166716681656,0.4014894362692445,1.0074881572457852,0.8614095870185896,0.6841426509730725,3.323512229146119e-05,11,8,0.16583123951776998,2500,OLS_iid,iid,False,5
3,0,1,17,170001,True,126,False,100,0.6663488150377282,3.3071795678697526,0.48466091692087493,0.44282889224573857,0.866932415988687,0.7295406278659095,0.7916287599907069,1.9829152148311913e-05,11,8,0.16583123951776998,2500,OLS_iid,iid,False,5
3,0,1,5,50001,True,141,False,100,0.7709298441133979,3.7995041701942682,0.5792347452608134,0.5773178755334799,1.006713494733886,1.3363130622401933,0.3526164760561871,1.1735472644733397e-05,11,8,0.16583123951776998,2500,OLS_iid,iid,False,5
2,5,5001,27,270001,True,124,False,100,0.9185182958328538,9.082437274977565,0.542945927129653,0.526934348142522,1.2063213572886302,0.9220679168051983,0.6685629982629687,2.8447160503265105e-05,11,8,0.16583123951776998,2500,OLS_iid,iid,False,5
2,9,9001,10,100001,True,117,False,100,0.8147646203361788,5.169479880016297,0.49078678570748546,0.46264802166266406,0.8969415887629756,0.8164375586583743,0.7225273612004076,6.403401847360512e-05,11,8,0.16583123951776998,2500,OLS_iid,iid,False,5
2,8,8001,3,30001,True,109,False,100,0.6046198828259838,6.246965338010341,0.6195905933670408,0.6221080658866868,1.1714613526339728,1.1844929171410234,0.5989979020967888,7.89000316465136e-05,11,8,0.16583123951776998,2500,OLS_iid,iid,False,5
3,0,1,14,140001,True,129,False,100,0.7433479507689166,3.6959876329638064,0.5215140267788433,0.4702983749413232,0.9414144594898515,0.9533200922185648,0.6781683972816377,2.229544888340833e-05,11,8,0.16583123951776998,2500,OLS_iid,iid,False,5
2,9,9001,29,290001,True,131,False,100,0.8035944264947499,4.631060305051506,0.576046473789117,0.5783384560668119,0.8583207826654882,1.239141754305314,0.496002419786695,2.669898972466773e-05,11,8,0.16583123951776998,2500,OLS_iid,iid,False,5
3,0,1,22,220001,True,132,False,100,0.7067767475795607,3.3598360707983375,0.5234048830176998,0.481237082037846,0.9820253535363503,1.0224159429033706,0.5882869611006851,1.9924744182534e-05,11,8,0.16583123951776998,2500,OLS_iid,iid,False,5
2,7,7001,21,210001,True,115,False,100,0.7625517270473368,7.208726204000413,0.5736357338726182,0.5708963173544853,1.144003854761343,1.0542730842919488,0.6123546698260015,4.098381780047822e-05,11,8,0.16583123951776998,2500,OLS_iid,iid,False,5
3,0,1,7,70001,True,132,False,100,0.6817050683873941,4.007541777100414,0.4603499453894697,0.41975533931420195,0.8066272884093172,0.8177226371291105,0.7363889007792721,1.554175678711578e-05,11,8,0.16583123951776998,2500,OLS_iid,iid,False,5
2,8,8001,20,200001,True,118,False,100,0.7194904617523997,6.04483890440315,0.5396741173738422,0.5230993480575691,0.8456637635193396,0.9069875877621383,0.6573409879627833,4.502871299419639e-05,11,8,0.16583123951776998,2500,OLS_iid,iid,False,5
2,9,9001,11,110001,True,117,False,100,0.765549815274042,5.467692458070815,0.5447965262202563,0.5186254318550125,0.9023930842259589,0.9711976767941033,0.6528281045243292,3.703120988951e-05,11,8,0.16583123951776998,2500,OLS_iid,iid,False,5
3,0,1,18,180001,True,125,False,100,0.635410744224998,3.7464162101969123,0.5414760142297972,0.4996468669881258,1.055552205346005,1.0516315418535727,0.5749154253730036,4.04836225112015e-05,11,8,0.16583123951776998,2500,OLS_iid,iid,False,5
3,0,1,4,40001,True,129,False,100,0.5719742453910751,4.430977648124099,0.5749525808179214,0.551562714916106,1.0197265991173419,1.1212455140715816,0.6245044991347397,1.782312196767834e-05,11,8,0.16583123951776998,2500,OLS_iid,iid,False,5
2,9,9001,26,260001,True,112,False,100,0.7800179477656639,5.173663224093616,0.5795423404901521,0.5903340731206562,0.925850675474064,1.1335951725348306,0.6039258830807989,4.310134171018258e-05,11,8,0.16583123951776998,2500,OLS_iid,iid,False,5
3,0,1,9,90001,True,135,False,100,0.8592656279146536,4.2226286618970335,0.5678444492719823,0.5367135292563522,0.9980365496795249,1.1294678843406178,0.5861022808843017,2.0487637624605058e-05,11,8,0.16583123951776998,2500,OLS_iid,iid,False,5
3,0,1,21,210001,True,134,False,100,0.7625517270473368,3.799054072704166,0.506005371319213,0.4669473197450408,1.100183789563355,1.046133669878054,0.6447173845846401,1.534285164017197e-05,11,8,0.16583123951776998,2500,OLS_iid,iid,False,5
2,9,9001,9,90001,True,121,False,100,0.8592656279146536,5.718224292155355,0.5161616371276577,0.485492392958616,0.9130671124395685,0.8721092685238071,0.7059822769163133,3.3258509504162946e-05,11,8,0.16583123951776998,2500,OLS_iid,iid,False,5
2,8,8001,16,160001,True,112,False,100,0.676217520476812,6.502379142213613,0.5171456219533458,0.4983292319308275,0.7850353651738264,0.7931336517042038,0.7230334769202675,7.422823015399362e-05,11,8,0.16583123951776998,2500,OLS_iid,iid,False,5
3,0,1,6,60001,True,131,False,100,0.7099204608581529,4.511384337674826,0.5362580335747974,0.49275240753190236,0.9896393467797068,1.3387565789904807,0.535388065232833,1.5099861368309798e-05,11,8,0.16583123951776998,2500,OLS_iid,iid,False,5
3,0,1,26,260001,True,136,False,100,0.7800179477656639,3.686272802762687,0.42691989975720995,0.37268643370945487,0.8642818560297327,0.7805657387171023,0.7586051688401556,1.4171422653992414e-05,11,8,0.16583123951776998,2500,OLS_iid,iid,False,5
2,9,9001,20,200001,True,114,False,100,0.7194904617523997,5.588030521292239,0.6203637593563266,0.6245675636367847,1.067527240092761,1.0911465241820448,0.6222627326803174,5.7054285186803886e-05,11,8,0.16583123951776998,2500,OLS_iid,iid,False,5
2,9,9001,14,140001,True,119,False,100,0.7433479507689166,5.853337862994522,0.5671309478557245,0.5606164736036982,0.9874613051340075,1.0426238211852836,0.6006757515359298,5.427043172397308e-05,11,8,0.16583123951776998,2500,OLS_iid,iid,False,5
3,2,2001,28,280001,True,40,False,100,0.7729573413135521,1.1792799551039934,0.5019801504329747,0.460643328916181,0.8736227547608638,0.8580622158809028,0.6819060635552514,0.00410789849269075,11,8,0.16583123951776998,2500,OLS_iid,iid,False,5
2,6,6001,11,110001,True,126,False,100,0.765549815274042,9.573378526605666,0.5407482792646258,0.5172851002452696,0.9199003343262749,0.9695808501566131,0.6478190926022177,3.5638029675276315e-05,11,8,0.16583123951776998,2500,OLS_iid,iid,False,5
3,0,1,28,280001,True,132,False,100,0.7729573413135521,3.7478599813766778,0.5738646118857219,0.5568003749619824,1.0876650896858628,1.0941474289524105,0.5967391147363842,1.7929453491478175e-05,11,8,0.16583123951776998,2500,OLS_iid,iid,False,5
2,9,9001,25,250001,True,114,False,100,0.7683657815340796,5.564041509758681,0.6109233909604171,0.6124158446482235,0.8751025322973801,1.0757223631848087,0.5868342205619269,4.4177621347535314e-05,11,8,0.16583123951776998,2500,OLS_iid,iid,False,5
3,0,1,3,30001,True,125,False,100,0.5786780204806588,4.864741772878915,0.5181634265384308,0.4897938091986747,0.8908871019225164,0.9389938896309378,0.671311078380642,3.3890880165813e-05,11,8,0.16583123951776998,2500,OLS_iid,iid,False,5
3,0,1,13,130001,True,142,False,100,0.718445583337366,4.556596507318318,0.5424098153913608,0.508419592482981,1.0835020866180913,1.1210314764175369,0.5743006496330925,2.0911457935801845e-05,11,8,0.16583123951776998,2500,OLS_iid,iid,False,5
3,1,1001,5,50001,True,130,False,100,0.7709298441133979,3.4609929830767214,0.5355991034757291,0.5031351328366204,0.959051452551142,1.0170222949951255,0.6306073691197389,1.1197663781659117e-05,11,8,0.16583123951776998,2500,OLS_iid,iid,False,5
3,0,1,27,270001,True,130,False,100,0.9185182958328538,3.943894373252988,0.4970320937421631,0.4589755446818133,0.8775787017451535,0.8891416159429897,0.6980514871882483,1.621748877018082e-05,11,8,0.16583123951776998,2500,OLS_iid,iid,False,5
3,1,1001,2,20001,True,132,False,100,0.8223389972643678,3.6292715473100543,0.4858080028722916,0.4399028835427112,0.9459617481118303,0.8348501137605377,0.7376877268213567,1.3303212759864019e-05,11,8,0.16583123951776998,2500,OLS_iid,iid,False,5
2,8,8001,23,230001,True,114,False,100,0.7131776200290234,6.73985413601622,0.5439520018395659,0.5236489588119199,1.1551366209901597,0.8776811001362214,0.7087473253561591,6.347431755008674e-05,11,8,0.16583123951776998,2500,OLS_iid,iid,False,5
3,1,1001,18,180001,True,118,False,100,0.635410744224998,3.055180833209306,0.5553347352848015,0.5565726979827417,1.118319842209082,1.9370831860270212,0.658126347478492,4.278388827481685e-05,11,8,0.16583123951776998,2500,OLS_iid,iid,False,5
3,1,1001,17,170001,True,126,False,100,0.6663488150377282,3.1356450030580163,0.4662330822088699,0.41775122728390224,0.9014874666003555,0.8096628142728337,0.7331554166419492,2.402137342292239e-05,11,8,0.16583123951776998,2500,OLS_iid,iid,False,5
2,9,9001,18,180001,True,178,False,100,0.7057171016948187,6.163091429043561,0.6400306032883609,0.6520041563881662,1.086608351592868,1.2233220577494452,0.5697977587871815,2.6412104949618153e-05,11,8,0.16583123951776998,2500,OLS_iid,iid,False,5
2,8,8001,25,250001,True,111,False,100,0.7683657815340796,6.920808902010322,0.6080953119618071,0.6091698022961946,1.1886628957316634,1.1383011763869213,0.5772965928505642,5.245863940107313e-05,11,8,0.16583123951776998,2500,OLS_iid,iid,False,5
3,1,1001,6,60001,True,137,False,100,0.7099204608581529,3.7358510750345886,0.5235662790072858,0.4783988868761607,1.0278131697634794,1.0421523151640886,0.5997852279325262,1.2295530158454968e-05,11,8,0.16583123951776998,2500,OLS_iid,iid,False,5
2,7,7001,7,70001,True,120,False,100,0.6817050683873941,9.128582418896258,0.5713104221963672,0.5630272585558674,0.7980970289785433,1.0236667148807874,0.6166305550250627,4.736180193067622e-05,11,8,0.16583123951776998,2500,OLS_iid,iid,False,5
3,0,1,12,120001,True,125,False,100,0.8034888015081432,4.9990441291593015,0.4445402942117356,0.39685165477563705,0.8021275702481132,0.7947949202689446,0.7178291877554344,2.3874332827230368e-05,11,8,0.16583123951776998,2500,OLS_iid,iid,False,5
3,1,1001,16,160001,True,120,False,100,0.676217520476812,3.370935761835426,0.5154174065352799,0.48121619486716205,1.0285207544493842,1.0520125543498842,0.5758714841621384,4.3599168208254556e-05,11,8,0.16583123951776998,2500,OLS_iid,iid,False,5
2,6,6001,29,290001,True,125,False,100,0.8035944264947499,9.627795507665724,0.5496265481272332,0.5385759900520153,1.0775109764120092,0.9304323698303177,0.6525401175616289,3.0942560178900495e-05,11,8,0.16583123951776998,2500,OLS_iid,iid,False,5
3,1,1001,11,110001,True,130,False,100,0.765549815274042,3.5575170628726482,0.521474744208751,0.48124348949122236,0.8883244684916057,1.0535418014380695,0.6014874097540229,1.85150339474278e-05,11,8,0.16583123951776998,2500,OLS_iid,iid,False,5
3,1,1001,8,80001,True,128,False,100,0.7721464948036827,3.7729559750296175,0.5116639950225281,0.46682705943379754,0.9639160915849998,1.028575765657738,0.5747747643499574,2.2799035577668564e-05,11,8,0.16583123951776998,2500,OLS_iid,iid,False,5
3,0,1,23,230001,True,130,False,100,0.7131776200290234,4.674250937066972,0.4495776270208712,0.40101906421851347,0.856530130605601,0.7672316084460471,0.7546119950020904,1.6686505607209433e-05,11,8,0.16583123951776998,2500,OLS_iid,iid,False,5
3,0,1,29,290001,True,138,False,100,0.8035944264947499,4.242391249164939,0.5154213946432724,0.47726850922111747,0.9098207081437658,0.9111242141204117,0.6805327880551213,1.3931967559714831e-05,11,8,0.16583123951776998,2500,OLS_iid,iid,False,5
2,8,8001,13,130001,True,119,False,100,0.718445583337366,7.59398595103994,0.597053420391266,0.6001386753861766,1.0651079708980835,1.126415996705859,0.6085396808064549,5.062692183108852e-05,11,8,0.16583123951776998,2500,OLS_iid,iid,False,5
3,1,1001,21,210001,True,135,False,100,0.7625517270473368,3.576821613125503,0.5098680513989887,0.4759085692343826,0.9587227918105937,0.9803375806364051,0.6392939484235176,1.5881052414330393e-05,11,8,0.16583123951776998,2500,OLS_iid,iid,False,5
3,2,2001,10,100001,True,114,False,100,0.8147646203361788,3.056982961948961,0.5475465920928864,0.5154977558425177,0.9843114338023718,1.063775796550732,0.5904197043423669,4.922971321451991e-05,11,8,0.16583123951776998,2500,OLS_iid,iid,False,5
2,8,8001,29,290001,True,133,False,100,0.8035944264947499,7.26310681598261,0.5296237602442608,0.5171712807503055,1.2407338454544394,0.9201987277761126,0.5906922828455665,2.223691934406273e-05,11,8,0.16583123951776998,2500,OLS_iid,iid,False,5
3,1,1001,27,270001,True,129,False,100,0.9185182958328538,3.6210412587970495,0.4216023592449269,0.3623090959462197,0.8445641933983121,0.9450008119035288,0.5808409696254757,1.3802830035877561e-05,11,8,0.16583123951776998,2500,OLS_iid,iid,False,5
3,0,1,20,200001,True,129,False,100,0.7194904617523997,5.181408426258713,0.5503114072444564,0.5153693040965268,1.119915149284614,1.0378107897915416,0.6808451226860596,2.3077036382425375e-05,11,8,0.16583123951776998,2500,OLS_iid,iid,False,5
3,1,1001,23,230001,True,134,False,100,0.7131776200290234,3.937249754089862,0.5568308559197657,0.528566179554336,1.036190473037936,1.368071211169435,0.3713152753622013,1.996815157124522e-05,11,8,0.16583123951776998,2500,OLS_iid,iid,False,5
3,1,1001,3,30001,True,125,False,100,0.5786780204806588,4.662692468147725,0.5212662120564368,0.4893569009186167,0.8401957443537008,0.9823949035059376,0.6280288689421081,3.073628260590212e-05,11,8,0.16583123951776998,2500,OLS_iid,iid,False,5
3,1,1001,29,290001,True,134,False,100,0.8035944264947499,3.7741625169292092,0.4553037655878311,0.4039144443494408,1.189524181027274,0.9631913209737633,0.6442765161185705,1.387447143303987e-05,11,8,0.16583123951776998,2500,OLS_iid,iid,False,5
3,1,1001,26,260001,True,132,False,100,0.7800179477656639,3.890119826886803,0.5136142949492734,0.4669013915968278,0.9084563178713638,0.9552070952955949,0.6817719170451674,1.4407025861684985e-05,11,8,0.16583123951776998,2500,OLS_iid,iid,False,5
3,1,1001,19,190001,True,130,False,100,0.8237675591248275,3.9545665769837797,0.5315347673183982,0.49906880423902966,0.889307473884918,1.0427788127893356,0.5907321301740527,1.6179072687524455e-05,11,8,0.16583123951776998,2500,OLS_iid,iid,False,5
3,2,2001,6,60001,True,128,False,100,0.7099204608581529,3.6003891271539032,0.4720520283169116,0.4130660966026809,1.1082877426832758,1.0311194977859528,0.6467461220898568,1.31790997379913e-05,11,8,0.16583123951776998,2500,OLS_iid,iid,False,5
3,1,1001,24,240001,True,137,False,100,0.6333898579197669,4.0717180990614,0.5574212856204085,0.5246647869299128,1.107316707057318,1.0244298822848654,0.6671069414307496,2.4708194321181885e-05,11,8,0.16583123951776998,2500,OLS_iid,iid,False,5
3,2,2001,3,30001,True,120,False,100,0.5786780204806588,3.7492206119932234,0.5852693675885929,0.5628158514916312,1.0881484277642754,1.2105068516856967,0.5459936191971559,3.5274573736004054e-05,11,8,0.16583123951776998,2500,OLS_iid,iid,False,5
3,1,1001,15,150001,True,126,False,100,0.6466714203305812,4.419045011047274,0.5906108142971656,0.5701432449263071,1.1105871238879264,1.1789232664254203,0.57252519591028,2.2740306393351573e-05,11,8,0.16583123951776998,2500,OLS_iid,iid,False,5
2,7,7001,28,280001,True,118,False,100,0.7729573413135521,8.92330915434286,0.5656286875266384,0.5661110938209082,1.066075074145293,1.2747301366341044,0.5685801677955253,4.6674738405524694e-05,11,8,0.16583123951776998,2500,OLS_iid,iid,False,5
3,0,1,24,240001,True,131,False,100,0.6333898579197669,5.444394032936543,0.4126541897141761,0.3623961793518033,0.7443595726175334,0.701491240776715,0.7672285716075571,2.1404972028174206e-05,11,8,0.16583123951776998,2500,OLS_iid,iid,False,5
3,2,2001,0,1,True,131,False,100,0.7559997774127204,4.0279553909786046,0.5062114967134829,0.46469657721700647,1.0266272618227064,0.9968153476071002,0.6436788941138949,1.7973344759620722e-05,11,8,0.16583123951776998,2500,OLS_iid,iid,False,5
2,8,8001,26,260001,True,117,False,100,0.7800179477656639,8.049524662084877,0.5501836121601914,0.5327303685413726,0.9562846447299976,0.9411482713392691,0.6486001865123918,3.9735548863570314e-05,11,8,0.16583123951776998,2500,OLS_iid,iid,False,5
2,8,8001,24,240001,True,116,False,100,0.6660568029132168,8.13095176499337,0.5517056978811847,0.5435621276063933,0.8757508253857099,0.940778822568393,0.6688872395601668,5.236964214709724e-05,11,8,0.16583123951776998,2500,OLS_iid,iid,False,5
3,2,2001,13,130001,True,131,False,100,0.718445583337366,3.4581040712073445,0.5260822345474362,0.4896859485217716,0.8903062261561115,0.9305240947581407,0.712329865270716,1.9071622698380504e-05,11,8,0.16583123951776998,2500,OLS_iid,iid,False,5
2,9,9001,28,280001,True,120,False,100,0.7729573413135521,7.02707340195775,0.5797805605550745,0.5737319558324779,0.9371837214276947,1.0952356773511158,0.5448441312494262,4.927719025067859e-05,11,8,0.16583123951776998,2500,OLS_iid,iid,False,5
3,1,1001,22,220001,True,137,False,100,0.7067767475795607,4.328672542702407,0.5365734115731035,0.4997656984176429,0.9969169811241705,1.0268538784555388,0.6145188859498112,1.9104725974223162e-05,11,8,0.16583123951776998,2500,OLS_iid,iid,False,5
3,1,1001,4,40001,True,136,False,100,0.5719742453910751,5.034341489896178,0.5118936435864038,0.47538795209296664,1.0437236939041743,1.0810351938478235,0.5761183381066082,1.6418011117160196e-05,11,8,0.16583123951776998,2500,OLS_iid,iid,False,5
3,1,1001,28,280001,True,132,False,100,0.7729573413135521,4.244746975135058,0.5623839603560611,0.5391720057675226,1.161938683803686,1.1900624374854907,0.5879758236233492,1.822873615929146e-05,11,8,0.16583123951776998,2500,OLS_iid,iid,False,5
2,8,8001,27,270001,True,124,False,100,0.9185182958328538,8.119486527051777,0.5537930128834659,0.5458548649942057,0.9636004901878019,0.9360217606213654,0.6705034269233874,3.2341859011680175e-05,11,8,0.16583123951776998,2500,OLS_iid,iid,False,5
3,0,1,15,150001,True,130,False,100,0.6466714203305812,6.075797152239829,0.4914579528608833,0.45628022537320184,0.9448073007090919,0.884397950010363,0.7153567196630345,2.0015391792674493e-05,11,8,0.16583123951776998,2500,OLS_iid,iid,False,5
2,8,8001,10,100001,True,117,False,100,0.8147646203361788,8.574045734014362,0.6128270507988718,0.617039231635646,0.9014991284915697,1.0370934417170081,0.6042624509845029,6.452813489065856e-05,11,8,0.16583123951776998,2500,OLS_iid,iid,False,5
2,9,9001,2,20001,True,137,False,100,0.8223389972643678,7.80268007516861,0.5800659871129525,0.576653466471181,1.1025082562367052,1.1654794241130213,0.5211286263001054,2.790470051889108e-05,11,8,0.16583123951776998,2500,OLS_iid,iid,False,5
3,2,2001,9,90001,True,132,False,100,0.8592656279146536,3.8845864119939506,0.5356004743528403,0.5003900191391071,0.8557028630363173,1.0788994104510263,0.5600838249850046,1.835869241550381e-05,11,8,0.16583123951776998,2500,OLS_iid,iid,False,5
3,2,2001,18,180001,True,120,False,100,0.635410744224998,3.466559777967632,0.41978469799473866,0.36926022316027257,0.8434951568774323,0.6230094790484029,0.8302424983819734,3.225108761755171e-05,11,8,0.16583123951776998,2500,OLS_iid,iid,False,5
3,0,1,0,1,True,128,False,100,0.7559997774127204,7.0379375838674605,0.5956743766705445,0.5783190743970872,1.1010988467687102,1.3450059916369805,0.40659654891938346,1.7800832222537915e-05,11,8,0.16583123951776998,2500,OLS_iid,iid,False,5
3,2,2001,25,250001,True,128,False,100,0.7683657815340796,3.3822146519087255,0.46275412905430646,0.396177592312326,1.003087766305558,0.7209737433227625,0.8048685553794168,1.7609335061853714e-05,11,8,0.16583123951776998,2500,OLS_iid,iid,False,5
3,1,1001,9,90001,True,144,False,100,0.8592656279146536,5.019857169128954,0.5323060047647427,0.49608827552767937,1.0465916301180038,1.1445993131894718,0.504950763768137,1.86450476015043e-05,11,8,0.16583123951776998,2500,OLS_iid,iid,False,5
3,2,2001,23,230001,True,138,False,100,0.7131776200290234,3.424532439094037,0.5193330708766328,0.484199011862639,0.8914741935205585,1.0366832576433953,0.5942534279213059,2.0852445342479785e-05,11,8,0.16583123951776998,2500,OLS_iid,iid,False,5
3,2,2001,17,170001,True,126,False,100,0.6663488150377282,3.6519290059804916,0.6021734032664864,0.5788823146401482,1.094444098051307,1.3567841395287394,0.5155132135151258,2.3076463782671305e-05,11,8,0.16583123951776998,2500,OLS_iid,iid,False,5
3,2,2001,12,120001,True,126,False,100,0.8034888015081432,3.8289698367007077,0.4772113669121602,0.42962299106987295,0.9896812438620929,0.9801855525640735,0.5846124877086658,2.5238115257911686e-05,11,8,0.16583123951776998,2500,OLS_iid,iid,False,5
2,9,9001,7,70001,True,122,False,100,0.6817050683873941,7.969161901157349,0.5417151028921812,0.5236005183706551,0.8120419352014159,0.9440131691403769,0.6328560685493421,4.141017764216037e-05,11,8,0.16583123951776998,2500,OLS_iid,iid,False,5
3,0,1,10,100001,True,121,False,100,0.8147646203361788,6.510392892174423,0.4173465791444501,0.3671215661695369,0.83515524930329,0.6007960985326106,0.8542305760837319,3.5995982921837574e-05,11,8,0.16583123951776998,2500,OLS_iid,iid,False,5
3,2,2001,11,110001,True,133,False,100,0.765549815274042,4.162108446937054,0.4201264536312642,0.3620874906798149,1.004655026618917,0.8836296682141284,0.6493404046202258,1.549995288223566e-05,11,8,0.16583123951776998,2500,OLS_iid,iid,False,5
2,9,9001,13,130001,True,109,False,100,0.718445583337366,8.063194196205586,0.5987209047801608,0.5900335612724084,1.0206636264201505,1.1795383098279655,0.5945811151734642,6.785636507362162e-05,11,8,0.16583123951776998,2500,OLS_iid,iid,False,5
3,3,3001,0,1,True,126,False,100,0.7559997774127204,3.3063417728990316,0.5656935973833028,0.537553227259835,0.8684527963618304,1.1434206576857417,0.5640867416675801,2.175290220440027e-05,11,8,0.16583123951776998,2500,OLS_iid,iid,False,5
3,1,1001,7,70001,True,129,False,100,0.6817050683873941,5.383685600012541,0.4990790324595739,0.452777094466187,0.8766531711566625,0.9139838671176574,0.660529432272177,1.632923420665216e-05,11,8,0.16583123951776998,2500,OLS_iid,iid,False,5
3,3,3001,4,40001,True,128,False,100,0.5719742453910751,3.30028208065778,0.5401559273741063,0.5108594960706189,0.9559745002592059,1.044222342545363,0.6316990251732246,1.8422060738882813e-05,11,8,0.16583123951776998,2500,OLS_iid,iid,False,5
3,0,1,11,110001,True,126,False,100,0.765549815274042,6.830905340611935,0.5312947615049891,0.493883944603531,0.8106957096218926,1.0738314900567292,0.5484618655401481,1.6917612998293575e-05,11,8,0.16583123951776998,2500,OLS_iid,iid,False,5
3,2,2001,14,140001,True,128,False,100,0.7433479507689166,4.161879058927298,0.5335754250647664,0.507922224389842,1.2636727283541573,1.5079736049272183,0.5875685693560638,2.5751229711159312e-05,11,8,0.16583123951776998,2500,OLS_iid,iid,False,5
3,3,3001,15,150001,True,127,False,100,0.6466714203305812,3.1731870397925377,0.570012160953852,0.552704264515569,0.8910449518498949,1.2295665259579693,0.5396430842292879,2.1410740120691828e-05,11,8,0.16583123951776998,2500,OLS_iid,iid,False,5
3,2,2001,20,200001,True,126,False,100,0.7194904617523997,4.043870692141354,0.5064512873817727,0.4755064468647449,0.923305626532044,0.972979914248895,0.7031092428198407,2.4139543740774882e-05,11,8,0.16583123951776998,2500,OLS_iid,iid,False,5
3,1,1001,14,140001,True,132,False,100,0.7433479507689166,5.555201904848218,0.5776292254384924,0.5487263157069393,0.9775612821628734,1.1049510688274427,0.5999293776430611,2.1684038229376517e-05,11,8,0.16583123951776998,2500,OLS_iid,iid,False,5
3,3,3001,18,180001,True,120,False,100,0.635410744224998,3.1504718409851193,0.5917061171856339,0.564940223269281,1.0591375834740306,1.0020480697268574,0.6978199040211956,3.869097019923181e-05,11,8,0.16583123951776998,2500,OLS_iid,iid,False,5
3,3,3001,6,60001,True,130,False,100,0.7099204608581529,3.558667085133493,0.4886105743467819,0.4423300979159594,1.0737764447467641,0.9969872107125464,0.6170614677162738,1.4730770177258532e-05,11,8,0.16583123951776998,2500,OLS_iid,iid,False,5
3,3,3001,16,160001,True,118,False,100,0.676217520476812,3.326363328844309,0.5198779240000121,0.48161738063517096,0.9571943399313124,0.9802820526385676,0.623246856840201,4.046398032536492e-05,11,8,0.16583123951776998,2500,OLS_iid,iid,False,5
3,2,2001,16,160001,True,120,False,100,0.676217520476812,4.437775424681604,0.47353123508084555,0.42782016462946176,0.8752609083272211,0.7529808412964805,0.7898594732314304,3.383767064305251e-05,11,8,0.16583123951776998,2500,OLS_iid,iid,False,5
3,2,2001,22,220001,True,136,False,100,0.7067767475795607,4.292921245098114,0.4867493494973797,0.42864338146246167,0.9658924798503624,0.9864123063425815,0.6009110157952576,2.076244557310235e-05,11,8,0.16583123951776998,2500,OLS_iid,iid,False,5
3,2,2001,27,270001,True,132,False,100,0.9185182958328538,4.103516742121428,0.586750234238704,0.5612867666291733,1.0939380585830847,1.3108578687035632,0.4824063775355223,1.6420208611167822e-05,11,8,0.16583123951776998,2500,OLS_iid,iid,False,5
3,3,3001,21,210001,True,135,False,100,0.7625517270473368,3.2815506868064404,0.5373043859352714,0.5106617235674793,0.8925391892283552,1.123121733427439,0.5422868749921009,1.5066828829947079e-05,11,8,0.16583123951776998,2500,OLS_iid,iid,False,5
3,0,1,1,10001,True,126,False,100,0.6766198465255097,7.76414090488106,0.5326220532163276,0.4954185766411374,0.9326093192627384,0.967263074027044,0.6771510387002864,2.1304590929363376e-05,11,8,0.16583123951776998,2500,OLS_iid,iid,False,5
3,2,2001,24,240001,True,129,False,100,0.6333898579197669,4.445328377652913,0.526043896815771,0.4892116122560432,0.7890017764445407,0.9938723216281667,0.6201566274464511,2.409419243135141e-05,11,8,0.16583123951776998,2500,OLS_iid,iid,False,5
3,0,1,19,190001,True,133,False,100,0.8237675591248275,7.085382420103997,0.47859196026629297,0.42982005033198206,0.8658502795528453,0.8378670805481055,0.7258132513785838,1.3715789008178547e-05,11,8,0.16583123951776998,2500,OLS_iid,iid,False,5
3,2,2001,15,150001,True,129,False,100,0.6466714203305812,4.698753355070949,0.4865774589083377,0.44589098072913913,0.8922686089573794,0.9083347103240702,0.6444880567047133,1.9139808063472025e-05,11,8,0.16583123951776998,2500,OLS_iid,iid,False,5
3,3,3001,9,90001,True,134,False,100,0.8592656279146536,3.9038571920245886,0.5224556850139779,0.48397874495414794,0.9747644685974949,1.0363438761073036,0.5952397167786504,2.2126851337448398e-05,11,8,0.16583123951776998,2500,OLS_iid,iid,False,5
3,1,1001,12,120001,True,128,False,100,0.8034888015081432,6.097541565075517,0.4562400621262687,0.3989281817196187,1.0044005027962852,0.7869235500180753,0.7693038612206695,2.0849413324541388e-05,11,8,0.16583123951776998,2500,OLS_iid,iid,False,5
3,2,2001,29,290001,True,139,False,100,0.8035944264947499,4.34519565012306,0.49501196256057695,0.482679754710393,0.7507765563582242,0.9970282342753258,0.6575772023129485,1.426334110424161e-05,11,8,0.16583123951776998,2500,OLS_iid,iid,False,5
3,3,3001,24,240001,True,130,False,100,0.6333898579197669,3.5391553370282054,0.6053030051130434,0.6025932110041784,1.1263702387011065,1.2973052257799997,0.49821898103279794,2.613397632371115e-05,11,8,0.16583123951776998,2500,OLS_iid,iid,False,5
3,4,4001,16,160001,True,119,False,100,0.676217520476812,2.9682634728960693,0.5301512117822377,0.4957441172152993,0.8743008849253913,0.9190445181915761,0.6943328429360709,3.828834278369948e-05,11,8,0.16583123951776998,2500,OLS_iid,iid,False,5
3,3,3001,25,250001,True,123,False,100,0.7683657815340796,3.7142391498200595,0.6024636234958578,0.5841325386051145,1.1406829370833407,1.1757407273900433,0.5227845290108801,2.563304777463382e-05,11,8,0.16583123951776998,2500,OLS_iid,iid,False,5
3,1,1001,10,100001,True,121,False,100,0.8147646203361788,6.565997745841742,0.5119934712575941,0.47004844727989636,1.2796908929050774,0.8733995367294558,0.8047900324608181,3.59436533373914e-05,11,8,0.16583123951776998,2500,OLS_iid,iid,False,5
3,3,3001,8,80001,True,124,False,100,0.7721464948036827,4.396176744252443,0.5616386238628682,0.5712778604054691,1.0157849359015008,1.2087799825450871,0.5594997019340584,2.412886577625376e-05,11,8,0.16583123951776998,2500,OLS_iid,iid,False,5
3,1,1001,13,130001,True,128,False,100,0.718445583337366,6.507170272059739,0.5289024915841394,0.4896206839925602,0.9771476610201425,0.9595308431656355,0.6847712054495004,1.832217638983737e-05,11,8,0.16583123951776998,2500,OLS_iid,iid,False,5
3,2,2001,21,210001,True,146,False,100,0.7625517270473368,5.071633588057011,0.5488621868084373,0.5155968868988074,1.0252100835484956,1.0802558478471393,0.6218627288963123,1.545619451827152e-05,11,8,0.16583123951776998,2500,OLS_iid,iid,False,5
3,4,4001,1,10001,True,130,False,100,0.6766198465255097,3.5742939193733037,0.5509359039331236,0.5237029132426472,1.1665274224368565,1.034420527197654,0.5938868120567389,2.6588783123471717e-05,11,8,0.16583123951776998,2500,OLS_iid,iid,False,5
3,4,4001,12,120001,True,126,False,100,0.8034888015081432,3.2490451489575207,0.5218021026457696,0.48862695225957764,1.3225322372119792,1.03459200338078,0.7209518316684029,2.1533843719336725e-05,11,8,0.16583123951776998,2500,OLS_iid,iid,False,5
3,2,2001,19,190001,True,141,False,100,0.8237675591248275,5.179445527959615,0.5569112996065084,0.5194111631020594,1.0598591402729354,1.1045539963999935,0.5578051500503769,1.67741500843311e-05,11,8,0.16583123951776998,2500,OLS_iid,iid,False,5
3,3,3001,1,10001,True,140,False,100,0.6766198465255097,4.7756200968287885,0.562091531584474,0.5356356485973846,1.008749123843973,0.9839356870546042,0.6757463174436777,2.3678184044157897e-05,11,8,0.16583123951776998,2500,OLS_iid,iid,False,5
3,1,1001,1,10001,True,131,False,100,0.6766198465255097,7.150132758077234,0.5590563691391804,0.5369386468069525,1.0126302833599514,1.227642438127484,0.5480997014637778,2.2727989458441085e-05,11,8,0.16583123951776998,2500,OLS_iid,iid,False,5
3,4,4001,4,40001,True,131,False,100,0.5719742453910751,3.729799842927605,0.55390633293337,0.5212436271403621,0.9725583612942023,1.0424945373680412,0.6562474395640117,1.5491709433583657e-05,11,8,0.16583123951776998,2500,OLS_iid,iid,False,5
3,4,4001,8,80001,True,120,False,100,0.7721464948036827,3.63145211385563,0.5360720262302753,0.5014901077531678,0.9141190117300821,1.1432349556809762,0.48760748341220667,3.215003244889406e-05,11,8,0.16583123951776998,2500,OLS_iid,iid,False,5
3,4,4001,2,20001,True,130,False,100,0.8223389972643678,3.7848323308862746,0.4398026392449163,0.3763175802859067,0.9111936146279995,1.0020958870130552,0.7078624899421766,1.3156662841371542e-05,11,8,0.16583123951776998,2500,OLS_iid,iid,False,5
3,0,1,2,20001,True,136,False,100,0.8223389972643678,8.623668755870312,0.4529852412687623,0.40347888832878137,0.8113534116060437,1.4386286423624335,0.6534062598040901,1.374100143628213e-05,11,8,0.16583123951776998,2500,OLS_iid,iid,False,5
3,0,1,25,250001,True,134,False,100,0.7683657815340796,7.665517447050661,0.46624624980760204,0.42743228239655306,0.8287502217686191,0.8965244370157084,0.6555108998009775,1.7795905409511967e-05,11,8,0.16583123951776998,2500,OLS_iid,iid,False,5
3,3,3001,10,100001,True,123,False,100,0.8147646203361788,4.7823713649995625,0.5521728980440979,0.519524340584235,1.0538675458605034,0.9911901555242287,0.6726215104612756,4.576883492329461e-05,11,8,0.16583123951776998,2500,OLS_iid,iid,False,5
3,1,1001,25,250001,True,128,False,100,0.7683657815340796,6.485284107737243,0.5580623196983873,0.5230544675223034,0.9403356203819752,1.1599133716794379,0.5614580394023456,1.9916585189447027e-05,11,8,0.16583123951776998,2500,OLS_iid,iid,False,5
3,3,3001,29,290001,True,135,False,100,0.8035944264947499,4.10892453789711,0.4860858889965937,0.45086547961381124,1.3069144238639179,1.1152912085488116,0.6212626372042662,1.449209398247688e-05,11,8,0.16583123951776998,2500,OLS_iid,iid,False,5
3,3,3001,20,200001,True,125,False,100,0.7194904617523997,4.477407610043883,0.5762901071579671,0.5396480960102084,0.9673281138428101,1.0490449268083304,0.6505279431905411,2.769014020683521e-05,11,8,0.16583123951776998,2500,OLS_iid,iid,False,5
3,4,4001,10,100001,True,118,False,100,0.8147646203361788,3.820230591110885,0.5119318016426248,0.46963538176600556,1.1542335778043062,0.9040185527508365,0.7018213997105421,4.2504139051689974e-05,11,8,0.16583123951776998,2500,OLS_iid,iid,False,5
3,3,3001,12,120001,True,125,False,100,0.8034888015081432,4.856532773934305,0.5383097460777333,0.4960710381463894,0.8465135131080628,1.0198289280063242,0.598458823354034,2.5599130803050008e-05,11,8,0.16583123951776998,2500,OLS_iid,iid,False,5
3,4,4001,20,200001,True,127,False,100,0.7194904617523997,3.535610699094832,0.5190752201175383,0.478968384743329,1.0454778453271247,0.9159229995472469,0.6769137629611106,2.7800369759174635e-05,11,8,0.16583123951776998,2500,OLS_iid,iid,False,5
3,3,3001,28,280001,True,131,False,100,0.7729573413135521,4.231577656231821,0.5176912703219269,0.49375905522645736,0.9266130077620772,1.2907329436336061,0.557996993007509,1.887275986161647e-05,11,8,0.16583123951776998,2500,OLS_iid,iid,False,5
3,2,2001,8,80001,True,125,False,100,0.7721464948036827,6.23378178011626,0.3811538007569473,0.3368081226091791,0.7170625391386559,0.6755449484801206,0.803421412472517,2.1925373115359096e-05,11,8,0.16583123951776998,2500,OLS_iid,iid,False,5
3,3,3001,26,260001,True,129,False,100,0.7800179477656639,4.378505174070597,0.5460610130346865,0.5067567349590593,1.0343495284940585,1.171789783069582,0.5367767922983113,1.577185880471558e-05,11,8,0.16583123951776998,2500,OLS_iid,iid,False,5
3,4,4001,7,70001,True,131,False,100,0.6817050683873941,4.076891016680747,0.5278995779413941,0.48964415497945635,0.8332822735699067,0.9696670190377463,0.6613740447728638,1.745340940922028e-05,11,8,0.16583123951776998,2500,OLS_iid,iid,False,5
3,3,3001,5,50001,True,131,False,100,0.7709298441133979,5.1547102318145335,0.5432273852319437,0.5092038105666016,0.9273642567966972,1.0637902931270116,0.5944422504762745,9.681536013096766e-06,11,8,0.16583123951776998,2500,OLS_iid,iid,False,5
3,2,2001,1,10001,True,127,False,100,0.6766198465255097,6.58490074891597,0.5295749077906267,0.48117367875680234,1.0461079328891147,0.9892901570147393,0.6863936867593053,2.3476761377324947e-05,11,8,0.16583123951776998,2500,OLS_iid,iid,False,5
3,4,4001,6,60001,True,144,False,100,0.7099204608581529,4.212184167001396,0.48040842832202546,0.441787852063472,0.895634019887878,0.9546770859034707,0.6295572573405893,1.3321541441519849e-05,11,8,0.16583123951776998,2500,OLS_iid,iid,False,5
3,3,3001,7,70001,True,135,False,100,0.6817050683873941,5.276490685995668,0.4731571068782897,0.4325904480820865,0.7692906974577016,0.864438127107426,0.7054431099382417,1.7540111409251993e-05,11,8,0.16583123951776998,2500,OLS_iid,iid,False,5
3,4,4001,14,140001,True,131,False,100,0.7433479507689166,4.132661479990929,0.504274353679345,0.46207396792416744,0.8704630131469929,0.9360122800128853,0.6935273192220346,2.2848578681893845e-05,11,8,0.16583123951776998,2500,OLS_iid,iid,False,5
3,4,4001,25,250001,True,127,False,100,0.7683657815340796,3.7271638200618327,0.46897151042677093,0.4203034730941304,0.7484377423877264,0.958451451962394,0.5966611754797683,1.7632545133469276e-05,11,8,0.16583123951776998,2500,OLS_iid,iid,False,5
3,3,3001,23,230001,True,129,False,100,0.7131776200290234,4.928303258959204,0.5309470146950337,0.49614108220992836,1.006089589258419,1.063917243934524,0.599120903673686,2.2323603835740984e-05,11,8,0.16583123951776998,2500,OLS_iid,iid,False,5
3,2,2001,5,50001,True,134,False,100,0.7709298441133979,6.84557278919965,0.4643445749022894,0.41530952254859965,1.2196647599949064,1.0322076362275883,0.6228537333249069,9.670242716573464e-06,11,8,0.16583123951776998,2500,OLS_iid,iid,False,5
3,4,4001,27,270001,True,131,False,100,0.9185182958328538,3.641534791328013,0.5158165059984611,0.4837375510146277,1.0023444944097148,0.935997761744904,0.7021611901807339,1.474555700849906e-05,11,8,0.16583123951776998,2500,OLS_iid,iid,False,5
3,3,3001,14,140001,True,136,False,100,0.7433479507689166,5.365500383079052,0.42474619345340425,0.3729792793576736,0.7973949671203321,0.8391176930302197,0.664570942193784,2.3986059628328866e-05,11,8,0.16583123951776998,2500,OLS_iid,iid,False,5
3,4,4001,18,180001,True,117,False,100,0.635410744224998,4.152073679957539,0.6144578400618526,0.6027435715317995,1.1774793892271607,1.2662705472162643,0.5262193340762207,5.073079410520529e-05,11,8,0.16583123951776998,2500,OLS_iid,iid,False,5
3,4,4001,24,240001,True,137,False,100,0.6333898579197669,4.008448442444205,0.5924451385755509,0.5914566381448135,0.9421273526469939,1.1472489660034135,0.5757249499308139,2.500324009045153e-05,11,8,0.16583123951776998,2500,OLS_iid,iid,False,5
3,4,4001,22,220001,True,132,False,100,0.7067767475795607,4.074036034755409,0.5362021401286198,0.4996649500762059,0.9975391421250172,1.2083589782589357,0.596172497739833,2.0284067188767026e-05,11,8,0.16583123951776998,2500,OLS_iid,iid,False,5
3,5,5001,9,90001,True,129,False,100,0.8592656279146536,3.1661968240514398,0.4854565722826075,0.4423731806467265,1.0142034390909993,0.9541861690822611,0.6310852004528833,1.8041521741632122e-05,11,8,0.16583123951776998,2500,OLS_iid,iid,False,5
3,5,5001,1,10001,True,131,False,100,0.6766198465255097,3.4119999171234667,0.6371852277770516,0.6301116911337888,1.0926695488937894,1.2792545065800092,0.5366526309026538,2.3456784614726404e-05,11,8,0.16583123951776998,2500,OLS_iid,iid,False,5
3,4,4001,29,290001,True,134,False,100,0.8035944264947499,3.6392340548336506,0.49438067837020544,0.45451749124501445,0.9400433531863289,0.9191384571670917,0.6671743516589281,1.422374554344033e-05,11,8,0.16583123951776998,2500,OLS_iid,iid,False,5
3,5,5001,3,30001,True,125,False,100,0.5786780204806588,3.472003784030676,0.5383455188827464,0.5088631951087093,0.9357451327016818,0.9572658164212249,0.6911521982659304,2.9661662373470288e-05,11,8,0.16583123951776998,2500,OLS_iid,iid,False,5
3,4,4001,5,50001,True,133,False,100,0.7709298441133979,4.761187065858394,0.512234197992073,0.4751869855891267,1.2104038989712413,1.124466194016925,0.6012164279613733,1.0081131244665945e-05,11,8,0.16583123951776998,2500,OLS_iid,iid,False,5
3,5,5001,7,70001,True,132,False,100,0.6817050683873941,3.354225035291165,0.5005512652690317,0.45445990213296134,1.031440014208527,0.9677868976540334,0.6475815494502204,1.6017164699991546e-05,11,8,0.16583123951776998,2500,OLS_iid,iid,False,5
3,3,3001,22,220001,True,141,False,100,0.7067767475795607,5.23288982687518,0.5677252829191274,0.5356871574243086,1.0593595105438882,1.1793322157485733,0.5110198599523339,2.0878838987103287e-05,11,8,0.16583123951776998,2500,OLS_iid,iid,False,5
3,4,4001,26,260001,True,128,False,100,0.7800179477656639,4.013522770255804,0.4984983335262,0.4378730383267435,1.040325521463463,0.9212126878820693,0.7144042133270354,1.4683161202805617e-05,11,8,0.16583123951776998,2500,OLS_iid,iid,False,5
3,4,4001,9,90001,True,128,False,100,0.8592656279146536,4.7102249027229846,0.41728344796758937,0.3640681874502251,0.7986458701864864,0.6472798528460681,0.8205260641778569,1.786171503978906e-05,11,8,0.16583123951776998,2500,OLS_iid,iid,False,5
3,5,5001,17,170001,True,123,False,100,0.6663488150377282,3.2436712118797004,0.46780497443422475,0.40659667870610594,0.9751339576976166,0.7396239362334365,0.7856752388892342,2.0158901897873403e-05,11,8,0.16583123951776998,2500,OLS_iid,iid,False,5
3,4,4001,3,30001,True,124,False,100,0.5786780204806588,4.940908649936318,0.5393362819314814,0.507019805780564,1.0609038338647536,1.0694268217477192,0.6419332210236328,3.102975462837132e-05,11,8,0.16583123951776998,2500,OLS_iid,iid,False,5
3,2,2001,4,40001,True,133,False,100,0.5719742453910751,7.232497796416283,0.4329761393021675,0.3904397325458214,0.7790250228210945,0.7570453169858031,0.742218084464077,1.8853971927753503e-05,11,8,0.16583123951776998,2500,OLS_iid,iid,False,5
3,5,5001,24,240001,True,131,False,100,0.6333898579197669,3.2277331706136465,0.5106444130855129,0.4597541246960058,0.9041337304203755,1.01313044878634,0.597402961686316,2.47849248630602e-05,11,8,0.16583123951776998,2500,OLS_iid,iid,False,5
3,5,5001,19,190001,True,134,False,100,0.8237675591248275,3.3444887162186205,0.5071098341009388,0.4593143100371289,0.9747625915525738,0.8538331842985001,0.7446250944339204,1.343256367734095e-05,11,8,0.16583123951776998,2500,OLS_iid,iid,False,5
3,5,5001,12,120001,True,128,False,100,0.8034888015081432,3.458334108814597,0.5183738605569685,0.4800258141875999,0.97813737998632,0.9840028110087253,0.6368115659446503,2.3859530718265494e-05,11,8,0.16583123951776998,2500,OLS_iid,iid,False,5
3,3,3001,17,170001,True,128,False,100,0.6663488150377282,5.705405560787767,0.48424305849191257,0.44166474733362926,1.0992483863174611,0.8136009490084944,0.7822375634886112,1.9491640181353285e-05,11,8,0.16583123951776998,2500,OLS_iid,iid,False,5
3,5,5001,2,20001,True,136,False,100,0.8223389972643678,3.802148424088955,0.5218605580221016,0.48249805788425226,0.8751236243079541,0.9081228328417854,0.7019626778227566,1.4206351509232018e-05,11,8,0.16583123951776998,2500,OLS_iid,iid,False,5
3,3,3001,11,110001,True,127,False,100,0.765549815274042,5.970029158052057,0.5146724301380858,0.4764801510954629,0.8770350718157717,1.0651228103377992,0.5628380239969525,1.719888271376609e-05,11,8,0.16583123951776998,2500,OLS_iid,iid,False,5
3,2,2001,7,70001,True,136,False,100,0.6817050683873941,7.369983652140945,0.5192348483705849,0.4821374968472083,1.0978685715326701,0.9814858892610772,0.6329952505486589,1.4802496149575444e-05,11,8,0.16583123951776998,2500,OLS_iid,iid,False,5
3,5,5001,4,40001,True,133,False,100,0.5719742453910751,3.853636463638395,0.5401453471151557,0.5092623427889185,1.054870157077755,1.0791491179828478,0.6219750831369885,1.5255412778932209e-05,11,8,0.16583123951776998,2500,OLS_iid,iid,False,5
3,5,5001,15,150001,True,130,False,100,0.6466714203305812,3.5371599597856402,0.5617474133826753,0.5414388517516611,1.3729451907188068,1.5591634611330898,0.5192194430313772,2.2280830531384372e-05,11,8,0.16583123951776998,2500,OLS_iid,iid,False,5
3,6,6001,1,10001,True,127,False,100,0.6766198465255097,3.2597827119752765,0.4899767981227759,0.45207066054727535,0.8518997028920089,0.8172773232925928,0.7489503303386126,2.107047801030615e-05,11,8,0.16583123951776998,2500,OLS_iid,iid,False,5
3,5,5001,27,270001,True,130,False,100,0.9185182958328538,3.391361715272069,0.4568262759721842,0.4125286013691008,0.930574319155526,1.106063150329692,0.5308699218538993,1.6914740039714426e-05,11,8,0.16583123951776998,2500,OLS_iid,iid,False,5
3,5,5001,6,60001,True,129,False,100,0.7099204608581529,3.8994814292527735,0.4784524702455238,0.4354079670235389,0.7884697452008054,0.9667362905994233,0.6280815248632337,1.5013723442160842e-05,11,8,0.16583123951776998,2500,OLS_iid,iid,False,5
3,4,4001,21,210001,True,140,False,100,0.7625517270473368,4.753556533716619,0.500461801512394,0.45657603024020044,0.9051478952163727,0.9551449243534352,0.6783074216120883,1.5152253059217314e-05,11,8,0.16583123951776998,2500,OLS_iid,iid,False,5
3,2,2001,26,260001,True,130,False,100,0.7800179477656639,6.691204777918756,0.5917922547604485,0.5694966112310549,1.1521938028821959,1.2939809942927736,0.5117257687556054,1.4740349765404512e-05,11,8,0.16583123951776998,2500,OLS_iid,iid,False,5
3,6,6001,0,1,True,127,False,100,0.7559997774127204,3.509064903948456,0.5489920750826455,0.5178485287094481,1.0272648733574428,0.959828857993441,0.6972019193151213,2.0510910453072605e-05,11,8,0.16583123951776998,2500,OLS_iid,iid,False,5
3,5,5001,5,50001,True,134,False,100,0.7709298441133979,4.088575124274939,0.543649478206637,0.5147404115650484,1.1338477501095214,1.280820532768551,0.43615640493590463,1.0602543634952524e-05,11,8,0.16583123951776998,2500,OLS_iid,iid,False,5
3,3,3001,13,130001,True,127,False,100,0.718445583337366,6.248234270140529,0.49710310094895416,0.4599015521041146,0.7639113413558631,0.9335375238214279,0.6537890668245266,2.163971424923518e-05,11,8,0.16583123951776998,2500,OLS_iid,iid,False,5
3,5,5001,29,290001,True,148,False,100,0.8035944264947499,3.6222972702234983,0.40668724939229395,0.3649736357899439,0.6717898955557683,0.9155887192837671,0.5860686703056213,1.3084944955325894e-05,11,8,0.16583123951776998,2500,OLS_iid,iid,False,5
3,6,6001,4,40001,True,134,False,100,0.5719742453910751,3.4642682019621134,0.5577313442230114,0.5343824086417073,0.909703780000308,1.1050907886940546,0.6027490322874702,1.5634423542446496e-05,11,8,0.16583123951776998,2500,OLS_iid,iid,False,5
3,1,1001,20,200001,True,128,False,100,0.7194904617523997,8.345054065342993,0.5134050679042769,0.4619701074686494,0.9823224386893862,0.8992638410533662,0.7605209562074615,2.31444934917076e-05,11,8,0.16583123951776998,2500,OLS_iid,iid,False,5
3,3,3001,27,270001,True,137,False,100,0.9185182958328538,5.825269958004355,0.5361330354260829,0.5053022947231661,0.9359435560669,1.0035159264882405,0.6174082807001493,1.759740273414855e-05,11,8,0.16583123951776998,2500,OLS_iid,iid,False,5
3,4,4001,23,230001,True,131,False,100,0.7131776200290234,5.0222386149689555,0.4639029256178564,0.43430032415228587,1.0839977699068122,11.315543319544464,0.7569921351188369,1.905333705039129e-05,11,8,0.16583123951776998,2500,OLS_iid,iid,False,5
3,4,4001,11,110001,True,127,False,100,0.765549815274042,5.496618697885424,0.5272947894510244,0.49050537995506144,1.018350947977308,1.198015828313187,0.5509813792637155,1.6472337863541094e-05,11,8,0.16583123951776998,2500,OLS_iid,iid,False,5
3,5,5001,16,160001,True,119,False,100,0.676217520476812,4.074127543717623,0.5738916192022971,0.538117659750792,0.9350829779929758,1.5212771914803307,0.6241926327731395,3.7632522462517214e-05,11,8,0.16583123951776998,2500,OLS_iid,iid,False,5
3,6,6001,12,120001,True,125,False,100,0.8034888015081432,3.3224586034193635,0.5241391150209576,0.4861838899709504,1.0225647933179698,1.078509578147791,0.5832194297473305,2.8465944603556696e-05,11,8,0.16583123951776998,2500,OLS_iid,iid,False,5
3,6,6001,16,160001,True,121,False,100,0.676217520476812,3.152468868996948,0.5481120821250919,0.5098921317884705,1.1543042673894528,1.01252447961149,0.6518185796568352,3.4678622251782465e-05,11,8,0.16583123951776998,2500,OLS_iid,iid,False,5
3,5,5001,10,100001,True,118,False,100,0.8147646203361788,4.339278236962855,0.6188316520117486,0.606683181849315,1.0884583164031572,1.31571157643838,0.4970362076766914,4.9469158999604786e-05,11,8,0.16583123951776998,2500,OLS_iid,iid,False,5
3,5,5001,28,280001,True,131,False,100,0.7729573413135521,3.975440206937492,0.5597960166158176,0.5300231519403638,0.9495844811198084,1.0521825526589623,0.6501395104949097,1.755898607475978e-05,11,8,0.16583123951776998,2500,OLS_iid,iid,False,5
3,4,4001,28,280001,True,132,False,100,0.7729573413135521,4.874536392744631,0.579165165543782,0.5498554524165594,1.0644857230050064,1.279189676133496,0.5354294724487488,1.8019769314076922e-05,11,8,0.16583123951776998,2500,OLS_iid,iid,False,5
3,6,6001,20,200001,True,126,False,100,0.7194904617523997,3.1146392640657723,0.5627864941385948,0.5310188620942712,1.0315355957702266,1.0641117589206397,0.636694466481082,2.4766377646229216e-05,11,8,0.16583123951776998,2500,OLS_iid,iid,False,5
3,6,6001,15,150001,True,135,False,100,0.6466714203305812,3.3739440329372883,0.5008761053412895,0.46619881580227446,1.1793938817622411,1.0548320514681326,0.6295992623253265,2.1261096078627085e-05,11,8,0.16583123951776998,2500,OLS_iid,iid,False,5
3,5,5001,8,80001,True,124,False,100,0.7721464948036827,4.510012557264417,0.5019105546559907,0.4595319253651814,0.8947428247126876,0.7881591727569908,0.7708096266782539,2.5705140793384274e-05,11,8,0.16583123951776998,2500,OLS_iid,iid,False,5
3,6,6001,11,110001,True,126,False,100,0.765549815274042,3.5683535151183605,0.517979194332894,0.47811037275390794,1.0390823152066373,1.0742833714595177,0.5825601383302015,1.8832052433405527e-05,11,8,0.16583123951776998,2500,OLS_iid,iid,False,5
3,6,6001,14,140001,True,129,False,100,0.7433479507689166,3.446318743750453,0.5486026140888115,0.5185149312729317,0.8976785039786153,1.117628222921957,0.5268421179792647,2.3553088253406905e-05,11,8,0.16583123951776998,2500,OLS_iid,iid,False,5
3,6,6001,18,180001,True,115,False,100,0.635410744224998,3.2367147062905133,0.5140884435812441,0.46903614636252833,0.8974408833183137,0.8679045819579061,0.7170602230659895,4.4672069800613486e-05,11,8,0.16583123951776998,2500,OLS_iid,iid,False,5
3,6,6001,19,190001,True,136,False,100,0.8237675591248275,3.5018901992589235,0.5953244285681656,0.5847352814401451,0.9053555716448553,1.3035422384582813,0.4644010021932258,1.693922121459223e-05,11,8,0.16583123951776998,2500,OLS_iid,iid,False,5
3,5,5001,25,250001,True,125,False,100,0.7683657815340796,4.597284434363246,0.5525707791807952,0.5344403143623774,0.9015568650139434,1.18799385021623,0.552125752213036,2.0234261844287314e-05,11,8,0.16583123951776998,2500,OLS_iid,iid,False,5
3,1,1001,0,1,True,136,False,100,0.7559997774127204,9.862530400045216,0.5856922210241386,0.563752716584876,0.8929964925863951,1.0421260293591015,0.6407397059533164,2.1567166837078222e-05,11,8,0.16583123951776998,2500,OLS_iid,iid,False,5
3,7,7001,5,50001,True,133,False,100,0.7709298441133979,2.8587291543371975,0.4989394691980252,0.454481028917967,0.9827702184984421,1.0782369960253528,0.6404082783809372,9.274521998445521e-06,11,8,0.16583123951776998,2500,OLS_iid,iid,False,5
3,7,7001,10,100001,True,116,False,100,0.8147646203361788,2.6926536452956498,0.4888932057955,0.43184978548892056,0.928608775597108,0.7849493138589496,0.7695386103480838,4.0994905688712017e-05,11,8,0.16583123951776998,2500,OLS_iid,iid,False,5
3,4,4001,19,190001,True,133,False,100,0.8237675591248275,5.9382285149767995,0.48596131705270396,0.4379713489085457,0.9653074689524188,0.8710005610717229,0.6795445778987536,1.686131784242446e-05,11,8,0.16583123951776998,2500,OLS_iid,iid,False,5
3,7,7001,3,30001,True,122,False,100,0.5786780204806588,3.012500397861004,0.4474672772336939,0.40760972750481594,0.7238055479230142,0.692890151388877,0.8021442634969022,2.777790495154998e-05,11,8,0.16583123951776998,2500,OLS_iid,iid,False,5
3,6,6001,17,170001,True,126,False,100,0.6663488150377282,3.8613617257215083,0.4150238431218515,0.35122777213148726,0.8766146587425259,0.6704403028010412,0.8204893620065271,1.7659760032868094e-05,11,8,0.16583123951776998,2500,OLS_iid,iid,False,5
3,6,6001,28,280001,True,133,False,100,0.7729573413135521,3.3759525208733976,0.5273049037884304,0.4941229322653088,0.9429343866774654,1.1169503849789655,0.5303734501243028,1.7304392123082244e-05,11,8,0.16583123951776998,2500,OLS_iid,iid,False,5
3,2,2001,2,20001,True,136,False,100,0.8223389972643678,8.936628910712898,0.4858640955433745,0.4402972782442958,1.0123505178135372,1.0583966958320854,0.5429597451539073,1.4758654815586636e-05,11,8,0.16583123951776998,2500,OLS_iid,iid,False,5
3,4,4001,13,130001,True,128,False,100,0.718445583337366,6.252929791342467,0.5914430219890023,0.5650758083556394,1.0814596867156516,3.960349878405986,0.5668947171965276,2.276900172922025e-05,11,8,0.16583123951776998,2500,OLS_iid,iid,False,5
3,6,6001,25,250001,True,131,False,100,0.7683657815340796,3.6409097551368177,0.5620026991047903,0.5244275530982039,1.052664748412264,1.0029649837195362,0.675522136671172,2.313204475268231e-05,11,8,0.16583123951776998,2500,OLS_iid,iid,False,5
3,7,7001,6,60001,True,135,False,100,0.7099204608581529,3.2271502050571144,0.572103527266112,0.531587351061058,1.061887737465717,1.1990096261949907,0.5035949103583524,1.4218432624412806e-05,11,8,0.16583123951776998,2500,OLS_iid,iid,False,5
3,6,6001,29,290001,True,135,False,100,0.8035944264947499,3.3436480220407248,0.5373072976182061,0.5053603966650214,0.9555463496382997,1.0920820259811943,0.5447891332544036,1.8735124090304627e-05,11,8,0.16583123951776998,2500,OLS_iid,iid,False,5
3,6,6001,27,270001,True,134,False,100,0.9185182958328538,3.6039019753225148,0.4240886544161171,0.3745181447099593,0.7970981480071583,0.9857268111769387,0.5944032598302285,1.4508258876382505e-05,11,8,0.16583123951776998,2500,OLS_iid,iid,False,5
3,7,7001,0,1,True,129,False,100,0.7559997774127204,3.342179870698601,0.5689930638531027,0.5459184458953238,1.0837913010948657,1.2250872373694939,0.5187029475211342,2.0535623626594188e-05,11,8,0.16583123951776998,2500,OLS_iid,iid,False,5
3,7,7001,2,20001,True,130,False,100,0.8223389972643678,3.4425910669378936,0.5022199529517205,0.4584256653268802,0.957796231937689,0.9025170574655632,0.7318640533418306,1.4431853930249036e-05,11,8,0.16583123951776998,2500,OLS_iid,iid,False,5
3,6,6001,10,100001,True,123,False,100,0.8147646203361788,4.510745452251285,0.5128520512102037,0.47455424191718093,1.1028841723720546,0.8674502283165092,0.758356469792163,4.023310976567097e-05,11,8,0.16583123951776998,2500,OLS_iid,iid,False,5
3,3,3001,3,30001,True,123,False,100,0.5786780204806588,7.972033463418484,0.5862196318263542,0.5617114357263205,1.016783601896071,1.3403992467567016,0.47619054336664807,3.284591121207432e-05,11,8,0.16583123951776998,2500,OLS_iid,iid,False,5
3,7,7001,11,110001,True,124,False,100,0.765549815274042,3.228566556237638,0.4677677935306661,0.42898116571192413,0.8061766414015424,0.8137501288863374,0.7424935561895476,1.6355095469947203e-05,11,8,0.16583123951776998,2500,OLS_iid,iid,False,5
3,6,6001,6,60001,True,133,False,100,0.7099204608581529,4.8170166104100645,0.5258220961316565,0.48483968175552566,0.9554576064537806,1.196609532853694,0.44798423683648425,1.7802788467106983e-05,11,8,0.16583123951776998,2500,OLS_iid,iid,False,5
3,6,6001,22,220001,True,131,False,100,0.7067767475795607,4.099228238221258,0.49078630217637714,0.44626622101742924,0.8965776258868128,1.0918737029048255,0.5387263294228335,1.923560677722912e-05,11,8,0.16583123951776998,2500,OLS_iid,iid,False,5
3,3,3001,19,190001,True,140,False,100,0.8237675591248275,7.565948436036706,0.5677808051043481,0.5490306243401107,1.3306097102715397,1.1587754856432766,0.5624654317216642,1.6234469347205555e-05,11,8,0.16583123951776998,2500,OLS_iid,iid,False,5
3,3,3001,2,20001,True,131,False,100,0.8223389972643678,8.165162772871554,0.5221496894875536,0.4779397244644692,1.0247768474740722,0.9935343056529051,0.6690398767833742,1.2277186338809232e-05,11,8,0.16583123951776998,2500,OLS_iid,iid,False,5
3,7,7001,8,80001,True,128,False,100,0.7721464948036827,3.475512211676687,0.4095631982248744,0.36042465201495877,0.8096128236362141,0.6879727044752888,0.795816835372946,2.0268114427381158e-05,11,8,0.16583123951776998,2500,OLS_iid,iid,False,5
3,4,4001,17,170001,True,124,False,100,0.6663488150377282,6.689991936087608,0.47182287672407996,0.425160255872002,1.073997828785414,0.7938216743471058,0.7223233430234466,2.1036092846114687e-05,11,8,0.16583123951776998,2500,OLS_iid,iid,False,5
3,7,7001,4,40001,True,133,False,100,0.5719742453910751,3.66480852663517,0.46686608254768214,0.4276086406213476,0.7633467568568038,0.8404994224010299,0.696260607246258,1.6952934783286404e-05,11,8,0.16583123951776998,2500,OLS_iid,iid,False,5
3,7,7001,12,120001,True,124,False,100,0.8034888015081432,3.422827608883381,0.5459483350675128,0.503245692700431,1.1353356901489309,1.1744903191849374,0.5231232321400058,2.3108657878652887e-05,11,8,0.16583123951776998,2500,OLS_iid,iid,False,5
3,7,7001,18,180001,True,123,False,100,0.635410744224998,3.230762651655823,0.4434588518324277,0.3984973720425585,0.8584443796070578,0.6303603468750473,0.8377913926877354,3.071182694530522e-05,11,8,0.16583123951776998,2500,OLS_iid,iid,False,5
3,7,7001,17,170001,True,125,False,100,0.6663488150377282,3.252968184184283,0.5062163669944407,0.4652335341483704,0.9210931906570419,0.8933316794938003,0.7258741507129296,2.0443148267070365e-05,11,8,0.16583123951776998,2500,OLS_iid,iid,False,5
3,6,6001,9,90001,True,130,False,100,0.8592656279146536,4.939464058727026,0.5996315191737543,0.5808836971874111,1.1413119064136628,1.395699709810364,0.45642234658796044,2.25061354456149e-05,11,8,0.16583123951776998,2500,OLS_iid,iid,False,5
3,5,5001,13,130001,True,126,False,100,0.718445583337366,5.7331796688959,0.5034831899768719,0.467437766290247,0.9432984671879961,0.8081594680027746,0.7711708132230557,1.896286240540254e-05,11,8,0.16583123951776998,2500,OLS_iid,iid,False,5
4,0,1,0,1,True,43,False,100,0.7559997774127204,0.9103999151848257,0.4587763180609283,0.400640108735576,0.819901981946324,0.7654442019667039,0.7817831357633999,0.00444459879682024,11,8,0.16583123951776998,2500,OLS_iid,iid,False,5
3,5,5001,11,110001,True,123,False,100,0.765549815274042,5.893355885054916,0.5583501131738297,0.5285021972653907,0.9556454317214608,1.084770006630604,0.6105166362495793,1.8622355904221214e-05,11,8,0.16583123951776998,2500,OLS_iid,iid,False,5
3,7,7001,25,250001,True,131,False,100,0.7683657815340796,3.39405065914616,0.45737727251434696,0.41513318927653775,0.764440751847746,0.7724211643099553,0.7592922492020847,1.7448886706594617e-05,11,8,0.16583123951776998,2500,OLS_iid,iid,False,5
3,7,7001,19,190001,True,134,False,100,0.8237675591248275,3.5277744070626795,0.5089113057624899,0.4730365692725846,0.845509359140388,1.088913644676691,0.554270798911769,1.8036775060532127e-05,11,8,0.16583123951776998,2500,OLS_iid,iid,False,5
3,7,7001,7,70001,True,140,False,100,0.6817050683873941,3.9826562218368053,0.4450160835399936,0.40216894176090834,0.7852345457661805,0.8049738993408996,0.7342250561138497,1.5871560461230737e-05,11,8,0.16583123951776998,2500,OLS_iid,iid,False,5
3,7,7001,21,210001,True,134,False,100,0.7625517270473368,3.506813788320869,0.5218617149362352,0.4844996108201025,0.9690341320707879,0.9919225663217154,0.6267590002073701,1.7441586765249037e-05,11,8,0.16583123951776998,2500,OLS_iid,iid,False,5
3,7,7001,22,220001,True,134,False,100,0.7067767475795607,3.5002445690333843,0.5796639709544008,0.5495323715074012,0.9630158364193874,1.236382204956149,0.5017989874131432,2.0900901312853182e-05,11,8,0.16583123951776998,2500,OLS_iid,iid,False,5
3,7,7001,24,240001,True,134,False,100,0.6333898579197669,3.472522020805627,0.5670094900110773,0.5363934256007,0.8870073402859515,0.9884115738482495,0.6654602192983594,2.462257953523268e-05,11,8,0.16583123951776998,2500,OLS_iid,iid,False,5
4,0,1,3,30001,True,44,False,100,0.5786780204806588,1.0327611048705876,0.48479841832618603,0.4245851038411567,0.9890654334972023,0.9079536074915012,0.7181489424052819,0.0041459657290565995,11,8,0.16583123951776998,2500,OLS_iid,iid,False,5
4,0,1,4,40001,True,44,False,100,0.5000862478063784,1.0348865021951497,0.5278746577790797,0.48227408004001565,0.9767129047361486,1.1322717912397628,0.697579807300808,0.00432641423672582,11,8,0.16583123951776998,2500,OLS_iid,iid,False,5
3,5,5001,14,140001,True,129,False,100,0.7433479507689166,6.0290124313905835,0.4873185572928322,0.4462257191433315,1.0310586665565558,0.8912705164518124,0.6487331686759327,2.3274700203371055e-05,11,8,0.16583123951776998,2500,OLS_iid,iid,False,5
4,0,1,7,70001,True,44,False,100,0.6817050683873941,1.050270406063646,0.4565173512696082,0.3912875647437184,0.9932987050051947,0.8521648791989472,0.6762787414687693,0.003993584553962947,11,8,0.16583123951776998,2500,OLS_iid,iid,False,5
3,5,5001,22,220001,True,136,False,100,0.7067767475795607,6.04155274387449,0.5624830133938111,0.5193847793000066,1.137308358695648,3.2096920447587136,0.4910230589162025,1.8246524807750884e-05,11,8,0.16583123951776998,2500,OLS_iid,iid,False,5
4,0,1,6,60001,True,40,False,100,0.7099204608581529,1.1870703659951687,0.4481006682379167,0.3858212101057379,1.0841878799276419,1.401263628361591,0.7353606808017021,0.004544243495112413,11,8,0.16583123951776998,2500,OLS_iid,iid,False,5
3,8,8001,16,160001,True,120,False,100,0.676217520476812,2.9599148649722338,0.5748602326417059,0.5495542109857502,0.9847356366421994,1.0785218123502331,0.6164412497880034,3.6878971667183e-05,11,8,0.16583123951776998,2500,OLS_iid,iid,False,5
4,0,1,10,100001,True,44,False,100,0.5149612986828978,1.032760664820671,0.5490836534450507,0.49544088671752584,0.9719490444474223,1.0151177999480399,0.6787464519838133,0.0037669912042507625,11,8,0.16583123951776998,2500,OLS_iid,iid,False,5
3,7,7001,15,150001,True,134,False,100,0.6466714203305812,3.9675039160065353,0.5741355330321138,0.5500608882123158,1.029110999512968,1.1419729443744155,0.5741180006322417,1.996118943254332e-05,11,8,0.16583123951776998,2500,OLS_iid,iid,False,5
3,7,7001,28,280001,True,131,False,100,0.7729573413135521,3.569363028742373,0.6148343416902766,0.6023154175173727,0.91992828402153,1.3152517306218736,0.44616183654939345,1.876039955789246e-05,11,8,0.16583123951776998,2500,OLS_iid,iid,False,5
4,0,1,11,110001,True,43,False,100,0.765549815274042,1.0445167920552194,0.4184848582281525,0.34775291411620884,0.9849064822489266,0.8859656905135036,0.6709702784124104,0.004490222914220938,11,8,0.16583123951776998,2500,OLS_iid,iid,False,5
4,0,1,8,80001,True,47,False,100,0.7721464948036827,1.0860554841347039,0.44174227080433265,0.3843623095449216,0.8287026064597169,0.7633824118734827,0.7709499099469992,0.004319148165412602,11,8,0.16583123951776998,2500,OLS_iid,iid,False,5
3,7,7001,20,200001,True,129,False,100,0.7194904617523997,3.839349253103137,0.46338042657123585,0.42261360944798587,0.8727553661583042,0.7655387465140739,0.768584550130038,2.2661793720007863e-05,11,8,0.16583123951776998,2500,OLS_iid,iid,False,5
4,0,1,9,90001,True,42,False,100,0.8592656279146536,1.135930254124105,0.4714782613548098,0.40713234394586223,0.9640040661698556,0.9545172681224192,0.624762438160986,0.004396704991471973,11,8,0.16583123951776998,2500,OLS_iid,iid,False,5
3,8,8001,4,40001,True,132,False,100,0.5719742453910751,3.3449086537584662,0.4981022130748698,0.46108309634860234,0.8961411675322871,0.9359132432026176,0.6702394773716417,2.0324954989100942e-05,11,8,0.16583123951776998,2500,OLS_iid,iid,False,5
4,0,1,13,130001,True,42,False,100,0.5928446627589771,1.0512692499905825,0.5385651742123623,0.4891616496983758,1.2060352617244807,1.0533528661858989,0.6467503404891511,0.004364535029550645,11,8,0.16583123951776998,2500,OLS_iid,iid,False,5
3,8,8001,8,80001,True,125,False,100,0.7721464948036827,3.3122842558659613,0.5840503289984715,0.5563995220402912,0.9894222767074187,1.0130624395504337,0.7030574668672971,2.6684501428014857e-05,11,8,0.16583123951776998,2500,OLS_iid,iid,False,5
4,0,1,16,160001,True,43,False,100,0.676217520476812,0.9938847259618342,0.5029504780932474,0.4448453013355054,0.9688794741546348,0.8556054673940953,0.7540033279913114,0.004200148155258774,11,8,0.16583123951776998,2500,OLS_iid,iid,False,5
4,0,1,17,170001,True,41,False,100,0.6663488150377282,0.9775958983227611,0.471516107499152,0.4069749660764705,0.9510453238386979,0.859362319163747,0.7240005606818473,0.004701463561542629,11,8,0.16583123951776998,2500,OLS_iid,iid,False,5
4,0,1,15,150001,True,43,False,100,0.6466714203305812,1.0756786181591451,0.506261158454953,0.4501501098049274,0.9872445148847268,1.0267057958266588,0.6223938242041039,0.004459169932011282,11,8,0.16583123951776998,2500,OLS_iid,iid,False,5
3,8,8001,0,1,True,126,False,100,0.7559997774127204,3.569057011976838,0.5166283184726698,0.4712530836682874,0.9478910173230335,1.3394474862765264,0.6917216861190715,1.936486052234906e-05,11,8,0.16583123951776998,2500,OLS_iid,iid,False,5
4,0,1,2,20001,True,49,False,100,0.8223389972643678,1.5164576009847224,0.48515983145771063,0.4272163907993299,1.1623464186749106,1.1451337688099184,0.5520570123413102,0.004897398369059554,11,8,0.16583123951776998,2500,OLS_iid,iid,False,5
3,8,8001,14,140001,True,127,False,100,0.7433479507689166,3.2646000920794904,0.4673854037263038,0.4293162050951515,0.7993445497909909,0.7204674125507774,0.7991563618317743,2.0959855057844862e-05,11,8,0.16583123951776998,2500,OLS_iid,iid,False,5
3,8,8001,12,120001,True,122,False,100,0.8034888015081432,3.381453827023506,0.46409298582670705,0.4158248656491978,0.9395170714498244,0.8560040116513096,0.6582427090177787,2.5052200676551866e-05,11,8,0.16583123951776998,2500,OLS_iid,iid,False,5
3,7,7001,27,270001,True,131,False,100,0.9185182958328538,3.9664019932970405,0.5562750312511769,0.5267788748951276,0.9683702964572103,1.133838606572159,0.5545749668553691,1.585581913147758e-05,11,8,0.16583123951776998,2500,OLS_iid,iid,False,5
3,8,8001,9,90001,True,130,False,100,0.8592656279146536,3.528840301092714,0.5548288313738066,0.5196577824803873,0.9377160855797726,1.0895014837290755,0.5672719960727703,2.0638654560945418e-05,11,8,0.16583123951776998,2500,OLS_iid,iid,False,5
3,8,8001,11,110001,True,126,False,100,0.765549815274042,3.5350602422840893,0.5212783752949242,0.47869119128409615,1.0039745204347028,1.748774966164585,0.6848973097222637,1.835111825122932e-05,11,8,0.16583123951776998,2500,OLS_iid,iid,False,5
3,8,8001,5,50001,True,136,False,100,0.7709298441133979,3.635655297897756,0.5647322752935738,0.5495111549380053,0.9882054247513421,1.1827669496691051,0.5971619103587686,1.1750809913218402e-05,11,8,0.16583123951776998,2500,OLS_iid,iid,False,5
4,0,1,22,220001,True,42,False,100,0.7067767475795607,1.0457294639199972,0.5215107777082052,0.46813625062200115,0.8224566571618497,0.9434531968847703,0.6708008243714124,0.00445427949575175,11,8,0.16583123951776998,2500,OLS_iid,iid,False,5
4,0,1,12,120001,True,45,False,100,0.6925403289409808,1.345989199820906,0.49729843427846393,0.4346451195415985,0.8666931850795637,0.8229024862003573,0.7773818345231537,0.004077133785805857,11,8,0.16583123951776998,2500,OLS_iid,iid,False,5
3,8,8001,18,180001,True,135,False,100,0.635410744224998,3.3547858418896794,0.5170914088304817,0.4815966599516506,0.9115905041309851,0.8188253914509717,0.793429148980373,3.280574533709183e-05,11,8,0.16583123951776998,2500,OLS_iid,iid,False,5
4,0,1,23,230001,True,44,False,100,0.7131776200290234,1.0818803599104285,0.4727883479704279,0.40701416491601566,0.9044911856480075,0.7574272863656978,0.7972979563229716,0.004124220842019076,11,8,0.16583123951776998,2500,OLS_iid,iid,False,5
4,0,1,26,260001,True,41,False,100,0.7800179477656639,1.0688001411035657,0.45974706830112,0.3986942363915999,0.8601935370514336,1.0176633378682207,0.5863315266360687,0.004777877634178483,11,8,0.16583123951776998,2500,OLS_iid,iid,False,5
4,0,1,20,200001,True,47,False,100,0.7194904617523997,1.207863817922771,0.5582679800603572,0.5132778662099574,1.2790297442670382,1.2230032033087184,0.5892080624184267,0.004699047472105735,11,8,0.16583123951776998,2500,OLS_iid,iid,False,5
3,6,6001,7,70001,True,133,False,100,0.6817050683873941,6.162594572175294,0.5460570551557142,0.5032892341182497,0.947128893699862,1.132318371410195,0.5349088873921235,1.6243886723255335e-05,11,8,0.16583123951776998,2500,OLS_iid,iid,False,5
4,0,1,28,280001,True,47,False,100,0.6413464222162905,1.1063280487433076,0.568372976063823,0.524548662348073,1.0631114243917015,1.3307595199569122,0.49580610816436216,0.004554057575302526,11,8,0.16583123951776998,2500,OLS_iid,iid,False,5
3,5,5001,18,180001,True,124,False,100,0.635410744224998,6.783676354214549,0.5056838807830069,0.4652127056924197,1.1047157951193567,0.8273213475108285,0.7750869875608934,3.689710605339918e-05,11,8,0.16583123951776998,2500,OLS_iid,iid,False,5
3,8,8001,17,170001,True,124,False,100,0.6663488150377282,3.5712034478783607,0.39855349857972033,0.35278788531199967,0.67820799792413,0.7163628551926238,0.7738229206709,2.22419824297065e-05,11,8,0.16583123951776998,2500,OLS_iid,iid,False,5
3,8,8001,15,150001,True,132,False,100,0.6466714203305812,3.628413453232497,0.552092399111342,0.5220179147598526,0.9568049342149441,1.1389259132829819,0.5653718589373906,2.1589360363418433e-05,11,8,0.16583123951776998,2500,OLS_iid,iid,False,5
3,4,4001,0,1,True,127,False,100,0.7559997774127204,8.566670699045062,0.6041358670452462,0.5876001657708639,0.997651240676088,1.1107088290735319,0.616357216705461,1.8612924627028186e-05,11,8,0.16583123951776998,2500,OLS_iid,iid,False,5
4,1,1001,5,50001,True,44,False,100,0.7709298441133979,0.9199084960855544,0.47165025577365927,0.41656570855869446,0.9207664776115598,0.9028989037480805,0.6672258822989567,0.004607370817076002,11,8,0.16583123951776998,2500,OLS_iid,iid,False,5
3,9,9001,8,80001,True,127,False,100,0.7721464948036827,2.9790163156576455,0.5755139774016116,0.5533301088585224,1.1473938113003344,1.2101648548773327,0.5003540639117507,2.3990642950818168e-05,11,8,0.16583123951776998,2500,OLS_iid,iid,False,5
3,8,8001,13,130001,True,130,False,100,0.718445583337366,3.7570644137449563,0.5437271326674944,0.5141747363823453,0.9721857441106202,1.1370814984965048,0.5594014046412763,2.0062115813965967e-05,11,8,0.16583123951776998,2500,OLS_iid,iid,False,5
3,8,8001,7,70001,True,134,False,100,0.6817050683873941,3.8652491220273077,0.5181183356255952,0.47733800810463156,1.018253754823954,1.091908768897384,0.5679066821671102,1.6083168653893136e-05,11,8,0.16583123951776998,2500,OLS_iid,iid,False,5
3,9,9001,1,10001,True,131,False,100,0.6766198465255097,3.281538496725261,0.4757805300666963,0.4387305981951177,0.7737794257939205,0.8943252842762613,0.6748364323442928,2.3947665627449084e-05,11,8,0.16583123951776998,2500,OLS_iid,iid,False,5
4,0,1,25,250001,True,46,False,100,0.7683657815340796,1.3312209113501012,0.4803310060053017,0.41160106271892166,0.9996930047756258,0.8930519718698601,0.6914122879976522,0.004450847292554987,11,8,0.16583123951776998,2500,OLS_iid,iid,False,5
4,1,1001,7,70001,True,45,False,100,0.6817050683873941,0.9882649309001863,0.4950176071191863,0.4342313302982579,1.0510203724514027,1.0697796145467129,0.5922577446279345,0.004593690427189749,11,8,0.16583123951776998,2500,OLS_iid,iid,False,5
4,0,1,24,240001,True,52,False,100,0.6333898579197669,1.3843149221502244,0.5776235149589614,0.5288081843330062,1.2594046906705048,1.5815723889473856,0.36753323120997783,0.004558687728395797,11,8,0.16583123951776998,2500,OLS_iid,iid,False,5
3,8,8001,10,100001,True,120,False,100,0.8147646203361788,3.925980874337256,0.5778730186992527,0.5561152606960394,1.1691712183691116,1.055586551080301,0.6819194623681232,4.744476837954942e-05,11,8,0.16583123951776998,2500,OLS_iid,iid,False,5
3,9,9001,0,1,True,124,False,100,0.7559997774127204,3.4055450870655477,0.5632864748813461,0.5340444857142356,1.0013450702396631,1.0194318588235847,0.67834204448576,2.0254646407181826e-05,11,8,0.16583123951776998,2500,OLS_iid,iid,False,5
3,8,8001,2,20001,True,150,False,100,0.8223389972643678,4.052644707262516,0.4623572081420855,0.3990420359337534,1.185498510430955,1.4980681474895938,0.6703293708077551,1.325186037293328e-05,11,8,0.16583123951776998,2500,OLS_iid,iid,False,5
3,8,8001,22,220001,True,130,False,100,0.7067767475795607,3.645950852893293,0.4257642546169322,0.36212328612119254,1.2243892660941564,0.9087928102544744,0.7315834445244518,2.1848810668619183e-05,11,8,0.16583123951776998,2500,OLS_iid,iid,False,5
4,0,1,14,140001,True,48,False,100,0.7433479507689166,1.7265483462251723,0.44545338774731186,0.37624440813847104,0.8032377068906624,0.7304004047884138,0.7806562430830092,0.003952973574849588,11,8,0.16583123951776998,2500,OLS_iid,iid,False,5
4,1,1001,6,60001,True,43,False,100,0.7099204608581529,1.0871435874141753,0.4373010664644965,0.3780499087944582,0.8923192888618329,0.7593157341585446,0.7586582311544445,0.004377556662641674,11,8,0.16583123951776998,2500,OLS_iid,iid,False,5
4,1,1001,2,20001,True,44,False,100,0.8223389972643678,1.1253958200104535,0.48743707172988576,0.4275029548924056,0.8480249869397457,1.0129731008808738,0.5536601896746163,0.004869631274998627,11,8,0.16583123951776998,2500,OLS_iid,iid,False,5
3,8,8001,29,290001,True,135,False,100,0.8035944264947499,3.5229635876603425,0.5173970202690724,0.485334426350912,1.0147008188427091,1.1330435339232607,0.49974573077974815,1.550475847625116e-05,11,8,0.16583123951776998,2500,OLS_iid,iid,False,5
3,9,9001,16,160001,True,117,False,100,0.676217520476812,2.916619413997978,0.4641375203995561,0.41169006904924343,1.0666723490995516,0.7440469012656783,0.7704497399454667,3.666344558795414e-05,11,8,0.16583123951776998,2500,OLS_iid,iid,False,5
4,1,1001,4,40001,True,44,False,100,0.5000862478063784,1.1462346608750522,0.5166537237601028,0.46176535795790064,0.8602244836304043,0.96110964162732,0.6833173404505318,0.00411217616978094,11,8,0.16583123951776998,2500,OLS_iid,iid,False,5
4,0,1,21,210001,True,42,False,100,0.6700804593823679,1.5419617621228099,0.5351425585806177,0.485791910789591,0.9138851330905234,1.0102049194321838,0.6418311158479035,0.004426039262470694,11,8,0.16583123951776998,2500,OLS_iid,iid,False,5
4,1,1001,1,10001,True,42,False,100,0.6766198465255097,1.1564801959320903,0.5303897008459161,0.478204195716188,1.0674049761114284,1.0543424363282308,0.6307172327757574,0.0044573005893084865,11,8,0.16583123951776998,2500,OLS_iid,iid,False,5
3,6,6001,2,20001,True,133,False,100,0.8223389972643678,6.772250514943153,0.4891277738395241,0.43740584208590894,1.2593645682064722,1.4942049738032053,0.6933797525077242,1.279142008732928e-05,11,8,0.16583123951776998,2500,OLS_iid,iid,False,5
4,1,1001,0,1,True,41,False,100,0.7559997774127204,1.2188013391569257,0.5420448789152822,0.4892715469756681,1.0437712189839838,1.1630657052373752,0.5647943752622728,0.004366310236570894,11,8,0.16583123951776998,2500,OLS_iid,iid,False,5
4,1,1001,17,170001,True,40,False,100,0.6663488150377282,0.8979657222516835,0.4802860151334399,0.4244388925574125,0.8689062543566718,1.0814260240291917,0.5312212926498822,0.004616266615185189,11,8,0.16583123951776998,2500,OLS_iid,iid,False,5
4,0,1,1,10001,True,45,False,100,0.6766198465255097,2.2942206198349595,0.5390203204665396,0.4895601665297852,1.2097966749655762,0.9059838560718223,0.7302388424182695,0.0041436978551865405,11,8,0.16583123951776998,2500,OLS_iid,iid,False,5
3,7,7001,29,290001,True,138,False,100,0.8035944264947499,4.447396466042846,0.5221070517973844,0.4930208265103077,1.2962568330129822,1.1558409968959589,0.5348589476691317,1.3662789465183545e-05,11,8,0.16583123951776998,2500,OLS_iid,iid,False,5
3,9,9001,3,30001,True,121,False,100,0.5786780204806588,3.471288319211453,0.451679880715167,0.4151874816498313,0.7072267165088097,0.8213038615886017,0.6795763539762738,3.472473509077136e-05,11,8,0.16583123951776998,2500,OLS_iid,iid,False,5
4,0,1,5,50001,True,42,False,100,0.7709298441133979,2.2147692227736115,0.47129370589093716,0.41665629782279273,0.8418665571391097,1.1345438553406904,0.4554323773076535,0.004824284182562449,11,8,0.16583123951776998,2500,OLS_iid,iid,False,5
4,1,1001,12,120001,True,43,False,100,0.6925403289409808,0.9898018729873002,0.427807593821812,0.3638667033526046,0.8398455686936493,0.824395535011066,0.7126596774153887,0.004071393920002484,11,8,0.16583123951776998,2500,OLS_iid,iid,False,5
4,1,1001,9,90001,True,41,False,100,0.8592656279146536,1.1382603500969708,0.5189715730619993,0.4629195636464159,0.8312607948320587,0.8873192549772425,0.7185170327110624,0.004337667751650508,11,8,0.16583123951776998,2500,OLS_iid,iid,False,5
4,1,1001,3,30001,True,42,False,100,0.5786780204806588,1.2696177940815687,0.5455426577709664,0.4834344414848266,1.0131513782007882,1.7308825385553186,0.5791571936294726,0.004105452179182304,11,8,0.16583123951776998,2500,OLS_iid,iid,False,5
4,1,1001,22,220001,True,40,False,100,0.7067767475795607,0.8406946482136846,0.5708987497360852,0.524198906812949,1.0491831320483707,1.1460207621523224,0.5944670742217962,0.004594380570286864,11,8,0.16583123951776998,2500,OLS_iid,iid,False,5
4,1,1001,28,280001,True,41,False,100,0.6413464222162905,0.7852153028361499,0.510533623097308,0.4605146694164249,1.0087125470335168,0.9604118976417331,0.6590174296835414,0.00440981862876219,11,8,0.16583123951776998,2500,OLS_iid,iid,False,5
3,9,9001,2,20001,True,132,False,100,0.8223389972643678,3.5469316788949072,0.501548902244992,0.4642129130934411,1.044575449396598,0.9482343668955986,0.6888896989499056,1.3589184665968613e-05,11,8,0.16583123951776998,2500,OLS_iid,iid,False,5
4,1,1001,20,200001,True,40,False,100,0.7194904617523997,0.9002427882514894,0.4835890307166862,0.42262367876297907,0.9356609680835435,0.8516494195293832,0.7264954107691063,0.0044666307004334275,11,8,0.16583123951776998,2500,OLS_iid,iid,False,5
4,1,1001,19,190001,True,43,False,100,0.8237675591248275,0.9236974618397653,0.4539968184163803,0.3964249957516379,0.8444182775973099,0.9518758489382882,0.5879225950803147,0.004904855980551204,11,8,0.16583123951776998,2500,OLS_iid,iid,False,5
4,1,1001,21,210001,True,43,False,100,0.6700804593823679,0.9598784679546952,0.5397384570531307,0.48127667810043423,1.0022701708313857,1.326498006435126,0.6424381649662904,0.004283840839643102,11,8,0.16583123951776998,2500,OLS_iid,iid,False,5
4,1,1001,13,130001,True,43,False,100,0.5928446627589771,1.1173233902081847,0.5027385259901781,0.4482250659206654,0.9842408101162641,0.85290997071726,0.7433145023941864,0.004463011697187722,11,8,0.16583123951776998,2500,OLS_iid,iid,False,5
3,5,5001,20,200001,True,133,False,100,0.7194904617523997,7.281471931841224,0.5001652643932645,0.4607303869633508,0.9762425631682875,0.7689928075915806,0.7773488312779931,2.3713919952187035e-05,11,8,0.16583123951776998,2500,OLS_iid,iid,False,5
3,8,8001,21,210001,True,139,False,100,0.7625517270473368,4.006011517718434,0.5374616593416761,0.504899271833274,0.9534416135482509,1.0986316021604767,0.4969637178903121,1.6618738042295484e-05,11,8,0.16583123951776998,2500,OLS_iid,iid,False,5
3,9,9001,20,200001,True,126,False,100,0.7194904617523997,3.027894053142518,0.6047821663849661,0.5845764883421437,0.9634021780154967,1.2480458164177028,0.5352244903247677,2.4373492599828307e-05,11,8,0.16583123951776998,2500,OLS_iid,iid,False,5
4,1,1001,16,160001,True,42,False,100,0.676217520476812,1.140175777953118,0.5565994267270831,0.5055020795835214,1.0026887963015334,1.2149215405804958,0.550034067668426,0.0041046260736306624,11,8,0.16583123951776998,2500,OLS_iid,iid,False,5
4,1,1001,26,260001,True,42,False,100,0.7800179477656639,0.9437792482785881,0.5099559351406024,0.4445138152735154,1.0561518955931393,1.8858087387227658,0.6283335442720855,0.00502828792626778,11,8,0.16583123951776998,2500,OLS_iid,iid,False,5
4,1,1001,25,250001,True,45,False,100,0.7683657815340796,0.965082264970988,0.49736261905519247,0.4291062721943646,0.9634550152558927,0.8759749545377237,0.7110097028178968,0.004727238664729198,11,8,0.16583123951776998,2500,OLS_iid,iid,False,5
3,5,5001,0,1,True,126,False,100,0.7559997774127204,7.910515065304935,0.5987411480833364,0.5806759864044537,0.9739625188764267,1.152936308866936,0.5695088258106464,2.138187024072095e-05,11,8,0.16583123951776998,2500,OLS_iid,iid,False,5
3,8,8001,23,230001,True,128,False,100,0.7131776200290234,3.9936578441411257,0.5168103117286703,0.4724470599558318,0.9470251895829378,1.039480527125502,0.6058165776979108,1.822618126262974e-05,11,8,0.16583123951776998,2500,OLS_iid,iid,False,5
3,7,7001,16,160001,True,117,False,100,0.676217520476812,5.153647198807448,0.5210507718136564,0.4827444891962196,0.9406374830746282,0.9112253968636109,0.7694633869386222,3.759099315518641e-05,11,8,0.16583123951776998,2500,OLS_iid,iid,False,5
4,1,1001,14,140001,True,43,False,100,0.7433479507689166,1.249233630951494,0.5436689430760084,0.4892770441430124,0.905955483973137,1.5687704306311934,0.6095964073765269,0.004445610988102801,11,8,0.16583123951776998,2500,OLS_iid,iid,False,5
3,9,9001,23,230001,True,129,False,100,0.7131776200290234,3.085784113034606,0.4771979534685878,0.42558689412614326,1.1878599271729764,0.884497177596711,0.7016095119671169,1.8067669951706465e-05,11,8,0.16583123951776998,2500,OLS_iid,iid,False,5
3,9,9001,5,50001,True,133,False,100,0.7709298441133979,3.659250081051141,0.4983744177267,0.46169126472622996,1.041881989255314,1.0915557329455794,0.5287187675561719,1.0180537846072908e-05,11,8,0.16583123951776998,2500,OLS_iid,iid,False,5
3,9,9001,21,210001,True,132,False,100,0.7625517270473368,3.1641881661489606,0.5601235877139883,0.5342612535459685,1.1317920069979872,1.292123656879514,0.4779987960379798,1.697620558436555e-05,11,8,0.16583123951776998,2500,OLS_iid,iid,False,5
4,1,1001,8,80001,True,43,False,100,0.7721464948036827,1.4840696416795254,0.4774429286069198,0.41660704555440004,1.031351973631596,0.8353549582979022,0.7745204896497402,0.00427690384934184,11,8,0.16583123951776998,2500,OLS_iid,iid,False,5
4,1,1001,29,290001,True,45,False,100,0.8035944264947499,1.0062407096847892,0.4166321471889082,0.3665349263413353,0.6413397782601457,0.7418388818442192,0.7831553741808548,0.004688420850887098,11,8,0.16583123951776998,2500,OLS_iid,iid,False,5
4,2,2001,6,60001,True,42,False,100,0.7099204608581529,0.9111807309091091,0.489884570075828,0.4316213417530231,0.8708966088408338,1.1334673073811197,0.5232427509740255,0.0044971066501790415,11,8,0.16583123951776998,2500,OLS_iid,iid,False,5
4,1,1001,24,240001,True,43,False,100,0.6333898579197669,1.1470955852419138,0.4545875789174837,0.3884066184846461,1.4170973805400708,1.1821952465501788,0.6829898361370544,0.0047757312750528955,11,8,0.16583123951776998,2500,OLS_iid,iid,False,5
4,1,1001,15,150001,True,51,False,100,0.6466714203305812,1.3315727300941944,0.527151783926847,0.47487805907210795,0.9098771418939646,11.036479429822643,0.6263903006012876,0.00494572751926283,11,8,0.16583123951776998,2500,OLS_iid,iid,False,5
4,1,1001,23,230001,True,43,False,100,0.7131776200290234,1.1527044400572777,0.5013707992864024,0.44061430815202657,0.9642968185166373,1.0001019265629918,0.6211766714656923,0.004321822947033648,11,8,0.16583123951776998,2500,OLS_iid,iid,False,5
4,2,2001,2,20001,True,43,False,100,0.8223389972643678,0.9798637540079653,0.4153059613123671,0.35171128472377994,0.7137334051570512,0.7846380509635805,0.7463689907114294,0.0049194709771984155,11,8,0.16583123951776998,2500,OLS_iid,iid,False,5
3,9,9001,9,90001,True,128,False,100,0.8592656279146536,3.6544759199023247,0.5309808936263112,0.4947728773420004,1.1535746356681766,0.8864627501396332,0.7098043540912387,2.2122793568682354e-05,11,8,0.16583123951776998,2500,OLS_iid,iid,False,5
3,6,6001,23,230001,True,139,False,100,0.7131776200290234,6.307180553674698,0.5542427555863964,0.5251500880058446,1.076916159972333,1.00640973565597,0.6168973205795393,1.8083696762468173e-05,11,8,0.16583123951776998,2500,OLS_iid,iid,False,5
3,8,8001,28,280001,True,130,False,100,0.7729573413135521,4.086594746913761,0.5101061831617087,0.47464549292034114,0.9563972186368845,0.9814472968059699,0.6387739696907028,1.74494610370969e-05,11,8,0.16583123951776998,2500,OLS_iid,iid,False,5
4,2,2001,3,30001,True,42,False,100,0.5786780204806588,1.0204296708106995,0.5320101676880502,0.48308898429880426,0.9899707637149303,1.0340572777005281,0.6576930997273048,0.004232664120603688,11,8,0.16583123951776998,2500,OLS_iid,iid,False,5
3,9,9001,6,60001,True,132,False,100,0.7099204608581529,3.81670646276325,0.44180514480507116,0.39004767524604583,0.769908909491602,0.934076209294872,0.6195747431502315,1.3442100599197624e-05,11,8,0.16583123951776998,2500,OLS_iid,iid,False,5
4,2,2001,4,40001,True,46,False,100,0.5000862478063784,1.0380051219835877,0.5374367572777595,0.48881072342562604,1.0239278982225892,1.0237630317616961,0.6705509115181066,0.004076909905440803,11,8,0.16583123951776998,2500,OLS_iid,iid,False,5
4,2,2001,1,10001,True,44,False,100,0.6766198465255097,1.0607475419528782,0.43358261030567763,0.3717246469591045,1.0503926025317378,0.6529771594086168,0.8242129575559504,0.0041838355638398736,11,8,0.16583123951776998,2500,OLS_iid,iid,False,5
4,2,2001,11,110001,True,44,False,100,0.765549815274042,0.832025061827153,0.5244356132549333,0.4790212289003744,1.015152677148672,1.132440116625863,0.5209856958401285,0.004591229373302075,11,8,0.16583123951776998,2500,OLS_iid,iid,False,5
4,2,2001,5,50001,True,43,False,100,0.7709298441133979,1.0841097859665751,0.46499663304966793,0.4056583132910445,1.0720158066553136,0.9190354452683922,0.6662674813701719,0.004741736810812903,11,8,0.16583123951776998,2500,OLS_iid,iid,False,5
3,9,9001,17,170001,True,127,False,100,0.6663488150377282,3.4868234018795192,0.5182516740374176,0.4799938987455315,0.9421249366916071,0.927630092006166,0.6918842316846111,1.9738099125245995e-05,11,8,0.16583123951776998,2500,OLS_iid,iid,False,5
4,0,1,27,270001,True,42,False,100,0.9185182958328538,2.0372004257515073,0.458029498615578,0.40248139856663007,0.8481819196283664,0.9300680395054136,0.6790793392361076,0.004722461522292602,11,8,0.16583123951776998,2500,OLS_iid,iid,False,5
4,2,2001,20,200001,True,43,False,100,0.7194904617523997,0.8335038931109011,0.5473586539178366,0.49779770656662703,1.0711298720249551,0.980801647924015,0.6626973132824103,0.00467254346808806,11,8,0.16583123951776998,2500,OLS_iid,iid,False,5
3,6,6001,3,30001,True,122,False,100,0.5786780204806588,7.413656961172819,0.5297293453256104,0.493429196577693,0.9301786146749187,0.8948084522007368,0.7316604017621116,2.92007185242097e-05,11,8,0.16583123951776998,2500,OLS_iid,iid,False,5
4,2,2001,13,130001,True,41,False,100,0.5928446627589771,0.9345634751953185,0.5872277636677407,0.541415285810421,0.9972721321620535,1.1149377368981348,0.6795789134383579,0.00422280222920979,11,8,0.16583123951776998,2500,OLS_iid,iid,False,5
4,2,2001,9,90001,True,45,False,100,0.8592656279146536,1.054540349636227,0.4795826040094061,0.4198371339417521,0.8415330820781719,0.9356017853638309,0.6558340991292805,0.0043888019935724035,11,8,0.16583123951776998,2500,OLS_iid,iid,False,5
4,2,2001,17,170001,True,44,False,100,0.6663488150377282,0.9028024920262396,0.4976117692788819,0.44202338459056245,1.161136705021138,2.0340139018463916,0.42182394967054077,0.004733749331460666,11,8,0.16583123951776998,2500,OLS_iid,iid,False,5
3,8,8001,27,270001,True,129,False,100,0.9185182958328538,4.30191982910037,0.4218068089806759,0.38244915867336127,0.73972736676937,0.8153725198649505,0.7252481255121921,1.5730060415616297e-05,11,8,0.16583123951776998,2500,OLS_iid,iid,False,5
4,2,2001,7,70001,True,41,False,100,0.6817050683873941,1.2067387541756034,0.544051527577906,0.4923453870867465,1.0279720705727635,1.2540457459412158,0.4520420968776118,0.004422158221062904,11,8,0.16583123951776998,2500,OLS_iid,iid,False,5
4,2,2001,19,190001,True,44,False,100,0.8237675591248275,0.9338210998103023,0.48100355353219154,0.4249742310161373,0.9726306669193148,0.9957026786663071,0.5749375921915575,0.00487610945652335,11,8,0.16583123951776998,2500,OLS_iid,iid,False,5
4,2,2001,16,160001,True,43,False,100,0.676217520476812,0.9913310832343996,0.574470709369352,0.525095276843509,1.0238952467921092,1.108761853705575,0.6505043157432369,0.00402461669896072,11,8,0.16583123951776998,2500,OLS_iid,iid,False,5
3,8,8001,3,30001,True,123,False,100,0.5786780204806588,4.9317274782806635,0.5505563590779796,0.5209950725627975,1.099475872056674,1.1104397064097598,0.6009511722658533,3.2437756129866444e-05,11,8,0.16583123951776998,2500,OLS_iid,iid,False,5
3,5,5001,26,260001,True,137,False,100,0.7800179477656639,7.7053846889175475,0.5548089633562332,0.5245696031013997,0.9131800923191634,1.121735623475344,0.5392279675152917,1.379123428925473e-05,11,8,0.16583123951776998,2500,OLS_iid,iid,False,5
3,4,4001,15,150001,True,140,False,100,0.6466714203305812,9.11040853196755,0.45804957723898343,0.4018174873439829,0.7829403940808012,1.0150614384251397,0.7097410656981955,1.7786645050767685e-05,11,8,0.16583123951776998,2500,OLS_iid,iid,False,5
4,2,2001,18,180001,True,45,False,100,0.635410744224998,1.0165918059647083,0.49566467777885137,0.43364157619915694,0.9803319587245674,1.4878359812001067,0.6706472301038673,0.004189234216957653,11,8,0.16583123951776998,2500,OLS_iid,iid,False,5
3,8,8001,19,190001,True,130,False,100,0.8237675591248275,4.638573477976024,0.4916469351843481,0.44530435854931766,0.8449209532369663,1.1168569455285944,0.492219939944394,1.6810743995120882e-05,11,8,0.16583123951776998,2500,OLS_iid,iid,False,5
4,2,2001,21,210001,True,41,False,100,0.6700804593823679,1.0152584230527282,0.5049959276190334,0.4478329347837709,0.9244375577074333,0.9445856210966568,0.6675265853619629,0.004494441736233558,11,8,0.16583123951776998,2500,OLS_iid,iid,False,5
3,9,9001,15,150001,True,134,False,100,0.6466714203305812,3.810772609896958,0.5129477430723224,0.47042175027558053,1.004156432878339,0.9126506396321938,0.692354559226324,1.8104591027233364e-05,11,8,0.16583123951776998,2500,OLS_iid,iid,False,5
4,3,3001,19,190001,True,42,False,100,0.8237675591248275,0.7707230630330741,0.4546764047033479,0.39645112890433176,0.9990166357299113,0.7835839663645215,0.7401378322853966,0.005056237709748993,11,8,0.16583123951776998,2500,OLS_iid,iid,False,5
4,2,2001,22,220001,True,48,False,100,0.7067767475795607,1.0259094182401896,0.42380132255602604,0.3627181744141476,0.8012189508301156,0.8583865379152252,0.6538843324473291,0.004135802691480345,11,8,0.16583123951776998,2500,OLS_iid,iid,False,5
4,2,2001,23,230001,True,46,False,100,0.7131776200290234,1.0279551851563156,0.47070229414061227,0.40609586664171,0.976848117746293,0.8656184030961545,0.7570815642185416,0.004266702149260718,11,8,0.16583123951776998,2500,OLS_iid,iid,False,5
4,3,3001,1,10001,True,45,False,100,0.6766198465255097,0.952758442144841,0.4109838642150806,0.3460310226930425,0.7787299920020996,0.8145957194013088,0.6674592716822355,0.004108016722909636,11,8,0.16583123951776998,2500,OLS_iid,iid,False,5
3,9,9001,24,240001,True,132,False,100,0.6333898579197669,3.636961888987571,0.5133804140966304,0.4720913178633028,1.0185557843248607,0.9068065755612775,0.6756252470432788,2.2347448462988196e-05,11,8,0.16583123951776998,2500,OLS_iid,iid,False,5
3,9,9001,14,140001,True,131,False,100,0.7433479507689166,3.930642005056143,0.5464206803463074,0.5170044825724172,1.091692730406609,1.1342639008665973,0.6498716140443277,2.147300458316664e-05,11,8,0.16583123951776998,2500,OLS_iid,iid,False,5
4,2,2001,26,260001,True,43,False,100,0.7800179477656639,1.0135636939667165,0.49239834610661865,0.4369641550888763,1.0223502906455766,1.5759355948759484,0.6822924540460111,0.0048599253896182614,11,8,0.16583123951776998,2500,OLS_iid,iid,False,5
3,9,9001,26,260001,True,130,False,100,0.7800179477656639,3.3410203382372856,0.4981424788797329,0.4591162106143644,0.7894803309486227,0.9933026906657255,0.6034146756823279,1.608384758820506e-05,11,8,0.16583123951776998,2500,OLS_iid,iid,False,5
4,2,2001,25,250001,True,44,False,100,0.7683657815340796,1.0560772097669542,0.4206509196598009,0.35201573016058146,0.8640527747700649,0.8983712617443113,0.6214265182464589,0.004683058068675204,11,8,0.16583123951776998,2500,OLS_iid,iid,False,5
4,2,2001,27,270001,True,42,False,100,0.9185182958328538,1.0029193102382123,0.4692350184549231,0.4098720318967011,1.2816583111764985,0.9376865453092323,0.7296622965621257,0.004532006095380606,11,8,0.16583123951776998,2500,OLS_iid,iid,False,5
4,3,3001,8,80001,True,43,False,100,0.7721464948036827,0.9300612430088222,0.5097736714022487,0.454728323225214,0.9805190041260959,0.9241721831657654,0.6875132195893038,0.004522304020373842,11,8,0.16583123951776998,2500,OLS_iid,iid,False,5
4,2,2001,14,140001,True,43,False,100,0.7433479507689166,1.2222825377248228,0.4771766974091795,0.41389413869613917,1.1809598600926656,0.7177971727893638,0.8160609949138441,0.00410665957401215,11,8,0.16583123951776998,2500,OLS_iid,iid,False,5
4,3,3001,16,160001,True,43,False,100,0.676217520476812,0.8754193619824946,0.5830229220808019,0.5367786248057154,1.0577751412446685,1.2208866752211043,0.5859935375864486,0.004075276979201686,11,8,0.16583123951776998,2500,OLS_iid,iid,False,5
4,3,3001,3,30001,True,44,False,100,0.5786780204806588,0.990735026076436,0.49632372106146977,0.4409634864831201,0.8727935252532577,0.8613971602031842,0.756807812511144,0.004057535502859081,11,8,0.16583123951776998,2500,OLS_iid,iid,False,5
4,3,3001,0,1,True,44,False,100,0.7559997774127204,1.039104615803808,0.44996080739851935,0.3806334104611983,1.047255026087774,0.7241581203497656,0.7951457105952137,0.004203460840173009,11,8,0.16583123951776998,2500,OLS_iid,iid,False,5
3,7,7001,13,130001,True,127,False,100,0.718445583337366,5.96061803586781,0.5087418862412736,0.46307344601214045,1.0295531921380996,1.0647955366140711,0.5593456483421149,2.0788352727540174e-05,11,8,0.16583123951776998,2500,OLS_iid,iid,False,5
4,3,3001,11,110001,True,42,False,100,0.765549815274042,0.9645277191884816,0.46965465389162087,0.40755373932160366,1.0811844015244991,0.9611876471718575,0.5902201074767162,0.0046635778201515815,11,8,0.16583123951776998,2500,OLS_iid,iid,False,5
4,3,3001,7,70001,True,42,False,100,0.6817050683873941,1.0153417829424143,0.5373650874820683,0.4850886562910357,0.9159358182712484,1.0381950893059009,0.6255953713100281,0.004369957879471245,11,8,0.16583123951776998,2500,OLS_iid,iid,False,5
4,3,3001,14,140001,True,44,False,100,0.7433479507689166,0.9451792002655566,0.4903414050235027,0.42369347437853694,1.1177138434835574,0.8582211791283817,0.7548720816191172,0.004160829636159869,11,8,0.16583123951776998,2500,OLS_iid,iid,False,5
4,3,3001,4,40001,True,44,False,100,0.5000862478063784,1.0699805640615523,0.4159845677711819,0.37311861838496335,1.0360035448674303,0.7521505772985997,0.790924387040242,0.004307474336790064,11,8,0.16583123951776998,2500,OLS_iid,iid,False,5
3,9,9001,29,290001,True,136,False,100,0.8035944264947499,3.4146750797517598,0.4868092948809719,0.43976468280810704,1.1959197277254459,0.9691425784925243,0.6534119699350827,1.4140465087059095e-05,11,8,0.16583123951776998,2500,OLS_iid,iid,False,5
4,3,3001,5,50001,True,45,False,100,0.7709298441133979,1.078678000252694,0.41599488847009614,0.3651748640120049,0.8052944253401565,1.0053803940549437,0.518321239771509,0.004595619648300579,11,8,0.16583123951776998,2500,OLS_iid,iid,False,5
4,0,1,19,190001,True,41,False,100,0.8237675591248275,2.6722488808445632,0.44769782300800137,0.39229109606444384,0.9918791485734635,0.852348705088936,0.6920070336678682,0.004582031454270462,11,8,0.16583123951776998,2500,OLS_iid,iid,False,5
4,3,3001,2,20001,True,47,False,100,0.8223389972643678,1.0939564350992441,0.4601867646768383,0.39951585621545915,0.8244557779104943,1.0110836315956988,0.5941300394990596,0.004822311441545388,11,8,0.16583123951776998,2500,OLS_iid,iid,False,5
4,3,3001,17,170001,True,46,False,100,0.6663488150377282,0.9839291977696121,0.4333928772948614,0.3568401967769321,1.0340911744074386,0.9429131600603983,0.6587441710369062,0.004549181174698993,11,8,0.16583123951776998,2500,OLS_iid,iid,False,5
4,3,3001,10,100001,True,44,False,100,0.5149612986828978,1.051334099844098,0.5405545240940106,0.49185893901248917,1.2201741398643957,1.0198575173548978,0.7090228236017154,0.00394109844507529,11,8,0.16583123951776998,2500,OLS_iid,iid,False,5
4,2,2001,28,280001,True,52,False,100,0.6413464222162905,1.1532928058877587,0.5297608234910126,0.48327086603011915,1.1177717995750125,1.086553784202979,0.6218842491113293,0.0041861979040439465,11,8,0.16583123951776998,2500,OLS_iid,iid,False,5
4,3,3001,13,130001,True,45,False,100,0.5928446627589771,1.0161605081520975,0.520387464324283,0.4676554546116085,0.8682341730592869,0.9223946386664222,0.717592527938718,0.00440323386033329,11,8,0.16583123951776998,2500,OLS_iid,iid,False,5
4,3,3001,22,220001,True,41,False,100,0.7067767475795607,0.8884870619513094,0.48641881293157413,0.4239164001610203,0.9643479734487012,0.9668272822081067,0.6402905112758074,0.004495648048982404,11,8,0.16583123951776998,2500,OLS_iid,iid,False,5
4,3,3001,15,150001,True,44,False,100,0.6466714203305812,1.0179496770724654,0.5550662212855797,0.5080257692046805,0.9233722545919179,1.1053558528997025,0.6078731952802408,0.004640511277874005,11,8,0.16583123951776998,2500,OLS_iid,iid,False,5
4,3,3001,28,280001,True,45,False,100,0.6413464222162905,0.8507849560119212,0.4898324804798604,0.44013562500634057,0.8552332320622913,0.8439079442539325,0.736018449096281,0.004641270392073902,11,8,0.16583123951776998,2500,OLS_iid,iid,False,5
4,3,3001,20,200001,True,49,False,100,0.7194904617523997,1.0314589543268085,0.5173104004425579,0.46490321691877495,1.0892668634720555,1.435311987187431,0.6249333304509077,0.004792551385024115,11,8,0.16583123951776998,2500,OLS_iid,iid,False,5
4,3,3001,18,180001,True,43,False,100,0.635410744224998,1.040106569416821,0.48422739219006355,0.4215306636650229,0.9641974297338498,0.9433924520180338,0.6724593629999193,0.004569726344095198,11,8,0.16583123951776998,2500,OLS_iid,iid,False,5
3,9,9001,25,250001,True,129,False,100,0.7683657815340796,3.8724301867187023,0.4681025076542106,0.4110163613034267,0.870185048814535,0.9534317593941242,0.6093219292857757,1.919217117343051e-05,11,8,0.16583123951776998,2500,OLS_iid,iid,False,5
4,0,1,29,290001,True,44,False,100,0.8035944264947499,2.4507094169966877,0.4447906217512551,0.38910634056983595,0.8955363630920925,0.7677298283160512,0.7592361827421713,0.0047175731936697305,11,8,0.16583123951776998,2500,OLS_iid,iid,False,5
4,3,3001,25,250001,True,49,False,100,0.7683657815340796,0.954122363589704,0.46868200603983173,0.3977737848759293,0.9025711033275543,0.965440039443088,0.6229431876469886,0.004664138301663225,11,8,0.16583123951776998,2500,OLS_iid,iid,False,5
4,2,2001,29,290001,True,43,False,100,0.8035944264947499,1.2461829390376806,0.45442543291709503,0.39918987874621076,0.9457730755209282,0.8634619297943359,0.6480788421875039,0.004492587323435579,11,8,0.16583123951776998,2500,OLS_iid,iid,False,5
4,1,1001,27,270001,True,43,False,100,0.9185182958328538,1.89177759969607,0.31878110852411023,0.25467398727824636,0.6575448695209125,0.4905207365640921,0.8769290827105233,0.004553973939403762,11,8,0.16583123951776998,2500,OLS_iid,iid,False,5
4,1,1001,11,110001,True,45,False,100,0.765549815274042,2.1724415561184287,0.5132000097104132,0.45393170179927456,0.9432689355494955,1.1572021152374052,0.4471722970193767,0.004531555988457043,11,8,0.16583123951776998,2500,OLS_iid,iid,False,5
4,3,3001,24,240001,True,47,False,100,0.6333898579197669,1.0198751646094024,0.49997948521717317,0.4385039160556221,0.9236408223902646,0.8847635646832861,0.6981462248532694,0.0050244144753139154,11,8,0.16583123951776998,2500,OLS_iid,iid,False,5
4,4,4001,0,1,True,41,False,100,0.7559997774127204,0.966002220287919,0.5314507511331974,0.47627435542972824,0.9126997550096948,1.0141072538230058,0.6582002512854485,0.0044972688324293455,11,8,0.16583123951776998,2500,OLS_iid,iid,False,5
4,1,1001,10,100001,True,43,False,100,0.5149612986828978,2.2321746861562133,0.5281971431720798,0.4761915778412837,0.9490267919648379,0.9346416214767778,0.7126559040734083,0.004108310654390089,11,8,0.16583123951776998,2500,OLS_iid,iid,False,5
4,3,3001,26,260001,True,44,False,100,0.7800179477656639,1.0293721458874643,0.5296435078997073,0.4718826042096824,1.0777983737717163,1.2210067919646173,0.5049079518058933,0.004606942896794455,11,8,0.16583123951776998,2500,OLS_iid,iid,False,5
4,3,3001,27,270001,True,43,False,100,0.9185182958328538,1.0373655771836638,0.4973683365638459,0.44426881265355184,1.0744078020597454,1.5756594672150648,0.6107598892427211,0.004516483670225569,11,8,0.16583123951776998,2500,OLS_iid,iid,False,5
4,4,4001,3,30001,True,44,False,100,0.5786780204806588,0.9481051210314035,0.46935490519760714,0.41230233375537373,0.9224816917613586,0.7939256373298258,0.7610040124364407,0.00404823199441625,11,8,0.16583123951776998,2500,OLS_iid,iid,False,5
4,4,4001,4,40001,True,42,False,100,0.5000862478063784,0.9810012159869075,0.5240688118414814,0.468957006675862,1.1882080680052152,1.1417491439720462,0.6010527036768089,0.004065141544881928,11,8,0.16583123951776998,2500,OLS_iid,iid,False,5
4,4,4001,7,70001,True,40,False,100,0.6817050683873941,0.9406248372979462,0.48048991117723605,0.40869612426595464,0.9794753182599792,0.8967921573364784,0.7096071292603139,0.004324921397930447,11,8,0.16583123951776998,2500,OLS_iid,iid,False,5
4,4,4001,5,50001,True,43,False,100,0.7709298441133979,0.9887565379031003,0.44674015000553724,0.3907202166315456,0.7392207284403101,0.9259881474279545,0.6310254461819653,0.004580579952757056,11,8,0.16583123951776998,2500,OLS_iid,iid,False,5
3,7,7001,14,140001,True,125,False,100,0.7433479507689166,6.301185340620577,0.5184472637973963,0.48023074778020336,1.0630924377895774,0.9598069023349917,0.6975267006814454,2.0952667165326377e-05,11,8,0.16583123951776998,2500,OLS_iid,iid,False,5
3,6,6001,13,130001,True,129,False,100,0.718445583337366,7.5597979431040585,0.5468985002832077,0.5123228013195843,0.8847667259803125,1.1268555116403278,0.5220071681432652,2.104518505464782e-05,11,8,0.16583123951776998,2500,OLS_iid,iid,False,5
4,4,4001,8,80001,True,42,False,100,0.7721464948036827,0.9657914307899773,0.5308003534233572,0.47343755600350496,1.0839952389891314,1.0650868464984966,0.6514896220581873,0.004236619678754707,11,8,0.16583123951776998,2500,OLS_iid,iid,False,5
4,4,4001,10,100001,True,42,False,100,0.5149612986828978,0.9788976591080427,0.555479899226995,0.5049840682768157,1.073308215733379,1.0866716507715186,0.6640980134879596,0.00388615402214106,11,8,0.16583123951776998,2500,OLS_iid,iid,False,5
4,4,4001,12,120001,True,42,False,100,0.6925403289409808,0.9465910401195288,0.508323282600644,0.45403620799067945,1.2203695938278745,1.0764819887120098,0.6067150295501728,0.004286858828618882,11,8,0.16583123951776998,2500,OLS_iid,iid,False,5
3,5,5001,23,230001,True,129,False,100,0.7131776200290234,8.443423074204475,0.555570855676556,0.5175753144032215,0.9337257447516237,1.1145783085051306,0.5270935152415206,2.1528808948683262e-05,11,8,0.16583123951776998,2500,OLS_iid,iid,False,5
3,6,6001,26,260001,True,129,False,100,0.7800179477656639,7.108278638217598,0.41152344290861337,0.35512240457696165,0.8333287931598108,0.7237151062908034,0.7747020422180314,1.3248867837023331e-05,11,8,0.16583123951776998,2500,OLS_iid,iid,False,5
4,4,4001,2,20001,True,45,False,100,0.8223389972643678,1.1517726560123265,0.3758495327442544,0.3112515131739026,0.8257805613061767,0.7761731236807258,0.7457261696342797,0.004666120381518506,11,8,0.16583123951776998,2500,OLS_iid,iid,False,5
4,4,4001,13,130001,True,43,False,100,0.5928446627589771,0.9975876132957637,0.5118719354918393,0.4542841350151763,1.0054497889645704,1.2399073654071333,0.5925215522048688,0.004393097637405501,11,8,0.16583123951776998,2500,OLS_iid,iid,False,5
4,4,4001,28,280001,True,41,False,100,0.6413464222162905,0.8293874291703105,0.531368848730625,0.4702276053341326,0.9925638599742564,1.7458952796809875,0.6041550851553759,0.0043778863666853,11,8,0.16583123951776998,2500,OLS_iid,iid,False,5
4,4,4001,6,60001,True,39,False,100,0.7099204608581529,1.1184174232184887,0.40767121602861556,0.35306452467793065,0.6992200515244158,0.8717747344630661,0.625476557892366,0.004564215602379708,11,8,0.16583123951776998,2500,OLS_iid,iid,False,5
4,4,4001,18,180001,True,42,False,100,0.635410744224998,0.9912746520712972,0.5529395433279631,0.5008865437660858,0.9819100746748911,1.026940417979296,0.668459685960381,0.0039479357525030526,11,8,0.16583123951776998,2500,OLS_iid,iid,False,5
4,2,2001,12,120001,True,42,False,100,0.6925403289409808,1.8189306920394301,0.5163733830710321,0.4563210093264301,0.9772918910561578,1.1228976940293476,0.586684491753452,0.004104416609977995,11,8,0.16583123951776998,2500,OLS_iid,iid,False,5
3,7,7001,1,10001,True,126,False,100,0.6766198465255097,6.835923729930073,0.5336486462759166,0.5037381497289771,0.9421944339856427,0.9541605592279045,0.6808023299618315,2.4147284692114092e-05,11,8,0.16583123951776998,2500,OLS_iid,iid,False,5
4,4,4001,15,150001,True,42,False,100,0.6466714203305812,1.0288822390139103,0.5105122398955483,0.45859081684308944,0.8496033809983046,0.9330911390593198,0.6904592170787333,0.004642437069471012,11,8,0.16583123951776998,2500,OLS_iid,iid,False,5
4,4,4001,21,210001,True,43,False,100,0.6700804593823679,0.951323180925101,0.43871405964571214,0.38460237496981015,0.8527147733698033,0.7212451581242497,0.7798710291422906,0.0041524588787379855,11,8,0.16583123951776998,2500,OLS_iid,iid,False,5
4,4,4001,20,200001,True,48,False,100,0.7194904617523997,1.0264026150107384,0.4846092906130803,0.4287216868209184,0.7823378884661147,0.8364669308589668,0.7137141191262267,0.00440579389750472,11,8,0.16583123951776998,2500,OLS_iid,iid,False,5
4,4,4001,17,170001,True,43,False,100,0.6663488150377282,1.0559454010799527,0.5317610437534043,0.4745401947886773,1.0655199487424114,0.936557613130353,0.718717145979042,0.004689529239689167,11,8,0.16583123951776998,2500,OLS_iid,iid,False,5
4,4,4001,9,90001,True,45,False,100,0.8592656279146536,1.1509002223610878,0.470437043433354,0.40575871241180245,0.9430385893320202,0.9141652487084443,0.6164044177236896,0.004309873411708823,11,8,0.16583123951776998,2500,OLS_iid,iid,False,5
4,4,4001,24,240001,True,48,False,100,0.6333898579197669,0.9769185921177268,0.4527606330498154,0.3855429888313113,0.9605181637627513,0.8400218271257401,0.692651389913756,0.004851204021550202,11,8,0.16583123951776998,2500,OLS_iid,iid,False,5
4,4,4001,19,190001,True,43,False,100,0.8237675591248275,1.096493449062109,0.4738562203912437,0.42121173714562654,0.8467968305599172,1.0059589158010418,0.5996304124184294,0.0049165136012950745,11,8,0.16583123951776998,2500,OLS_iid,iid,False,5
4,4,4001,11,110001,True,40,False,100,0.765549815274042,1.180567707400769,0.44988662709703064,0.3856612698504693,0.8798780000593005,0.7488116634877083,0.7976076156023072,0.004638318502201724,11,8,0.16583123951776998,2500,OLS_iid,iid,False,5
3,8,8001,1,10001,True,135,False,100,0.6766198465255097,5.886952965054661,0.5893637539363813,0.5733375057197146,1.2814298586767707,1.0552724863930205,0.6017467275261069,3.546831001254584e-05,11,8,0.16583123951776998,2500,OLS_iid,iid,False,5
4,3,3001,21,210001,True,48,False,100,0.6700804593823679,1.476957246195525,0.33744939805090124,0.28437536294406235,0.7240962877282631,0.566069658014184,0.8613855665138951,0.004327691195001293,11,8,0.16583123951776998,2500,OLS_iid,iid,False,5
4,4,4001,16,160001,True,43,False,100,0.676217520476812,1.1445712796412408,0.5382317355401566,0.4903134242412031,1.3342587767190408,1.2576165566080466,0.649096532377356,0.00411833603082907,11,8,0.16583123951776998,2500,OLS_iid,iid,False,5
4,4,4001,29,290001,True,45,False,100,0.8035944264947499,0.9602851150557399,0.4829471675612836,0.4337494109107711,1.2577440916431135,1.0831508937980547,0.5613327853016331,0.004620335262368983,11,8,0.16583123951776998,2500,OLS_iid,iid,False,5
4,5,5001,1,10001,True,42,False,100,0.6766198465255097,0.9456344163045287,0.42801426983192414,0.3633745769760608,0.8137048352403544,0.7368862436732545,0.7877563102896069,0.004300979354727545,11,8,0.16583123951776998,2500,OLS_iid,iid,False,5
4,5,5001,0,1,True,43,False,100,0.7559997774127204,0.9677666486240923,0.4746607213904315,0.41719687225061985,0.9112590095081737,0.7958093755762857,0.7702398436542873,0.004289731232121767,11,8,0.16583123951776998,2500,OLS_iid,iid,False,5
4,4,4001,23,230001,True,44,False,100,0.7131776200290234,1.0583565360866487,0.5664840731026953,0.5178126518949859,1.0537265855398776,1.0653975944744911,0.6410881076791354,0.003922685541383755,11,8,0.16583123951776998,2500,OLS_iid,iid,False,5
4,5,5001,6,60001,True,41,False,100,0.7099204608581529,0.9121600748039782,0.48231626435800823,0.42615815290502046,0.8103592337810485,0.986860632001696,0.5833903651160178,0.00450126456899365,11,8,0.16583123951776998,2500,OLS_iid,iid,False,5
4,2,2001,10,100001,True,45,False,100,0.5149612986828978,2.11527620209381,0.4861096908842672,0.4233119923460538,0.9954550153755614,0.8502264530940075,0.7498940824891885,0.003824280291286381,11,8,0.16583123951776998,2500,OLS_iid,iid,False,5
3,9,9001,27,270001,True,130,False,100,0.9185182958328538,4.147855186834931,0.3874126410195065,0.3417720122166639,0.6535783117588699,0.8496938943465826,0.6579210571149212,1.5252259130883694e-05,11,8,0.16583123951776998,2500,OLS_iid,iid,False,5
3,6,6001,24,240001,True,129,False,100,0.6333898579197669,7.568322869949043,0.6179560553591295,0.5969100207802059,0.9889662570246096,1.3720299624964842,0.500600313332401,2.8656159334177167e-05,11,8,0.16583123951776998,2500,OLS_iid,iid,False,5
4,5,5001,2,20001,True,47,False,100,0.8223389972643678,1.0542002222500741,0.46016070986343194,0.3868485043867636,1.099867209725509,1.0776597826632943,0.5266568705898705,0.004803360745712759,11,8,0.16583123951776998,2500,OLS_iid,iid,False,5
4,5,5001,17,170001,True,44,False,100,0.6663488150377282,0.9032702487893403,0.43498229746567707,0.3690583003237602,0.9492551325678317,0.8737853508434963,0.6822036508242265,0.0047798675506422125,11,8,0.16583123951776998,2500,OLS_iid,iid,False,5
4,4,4001,1,10001,True,44,False,100,0.6766198465255097,1.528873753733933,0.5375190235106286,0.4967839045211522,1.0960302359557001,1.5033735584544894,0.5742795970386257,0.004375597260574083,11,8,0.16583123951776998,2500,OLS_iid,iid,False,5
4,5,5001,10,100001,True,43,False,100,0.5149612986828978,0.9690583711490035,0.562652606161107,0.500033144031841,1.0409524772250285,1.1631843593556095,0.5748163881014401,0.003990906813493329,11,8,0.16583123951776998,2500,OLS_iid,iid,False,5
4,4,4001,27,270001,True,46,False,100,0.9185182958328538,1.174452364910394,0.4608582986671659,0.4184952709991643,1.094532768942336,1.4026159680803727,0.7169295359491935,0.004631645425040361,11,8,0.16583123951776998,2500,OLS_iid,iid,False,5
4,5,5001,13,130001,True,46,False,100,0.5928446627589771,0.9485928476788104,0.45248486466906335,0.3922500015112632,0.960121663605896,0.8537008721031409,0.7059638648088321,0.004499267488411568,11,8,0.16583123951776998,2500,OLS_iid,iid,False,5
4,5,5001,8,80001,True,45,False,100,0.7721464948036827,1.0205472609959543,0.50067039184385,0.4442754099597884,0.9443227735562951,0.9278591436125148,0.737844549023363,0.004358907054975124,11,8,0.16583123951776998,2500,OLS_iid,iid,False,5
4,5,5001,9,90001,True,42,False,100,0.8592656279146536,1.0213653962127864,0.47094142021173413,0.40907219676488643,1.0924423148777374,4.079191866765953,0.6344797882216459,0.004331847059300495,11,8,0.16583123951776998,2500,OLS_iid,iid,False,5
4,5,5001,18,180001,True,44,False,100,0.635410744224998,0.9430086528882384,0.5316387882206794,0.4829352293944653,0.9816153248947138,1.1847604836294185,0.5764068891308759,0.004230417257691203,11,8,0.16583123951776998,2500,OLS_iid,iid,False,5
4,5,5001,20,200001,True,41,False,100,0.7194904617523997,0.9290585801936686,0.5505212749151908,0.5089225856866322,1.159906753222373,7.887671086887104,0.49833839766000193,0.004597772024801582,11,8,0.16583123951776998,2500,OLS_iid,iid,False,5
4,1,1001,18,180001,True,122,False,100,0.635410744224998,2.7405932969413698,0.3406447337178107,0.2857381928208779,0.7363949345234617,0.46830806335126807,0.9032657297251427,0.003994248868970959,11,8,0.16583123951776998,2500,OLS_iid,iid,False,5
4,5,5001,22,220001,True,43,False,100,0.7067767475795607,0.9277077182196081,0.43688523186009154,0.36558279421581014,0.8009104034038182,0.8447015725080381,0.6709648823210337,0.004436221104695957,11,8,0.16583123951776998,2500,OLS_iid,iid,False,5
3,5,5001,21,210001,True,135,False,100,0.7625517270473368,8.965179874096066,0.5434286705747506,0.5162096332147905,0.8311485172928182,1.0753342479712407,0.5604573683704264,1.4773482578279951e-05,11,8,0.16583123951776998,2500,OLS_iid,iid,False,5
4,6,6001,0,1,True,43,False,100,0.7559997774127204,0.8767563849687576,0.46516906785203294,0.39936160831298734,0.9864387039807502,0.8626161534719327,0.756993922272666,0.004283132898152964,11,8,0.16583123951776998,2500,OLS_iid,iid,False,5
3,7,7001,9,90001,True,130,False,100,0.8592656279146536,7.01485202787444,0.4969094396687628,0.4539030521327591,1.0486093665009975,1.0419818740141709,0.5900171406299345,1.924512152428713e-05,11,8,0.16583123951776998,2500,OLS_iid,iid,False,5
4,6,6001,8,80001,True,41,False,100,0.7721464948036827,0.8780513857491314,0.4927662459842128,0.4350011159111857,0.8697201721992716,0.9633081896715406,0.6495536314564548,0.0046792939540262835,11,8,0.16583123951776998,2500,OLS_iid,iid,False,5
4,5,5001,19,190001,True,45,False,100,0.8237675591248275,1.045463256072253,0.5340822257828214,0.5085410159632979,0.89289999606083,1.2799596429522146,0.5121608652648278,0.004510663153040025,11,8,0.16583123951776998,2500,OLS_iid,iid,False,5
4,5,5001,28,280001,True,43,False,100,0.6413464222162905,0.9638127228245139,0.5473767030477605,0.5291575144931686,0.8888302564457888,1.0928203367707137,0.6340324510844748,0.004609763695277714,11,8,0.16583123951776998,2500,OLS_iid,iid,False,5
3,7,7001,23,230001,True,141,False,100,0.7131776200290234,6.669758452102542,0.5472034120414404,0.519409031827928,1.1242025835815226,1.123923769019975,0.5775877722461478,1.9542490609941992e-05,11,8,0.16583123951776998,2500,OLS_iid,iid,False,5
4,6,6001,5,50001,True,39,False,100,0.7709298441133979,0.9165265378542244,0.47844605712432503,0.4231020176843158,1.1635597655849224,1.2266152526126117,0.5573549503305195,0.004818675637126474,11,8,0.16583123951776998,2500,OLS_iid,iid,False,5
4,5,5001,15,150001,True,40,False,100,0.6466714203305812,1.0952423471026123,0.4792084226071732,0.42764878861575695,0.9496357707589336,0.9333547015594409,0.6764542161612713,0.004446133040974942,11,8,0.16583123951776998,2500,OLS_iid,iid,False,5
4,5,5001,27,270001,True,41,False,100,0.9185182958328538,0.9817859921604395,0.4811986507623924,0.4255878955212273,0.8086156713147669,1.0245955085959522,0.5793663014210082,0.004498485561705367,11,8,0.16583123951776998,2500,OLS_iid,iid,False,5
4,5,5001,11,110001,True,52,False,100,0.765549815274042,1.1218095617368817,0.40325752864834036,0.34094959724509477,0.7239591571112006,0.7046189668952098,0.7837155087175358,0.004459848127601277,11,8,0.16583123951776998,2500,OLS_iid,iid,False,5
4,2,2001,0,1,True,40,False,100,0.7559997774127204,2.5728271300904453,0.526004451265475,0.46909053538775664,0.9676521505013705,1.1050715408773937,0.5691549163968812,0.004404634712101179,11,8,0.16583123951776998,2500,OLS_iid,iid,False,5
4,5,5001,14,140001,True,44,False,100,0.7433479507689166,1.1044741300866008,0.5268580340329599,0.47430674717411564,1.1210616653337453,1.0729150810980908,0.5920391676251053,0.004065500051734029,11,8,0.16583123951776998,2500,OLS_iid,iid,False,5
4,6,6001,4,40001,True,42,False,100,0.5000862478063784,0.9451248687691987,0.4653288475167891,0.4006693087337959,0.8253232849443749,0.7677403175075244,0.7725169543279232,0.00432658633697748,11,8,0.16583123951776998,2500,OLS_iid,iid,False,5
4,6,6001,1,10001,True,40,False,100,0.6766198465255097,0.9819510597735643,0.47091944579461553,0.397531900004457,1.0725676337259429,0.8683826579919023,0.7265774892249761,0.004483245028734906,11,8,0.16583123951776998,2500,OLS_iid,iid,False,5
4,5,5001,26,260001,True,42,False,100,0.7800179477656639,1.0462505011819303,0.4813651831114057,0.4175886870226259,0.97042633931275,0.90236541897274,0.6805301602567632,0.004570849033777847,11,8,0.16583123951776998,2500,OLS_iid,iid,False,5
4,5,5001,12,120001,True,46,False,100,0.6925403289409808,1.1632455349899828,0.4974098469295479,0.4351215543816995,0.9542989762050796,0.8688992054336407,0.7407776775214605,0.004076705682304518,11,8,0.16583123951776998,2500,OLS_iid,iid,False,5
4,5,5001,29,290001,True,44,False,100,0.8035944264947499,1.0066133569926023,0.4878313918876691,0.4275536254483262,0.8965346124272069,0.951947849898746,0.6331632046772006,0.004743431992192078,11,8,0.16583123951776998,2500,OLS_iid,iid,False,5
4,6,6001,9,90001,True,42,False,100,0.8592656279146536,0.9500150387175381,0.4792788027360477,0.4211753089645967,0.7846373124391726,1.0556920973308244,0.5464885166609003,0.0045241104744895705,11,8,0.16583123951776998,2500,OLS_iid,iid,False,5
3,6,6001,8,80001,True,128,False,100,0.7721464948036827,8.549020298756659,0.5656895317863031,0.5406756985810324,1.0477103705455901,1.128223750403305,0.5729345231632013,2.241366016051501e-05,11,8,0.16583123951776998,2500,OLS_iid,iid,False,5
4,6,6001,3,30001,True,46,False,100,0.5786780204806588,1.0272888289764524,0.4778206578663511,0.41922759642249063,0.8680006789209063,1.0443690423717011,0.5425705786065232,0.004224863169591682,11,8,0.16583123951776998,2500,OLS_iid,iid,False,5
4,6,6001,7,70001,True,43,False,100,0.6817050683873941,1.0177302593365312,0.4719465060348371,0.42262959241573783,1.4247651212137735,0.9968781862965758,0.6675907332377494,0.004190168344923896,11,8,0.16583123951776998,2500,OLS_iid,iid,False,5
4,6,6001,11,110001,True,44,False,100,0.765549815274042,0.9689464024268091,0.5949457174613629,0.5519665781373816,0.994206060360273,1.5588020675023178,0.24409914180347908,0.0045637463965701895,11,8,0.16583123951776998,2500,OLS_iid,iid,False,5
3,9,9001,28,280001,True,135,False,100,0.7729573413135521,4.4891204461455345,0.510179599926906,0.4776490948001863,0.8973951941697128,0.98025196554963,0.6386552045521366,1.8222131274963948e-05,11,8,0.16583123951776998,2500,OLS_iid,iid,False,5
4,6,6001,19,190001,True,41,False,100,0.8237675591248275,0.8830672251060605,0.5304639581551642,0.4806748464230138,1.0133596377901355,1.1402870674937289,0.5049404785950952,0.005034224943366899,11,8,0.16583123951776998,2500,OLS_iid,iid,False,5
4,3,3001,12,120001,True,45,False,100,0.6925403289409808,2.0793151538819075,0.5516558205130767,0.526753610540635,1.048933072501696,1.25095179312978,0.6206350648177194,0.004038460288378153,11,8,0.16583123951776998,2500,OLS_iid,iid,False,5
4,6,6001,13,130001,True,42,False,100,0.5928446627589771,0.9999254387803376,0.5155054170569164,0.4645834348576631,1.023635972387732,1.062947987786051,0.662602762430682,0.004448828222857515,11,8,0.16583123951776998,2500,OLS_iid,iid,False,5
4,6,6001,12,120001,True,43,False,100,0.6925403289409808,1.0128979990258813,0.5253295216383405,0.46738942911107273,0.9326835753258517,1.1095265838392658,0.544917214862735,0.0041921940471742886,11,8,0.16583123951776998,2500,OLS_iid,iid,False,5
4,4,4001,26,260001,True,44,False,100,0.7800179477656639,1.4898562161251903,0.5046355741542545,0.4473845507718732,1.093848688516159,1.0195713361727894,0.6014295275302738,0.004684846866500591,11,8,0.16583123951776998,2500,OLS_iid,iid,False,5
4,6,6001,20,200001,True,42,False,100,0.7194904617523997,0.9300603130832314,0.4555911713472467,0.3927296166853033,0.8451854460046606,0.8631069658540854,0.6986463575239262,0.0044923619993096535,11,8,0.16583123951776998,2500,OLS_iid,iid,False,5
4,5,5001,24,240001,True,43,False,100,0.6333898579197669,1.218239902984351,0.5377588843692513,0.4796625104317221,0.9501778966760166,1.0982068412877888,0.5706726340510692,0.004724804972058011,11,8,0.16583123951776998,2500,OLS_iid,iid,False,5
4,6,6001,24,240001,True,42,False,100,0.6333898579197669,0.9097051089629531,0.536349898426839,0.46777871155125456,0.9988481136212217,1.2527706292736471,0.4572552648197523,0.004562318992400377,11,8,0.16583123951776998,2500,OLS_iid,iid,False,5
4,6,6001,22,220001,True,44,False,100,0.7067767475795607,0.9433007310144603,0.462278200606456,0.3927784292752967,1.009568369636923,0.8491024671787597,0.7300068583356115,0.004448534776021908,11,8,0.16583123951776998,2500,OLS_iid,iid,False,5
3,6,6001,5,50001,True,135,False,100,0.7709298441133979,8.799130484927446,0.4629094620342133,0.4316511183851466,0.7820166587384413,1.010985747095443,0.5736453164503632,9.735809091358233e-06,11,8,0.16583123951776998,2500,OLS_iid,iid,False,5
4,6,6001,27,270001,True,42,False,100,0.9185182958328538,0.8645645901560783,0.4861413855441757,0.4267392089031185,1.0505618339711882,1.1371465514869374,0.47786984026756113,0.00472992176755151,11,8,0.16583123951776998,2500,OLS_iid,iid,False,5
4,2,2001,8,80001,True,44,False,100,0.7721464948036827,2.6564297596924007,0.453981615039065,0.3981453960839873,1.2463902739513513,1.0645366339983355,0.6661958414167886,0.004558353872079072,11,8,0.16583123951776998,2500,OLS_iid,iid,False,5
4,6,6001,23,230001,True,44,False,100,0.7131776200290234,1.0106247728690505,0.43976256868203206,0.3703692174470866,0.9292875109062915,0.7489789132319556,0.7804642169696994,0.004085893813214808,11,8,0.16583123951776998,2500,OLS_iid,iid,False,5
4,6,6001,25,250001,True,43,False,100,0.7683657815340796,0.9747999459505081,0.4812362255654784,0.4231027902370059,1.2132692123886524,1.4782748897520133,0.6425153508675238,0.004437485436599591,11,8,0.16583123951776998,2500,OLS_iid,iid,False,5
4,4,4001,25,250001,True,43,False,100,0.7683657815340796,1.6572992959991097,0.46861368059554354,0.4083682111831586,0.7792584705066039,0.9714677909171174,0.5950567993030909,0.004683114421144596,11,8,0.16583123951776998,2500,OLS_iid,iid,False,5
4,5,5001,21,210001,True,42,False,100,0.6700804593823679,1.358025894034654,0.5803639521754159,0.5383042300309069,1.0032778674328537,1.161248450577796,0.5811112331665151,0.004284106967413993,11,8,0.16583123951776998,2500,OLS_iid,iid,False,5
4,6,6001,28,280001,True,42,False,100,0.6413464222162905,1.0065000290051103,0.5096707691685627,0.4559386872669267,1.001354878399895,0.9457763378917542,0.6989506763813299,0.004554704315738605,11,8,0.16583123951776998,2500,OLS_iid,iid,False,5
4,3,3001,23,230001,True,48,False,100,0.7131776200290234,2.1694169640541077,0.45931966651795497,0.39622717560341236,1.070085073903776,0.7096328626417204,0.8107151016329316,0.004263289121397978,11,8,0.16583123951776998,2500,OLS_iid,iid,False,5
3,6,6001,21,210001,True,131,False,100,0.7625517270473368,8.264820844866335,0.46125545089480624,0.42517101103672666,0.7385628730462853,0.9501097659782953,0.6154095580020177,1.4465158952406292e-05,11,8,0.16583123951776998,2500,OLS_iid,iid,False,5
4,6,6001,6,60001,True,49,False,100,0.7099204608581529,1.321721610147506,0.5234196707677948,0.470585765089159,1.2179026281470366,1.288735508252834,0.437326036194429,0.004808396940766154,11,8,0.16583123951776998,2500,OLS_iid,iid,False,5
4,6,6001,15,150001,True,56,False,100,0.6466714203305812,1.2474331422708929,0.5286737664939203,0.4776427994328593,0.9964910846181316,1.203758503899271,0.4456163405909123,0.004561894307399443,11,8,0.16583123951776998,2500,OLS_iid,iid,False,5
4,2,2001,24,240001,True,42,False,100,0.6333898579197669,2.5842673876322806,0.5066225813881851,0.4465942016944943,1.0211170998588865,0.9852841270939198,0.6741551010288147,0.004976999566160917,11,8,0.16583123951776998,2500,OLS_iid,iid,False,5
3,8,8001,20,200001,True,130,False,100,0.7194904617523997,6.262763109058142,0.5174452363158719,0.4878933061809699,1.3520640460018223,0.9954670326697543,0.7053817603693588,2.910018714475051e-05,11,8,0.16583123951776998,2500,OLS_iid,iid,False,5
4,7,7001,7,70001,True,41,False,100,0.6817050683873941,0.9532631989568472,0.48119308834804236,0.40501973531495516,0.9794310883106779,0.9761510698724417,0.6064864905654451,0.004312397094386295,11,8,0.16583123951776998,2500,OLS_iid,iid,False,5
4,7,7001,2,20001,True,45,False,100,0.8223389972643678,1.059656578116119,0.4821456812986298,0.41446204583713636,0.9271732707999633,0.9612467628869182,0.6654159231390574,0.004996927894980108,11,8,0.16583123951776998,2500,OLS_iid,iid,False,5
4,7,7001,1,10001,True,46,False,100,0.6766198465255097,1.0798190222121775,0.449576128623338,0.38894278227711754,0.9600121161544131,0.8040692809070361,0.7701104343696111,0.004170404275349375,11,8,0.16583123951776998,2500,OLS_iid,iid,False,5
4,6,6001,26,260001,True,49,False,100,0.7800179477656639,1.1330995922908187,0.47855093712556646,0.41314635504549657,0.9333130967039045,0.9362973579866601,0.6656802034759305,0.004994819182216889,11,8,0.16583123951776998,2500,OLS_iid,iid,False,5
4,7,7001,15,150001,True,42,False,100,0.6466714203305812,0.9534791582264006,0.42634051716752336,0.3555650540415502,1.0419146252531628,0.7999281980905758,0.7830854440780451,0.004659320504431391,11,8,0.16583123951776998,2500,OLS_iid,iid,False,5
4,2,2001,15,150001,True,41,False,100,0.6466714203305812,2.7632885961793363,0.4951098940178581,0.438009764990111,1.2003618806570584,1.1478475822057959,0.5941184970911332,0.004464861568444991,11,8,0.16583123951776998,2500,OLS_iid,iid,False,5
4,7,7001,13,130001,True,42,False,100,0.5928446627589771,0.989512403961271,0.5220758653373512,0.46231714480357744,1.0344503624890775,0.8560746567665632,0.7439027633000769,0.004654838900257622,11,8,0.16583123951776998,2500,OLS_iid,iid,False,5
4,7,7001,9,90001,True,44,False,100,0.8592656279146536,1.014372268691659,0.4709806168339141,0.403989076447373,1.0129242130669878,0.8095053441518548,0.7203533749296385,0.0045924540359768475,11,8,0.16583123951776998,2500,OLS_iid,iid,False,5
4,7,7001,16,160001,True,42,False,100,0.676217520476812,0.9637904833070934,0.5153264701915082,0.45590317799784175,1.2071577744284605,1.040438033123367,0.6813334280854806,0.004260241601607978,11,8,0.16583123951776998,2500,OLS_iid,iid,False,5
3,9,9001,10,100001,True,116,False,100,0.8147646203361788,5.683174768928438,0.5568564311325629,0.5263302514700372,1.0038086446571408,1.091277437545729,0.6089300015604092,4.969104383195458e-05,11,8,0.16583123951776998,2500,OLS_iid,iid,False,5
4,7,7001,14,140001,True,46,False,100,0.7433479507689166,1.0181745551526546,0.4534226343976276,0.3969493212654325,0.8310849935517934,0.8504082800112303,0.7129626944255322,0.004077600469874416,11,8,0.16583123951776998,2500,OLS_iid,iid,False,5
4,7,7001,6,60001,True,44,False,100,0.7099204608581529,1.0824044370092452,0.5159542398042015,0.45789961105965094,0.943050167171749,1.068619199687729,0.5556001537715904,0.0045831109955313505,11,8,0.16583123951776998,2500,OLS_iid,iid,False,5
4,7,7001,18,180001,True,41,False,100,0.635410744224998,0.961809566244483,0.45724254368847517,0.3786429920277728,0.9569469100900296,0.8151142396686869,0.7428048526733877,0.004331916820794371,11,8,0.16583123951776998,2500,OLS_iid,iid,False,5
4,7,7001,5,50001,True,43,False,100,0.7709298441133979,1.086323413066566,0.42696832877516605,0.3867910032071821,0.9752370144974958,2.3613393334254495,0.7155822186453413,0.004508825670474569,11,8,0.16583123951776998,2500,OLS_iid,iid,False,5
4,6,6001,21,210001,True,44,False,100,0.6700804593823679,1.3135038916952908,0.5278838165822337,0.4853137772238498,0.9586376427638409,1.0210851555920981,0.667600201246388,0.00423829301216102,11,8,0.16583123951776998,2500,OLS_iid,iid,False,5
4,3,3001,29,290001,True,44,False,100,0.8035944264947499,2.3318652850575745,0.409599909149636,0.3465806422168918,0.971019844105378,0.8658668098820038,0.6848714970963476,0.004731471307334096,11,8,0.16583123951776998,2500,OLS_iid,iid,False,5
4,7,7001,12,120001,True,47,False,100,0.6925403289409808,1.0957473441958427,0.47504872954039823,0.40927876353924314,0.8636845236353569,0.8548124818669699,0.72748696708926,0.0038596670922792014,11,8,0.16583123951776998,2500,OLS_iid,iid,False,5
4,7,7001,17,170001,True,44,False,100,0.6663488150377282,1.0105226039886475,0.5220768616331706,0.46390499192885454,1.0716413217179537,0.8914252842633038,0.7369620599080327,0.0047991024928092174,11,8,0.16583123951776998,2500,OLS_iid,iid,False,5
4,7,7001,0,1,True,43,False,100,0.7559997774127204,1.2520632427185774,0.5373519024030405,0.48563911089776196,1.121173460151722,1.1583806340264131,0.5945143067863645,0.004153230997838524,11,8,0.16583123951776998,2500,OLS_iid,iid,False,5
4,3,3001,9,90001,True,41,False,100,0.8592656279146536,2.642232727725059,0.5105986116807109,0.4556279179178983,1.0856397144212602,1.138407762970627,0.5548718866622596,0.004366416850186516,11,8,0.16583123951776998,2500,OLS_iid,iid,False,5
4,7,7001,19,190001,True,48,False,100,0.8237675591248275,1.0526667512021959,0.4225720895717941,0.36591639193639836,0.7430577615151953,0.7528174693940984,0.727953153625714,0.004811531305976679,11,8,0.16583123951776998,2500,OLS_iid,iid,False,5
4,7,7001,8,80001,True,43,False,100,0.7721464948036827,1.1771913380362093,0.4953559741698773,0.4423855176734915,0.976249929111909,0.9504712299729198,0.6802812773833227,0.004596432244239325,11,8,0.16583123951776998,2500,OLS_iid,iid,False,5
4,7,7001,22,220001,True,45,False,100,0.7067767475795607,1.027554107364267,0.4969088629784199,0.42650779457683397,1.004001044395979,1.0509347761534564,0.5810789681369503,0.004315515104169973,11,8,0.16583123951776998,2500,OLS_iid,iid,False,5
4,8,8001,6,60001,True,42,False,100,0.7099204608581529,0.8760781181044877,0.48183297222748206,0.4204608307715242,0.8547666503572342,1.1623595277229894,0.480569143436309,0.004519306883954828,11,8,0.16583123951776998,2500,OLS_iid,iid,False,5
4,7,7001,24,240001,True,47,False,100,0.6333898579197669,1.105312393978238,0.513511725146973,0.45510252581132904,1.1326512188441311,1.031373448780816,0.655778472677131,0.004744147537042197,11,8,0.16583123951776998,2500,OLS_iid,iid,False,5
4,7,7001,27,270001,True,43,False,100,0.9185182958328538,1.0672361613251269,0.4800439144258437,0.4228628877577659,0.9054987200964848,0.868270600007077,0.7303182049131254,0.004453288411162551,11,8,0.16583123951776998,2500,OLS_iid,iid,False,5
4,8,8001,1,10001,True,44,False,100,0.6766198465255097,1.0031859478913248,0.4847005725055324,0.4241284815613815,0.9321136506168037,0.8965409486942956,0.7040495874843404,0.004143986734857922,11,8,0.16583123951776998,2500,OLS_iid,iid,False,5
4,7,7001,10,100001,True,48,False,100,0.5149612986828978,1.2798072397708893,0.49722664651889614,0.4379411486564939,0.8560670858905148,0.8786616256079444,0.7260248479311866,0.0041718959563488,11,8,0.16583123951776998,2500,OLS_iid,iid,False,5
4,8,8001,14,140001,True,44,False,100,0.7433479507689166,0.9023487651720643,0.5257950075956137,0.4649551378717764,1.040918611926029,1.219215214386099,0.6422571802864807,0.004002568763551865,11,8,0.16583123951776998,2500,OLS_iid,iid,False,5
4,8,8001,4,40001,True,44,False,100,0.5000862478063784,0.9971818360500038,0.5322613202415873,0.48924883350189496,1.0773688623231212,8.295304146748885,0.6093230212589986,0.004378592021786083,11,8,0.16583123951776998,2500,OLS_iid,iid,False,5
4,7,7001,28,280001,True,42,False,100,0.6413464222162905,1.1061899089254439,0.5495678381265973,0.5072615848702658,1.0434724144373835,1.381085513884001,0.5469914264669697,0.004043364068489443,11,8,0.16583123951776998,2500,OLS_iid,iid,False,5
4,8,8001,3,30001,True,44,False,100,0.5786780204806588,1.0358352158218622,0.5045630440198294,0.4518585728383012,0.8641925452697579,0.8764709680592581,0.6994452356312516,0.004420683678712414,11,8,0.16583123951776998,2500,OLS_iid,iid,False,5
4,8,8001,16,160001,True,43,False,100,0.676217520476812,0.9347336241044104,0.5623456093293673,0.509260991337342,1.0110897676754145,1.1106264682970013,0.6904075385173423,0.004151934589934171,11,8,0.16583123951776998,2500,OLS_iid,iid,False,5
4,7,7001,29,290001,True,50,False,100,0.8035944264947499,1.1539332321844995,0.38725239357198193,0.3105129778106057,0.9251897081463166,0.7297818140209108,0.7684559410675884,0.004439399600427297,11,8,0.16583123951776998,2500,OLS_iid,iid,False,5
4,8,8001,22,220001,True,40,False,100,0.7067767475795607,0.9144856599159539,0.4800765814756686,0.4129579088028761,0.8545782830940521,0.840257882583551,0.7465581466632008,0.004469962759162712,11,8,0.16583123951776998,2500,OLS_iid,iid,False,5
4,8,8001,5,50001,True,46,False,100,0.7709298441133979,1.0942565430887043,0.5090357287044053,0.45832021077433466,0.9260876198621665,1.1085730698682978,0.501249612511336,0.004461515870070916,11,8,0.16583123951776998,2500,OLS_iid,iid,False,5
4,8,8001,26,260001,True,42,False,100,0.7800179477656639,0.9147470388561487,0.49859905176660335,0.44123777906778694,1.1885075972934271,1.0314627519809625,0.5822144062450357,0.004707953707547368,11,8,0.16583123951776998,2500,OLS_iid,iid,False,5
4,8,8001,10,100001,True,44,False,100,0.5149612986828978,1.0724216089583933,0.5279808501093868,0.4750053409110095,1.020736287753876,0.9906540363640225,0.6770618032666456,0.0038456086608457426,11,8,0.16583123951776998,2500,OLS_iid,iid,False,5
4,3,3001,6,60001,True,42,False,100,0.7099204608581529,2.96875824034214,0.426319435770597,0.3605059611302921,0.8803130052337572,0.7739093487670091,0.7632653613318398,0.0045922316574896396,11,8,0.16583123951776998,2500,OLS_iid,iid,False,5
4,8,8001,2,20001,True,50,False,100,0.8223389972643678,1.1445901705883443,0.5060199367375379,0.44601001576279553,0.8956530264600641,1.0819096370191126,0.5491408396690532,0.004588843958732425,11,8,0.16583123951776998,2500,OLS_iid,iid,False,5
4,8,8001,11,110001,True,46,False,100,0.765549815274042,1.0981938387267292,0.5016876937129465,0.4469941741076377,0.8902866420947475,0.8669703198562221,0.7497048869557077,0.004289409318257937,11,8,0.16583123951776998,2500,OLS_iid,iid,False,5
4,8,8001,29,290001,True,42,False,100,0.8035944264947499,0.9311034362763166,0.5273716634429629,0.47849821286364963,1.019745217723345,1.097610203569167,0.5288826193858294,0.0045823441032133,11,8,0.16583123951776998,2500,OLS_iid,iid,False,5
4,8,8001,8,80001,True,45,False,100,0.7721464948036827,1.1379781207069755,0.4815778475123941,0.42221100770451264,1.0275610897651541,1.1081919640548263,0.5250956207580932,0.004304293686989571,11,8,0.16583123951776998,2500,OLS_iid,iid,False,5
4,8,8001,13,130001,True,46,False,100,0.5928446627589771,1.084019485861063,0.48644990506996244,0.4209587232378858,0.9515220395912338,0.808277613117118,0.7463647563426,0.0040909043785920625,11,8,0.16583123951776998,2500,OLS_iid,iid,False,5
4,8,8001,12,120001,True,46,False,100,0.6925403289409808,1.1105965711176395,0.51404648151397,0.45781568884484297,0.9896394602106021,0.955859167326211,0.6691021136245606,0.004159010836191827,11,8,0.16583123951776998,2500,OLS_iid,iid,False,5
4,9,9001,4,40001,True,40,False,100,0.5000862478063784,0.9156195730902255,0.5312457208930645,0.4810789108424148,1.043110219661407,0.9540396488616362,0.729562553218385,0.004313462193991822,11,8,0.16583123951776998,2500,OLS_iid,iid,False,5
4,8,8001,17,170001,True,42,False,100,0.6663488150377282,1.044906078837812,0.415583907083248,0.35334638810194047,0.7689436100566214,0.7235333215289854,0.7803721061025918,0.004635822583634586,11,8,0.16583123951776998,2500,OLS_iid,iid,False,5
4,8,8001,9,90001,True,41,False,100,0.8592656279146536,1.161000968888402,0.49018443315331656,0.42182989857443515,1.0894300747938443,0.9250186587302973,0.7495998793939247,0.004723480537537264,11,8,0.16583123951776998,2500,OLS_iid,iid,False,5
4,8,8001,23,230001,True,46,False,100,0.7131776200290234,1.0320994802750647,0.4403173700448206,0.37563996001332284,1.0420227614493374,0.8146965544993315,0.7583486908212974,0.0040502851256576005,11,8,0.16583123951776998,2500,OLS_iid,iid,False,5
4,8,8001,25,250001,True,46,False,100,0.7683657815340796,1.0506445239298046,0.43994758562592134,0.3689379137060564,0.9678279288229273,0.811844200415839,0.7623251407303225,0.00498699410527032,11,8,0.16583123951776998,2500,OLS_iid,iid,False,5
4,8,8001,7,70001,True,43,False,100,0.6817050683873941,1.2042900300584733,0.4970756785417914,0.43604473306077735,0.9577467996932394,0.8768553634941305,0.6950061276721423,0.004153769458344434,11,8,0.16583123951776998,2500,OLS_iid,iid,False,5
3,9,9001,22,220001,True,130,False,100,0.7067767475795607,5.835408873856068,0.4579697263827946,0.4074285581298222,1.0291991137895071,0.8924799148382202,0.7102997840441467,1.919925772777325e-05,11,8,0.16583123951776998,2500,OLS_iid,iid,False,5
4,9,9001,7,70001,True,45,False,100,0.6817050683873941,0.9501001378521323,0.4786280050821434,0.41616101680602996,0.8828669565985193,0.9516087225561595,0.6599019887171281,0.004363488827956933,11,8,0.16583123951776998,2500,OLS_iid,iid,False,5
4,9,9001,9,90001,True,41,False,100,0.8592656279146536,0.9363593938760459,0.5385540962813826,0.4840561173662783,1.0487986400689917,1.0965075907373019,0.5874368167722864,0.004401847005129133,11,8,0.16583123951776998,2500,OLS_iid,iid,False,5
4,9,9001,5,50001,True,41,False,100,0.7709298441133979,0.9863479332998395,0.4414173385253559,0.3869405766881618,1.0640078939313315,0.8858872042126306,0.6909945083494334,0.004668481506919476,11,8,0.16583123951776998,2500,OLS_iid,iid,False,5
4,9,9001,17,170001,True,41,False,100,0.6663488150377282,0.8726058485917747,0.4814431610128414,0.4198924125244449,1.1119550901989181,0.9259122855666477,0.6940177701477225,0.004482673366174126,11,8,0.16583123951776998,2500,OLS_iid,iid,False,5
4,8,8001,21,210001,True,43,False,100,0.6700804593823679,1.1119763432070613,0.5702514279692328,0.5243008528677302,0.9684034712700442,1.1973180667976775,0.5109664263371051,0.00421885829245546,11,8,0.16583123951776998,2500,OLS_iid,iid,False,5
5,0,1,1,10001,True,32,False,100,0.6766198465255097,0.646089977119118,0.49119395034508556,0.4097556007740369,1.0158333473005072,1.3662641764053352,0.6428856547488563,0.00763316336467632,11,8,0.16583123951776998,2500,OLS_iid,iid,False,5
4,8,8001,28,280001,True,46,False,100,0.6413464222162905,1.076472173910588,0.5126693743704861,0.46008221397440807,0.9919600325364534,1.2189887330792122,0.5731477917810065,0.004134613633891543,11,8,0.16583123951776998,2500,OLS_iid,iid,False,5
3,7,7001,26,260001,True,133,False,100,0.7800179477656639,7.737777768168598,0.5601363126945594,0.5203817600911308,1.0639853677321507,1.0316366765935059,0.662912313033157,1.341602096310485e-05,11,8,0.16583123951776998,2500,OLS_iid,iid,False,5
3,9,9001,4,40001,True,139,False,100,0.5719742453910751,6.610227221623063,0.5461156889422744,0.5134171846814319,1.0435760670153382,1.106232434114905,0.5758148163812488,1.7908642330682765e-05,11,8,0.16583123951776998,2500,OLS_iid,iid,False,5
4,9,9001,15,150001,True,41,False,100,0.6466714203305812,0.9403993291780353,0.4711733864901966,0.4162850568914534,1.064736528846911,0.8129303155739679,0.7493080090993739,0.004653185418231414,11,8,0.16583123951776998,2500,OLS_iid,iid,False,5
4,8,8001,18,180001,True,42,False,100,0.635410744224998,1.1658769282512367,0.5433355380755938,0.4854413403662285,1.1588996525327202,0.9616787807274034,0.6951579175639554,0.004115675842566486,11,8,0.16583123951776998,2500,OLS_iid,iid,False,5
4,6,6001,18,180001,True,42,False,100,0.635410744224998,1.9244965058751404,0.5853298631708613,0.5389205181673122,1.003787239505184,1.146443119221105,0.6288059665768825,0.004103699824400516,11,8,0.16583123951776998,2500,OLS_iid,iid,False,5
4,8,8001,20,200001,True,44,False,100,0.7194904617523997,1.1542588602751493,0.4482590434948556,0.38907865331654146,0.9499609609628913,0.7825390391982046,0.7451005984516402,0.00443978366957258,11,8,0.16583123951776998,2500,OLS_iid,iid,False,5
5,0,1,3,30001,True,33,False,100,0.5786780204806588,0.6787551338784397,0.4964731553559422,0.41760023441090655,1.061165888476277,0.9850575054986378,0.6842134651252287,0.007696067545634534,11,8,0.16583123951776998,2500,OLS_iid,iid,False,5
4,9,9001,10,100001,True,43,False,100,0.5149612986828978,1.0279613053426147,0.5207324066970385,0.46208665361310486,0.9811741968655107,1.0621405867853437,0.6046131997536144,0.003791163430388184,11,8,0.16583123951776998,2500,OLS_iid,iid,False,5
4,9,9001,12,120001,True,42,False,100,0.6925403289409808,0.9840136780403554,0.5137427396061495,0.4557221319324588,0.9319121587091681,1.0128318085675816,0.6387265714372269,0.004059976470402451,11,8,0.16583123951776998,2500,OLS_iid,iid,False,5
4,9,9001,2,20001,True,50,False,100,0.8223389972643678,1.0933884792029858,0.4646226656282539,0.38500549562636943,0.9679790412465883,0.8158361424765133,0.7086503442535815,0.004719612196112506,11,8,0.16583123951776998,2500,OLS_iid,iid,False,5
4,9,9001,3,30001,True,42,False,100,0.5786780204806588,1.119948412757367,0.4355026018051451,0.37416943201210845,0.7609307879554607,0.7275671986113456,0.7739407991194313,0.004497115659479608,11,8,0.16583123951776998,2500,OLS_iid,iid,False,5
4,9,9001,13,130001,True,44,False,100,0.5928446627589771,1.0231933742761612,0.5588434016422926,0.5101654071239008,0.9548663167314013,1.2484873367473526,0.4845970204367015,0.004431438977249468,11,8,0.16583123951776998,2500,OLS_iid,iid,False,5
5,0,1,11,110001,True,32,False,100,0.765549815274042,0.6316402959637344,0.5485413418476671,0.4785600184462794,0.9564500515160114,1.282595137917515,0.5092456341225923,0.007941752881100663,11,8,0.16583123951776998,2500,OLS_iid,iid,False,5
4,9,9001,20,200001,True,42,False,100,0.7194904617523997,0.9417997198179364,0.5015500450428233,0.4460647577653237,0.9910314776776461,0.9179046590954337,0.6986455416140738,0.004496792707787183,11,8,0.16583123951776998,2500,OLS_iid,iid,False,5
4,9,9001,19,190001,True,42,False,100,0.8237675591248275,0.9610064411535859,0.43598362541437563,0.38409030632824664,0.7802563996740829,0.7985779526379372,0.7115634857533203,0.004846279417726731,11,8,0.16583123951776998,2500,OLS_iid,iid,False,5
5,0,1,17,170001,True,33,False,100,0.6663488150377282,0.6326340110972524,0.37268121719845787,0.30091453893195474,0.7344311173830782,0.9403094803704475,0.5890472471124449,0.007881006900698926,11,8,0.16583123951776998,2500,OLS_iid,iid,False,5
5,0,1,2,20001,True,36,False,100,0.8223389972643678,0.8031591610051692,0.4067527802281699,0.31857821512376616,0.8842051477746475,0.8410710871472998,0.6637122287047631,0.008442094258060038,11,8,0.16583123951776998,2500,OLS_iid,iid,False,5
5,0,1,12,120001,True,34,False,100,0.6925403289409808,0.7193455118685961,0.46088996347255834,0.38273742103633573,0.9069568868779945,0.9081529909004996,0.6995154036743969,0.0074811735437141915,11,8,0.16583123951776998,2500,OLS_iid,iid,False,5
5,0,1,18,180001,True,35,False,100,0.635410744224998,0.663957635872066,0.4155964039570477,0.33319930340097187,0.7794621837548662,0.7281422925249865,0.7947225305647215,0.007420489241054867,11,8,0.16583123951776998,2500,OLS_iid,iid,False,5
5,0,1,10,100001,True,37,False,100,0.4434030805763488,0.7299491260200739,0.4566088349694398,0.3790960968644787,0.897262877221905,0.8286744366008981,0.7600144468213738,0.007456063432065467,11,8,0.16583123951776998,2500,OLS_iid,iid,False,5
4,7,7001,25,250001,True,53,False,100,0.7683657815340796,1.613268458750099,0.4228939178438939,0.3626952730719679,0.8692433884854778,1.1955911730299675,0.48535920678200334,0.004384646988128982,11,8,0.16583123951776998,2500,OLS_iid,iid,False,5
4,5,5001,23,230001,True,107,False,100,0.7131776200290234,2.3607284063473344,0.4129750705335002,0.3458891787159827,0.9064329300410667,0.7223919244492124,0.8038912201360893,0.003947926432482768,11,8,0.16583123951776998,2500,OLS_iid,iid,False,5
4,7,7001,23,230001,True,44,False,100,0.7131776200290234,1.6430964339524508,0.5477540887922903,0.4954857964177899,0.9526106201798755,1.1792658220677565,0.5650611812623964,0.004147383517482201,11,8,0.16583123951776998,2500,OLS_iid,iid,False,5
4,9,9001,14,140001,True,44,False,100,0.7433479507689166,1.1206973688676953,0.4327039097475621,0.36058297889507096,0.8712315280955264,1.0935198847534393,0.8163695188609564,0.0040454311820177676,11,8,0.16583123951776998,2500,OLS_iid,iid,False,5
5,0,1,6,60001,True,38,False,100,0.7099204608581529,0.8022954156622291,0.40929448703858884,0.33521634939132966,0.7638225548927855,0.7130665459059888,0.795374701221475,0.007512472763550437,11,8,0.16583123951776998,2500,OLS_iid,iid,False,5
5,0,1,7,70001,True,43,False,100,0.6817050683873941,0.7978246249258518,0.4286719288319582,0.3409098725479403,1.0124497171056752,0.8814939233294092,0.7671908894330194,0.00755315051261291,11,8,0.16583123951776998,2500,OLS_iid,iid,False,5
3,8,8001,25,250001,True,128,False,100,0.7683657815340796,7.004080594982952,0.5602487165187886,0.5251177793431235,1.0468462223507473,1.246076128805654,0.4758853524198611,2.003206115196282e-05,11,8,0.16583123951776998,2500,OLS_iid,iid,False,5
4,7,7001,21,210001,True,47,False,100,0.6700804593823679,1.694592955056578,0.35562280316637224,0.2899710917922612,0.6942967895732637,0.5565953989607124,0.856794480290522,0.004367192442502377,11,8,0.16583123951776998,2500,OLS_iid,iid,False,5
4,5,5001,3,30001,True,45,False,100,0.5786780204806588,2.5955662080086768,0.516158638567516,0.4538725461281109,0.9246097438967086,0.9031634485775427,0.7151820506664659,0.004173284832995412,11,8,0.16583123951776998,2500,OLS_iid,iid,False,5
4,7,7001,26,260001,True,45,False,100,0.7800179477656639,1.6564854308962822,0.4794738534593474,0.4188298946627016,1.0736759816972548,0.9912148344008705,0.5970266683984541,0.004564596008925601,11,8,0.16583123951776998,2500,OLS_iid,iid,False,5
4,8,8001,27,270001,True,48,False,100,0.9185182958328538,1.338691874872893,0.48109965980377084,0.4131366555710338,0.8015334228161196,0.8676980440259736,0.6960044973528383,0.0045149978379000815,11,8,0.16583123951776998,2500,OLS_iid,iid,False,5
4,9,9001,22,220001,True,42,False,100,0.7067767475795607,1.0577950202859938,0.4968071827316126,0.43089153989279777,0.9926892563484138,0.9219139688700284,0.6809618251795634,0.004136143685516393,11,8,0.16583123951776998,2500,OLS_iid,iid,False,5
3,8,8001,6,60001,True,130,False,100,0.7099204608581529,7.467094508931041,0.4585390927283732,0.41212615259272434,0.9007344787425241,0.8594500626553684,0.7153868210349772,1.404848785188057e-05,11,8,0.16583123951776998,2500,OLS_iid,iid,False,5
4,9,9001,27,270001,True,42,False,100,0.9185182958328538,0.9628718290477991,0.5157631423993603,0.45047444014444243,0.9089824431735555,0.9883609681745048,0.6214209635397091,0.004543250132430328,11,8,0.16583123951776998,2500,OLS_iid,iid,False,5
5,0,1,9,90001,True,32,False,100,0.8592656279146536,0.8491145456209779,0.4519921718657647,0.3644976216831944,0.9279802518684775,1.0016525062033392,0.6312858046624318,0.007830934822526017,11,8,0.16583123951776998,2500,OLS_iid,iid,False,5
4,7,7001,3,30001,True,50,False,100,0.5786780204806588,2.0034708860330284,0.48683835300229705,0.4201403642522152,0.9125962438631101,1.4429194968414074,0.632682049625472,0.0043066301151077025,11,8,0.16583123951776998,2500,OLS_iid,iid,False,5
5,0,1,14,140001,True,34,False,100,0.591208658049669,0.8461285750381649,0.5149019371194863,0.43236014946116386,1.1131617423633253,19.688640832417644,0.6200590340792322,0.0074362878979508835,11,8,0.16583123951776998,2500,OLS_iid,iid,False,5
4,9,9001,23,230001,True,45,False,100,0.7131776200290234,1.0590259521268308,0.4718763758595132,0.4121510121044261,0.990887733565916,0.8691147625910373,0.7292289051024519,0.004326819431405834,11,8,0.16583123951776998,2500,OLS_iid,iid,False,5
4,9,9001,24,240001,True,44,False,100,0.6333898579197669,1.0760211269371212,0.5053643001566969,0.444874582501077,1.0639806874232751,1.0570298631955752,0.602526128068491,0.0049450384163648945,11,8,0.16583123951776998,2500,OLS_iid,iid,False,5
4,5,5001,16,160001,True,46,False,100,0.676217520476812,2.540134781971574,0.5325493492572765,0.4692139740432436,1.1559880988899247,1.046726285381613,0.6866706900837686,0.004208475748504172,11,8,0.16583123951776998,2500,OLS_iid,iid,False,5
4,9,9001,11,110001,True,42,False,100,0.765549815274042,1.324672852177173,0.5005312395962156,0.4441028646120577,0.8551754438550953,1.194557429631536,0.4585278960580471,0.004332931289280414,11,8,0.16583123951776998,2500,OLS_iid,iid,False,5
3,9,9001,13,130001,True,131,False,100,0.718445583337366,6.509250338189304,0.5616471019982533,0.5356374242907394,0.9169048565138316,1.4350494044133462,0.5922038723931099,2.2212719413261476e-05,11,8,0.16583123951776998,2500,OLS_iid,iid,False,5
5,0,1,22,220001,True,41,False,100,0.7067767475795607,0.7740862122736871,0.4002205529607928,0.3194669852347951,0.830360193596748,0.7707264999119161,0.7885402278377596,0.0074224333921343545,11,8,0.16583123951776998,2500,OLS_iid,iid,False,5
5,0,1,8,80001,True,50,False,100,0.5886716060744396,0.9648029166273773,0.4038027744159502,0.3171377212806506,0.8853235058164299,0.7665233223345637,0.768675455918092,0.007335168231700977,11,8,0.16583123951776998,2500,OLS_iid,iid,False,5
5,0,1,13,130001,True,33,False,100,0.5928446627589771,0.9225645796395838,0.4878342935024535,0.4111984750893161,0.9186929083976514,0.9655534034347489,0.6729669032828127,0.008057297816467465,11,8,0.16583123951776998,2500,OLS_iid,iid,False,5
4,5,5001,7,70001,True,43,False,100,0.6817050683873941,2.685298361349851,0.5576641332532425,0.5080059276829929,1.1687601948682358,1.2437343565267314,0.432595281179582,0.004344774282564035,11,8,0.16583123951776998,2500,OLS_iid,iid,False,5
5,0,1,4,40001,True,54,False,100,0.4476074960338264,0.9971419470384717,0.3941545993026064,0.3151257272988573,0.8509866259730712,0.6314557254436918,0.8503928295286389,0.007677943300107725,11,8,0.16583123951776998,2500,OLS_iid,iid,False,5
4,6,6001,10,100001,True,114,False,100,0.5149612986828978,2.428774514235556,0.41535669086182225,0.3493048668765065,0.8842395156814489,0.6277718919648275,0.8406855324810742,0.0040670030835607655,11,8,0.16583123951776998,2500,OLS_iid,iid,False,5
5,0,1,28,280001,True,37,False,100,0.48138778909358665,0.69972511427477,0.41798462989752705,0.34454215043528075,1.0087614877367233,0.7691258058329252,0.8001093804840133,0.007120328866493381,11,8,0.16583123951776998,2500,OLS_iid,iid,False,5
4,9,9001,26,260001,True,42,False,100,0.7800179477656639,1.1347638620063663,0.486111157581009,0.42441273892501385,0.9656793859649996,0.8325808626283308,0.7353967529112452,0.004484014013538667,11,8,0.16583123951776998,2500,OLS_iid,iid,False,5
5,0,1,16,160001,True,36,False,100,0.676217520476812,0.9002038692124188,0.46759756634529703,0.3895443397111755,0.9821680767814187,1.0858651535521513,0.5397416643125105,0.007110106742947542,11,8,0.16583123951776998,2500,OLS_iid,iid,False,5
5,0,1,29,290001,True,34,False,100,0.7411039681057955,0.7057343162596226,0.43956322971734973,0.36139377113121707,1.1715996808666542,1.1008642632920838,0.5917588063344574,0.007860977672395327,11,8,0.16583123951776998,2500,OLS_iid,iid,False,5
5,1,1001,6,60001,True,33,False,100,0.7099204608581529,0.6149448901414871,0.4778620665822125,0.3998091757150872,0.8875686869572313,1.2452965236398814,0.40254512324331104,0.00757108743966054,11,8,0.16583123951776998,2500,OLS_iid,iid,False,5
5,1,1001,22,220001,True,32,False,100,0.7067767475795607,0.4861806998960674,0.4585488391830519,0.3694887359849808,0.9788916411441868,0.9314036704030796,0.6716199818307867,0.00729579479155062,11,8,0.16583123951776998,2500,OLS_iid,iid,False,5
5,1,1001,14,140001,True,33,False,100,0.591208658049669,0.562042448669672,0.49055948633833574,0.4170221426258174,1.2417999326071778,1.220508107690538,0.6177075118940071,0.007555383918970373,11,8,0.16583123951776998,2500,OLS_iid,iid,False,5
4,6,6001,16,160001,True,46,False,100,0.676217520476812,2.403451302088797,0.5634286628871633,0.5133755003585267,1.0437448728788759,1.1162608339251796,0.6343147399761103,0.004175887060498455,11,8,0.16583123951776998,2500,OLS_iid,iid,False,5
5,0,1,20,200001,True,44,False,100,0.5808151268594547,0.9012578320689499,0.37739207915981143,0.2881270843563041,0.9059875772494925,0.5783219293910136,0.8693472614984267,0.007273553070661161,11,8,0.16583123951776998,2500,OLS_iid,iid,False,5
5,1,1001,9,90001,True,33,False,100,0.8592656279146536,0.6235355669632554,0.457883744713688,0.37879355697169426,0.9456404024172685,0.9849916666070014,0.6394160393860114,0.007504147207892312,11,8,0.16583123951776998,2500,OLS_iid,iid,False,5
5,1,1001,13,130001,True,33,False,100,0.5928446627589771,0.6118308701552451,0.5039462068744259,0.4288308431769872,1.0179065830492084,1.1626660457650195,0.5637400616204449,0.007819960667933022,11,8,0.16583123951776998,2500,OLS_iid,iid,False,5
5,1,1001,7,70001,True,36,False,100,0.6817050683873941,0.6976697072386742,0.49706525749397407,0.4164164184670682,1.06314737294208,1.1211274147151646,0.5492978096903973,0.007938503257660866,11,8,0.16583123951776998,2500,OLS_iid,iid,False,5
5,1,1001,5,50001,True,35,False,100,0.7709298441133979,0.7076695440337062,0.4185347279847319,0.35013632084717694,0.8147992552645209,1.245717835369757,0.37940587410420373,0.008159325981896556,11,8,0.16583123951776998,2500,OLS_iid,iid,False,5
5,1,1001,4,40001,True,34,False,100,0.4476074960338264,0.7249713870696723,0.47875813753495533,0.40082381076455414,0.94446460260845,0.8865726250311631,0.7312240284948639,0.006981646428398065,11,8,0.16583123951776998,2500,OLS_iid,iid,False,5
4,7,7001,4,40001,True,45,False,100,0.5000862478063784,2.1839085649698973,0.46902808366818016,0.40982083299414157,0.8181817974256679,0.7814669720306043,0.7592459852051128,0.004032353214174672,11,8,0.16583123951776998,2500,OLS_iid,iid,False,5
4,6,6001,2,20001,True,42,False,100,0.8223389972643678,2.5976602053269744,0.41805070296365593,0.33204022096846186,0.9431091956240292,0.7768257583475442,0.7062545584723955,0.004754964629473848,11,8,0.16583123951776998,2500,OLS_iid,iid,False,5
4,5,5001,4,40001,True,44,False,100,0.5000862478063784,2.8995975297875702,0.5601401528640262,0.515657110227888,0.891554078408676,1.2298163956104815,0.5017508039093228,0.004389240976149006,11,8,0.16583123951776998,2500,OLS_iid,iid,False,5
5,1,1001,2,20001,True,43,False,100,0.8223389972643678,0.7786674532108009,0.4590623163229344,0.3773819873854253,0.8030708423098449,1.0200008688042603,0.5780746293552627,0.008430799578855886,11,8,0.16583123951776998,2500,OLS_iid,iid,False,5
5,1,1001,15,150001,True,32,False,100,0.6466714203305812,0.6685438081622124,0.5642947004038588,0.4977915102024831,0.964228830753985,1.2767861400391733,0.5832700258379514,0.007340934358867701,11,8,0.16583123951776998,2500,OLS_iid,iid,False,5
5,1,1001,11,110001,True,35,False,100,0.765549815274042,0.7112497021444142,0.4047294895046375,0.32212250212275195,1.1083700395004026,1.0986380263804936,0.5798133630489786,0.007538352901504507,11,8,0.16583123951776998,2500,OLS_iid,iid,False,5
4,5,5001,5,50001,True,45,False,100,0.7709298441133979,2.896962475962937,0.3698335622863759,0.3220355586824079,0.6802536705957677,0.6357763016319581,0.832398955919368,0.004623709118880279,11,8,0.16583123951776998,2500,OLS_iid,iid,False,5
5,1,1001,19,190001,True,34,False,100,0.8237675591248275,0.6483009741641581,0.4333855617707039,0.3470901566522131,0.9163709776638853,0.8224702174603888,0.7145071161931079,0.008338221747225148,11,8,0.16583123951776998,2500,OLS_iid,iid,False,5
5,1,1001,23,230001,True,34,False,100,0.5533339413386786,0.6284346468746662,0.47817995203026187,0.4021282681360283,0.9817971871573639,1.1520557100301083,0.5085289872978894,0.007446554034627746,11,8,0.16583123951776998,2500,OLS_iid,iid,False,5
3,9,9001,18,180001,True,119,False,100,0.635410744224998,6.597805827856064,0.5891445250047879,0.565059039623003,1.0047832883314807,1.0720663892331852,0.6516461143151402,4.288738513850228e-05,11,8,0.16583123951776998,2500,OLS_iid,iid,False,5
4,6,6001,17,170001,True,43,False,100,0.6663488150377282,2.5094073433429003,0.43927978019395664,0.3761046983962393,1.0142044274590454,0.8237847661487775,0.7515999822987803,0.0047998319328286755,11,8,0.16583123951776998,2500,OLS_iid,iid,False,5
4,5,5001,25,250001,True,42,False,100,0.7683657815340796,2.722844436764717,0.4483421607430844,0.38492250462876054,0.8981370340637196,0.9550400954272914,0.5928657947793499,0.004526497115810406,11,8,0.16583123951776998,2500,OLS_iid,iid,False,5
5,1,1001,18,180001,True,34,False,100,0.635410744224998,0.6907667289488018,0.4861283461258734,0.4030366983414469,1.0986380605406212,1.203336112986576,0.5306003655552163,0.0075246621979274935,11,8,0.16583123951776998,2500,OLS_iid,iid,False,5
5,1,1001,3,30001,True,35,False,100,0.5786780204806588,0.839721854776144,0.4437214392286376,0.367070317124886,0.8844876054233146,0.8232990889787701,0.7215972185550455,0.008022521577563382,11,8,0.16583123951776998,2500,OLS_iid,iid,False,5
5,1,1001,16,160001,True,34,False,100,0.676217520476812,0.7421572702005506,0.40421906881897957,0.3258883608039523,0.7899326347891524,0.6924080865140033,0.8141042724438758,0.007406045188068437,11,8,0.16583123951776998,2500,OLS_iid,iid,False,5
4,8,8001,0,1,True,41,False,100,0.7559997774127204,2.006003229878843,0.5448429798535934,0.5000465119929505,0.9387785666891586,1.128979504357865,0.6649153654584868,0.00435521176000795,11,8,0.16583123951776998,2500,OLS_iid,iid,False,5
5,1,1001,20,200001,True,34,False,100,0.5808151268594547,0.7071313080377877,0.4882344751606182,0.40891584386678836,1.0139197734171463,0.9218374840500796,0.7241901381656444,0.007506746645376072,11,8,0.16583123951776998,2500,OLS_iid,iid,False,5
5,1,1001,17,170001,True,34,False,100,0.6663488150377282,0.7533613508567214,0.45624115398253395,0.3701025512772133,1.2188463798490452,0.8810939149305225,0.7640601938414399,0.0073832767641456186,11,8,0.16583123951776998,2500,OLS_iid,iid,False,5
4,4,4001,22,220001,True,44,False,100,0.7067767475795607,3.1865708772093058,0.48856189391344157,0.4204513634634481,0.9374558796200287,1.0461310056857671,0.712634821784561,0.004313673849049881,11,8,0.16583123951776998,2500,OLS_iid,iid,False,5
5,1,1001,24,240001,True,39,False,100,0.49382897801089065,0.7072590668685734,0.3571025017530476,0.2768614834112792,0.7285804137722987,0.5402343384356879,0.8827354390182846,0.007544723949339328,11,8,0.16583123951776998,2500,OLS_iid,iid,False,5
5,2,2001,1,10001,True,32,False,100,0.6766198465255097,0.6628298717550933,0.4662470656904704,0.38484859540341126,0.8873652318777112,0.9456255142973086,0.6703427020701214,0.007466973580839375,11,8,0.16583123951776998,2500,OLS_iid,iid,False,5
5,0,1,26,260001,True,50,False,100,0.5342525759270861,1.0157901598140597,0.3962948231884283,0.3109386954192429,0.8333071279433572,0.6714322341380722,0.8170606832195596,0.007723895582692628,11,8,0.16583123951776998,2500,OLS_iid,iid,False,5
5,2,2001,0,1,True,32,False,100,0.7559997774127204,0.7060411842539907,0.44662827934945276,0.35427799800860227,1.0362010705307847,1.0823628126234972,0.639683143849273,0.007482673109467402,11,8,0.16583123951776998,2500,OLS_iid,iid,False,5
5,2,2001,14,140001,True,32,False,100,0.591208658049669,0.5934894639067352,0.4725902843003334,0.39281036395503405,0.8621335516440908,0.974045404809854,0.655694532834361,0.007390950965074111,11,8,0.16583123951776998,2500,OLS_iid,iid,False,5
5,2,2001,10,100001,True,33,False,100,0.4434030805763488,0.6562901241704822,0.44567868448194164,0.36732531438093813,0.9497694804933711,1.0348240937282376,0.584436421055137,0.007628869442855881,11,8,0.16583123951776998,2500,OLS_iid,iid,False,5
5,1,1001,28,280001,True,38,False,100,0.48138778909358665,0.7594407727010548,0.38325462268129906,0.30379244821468365,0.814273338528696,0.611765491316189,0.8502491660283304,0.007272719228007722,11,8,0.16583123951776998,2500,OLS_iid,iid,False,5
5,2,2001,11,110001,True,33,False,100,0.765549815274042,0.6600050809793174,0.36499242628341605,0.29026920906983006,0.8158048015190744,0.5766946300469683,0.8635545378835467,0.0076808345847154316,11,8,0.16583123951776998,2500,OLS_iid,iid,False,5
5,1,1001,25,250001,True,37,False,100,0.6927912345888574,0.7794583090581,0.4236864716744237,0.3448522752737196,0.8485557703154047,4.170760217611313,0.5393204277952989,0.007927554473963453,11,8,0.16583123951776998,2500,OLS_iid,iid,False,5
5,2,2001,9,90001,True,37,False,100,0.8592656279146536,0.6773591530509293,0.45345681302879803,0.3702491490357478,0.8701570310375502,0.8676851241063112,0.7657667108525223,0.007511434475054003,11,8,0.16583123951776998,2500,OLS_iid,iid,False,5
5,2,2001,15,150001,True,32,False,100,0.6466714203305812,0.6129648527130485,0.44947669914139476,0.37020388059293213,0.9228985923278884,0.8484204369812978,0.7530256333979929,0.007398897366824413,11,8,0.16583123951776998,2500,OLS_iid,iid,False,5
5,2,2001,3,30001,True,35,False,100,0.5786780204806588,0.7560620442964137,0.4209343197050263,0.3458828009147869,1.0570143314125553,0.836804318549876,0.7563920236615448,0.007750847788955551,11,8,0.16583123951776998,2500,OLS_iid,iid,False,5
5,2,2001,18,180001,True,33,False,100,0.635410744224998,0.6131087713874876,0.444475460884696,0.3644369834526813,0.7575295937308153,0.87589727508771,0.7185158208067858,0.0072519113963394315,11,8,0.16583123951776998,2500,OLS_iid,iid,False,5
5,2,2001,5,50001,True,33,False,100,0.7709298441133979,0.7555010565556586,0.45061029613152154,0.37960280894035797,0.8854194206034904,1.0873412349949334,0.5462802778455914,0.007964455636409403,11,8,0.16583123951776998,2500,OLS_iid,iid,False,5
5,1,1001,12,120001,True,35,False,100,0.6925403289409808,0.9342003772035241,0.47601334336802115,0.4003783975383543,1.230220061258691,0.9657195340987323,0.7049555442903644,0.007544940517073711,11,8,0.16583123951776998,2500,OLS_iid,iid,False,5
3,9,9001,7,70001,True,128,False,100,0.6817050683873941,7.244544832035899,0.5625479279691284,0.5303570998502416,1.0622744547394452,1.2362841562681328,0.4543246656859078,1.9545882690824194e-05,11,8,0.16583123951776998,2500,OLS_iid,iid,False,5
5,2,2001,24,240001,True,31,False,100,0.49382897801089065,0.639877675101161,0.5448259591172357,0.4703333593073637,0.9533368259335627,1.1395666052185733,0.6517193258735478,0.007355084723514031,11,8,0.16583123951776998,2500,OLS_iid,iid,False,5
5,2,2001,23,230001,True,31,False,100,0.5533339413386786,0.6501227519474924,0.4822514252158706,0.4075654391021613,0.9906199177467947,1.0149174315644827,0.621344039327809,0.007455672011969671,11,8,0.16583123951776998,2500,OLS_iid,iid,False,5
5,2,2001,16,160001,True,32,False,100,0.676217520476812,0.6858147508464754,0.5103099521409277,0.43564972297352206,1.1171271550345723,1.0124691476628571,0.700259084722216,0.007159927547396705,11,8,0.16583123951776998,2500,OLS_iid,iid,False,5
5,2,2001,12,120001,True,35,False,100,0.6925403289409808,0.7378240069374442,0.4196689728635813,0.34350670861019145,0.9826906782034095,0.79356362343195,0.7873278972195079,0.007222738863705842,11,8,0.16583123951776998,2500,OLS_iid,iid,False,5
4,8,8001,19,190001,True,56,False,100,0.8237675591248275,2.017911025788635,0.4197738648311215,0.3589066311262019,0.8315934701098215,0.7293716948961665,0.7907181491243515,0.004725573883464277,11,8,0.16583123951776998,2500,OLS_iid,iid,False,5
5,2,2001,19,190001,True,33,False,100,0.8237675591248275,0.695191812235862,0.4083073028610357,0.3363881922482104,0.9810910483540065,0.8360105630848643,0.7361336093134158,0.008220550651087757,11,8,0.16583123951776998,2500,OLS_iid,iid,False,5
5,2,2001,7,70001,True,40,False,100,0.6817050683873941,0.8367140633054078,0.43015516828832606,0.3562477044380813,1.106313712139207,0.9685294852829417,0.7225642759687944,0.00785298166510994,11,8,0.16583123951776998,2500,OLS_iid,iid,False,5
5,1,1001,0,1,True,33,False,100,0.7559997774127204,1.1653433623723686,0.5029888017412456,0.4297634044259913,1.0951849749109268,1.1189928403724358,0.6304041318272922,0.007678963608767546,11,8,0.16583123951776998,2500,OLS_iid,iid,False,5
5,2,2001,4,40001,True,36,False,100,0.4476074960338264,0.8908020872622728,0.4701164649283883,0.39875120554695287,1.0744556654290314,2.368672094569,0.6438706940309756,0.007582643629129447,11,8,0.16583123951776998,2500,OLS_iid,iid,False,5
5,2,2001,22,220001,True,38,False,100,0.7067767475795607,0.728888391982764,0.4393475583645668,0.37179557450041256,1.0663087082541827,1.4658457646651744,0.7080548855197787,0.007692701763567524,11,8,0.16583123951776998,2500,OLS_iid,iid,False,5
5,3,3001,10,100001,True,32,False,100,0.4434030805763488,0.5976997967809439,0.4937731121343759,0.41893284847742024,0.9034684450074278,0.9684662476965582,0.6862994878945802,0.007167809311701518,11,8,0.16583123951776998,2500,OLS_iid,iid,False,5
5,3,3001,6,60001,True,34,False,100,0.7099204608581529,0.6352163241244853,0.4468021264723028,0.3696118655404014,0.9442322944078878,0.8705791981748905,0.6938698222564015,0.00784739367883451,11,8,0.16583123951776998,2500,OLS_iid,iid,False,5
5,3,3001,9,90001,True,32,False,100,0.8592656279146536,0.6253440650179982,0.4421033534852763,0.3601259088001687,0.9844317470097586,1.0725156719755384,0.5614950174211378,0.007332298104308609,11,8,0.16583123951776998,2500,OLS_iid,iid,False,5
5,3,3001,15,150001,True,32,False,100,0.6466714203305812,0.5958453491330147,0.5428304884205184,0.4856903664607786,1.0297841492136057,3.587410687428735,0.5662340384758963,0.007289071042571305,11,8,0.16583123951776998,2500,OLS_iid,iid,False,5
4,9,9001,6,60001,True,44,False,100,0.7099204608581529,2.0111686680465937,0.5164633640329638,0.45481302583319105,1.2030604140521988,1.0150352389170099,0.7047839420687035,0.00449214108177516,11,8,0.16583123951776998,2500,OLS_iid,iid,False,5
5,3,3001,11,110001,True,33,False,100,0.765549815274042,0.6464238548651338,0.4520851897253922,0.3744428067987337,0.8686885360057675,1.0650174091395979,0.5487130323120833,0.007604350962068439,11,8,0.16583123951776998,2500,OLS_iid,iid,False,5
5,3,3001,0,1,True,36,False,100,0.7559997774127204,0.7585503389127553,0.4692135296254092,0.3919441819797253,1.0790761058316471,1.082273760005501,0.6142216364189953,0.007694819004471392,11,8,0.16583123951776998,2500,OLS_iid,iid,False,5
5,3,3001,20,200001,True,32,False,100,0.5808151268594547,0.6167913288809359,0.5390686196506478,0.4606672082215237,1.0209207113134535,1.3378640179768493,0.48703167165687944,0.007389841497645602,11,8,0.16583123951776998,2500,OLS_iid,iid,False,5
5,3,3001,18,180001,True,32,False,100,0.635410744224998,0.6355350520461798,0.452650254684336,0.36675089278913126,0.9749026090938324,0.7795216985943302,0.7850529118447621,0.007399818252986007,11,8,0.16583123951776998,2500,OLS_iid,iid,False,5
5,3,3001,19,190001,True,33,False,100,0.8237675591248275,0.6315972772426903,0.46196328351667126,0.37764847168702276,1.0665773654324417,0.9522706250577011,0.719277380647854,0.007984587581550724,11,8,0.16583123951776998,2500,OLS_iid,iid,False,5
5,2,2001,29,290001,True,36,False,100,0.7411039681057955,0.8100060690194368,0.4166139097952845,0.3748095106617902,1.3039609532088112,1.0778827103317619,0.7135611268787181,0.007657081964197864,11,8,0.16583123951776998,2500,OLS_iid,iid,False,5
5,3,3001,16,160001,True,33,False,100,0.676217520476812,0.6547072329558432,0.46552461565023223,0.38536712079535723,0.8736560682388999,0.8764467006353703,0.7317348061941726,0.007344233139160223,11,8,0.16583123951776998,2500,OLS_iid,iid,False,5
5,3,3001,21,210001,True,39,False,100,0.6700804593823679,0.6761126001365483,0.38156836984732895,0.31032478359264876,0.7165336440722462,0.7056661221696552,0.7818305489514917,0.0073831036253982915,11,8,0.16583123951776998,2500,OLS_iid,iid,False,5
5,3,3001,12,120001,True,37,False,100,0.6925403289409808,0.7284701950848103,0.4138859733689432,0.34154041365865984,0.718198981503426,0.9843975310019322,0.5605278177629784,0.007512608595942231,11,8,0.16583123951776998,2500,OLS_iid,iid,False,5
5,3,3001,29,290001,True,34,False,100,0.7411039681057955,0.5980485151521862,0.4273332873973796,0.3524494230632574,1.1676253563922672,0.8858491672713152,0.7214900665017296,0.007813388851553669,11,8,0.16583123951776998,2500,OLS_iid,iid,False,5
5,3,3001,28,280001,True,33,False,100,0.48138778909358665,0.6328490888699889,0.45923316967997385,0.38318872063555864,0.8249115014777381,0.7980510721538784,0.7649053575608288,0.007171727476599673,11,8,0.16583123951776998,2500,OLS_iid,iid,False,5
4,9,9001,21,210001,True,41,False,100,0.6700804593823679,1.9496223498135805,0.49004579392938324,0.43621023968282313,0.8038553121960518,0.7705366791290096,0.788544971932762,0.004546268373655547,11,8,0.16583123951776998,2500,OLS_iid,iid,False,5
5,3,3001,26,260001,True,34,False,100,0.5342525759270861,0.6916072242893279,0.4590956225580741,0.3758522246793859,0.8548263874603341,0.8994021360138188,0.6744686910162904,0.007662125098233358,11,8,0.16583123951776998,2500,OLS_iid,iid,False,5
3,9,9001,12,120001,True,127,False,100,0.8034888015081432,7.38645152002573,0.5084263730504864,0.4671374543964347,1.0295050275417417,1.0134171680537818,0.57374976148088,2.385618851568756e-05,11,8,0.16583123951776998,2500,OLS_iid,iid,False,5
5,4,4001,4,40001,True,33,False,100,0.4476074960338264,0.6057229270227253,0.4776875332364949,0.4042711853905034,0.9449373759722046,0.8786476365100163,0.7391841817049825,0.006963466935722576,11,8,0.16583123951776998,2500,OLS_iid,iid,False,5
5,4,4001,0,1,True,33,False,100,0.7559997774127204,0.6447516959160566,0.4598271015788414,0.41696084814734374,0.8523835896991698,0.8284519060947756,0.7816390691660771,0.007717566809430431,11,8,0.16583123951776998,2500,OLS_iid,iid,False,5
5,3,3001,27,270001,True,32,False,100,0.9185182958328538,0.6930397846736014,0.42027060364247654,0.34539164607680845,0.8080584347278229,0.952092545683902,0.5916701233034719,0.007962860468457596,11,8,0.16583123951776998,2500,OLS_iid,iid,False,5
5,4,4001,6,60001,True,32,False,100,0.7099204608581529,0.6199846989475191,0.4622639688588256,0.3857470279048761,1.0777328389471137,1.536898187948012,0.7398060755706845,0.007715436492882569,11,8,0.16583123951776998,2500,OLS_iid,iid,False,5
4,9,9001,16,160001,True,44,False,100,0.676217520476812,2.1049906159751117,0.5576220406100891,0.5162036127891244,1.3259847173905226,1.368233618979059,0.6417297567083616,0.004206076173034893,11,8,0.16583123951776998,2500,OLS_iid,iid,False,5
5,2,2001,17,170001,True,54,False,100,0.6663488150377282,1.018866301048547,0.3671491596672973,0.28552152155415444,0.7626196480556995,0.6564432178016923,0.8146910211911255,0.007892698758028852,11,8,0.16583123951776998,2500,OLS_iid,iid,False,5
4,7,7001,11,110001,True,44,False,100,0.765549815274042,2.818048655986786,0.44451948459676016,0.3876343097223854,0.8086812826743051,0.8502229063801705,0.7038794686591323,0.004579928332104336,11,8,0.16583123951776998,2500,OLS_iid,iid,False,5
5,4,4001,9,90001,True,33,False,100,0.8592656279146536,0.6551169413141906,0.5140942439549463,0.4386954632721791,1.2080101411438204,0.9088619252021868,0.7361894927695894,0.0076507962777704365,11,8,0.16583123951776998,2500,OLS_iid,iid,False,5
5,0,1,21,210001,True,36,False,100,0.6700804593823679,1.6711850403808057,0.4995993659297465,0.4243208112012397,1.0894317621006226,1.557358942978279,0.5271057936071157,0.007592654509956185,11,8,0.16583123951776998,2500,OLS_iid,iid,False,5
5,3,3001,2,20001,True,52,False,100,0.8223389972643678,0.9832316231913865,0.38163797450146864,0.2966901357330844,0.7217973089813132,0.7151716414051817,0.7809538475672141,0.008545646511713663,11,8,0.16583123951776998,2500,OLS_iid,iid,False,5
5,4,4001,8,80001,True,33,False,100,0.5886716060744396,0.6654208973050117,0.44722613352527363,0.36755456937086456,0.9533153424624371,0.8191872838746487,0.7609760882843827,0.007474541606219211,11,8,0.16583123951776998,2500,OLS_iid,iid,False,5
5,3,3001,22,220001,True,51,False,100,0.7067767475795607,0.8194232312962413,0.4257842966006447,0.33633335155601946,0.8570232479744748,0.7745355836850846,0.773498231493381,0.007147068354169744,11,8,0.16583123951776998,2500,OLS_iid,iid,False,5
4,9,9001,25,250001,True,43,False,100,0.7683657815340796,1.992768282070756,0.4383474982819265,0.3747350995264211,0.7571896062465604,0.8007539159768934,0.7334943931322266,0.004540860048814093,11,8,0.16583123951776998,2500,OLS_iid,iid,False,5
5,3,3001,25,250001,True,41,False,100,0.6927912345888574,0.8066881196573377,0.38695486225368464,0.3186084443415505,0.5862211508546635,0.8691535756733711,0.6216218152060534,0.008028082544624901,11,8,0.16583123951776998,2500,OLS_iid,iid,False,5
5,2,2001,13,130001,True,34,False,100,0.5928446627589771,1.12765997601673,0.4927302914084297,0.41624682739275315,1.0538647981688651,0.9632555366636505,0.7085907598513409,0.0077475187402466505,11,8,0.16583123951776998,2500,OLS_iid,iid,False,5
4,9,9001,29,290001,True,42,False,100,0.8035944264947499,1.9401564388535917,0.5174733496094501,0.4610598177248999,0.930625284206151,1.0667553892939243,0.5793407620466082,0.0045796187122505855,11,8,0.16583123951776998,2500,OLS_iid,iid,False,5
5,4,4001,15,150001,True,33,False,100,0.6466714203305812,0.6634717877022922,0.4218002181145373,0.34764743463910985,0.7726266429191673,0.7123705011380451,0.8073741731101104,0.0073337160393910136,11,8,0.16583123951776998,2500,OLS_iid,iid,False,5
5,4,4001,13,130001,True,36,False,100,0.5928446627589771,0.7037463691085577,0.3993506835106763,0.32533803013469337,0.7376686641098037,0.7360161285663298,0.7791718630936005,0.007674928287335639,11,8,0.16583123951776998,2500,OLS_iid,iid,False,5
5,4,4001,24,240001,True,32,False,100,0.49382897801089065,0.5731642302125692,0.5317635011470644,0.45438563286216077,0.9570900217088248,1.1496507887714815,0.6114386466585205,0.007450270283551295,11,8,0.16583123951776998,2500,OLS_iid,iid,False,5
4,6,6001,29,290001,True,42,False,100,0.8035944264947499,3.0754921468906105,0.49012800546256075,0.43917423643630493,0.7718797370130639,8.432295593132638,0.6417070340880132,0.004743602959107548,11,8,0.16583123951776998,2500,OLS_iid,iid,False,5
5,4,4001,18,180001,True,33,False,100,0.635410744224998,0.6816119370050728,0.5354620098397632,0.45597778363958885,1.017863196774278,1.2282856982145074,0.5581033712056437,0.007336654538932044,11,8,0.16583123951776998,2500,OLS_iid,iid,False,5
5,4,4001,14,140001,True,33,False,100,0.591208658049669,0.7025203369557858,0.4646950902396999,0.3850622966708322,0.8541167657569211,1.0886671570615443,0.5354883092852137,0.007453053888973824,11,8,0.16583123951776998,2500,OLS_iid,iid,False,5
5,4,4001,29,290001,True,35,False,100,0.7411039681057955,0.5851328261196613,0.45132107381608705,0.36093142030582676,0.9731604587315652,0.8793629015231167,0.6862818490543413,0.007696501814419054,11,8,0.16583123951776998,2500,OLS_iid,iid,False,5
5,5,5001,1,10001,True,32,False,100,0.6766198465255097,0.5711710820905864,0.5246416770651622,0.4459692191677494,1.085180265659081,2.2429128329672183,0.6352830682952099,0.007539614537845978,11,8,0.16583123951776998,2500,OLS_iid,iid,False,5
3,9,9001,19,190001,True,143,False,100,0.8237675591248275,7.348645605146885,0.43077319884870074,0.3860970038828188,0.794727298068696,0.9300059638084446,0.5652309734527121,1.834121688346353e-05,11,8,0.16583123951776998,2500,OLS_iid,iid,False,5
5,4,4001,22,220001,True,35,False,100,0.7067767475795607,0.6898498949594796,0.4507993972741395,0.3703124085672353,0.9045193575788314,1.043653311994324,0.570516102270017,0.007469348107361009,11,8,0.16583123951776998,2500,OLS_iid,iid,False,5
5,4,4001,28,280001,True,33,False,100,0.48138778909358665,0.638377504888922,0.4819849720351194,0.41096144761374265,1.1843155369587237,1.1790718933646194,0.5661999935526433,0.0072920449036400145,11,8,0.16583123951776998,2500,OLS_iid,iid,False,5
4,8,8001,15,150001,True,43,False,100,0.6466714203305812,2.5922056287527084,0.44160817103055405,0.38515065807076715,0.7634643692986001,0.8004905390876268,0.7326792534858443,0.004861090832319929,11,8,0.16583123951776998,2500,OLS_iid,iid,False,5
4,9,9001,28,280001,True,42,False,100,0.6413464222162905,2.0961204902268946,0.46738522475546274,0.4066720256460876,0.8826551339148353,0.8249557137867379,0.7511828524627685,0.004372671478526265,11,8,0.16583123951776998,2500,OLS_iid,iid,False,5
5,2,2001,20,200001,True,66,False,100,0.5808151268594547,1.2191718379035592,0.28944194903480475,0.22531148128005632,0.494663284808798,0.4182544499235747,0.9166234447429723,0.007240159476227511,11,8,0.16583123951776998,2500,OLS_iid,iid,False,5
4,7,7001,20,200001,True,44,False,100,0.7194904617523997,2.909121190197766,0.5383926232821931,0.48727012007751874,1.0105104344686944,1.8533765707954248,0.5891714539915786,0.004780893321364703,11,8,0.16583123951776998,2500,OLS_iid,iid,False,5
5,4,4001,23,230001,True,34,False,100,0.5533339413386786,0.6935518821701407,0.3942530938809089,0.3132093872011628,1.0412415529604926,0.735195272068316,0.7793801463684363,0.007389488364676214,11,8,0.16583123951776998,2500,OLS_iid,iid,False,5
5,3,3001,1,10001,True,34,False,100,0.6766198465255097,1.189285313244909,0.43430584027770325,0.3436394460642615,0.9183308120371969,0.749488249892309,0.7896208165921617,0.0074699826814827106,11,8,0.16583123951776998,2500,OLS_iid,iid,False,5
5,4,4001,25,250001,True,33,False,100,0.6927912345888574,0.708278501406312,0.4105523870281256,0.33333580173251476,0.8873396827007094,0.6938111787691472,0.7946398374956075,0.007810325082146376,11,8,0.16583123951776998,2500,OLS_iid,iid,False,5
5,5,5001,6,60001,True,32,False,100,0.7099204608581529,0.6116516008041799,0.4084125788356456,0.3272774888295019,0.9147626095999479,0.964251925363523,0.5773507494000779,0.007515355478746773,11,8,0.16583123951776998,2500,OLS_iid,iid,False,5
5,5,5001,4,40001,True,32,False,100,0.4476074960338264,0.6617367588914931,0.48153623526783856,0.40481497827205765,0.9554089766634016,0.9594362089184548,0.6594186604398373,0.0075634545305899945,11,8,0.16583123951776998,2500,OLS_iid,iid,False,5
5,4,4001,26,260001,True,36,False,100,0.5342525759270861,0.7141825039871037,0.4498924581366981,0.3683423858793923,1.2291973909309704,0.8684724533093012,0.75791711996778,0.007882191721566179,11,8,0.16583123951776998,2500,OLS_iid,iid,False,5
5,0,1,27,270001,True,33,False,100,0.9185182958328538,1.8026268938556314,0.428217023714016,0.3477879827372696,0.9609812561840885,0.9735560889939266,0.5678882162725651,0.007890010580050566,11,8,0.16583123951776998,2500,OLS_iid,iid,False,5
5,5,5001,9,90001,True,33,False,100,0.8592656279146536,0.6163903418928385,0.40883301628235424,0.3327353653537916,0.8163998155435264,0.75189222008095,0.7925014644891255,0.007804252702268338,11,8,0.16583123951776998,2500,OLS_iid,iid,False,5
5,5,5001,7,70001,True,32,False,100,0.6817050683873941,0.6322387526743114,0.4381791435928464,0.34688436788190685,0.9614527686516303,0.8778558666981651,0.6810275901244172,0.007723643734858098,11,8,0.16583123951776998,2500,OLS_iid,iid,False,5
5,5,5001,3,30001,True,35,False,100,0.5786780204806588,0.6965233641676605,0.4443773384231523,0.36361285256276826,1.0713092664625434,0.9188820710476889,0.6809233834655714,0.0075370210442754545,11,8,0.16583123951776998,2500,OLS_iid,iid,False,5
5,1,1001,1,10001,True,34,False,100,0.6766198465255097,1.7801037733443081,0.47798070563261397,0.42667764480754333,1.0828797653631759,1.04147043809584,0.7140468927820747,0.007479195817080966,11,8,0.16583123951776998,2500,OLS_iid,iid,False,5
5,5,5001,2,20001,True,40,False,100,0.8223389972643678,0.7508279061876237,0.45584678260317874,0.3702321342913353,1.1222653421224007,0.9785284450403484,0.5462739798142139,0.008653207112627143,11,8,0.16583123951776998,2500,OLS_iid,iid,False,5
5,5,5001,12,120001,True,32,False,100,0.6925403289409808,0.6647102208808064,0.41144666563192084,0.32197965185684235,1.1024449362138675,0.770744913749655,0.801960549286557,0.0072866656648040195,11,8,0.16583123951776998,2500,OLS_iid,iid,False,5
5,5,5001,15,150001,True,32,False,100,0.6466714203305812,0.6311779585666955,0.4664422042467809,0.3916884862672756,0.894175433968043,0.9232496244681302,0.690980623279201,0.007574538436736655,11,8,0.16583123951776998,2500,OLS_iid,iid,False,5
5,5,5001,10,100001,True,32,False,100,0.4434030805763488,0.7347583863884211,0.48082289516979476,0.4066726711124405,0.9970750035529016,0.8906978585498223,0.7650596230009862,0.007214788986285832,11,8,0.16583123951776998,2500,OLS_iid,iid,False,5
5,5,5001,8,80001,True,38,False,100,0.5886716060744396,0.7545226230286062,0.41882277007578883,0.3412751658997059,0.8240119098937458,0.8265319166275106,0.7358806246032711,0.007462187549771292,11,8,0.16583123951776998,2500,OLS_iid,iid,False,5
5,2,2001,8,80001,True,32,False,100,0.5886716060744396,1.5594839444383979,0.49526474554804384,0.42148752223882424,1.0526634030557833,0.9419404489340253,0.7043734295105121,0.007388699688542647,11,8,0.16583123951776998,2500,OLS_iid,iid,False,5
5,0,1,15,150001,True,35,False,100,0.6466714203305812,2.152551529929042,0.43098734780006565,0.36164390676284236,0.7359967018084401,0.7795571080651641,0.7670874129594155,0.00714976038821274,11,8,0.16583123951776998,2500,OLS_iid,iid,False,5
5,5,5001,21,210001,True,34,False,100,0.6700804593823679,0.6351289148442447,0.4551214528831363,0.37784575452212776,0.9597229667909651,1.0154497073897817,0.5700019816729595,0.007250909803929511,11,8,0.16583123951776998,2500,OLS_iid,iid,False,5
5,5,5001,19,190001,True,34,False,100,0.8237675591248275,0.6713067996315658,0.49492200189104263,0.4118769200748272,0.9406488718412592,1.327444513023692,0.5270449178714517,0.00829714759286891,11,8,0.16583123951776998,2500,OLS_iid,iid,False,5
5,0,1,19,190001,True,34,False,100,0.8237675591248275,2.141254129819572,0.43704728028585255,0.3583648596602829,0.9775609323908329,0.9352552369839001,0.7333834539107557,0.007927816225863655,11,8,0.16583123951776998,2500,OLS_iid,iid,False,5
5,4,4001,10,100001,True,34,False,100,0.4434030805763488,1.0967181781306863,0.48649410845272684,0.4080367460708022,1.0614302841212004,0.9155873163072732,0.7369976472118318,0.007262684669170479,11,8,0.16583123951776998,2500,OLS_iid,iid,False,5
5,5,5001,27,270001,True,37,False,100,0.9185182958328538,0.6242929031141102,0.3909781036947781,0.30476525012236344,0.8821667774575254,0.7917158514871402,0.7573024293073273,0.008458937046561761,11,8,0.16583123951776998,2500,OLS_iid,iid,False,5
5,5,5001,18,180001,True,36,False,100,0.635410744224998,0.7318596737459302,0.377807289774703,0.29713062058094264,0.704999318374742,0.6939701015256984,0.7980760113868296,0.007183815418246549,11,8,0.16583123951776998,2500,OLS_iid,iid,False,5
5,5,5001,23,230001,True,37,False,100,0.5533339413386786,0.6833670451305807,0.4786853319577381,0.4042119387980406,1.017978688564309,0.979590259494155,0.6639466048101422,0.007466073595831263,11,8,0.16583123951776998,2500,OLS_iid,iid,False,5
5,5,5001,25,250001,True,37,False,100,0.6927912345888574,0.6733264280483127,0.41792396930639014,0.3362659632638408,0.9586925737939506,0.8156247839418415,0.7418586754699663,0.007881214690929256,11,8,0.16583123951776998,2500,OLS_iid,iid,False,5
5,5,5001,28,280001,True,34,False,100,0.48138778909358665,0.6181183611042798,0.48811171467557357,0.4144822828919887,0.8710217849823579,0.8650323107526097,0.7590769780272328,0.007307068156806482,11,8,0.16583123951776998,2500,OLS_iid,iid,False,5
5,1,1001,8,80001,True,33,False,100,0.5886716060744396,1.8983859089203179,0.5087469381424896,0.4323384043633359,1.0303298671309158,1.2065605646611417,0.537475168021001,0.007596039057684571,11,8,0.16583123951776998,2500,OLS_iid,iid,False,5
5,5,5001,16,160001,True,38,False,100,0.676217520476812,0.7908380883745849,0.46981223515528087,0.3905264669491251,0.9518899196918639,0.9999387777856569,0.6736209952744779,0.007259709547635,11,8,0.16583123951776998,2500,OLS_iid,iid,False,5
5,3,3001,17,170001,True,79,False,100,0.6663488150377282,1.3445355277508497,0.388174086500943,0.2958858048662755,1.0646065224716619,0.8945969650969002,0.8472368478317699,0.007556391034373098,11,8,0.16583123951776998,2500,OLS_iid,iid,False,5
5,4,4001,1,10001,True,33,False,100,0.6766198465255097,1.226581231225282,0.42740629074244957,0.3405510012217361,1.3057410974753285,1.0250580654302108,0.6897098251752191,0.007800285407510917,11,8,0.16583123951776998,2500,OLS_iid,iid,False,5
5,2,2001,21,210001,True,33,False,100,0.6700804593823679,1.5698000197298825,0.4388340793573477,0.3507399225429661,1.1010230711329267,0.8584963209257922,0.7965142143365754,0.0074707430373484665,11,8,0.16583123951776998,2500,OLS_iid,iid,False,5
5,5,5001,24,240001,True,32,False,100,0.49382897801089065,0.730970679782331,0.5326596366849955,0.45763024881370645,1.015401145449223,1.256442514676958,0.5547971370091677,0.007630747444129271,11,8,0.16583123951776998,2500,OLS_iid,iid,False,5
4,9,9001,0,1,True,49,False,100,0.7559997774127204,2.846958575770259,0.5491671491789888,0.49715201511411244,1.0623632444967677,1.1039346726656771,0.6238906204136853,0.004158431355653537,11,8,0.16583123951776998,2500,OLS_iid,iid,False,5
5,3,3001,24,240001,True,32,False,100,0.49382897801089065,1.3360333922319114,0.525563075502771,0.4497019825288856,1.0147188080770508,1.1076661652476714,0.6343387334672705,0.007397771849758793,11,8,0.16583123951776998,2500,OLS_iid,iid,False,5
5,6,6001,1,10001,True,33,False,100,0.6766198465255097,0.648767420090735,0.4298310868068992,0.35448942602835865,0.7637479371540091,0.6984011840934593,0.8232800066951693,0.007484058953133344,11,8,0.16583123951776998,2500,OLS_iid,iid,False,5
4,8,8001,24,240001,True,52,False,100,0.6333898579197669,2.922778724692762,0.5389599205456393,0.4782565013023126,0.9720241862261028,1.1260387412698467,0.5847553851033949,0.004762687141656418,11,8,0.16583123951776998,2500,OLS_iid,iid,False,5
4,0,1,18,180001,True,107,False,100,0.635410744224998,6.663874207995832,0.32498726767790354,0.2706597209250971,0.6328295545990826,0.5029099627382162,0.8813262032819321,0.004351606395208645,11,8,0.16583123951776998,2500,OLS_iid,iid,False,5
5,5,5001,29,290001,True,35,False,100,0.7411039681057955,0.7092907750047743,0.45561136037486943,0.38186827531573614,0.8868615010678804,1.2235629588319383,0.4132195483208659,0.007986323656295346,11,8,0.16583123951776998,2500,OLS_iid,iid,False,5
5,6,6001,23,230001,True,32,False,100,0.5533339413386786,0.5070468503981829,0.5071973283494258,0.4334661272166451,0.8375043246668455,1.1123943037010893,0.5788422880327136,0.007669942458486441,11,8,0.16583123951776998,2500,OLS_iid,iid,False,5
5,6,6001,3,30001,True,32,False,100,0.5786780204806588,0.6687620463781059,0.4478379776838948,0.37093115629062245,1.1181361984358733,0.9442093147459935,0.7361843805418427,0.007816936157752032,11,8,0.16583123951776998,2500,OLS_iid,iid,False,5
5,6,6001,8,80001,True,33,False,100,0.5886716060744396,0.644648926332593,0.365095290182563,0.28137339521705673,0.9283911096306544,0.6469064533581106,0.8200629117189308,0.007368439220504567,11,8,0.16583123951776998,2500,OLS_iid,iid,False,5
5,5,5001,22,220001,True,39,False,100,0.7067767475795607,0.8584724571555853,0.4604944514466152,0.37937849936381246,0.9871849528243468,0.9279854502320974,0.7233939376030117,0.007523133842667417,11,8,0.16583123951776998,2500,OLS_iid,iid,False,5
5,6,6001,10,100001,True,32,False,100,0.4434030805763488,0.6819997932761908,0.5363357785245251,0.4644685170617727,0.9718952378154002,1.1652671992557357,0.6043305934190345,0.007185632746086277,11,8,0.16583123951776998,2500,OLS_iid,iid,False,5
5,6,6001,5,50001,True,37,False,100,0.7709298441133979,0.72208287473768,0.3404979577305525,0.276184228258117,0.6374901243967083,0.8561198383293309,0.6286201557215139,0.007956179662427443,11,8,0.16583123951776998,2500,OLS_iid,iid,False,5
5,2,2001,25,250001,True,32,False,100,0.6927912345888574,1.6698837280273438,0.47978439174946286,0.4012660236849786,1.119279705095471,1.0598988819280286,0.6132760163799241,0.00794998740446667,11,8,0.16583123951776998,2500,OLS_iid,iid,False,5
5,4,4001,16,160001,True,32,False,100,0.676217520476812,1.2475589611567557,0.449306626650246,0.3603936253646726,0.9507532095416336,0.7197422324405985,0.8256717159372116,0.0072625810397129046,11,8,0.16583123951776998,2500,OLS_iid,iid,False,5
5,0,1,25,250001,True,119,False,100,0.6927912345888574,2.236092231236398,0.32566996791021274,0.2395645748184526,1.1424749690207774,0.5631182449180433,0.8782000071701578,0.008191134422576846,11,8,0.16583123951776998,2500,OLS_iid,iid,False,5
5,5,5001,14,140001,True,48,False,100,0.591208658049669,0.9733814741484821,0.4310134628903197,0.3559351061637581,1.0366669680371157,1.1302796095440504,0.7129146802637543,0.007513535789952087,11,8,0.16583123951776998,2500,OLS_iid,iid,False,5
5,6,6001,6,60001,True,35,False,100,0.7099204608581529,0.758139040786773,0.4469186584182235,0.36481553456675725,1.032396897339979,0.9467523635177318,0.7093170033582435,0.007637066634805345,11,8,0.16583123951776998,2500,OLS_iid,iid,False,5
5,6,6001,28,280001,True,32,False,100,0.48138778909358665,0.5675705736503005,0.5377435799611582,0.4643250821096548,1.0256489255168693,1.3731501055998576,0.5480535290302113,0.007316324346732821,11,8,0.16583123951776998,2500,OLS_iid,iid,False,5
5,6,6001,12,120001,True,36,False,100,0.6925403289409808,0.7018444710411131,0.4755079655744513,0.39054781502484703,1.0741227266441884,0.9459514330720585,0.6879726211905856,0.007389594831754029,11,8,0.16583123951776998,2500,OLS_iid,iid,False,5
5,6,6001,16,160001,True,34,False,100,0.676217520476812,0.6855506123974919,0.46902936162184844,0.3880156808234512,0.8968418301915534,1.1084963994832744,0.5234060157189132,0.007668566130070963,11,8,0.16583123951776998,2500,OLS_iid,iid,False,5
5,6,6001,21,210001,True,33,False,100,0.6700804593823679,0.6422859812155366,0.5145323102807274,0.43042003767914316,0.8607159670764968,1.9250772762211046,0.5982299781257104,0.007428304120941931,11,8,0.16583123951776998,2500,OLS_iid,iid,False,5
5,6,6001,0,1,True,45,False,100,0.7559997774127204,0.8546800720505416,0.4105796412401495,0.33195205518688675,0.8415415083606785,0.7739119747196544,0.752774270768505,0.0075932033608089285,11,8,0.16583123951776998,2500,OLS_iid,iid,False,5
5,3,3001,8,80001,True,33,False,100,0.5886716060744396,1.638201495166868,0.4335562990078748,0.35399880421510815,1.007182281310345,0.7542907929681469,0.7788389883314039,0.007541232220860468,11,8,0.16583123951776998,2500,OLS_iid,iid,False,5
5,4,4001,7,70001,True,32,False,100,0.6817050683873941,1.4067500620149076,0.428920274874963,0.3403081088678768,0.9414455972389264,0.9251552329129596,0.7386293681860322,0.0076067100954272885,11,8,0.16583123951776998,2500,OLS_iid,iid,False,5
5,6,6001,15,150001,True,39,False,100,0.6466714203305812,0.7365613649599254,0.4315303738000674,0.34868471509990323,0.9726089907482536,0.7281273271913312,0.8146514592185068,0.007637316216204839,11,8,0.16583123951776998,2500,OLS_iid,iid,False,5
5,6,6001,19,190001,True,38,False,100,0.8237675591248275,0.7327538579702377,0.43406163287062577,0.3621132541134339,1.1818408382883614,0.8692932017328746,0.6472262526339785,0.008714064533885648,11,8,0.16583123951776998,2500,OLS_iid,iid,False,5
5,1,1001,21,210001,True,35,False,100,0.6700804593823679,2.070293549913913,0.46755467975313675,0.38899232399208494,1.0174300978240156,0.7636477649269221,0.7981350495227932,0.007631027471863035,11,8,0.16583123951776998,2500,OLS_iid,iid,False,5
3,8,8001,24,240001,True,135,False,100,0.6333898579197669,8.831308154854923,0.6037583532901439,0.5811430939305912,1.0066521290814443,1.2208819167311598,0.5753990561728444,2.3166665275699633e-05,11,8,0.16583123951776998,2500,OLS_iid,iid,False,5
5,7,7001,4,40001,True,32,False,100,0.4476074960338264,0.6156342960894108,0.5727561326328302,0.5107228921638634,1.107343243559592,1.350973110906592,0.5795280113512525,0.0073500550721572935,11,8,0.16583123951776998,2500,OLS_iid,iid,False,5
5,0,1,0,1,True,148,False,100,0.7559997774127204,2.712065073661506,0.34708049382510225,0.25734677235227615,0.8644819513616409,0.5625955304081196,0.8590953186763449,0.007858724843379022,11,8,0.16583123951776998,2500,OLS_iid,iid,False,5
5,4,4001,27,270001,True,71,False,100,0.9185182958328538,1.2874466930516064,0.3376982376199893,0.25695456082110674,0.8427283598616813,0.5793185989944186,0.83803365025967,0.008233112194364832,11,8,0.16583123951776998,2500,OLS_iid,iid,False,5
5,3,3001,13,130001,True,89,False,100,0.5928446627589771,1.660916652996093,0.21009492569201155,0.16840896177583128,0.3895160168705416,0.42266855574329915,0.9129366283708967,0.00765387427680696,11,8,0.16583123951776998,2500,OLS_iid,iid,False,5
5,2,2001,2,20001,True,37,False,100,0.8223389972643678,2.0095971482805908,0.44637770606259713,0.3602618202123906,0.9464733573728591,1.088910661215331,0.5074483324163034,0.008861331185170993,11,8,0.16583123951776998,2500,OLS_iid,iid,False,5
5,6,6001,25,250001,True,34,False,100,0.6927912345888574,0.7111606132239103,0.41466143649677895,0.3344433677842445,0.8517679941436263,0.7506649787253804,0.7573316434923442,0.008188971796505552,11,8,0.16583123951776998,2500,OLS_iid,iid,False,5
5,7,7001,0,1,True,34,False,100,0.7559997774127204,0.6650008000433445,0.4233323138050723,0.3442245970160289,0.8176434474514914,0.8051602837038067,0.733345400587701,0.007353646040506399,11,8,0.16583123951776998,2500,OLS_iid,iid,False,5
5,3,3001,3,30001,True,34,False,100,0.5786780204806588,1.7920693289488554,0.46508160203312904,0.3885813415598476,0.8785573265640314,0.8866020153978896,0.6928137853554897,0.0078388333128798,11,8,0.16583123951776998,2500,OLS_iid,iid,False,5
5,6,6001,26,260001,True,33,False,100,0.5342525759270861,0.7277753497473896,0.4451511776947331,0.36699814559988014,1.3639262968097505,0.994335979864938,0.6999966456860599,0.007462739580088359,11,8,0.16583123951776998,2500,OLS_iid,iid,False,5
5,4,4001,12,120001,True,34,False,100,0.6925403289409808,1.5010880259796977,0.4280834245150031,0.3535030581666784,0.9217297016315023,0.7293806455544677,0.8107830423778294,0.007618236671086962,11,8,0.16583123951776998,2500,OLS_iid,iid,False,5
5,6,6001,7,70001,True,34,False,100,0.6817050683873941,0.9353768900036812,0.4344374841405166,0.3498938307180928,0.8479610860700937,0.7962653396660874,0.7769275241946628,0.007917207536990512,11,8,0.16583123951776998,2500,OLS_iid,iid,False,5
5,6,6001,22,220001,True,40,False,100,0.7067767475795607,0.8183917170390487,0.3774868267022423,0.2903502867102961,0.7695230853459059,0.7041251054686519,0.7805717024760025,0.007276095779170339,11,8,0.16583123951776998,2500,OLS_iid,iid,False,5
5,7,7001,11,110001,True,34,False,100,0.765549815274042,0.6607397859916091,0.49444128945462673,0.4194192878905904,0.9240803343958552,1.1870340687967078,0.4907040459087104,0.00745869432597814,11,8,0.16583123951776998,2500,OLS_iid,iid,False,5
5,3,3001,14,140001,True,33,False,100,0.591208658049669,1.7522335960529745,0.43326021378766455,0.3521395653039488,0.828578877403844,0.8121749146893635,0.7369369636021218,0.007268981245733675,11,8,0.16583123951776998,2500,OLS_iid,iid,False,5
5,7,7001,14,140001,True,36,False,100,0.591208658049669,0.6713361102156341,0.4635946910477823,0.3838023033951572,0.9875485522453534,0.8604997812900322,0.7582290617841264,0.007611425773102264,11,8,0.16583123951776998,2500,OLS_iid,iid,False,5
5,7,7001,16,160001,True,33,False,100,0.676217520476812,0.6474101389758289,0.47139357680586924,0.38914758707085717,1.0100617976804238,0.8775068579418618,0.7517302190634386,0.0074537962666155425,11,8,0.16583123951776998,2500,OLS_iid,iid,False,5
4,9,9001,18,180001,True,45,False,100,0.635410744224998,3.0740124457515776,0.5672672145779939,0.5168290288234639,0.9604670078830624,1.0930012737053612,0.633455099165358,0.004016039174132769,11,8,0.16583123951776998,2500,OLS_iid,iid,False,5
3,9,9001,11,110001,True,127,False,100,0.765549815274042,8.48509847605601,0.45983671964588757,0.4173658513828062,0.9188906673813859,0.8902816006189018,0.658633325946825,1.4607668118435404e-05,11,8,0.16583123951776998,2500,OLS_iid,iid,False,5
5,7,7001,10,100001,True,34,False,100,0.4434030805763488,0.7391667379997671,0.43386641611583154,0.3555970621383436,0.7742669297620841,0.7786934469050318,0.7648240840088398,0.007375267160686835,11,8,0.16583123951776998,2500,OLS_iid,iid,False,5
5,7,7001,28,280001,True,33,False,100,0.48138778909358665,0.5199399800039828,0.503763467875465,0.4324762532648808,0.9366422990777588,0.9669772092619598,0.7052958779361652,0.007392842571023431,11,8,0.16583123951776998,2500,OLS_iid,iid,False,5
5,7,7001,24,240001,True,32,False,100,0.49382897801089065,0.5831323978491127,0.4379616699219911,0.3516205816914461,0.8791890681254789,0.8426358083837293,0.7156193618517378,0.007282824008203673,11,8,0.16583123951776998,2500,OLS_iid,iid,False,5
3,8,8001,26,260001,True,130,False,100,0.7800179477656639,9.004049363080412,0.5115551332772955,0.46466347356173626,0.9119693008803498,0.9368840960004727,0.6355425829373129,1.4858926974219627e-05,11,8,0.16583123951776998,2500,OLS_iid,iid,False,5
5,7,7001,19,190001,True,35,False,100,0.8237675591248275,0.676078740041703,0.39370341836907197,0.3179051878842663,0.919112126382331,0.6843124567083874,0.7866177976279397,0.008341701944436999,11,8,0.16583123951776998,2500,OLS_iid,iid,False,5
5,7,7001,8,80001,True,33,False,100,0.5886716060744396,0.7877595368772745,0.5019356766901191,0.42891750126407263,1.191779443647747,1.8820150127675346,0.662704231097225,0.007354083617887487,11,8,0.16583123951776998,2500,OLS_iid,iid,False,5
5,7,7001,15,150001,True,34,False,100,0.6466714203305812,0.788603191729635,0.4353247472507476,0.3568670739775391,0.8840091200141144,0.8475770715339893,0.6993189385538074,0.007283677885978264,11,8,0.16583123951776998,2500,OLS_iid,iid,False,5
5,1,1001,29,290001,True,35,False,100,0.7411039681057955,2.263125652913004,0.4528638899743797,0.3761458045324469,0.8865461108817008,1.0699897655149682,0.6492883180464756,0.007942508184282951,11,8,0.16583123951776998,2500,OLS_iid,iid,False,5
5,5,5001,0,1,True,79,False,100,0.7559997774127204,1.521122151054442,0.4335492325015508,0.35323539142452876,1.0690648790369108,0.7131831496695392,0.8185148410069324,0.0077746116934286616,11,8,0.16583123951776998,2500,OLS_iid,iid,False,5
5,7,7001,18,180001,True,33,False,100,0.635410744224998,0.7493004663847387,0.4590337671686763,0.37737168930655723,0.8684223871891512,0.8254350738621327,0.7474606749053295,0.007381552326732599,11,8,0.16583123951776998,2500,OLS_iid,iid,False,5
5,7,7001,21,210001,True,36,False,100,0.6700804593823679,0.7012688252143562,0.40826495553114556,0.33742310538367454,0.7835494228252325,0.7788353007363313,0.7436509996660617,0.007707022203906985,11,8,0.16583123951776998,2500,OLS_iid,iid,False,5
5,6,6001,14,140001,True,56,False,100,0.591208658049669,1.085332599002868,0.3927401455574043,0.3161145153349885,0.8200228500129604,0.647065855605045,0.827875662607802,0.00744808936312714,11,8,0.16583123951776998,2500,OLS_iid,iid,False,5
5,7,7001,13,130001,True,34,False,100,0.5928446627589771,0.864277461078018,0.46903630896249404,0.3909173548812548,0.9211520376254294,0.9429289999758099,0.7058204464953124,0.007872547754356852,11,8,0.16583123951776998,2500,OLS_iid,iid,False,5
5,7,7001,29,290001,True,32,False,100,0.7411039681057955,0.6617704499512911,0.457609803196725,0.38017207395735925,1.1091835866163668,1.0862422292561338,0.6163177813517192,0.007915933425494447,11,8,0.16583123951776998,2500,OLS_iid,iid,False,5
5,8,8001,0,1,True,34,False,100,0.7559997774127204,0.6480126846581697,0.46807608305552495,0.39068804729397916,0.89784718054295,0.9101516202971413,0.7151467853377156,0.007262931709800537,11,8,0.16583123951776998,2500,OLS_iid,iid,False,5
5,7,7001,25,250001,True,35,False,100,0.6927912345888574,0.7038049781695008,0.4618680212690726,0.3835372286502927,0.8070779239168732,0.9835221012094778,0.5960503714550613,0.008223373928271029,11,8,0.16583123951776998,2500,OLS_iid,iid,False,5
5,8,8001,4,40001,True,33,False,100,0.4476074960338264,0.6380298770964146,0.4596101148668924,0.3873130070474042,0.9377416458913382,1.203683731348226,0.6643456536325131,0.007307035243145509,11,8,0.16583123951776998,2500,OLS_iid,iid,False,5
5,8,8001,15,150001,True,34,False,100,0.6466714203305812,0.5658219358883798,0.47713819641370725,0.4001650837470852,1.0296964000561275,0.9156919206953974,0.7243071940410223,0.007154921068260921,11,8,0.16583123951776998,2500,OLS_iid,iid,False,5
5,8,8001,5,50001,True,37,False,100,0.7709298441133979,0.6742857610806823,0.3492880076217883,0.28803962236850006,0.6222077523566141,0.802622702711667,0.7083801082138791,0.007981723576845193,11,8,0.16583123951776998,2500,OLS_iid,iid,False,5
5,8,8001,8,80001,True,33,False,100,0.5886716060744396,0.6753727248869836,0.44582639788492584,0.3650068902831357,0.9829947164344858,1.0021807702734218,0.7008285165184359,0.007522039131801378,11,8,0.16583123951776998,2500,OLS_iid,iid,False,5
5,7,7001,3,30001,True,47,False,100,0.5786780204806588,1.049243233166635,0.38312727919227496,0.30731482922064396,0.8664105092577213,0.6674629721581377,0.8261844338090679,0.0075348797121580005,11,8,0.16583123951776998,2500,OLS_iid,iid,False,5
5,8,8001,11,110001,True,34,False,100,0.765549815274042,0.6649439996108413,0.46087058053374613,0.3840569083892947,1.0549192080056726,1.0025253159978107,0.6094702229968828,0.007858520648832905,11,8,0.16583123951776998,2500,OLS_iid,iid,False,5
5,8,8001,14,140001,True,33,False,100,0.591208658049669,0.6455067303031683,0.4572671850501439,0.380900360745129,0.82807227082376,0.8364247006728863,0.738087835460556,0.0074569557313183266,11,8,0.16583123951776998,2500,OLS_iid,iid,False,5
5,8,8001,18,180001,True,34,False,100,0.635410744224998,0.6174029652029276,0.452379036348944,0.37139966395500523,0.9832697734464715,0.8412763563181777,0.7565343614106076,0.007218070384242152,11,8,0.16583123951776998,2500,OLS_iid,iid,False,5
5,0,1,5,50001,True,82,False,100,0.7709298441133979,3.125637455843389,0.35917450136459594,0.2871394375111271,0.897658150674456,0.7066124576765237,0.7709185941401248,0.008065378576117428,11,8,0.16583123951776998,2500,OLS_iid,iid,False,5
5,3,3001,7,70001,True,35,False,100,0.6817050683873941,2.2072701291181147,0.4497203892594803,0.36755626670106345,0.8799892394485211,0.8979526534213852,0.6907823104736446,0.008135521661022362,11,8,0.16583123951776998,2500,OLS_iid,iid,False,5
5,8,8001,23,230001,True,33,False,100,0.5533339413386786,0.6459149378351867,0.4865105506908886,0.40887572366047353,1.0249441786503972,0.9540847897889474,0.6906307048221172,0.007430756511246,11,8,0.16583123951776998,2500,OLS_iid,iid,False,5
5,8,8001,25,250001,True,34,False,100,0.6927912345888574,0.6245663510635495,0.48557227233808503,0.4204945359057513,0.9124924536880502,1.2024598540719005,0.5498269631696275,0.007685221955521443,11,8,0.16583123951776998,2500,OLS_iid,iid,False,5
5,8,8001,26,260001,True,33,False,100,0.5342525759270861,0.6269940659403801,0.46515635414271467,0.3785892077533264,0.8341941655031117,1.004757342486056,0.6278111393651361,0.007714277284436062,11,8,0.16583123951776998,2500,OLS_iid,iid,False,5
5,8,8001,16,160001,True,31,False,100,0.676217520476812,0.7388403811492026,0.527688593351185,0.45115612160412405,0.9674096099220874,1.2475965001364837,0.517949927750513,0.007377531827152256,11,8,0.16583123951776998,2500,OLS_iid,iid,False,5
5,5,5001,13,130001,True,40,False,100,0.5928446627589771,1.6767595349811018,0.4647047142082471,0.38570374579822386,0.8599884338478253,1.0578074071562773,0.5679415382820535,0.008063801192406626,11,8,0.16583123951776998,2500,OLS_iid,iid,False,5
5,4,4001,19,190001,True,33,False,100,0.8237675591248275,1.8993771327659488,0.502195441989926,0.43071641451780335,1.0570285283672676,0.9623939858848926,0.700048738919342,0.00800460640479552,11,8,0.16583123951776998,2500,OLS_iid,iid,False,5
5,8,8001,20,200001,True,32,False,100,0.5808151268594547,0.6930521558970213,0.4743003982472858,0.39753300249299933,0.9541103208910079,0.8658824632192693,0.7527057604102804,0.007140451478555897,11,8,0.16583123951776998,2500,OLS_iid,iid,False,5
5,9,9001,0,1,True,33,False,100,0.7559997774127204,0.609478744212538,0.5411876458173642,0.4697468669649874,1.0025409632680768,1.2739409342376382,0.5273322711071634,0.00740149542873655,11,8,0.16583123951776998,2500,OLS_iid,iid,False,5
5,8,8001,24,240001,True,35,False,100,0.49382897801089065,0.6878621377982199,0.46508254340522526,0.383158677407243,0.8795427568155878,0.9113557273544189,0.6945793383024742,0.007451823396973492,11,8,0.16583123951776998,2500,OLS_iid,iid,False,5
5,8,8001,19,190001,True,33,False,100,0.8237675591248275,0.7103644981980324,0.2705394828103887,0.2129782536215769,0.6136334495551865,0.48388925057198784,0.8856878949439095,0.008221932485325153,11,8,0.16583123951776998,2500,OLS_iid,iid,False,5
5,8,8001,2,20001,True,52,False,100,0.8223389972643678,0.918177526909858,0.4098663622643587,0.3054761327678772,0.9625731506031973,0.8297841247678154,0.6944033874758474,0.00862336103389644,11,8,0.16583123951776998,2500,OLS_iid,iid,False,5
5,6,6001,9,90001,True,33,False,100,0.8592656279146536,1.4467245643027127,0.48487272831406647,0.40393330885749984,0.8965279866264745,1.2023614333513841,0.503676334358671,0.007831070958573471,11,8,0.16583123951776998,2500,OLS_iid,iid,False,5
5,9,9001,4,40001,True,33,False,100,0.4476074960338264,0.6446788059547544,0.42186116993058503,0.3477025996384801,0.8894509259649368,0.6894614534113822,0.8111921587403238,0.007616859733816364,11,8,0.16583123951776998,2500,OLS_iid,iid,False,5
5,8,8001,29,290001,True,36,False,100,0.7411039681057955,0.6988790389150381,0.536459598086382,0.4624098002660128,1.1285368690427584,1.2201600520225149,0.5733095407951029,0.008069629280411286,11,8,0.16583123951776998,2500,OLS_iid,iid,False,5
5,9,9001,3,30001,True,34,False,100,0.5786780204806588,0.6565981116145849,0.4735530886173503,0.396817345821664,1.0253424241851483,0.9147466820072192,0.7205114764384603,0.007990995359969829,11,8,0.16583123951776998,2500,OLS_iid,iid,False,5
5,4,4001,17,170001,True,109,False,100,0.6663488150377282,2.0302823991514742,0.34468239899506514,0.26445755748735295,0.9689877024683419,0.6162483957531472,0.8264375848399226,0.007704584480587502,11,8,0.16583123951776998,2500,OLS_iid,iid,False,5
5,5,5001,20,200001,True,32,False,100,0.5808151268594547,1.67780328867957,0.5396295581276023,0.4656445576322112,0.8926776547387519,1.060899578060053,0.6803455023533914,0.007418311948658013,11,8,0.16583123951776998,2500,OLS_iid,iid,False,5
5,6,6001,29,290001,True,35,False,100,0.7411039681057955,1.3005947908386588,0.4551128237193487,0.3816102844080012,0.8022344060505507,0.8617708406927586,0.743562210046587,0.007717378049430018,11,8,0.16583123951776998,2500,OLS_iid,iid,False,5
5,4,4001,2,20001,True,38,False,100,0.8223389972643678,2.1548473555594683,0.3855859503669885,0.3098246708153703,0.7729304815964819,0.9086733006952196,0.6380061688773672,0.008525298482021836,11,8,0.16583123951776998,2500,OLS_iid,iid,False,5
6,0,1,0,1,True,33,False,100,0.5114186415974027,0.44945904798805714,0.41937963352400914,0.3207035652201057,0.8952508266438528,0.842780165998499,0.7594470063187309,0.010423341814106537,11,8,0.16583123951776998,2500,OLS_iid,iid,False,5
5,3,3001,5,50001,True,51,False,100,0.7709298441133979,2.416397080756724,0.41374846921135594,0.34244267479722884,1.2159473750051741,0.7263871856302467,0.7729490894200017,0.008065737365223922,11,8,0.16583123951776998,2500,OLS_iid,iid,False,5
5,9,9001,7,70001,True,33,False,100,0.6817050683873941,0.6989287789911032,0.4296442756312688,0.34665125560375265,0.7569212396481867,0.7909527003097123,0.742654834370308,0.008145510621298948,11,8,0.16583123951776998,2500,OLS_iid,iid,False,5
5,9,9001,10,100001,True,33,False,100,0.4434030805763488,0.6990202479064465,0.4811938395428135,0.40408094684440915,1.0078636296207975,0.8960292014151697,0.7521620760650207,0.007224947265420329,11,8,0.16583123951776998,2500,OLS_iid,iid,False,5
5,9,9001,15,150001,True,33,False,100,0.6466714203305812,0.6740926126949489,0.506724788446804,0.434974809532041,1.07837918885682,0.9603085313828469,0.7239367087465229,0.007117193298108818,11,8,0.16583123951776998,2500,OLS_iid,iid,False,5
5,9,9001,13,130001,True,36,False,100,0.5928446627589771,0.6949568237178028,0.3868605131195355,0.30680753131924576,0.9907438693737365,0.6655064240061855,0.8175872765923771,0.007649398746568787,11,8,0.16583123951776998,2500,OLS_iid,iid,False,5
5,6,6001,17,170001,True,33,False,100,0.6663488150377282,1.487586300354451,0.4401596437136523,0.3648134270060039,0.7224901117745192,1.075934011507109,0.5026938147089659,0.008205418909063318,11,8,0.16583123951776998,2500,OLS_iid,iid,False,5
5,6,6001,4,40001,True,34,False,100,0.4476074960338264,1.6086086980067194,0.4264218546037664,0.3534753749229433,0.7596750162693697,0.7524401707740234,0.7838252196805445,0.00726399518322022,11,8,0.16583123951776998,2500,OLS_iid,iid,False,5
5,7,7001,7,70001,True,36,False,100,0.6817050683873941,1.3239374160766602,0.4484405216040771,0.37224489195467425,0.8660554762986385,1.0523178615346445,0.5483513598225889,0.0077003007148614,11,8,0.16583123951776998,2500,OLS_iid,iid,False,5
5,9,9001,16,160001,True,33,False,100,0.676217520476812,0.6841517398133874,0.5278583767998251,0.46108258890008896,1.182999779194271,1.4775555461829313,0.532466909025309,0.007708165773833386,11,8,0.16583123951776998,2500,OLS_iid,iid,False,5
5,9,9001,21,210001,True,32,False,100,0.6700804593823679,0.6302105258218944,0.47378724210195816,0.38231961933798897,0.8243910190642162,0.9733315986856924,0.731584780529766,0.00747294022867199,11,8,0.16583123951776998,2500,OLS_iid,iid,False,5
5,4,4001,21,210001,True,107,False,100,0.6700804593823679,2.109502477105707,0.34087395112988295,0.2587841052241541,0.9604903463854106,0.5890319905563709,0.8490426120585345,0.007258490080941172,11,8,0.16583123951776998,2500,OLS_iid,iid,False,5
6,0,1,12,120001,True,28,False,100,0.6925403289409808,0.42461566207930446,0.4336976614188565,0.32904041259332056,0.976417744479653,1.043747103094478,0.6991522591842682,0.010916968117630686,11,8,0.16583123951776998,2500,OLS_iid,iid,False,5
5,8,8001,10,100001,True,33,False,100,0.4434030805763488,1.0221212110482156,0.5541256326222751,0.4852034323351411,1.0355637486394909,1.3272207627924604,0.5108984242705786,0.007671428032583233,11,8,0.16583123951776998,2500,OLS_iid,iid,False,5
5,9,9001,25,250001,True,33,False,100,0.6927912345888574,0.6284495959989727,0.41675551823220025,0.3425132138115177,0.7507001065332672,0.9398309655006024,0.6249746380140621,0.007876597237340141,11,8,0.16583123951776998,2500,OLS_iid,iid,False,5
5,0,1,23,230001,True,204,False,100,0.5533339413386786,3.2553270999342203,0.3337410990131575,0.25842945948464763,0.9061966994335973,0.4953434992218422,0.8978160147901968,0.0076302194850437705,11,8,0.16583123951776998,2500,OLS_iid,iid,False,5
5,8,8001,13,130001,True,46,False,100,0.5928446627589771,1.0199863850139081,0.48283967219168034,0.40983606202914447,1.036590219411229,0.9706309552149319,0.6291999445121755,0.007916206286824757,11,8,0.16583123951776998,2500,OLS_iid,iid,False,5
5,9,9001,26,260001,True,33,False,100,0.5342525759270861,0.6307579921558499,0.4202986092910726,0.33634731657366385,0.8396285580677352,0.7596020903917885,0.7813961587356942,0.007469324867287833,11,8,0.16583123951776998,2500,OLS_iid,iid,False,5
5,9,9001,22,220001,True,34,False,100,0.7067767475795607,0.6758105019107461,0.47459574214990397,0.39245830042741864,0.8179144229577334,1.3459195334531333,0.5298311693666756,0.007347316822188809,11,8,0.16583123951776998,2500,OLS_iid,iid,False,5
6,0,1,11,110001,True,31,False,100,0.765549815274042,0.488964952994138,0.4184422683387485,0.3204754769702426,1.055648332136095,0.990797135330489,0.6609677493867817,0.01081265667248863,11,8,0.16583123951776998,2500,OLS_iid,iid,False,5
6,0,1,4,40001,True,34,False,100,0.41496186204243024,0.5687012071721256,0.41141577080878267,0.3205756374549067,0.948625330430037,0.7998753791030319,0.7829084076048767,0.010658386091242372,11,8,0.16583123951776998,2500,OLS_iid,iid,False,5
5,9,9001,29,290001,True,33,False,100,0.7411039681057955,0.6382095362059772,0.4423151868574661,0.3629410373347588,1.0409626606691607,1.1026121094689574,0.544787728793269,0.007588805357932644,11,8,0.16583123951776998,2500,OLS_iid,iid,False,5
6,0,1,8,80001,True,27,False,100,0.5886716060744396,0.5248507498763502,0.4701065960477165,0.3733755142364777,0.7998296686223585,1.038331927919515,0.6731162418402576,0.0108124274942359,11,8,0.16583123951776998,2500,OLS_iid,iid,False,5
6,0,1,5,50001,True,30,False,100,0.5698202118398672,0.5763482102192938,0.436449602488793,0.3409958108703654,0.8568310623573318,1.016639987096271,0.606972512245562,0.011511275485413898,11,8,0.16583123951776998,2500,OLS_iid,iid,False,5
5,7,7001,20,200001,True,34,False,100,0.5808151268594547,1.2896717293187976,0.44591787235593144,0.3697196328733931,0.8642007879256298,0.7488052710979027,0.8061134859642952,0.00721481001209966,11,8,0.16583123951776998,2500,OLS_iid,iid,False,5
6,0,1,9,90001,True,28,False,100,0.5395285147989731,0.5468116132542491,0.44821370683620065,0.3420214020946741,1.0238036188383826,1.0404350362317232,0.6635811788886767,0.010817637196902312,11,8,0.16583123951776998,2500,OLS_iid,iid,False,5
6,0,1,7,70001,True,34,False,100,0.6817050683873941,0.5625002160668373,0.36209186913022784,0.27464779192504474,0.6599437282477023,0.6950232482858805,0.808117323933996,0.010843844564069161,11,8,0.16583123951776998,2500,OLS_iid,iid,False,5
5,8,8001,7,70001,True,32,False,100,0.6817050683873941,1.1859522140584886,0.4186089982275683,0.3370198453676266,0.7861699575496475,0.8050428683082235,0.7271090415215093,0.0076740114280422975,11,8,0.16583123951776998,2500,OLS_iid,iid,False,5
5,8,8001,28,280001,True,53,False,100,0.48138778909358665,1.0040947529487312,0.40658218972493404,0.3336744000596671,0.8566790512637756,0.6546932643272424,0.8406617409941194,0.007486868682769196,11,8,0.16583123951776998,2500,OLS_iid,iid,False,5
6,0,1,13,130001,True,29,False,100,0.5403875914353394,0.5347716282121837,0.4453136081040769,0.3495127758273437,0.8486102939909187,1.1301502870736277,0.5473173072312945,0.011320135191148498,11,8,0.16583123951776998,2500,OLS_iid,iid,False,5
6,0,1,2,20001,True,35,False,100,0.8223389972643678,0.6699761389754713,0.4250833135953636,0.3242805107800107,0.7874973646650099,1.1050005223555364,0.5064126883473731,0.011787967868289801,11,8,0.16583123951776998,2500,OLS_iid,iid,False,5
6,0,1,18,180001,True,30,False,100,0.635410744224998,0.5006921999156475,0.4283509613814519,0.32680014239872146,0.848748126588909,0.8906258656824431,0.7205624321022918,0.010545085818946046,11,8,0.16583123951776998,2500,OLS_iid,iid,False,5
5,9,9001,19,190001,True,38,False,100,0.8237675591248275,0.8654641350731254,0.44657001911045047,0.37210993802309794,0.8231612128115365,0.8038207752396852,0.7689580208381533,0.007978220418101539,11,8,0.16583123951776998,2500,OLS_iid,iid,False,5
5,8,8001,6,60001,True,32,False,100,0.7099204608581529,1.2460196809843183,0.4183253863491838,0.3377507143736057,0.8129489713413506,0.8301400993968056,0.7315011074393194,0.007800597172965288,11,8,0.16583123951776998,2500,OLS_iid,iid,False,5
5,6,6001,2,20001,True,39,False,100,0.8223389972643678,1.862627140711993,0.4230620924610671,0.33854140930479154,0.8467523303404861,1.1869255332731738,0.699426880388991,0.008746308567647717,11,8,0.16583123951776998,2500,OLS_iid,iid,False,5
6,0,1,10,100001,True,44,False,100,0.4161500146245627,0.6336960340850055,0.3699206727097665,0.28378255102567673,0.846633294484384,0.6552604805580786,0.8397912564152371,0.010501638416880775,11,8,0.16583123951776998,2500,OLS_iid,iid,False,5
5,4,4001,5,50001,True,130,False,100,0.7709298441133979,2.4505788991227746,0.29947959194536944,0.23808787814377752,0.6111998443143174,0.5255153560568812,0.8771770886191028,0.007851731242653204,11,8,0.16583123951776998,2500,OLS_iid,iid,False,5
5,9,9001,27,270001,True,41,False,100,0.9185182958328538,0.7882221937179565,0.4308406597968306,0.34795574588487255,0.9511308720569435,0.8389367475262643,0.7369157676770163,0.007950624350315053,11,8,0.16583123951776998,2500,OLS_iid,iid,False,5
6,0,1,24,240001,True,28,False,100,0.49382897801089065,0.440663592889905,0.4038371821478332,0.3081094240401175,0.8576618410036074,0.7993504234860759,0.7630398432539861,0.01085988355704848,11,8,0.16583123951776998,2500,OLS_iid,iid,False,5
6,0,1,6,60001,True,42,False,100,0.5546778985140032,0.6912032356485724,0.3753493263209818,0.28378300643347515,0.7155757968014893,0.7826028099739712,0.77364395712891,0.010851980912824067,11,8,0.16583123951776998,2500,OLS_iid,iid,False,5
6,0,1,28,280001,True,30,False,100,0.48138778909358665,0.48593514086678624,0.4365932726484738,0.34411283564677486,0.9878655565548846,0.8521402888723275,0.756806044547117,0.010636162900998036,11,8,0.16583123951776998,2500,OLS_iid,iid,False,5
6,0,1,23,230001,True,29,False,100,0.49317283258034506,0.5368950949050486,0.4561605469478223,0.3533278373926454,0.8974407052984666,1.0913788356104246,0.61004187281872,0.010611905499759202,11,8,0.16583123951776998,2500,OLS_iid,iid,False,5
6,1,1001,0,1,True,28,False,100,0.5114186415974027,0.5130306831561029,0.5205266656025757,0.4259155188780225,1.1885709929022936,1.8029540784315448,0.5069940007796412,0.010653240519401627,11,8,0.16583123951776998,2500,OLS_iid,iid,False,5
5,6,6001,24,240001,True,35,False,100,0.49382897801089065,1.7818514429964125,0.44908531940309737,0.36854209227033596,1.0058911828489538,0.8297146576153464,0.7615964631688921,0.007290719080737375,11,8,0.16583123951776998,2500,OLS_iid,iid,False,5
6,0,1,14,140001,True,45,False,100,0.46161486330908097,0.6485190517269075,0.3381053775417173,0.2539872362891431,0.7225477164472992,0.6491721378134911,0.8192997040069271,0.010779047438580503,11,8,0.16583123951776998,2500,OLS_iid,iid,False,5
5,7,7001,17,170001,True,90,False,100,0.6663488150377282,1.610692874994129,0.28033228455954184,0.1978266274712242,0.8794254905414034,0.42325675245302047,0.9236473478564182,0.007644552366735074,11,8,0.16583123951776998,2500,OLS_iid,iid,False,5
5,9,9001,8,80001,True,66,False,100,0.5886716060744396,1.1378247630782425,0.362056049426106,0.274159232429189,0.8170189977987918,0.5608747445190789,0.8562370784293335,0.007685852715367942,11,8,0.16583123951776998,2500,OLS_iid,iid,False,5
5,7,7001,2,20001,True,48,False,100,0.8223389972643678,1.7712307278998196,0.3845362369403392,0.29922348575920465,0.8905192766106519,0.8119021724505036,0.6710297023550459,0.008566514823134376,11,8,0.16583123951776998,2500,OLS_iid,iid,False,5
6,1,1001,10,100001,True,30,False,100,0.4161500146245627,0.4816588079556823,0.3968343110690985,0.30604846322366,0.814270516767041,0.8185684848702115,0.7440612848789604,0.010467479550471693,11,8,0.16583123951776998,2500,OLS_iid,iid,False,5
6,0,1,21,210001,True,40,False,100,0.6700804593823679,0.6451177727431059,0.3493379141135447,0.2537382636895242,1.0944591385102365,0.7103025242405964,0.8073975535321679,0.010935585693988023,11,8,0.16583123951776998,2500,OLS_iid,iid,False,5
6,1,1001,2,20001,True,31,False,100,0.8223389972643678,0.5789064140990376,0.38074907324202517,0.2831281333959394,0.8759276462231756,0.7809396939526042,0.7392460153438057,0.011611193070878283,11,8,0.16583123951776998,2500,OLS_iid,iid,False,5
6,1,1001,3,30001,True,35,False,100,0.43935679580674725,0.5830965577624738,0.3952398613290121,0.3040411782389649,0.8374914721212936,0.8177915766746366,0.7423594415075105,0.01081003484568479,11,8,0.16583123951776998,2500,OLS_iid,iid,False,5
6,1,1001,13,130001,True,32,False,100,0.5403875914353394,0.5124857272021472,0.410890411119212,0.3110289099104843,0.9682513835048789,0.8023095639752853,0.762129713614256,0.01104478152100913,11,8,0.16583123951776998,2500,OLS_iid,iid,False,5
6,1,1001,15,150001,True,28,False,100,0.6466714203305812,0.5353434849530458,0.4919213318798662,0.3948839210963351,1.0259834318708032,1.361317119521208,0.4573496892525773,0.010431597237110849,11,8,0.16583123951776998,2500,OLS_iid,iid,False,5
5,1,1001,27,270001,True,178,False,100,0.9185182958328538,3.3150343890301883,0.24262213967781154,0.19381510562617124,0.5114424059786165,0.4485408479904848,0.9015289899235293,0.007927118059585021,11,8,0.16583123951776998,2500,OLS_iid,iid,False,5
6,0,1,29,290001,True,35,False,100,0.7411039681057955,0.7010182458907366,0.4156654143906693,0.31727112100624555,1.0003163165161062,0.9614363451477994,0.7207422389907997,0.010687432323300546,11,8,0.16583123951776998,2500,OLS_iid,iid,False,5
6,1,1001,20,200001,True,29,False,100,0.5808151268594547,0.5514931743964553,0.510587257969667,0.41384982681433924,1.2211450413971272,1.2908785692959925,0.6394353560640935,0.010313360350701453,11,8,0.16583123951776998,2500,OLS_iid,iid,False,5
4,9,9001,8,80001,True,105,False,100,0.7721464948036827,4.378828362096101,0.320982440452856,0.27316405150117823,0.6133138707665915,0.4846100307942294,0.8910170984241512,0.004235439980490155,11,8,0.16583123951776998,2500,OLS_iid,iid,False,5
5,7,7001,6,60001,True,32,False,100,0.7099204608581529,1.948865284677595,0.47640358082443407,0.3978203242197202,0.8647489576139893,0.8188072160090855,0.7789043623187323,0.007922685666337696,11,8,0.16583123951776998,2500,OLS_iid,iid,False,5
6,1,1001,21,210001,True,30,False,100,0.6700804593823679,0.5856408728286624,0.42037830161696094,0.3231903122031144,0.9141192218198593,1.0906301207567826,0.4973484166186221,0.0112782808484166,11,8,0.16583123951776998,2500,OLS_iid,iid,False,5
6,1,1001,22,220001,True,37,False,100,0.7067767475795607,0.5754975858144462,0.32368308013394415,0.23230451629811555,0.7468457212859662,0.6154278114735192,0.8221883645397531,0.010673406314713531,11,8,0.16583123951776998,2500,OLS_iid,iid,False,5
5,4,4001,3,30001,True,41,False,100,0.5786780204806588,2.8412494617514312,0.4199735850549008,0.34696395529218277,0.7384897648781703,0.7843254804110278,0.7540175869393755,0.007464368633421856,11,8,0.16583123951776998,2500,OLS_iid,iid,False,5
5,3,3001,4,40001,True,54,False,100,0.4476074960338264,3.12130428198725,0.30388996661087553,0.22422408962461324,0.7302629684495672,0.4788350371441525,0.8830751606926791,0.007578769137634032,11,8,0.16583123951776998,2500,OLS_iid,iid,False,5
6,2,2001,3,30001,True,27,False,100,0.43935679580674725,0.5180195830762386,0.4411038862564564,0.3410687142232138,1.0043443220019348,1.0065764795007026,0.6738441547869629,0.01093288721864597,11,8,0.16583123951776998,2500,OLS_iid,iid,False,5
5,9,9001,23,230001,True,34,False,100,0.5533339413386786,1.2367707388475537,0.466313040382274,0.3886204172343776,1.0839287690583972,1.4780826796217734,0.6843427680890583,0.007297815215458366,11,8,0.16583123951776998,2500,OLS_iid,iid,False,5
6,1,1001,4,40001,True,27,False,100,0.41496186204243024,0.7835267730988562,0.4482737258691034,0.358657427624444,1.2589550866600814,1.0363446080101704,0.7039054013255902,0.01071885920469989,11,8,0.16583123951776998,2500,OLS_iid,iid,False,5
6,2,2001,6,60001,True,28,False,100,0.5546778985140032,0.5137826181016862,0.4616137119102351,0.3659469175589478,1.1409364191398352,1.1449763216116096,0.5610126664884543,0.010944517687897554,11,8,0.16583123951776998,2500,OLS_iid,iid,False,5
6,2,2001,8,80001,True,29,False,100,0.5886716060744396,0.47707437677308917,0.46701223643508744,0.36648843344396664,0.9452825288719976,1.1332749624424239,0.7069917830402604,0.010754306867912273,11,8,0.16583123951776998,2500,OLS_iid,iid,False,5
6,2,2001,0,1,True,29,False,100,0.5114186415974027,0.56099145533517,0.4718372181983088,0.3720742354433024,1.0265870900167986,1.1532999550172989,0.6204905244002719,0.010853592776258242,11,8,0.16583123951776998,2500,OLS_iid,iid,False,5
6,2,2001,5,50001,True,34,False,100,0.5698202118398672,0.5216197301633656,0.35971845305280636,0.2629124953484092,1.0346103211840663,0.8827505741134827,0.7026372337697266,0.011718538699062997,11,8,0.16583123951776998,2500,OLS_iid,iid,False,5
5,5,5001,5,50001,True,36,False,100,0.7709298441133979,2.612843489740044,0.4284464733906005,0.35224965558279336,0.8044917076420706,1.05938768241036,0.5238541538220692,0.008154893746888502,11,8,0.16583123951776998,2500,OLS_iid,iid,False,5
6,1,1001,25,250001,True,30,False,100,0.6243924090701123,0.596446564886719,0.39100255508750403,0.2921230751281821,1.058160074218716,0.7965675459847379,0.7278689518913021,0.010743364247034305,11,8,0.16583123951776998,2500,OLS_iid,iid,False,5
6,1,1001,1,10001,True,29,False,100,0.5323130486779951,0.8249977249652147,0.3795629738071638,0.2844810778652258,0.7922275952620584,0.7730222164403524,0.7525138581393598,0.010794072908894854,11,8,0.16583123951776998,2500,OLS_iid,iid,False,5
6,2,2001,9,90001,True,31,False,100,0.5395285147989731,0.5195229025557637,0.4046494810405258,0.3367414096975943,1.010470747013906,0.9532237918627173,0.7298843450583398,0.010806351567814869,11,8,0.16583123951776998,2500,OLS_iid,iid,False,5
6,2,2001,2,20001,True,33,False,100,0.8223389972643678,0.582371982280165,0.4177450862883574,0.3165201674885272,0.8529563752430368,1.0999361854135963,0.5165332488454097,0.011663734000089474,11,8,0.16583123951776998,2500,OLS_iid,iid,False,5
5,3,3001,23,230001,True,182,False,100,0.5533339413386786,3.055150043219328,0.2241962715626133,0.17187147026733093,0.48865139098005245,0.3462289633178896,0.942136549812882,0.007549340126132041,11,8,0.16583123951776998,2500,OLS_iid,iid,False,5
6,1,1001,26,260001,True,43,False,100,0.5342525759270861,0.6503263711929321,0.3750542368676779,0.2829754557297932,0.6787317722721559,0.7008763777125769,0.8086167848454927,0.01090696593919294,11,8,0.16583123951776998,2500,OLS_iid,iid,False,5
6,0,1,17,170001,True,66,False,100,0.6663488150377282,1.0361835029907525,0.3160033156522084,0.22004224468549963,0.8271862829334832,0.5507396622505278,0.8588111036567142,0.011048258290139125,11,8,0.16583123951776998,2500,OLS_iid,iid,False,5
6,2,2001,20,200001,True,28,False,100,0.5808151268594547,0.4464016971178353,0.4131796415796283,0.31874844263446694,0.7433994177867406,0.787364589177461,0.7775762964062785,0.010415325049796587,11,8,0.16583123951776998,2500,OLS_iid,iid,False,5
5,9,9001,6,60001,True,41,False,100,0.7099204608581529,1.49815164366737,0.379475676722389,0.29579955552966547,1.0221735595901251,0.6344291303545323,0.8304881920032106,0.007653677583680974,11,8,0.16583123951776998,2500,OLS_iid,iid,False,5
5,6,6001,11,110001,True,40,False,100,0.765549815274042,2.277797451708466,0.4018663147402554,0.3391927426688607,1.1434741711487804,1.286872709467387,0.797782796293563,0.007696767488462484,11,8,0.16583123951776998,2500,OLS_iid,iid,False,5
5,9,9001,9,90001,True,74,False,100,0.8592656279146536,1.4980085450224578,0.42424743384336544,0.338643659928664,0.9057999842140769,0.7844740474930929,0.7690963852177436,0.007661390717887857,11,8,0.16583123951776998,2500,OLS_iid,iid,False,5
5,6,6001,13,130001,True,32,False,100,0.5928446627589771,2.3183873598463833,0.4770377660760465,0.38982872494669557,0.8574822663530554,1.052374124975653,0.5824499513371842,0.007804414566205264,11,8,0.16583123951776998,2500,OLS_iid,iid,False,5
6,2,2001,21,210001,True,30,False,100,0.6700804593823679,0.4579782448709011,0.4733334364507658,0.3755660310156755,1.0113711298862165,1.200710583497972,0.49627005858544876,0.010817706325292303,11,8,0.16583123951776998,2500,OLS_iid,iid,False,5
5,2,2001,6,60001,True,193,False,100,0.7099204608581529,3.5304844710044563,0.2861352700081122,0.21894400862927582,0.70039554404527,0.471082857804467,0.9080518520950581,0.007907583159925662,11,8,0.16583123951776998,2500,OLS_iid,iid,False,5
4,9,9001,1,10001,True,229,False,100,0.6766198465255097,4.661354216746986,0.24494588036202963,0.21226192316601783,0.35970807984492303,0.42977454084831457,0.9207019264125786,0.00391360611303531,11,8,0.16583123951776998,2500,OLS_iid,iid,False,5
5,5,5001,11,110001,True,147,False,100,0.765549815274042,2.699006855022162,0.31531757514052267,0.24862789987627074,0.6503916492540314,0.5491210246055936,0.8674607001731708,0.007830308617664587,11,8,0.16583123951776998,2500,OLS_iid,iid,False,5
6,2,2001,26,260001,True,26,False,100,0.5342525759270861,0.40650940500199795,0.4290026031300301,0.3234694513360507,0.8827637248995578,0.8649686679228346,0.7461055331042366,0.010450124137213072,11,8,0.16583123951776998,2500,OLS_iid,iid,False,5
6,2,2001,11,110001,True,36,False,100,0.765549815274042,0.5906699108891189,0.3719202016600038,0.28228429739867794,0.8175681973122768,0.8519077275749625,0.7014511035716792,0.010983225159933592,11,8,0.16583123951776998,2500,OLS_iid,iid,False,5
5,9,9001,14,140001,True,33,False,100,0.591208658049669,1.5421217707917094,0.49506514653802663,0.41708729425301916,1.0970546035809208,1.0592566428245986,0.6673897406667036,0.007229088249983701,11,8,0.16583123951776998,2500,OLS_iid,iid,False,5
6,2,2001,1,10001,True,43,False,100,0.5323130486779951,0.7143610632047057,0.31068368812312464,0.2177475175573676,0.7111249389981839,0.5439439418181753,0.8687328451225576,0.010869328576676015,11,8,0.16583123951776998,2500,OLS_iid,iid,False,5
5,7,7001,26,260001,True,48,False,100,0.5342525759270861,1.910405243281275,0.38114503825973306,0.2917426285118347,0.908871858769462,0.7064277547052802,0.8000543680160638,0.007843981656914516,11,8,0.16583123951776998,2500,OLS_iid,iid,False,5
5,8,8001,21,210001,True,34,False,100,0.6700804593823679,1.7306848498992622,0.4523783430635035,0.3765735103853732,0.975661311108197,0.8972014000676521,0.6904817397240094,0.0072991497579735455,11,8,0.16583123951776998,2500,OLS_iid,iid,False,5
6,2,2001,15,150001,True,40,False,100,0.6466714203305812,0.6236213068477809,0.41022533752701956,0.3200355500643061,0.8680684262191665,0.8949480584586771,0.7366118669950101,0.010420822120184291,11,8,0.16583123951776998,2500,OLS_iid,iid,False,5
6,2,2001,16,160001,True,30,False,100,0.676217520476812,0.6251001381315291,0.375527433858953,0.28073170315860285,0.7379673304597633,0.7079457380024288,0.808398797476529,0.010941598437856616,11,8,0.16583123951776998,2500,OLS_iid,iid,False,5
5,0,1,24,240001,True,213,False,100,0.49382897801089065,3.9861573297530413,0.19551181130980094,0.1554060547973897,0.37958169225451677,0.28295263333888004,0.9602615396526062,0.007449351890109756,11,8,0.16583123951776998,2500,OLS_iid,iid,False,5
6,2,2001,19,190001,True,32,False,100,0.8237675591248275,0.6037614000961185,0.32816735802754077,0.2530257209374839,0.7333336011882977,0.5535669380736233,0.8598373141177007,0.011330670031238598,11,8,0.16583123951776998,2500,OLS_iid,iid,False,5
5,7,7001,27,270001,True,70,False,100,0.9185182958328538,1.948964525014162,0.4037732025869484,0.3260580653973831,1.0242686825834946,0.6379971710342067,0.8313007169818801,0.007962085930035426,11,8,0.16583123951776998,2500,OLS_iid,iid,False,5
5,9,9001,17,170001,True,36,False,100,0.6663488150377282,1.5255100848153234,0.36453119277037926,0.28689389933150755,0.9799575884185876,0.6088741225323465,0.8626877862466785,0.00814524124277041,11,8,0.16583123951776998,2500,OLS_iid,iid,False,5
6,2,2001,18,180001,True,39,False,100,0.635410744224998,0.6506700976751745,0.4125756892175148,0.3144860269260982,0.8608244314956371,0.7847389168375714,0.783948074265133,0.010868078121629696,11,8,0.16583123951776998,2500,OLS_iid,iid,False,5
5,8,8001,12,120001,True,32,False,100,0.6925403289409808,1.8623881419189274,0.46986545684913855,0.3854521985615422,0.945727365163799,0.8872677090372069,0.7405737850301923,0.007357434775951516,11,8,0.16583123951776998,2500,OLS_iid,iid,False,5
5,8,8001,9,90001,True,32,False,100,0.8592656279146536,1.902994770091027,0.4625403923499231,0.3826161253992101,0.9783733460076842,0.9211742431297978,0.7272861120276372,0.007501123320071474,11,8,0.16583123951776998,2500,OLS_iid,iid,False,5
6,3,3001,1,10001,True,28,False,100,0.5323130486779951,0.4729286632500589,0.4430318361354935,0.3435239312346106,1.0720286385775222,1.0825489659016558,0.6294030653024277,0.010721999264366728,11,8,0.16583123951776998,2500,OLS_iid,iid,False,5
6,2,2001,28,280001,True,27,False,100,0.48138778909358665,0.5263789310120046,0.44637974357467614,0.351450211773795,0.901542978622623,0.9067888457382305,0.7092535757076306,0.010801667747699242,11,8,0.16583123951776998,2500,OLS_iid,iid,False,5
6,2,2001,22,220001,True,33,False,100,0.7067767475795607,0.605857206042856,0.3996328770831923,0.2991357867475099,1.0952434566593194,0.771929962126983,0.8025110205111625,0.011134418677729708,11,8,0.16583123951776998,2500,OLS_iid,iid,False,5
5,6,6001,20,200001,True,33,False,100,0.5808151268594547,2.465265827253461,0.491319976906319,0.4165276863439759,1.19573216285038,1.0103730483281423,0.6980238067625582,0.0073301369220096745,11,8,0.16583123951776998,2500,OLS_iid,iid,False,5
6,0,1,25,250001,True,36,False,100,0.6243924090701123,1.1642036591656506,0.40813206527395496,0.3144404779099342,0.8329984480607304,0.7467512856936438,0.8177574883241199,0.01076890610773232,11,8,0.16583123951776998,2500,OLS_iid,iid,False,5
5,9,9001,2,20001,True,37,False,100,0.8223389972643678,1.7506611561402678,0.4513177998432761,0.3701038527851102,0.9597323375540087,1.222636791099938,0.42918971861452104,0.008504818018660808,11,8,0.16583123951776998,2500,OLS_iid,iid,False,5
6,0,1,16,160001,True,88,False,100,0.676217520476812,1.2874678527005017,0.29597492290265265,0.2078747339794848,0.6991259153501905,0.4991795892947565,0.882218605231025,0.010861606293148435,11,8,0.16583123951776998,2500,OLS_iid,iid,False,5
6,2,2001,24,240001,True,35,False,100,0.49382897801089065,0.6535957800224423,0.3763248837195606,0.27670946078210323,0.8737359930784588,0.6972059730691355,0.81253848889971,0.010663759805909626,11,8,0.16583123951776998,2500,OLS_iid,iid,False,5
5,8,8001,22,220001,True,33,False,100,0.7067767475795607,1.884584843646735,0.4901057993471555,0.4199062786627096,0.9134403740134278,1.611336385116437,0.5424545512358899,0.007359655246094004,11,8,0.16583123951776998,2500,OLS_iid,iid,False,5
5,7,7001,9,90001,True,133,False,100,0.8592656279146536,2.3397470768541098,0.35571538650080947,0.28637802062655837,0.654916443281182,0.607545355192005,0.8331200859861156,0.007560890425853327,11,8,0.16583123951776998,2500,OLS_iid,iid,False,5
6,3,3001,4,40001,True,26,False,100,0.41496186204243024,0.5129823428578675,0.4834469416143769,0.38859117326011566,1.0218163796150463,1.0547477621886718,0.6933454565699253,0.010819104590866496,11,8,0.16583123951776998,2500,OLS_iid,iid,False,5
6,2,2001,17,170001,True,45,False,100,0.6663488150377282,0.8103938959538937,0.3661060669468758,0.2622280869182313,0.8319295547569702,0.8985091114537885,0.6662768682824278,0.011233111197590179,11,8,0.16583123951776998,2500,OLS_iid,iid,False,5
5,9,9001,20,200001,True,33,False,100,0.5808151268594547,1.6992835449054837,0.49215084002479154,0.4148826783632014,0.8604489409831657,0.9491222209526015,0.7002306048082344,0.007454675004531034,11,8,0.16583123951776998,2500,OLS_iid,iid,False,5
6,2,2001,29,290001,True,40,False,100,0.7411039681057955,0.6556510468944907,0.37967681298594746,0.2874034114522636,0.932401545923686,0.8364267070760706,0.8264109556035603,0.010817260616668963,11,8,0.16583123951776998,2500,OLS_iid,iid,False,5
6,3,3001,11,110001,True,29,False,100,0.765549815274042,0.4637028300203383,0.44656090004652366,0.3504971250672841,0.9366608523517516,1.1474735699226328,0.5283501331386166,0.011098782373799458,11,8,0.16583123951776998,2500,OLS_iid,iid,False,5
6,1,1001,24,240001,True,57,False,100,0.49382897801089065,1.0275361179374158,0.418636518958033,0.32238405325335306,0.8272171858386888,0.7680553787204307,0.8044221652694894,0.01064593781530161,11,8,0.16583123951776998,2500,OLS_iid,iid,False,5
6,3,3001,17,170001,True,29,False,100,0.6663488150377282,0.43013188894838095,0.464224773956788,0.36179792605114064,0.8013063815305841,1.136644149576576,0.5619037242273079,0.010652622562405546,11,8,0.16583123951776998,2500,OLS_iid,iid,False,5
6,3,3001,0,1,True,42,False,100,0.5114186415974027,0.6428762869909406,0.3037465574429781,0.21052580995656323,0.9302913488898539,0.5261178088454023,0.883761611143628,0.01078135219891704,11,8,0.16583123951776998,2500,OLS_iid,iid,False,5
6,3,3001,5,50001,True,30,False,100,0.5698202118398672,0.580978651996702,0.3665462619677302,0.2690610157370465,1.0637617936698538,0.9815978474157688,0.6647626254891602,0.0114062285068675,11,8,0.16583123951776998,2500,OLS_iid,iid,False,5
6,3,3001,3,30001,True,31,False,100,0.43935679580674725,0.5865517957136035,0.4357883212552421,0.3378150711068722,0.949009682145025,0.9805164081153592,0.6850940136277075,0.010257995776117277,11,8,0.16583123951776998,2500,OLS_iid,iid,False,5
5,9,9001,11,110001,True,64,False,100,0.765549815274042,1.824351567775011,0.3627889410367554,0.2953795793259586,0.6958670090799504,0.6278588563117201,0.8334792372407267,0.00795292611521087,11,8,0.16583123951776998,2500,OLS_iid,iid,False,5
6,3,3001,13,130001,True,27,False,100,0.5403875914353394,0.45745273819193244,0.4557938703513227,0.35876657734005124,0.9004745863410246,1.075220722798918,0.6557077141606341,0.011421994236516379,11,8,0.16583123951776998,2500,OLS_iid,iid,False,5
5,9,9001,12,120001,True,96,False,100,0.6925403289409808,1.856872075702995,0.4188538258988178,0.33167326964797783,0.8463905878698087,0.7236752984974171,0.8074245023397038,0.007558993002260146,11,8,0.16583123951776998,2500,OLS_iid,iid,False,5
6,3,3001,6,60001,True,32,False,100,0.5546778985140032,0.5547050950117409,0.403808724470087,0.3333517759019485,1.027409991347186,0.9094279548055717,0.7483825489728038,0.011101567476847837,11,8,0.16583123951776998,2500,OLS_iid,iid,False,5
6,3,3001,18,180001,True,30,False,100,0.635410744224998,0.46427088556811213,0.3961096161175702,0.2951789420507471,0.8061629190115698,0.90096832865942,0.691356605737386,0.010604179672552389,11,8,0.16583123951776998,2500,OLS_iid,iid,False,5
5,7,7001,1,10001,True,138,False,100,0.6766198465255097,2.5439029578119516,0.17665439809409017,0.1477053814388856,0.30069916121680695,0.30582205030950954,0.9557766877167507,0.007507629403963744,11,8,0.16583123951776998,2500,OLS_iid,iid,False,5
6,3,3001,15,150001,True,28,False,100,0.6466714203305812,0.5375570207834244,0.4684907022358519,0.3814395124006191,1.0482684616342612,1.111184026575299,0.652249370944388,0.0106406673575864,11,8,0.16583123951776998,2500,OLS_iid,iid,False,5
5,9,9001,24,240001,True,33,False,100,0.49382897801089065,1.772589290048927,0.4702942150359151,0.39082847449349783,0.8519584122867329,0.9359225106534019,0.6966851343728994,0.007097818283234156,11,8,0.16583123951776998,2500,OLS_iid,iid,False,5
6,3,3001,16,160001,True,28,False,100,0.676217520476812,0.5564249139279127,0.45065985269103603,0.3501609170249655,0.9291716493694137,1.026156366552641,0.6502351360483398,0.01079079837793064,11,8,0.16583123951776998,2500,OLS_iid,iid,False,5
6,0,1,19,190001,True,32,False,100,0.8237675591248275,1.4764761589467525,0.3994838821207972,0.31143818776500815,0.903874761483267,0.8314593411045437,0.7549321599646678,0.011414639655616636,11,8,0.16583123951776998,2500,OLS_iid,iid,False,5
6,3,3001,24,240001,True,32,False,100,0.49382897801089065,0.51988086104393,0.4424722805296597,0.3446946079920124,1.1152582156213369,0.9844590383144256,0.7363561532784247,0.010378598093973969,11,8,0.16583123951776998,2500,OLS_iid,iid,False,5
6,2,2001,4,40001,True,30,False,100,0.41496186204243024,1.0971812549978495,0.4461508978181883,0.35075598331854463,0.9277313881373598,0.9847979554353561,0.6803114371025363,0.010713434721011845,11,8,0.16583123951776998,2500,OLS_iid,iid,False,5
6,4,4001,4,40001,True,28,False,100,0.41496186204243024,0.45295035699382424,0.39314521173793043,0.30153723464276366,0.8616849895286769,0.8211418042908709,0.7490505703942291,0.010485990299357253,11,8,0.16583123951776998,2500,OLS_iid,iid,False,5
6,4,4001,10,100001,True,25,False,100,0.4161500146245627,0.42011270113289356,0.45883474615412034,0.36122942682802894,0.9745182897354406,0.955652710475278,0.7253902309569251,0.010682321501011439,11,8,0.16583123951776998,2500,OLS_iid,iid,False,5
6,0,1,22,220001,True,91,False,100,0.7067767475795607,1.482049714308232,0.34315251217279136,0.24623822087644243,0.8197160191221194,0.7011894832340481,0.8174625547201316,0.010906597677115848,11,8,0.16583123951776998,2500,OLS_iid,iid,False,5
5,1,1001,10,100001,True,224,False,100,0.4434030805763488,4.206219833809882,0.18951494487438791,0.14939238568636765,0.43482703637940295,0.3104735671698845,0.9525711894929639,0.007385163042159161,11,8,0.16583123951776998,2500,OLS_iid,iid,False,5
6,3,3001,27,270001,True,36,False,100,0.9185182958328538,0.5393445086665452,0.3756751585391463,0.2836080490763782,0.8253749413132472,1.0167098437119062,0.6713812095722879,0.01126967445469493,11,8,0.16583123951776998,2500,OLS_iid,iid,False,5
6,3,3001,28,280001,True,27,False,100,0.48138778909358665,0.5462976670823991,0.4736571339009512,0.37862743775206764,0.9755080657091726,0.9993850161118939,0.7352379324211314,0.010520753251656304,11,8,0.16583123951776998,2500,OLS_iid,iid,False,5
6,3,3001,7,70001,True,27,False,100,0.6817050683873941,0.6873696697875857,0.39338114332087537,0.2970707229382262,0.7215190056755356,0.952651443121207,0.6237233906498496,0.010935370881088565,11,8,0.16583123951776998,2500,OLS_iid,iid,False,5
6,2,2001,10,100001,True,28,False,100,0.4161500146245627,1.108154577203095,0.4554818311248542,0.36081471503616586,0.973170722984596,0.9735535395274735,0.7030440551120786,0.010692312882367473,11,8,0.16583123951776998,2500,OLS_iid,iid,False,5
6,4,4001,6,60001,True,27,False,100,0.5546778985140032,0.5257016848772764,0.4330869940365724,0.3384969598541309,0.8950244275399718,1.2352720527913992,0.4253275741815525,0.010942349445894124,11,8,0.16583123951776998,2500,OLS_iid,iid,False,5
6,4,4001,7,70001,True,28,False,100,0.6817050683873941,0.5383206657133996,0.43652406940399757,0.3419974718850755,1.0418587404641755,26.62307104954449,0.5919150552270601,0.011077389830599952,11,8,0.16583123951776998,2500,OLS_iid,iid,False,5
6,2,2001,27,270001,True,28,False,100,0.9185182958328538,0.9416399910114706,0.41222183794796946,0.31708308916139427,0.7827425689397723,0.9119339544951357,0.6853188202772424,0.011381559808857506,11,8,0.16583123951776998,2500,OLS_iid,iid,False,5
6,3,3001,2,20001,True,55,False,100,0.8223389972643678,0.8735978840850294,0.3118778962430224,0.21431729571286662,0.9681748486323359,0.6643556992714216,0.7993919534504248,0.012045073259500105,11,8,0.16583123951776998,2500,OLS_iid,iid,False,5
6,4,4001,1,10001,True,37,False,100,0.5323130486779951,0.6244138120673597,0.382502704560446,0.27951306864022274,0.8808387676392906,0.7087815206772277,0.8124544204618935,0.010560799937052986,11,8,0.16583123951776998,2500,OLS_iid,iid,False,5
6,4,4001,16,160001,True,27,False,100,0.676217520476812,0.5246625309810042,0.43971304421746377,0.3412809203775598,0.8359884089950871,0.807214135151,0.7819241999430023,0.010586829705899923,11,8,0.16583123951776998,2500,OLS_iid,iid,False,5
6,4,4001,9,90001,True,30,False,100,0.5395285147989731,0.5641423361375928,0.42542309779926696,0.324926342952133,1.0805648759129602,1.0234420710069698,0.6441776028573589,0.010961513137871845,11,8,0.16583123951776998,2500,OLS_iid,iid,False,5
5,4,4001,20,200001,True,214,False,100,0.5808151268594547,3.5245558377355337,0.24360647014591422,0.1924516857180949,0.5602906755090797,0.36985312694665723,0.932444109917109,0.007252206297865965,11,8,0.16583123951776998,2500,OLS_iid,iid,False,5
6,4,4001,19,190001,True,28,False,100,0.8237675591248275,0.5343446112237871,0.46606085543274195,0.3749713422319454,0.9903111178169562,1.0745271957535107,0.7027144686969823,0.01134035234320987,11,8,0.16583123951776998,2500,OLS_iid,iid,False,5
6,1,1001,18,180001,True,36,False,100,0.635410744224998,1.4250554689206183,0.402336051348938,0.30404527882386767,0.7785305820923358,0.9169513104633156,0.6896675021508226,0.010865236949597202,11,8,0.16583123951776998,2500,OLS_iid,iid,False,5
6,4,4001,22,220001,True,29,False,100,0.7067767475795607,0.49702210258692503,0.40232888835122965,0.30542478337626844,0.7918741974895186,0.8539201805753572,0.7313575018242994,0.010863653173850952,11,8,0.16583123951776998,2500,OLS_iid,iid,False,5
6,4,4001,25,250001,True,29,False,100,0.6243924090701123,0.48422137182205915,0.42479325425627856,0.3185121329056377,0.9503434999956222,1.2325626646306058,0.5324756641764861,0.011348871896489856,11,8,0.16583123951776998,2500,OLS_iid,iid,False,5
6,4,4001,28,280001,True,30,False,100,0.48138778909358665,0.47131504165008664,0.43741092497389433,0.3420104775621326,0.8529961923136397,1.0061197149233743,0.6347091516750926,0.0107722544905303,11,8,0.16583123951776998,2500,OLS_iid,iid,False,5
6,4,4001,13,130001,True,31,False,100,0.5403875914353394,0.6100925710052252,0.38928957894209615,0.29775861273436005,0.8518530459643655,0.7579030491173351,0.8009850834639334,0.011093417800622507,11,8,0.16583123951776998,2500,OLS_iid,iid,False,5
6,5,5001,3,30001,True,26,False,100,0.43935679580674725,0.42390852700918913,0.4594015079801003,0.3591370796299238,1.040904247880096,1.0062491021037916,0.7057079608422907,0.010888221668746673,11,8,0.16583123951776998,2500,OLS_iid,iid,False,5
6,1,1001,7,70001,True,30,False,100,0.6817050683873941,1.568166839890182,0.3726671834582056,0.2820540607315071,0.6921287466494032,0.8315757787850926,0.7174039887501502,0.010552205591009804,11,8,0.16583123951776998,2500,OLS_iid,iid,False,5
6,1,1001,12,120001,True,94,False,100,0.6925403289409808,1.5203821258619428,0.3227439896024496,0.22095549851709054,0.8200188664572886,0.5877085244741987,0.8687643517658857,0.010987679744849007,11,8,0.16583123951776998,2500,OLS_iid,iid,False,5
6,4,4001,24,240001,True,32,False,100,0.49382897801089065,0.5317759271711111,0.43001684590041905,0.3300268858653584,1.018151843648622,0.7941592762184053,0.7790882388053165,0.010848126341400626,11,8,0.16583123951776998,2500,OLS_iid,iid,False,5
6,3,3001,14,140001,True,31,False,100,0.46161486330908097,0.8133097579702735,0.4729748248370826,0.3720542670907736,1.024953595722274,1.2012197692554651,0.5696139064743644,0.010915791599367057,11,8,0.16583123951776998,2500,OLS_iid,iid,False,5
6,1,1001,28,280001,True,50,False,100,0.48138778909358665,1.4005743712186813,0.2385281433455385,0.18072085376167413,0.5358610685274625,0.37802634156539616,0.931545352850011,0.010765543461932328,11,8,0.16583123951776998,2500,OLS_iid,iid,False,5
6,2,2001,14,140001,True,30,False,100,0.46161486330908097,1.256677244324237,0.4664117721911311,0.36687919004661274,1.105165142660708,1.0143446061035881,0.6876693653976155,0.011057566100397948,11,8,0.16583123951776998,2500,OLS_iid,iid,False,5
6,3,3001,9,90001,True,50,False,100,0.5395285147989731,0.8922493681311607,0.3476450309242649,0.2544293391505806,0.8996544693195545,0.6403843155290604,0.8288253919898463,0.010803952572793431,11,8,0.16583123951776998,2500,OLS_iid,iid,False,5
6,1,1001,8,80001,True,93,False,100,0.5886716060744396,1.598215282894671,0.30530180512375354,0.22271762256204744,0.6411897688350089,0.5632026121961277,0.8455895516770011,0.010908087147685623,11,8,0.16583123951776998,2500,OLS_iid,iid,False,5
6,4,4001,0,1,True,31,False,100,0.5114186415974027,0.7637999351136386,0.5006642453234359,0.4081716856397874,1.3071351553898025,1.2707878324580597,0.6198257718460506,0.010851237311538696,11,8,0.16583123951776998,2500,OLS_iid,iid,False,5
6,4,4001,15,150001,True,33,False,100,0.6466714203305812,0.6726546520367265,0.4159566761711483,0.32415459764173016,0.838008995787172,0.8515138325742821,0.7322697171484751,0.010765709172595722,11,8,0.16583123951776998,2500,OLS_iid,iid,False,5
6,5,5001,0,1,True,27,False,100,0.5114186415974027,0.5387297039851546,0.44871153633892913,0.3516959177908498,1.0298985126480367,1.0892482718244396,0.6295227266107302,0.0104944123029764,11,8,0.16583123951776998,2500,OLS_iid,iid,False,5
5,8,8001,3,30001,True,38,False,100,0.5786780204806588,2.6025022151879966,0.4719155466639094,0.39429948148905186,0.9402582664941174,0.8630117599734416,0.7272917882704629,0.0073570920814369604,11,8,0.16583123951776998,2500,OLS_iid,iid,False,5
6,5,5001,9,90001,True,30,False,100,0.5395285147989731,0.4594277758151293,0.40038810272632075,0.30426578236094504,1.2933587935921294,1.1429041069406582,0.5878042941646907,0.010841363276806583,11,8,0.16583123951776998,2500,OLS_iid,iid,False,5
6,2,2001,25,250001,True,43,False,100,0.6243924090701123,1.1670795809477568,0.37132029636953434,0.28075505613708024,0.9225023379937072,0.8895721062253855,0.7147027982139342,0.011350286591159128,11,8,0.16583123951776998,2500,OLS_iid,iid,False,5
4,6,6001,14,140001,True,125,False,100,0.7433479507689166,6.319438127800822,0.39994155572983386,0.3250535662535822,0.8362248650649999,0.6214971914274002,0.8247724238047257,0.0039124813760709745,11,8,0.16583123951776998,2500,OLS_iid,iid,False,5
6,4,4001,29,290001,True,27,False,100,0.7411039681057955,0.5587074202485383,0.42325542116896,0.3299204606482592,0.9574394616578665,1.0303945736979645,0.6044699375701381,0.01089798487409214,11,8,0.16583123951776998,2500,OLS_iid,iid,False,5
6,3,3001,21,210001,True,34,False,100,0.6700804593823679,0.8962395237758756,0.4239905352276084,0.32127332880525805,1.025858728941834,1.0108042904391643,0.5759167981940116,0.010742213974709288,11,8,0.16583123951776998,2500,OLS_iid,iid,False,5
6,5,5001,15,150001,True,26,False,100,0.6466714203305812,0.4405183242633939,0.43071623086777594,0.3383173319672172,0.861506780074455,0.8412798356061085,0.7522090595648416,0.010791615801377705,11,8,0.16583123951776998,2500,OLS_iid,iid,False,5
6,1,1001,16,160001,True,28,False,100,0.676217520476812,1.6001865598373115,0.41728603955959115,0.3127947596754863,0.8372605498208651,0.9160096345038851,0.6963301539666229,0.010706301183533896,11,8,0.16583123951776998,2500,OLS_iid,iid,False,5
6,5,5001,13,130001,True,29,False,100,0.5403875914353394,0.48588213231414557,0.42510960399978925,0.324156848283208,0.9607277607691985,0.8661168866101899,0.7422803521875891,0.011285253513324187,11,8,0.16583123951776998,2500,OLS_iid,iid,False,5
6,5,5001,10,100001,True,27,False,100,0.4161500146245627,0.5123377377167344,0.35570884724069446,0.2604328593468507,0.7951999475740379,0.5981988481532958,0.8566546495896109,0.010695211260355717,11,8,0.16583123951776998,2500,OLS_iid,iid,False,5
5,9,9001,5,50001,True,33,False,100,0.7709298441133979,2.384567917790264,0.444553537336372,0.36575418453508507,1.0849738485427336,0.9978228881581507,0.5783306802605405,0.00791431914173971,11,8,0.16583123951776998,2500,OLS_iid,iid,False,5
6,3,3001,29,290001,True,32,False,100,0.7411039681057955,0.8871398298069835,0.4208485327077768,0.3234116807465654,0.9255255751485785,1.0954877598819817,0.5309957619124324,0.011066407658084813,11,8,0.16583123951776998,2500,OLS_iid,iid,False,5
5,9,9001,28,280001,True,35,False,100,0.48138778909358665,2.203035766258836,0.44151708357948277,0.36473076725973885,0.878716264540901,0.7691698150116926,0.7936741463324646,0.0073842916514734154,11,8,0.16583123951776998,2500,OLS_iid,iid,False,5
6,5,5001,11,110001,True,32,False,100,0.765549815274042,0.5588239887729287,0.38393878437516865,0.2943044055739232,0.9644856505372976,0.7762724325929786,0.7741686687076743,0.011001677331621449,11,8,0.16583123951776998,2500,OLS_iid,iid,False,5
6,1,1001,29,290001,True,34,False,100,0.7411039681057955,1.5788730140775442,0.39590112725824145,0.30224109160835916,0.8383876276282495,1.034606401491619,0.5108512215722011,0.010875755478513565,11,8,0.16583123951776998,2500,OLS_iid,iid,False,5
6,1,1001,6,60001,True,114,False,100,0.5546778985140032,1.8143284702673554,0.2885695305802027,0.21415963085930778,0.6080128252372337,0.4850150665482369,0.8908771868899963,0.010814364746568713,11,8,0.16583123951776998,2500,OLS_iid,iid,False,5
6,4,4001,27,270001,True,37,False,100,0.9185182958328538,0.7443338059820235,0.3660300688984871,0.269498905379956,0.840270154857006,0.8004162255948604,0.7387538920085186,0.011135655357590288,11,8,0.16583123951776998,2500,OLS_iid,iid,False,5
6,3,3001,10,100001,True,28,False,100,0.4161500146245627,1.096460498869419,0.4309999238720426,0.3392454103619302,0.9441388314501932,0.9341149514022415,0.6995820645823201,0.010798610355520114,11,8,0.16583123951776998,2500,OLS_iid,iid,False,5
5,9,9001,18,180001,True,116,False,100,0.635410744224998,2.374040094204247,0.3423986337063126,0.26745688303100873,0.6913167117339363,0.5522390627993154,0.867888254566551,0.007382302712358774,11,8,0.16583123951776998,2500,OLS_iid,iid,False,5
6,0,1,15,150001,True,110,False,100,0.6466714203305812,2.050949920900166,0.18554570230345,0.14097778278944004,0.4133491141713866,0.33736366121856615,0.9468077924894208,0.010625519717154206,11,8,0.16583123951776998,2500,OLS_iid,iid,False,5
6,5,5001,8,80001,True,32,False,100,0.5886716060744396,0.6363031966611743,0.4314658159650897,0.32838243772573245,1.0997045075999528,0.9518573651795685,0.7575057022753583,0.01086458173747251,11,8,0.16583123951776998,2500,OLS_iid,iid,False,5
5,6,6001,27,270001,True,178,False,100,0.9185182958328538,3.180626694113016,0.18955678692677447,0.1492862252702916,0.37650698171893665,0.4155280963320471,0.9259549054170568,0.00792249117403774,11,8,0.16583123951776998,2500,OLS_iid,iid,False,5
6,5,5001,24,240001,True,30,False,100,0.49382897801089065,0.503180184867233,0.445314819328737,0.3461142548199719,1.0798073588889032,0.9485115834908214,0.7561952001920978,0.010605695276641703,11,8,0.16583123951776998,2500,OLS_iid,iid,False,5
6,5,5001,25,250001,True,28,False,100,0.6243924090701123,0.5023691700771451,0.3543507413534408,0.268344696360874,0.7068445458618938,0.7738776540517505,0.7424101580980886,0.011614131223046798,11,8,0.16583123951776998,2500,OLS_iid,iid,False,5
6,5,5001,17,170001,True,37,False,100,0.6663488150377282,0.5904919318854809,0.414372917491914,0.29250778339335115,0.9286908366204228,1.1450139034201443,0.777983178731629,0.010840804819280722,11,8,0.16583123951776998,2500,OLS_iid,iid,False,5
6,6,6001,3,30001,True,26,False,100,0.43935679580674725,0.41787532484158874,0.43564768306352875,0.3401046198953622,1.0504860338044644,0.8851204230422189,0.7385393168164612,0.0110128464133025,11,8,0.16583123951776998,2500,OLS_iid,iid,False,5
5,5,5001,26,260001,True,181,False,100,0.5342525759270861,3.489814593922347,0.24117610302005937,0.1758891729253109,0.6261906518261221,0.38851217246501607,0.9274877111987675,0.007570223347154311,11,8,0.16583123951776998,2500,OLS_iid,iid,False,5
6,3,3001,20,200001,True,27,False,100,0.5808151268594547,1.1138568921014667,0.4483338669316039,0.3456174234466996,1.0336814929026312,0.9816932545979095,0.6806091536583412,0.010598364759565108,11,8,0.16583123951776998,2500,OLS_iid,iid,False,5
6,5,5001,22,220001,True,30,False,100,0.7067767475795607,0.5572177488356829,0.4336057612478175,0.32573003286837665,1.099908124785533,1.0066178423107741,0.646042145370341,0.01073456782140178,11,8,0.16583123951776998,2500,OLS_iid,iid,False,5
6,4,4001,2,20001,True,30,False,100,0.8223389972643678,1.0168591537512839,0.3619053663921046,0.26316771256516347,0.8402815084624277,0.8075016785734966,0.7664458915838736,0.011760051988566247,11,8,0.16583123951776998,2500,OLS_iid,iid,False,5
6,0,1,3,30001,True,97,False,100,0.43935679580674725,2.292581679765135,0.36222015501429916,0.26322630230406846,0.872827810743646,0.7473963630104861,0.7673657536396482,0.010713895448513831,11,8,0.16583123951776998,2500,OLS_iid,iid,False,5
6,4,4001,12,120001,True,29,False,100,0.6925403289409808,0.9691344499588013,0.45291444625928445,0.3514597445309031,1.1590857503183438,0.9343716405957643,0.7912131721582251,0.011017207272991818,11,8,0.16583123951776998,2500,OLS_iid,iid,False,5
6,5,5001,27,270001,True,32,False,100,0.9185182958328538,0.5477185379713774,0.3747945855189383,0.28523483723653825,0.7753541495529986,0.9054457080779938,0.6922805344271887,0.01112789531486916,11,8,0.16583123951776998,2500,OLS_iid,iid,False,5
6,5,5001,6,60001,True,47,False,100,0.5546778985140032,0.7503369501791894,0.2824977485287406,0.19658564189768898,0.6849550848613136,0.5150685920785885,0.8812061112905212,0.010976444816447486,11,8,0.16583123951776998,2500,OLS_iid,iid,False,5
6,5,5001,29,290001,True,33,False,100,0.7411039681057955,0.5498035750351846,0.37711968129331774,0.28622336654025243,0.7950491738005879,0.8080720749773166,0.7613072504276953,0.010719818751081734,11,8,0.16583123951776998,2500,OLS_iid,iid,False,5
6,1,1001,11,110001,True,47,False,100,0.765549815274042,1.900625353679061,0.3609257369965972,0.27422564692302986,0.7664850894769291,0.6962471830032895,0.7984855357538452,0.010827175745192093,11,8,0.16583123951776998,2500,OLS_iid,iid,False,5
6,4,4001,23,230001,True,50,False,100,0.49317283258034506,0.916177439969033,0.39466751463111466,0.2860503940225824,0.9438738868714939,0.7114009168662438,0.8079209382377753,0.010649901070656108,11,8,0.16583123951776998,2500,OLS_iid,iid,False,5
6,4,4001,5,50001,True,62,False,100,0.5698202118398672,1.062502110376954,0.23456188324072144,0.17148745546835167,0.48861983997981934,0.4458646445427836,0.9026218572020038,0.011384919707402592,11,8,0.16583123951776998,2500,OLS_iid,iid,False,5
6,6,6001,7,70001,True,29,False,100,0.6817050683873941,0.4835746963508427,0.44953700782930994,0.3438151757951393,1.172508839164095,0.9850304164622665,0.6730175754729436,0.01109080672223463,11,8,0.16583123951776998,2500,OLS_iid,iid,False,5
6,6,6001,10,100001,True,26,False,100,0.4161500146245627,0.44931796938180923,0.42689088153394195,0.33486258870852414,0.8020468481130941,0.8733014029671822,0.730047363454968,0.010381079904793299,11,8,0.16583123951776998,2500,OLS_iid,iid,False,5
6,6,6001,6,60001,True,29,False,100,0.5546778985140032,0.4973685606382787,0.37607765662887693,0.28001293997344673,0.9179576159486962,0.9924090481890172,0.5585123893352582,0.010864809883815841,11,8,0.16583123951776998,2500,OLS_iid,iid,False,5
5,8,8001,17,170001,True,156,False,100,0.6663488150377282,2.8211237471550703,0.38256593811403017,0.300445991695467,1.1868455701756795,0.5845163092943809,0.8600438764962312,0.007457138672451488,11,8,0.16583123951776998,2500,OLS_iid,iid,False,5
6,5,5001,26,260001,True,32,False,100,0.5342525759270861,0.6338926320895553,0.40644296716387396,0.3036657816488487,0.9025868379397275,0.8685901404622867,0.721851036143089,0.010413910472991336,11,8,0.16583123951776998,2500,OLS_iid,iid,False,5
6,4,4001,21,210001,True,28,False,100,0.6700804593823679,0.9836479309014976,0.42869290872380056,0.33534500878036494,1.1454093942472965,1.2496760868548005,0.544680370271051,0.010885778541449682,11,8,0.16583123951776998,2500,OLS_iid,iid,False,5
6,4,4001,14,140001,True,70,False,100,0.46161486330908097,1.0909310039132833,0.4316761710783383,0.326610313224982,0.9754811339156989,0.8787525219591925,0.7433960150852339,0.010730880474054925,11,8,0.16583123951776998,2500,OLS_iid,iid,False,5
6,6,6001,24,240001,True,26,False,100,0.49382897801089065,0.4400813961401582,0.42381550370451476,0.3176314701917037,0.9326832648728858,0.876992911083317,0.7437694787600126,0.010767290333239065,11,8,0.16583123951776998,2500,OLS_iid,iid,False,5
6,6,6001,19,190001,True,28,False,100,0.8237675591248275,0.47875454602763057,0.4270118989845786,0.338908690538207,0.8451435127914554,0.8416322879168107,0.7529356132699595,0.01143475044236723,11,8,0.16583123951776998,2500,OLS_iid,iid,False,5
6,6,6001,9,90001,True,28,False,100,0.5395285147989731,0.5476440181955695,0.36692035690680014,0.2784528998904361,0.6632077112404241,0.7259820008480045,0.7733544892619656,0.010647629316769956,11,8,0.16583123951776998,2500,OLS_iid,iid,False,5
5,7,7001,22,220001,True,75,False,100,0.7067767475795607,3.119932641275227,0.3547810247552289,0.2717224991479421,0.8434838118720717,0.670344410359939,0.7902073376907265,0.007783707528222258,11,8,0.16583123951776998,2500,OLS_iid,iid,False,5
6,5,5001,16,160001,True,31,False,100,0.676217520476812,0.8347396948374808,0.4551351326503212,0.35135036794202196,1.102858654718386,1.0629423898512311,0.6814766780403783,0.010749472599313416,11,8,0.16583123951776998,2500,OLS_iid,iid,False,5
6,4,4001,26,260001,True,36,False,100,0.5342525759270861,1.0090708918869495,0.364796749743239,0.2691865070626951,0.967595304775899,0.840455312067957,0.7281527174720758,0.010334543755478529,11,8,0.16583123951776998,2500,OLS_iid,iid,False,5
6,6,6001,12,120001,True,28,False,100,0.6925403289409808,0.5434957738034427,0.4161747170551012,0.31333326157093183,0.922325514216985,0.739366782568496,0.803871971386549,0.011005578616843039,11,8,0.16583123951776998,2500,OLS_iid,iid,False,5
6,6,6001,18,180001,True,29,False,100,0.635410744224998,0.49868148285895586,0.38319738483642113,0.28604000202500846,0.7630336766845612,0.751632616999465,0.7760633011198578,0.010771208223047994,11,8,0.16583123951776998,2500,OLS_iid,iid,False,5
6,5,5001,20,200001,True,45,False,100,0.5808151268594547,0.7697446886450052,0.35359967349573124,0.26481070756653224,0.7591427579488712,0.6296245890223113,0.8410700034615548,0.01097787461459007,11,8,0.16583123951776998,2500,OLS_iid,iid,False,5
6,6,6001,16,160001,True,30,False,100,0.676217520476812,0.5156215871684253,0.38811080781618007,0.2852052593678042,0.8446312653824676,0.6893351320948223,0.8147999061218589,0.010409066614229528,11,8,0.16583123951776998,2500,OLS_iid,iid,False,5
6,6,6001,14,140001,True,28,False,100,0.46161486330908097,0.5444214278832078,0.45030876765311484,0.3481279667206317,0.8920766270723259,1.1487258325640346,0.5509329585827787,0.010822403212101291,11,8,0.16583123951776998,2500,OLS_iid,iid,False,5
6,7,7001,0,1,True,28,False,100,0.5114186415974027,0.4329627500846982,0.5143479821985927,0.4171404810271245,1.146702324716363,1.418741913579905,0.4400062421872903,0.010603453020718861,11,8,0.16583123951776998,2500,OLS_iid,iid,False,5
6,6,6001,23,230001,True,26,False,100,0.49317283258034506,0.4926424799486995,0.4591207135272335,0.35588049312907216,1.0189127879090578,1.0051468150357834,0.6842975426023077,0.010586917795322611,11,8,0.16583123951776998,2500,OLS_iid,iid,False,5
6,0,1,27,270001,True,115,False,100,0.9185182958328538,2.203091485891491,0.32418216987177784,0.22155473976444026,0.9724928433097721,0.6725150436548761,0.7910454286105632,0.011512561828955662,11,8,0.16583123951776998,2500,OLS_iid,iid,False,5
6,6,6001,2,20001,True,37,False,100,0.8223389972643678,0.7062064930796623,0.46828279521800165,0.3622473531823883,1.1070675013036053,1.1705360018035609,0.4687318602766129,0.012047498165283645,11,8,0.16583123951776998,2500,OLS_iid,iid,False,5
6,5,5001,28,280001,True,51,False,100,0.48138778909358665,0.8073428156785667,0.35710056363754517,0.27166572076938383,0.7601527221340706,0.7010748185231541,0.7974785354260595,0.010626076597342448,11,8,0.16583123951776998,2500,OLS_iid,iid,False,5
6,6,6001,15,150001,True,33,False,100,0.6466714203305812,0.613374360371381,0.36226309415063046,0.28016911626418417,0.6779587789744338,0.7205493256392385,0.79281542713998,0.010849776143639243,11,8,0.16583123951776998,2500,OLS_iid,iid,False,5
6,4,4001,20,200001,True,31,False,100,0.5808151268594547,1.1998700466938317,0.3946435442105439,0.30064351446527926,0.7880700850697508,0.7202090299248429,0.8111575079251624,0.010797305193120013,11,8,0.16583123951776998,2500,OLS_iid,iid,False,5
6,2,2001,7,70001,True,34,False,100,0.6817050683873941,1.908120898064226,0.2989017302091778,0.2139314601168712,0.6311003249050737,0.6227649437993674,0.8296101017362645,0.010943682555565437,11,8,0.16583123951776998,2500,OLS_iid,iid,False,5
6,0,1,1,10001,True,163,False,100,0.5323130486779951,2.597118868958205,0.28605865372178463,0.20078879658921817,0.6800910776476613,0.46960768389991703,0.8977709438088853,0.010651648273158034,11,8,0.16583123951776998,2500,OLS_iid,iid,False,5
6,6,6001,27,270001,True,31,False,100,0.9185182958328538,0.5859503112733364,0.39493665389210386,0.3011150287380683,0.8885243854626506,1.0493219138493788,0.551900925747205,0.011272022087018932,11,8,0.16583123951776998,2500,OLS_iid,iid,False,5
6,1,1001,9,90001,True,48,False,100,0.5395285147989731,2.2121627503074706,0.37605037429452004,0.27501686530480596,1.1723952071800436,0.8280784828102219,0.8110786203667493,0.010985300730378135,11,8,0.16583123951776998,2500,OLS_iid,iid,False,5
6,7,7001,4,40001,True,38,False,100,0.41496186204243024,0.5696301823481917,0.38088782460060305,0.28964164367576956,0.9639058882191865,0.7563135403657663,0.8125226038573835,0.01079384794242517,11,8,0.16583123951776998,2500,OLS_iid,iid,False,5
6,7,7001,6,60001,True,38,False,100,0.5546778985140032,0.5481965262442827,0.3252189638008499,0.23359495338406466,0.9534512255303511,0.5755263884134856,0.862965251353606,0.010588556487936801,11,8,0.16583123951776998,2500,OLS_iid,iid,False,5
6,6,6001,26,260001,True,39,False,100,0.5342525759270861,0.6245650402270257,0.3423900066008529,0.25023607049043667,0.7293368447150902,0.7155115476678324,0.7636212419689155,0.011027717184111508,11,8,0.16583123951776998,2500,OLS_iid,iid,False,5
6,7,7001,16,160001,True,27,False,100,0.676217520476812,0.45412698900327086,0.44047463107483836,0.3375401449178239,0.9596267351789771,0.8424730233624876,0.7921190524172848,0.010652733430000309,11,8,0.16583123951776998,2500,OLS_iid,iid,False,5
6,7,7001,21,210001,True,28,False,100,0.6700804593823679,0.439226892311126,0.41300510649970273,0.3182225552122022,1.085673875601413,0.9523056593679318,0.7238240036991603,0.011102300889445338,11,8,0.16583123951776998,2500,OLS_iid,iid,False,5
6,2,2001,12,120001,True,122,False,100,0.6925403289409808,1.9798498530872166,0.3364685517749756,0.2417807673968367,0.7573796019644404,0.6852820878637028,0.8068567278996106,0.010771413478896052,11,8,0.16583123951776998,2500,OLS_iid,iid,False,5
6,7,7001,7,70001,True,31,False,100,0.6817050683873941,0.5790425627492368,0.4482607448459673,0.3502804194292351,1.1488938047858244,0.914609361064518,0.7470177880344709,0.011195023333404547,11,8,0.16583123951776998,2500,OLS_iid,iid,False,5
6,7,7001,22,220001,True,33,False,100,0.7067767475795607,0.4564457549713552,0.4615532663038981,0.35861746473850487,1.0739091384155377,1.2682343040953965,0.4278380270787512,0.011195231727245854,11,8,0.16583123951776998,2500,OLS_iid,iid,False,5
6,6,6001,25,250001,True,47,False,100,0.6243924090701123,0.7012097048573196,0.34574452363315356,0.25014853293806777,0.7415705375961976,0.6561086791390804,0.8462316948652807,0.011241086201953814,11,8,0.16583123951776998,2500,OLS_iid,iid,False,5
6,7,7001,11,110001,True,31,False,100,0.765549815274042,0.5592979257926345,0.48016373792477074,0.38089653834844267,0.9765882282688436,1.1681214353318574,0.5109244878869958,0.010634864535903602,11,8,0.16583123951776998,2500,OLS_iid,iid,False,5
6,5,5001,12,120001,True,28,False,100,0.6925403289409808,1.130574018228799,0.4423399417276018,0.3424620544858472,1.2078857841890742,1.0481430603744675,0.6932521868328826,0.010667130626429204,11,8,0.16583123951776998,2500,OLS_iid,iid,False,5
6,7,7001,2,20001,True,34,False,100,0.8223389972643678,0.6848439169116318,0.3641241194380809,0.2645782859132116,0.9244559681689828,0.8884527064230319,0.7036501155682435,0.011749139607511625,11,8,0.16583123951776998,2500,OLS_iid,iid,False,5
6,7,7001,26,260001,True,34,False,100,0.5342525759270861,0.4536983319558203,0.3822682502820066,0.28540040062322,0.8626787828730598,0.758674057717076,0.7552657857285583,0.010787631967178348,11,8,0.16583123951776998,2500,OLS_iid,iid,False,5
6,7,7001,18,180001,True,27,False,100,0.635410744224998,0.5216253004036844,0.4911557119646235,0.38736083141792277,1.1558510339204278,1.214823719152956,0.5493223331994768,0.01090539146154391,11,8,0.16583123951776998,2500,OLS_iid,iid,False,5
6,7,7001,24,240001,True,27,False,100,0.49382897801089065,0.48537096474319696,0.5003270650566807,0.4212031516478356,0.9263268921142552,1.2276686045928658,0.6236360767113858,0.010308606754403229,11,8,0.16583123951776998,2500,OLS_iid,iid,False,5
6,5,5001,4,40001,True,31,False,100,0.41496186204243024,1.1923503438010812,0.4608607445348829,0.36591490159479334,0.9306549200924304,0.9317686751590484,0.7295912674897422,0.010597953175218111,11,8,0.16583123951776998,2500,OLS_iid,iid,False,5
6,1,1001,27,270001,True,149,False,100,0.9185182958328538,2.2043973580002785,0.16731786356202472,0.11537040988916937,0.4691529195303461,0.4036770775732242,0.9287670219365467,0.011548045596173034,11,8,0.16583123951776998,2500,OLS_iid,iid,False,5
6,8,8001,1,10001,True,27,False,100,0.5323130486779951,0.43321166886016726,0.377132815032037,0.26786622120181935,0.7474539109408114,0.7030789504452268,0.7964667058361122,0.010416633050138834,11,8,0.16583123951776998,2500,OLS_iid,iid,False,5
6,7,7001,23,230001,True,32,False,100,0.49317283258034506,0.5362225691787899,0.40877333127613913,0.3076755841285107,0.954791727156131,0.8614506941591588,0.7167793630624243,0.0106425478970276,11,8,0.16583123951776998,2500,OLS_iid,iid,False,5
6,3,3001,19,190001,True,103,False,100,0.8237675591248275,1.6728661986999214,0.2759505739834378,0.19760341239729168,0.6216319902471102,0.4990831926900235,0.8784330778980985,0.011121129602724258,11,8,0.16583123951776998,2500,OLS_iid,iid,False,5
6,7,7001,20,200001,True,37,False,100,0.5808151268594547,0.5833363169804215,0.3244180180474793,0.22264495446057272,0.8182068925900967,0.5757128034659476,0.8461407716218913,0.010487837444175205,11,8,0.16583123951776998,2500,OLS_iid,iid,False,5
6,6,6001,4,40001,True,27,False,100,0.41496186204243024,0.9903419278562069,0.47213524928327727,0.37327271889284597,0.9882374393025343,2.803593829278733,0.6208372956628162,0.01057479030486937,11,8,0.16583123951776998,2500,OLS_iid,iid,False,5
6,2,2001,23,230001,True,42,False,100,0.49317283258034506,2.011550474911928,0.3972555145321076,0.2962023791945753,1.0341349811381584,0.7678524873129154,0.8060511487141759,0.010751686381619803,11,8,0.16583123951776998,2500,OLS_iid,iid,False,5
6,6,6001,0,1,True,28,False,100,0.5114186415974027,1.0577249499037862,0.411655099486287,0.31326079614563707,1.1738913071107477,1.7756973579707747,0.7061227519119351,0.010853841855581838,11,8,0.16583123951776998,2500,OLS_iid,iid,False,5
6,8,8001,6,60001,True,33,False,100,0.5546778985140032,0.49103350983932614,0.44149347157269664,0.3429750644520681,0.8985347708415479,1.1380673395929164,0.5153655027764719,0.010626780769372946,11,8,0.16583123951776998,2500,OLS_iid,iid,False,5
6,3,3001,8,80001,True,34,False,100,0.5886716060744396,1.7860646257176995,0.3377029700646249,0.250094504409563,0.9756847938461382,0.929127156258392,0.651711743437777,0.010550515725379244,11,8,0.16583123951776998,2500,OLS_iid,iid,False,5
6,7,7001,8,80001,True,32,False,100,0.5886716060744396,0.7661404809914529,0.41015203674959005,0.3155745955231469,0.8556831804567201,0.7322756281006875,0.8054412604177281,0.010999042408675719,11,8,0.16583123951776998,2500,OLS_iid,iid,False,5
6,1,1001,14,140001,True,164,False,100,0.46161486330908097,2.4366202759556472,0.14389178563283733,0.11369689330147983,0.26071060296137166,0.25121220562379604,0.9693778228340563,0.010875561901618308,11,8,0.16583123951776998,2500,OLS_iid,iid,False,5
6,8,8001,24,240001,True,27,False,100,0.49382897801089065,0.4387217150069773,0.41997077029189495,0.3202862787954814,0.8456240552232581,0.8049478632910111,0.77574129600344,0.010551391436044293,11,8,0.16583123951776998,2500,OLS_iid,iid,False,5
6,6,6001,13,130001,True,28,False,100,0.5403875914353394,1.0072189439088106,0.3919650770574425,0.2910843758355664,0.7976566395171913,0.758024746919322,0.7849819029323823,0.011129911281300371,11,8,0.16583123951776998,2500,OLS_iid,iid,False,5
6,8,8001,14,140001,True,30,False,100,0.46161486330908097,0.4964361758902669,0.36803317877983105,0.2718691191484209,0.9627897142087101,0.7213547371654008,0.7995404965742376,0.010354520936719857,11,8,0.16583123951776998,2500,OLS_iid,iid,False,5
6,8,8001,7,70001,True,29,False,100,0.6817050683873941,0.5764593998901546,0.37317207386347157,0.2642410076933884,1.2189347845231802,0.7398953277776387,0.7982707984574673,0.010783752415902742,11,8,0.16583123951776998,2500,OLS_iid,iid,False,5
6,8,8001,23,230001,True,30,False,100,0.49317283258034506,0.48262285301461816,0.4183797154665751,0.31837468158398946,0.7728123460698957,1.1675194301101213,0.46302539084519506,0.010513361832027581,11,8,0.16583123951776998,2500,OLS_iid,iid,False,5
6,1,1001,5,50001,True,177,False,100,0.5698202118398672,2.5998888006433845,0.17563570905145737,0.130424569138385,0.41356655703434336,0.39483390625535425,0.9277927529164092,0.01128538814998807,11,8,0.16583123951776998,2500,OLS_iid,iid,False,5
6,8,8001,0,1,True,32,False,100,0.5114186415974027,0.6968906321562827,0.43254673439366353,0.334554531522002,1.0611305214629259,0.9283855243770264,0.7435059600072973,0.010443178042900044,11,8,0.16583123951776998,2500,OLS_iid,iid,False,5
6,8,8001,19,190001,True,28,False,100,0.8237675591248275,0.5477828476577997,0.4309169845734918,0.3428253500743429,0.9787838347670238,0.933096478191006,0.715339143059393,0.011465054200558024,11,8,0.16583123951776998,2500,OLS_iid,iid,False,5
6,8,8001,5,50001,True,32,False,100,0.5698202118398672,0.6623223563656211,0.37606697939137756,0.2799229898269368,1.0137385906834597,0.8430925084114641,0.761502867080508,0.01148544750902694,11,8,0.16583123951776998,2500,OLS_iid,iid,False,5
6,8,8001,20,200001,True,28,False,100,0.5808151268594547,0.5535445213317871,0.4709410635688826,0.3698521526002892,0.9608197741206289,1.0304332553947173,0.6808376239439029,0.010900217884385242,11,8,0.16583123951776998,2500,OLS_iid,iid,False,5
6,8,8001,2,20001,True,32,False,100,0.8223389972643678,0.6860632277093828,0.3075475644191849,0.2191582808982629,0.7387540779259744,0.634717884543143,0.8182966627204564,0.011807877636302382,11,8,0.16583123951776998,2500,OLS_iid,iid,False,5
6,2,2001,13,130001,True,39,False,100,0.5403875914353394,2.3210531128570437,0.29816391064732967,0.21855600570320385,0.63331656263359,0.5341515923010457,0.8683591480723196,0.011216805248737532,11,8,0.16583123951776998,2500,OLS_iid,iid,False,5
6,1,1001,23,230001,True,64,False,100,0.49317283258034506,2.5224629919975996,0.38281482646612214,0.28808241972965676,0.9068979597575016,0.866178727522667,0.8167802470380172,0.010883270620948748,11,8,0.16583123951776998,2500,OLS_iid,iid,False,5
5,5,5001,17,170001,True,221,False,100,0.6663488150377282,4.43156049400568,0.20414081658048935,0.15657514845160533,0.4420968870440433,0.37450041148549357,0.9343106741560305,0.007755634483103757,11,8,0.16583123951776998,2500,OLS_iid,iid,False,5
6,8,8001,4,40001,True,29,False,100,0.41496186204243024,0.7393774776719511,0.4525885123123091,0.357017359834126,0.8480045099674964,1.1578841276590315,0.5434617520726819,0.010565454582211075,11,8,0.16583123951776998,2500,OLS_iid,iid,False,5
6,8,8001,25,250001,True,35,False,100,0.6243924090701123,0.6211128616705537,0.3981362779937182,0.30591442008371844,0.8879745221071088,0.86008520523648,0.6979427772031601,0.010714645734263723,11,8,0.16583123951776998,2500,OLS_iid,iid,False,5
6,8,8001,12,120001,True,42,False,100,0.6925403289409808,0.6793811097741127,0.3990818916577719,0.3017668362775353,0.7427606213225318,0.8260897411637051,0.7489476019069425,0.010735107289041548,11,8,0.16583123951776998,2500,OLS_iid,iid,False,5
6,5,5001,21,210001,True,35,False,100,0.6700804593823679,1.408079203683883,0.4121021994697092,0.3106124529921464,0.9819630469007063,0.8486408637998529,0.7363408070407862,0.010884774916346455,11,8,0.16583123951776998,2500,OLS_iid,iid,False,5
6,6,6001,22,220001,True,29,False,100,0.7067767475795607,1.144426562357694,0.4114008708331587,0.3104744133545178,0.828967419062671,0.8410501161341195,0.7290677500194658,0.011236453232515944,11,8,0.16583123951776998,2500,OLS_iid,iid,False,5
6,7,7001,10,100001,True,27,False,100,0.4161500146245627,0.9720248822122812,0.4481623346902029,0.3547116343417183,0.9332237160822071,0.9901004505739819,0.681337900254581,0.010872612336641767,11,8,0.16583123951776998,2500,OLS_iid,iid,False,5
6,8,8001,28,280001,True,37,False,100,0.48138778909358665,0.5645486027933657,0.34786281764870064,0.2553094551330829,0.9987418315132361,0.6734850181736933,0.8087530553802582,0.010575214632415699,11,8,0.16583123951776998,2500,OLS_iid,iid,False,5
6,9,9001,16,160001,True,28,False,100,0.676217520476812,0.4320600060746074,0.471941985292884,0.37500425373616975,0.9117248716395567,1.2523420163168555,0.553757577804624,0.010502538229676598,11,8,0.16583123951776998,2500,OLS_iid,iid,False,5
6,9,9001,7,70001,True,32,False,100,0.6817050683873941,0.52690105792135,0.4394726728016221,0.33784728167878786,1.1287003298440594,1.2085179199633476,0.4848288665479261,0.010842006529103254,11,8,0.16583123951776998,2500,OLS_iid,iid,False,5
6,8,8001,27,270001,True,31,False,100,0.9185182958328538,0.6558422758243978,0.4064720131461619,0.31335254720145495,0.8046303376647053,1.0407094420403615,0.560186542893725,0.011364183416887602,11,8,0.16583123951776998,2500,OLS_iid,iid,False,5
6,9,9001,9,90001,True,28,False,100,0.5395285147989731,0.4995465069077909,0.36814584733224237,0.273920296873453,1.3414057948492044,1.055528227563043,0.7771181073106476,0.011046471037015134,11,8,0.16583123951776998,2500,OLS_iid,iid,False,5
6,9,9001,3,30001,True,29,False,100,0.43935679580674725,0.5945926569402218,0.41281237544141486,0.3199125833256608,0.8077067909972273,0.9397674654873089,0.6877079200372499,0.010642993566227383,11,8,0.16583123951776998,2500,OLS_iid,iid,False,5
6,6,6001,20,200001,True,28,False,100,0.5808151268594547,1.2300657387822866,0.3771902782326564,0.2868601977650699,0.7930000573257184,0.7308361760575802,0.7794912679446262,0.010535578425621932,11,8,0.16583123951776998,2500,OLS_iid,iid,False,5
6,9,9001,2,20001,True,32,False,100,0.8223389972643678,0.6176039441488683,0.42332884808790733,0.32021210955501567,0.9259519831403628,1.0589103815420784,0.6213638106635703,0.011718524095777111,11,8,0.16583123951776998,2500,OLS_iid,iid,False,5
6,9,9001,6,60001,True,30,False,100,0.5546778985140032,0.5745395109988749,0.41756417408291463,0.31579088598091215,1.1770803072311455,1.0929880374328413,0.6322351338837089,0.01078011573493439,11,8,0.16583123951776998,2500,OLS_iid,iid,False,5
6,9,9001,8,80001,True,29,False,100,0.5886716060744396,0.5750653380528092,0.425829891511165,0.32955024003287964,0.9880762990683943,0.9514094540994886,0.7003536005977067,0.010998073955163307,11,8,0.16583123951776998,2500,OLS_iid,iid,False,5
6,8,8001,22,220001,True,48,False,100,0.7067767475795607,0.7691356530413032,0.3756085584159771,0.27796205564952997,0.8511892789602941,0.6330737576911758,0.836292977369849,0.010410004161707195,11,8,0.16583123951776998,2500,OLS_iid,iid,False,5
6,3,3001,25,250001,True,135,False,100,0.6243924090701123,2.062762407120317,0.31255887851122566,0.22071171251596053,0.9065134445871438,0.5921445497724094,0.8560164017377181,0.01123917351066568,11,8,0.16583123951776998,2500,OLS_iid,iid,False,5
6,3,3001,22,220001,True,41,False,100,0.7067767475795607,2.0840121363289654,0.3737043534437432,0.26992154550376235,0.9984125203739029,0.8252322044284662,0.74452001477707,0.010633724631919745,11,8,0.16583123951776998,2500,OLS_iid,iid,False,5
6,9,9001,10,100001,True,31,False,100,0.4161500146245627,0.5914294864051044,0.40080706201696004,0.3049679328598392,0.7993133812270251,0.7649910041134538,0.7845066839337951,0.010511710581780858,11,8,0.16583123951776998,2500,OLS_iid,iid,False,5
6,9,9001,13,130001,True,32,False,100,0.5403875914353394,0.5731519400142133,0.4176117980190057,0.32005810010879343,0.843987116805599,0.9194398307148763,0.6991805705820685,0.011062171157107588,11,8,0.16583123951776998,2500,OLS_iid,iid,False,5
6,9,9001,22,220001,True,28,False,100,0.7067767475795607,0.5325277233496308,0.3797537834085983,0.27930270154508785,0.896622690745437,0.8335814843107967,0.7265793590182501,0.0108158036241393,11,8,0.16583123951776998,2500,OLS_iid,iid,False,5
6,8,8001,15,150001,True,45,False,100,0.6466714203305812,0.8530933712609112,0.3753935311589067,0.28341632868915806,0.8154255404110444,0.7097634935887631,0.8064378818417982,0.010693556954241177,11,8,0.16583123951776998,2500,OLS_iid,iid,False,5
6,9,9001,24,240001,True,30,False,100,0.49382897801089065,0.49310665717348456,0.4343723566354868,0.31945321954518346,0.9370301907508934,0.8864491060931649,0.7345368410934525,0.01052448798464421,11,8,0.16583123951776998,2500,OLS_iid,iid,False,5
6,9,9001,14,140001,True,33,False,100,0.46161486330908097,0.6027069366537035,0.37101441939996915,0.2762773648854448,0.7959748463330214,0.7400418941993617,0.7681763143898634,0.010393542482036023,11,8,0.16583123951776998,2500,OLS_iid,iid,False,5
6,9,9001,5,50001,True,45,False,100,0.5698202118398672,0.6873267511837184,0.2961947037599041,0.22185858737316827,0.5292590546371394,0.6488629151580586,0.8149374406650758,0.011663712150083657,11,8,0.16583123951776998,2500,OLS_iid,iid,False,5
6,9,9001,18,180001,True,29,False,100,0.635410744224998,0.6142605147324502,0.412973386367507,0.3084485288207959,0.9429580762195738,0.8766366860922934,0.7674565052456057,0.010560934561722338,11,8,0.16583123951776998,2500,OLS_iid,iid,False,5
6,9,9001,21,210001,True,35,False,100,0.6700804593823679,0.6024981578812003,0.40758803802073845,0.3051869456188514,1.2379214627121464,0.9338799108790642,0.7186019449969809,0.010636567993333325,11,8,0.16583123951776998,2500,OLS_iid,iid,False,5
6,7,7001,3,30001,True,73,False,100,0.43935679580674725,1.305593560449779,0.3564294916488097,0.2586126834029933,1.0380912249903098,0.6619373256086492,0.8246519608179105,0.010569061101078539,11,8,0.16583123951776998,2500,OLS_iid,iid,False,5
6,8,8001,26,260001,True,53,False,100,0.5342525759270861,0.8871451299637556,0.38832424530233245,0.2832798167024778,1.0398794528964768,0.7677000826932426,0.7599147252819524,0.01110463641119939,11,8,0.16583123951776998,2500,OLS_iid,iid,False,5
5,8,8001,1,10001,True,212,False,100,0.6766198465255097,3.958309623878449,0.20601548391235458,0.15917677738991284,0.46843795641199665,0.32403727083294676,0.9459587521823182,0.007565758654723993,11,8,0.16583123951776998,2500,OLS_iid,iid,False,5
6,7,7001,15,150001,True,31,False,100,0.6466714203305812,1.1854530270211399,0.4551040565656278,0.35788413892663073,1.121008568553275,1.106512824608929,0.6298174575146168,0.010714987358804289,11,8,0.16583123951776998,2500,OLS_iid,iid,False,5
6,8,8001,21,210001,True,40,False,100,0.6700804593823679,0.9286606321111321,0.3955883971772046,0.3023568690996438,0.9504547733908517,0.7469476527677938,0.8030172701433559,0.010732778275744398,11,8,0.16583123951776998,2500,OLS_iid,iid,False,5
6,6,6001,1,10001,True,27,False,100,0.5323130486779951,1.6104214969091117,0.48670392575195764,0.3843839037470021,0.986456523095071,1.3619034751199461,0.42112216282854453,0.011068798139601316,11,8,0.16583123951776998,2500,OLS_iid,iid,False,5
6,8,8001,17,170001,True,50,False,100,0.6663488150377282,0.9628032902255654,0.3293626408806157,0.22704214535604167,0.7356434446153077,0.5056374441362838,0.8914847599215625,0.011018624474091075,11,8,0.16583123951776998,2500,OLS_iid,iid,False,5
6,3,3001,26,260001,True,138,False,100,0.5342525759270861,2.2182503109797835,0.1575144473449316,0.1213012071110358,0.284740104150426,0.2862238140096293,0.9631183192566803,0.010702241839565996,11,8,0.16583123951776998,2500,OLS_iid,iid,False,5
6,9,9001,19,190001,True,32,False,100,0.8237675591248275,0.6801958847790956,0.3995009663141864,0.317500815798922,0.9538947019047979,1.1211562959102146,0.5742663197018087,0.010951836896422618,11,8,0.16583123951776998,2500,OLS_iid,iid,False,5
6,9,9001,15,150001,True,30,False,100,0.6466714203305812,0.7085535489022732,0.46190704401163,0.36092241939811776,1.0418683483460016,1.1195013623480736,0.5858978118728129,0.010645739996765147,11,8,0.16583123951776998,2500,OLS_iid,iid,False,5
6,4,4001,11,110001,True,46,False,100,0.765549815274042,2.129530902020633,0.3850023550923117,0.28434820080662393,1.1228188986296255,1.7674481148449217,0.6801121349496169,0.010908183337687088,11,8,0.16583123951776998,2500,OLS_iid,iid,False,5
7,0,1,6,60001,True,37,False,100,0.5546778985140032,0.500239091925323,0.3458291157671011,0.24248542575044202,0.9127510144668758,0.779442633106159,0.7797699219271435,0.014183854358737296,11,8,0.16583123951776998,2500,OLS_iid,iid,False,5
6,6,6001,17,170001,True,33,False,100,0.6663488150377282,1.488569833803922,0.40927506684638015,0.30961541184350083,1.0827139559162342,0.84497194014534,0.7387109228158533,0.010827741452560317,11,8,0.16583123951776998,2500,OLS_iid,iid,False,5
6,6,6001,28,280001,True,32,False,100,0.48138778909358665,1.4144335351884365,0.38955859934446235,0.29880033564598985,0.8217770475384923,0.7726336999305791,0.7604431250201783,0.010795691610094268,11,8,0.16583123951776998,2500,OLS_iid,iid,False,5
7,0,1,9,90001,True,31,False,100,0.5351366934576496,0.47228741692379117,0.3577881992318346,0.2432600016624803,0.8857369064846463,0.7779121561307435,0.7648197483570854,0.013927333949547694,11,8,0.16583123951776998,2500,OLS_iid,iid,False,5
6,7,7001,14,140001,True,37,False,100,0.46161486330908097,1.2810175539925694,0.35560426354931984,0.2642725936202298,0.8572119448779562,0.6357119952424956,0.8442643892479355,0.010643440442194514,11,8,0.16583123951776998,2500,OLS_iid,iid,False,5
6,5,5001,2,20001,True,114,False,100,0.8223389972643678,1.9814680516719818,0.22102691091431945,0.15542918382002702,0.4757476462889311,0.4933726456713868,0.8824111187006318,0.011799414856479,11,8,0.16583123951776998,2500,OLS_iid,iid,False,5
6,8,8001,16,160001,True,28,False,100,0.676217520476812,1.0283985519781709,0.44226168412023203,0.33999429883976656,0.9159690360108325,0.9317789012265247,0.711620849195031,0.01041516582580145,11,8,0.16583123951776998,2500,OLS_iid,iid,False,5
6,4,4001,18,180001,True,113,False,100,0.635410744224998,2.163583181798458,0.25562070359197775,0.17679755113429935,0.5536824343832616,0.41691439228048266,0.9150372743590746,0.010984218726729203,11,8,0.16583123951776998,2500,OLS_iid,iid,False,5
6,9,9001,0,1,True,27,False,100,0.5114186415974027,0.9440080262720585,0.4636695131986857,0.36418743312586127,0.9551501910369734,0.9933061976254274,0.7095323887092675,0.01042447968499995,11,8,0.16583123951776998,2500,OLS_iid,iid,False,5
6,5,5001,7,70001,True,133,False,100,0.6817050683873941,1.9686190620996058,0.14998224199226587,0.11052895988542165,0.32672476061244526,0.29463823350583423,0.9564183998845441,0.010804817622052185,11,8,0.16583123951776998,2500,OLS_iid,iid,False,5
7,0,1,8,80001,True,41,False,100,0.5886716060744396,0.5885103051550686,0.3911322477821183,0.27819899189554376,0.8627196775573776,0.9255341329223068,0.7165564613476094,0.013570059875969853,11,8,0.16583123951776998,2500,OLS_iid,iid,False,5
6,7,7001,29,290001,True,31,False,100,0.7411039681057955,1.246524807997048,0.3706462792420983,0.2966511286486804,0.9235565941563699,2.8790339664670044,0.7261347379039366,0.011113573841681521,11,8,0.16583123951776998,2500,OLS_iid,iid,False,5
6,8,8001,18,180001,True,30,False,100,0.635410744224998,1.1086699143052101,0.45705438750691735,0.35161303243862874,1.059870111873114,0.8618532832639463,0.7581206897322661,0.010690873931871346,11,8,0.16583123951776998,2500,OLS_iid,iid,False,5
6,8,8001,11,110001,True,31,False,100,0.765549815274042,1.1759866662323475,0.4600251559112654,0.3617557730863681,0.9216519305441515,1.101296796572218,0.6338456387286554,0.010989121023918991,11,8,0.16583123951776998,2500,OLS_iid,iid,False,5
6,7,7001,13,130001,True,93,False,100,0.5403875914353394,1.4073389479890466,0.27173681366434066,0.190444590015429,0.7854380540923361,0.4927572807055027,0.8796410588620018,0.011250864314217268,11,8,0.16583123951776998,2500,OLS_iid,iid,False,5
5,1,1001,26,260001,True,299,False,100,0.5342525759270861,5.929785378277302,0.18894965223185123,0.14992057156529012,0.36047180856259564,0.3195362253774795,0.9499339809965938,0.007582548231809815,11,8,0.16583123951776998,2500,OLS_iid,iid,False,5
6,7,7001,17,170001,True,38,False,100,0.6663488150377282,1.4252839870750904,0.42522835893662314,0.32137951883791926,0.856374218060172,1.190053458051579,0.48100893773233916,0.010936881815178672,11,8,0.16583123951776998,2500,OLS_iid,iid,False,5
7,1,1001,4,40001,True,34,False,100,0.41496186204243024,0.41530697979032993,0.3586213988439435,0.2544686823575662,0.8397683647760896,0.7791380177270126,0.7838559034106247,0.013850338036698292,11,8,0.16583123951776998,2500,OLS_iid,iid,False,5
7,1,1001,10,100001,True,23,False,100,0.4161500146245627,0.35579608008265495,0.4380871007199933,0.3186593550516008,0.9198458804530478,1.5053485167528782,0.40570947170765914,0.014042657519855384,11,8,0.16583123951776998,2500,OLS_iid,iid,False,5
6,5,5001,19,190001,True,41,False,100,0.8237675591248275,1.9715512138791382,0.37269006534190535,0.2822866242293267,0.9306211925042384,0.8251192079413066,0.7619754094614476,0.011397270162984153,11,8,0.16583123951776998,2500,OLS_iid,iid,False,5
7,0,1,13,130001,True,48,False,100,0.5018300555357313,0.6494982759468257,0.3857258607249612,0.26914667892534433,0.981310549822444,0.862944874959513,0.7465082267308535,0.014060331619816083,11,8,0.16583123951776998,2500,OLS_iid,iid,False,5
6,9,9001,26,260001,True,31,False,100,0.5342525759270861,0.8480252530425787,0.43160055852133505,0.32998301263860746,0.8598821532887366,1.1115081204864397,0.5496133496535835,0.010862405392714226,11,8,0.16583123951776998,2500,OLS_iid,iid,False,5
7,0,1,24,240001,True,41,False,100,0.2640710324559736,0.5146345030516386,0.4505815889949468,0.3284386371341498,0.9667620465144968,1.1376668469948423,0.6613972142403041,0.013811003989004809,11,8,0.16583123951776998,2500,OLS_iid,iid,False,5
6,6,6001,21,210001,True,43,False,100,0.6700804593823679,1.7053116080351174,0.3913298326137768,0.2917269024293144,1.001819631088682,0.7562623928503042,0.8232037061051676,0.010840247877839986,11,8,0.16583123951776998,2500,OLS_iid,iid,False,5
6,9,9001,27,270001,True,36,False,100,0.9185182958328538,0.8396095847710967,0.3179530400065721,0.2324896688501613,0.6690029176433461,0.7275572579449728,0.7437414781309072,0.011143934180318314,11,8,0.16583123951776998,2500,OLS_iid,iid,False,5
7,0,1,23,230001,True,39,False,100,0.49317283258034506,0.5479257460683584,0.391969124998201,0.27293371876553,0.9140583946007578,0.8735361937527603,0.7494665825665698,0.014187528991111094,11,8,0.16583123951776998,2500,OLS_iid,iid,False,5
7,1,1001,1,10001,True,29,False,100,0.257341852866104,0.4711220129393041,0.3386573624768117,0.221698981041604,0.8239546060538646,0.6770577425125472,0.8167871514547222,0.014183565377223477,11,8,0.16583123951776998,2500,OLS_iid,iid,False,5
7,0,1,3,30001,True,60,False,100,0.43935679580674725,0.792917475104332,0.10236562747614264,0.07832903959829529,0.23075316708371912,0.22955487611585848,0.9737603435185364,0.013870832950913353,11,8,0.16583123951776998,2500,OLS_iid,iid,False,5
7,1,1001,8,80001,True,32,False,100,0.5886716060744396,0.44262400083243847,0.3768267191766496,0.2668934233414468,0.7985311192528892,0.9688770656369077,0.67564938203965,0.014015857706191742,11,8,0.16583123951776998,2500,OLS_iid,iid,False,5
6,8,8001,3,30001,True,38,False,100,0.43935679580674725,1.4124470669776201,0.42958925209524385,0.33599155533362046,0.7592533625658343,0.8829984594899504,0.7209776484522339,0.01062857034437906,11,8,0.16583123951776998,2500,OLS_iid,iid,False,5
7,1,1001,6,60001,True,36,False,100,0.5546778985140032,0.4735457291826606,0.303508289869494,0.1951717688874697,0.7763824041239965,0.6923418381720448,0.7816844172667723,0.014311642185592499,11,8,0.16583123951776998,2500,OLS_iid,iid,False,5
6,7,7001,1,10001,True,33,False,100,0.5323130486779951,1.6993492250330746,0.4023466235401272,0.30346748553710384,0.8284142757908272,0.7620595691264789,0.7779912657588588,0.010868018696499308,11,8,0.16583123951776998,2500,OLS_iid,iid,False,5
5,4,4001,11,110001,True,103,False,100,0.765549815274042,5.465573041234165,0.3959996973069467,0.3112986807975696,1.1666547574737112,0.8189033747038134,0.8006961086956604,0.007543101876210022,11,8,0.16583123951776998,2500,OLS_iid,iid,False,5
5,2,2001,26,260001,True,131,False,100,0.5342525759270861,5.8630522126331925,0.193652927000277,0.1554946742844621,0.36091854959414243,0.32565003480517435,0.9477307748963876,0.007733350761680251,11,8,0.16583123951776998,2500,OLS_iid,iid,False,5
5,2,2001,28,280001,True,146,False,100,0.48138778909358665,5.847176522016525,0.18155824081654612,0.15570256836631188,0.2915406232903172,0.2778744276850281,0.963093345277386,0.007406189215408555,11,8,0.16583123951776998,2500,OLS_iid,iid,False,5
5,7,7001,5,50001,True,200,False,100,0.7709298441133979,4.699258660897613,0.2440317178704435,0.19581049574245304,0.4912473198693393,0.4993075627827937,0.8826126327010453,0.008148365838469307,11,8,0.16583123951776998,2500,OLS_iid,iid,False,5
7,0,1,12,120001,True,39,False,100,0.6925403289409808,0.8053136076778173,0.3497982755422943,0.23709264529878749,1.0473504801324138,0.6776315130246586,0.8271487089955799,0.013679475618248315,11,8,0.16583123951776998,2500,OLS_iid,iid,False,5
7,0,1,2,20001,True,37,False,100,0.8223389972643678,0.9308581682853401,0.3654702108235144,0.24675093535281434,1.0798849423824062,0.9365552291229732,0.6921388899075597,0.014300782401776254,11,8,0.16583123951776998,2500,OLS_iid,iid,False,5
7,1,1001,0,1,True,44,False,100,0.5114186415974027,0.6120634181424975,0.33732839596626524,0.2357875266526133,0.8931485643207758,0.7424000742808538,0.7810231903984406,0.014075669089355841,11,8,0.16583123951776998,2500,OLS_iid,iid,False,5
7,0,1,18,180001,True,46,False,100,0.635410744224998,0.7212833100929856,0.34791998721551876,0.23613007919518933,1.0108553186160563,0.8583364438446965,0.752681433065314,0.013914616125571539,11,8,0.16583123951776998,2500,OLS_iid,iid,False,5
7,0,1,27,270001,True,53,False,100,0.6391249637509558,0.667994330637157,0.36273628580236184,0.24758867900038137,0.9951105169636221,0.6839142735581115,0.8256198453295076,0.014141159421869932,11,8,0.16583123951776998,2500,OLS_iid,iid,False,5
7,0,1,19,190001,True,52,False,100,0.8237675591248275,0.7309407498687506,0.2864037113634248,0.19243317521465234,0.903667479670078,0.5210477511424465,0.8720888889997038,0.014128989887453125,11,8,0.16583123951776998,2500,OLS_iid,iid,False,5
7,1,1001,7,70001,True,43,False,100,0.512965414702488,0.565972255077213,0.27994474581042517,0.18595883111480135,0.617927341477028,0.5165267085386023,0.8843007977118756,0.013909041439978528,11,8,0.16583123951776998,2500,OLS_iid,iid,False,5
7,1,1001,14,140001,True,33,False,100,0.46161486330908097,0.5243694731034338,0.47444801679174725,0.34994216580932286,1.0488824145267353,1.4045416732934348,0.49291140124253763,0.014114090821773976,11,8,0.16583123951776998,2500,OLS_iid,iid,False,5
7,1,1001,21,210001,True,35,False,100,0.6700804593823679,0.4688087678514421,0.30973352964812867,0.20636310332821423,1.008272942527687,0.6246606521261486,0.8621754552583866,0.014351038504242393,11,8,0.16583123951776998,2500,OLS_iid,iid,False,5
7,1,1001,16,160001,True,31,False,100,0.4180566929958173,0.5342307309620082,0.39205678209171196,0.27743737445085787,0.9992201254872348,0.9070604306582197,0.7363770178877111,0.014050755957941391,11,8,0.16583123951776998,2500,OLS_iid,iid,False,5
6,6,6001,5,50001,True,126,False,100,0.5698202118398672,2.0840036449953914,0.2197080480353048,0.1649863461847213,0.5062791528418867,0.43540486769963127,0.9096956023625872,0.011303010687820768,11,8,0.16583123951776998,2500,OLS_iid,iid,False,5
7,1,1001,22,220001,True,36,False,100,0.6872275771018909,0.5303592360578477,0.2902814109552772,0.18363197627285788,0.9150743294079695,0.6461660755677587,0.8075912377345824,0.01377865622696886,11,8,0.16583123951776998,2500,OLS_iid,iid,False,5
7,2,2001,16,160001,True,22,False,100,0.4180566929958173,0.2883081790059805,0.44360583724653924,0.3159407313232688,0.8547388748471131,1.2004794099936102,0.6116110057123549,0.013813206078713313,11,8,0.16583123951776998,2500,OLS_iid,iid,False,5
7,1,1001,2,20001,True,54,False,100,0.8223389972643678,0.7382626440376043,0.28589053146342347,0.1730041051608606,0.7765623833829693,0.5864070517612139,0.8610595559568589,0.013975882862993774,11,8,0.16583123951776998,2500,OLS_iid,iid,False,5
7,1,1001,9,90001,True,49,False,100,0.5351366934576496,0.6847173273563385,0.3297833969615759,0.22604564261293456,0.7475623165287835,0.6517016655539496,0.8284194629587496,0.014302907349993265,11,8,0.16583123951776998,2500,OLS_iid,iid,False,5
6,9,9001,23,230001,True,71,False,100,0.49317283258034506,1.2044056188315153,0.2999987298803063,0.21940588416154025,0.5909592937289715,0.5157854025295745,0.8968619723902227,0.010730436416243746,11,8,0.16583123951776998,2500,OLS_iid,iid,False,5
7,1,1001,23,230001,True,34,False,100,0.49317283258034506,0.5704925758764148,0.3771929801004732,0.26376768658567684,1.0004422717862396,1.068162751668384,0.5803110029044627,0.013837881970152482,11,8,0.16583123951776998,2500,OLS_iid,iid,False,5
7,1,1001,15,150001,True,46,False,100,0.6466714203305812,0.6367558250203729,0.3350239124580098,0.2353379957834754,0.8084222883688503,0.7870551901225349,0.770550891680361,0.013806540630433654,11,8,0.16583123951776998,2500,OLS_iid,iid,False,5
7,2,2001,5,50001,True,35,False,100,0.47761220854332603,0.45691998209804296,0.3836496920590072,0.2700693323033072,0.9383191667379691,1.6471719116895085,0.5275455580278671,0.013957720637778916,11,8,0.16583123951776998,2500,OLS_iid,iid,False,5
7,2,2001,10,100001,True,31,False,100,0.4161500146245627,0.4223848362453282,0.3727887050787075,0.26414808905907633,1.0467481343705511,0.8075080298337585,0.7893453210229386,0.01393701475587242,11,8,0.16583123951776998,2500,OLS_iid,iid,False,5
7,2,2001,3,30001,True,38,False,100,0.43935679580674725,0.5221050567924976,0.3786592040861265,0.264658949919185,0.9174554002200592,0.8976935162901813,0.7814793685690246,0.014191394610986372,11,8,0.16583123951776998,2500,OLS_iid,iid,False,5
7,0,1,16,160001,True,47,False,100,0.4180566929958173,0.9621948031708598,0.3517510267313805,0.23087204012450016,0.9868338248921399,0.7592529105789158,0.7961772252152834,0.013714669176880346,11,8,0.16583123951776998,2500,OLS_iid,iid,False,5
6,9,9001,4,40001,True,29,False,100,0.41496186204243024,1.4290270139463246,0.3969020829904398,0.30683292671264817,0.7593611409992995,0.7658060345979325,0.7821059964611722,0.010618497418472822,11,8,0.16583123951776998,2500,OLS_iid,iid,False,5
7,1,1001,11,110001,True,43,False,100,0.5705488257519286,0.7516802418977022,0.3659264715411916,0.26008722325674866,0.8823686032794446,0.90845318781372,0.7024249123875772,0.014346535408310547,11,8,0.16583123951776998,2500,OLS_iid,iid,False,5
7,2,2001,22,220001,True,27,False,100,0.6872275771018909,0.3844356518238783,0.40439836370738075,0.28204294822646064,0.9780969006869297,1.0049317474173853,0.7123482071663395,0.014174568389728682,11,8,0.16583123951776998,2500,OLS_iid,iid,False,5
7,1,1001,29,290001,True,30,False,100,0.5423117671479272,0.6154344170354307,0.3632469095519571,0.2618105439740155,0.777710249556816,1.15431012967757,0.4628393123931916,0.014288610137700993,11,8,0.16583123951776998,2500,OLS_iid,iid,False,5
7,2,2001,23,230001,True,23,False,100,0.49317283258034506,0.3920025252737105,0.44352315806452136,0.3212716232355523,1.0012904847200077,1.0570123042951074,0.6933057992299925,0.014349832170250423,11,8,0.16583123951776998,2500,OLS_iid,iid,False,5
7,1,1001,27,270001,True,32,False,100,0.6391249637509558,0.6810977198183537,0.29665612660266283,0.19643257861712335,0.8074787627405019,0.6441813790959646,0.8113041723041235,0.013927046616014514,11,8,0.16583123951776998,2500,OLS_iid,iid,False,5
7,1,1001,17,170001,True,58,False,100,0.6663488150377282,0.7603351282887161,0.28268807751384417,0.17969104130530955,0.781751700063197,0.5229070047364595,0.8721255090128847,0.014431131167171594,11,8,0.16583123951776998,2500,OLS_iid,iid,False,5
7,2,2001,14,140001,True,30,False,100,0.46161486330908097,0.4627892761491239,0.36612897327294586,0.2543057306120421,0.9291145352796402,0.8700378469133629,0.7493725157357864,0.014406758797035105,11,8,0.16583123951776998,2500,OLS_iid,iid,False,5
7,2,2001,1,10001,True,45,False,100,0.257341852866104,0.6434139139018953,0.3191671233286008,0.21537432968064074,0.780557064805442,0.6349823879364436,0.8407131102696396,0.013915932434894307,11,8,0.16583123951776998,2500,OLS_iid,iid,False,5
6,8,8001,10,100001,True,115,False,100,0.4161500146245627,1.7740326509810984,0.28589514534783594,0.21121923334444379,0.5884104172817762,0.45208989697665486,0.9027575946145403,0.01087748322344038,11,8,0.16583123951776998,2500,OLS_iid,iid,False,5
6,7,7001,19,190001,True,136,False,100,0.8237675591248275,1.9245608961209655,0.22585515368492087,0.16482332549699122,0.6490289337131694,0.42530329744059864,0.9094663160533536,0.011379195154208854,11,8,0.16583123951776998,2500,OLS_iid,iid,False,5
7,2,2001,13,130001,True,40,False,100,0.5018300555357313,0.4862310001626611,0.37816598034001825,0.271350561885316,0.8418199074478291,0.9072311196340445,0.7125196844876996,0.014183898293758136,11,8,0.16583123951776998,2500,OLS_iid,iid,False,5
7,2,2001,24,240001,True,31,False,100,0.2640710324559736,0.42318649124354124,0.3627446162215069,0.2530813199233611,0.7666106490926731,0.7539386116427292,0.7944073026260227,0.01392425466770577,11,8,0.16583123951776998,2500,OLS_iid,iid,False,5
6,7,7001,9,90001,True,110,False,100,0.5395285147989731,2.0790588068775833,0.29040623377253233,0.19824608903066654,0.770929557571878,0.46806480195040356,0.8921767958484935,0.011181860199917893,11,8,0.16583123951776998,2500,OLS_iid,iid,False,5
6,9,9001,25,250001,True,78,False,100,0.6243924090701123,1.3840827029198408,0.3247887850498959,0.23664980479833728,0.6882757199383205,0.6530388144463773,0.8131279746308329,0.011311693315142549,11,8,0.16583123951776998,2500,OLS_iid,iid,False,5
7,2,2001,11,110001,True,32,False,100,0.5705488257519286,0.6365553857758641,0.4032585237098529,0.28912254089535755,0.8794873380438826,0.9950980480997559,0.6768090097986921,0.013951617144792988,11,8,0.16583123951776998,2500,OLS_iid,iid,False,5
7,3,3001,5,50001,True,35,False,100,0.47761220854332603,0.4474745197221637,0.38602159085051446,0.26282113616688607,0.9679534946427737,1.107796152082623,0.5055142908115537,0.01397847389199589,11,8,0.16583123951776998,2500,OLS_iid,iid,False,5
7,2,2001,21,210001,True,35,False,100,0.6700804593823679,0.5942160692065954,0.3097638066494563,0.2127040650456886,0.6290951915450844,0.7050165635606263,0.7777063664429619,0.014233640334608982,11,8,0.16583123951776998,2500,OLS_iid,iid,False,5
6,5,5001,1,10001,True,174,False,100,0.5323130486779951,2.7849465617910028,0.18761630634920964,0.13725883332966762,0.41826904790172653,0.30628268417547055,0.9531333095929971,0.010903195664683521,11,8,0.16583123951776998,2500,OLS_iid,iid,False,5
7,2,2001,9,90001,True,37,False,100,0.5351366934576496,0.7116144201718271,0.36420473778655454,0.2537410607074314,0.917935834868936,0.7905079042121452,0.7940008169076804,0.014019022608013106,11,8,0.16583123951776998,2500,OLS_iid,iid,False,5
7,3,3001,9,90001,True,30,False,100,0.5351366934576496,0.41629493422806263,0.3888412034635322,0.27556506043691853,1.252595079445721,1.1573775578964072,0.705298745782266,0.014113783920953369,11,8,0.16583123951776998,2500,OLS_iid,iid,False,5
5,8,8001,27,270001,True,257,False,100,0.9185182958328538,4.6600034749135375,0.23923623842170536,0.18665861728717026,0.565679551787118,0.4375579277273353,0.9100927419926452,0.00805482281429961,11,8,0.16583123951776998,2500,OLS_iid,iid,False,5
7,1,1001,13,130001,True,74,False,100,0.5018300555357313,0.9470902681350708,0.33338022403941425,0.2307967820070673,0.7812671301849236,0.6419282499407956,0.8458103621516773,0.01399956422603633,11,8,0.16583123951776998,2500,OLS_iid,iid,False,5
7,0,1,1,10001,True,41,False,100,0.257341852866104,1.4153551580384374,0.39673882322903514,0.27764551993622955,0.9315893286695647,0.9188237587366286,0.7366223576524185,0.014047507867280939,11,8,0.16583123951776998,2500,OLS_iid,iid,False,5
7,0,1,29,290001,True,36,False,100,0.5423117671479272,1.0989197441376746,0.3836205496551703,0.278388247497727,1.0358933081590644,1.0644171142882073,0.7404900864902577,0.014487178608626625,11,8,0.16583123951776998,2500,OLS_iid,iid,False,5
7,3,3001,12,120001,True,29,False,100,0.6925403289409808,0.41012105299159884,0.3352399386408026,0.22617144940133221,0.8350602901846061,0.828939049432067,0.7254752486834359,0.014030672382315174,11,8,0.16583123951776998,2500,OLS_iid,iid,False,5
7,3,3001,8,80001,True,36,False,100,0.5886716060744396,0.4897973877377808,0.30452902953344796,0.19704612762870496,0.9332755982148168,0.669810259402343,0.8041594602937966,0.014130631594962114,11,8,0.16583123951776998,2500,OLS_iid,iid,False,5
7,2,2001,18,180001,True,51,False,100,0.635410744224998,0.6683353777043521,0.3417757152961237,0.22681850605312945,0.7990871685990878,0.8441854115283964,0.7235532295973263,0.014198121309435848,11,8,0.16583123951776998,2500,OLS_iid,iid,False,5
7,1,1001,28,280001,True,28,False,100,0.35264412982303817,0.8969207587651908,0.4387714612829074,0.32068149087445535,0.8376256256089064,1.1396318238699568,0.6155642253788689,0.014295799679968451,11,8,0.16583123951776998,2500,OLS_iid,iid,False,5
5,2,2001,27,270001,True,194,False,100,0.9185182958328538,6.452406362164766,0.34664438597354313,0.27089620426359223,0.6016236425638836,0.5804348178855386,0.8339796163267733,0.00821568422311321,11,8,0.16583123951776998,2500,OLS_iid,iid,False,5
7,3,3001,13,130001,True,34,False,100,0.5018300555357313,0.4431974268518388,0.3846344160650132,0.2722425744144543,1.028363390722154,0.8576884117334103,0.7456153528538991,0.013652806347350895,11,8,0.16583123951776998,2500,OLS_iid,iid,False,5
7,0,1,15,150001,True,33,False,100,0.6466714203305812,1.3572604386135936,0.3829842250685272,0.266129935192309,0.9530982649766011,0.8373186522969847,0.752399184359282,0.013970069198967934,11,8,0.16583123951776998,2500,OLS_iid,iid,False,5
7,1,1001,12,120001,True,76,False,100,0.6925403289409808,1.1148852151818573,0.1690782342027952,0.11915509191963172,0.32540967502499024,0.3912002174934434,0.9364207740196979,0.013890639044260092,11,8,0.16583123951776998,2500,OLS_iid,iid,False,5
7,0,1,11,110001,True,104,False,100,0.5705488257519286,1.4442284903489053,0.12728988417322423,0.09719845691412092,0.31232897203087584,0.2652238417512133,0.9666531589785524,0.01347696053333169,11,8,0.16583123951776998,2500,OLS_iid,iid,False,5
7,0,1,4,40001,True,50,False,100,0.41496186204243024,1.5207290942780674,0.25543167999872773,0.1760897588633248,0.5816233603517654,0.4714711406234555,0.8931549397193178,0.013613887689411547,11,8,0.16583123951776998,2500,OLS_iid,iid,False,5
7,2,2001,26,260001,True,31,False,100,0.5134404031927802,0.7212641499936581,0.35189365670339573,0.2404508985165048,1.1082627763265285,0.844368580414938,0.767092693183557,0.014168373856993238,11,8,0.16583123951776998,2500,OLS_iid,iid,False,5
7,1,1001,20,200001,True,25,False,100,0.5808151268594547,1.0715882442891598,0.4231863158933063,0.3008816784368715,0.818159373958121,1.0089832932693188,0.6888907566504807,0.0138597715589727,11,8,0.16583123951776998,2500,OLS_iid,iid,False,5
6,9,9001,20,200001,True,42,False,100,0.5808151268594547,1.7290902198292315,0.3669362666640624,0.27025200358910134,0.8729761680855613,0.6481232671203048,0.8272504896349876,0.010592178049799818,11,8,0.16583123951776998,2500,OLS_iid,iid,False,5
6,7,7001,28,280001,True,139,False,100,0.48138778909358665,2.1972672417759895,0.2797770284359827,0.2044895351888897,0.6076594841448547,0.4330013338331238,0.9127322894276798,0.01068465800712735,11,8,0.16583123951776998,2500,OLS_iid,iid,False,5
7,3,3001,7,70001,True,39,False,100,0.512965414702488,0.6431836751289666,0.3631522281507774,0.2512950432884543,0.9220343711403182,0.8021985919287835,0.8017054072733374,0.014210909403063838,11,8,0.16583123951776998,2500,OLS_iid,iid,False,5
7,0,1,0,1,True,50,False,100,0.5114186415974027,1.674720627721399,0.3294864909966968,0.2199161492522976,0.8870373631436897,0.6538351463012825,0.8412444103453564,0.013717172567449441,11,8,0.16583123951776998,2500,OLS_iid,iid,False,5
6,4,4001,17,170001,True,197,False,100,0.6663488150377282,3.2533267033286393,0.30662633496922914,0.21340097570837688,0.986296624855967,0.5197982305836119,0.8909689636900259,0.010715660536297003,11,8,0.16583123951776998,2500,OLS_iid,iid,False,5
7,3,3001,10,100001,True,47,False,100,0.4161500146245627,0.7007866268977523,0.31422404040558455,0.2211152377514855,0.685020986337713,0.6975272466514357,0.7945822727339207,0.014099287813986297,11,8,0.16583123951776998,2500,OLS_iid,iid,False,5
5,6,6001,18,180001,True,291,False,100,0.635410744224998,5.651098919101059,0.1681894221552561,0.1296695079720255,0.3408696413717229,0.2875930126594975,0.9580940896176774,0.007426214604695502,11,8,0.16583123951776998,2500,OLS_iid,iid,False,5
6,5,5001,18,180001,True,174,False,100,0.635410744224998,2.9381732302717865,0.13031342021043538,0.09892180621627021,0.2829704012951642,0.25886814967522404,0.9680410579176826,0.010693157801838353,11,8,0.16583123951776998,2500,OLS_iid,iid,False,5
7,4,4001,5,50001,True,36,False,100,0.47761220854332603,0.46318968292325735,0.3689267996852204,0.25554400324023363,0.7378530909382631,0.8191665292087781,0.7500945757352493,0.014142764706519392,11,8,0.16583123951776998,2500,OLS_iid,iid,False,5
7,3,3001,22,220001,True,34,False,100,0.6872275771018909,0.5802863859571517,0.3365392206950285,0.23052863067489585,0.7824846711405531,0.7430906854925193,0.8202076325919526,0.01395881884560292,11,8,0.16583123951776998,2500,OLS_iid,iid,False,5
7,1,1001,5,50001,True,43,False,100,0.47761220854332603,1.3846509400755167,0.3852786677343111,0.27717282221868955,1.0185788486036305,3.268628357634975,0.6958405681255099,0.014205343552250733,11,8,0.16583123951776998,2500,OLS_iid,iid,False,5
7,3,3001,27,270001,True,41,False,100,0.6391249637509558,0.5608492861501873,0.32563493619951767,0.21884289271968826,0.9142733826271906,0.731392491678778,0.7803977704564409,0.014352446656364367,11,8,0.16583123951776998,2500,OLS_iid,iid,False,5
7,3,3001,11,110001,True,48,False,100,0.5705488257519286,0.75895876577124,0.34392709527273113,0.2371026444592865,0.9407283116146612,0.7405689275743355,0.8232568804229974,0.013978027559924073,11,8,0.16583123951776998,2500,OLS_iid,iid,False,5
7,3,3001,26,260001,True,36,False,100,0.5134404031927802,0.5975136081688106,0.37948469797368733,0.26082063650163234,0.949255274266909,0.7803985952044311,0.7838691787915887,0.014528417263469645,11,8,0.16583123951776998,2500,OLS_iid,iid,False,5
7,4,4001,1,10001,True,39,False,100,0.257341852866104,0.5553543511778116,0.3549795892579216,0.23023636799763866,0.8350122136365924,0.7748317986241404,0.7742868491639991,0.013712040662622306,11,8,0.16583123951776998,2500,OLS_iid,iid,False,5
7,3,3001,20,200001,True,50,False,100,0.5808151268594547,0.6911794268526137,0.3042033649507406,0.20794089747327457,0.670710507249905,0.5811239367322406,0.8678021291847633,0.014380541905036626,11,8,0.16583123951776998,2500,OLS_iid,iid,False,5
6,8,8001,9,90001,True,152,False,100,0.5395285147989731,2.3565108231268823,0.2522326304192033,0.1851781816638838,0.5760210997301595,0.43120756910401825,0.9170087811270079,0.010789262092647939,11,8,0.16583123951776998,2500,OLS_iid,iid,False,5
7,3,3001,0,1,True,23,False,100,0.5114186415974027,0.9492167551070452,0.3888811551042916,0.27645256507203464,0.9683872016215137,0.8969678151510454,0.7412436989095224,0.014181345960774194,11,8,0.16583123951776998,2500,OLS_iid,iid,False,5
7,4,4001,6,60001,True,44,False,100,0.5546778985140032,0.5792057821527123,0.357240547175183,0.24419760259462892,0.8225842963178229,0.6760413533988588,0.8432139938992343,0.014087633033309965,11,8,0.16583123951776998,2500,OLS_iid,iid,False,5
7,4,4001,19,190001,True,34,False,100,0.8237675591248275,0.4530781260691583,0.3239966442632156,0.2267351217793699,0.8550129733873036,0.8169375547550214,0.7184732223633713,0.014213653312973815,11,8,0.16583123951776998,2500,OLS_iid,iid,False,5
7,0,1,20,200001,True,42,False,100,0.5808151268594547,1.6916991216130555,0.35770182717246113,0.23363716842144192,1.024028357050556,0.7761702542836229,0.7653369328783938,0.01426587893087792,11,8,0.16583123951776998,2500,OLS_iid,iid,False,5
7,0,1,21,210001,True,60,False,100,0.6700804593823679,1.690753348171711,0.30886454197684005,0.20211144203693737,0.9240303108920115,0.6706453840455416,0.8002118540509171,0.014122091518632607,11,8,0.16583123951776998,2500,OLS_iid,iid,False,5
7,2,2001,17,170001,True,38,False,100,0.6663488150377282,1.1464900490827858,0.2969844883119502,0.1996885066808841,0.6420954199707878,0.8163321177650595,0.7117581981500922,0.014260875144600683,11,8,0.16583123951776998,2500,OLS_iid,iid,False,5
6,1,1001,17,170001,True,139,False,100,0.6663488150377282,4.36965207895264,0.3768205457143466,0.2833035849727177,1.0791327270749234,1.2281214082521372,0.6897813956108478,0.011027542275352551,11,8,0.16583123951776998,2500,OLS_iid,iid,False,5
6,6,6001,29,290001,True,173,False,100,0.7411039681057955,2.8281934927217662,0.18512524418545817,0.14181706391454402,0.3659350230485817,0.37866568429825087,0.93674831425718,0.010818363749625153,11,8,0.16583123951776998,2500,OLS_iid,iid,False,5
7,4,4001,21,210001,True,37,False,100,0.6700804593823679,0.5142113557085395,0.39737490711114165,0.2871657992451125,1.1813587886202126,1.2599169676805255,0.49123108733647547,0.013981472206808771,11,8,0.16583123951776998,2500,OLS_iid,iid,False,5
7,5,5001,2,20001,True,27,False,100,0.8223389972643678,0.37709732819348574,0.4141475641666466,0.2926422704761511,0.8856592620393517,1.3128244860026548,0.4093135773750241,0.014137852546639084,11,8,0.16583123951776998,2500,OLS_iid,iid,False,5
5,7,7001,23,230001,True,152,False,100,0.5533339413386786,5.548975853249431,0.26217194740299804,0.20573770378592035,0.5321269541995585,0.41322555409351364,0.9194064310248301,0.007641952464155725,11,8,0.16583123951776998,2500,OLS_iid,iid,False,5
7,3,3001,18,180001,True,69,False,100,0.635410744224998,0.8973289858549833,0.2574843464968572,0.15642148301514447,0.7252696593286154,0.5011093352461444,0.8821157091860233,0.013922813822220936,11,8,0.16583123951776998,2500,OLS_iid,iid,False,5
7,4,4001,8,80001,True,44,False,100,0.5886716060744396,0.7053712392225862,0.3812215972683185,0.2589567328635545,0.8929844941118803,0.840614371065762,0.7595152108337216,0.013844686398996936,11,8,0.16583123951776998,2500,OLS_iid,iid,False,5
7,4,4001,20,200001,True,44,False,100,0.5808151268594547,0.582388452719897,0.36907093675215574,0.25767387536594105,0.6751186874133575,0.8201887639469221,0.7593492937197679,0.013823799539715407,11,8,0.16583123951776998,2500,OLS_iid,iid,False,5
7,2,2001,29,290001,True,32,False,100,0.5423117671479272,1.1544975191354752,0.2668885700748047,0.17741591932073672,0.7283624722276869,0.5212055115615445,0.8694599716626261,0.014219582875588523,11,8,0.16583123951776998,2500,OLS_iid,iid,False,5
7,5,5001,8,80001,True,22,False,100,0.5886716060744396,0.3170959809795022,0.46851492323674915,0.3459707477215565,1.036826425769356,1.175118734303457,0.653086209187544,0.014259179730293258,11,8,0.16583123951776998,2500,OLS_iid,iid,False,5
7,4,4001,9,90001,True,48,False,100,0.5351366934576496,0.7212821496650577,0.3287544909526469,0.22204818483055735,0.8273029227091279,0.7518010249012432,0.7772695548911346,0.014007579120867603,11,8,0.16583123951776998,2500,OLS_iid,iid,False,5
7,2,2001,6,60001,True,105,False,100,0.5546778985140032,1.4331382978707552,0.12667892717172025,0.09219343508603868,0.31582635212806515,0.27890028072442835,0.9627944140423309,0.014059585329934211,11,8,0.16583123951776998,2500,OLS_iid,iid,False,5
7,3,3001,15,150001,True,77,False,100,0.6466714203305812,1.011075030080974,0.24907086159159966,0.16292674590782746,0.7005663768305737,0.4566625933491307,0.904084347873177,0.01404598288092339,11,8,0.16583123951776998,2500,OLS_iid,iid,False,5
6,8,8001,29,290001,True,158,False,100,0.7411039681057955,2.430078736040741,0.2061454894329741,0.15752924989282852,0.4089156612222275,0.3568098852871821,0.9450190639456295,0.011152120404557011,11,8,0.16583123951776998,2500,OLS_iid,iid,False,5
7,1,1001,26,260001,True,126,False,100,0.5134404031927802,1.5524462070316076,0.1272056644769085,0.09450231272335706,0.25075801242482015,0.2828461065766949,0.9643647119284413,0.013900999012352326,11,8,0.16583123951776998,2500,OLS_iid,iid,False,5
7,2,2001,15,150001,True,32,False,100,0.6466714203305812,1.3337325160391629,0.4157930383785882,0.2981552476920281,1.0899580165749398,1.0698097614659503,0.6451787949737284,0.014208112901055508,11,8,0.16583123951776998,2500,OLS_iid,iid,False,5
7,4,4001,26,260001,True,46,False,100,0.5134404031927802,0.5924021610990167,0.35827107302653455,0.23546321740448448,1.008276887553204,0.7963599771605595,0.7901361521687118,0.01370064895430503,11,8,0.16583123951776998,2500,OLS_iid,iid,False,5
7,2,2001,2,20001,True,36,False,100,0.8223389972643678,1.5351595440879464,0.40398117674953365,0.2814692184945033,1.0813721913261207,1.7548364004754882,0.5901959944600839,0.014309021001797111,11,8,0.16583123951776998,2500,OLS_iid,iid,False,5
7,0,1,7,70001,True,163,False,100,0.512965414702488,2.0980139789171517,0.1211137887412403,0.08918808956446901,0.24472180122488682,0.2571142743013926,0.9684927156691172,0.013801383453231512,11,8,0.16583123951776998,2500,OLS_iid,iid,False,5
7,5,5001,9,90001,True,33,False,100,0.5351366934576496,0.4353729849681258,0.4145196108505075,0.29617920268301545,0.8539052159632079,1.0517181608741353,0.6276949590244815,0.013689416217637267,11,8,0.16583123951776998,2500,OLS_iid,iid,False,5
7,0,1,17,170001,True,142,False,100,0.6663488150377282,1.9875302449800074,0.12794875749742377,0.0870045453661721,0.2857970883816475,0.3096323274220855,0.9578352799413996,0.014195128055587258,11,8,0.16583123951776998,2500,OLS_iid,iid,False,5
7,2,2001,19,190001,True,33,False,100,0.8237675591248275,1.414923181757331,0.3635232038960483,0.2640379030691297,1.220953541061343,0.8558943337898162,0.7677632814467925,0.013939321892374767,11,8,0.16583123951776998,2500,OLS_iid,iid,False,5
7,4,4001,24,240001,True,56,False,100,0.2640710324559736,0.7203175858594477,0.35405049492433505,0.24191036238769748,0.7802398165742168,0.7305308473997212,0.8024072868781926,0.013961364274908522,11,8,0.16583123951776998,2500,OLS_iid,iid,False,5
7,5,5001,19,190001,True,28,False,100,0.8237675591248275,0.4195866142399609,0.41435519080467464,0.3037278632792505,0.912799702529736,1.0555387070112492,0.6561575845760313,0.014300428407088495,11,8,0.16583123951776998,2500,OLS_iid,iid,False,5
6,9,9001,17,170001,True,164,False,100,0.6663488150377282,2.4591288059018552,0.13275080492527905,0.10168254820033412,0.30492783460693496,0.26919089854751455,0.9655328318013139,0.010919601957931596,11,8,0.16583123951776998,2500,OLS_iid,iid,False,5
7,3,3001,14,140001,True,100,False,100,0.46161486330908097,1.236601799260825,0.1973066409896352,0.12898020771994714,0.5187541410950606,0.35174593332298165,0.9385520317044398,0.013966682450878665,11,8,0.16583123951776998,2500,OLS_iid,iid,False,5
7,5,5001,6,60001,True,40,False,100,0.5546778985140032,0.6130146416835487,0.29840476428215734,0.2079990941579433,0.6816214721036854,0.6383224692260656,0.8240146113617488,0.013835905914751439,11,8,0.16583123951776998,2500,OLS_iid,iid,False,5
7,3,3001,1,10001,True,49,False,100,0.257341852866104,1.474389202427119,0.36649118193615743,0.24065107005310662,0.7998691412475122,0.7565398726638846,0.7983587080311595,0.014021569691726566,11,8,0.16583123951776998,2500,OLS_iid,iid,False,5
7,5,5001,14,140001,True,45,False,100,0.46161486330908097,0.6615115711465478,0.38637606779444433,0.272832522655574,0.7799286594216986,0.8513575178408939,0.7575235964039484,0.014187006303600145,11,8,0.16583123951776998,2500,OLS_iid,iid,False,5
7,4,4001,27,270001,True,62,False,100,0.6391249637509558,0.8984940191730857,0.335205603349955,0.23463006732579447,0.7851111838049483,0.7980330753339266,0.7423428246764854,0.013688556020255828,11,8,0.16583123951776998,2500,OLS_iid,iid,False,5
7,6,6001,6,60001,True,30,False,100,0.5546778985140032,0.3919822149910033,0.37967828870412923,0.27562149090800897,0.9474196702368586,1.4029734533132534,0.5467439204008153,0.0142881829394467,11,8,0.16583123951776998,2500,OLS_iid,iid,False,5
7,3,3001,3,30001,True,99,False,100,0.43935679580674725,1.5519503811374307,0.08148240207099727,0.06782347572375245,0.14834247812800994,0.20369600695700818,0.9800358128069334,0.014080360914239927,11,8,0.16583123951776998,2500,OLS_iid,iid,False,5
7,5,5001,3,30001,True,42,False,100,0.43935679580674725,0.8936337986961007,0.3139250386598263,0.213260346171292,0.7182421933553718,0.6624367470351601,0.8067632597286505,0.013800827222632518,11,8,0.16583123951776998,2500,OLS_iid,iid,False,5
7,6,6001,0,1,True,37,False,100,0.5114186415974027,0.4861538000404835,0.37751658062861276,0.26950699076926116,1.1465589000522194,0.9499067575619367,0.7330895107314681,0.014079706550963822,11,8,0.16583123951776998,2500,OLS_iid,iid,False,5
5,7,7001,12,120001,True,159,False,100,0.6925403289409808,6.2487481171265244,0.3642964960837603,0.2928880361511754,0.7063244996134999,0.588376972745381,0.8610292492892432,0.0075089304501964535,11,8,0.16583123951776998,2500,OLS_iid,iid,False,5
7,5,5001,15,150001,True,64,False,100,0.6466714203305812,0.7602968174032867,0.23445821499756248,0.15947493704278945,0.5838852768429166,0.4389089013046812,0.9127226511596244,0.0140846808373626,11,8,0.16583123951776998,2500,OLS_iid,iid,False,5
7,2,2001,25,250001,True,68,False,100,0.6243924090701123,1.7107175937853754,0.2580491922100122,0.1580542733451661,0.8313008060694262,0.4672698062082128,0.8935882994928559,0.014070729368122972,11,8,0.16583123951776998,2500,OLS_iid,iid,False,5
7,4,4001,14,140001,True,92,False,100,0.46161486330908097,1.187384134158492,0.2590495118711293,0.1678717320048884,0.7344177756338843,0.5258825516456507,0.8876244706642649,0.014063649427831643,11,8,0.16583123951776998,2500,OLS_iid,iid,False,5
7,6,6001,8,80001,True,33,False,100,0.5886716060744396,0.490754131693393,0.4146313475504506,0.2956069684587831,0.944330961557421,1.0433573908288518,0.6655121652339568,0.014125049124811153,11,8,0.16583123951776998,2500,OLS_iid,iid,False,5
7,5,5001,26,260001,True,46,False,100,0.5134404031927802,0.6204842659644783,0.3036362486622035,0.20629624970180338,0.6689228120024744,0.6102436309513092,0.8623639208706491,0.014363705197625788,11,8,0.16583123951776998,2500,OLS_iid,iid,False,5
7,0,1,26,260001,True,190,False,100,0.5134404031927802,2.324396382085979,0.13482555447685987,0.09397504276012586,0.32660119844487756,0.2776427363436136,0.9628187616256612,0.013986509540501374,11,8,0.16583123951776998,2500,OLS_iid,iid,False,5
7,6,6001,2,20001,True,36,False,100,0.8223389972643678,0.5861674989573658,0.33735444226886996,0.22152274417253917,0.8588610950452319,1.059694021589071,0.5087530191279963,0.014272305960055229,11,8,0.16583123951776998,2500,OLS_iid,iid,False,5
7,4,4001,29,290001,True,56,False,100,0.5423117671479272,1.0485094971954823,0.3824755677760156,0.2720695466951271,1.1480065606332754,1.0042205806297104,0.7284879021255902,0.014210596200218953,11,8,0.16583123951776998,2500,OLS_iid,iid,False,5
7,6,6001,16,160001,True,35,False,100,0.4180566929958173,0.44437391869723797,0.3886452378232391,0.2729058327248744,1.0742572982644065,0.8941942750682306,0.7605919546290543,0.014218400733108974,11,8,0.16583123951776998,2500,OLS_iid,iid,False,5
6,5,5001,14,140001,True,247,False,100,0.46161486330908097,3.9853796348907053,0.19032162570611572,0.14259242849925427,0.4316321965268369,0.2918717686883926,0.9585311938815095,0.010675716269874395,11,8,0.16583123951776998,2500,OLS_iid,iid,False,5
7,6,6001,9,90001,True,31,False,100,0.5351366934576496,0.5807903129607439,0.4058971302844544,0.28870446835135927,0.8661295314061968,1.2594222175076029,0.423670641879806,0.014017992905193585,11,8,0.16583123951776998,2500,OLS_iid,iid,False,5
7,5,5001,7,70001,True,44,False,100,0.512965414702488,0.9776723673567176,0.3771709680339481,0.24693471175018608,0.8517936219689188,1.0829607064576514,0.7365072168722703,0.013981656849211965,11,8,0.16583123951776998,2500,OLS_iid,iid,False,5
6,4,4001,3,30001,True,255,False,100,0.43935679580674725,4.359593021217734,0.11039272591551569,0.08944863513348188,0.21313195780591385,0.22770070463216774,0.9738026143286899,0.010732052050561013,11,8,0.16583123951776998,2500,OLS_iid,iid,False,5
7,6,6001,7,70001,True,33,False,100,0.512965414702488,0.6257810131646693,0.3435853301647789,0.23088196048346463,0.9270724880278712,0.7471791312898325,0.7994633082920624,0.014070681097847489,11,8,0.16583123951776998,2500,OLS_iid,iid,False,5
7,5,5001,16,160001,True,69,False,100,0.4180566929958173,0.9728783867321908,0.19046004007104028,0.12744913676860156,0.436583138418022,0.35674559418736695,0.9335283119809071,0.014139368045732357,11,8,0.16583123951776998,2500,OLS_iid,iid,False,5
7,5,5001,11,110001,True,33,False,100,0.5705488257519286,1.0348222623579204,0.40469473670903944,0.28863405703408773,1.025228128731045,0.8950504187041435,0.7373524148707882,0.013960874542472326,11,8,0.16583123951776998,2500,OLS_iid,iid,False,5
6,7,7001,25,250001,True,147,False,100,0.6243924090701123,3.4077276131138206,0.22080488268959902,0.16657340592160993,0.4468354384461624,0.40783827592968835,0.9233089569070891,0.01120147179049631,11,8,0.16583123951776998,2500,OLS_iid,iid,False,5
7,6,6001,20,200001,True,35,False,100,0.5808151268594547,0.47688834788277745,0.41872072097508806,0.2945463556549568,1.0733061167187814,1.0188040631820747,0.6973414339429245,0.013939438145555627,11,8,0.16583123951776998,2500,OLS_iid,iid,False,5
7,5,5001,24,240001,True,43,False,100,0.2640710324559736,0.854219313710928,0.34569186310111594,0.23527030294258316,0.8795097667951813,0.7097536329598204,0.8076041032230481,0.013863667453862635,11,8,0.16583123951776998,2500,OLS_iid,iid,False,5
7,6,6001,17,170001,True,47,False,100,0.6663488150377282,0.6087243189103901,0.317280423120799,0.21753379504378392,0.5837470971860509,0.5485823386887616,0.8817486773503936,0.01445155343546399,11,8,0.16583123951776998,2500,OLS_iid,iid,False,5
7,5,5001,1,10001,True,36,False,100,0.257341852866104,1.2918485859408975,0.3089298483779957,0.19484015877481964,0.8490895873052384,0.6129620755102868,0.8374264618101959,0.013715898500747914,11,8,0.16583123951776998,2500,OLS_iid,iid,False,5
7,6,6001,18,180001,True,46,False,100,0.635410744224998,0.6061168252490461,0.3565058152053723,0.2389780635628236,1.0589524094352998,0.7602328972278065,0.7968991393013823,0.014383562529078103,11,8,0.16583123951776998,2500,OLS_iid,iid,False,5
7,4,4001,18,180001,True,40,False,100,0.635410744224998,1.477118395268917,0.3491829206127767,0.23587647671564185,1.085401232510246,0.7508100620644498,0.8131511090021672,0.014060717964698682,11,8,0.16583123951776998,2500,OLS_iid,iid,False,5
7,6,6001,5,50001,True,32,False,100,0.47761220854332603,0.8426323560997844,0.37209100863832756,0.2567553742072462,1.1756746563377436,0.9232425990457802,0.6597228156312955,0.014098390506976182,11,8,0.16583123951776998,2500,OLS_iid,iid,False,5
7,3,3001,23,230001,True,43,False,100,0.49317283258034506,1.7695956290699542,0.3954562797124351,0.2770605795094911,0.9167026771975951,0.886172446579602,0.751745419697731,0.014203262478489978,11,8,0.16583123951776998,2500,OLS_iid,iid,False,5
6,9,9001,11,110001,True,209,False,100,0.765549815274042,3.1710020238533616,0.31158778402514525,0.22561738067641252,0.7374316670316383,0.5622951151727842,0.8658015986830376,0.010830978737721885,11,8,0.16583123951776998,2500,OLS_iid,iid,False,5
7,6,6001,14,140001,True,42,False,100,0.46161486330908097,0.8003606577403843,0.3512799530545552,0.24256736471236232,0.807847352830317,0.8487799439609083,0.7184089343533364,0.013950566630820919,11,8,0.16583123951776998,2500,OLS_iid,iid,False,5
7,7,7001,1,10001,True,21,False,100,0.257341852866104,0.40456280717626214,0.4229753680103365,0.29903261817339416,0.9466367506386606,1.0053844485037826,0.6936248165911709,0.013818311944458105,11,8,0.16583123951776998,2500,OLS_iid,iid,False,5
7,6,6001,22,220001,True,39,False,100,0.6872275771018909,0.5438780123367906,0.36208135065731545,0.2305350476722823,0.9439117686923282,2.4671851273155303,0.7258836070407071,0.013997896436454719,11,8,0.16583123951776998,2500,OLS_iid,iid,False,5
7,3,3001,17,170001,True,151,False,100,0.6663488150377282,1.9325937060639262,0.10610658260679694,0.07655676826075795,0.2404294858543671,0.2512240729308318,0.969084195441686,0.014559856768565353,11,8,0.16583123951776998,2500,OLS_iid,iid,False,5
7,2,2001,4,40001,True,69,False,100,0.41496186204243024,2.4085372197441757,0.30414997393514354,0.2111135853956515,0.7430026924030094,0.5935439874920595,0.8637136954144664,0.014080969462192389,11,8,0.16583123951776998,2500,OLS_iid,iid,False,5
7,4,4001,23,230001,True,47,False,100,0.49317283258034506,1.535018634982407,0.37191487501767,0.26024358831561917,0.7526354686024864,1.1877073043411381,0.4472352831930862,0.014127916073775447,11,8,0.16583123951776998,2500,OLS_iid,iid,False,5
7,6,6001,29,290001,True,40,False,100,0.5423117671479272,0.49756983993574977,0.3702259922190579,0.26138209708303745,0.9356212973074919,0.815156251442758,0.744491709051796,0.01419041593787142,11,8,0.16583123951776998,2500,OLS_iid,iid,False,5
7,7,7001,4,40001,True,30,False,100,0.41496186204243024,0.4672301383689046,0.3590686528337058,0.2506225290264314,0.93573513704262,0.844232638420848,0.7392106163354205,0.013819387127047937,11,8,0.16583123951776998,2500,OLS_iid,iid,False,5
6,7,7001,12,120001,True,97,False,100,0.6925403289409808,3.83979007974267,0.2897148518274809,0.20663785684553035,0.5825493721548265,0.46626629442745554,0.9072532097585768,0.010623718442436064,11,8,0.16583123951776998,2500,OLS_iid,iid,False,5
7,6,6001,24,240001,True,26,False,100,0.2640710324559736,0.6327933291904628,0.4031680971251733,0.2863260693608765,0.9267741568092517,0.9972941760347336,0.6822311524560377,0.014237128676668266,11,8,0.16583123951776998,2500,OLS_iid,iid,False,5
7,0,1,5,50001,True,238,False,100,0.47761220854332603,3.082125565968454,0.20531162268809372,0.1405696581360686,0.4734791882025336,0.389479460732286,0.9288684928616872,0.013919317539707871,11,8,0.16583123951776998,2500,OLS_iid,iid,False,5
6,4,4001,8,80001,True,278,False,100,0.5886716060744396,4.746612278278917,0.16923866780566155,0.12782211109679675,0.37950784630069,0.3018543568938523,0.9567874552973654,0.011076372481594658,11,8,0.16583123951776998,2500,OLS_iid,iid,False,5
7,4,4001,28,280001,True,51,False,100,0.35264412982303817,1.5808406108990312,0.3924839775499804,0.28186249732286217,0.7705223943176804,0.9490243814695377,0.6892154645714834,0.01413558823702011,11,8,0.16583123951776998,2500,OLS_iid,iid,False,5
7,2,2001,7,70001,True,116,False,100,0.512965414702488,2.4931576438248158,0.11864230395125766,0.08255288662059652,0.28707808526075074,0.2304236408365854,0.9735975607080483,0.01386489425584361,11,8,0.16583123951776998,2500,OLS_iid,iid,False,5
7,7,7001,11,110001,True,34,False,100,0.5705488257519286,0.4346454399637878,0.2861138660481244,0.19797942794427267,0.6735887209327124,0.4861716179658767,0.9013327020703277,0.014245763181937139,11,8,0.16583123951776998,2500,OLS_iid,iid,False,5
7,5,5001,18,180001,True,30,False,100,0.635410744224998,1.3198769809678197,0.40184457388342343,0.282296515414529,1.0991802148125558,0.986397738539143,0.7184150615111631,0.014227801141116481,11,8,0.16583123951776998,2500,OLS_iid,iid,False,5
7,5,5001,21,210001,True,41,False,100,0.6700804593823679,1.2688031191937625,0.3005427891301589,0.2100566586149653,0.6063298968981077,1.0465298938786785,0.4895047289097688,0.01396844875183464,11,8,0.16583123951776998,2500,OLS_iid,iid,False,5
7,4,4001,15,150001,True,109,False,100,0.6466714203305812,1.7950716596096754,0.12811474907682496,0.0948454785164786,0.29112504542264284,0.26563507205264086,0.9652216569109854,0.013918953031489127,11,8,0.16583123951776998,2500,OLS_iid,iid,False,5
7,7,7001,12,120001,True,45,False,100,0.6925403289409808,0.4650093107484281,0.3292606316438496,0.21722338839458596,0.8344891358923054,0.6296812845758586,0.8382957010958989,0.014098351618196966,11,8,0.16583123951776998,2500,OLS_iid,iid,False,5
6,7,7001,5,50001,True,110,False,100,0.5698202118398672,4.048225675709546,0.28238760894087145,0.20350510122788085,0.6817755729718907,0.787784343124474,0.6325295180925667,0.011618577020679395,11,8,0.16583123951776998,2500,OLS_iid,iid,False,5
6,9,9001,29,290001,True,204,False,100,0.7411039681057955,3.2818451751954854,0.23420177551402588,0.17827911614425826,0.5008203513884374,0.44322501712863716,0.9177094800053922,0.011005313676176479,11,8,0.16583123951776998,2500,OLS_iid,iid,False,5
7,7,7001,8,80001,True,43,False,100,0.5886716060744396,0.5428807684220374,0.4050667693249142,0.2877303443177649,0.9838396183317166,0.9940722316823236,0.727577721719494,0.013973633567164082,11,8,0.16583123951776998,2500,OLS_iid,iid,False,5
7,7,7001,9,90001,True,31,False,100,0.5351366934576496,0.5553262499161065,0.3762702401410991,0.2686288749547026,1.327088282472896,1.2314730893798753,0.727892533867189,0.014307728758283702,11,8,0.16583123951776998,2500,OLS_iid,iid,False,5
7,1,1001,19,190001,True,149,False,100,0.8237675591248275,2.7616748260334134,0.12356447007515044,0.10160679317301757,0.22853956870989287,0.26815422293904,0.9664120799704901,0.014035270431211578,11,8,0.16583123951776998,2500,OLS_iid,iid,False,5
7,7,7001,3,30001,True,45,False,100,0.43935679580674725,0.6663606711663306,0.34839512922982113,0.24241387236341516,0.7196094798850144,0.8307568697227823,0.735469853461008,0.01411326359541128,11,8,0.16583123951776998,2500,OLS_iid,iid,False,5
7,4,4001,13,130001,True,70,False,100,0.5018300555357313,1.8780245650559664,0.3241433858075411,0.22298523298060494,0.9474358570761007,0.6315683848704411,0.8574322553683635,0.014061361069266956,11,8,0.16583123951776998,2500,OLS_iid,iid,False,5
7,5,5001,29,290001,True,82,False,100,0.5423117671479272,1.291330159176141,0.19022385331232294,0.1299581273760551,0.5258952944700929,0.3633566807002132,0.9354640607557916,0.014192891605447061,11,8,0.16583123951776998,2500,OLS_iid,iid,False,5
7,5,5001,27,270001,True,71,False,100,0.6391249637509558,1.3589139790274203,0.27367150340172464,0.18129461128987848,0.8172398332911737,0.4857944274520723,0.9001674677410609,0.014033308521518935,11,8,0.16583123951776998,2500,OLS_iid,iid,False,5
7,2,2001,20,200001,True,112,False,100,0.5808151268594547,2.5943797449581325,0.2409476772227727,0.16220154899689973,0.5312774435085172,0.4255691152789214,0.9149157764870719,0.01400507805673476,11,8,0.16583123951776998,2500,OLS_iid,iid,False,5
7,7,7001,17,170001,True,31,False,100,0.6663488150377282,0.5750889079645276,0.3646122699646754,0.24851111355580527,0.8921082105604093,1.162827592741369,0.486527941944123,0.014146096157582833,11,8,0.16583123951776998,2500,OLS_iid,iid,False,5
7,1,1001,3,30001,True,259,False,100,0.43935679580674725,3.047518450766802,0.3105519692049393,0.19999423320940748,0.8035427538136722,0.6415154693994896,0.8177929824138547,0.014094240361229771,11,8,0.16583123951776998,2500,OLS_iid,iid,False,5
7,7,7001,24,240001,True,36,False,100,0.2640710324559736,0.4583887131884694,0.40660661158059774,0.2900512025648091,0.9866123022036726,0.9204068473090866,0.7426743416346094,0.013699208705737325,11,8,0.16583123951776998,2500,OLS_iid,iid,False,5
7,7,7001,20,200001,True,40,False,100,0.5808151268594547,0.5143143148161471,0.40341560218309563,0.27797176153303843,0.9938167179476659,0.9247298696945718,0.7602177699919321,0.014122623438462892,11,8,0.16583123951776998,2500,OLS_iid,iid,False,5
7,7,7001,28,280001,True,24,False,100,0.35264412982303817,0.40206584287807345,0.42805341360717925,0.3121173531442701,1.0428600584496048,1.0574871846388607,0.6847433021718449,0.013993163089432662,11,8,0.16583123951776998,2500,OLS_iid,iid,False,5
7,3,3001,6,60001,True,208,False,100,0.5546778985140032,2.5182219091802835,0.13815862026481887,0.09614285872481991,0.35630561336937927,0.278394092793969,0.9618290084711754,0.013843135482260044,11,8,0.16583123951776998,2500,OLS_iid,iid,False,5
7,7,7001,10,100001,True,50,False,100,0.4161500146245627,0.723853733856231,0.3545141617914827,0.24744193151125177,0.9581338259759731,0.7478350638230908,0.8062599673461451,0.01372119330642509,11,8,0.16583123951776998,2500,OLS_iid,iid,False,5
7,7,7001,22,220001,True,48,False,100,0.6872275771018909,0.5443031690083444,0.31949767820268377,0.20709603091528972,0.83138934149023,0.6302524952101064,0.8319703590952984,0.013954254410128278,11,8,0.16583123951776998,2500,OLS_iid,iid,False,5
7,6,6001,26,260001,True,35,False,100,0.5134404031927802,0.9929869621992111,0.3861005907558272,0.2692365975960946,0.8843805346221304,1.0260237388722835,0.6295894488756624,0.014233629977754805,11,8,0.16583123951776998,2500,OLS_iid,iid,False,5
7,4,4001,25,250001,True,69,False,100,0.6243924090701123,1.9744255160912871,0.2813606537500688,0.18020067131455106,0.9168861398106074,0.637447802394456,0.8620371900169511,0.01393946352637243,11,8,0.16583123951776998,2500,OLS_iid,iid,False,5
7,7,7001,16,160001,True,36,False,100,0.4180566929958173,0.7075125561095774,0.3362515358344145,0.22648851967421316,0.9064520970255285,0.7305741741392189,0.7856851064677716,0.01393412645013891,11,8,0.16583123951776998,2500,OLS_iid,iid,False,5
6,6,6001,11,110001,True,139,False,100,0.765549815274042,4.516147769056261,0.3627220739307613,0.2690224027788443,0.740312380345545,0.6698981411640477,0.826130447207958,0.01083803983936813,11,8,0.16583123951776998,2500,OLS_iid,iid,False,5
7,7,7001,15,150001,True,33,False,100,0.6466714203305812,0.7409140481613576,0.3805021623483136,0.27104561719306675,0.9537864142194635,0.8399286135942758,0.7555171731169193,0.014185366312052295,11,8,0.16583123951776998,2500,OLS_iid,iid,False,5
6,5,5001,5,50001,True,302,False,100,0.5698202118398672,4.903507173061371,0.19144197012993983,0.13196302510204003,0.4841883319899751,0.3862899871895023,0.9266091070381476,0.011217756529926634,11,8,0.16583123951776998,2500,OLS_iid,iid,False,5
7,4,4001,11,110001,True,157,False,100,0.5705488257519286,2.22231292584911,0.19083806956257504,0.13729510982341575,0.4221940343836574,0.3564768743845874,0.9422175540126917,0.01424851307754929,11,8,0.16583123951776998,2500,OLS_iid,iid,False,5
7,3,3001,16,160001,True,187,False,100,0.4180566929958173,2.5233641867525876,0.17785730338193018,0.12107454222312063,0.3680400436184936,0.33521244359623925,0.9479284174975654,0.013787749571647401,11,8,0.16583123951776998,2500,OLS_iid,iid,False,5
7,8,8001,9,90001,True,35,False,100,0.5351366934576496,0.4454671526327729,0.37132872221819496,0.2576132004771347,0.9602841974568551,0.7764091039898309,0.8076044276813092,0.014057983956387448,11,8,0.16583123951776998,2500,OLS_iid,iid,False,5
6,3,3001,23,230001,True,324,False,100,0.49317283258034506,5.348332799039781,0.12672378276977458,0.09873048123828926,0.2595092798048896,0.2376307300692865,0.9733911667300289,0.010752096520015016,11,8,0.16583123951776998,2500,OLS_iid,iid,False,5
6,5,5001,23,230001,True,163,False,100,0.49317283258034506,4.846068440005183,0.3110990451567297,0.22080057468447511,0.7083075133851348,0.5281062816760995,0.8777286345409084,0.010485836228839883,11,8,0.16583123951776998,2500,OLS_iid,iid,False,5
7,3,3001,25,250001,True,193,False,100,0.6243924090701123,2.4993639760650694,0.14324460074472192,0.09678145076238334,0.3805323155833059,0.3411860824596677,0.9487895971107375,0.014128626117755215,11,8,0.16583123951776998,2500,OLS_iid,iid,False,5
7,8,8001,13,130001,True,36,False,100,0.5018300555357313,0.4673031070269644,0.3667892733000087,0.25233351262314,0.8700831686863181,0.7781615807784664,0.7901575023963747,0.014253683866265097,11,8,0.16583123951776998,2500,OLS_iid,iid,False,5
7,8,8001,6,60001,True,40,False,100,0.5546778985140032,0.5562016847543418,0.3840867915402773,0.2721130055680524,0.7321805189073486,0.9353321460419701,0.6959896745452906,0.013683468760917998,11,8,0.16583123951776998,2500,OLS_iid,iid,False,5
7,5,5001,12,120001,True,141,False,100,0.6925403289409808,1.958858173340559,0.11523129293657808,0.08381991687988707,0.2424043067421115,0.2558524419186784,0.9674494998095944,0.014737822555600962,11,8,0.16583123951776998,2500,OLS_iid,iid,False,5
7,7,7001,19,190001,True,28,False,100,0.8237675591248275,0.8228964488953352,0.4074512722063667,0.300641882552904,1.0375195051871462,1.0249374124870925,0.6634020961460365,0.014634708033490049,11,8,0.16583123951776998,2500,OLS_iid,iid,False,5
7,0,1,10,100001,True,306,False,100,0.4161500146245627,3.6566345570608974,0.13857882913415184,0.10823474677910859,0.2528540935414268,0.26999176066869496,0.9649887841971792,0.014065342636521375,11,8,0.16583123951776998,2500,OLS_iid,iid,False,5
7,0,1,14,140001,True,189,False,100,0.46161486330908097,3.62949742609635,0.10605912973368155,0.07666157423216845,0.24695185501362782,0.2224906545094156,0.9755686638565917,0.013946721399998994,11,8,0.16583123951776998,2500,OLS_iid,iid,False,5
6,9,9001,12,120001,True,265,False,100,0.6925403289409808,3.983566955663264,0.23593027805958378,0.15886250184588044,0.697906658469056,0.3781096813450596,0.9284829006302351,0.011071265522662157,11,8,0.16583123951776998,2500,OLS_iid,iid,False,5
7,8,8001,12,120001,True,43,False,100,0.6925403289409808,0.5757402740418911,0.32201989820472127,0.2212280516587519,0.6787243716291331,0.6486214676625033,0.8440218323285333,0.014400008798188976,11,8,0.16583123951776998,2500,OLS_iid,iid,False,5
7,3,3001,19,190001,True,180,False,100,0.8237675591248275,2.689844851847738,0.13213168791019747,0.1039982319189526,0.3082236356781695,0.27828379751369803,0.9619702901135123,0.01415546155338077,11,8,0.16583123951776998,2500,OLS_iid,iid,False,5
7,8,8001,16,160001,True,43,False,100,0.4180566929958173,0.5426311497576535,0.2762093996056167,0.1798640383392344,0.6670286748995269,0.5077303044798974,0.8930264800738,0.01383970830863198,11,8,0.16583123951776998,2500,OLS_iid,iid,False,5
7,8,8001,19,190001,True,39,False,100,0.8237675591248275,0.54823685484007,0.3453144160264501,0.2437182790241792,0.9553844859093846,0.7840939343642089,0.7683392397049555,0.01424995156768311,11,8,0.16583123951776998,2500,OLS_iid,iid,False,5
7,8,8001,28,280001,True,27,False,100,0.35264412982303817,0.405243921559304,0.3976456024020387,0.2853196651853199,1.1294943390267465,1.0020160980365895,0.7342220893153302,0.014081116549570016,11,8,0.16583123951776998,2500,OLS_iid,iid,False,5
6,3,3001,12,120001,True,129,False,100,0.6925403289409808,5.619465435855091,0.3042729065606328,0.2207266998844948,0.6907522101725297,0.553057268905518,0.8512266117838261,0.010940475000301356,11,8,0.16583123951776998,2500,OLS_iid,iid,False,5
7,8,8001,26,260001,True,40,False,100,0.5134404031927802,0.4994524773210287,0.3454172400838451,0.23846041902358583,0.8224789612977431,1.1055172397854738,0.5159795883480993,0.013848841270377093,11,8,0.16583123951776998,2500,OLS_iid,iid,False,5
7,8,8001,1,10001,True,56,False,100,0.257341852866104,0.8596395300701261,0.3571181489705867,0.24061723962045461,0.8959104987634978,0.8040172316165488,0.7677644584507175,0.013966212294665518,11,8,0.16583123951776998,2500,OLS_iid,iid,False,5
7,7,7001,29,290001,True,34,False,100,0.5423117671479272,0.9395686937496066,0.3267881433550486,0.23370683874855527,0.7112514282784552,1.07867370522637,0.46445392457494666,0.014323205128044594,11,8,0.16583123951776998,2500,OLS_iid,iid,False,5
7,8,8001,0,1,True,34,False,100,0.5114186415974027,0.9271150510758162,0.383788332899776,0.2706760162749387,0.9215113838158486,0.8844755329388376,0.7317592113995707,0.013738197654792879,11,8,0.16583123951776998,2500,OLS_iid,iid,False,5
7,8,8001,25,250001,True,36,False,100,0.6243924090701123,0.5904772421345115,0.3795619156844012,0.2676648217633943,0.7817518401377888,0.9528347837213619,0.6752788898953367,0.014097659637342518,11,8,0.16583123951776998,2500,OLS_iid,iid,False,5
7,4,4001,12,120001,True,166,False,100,0.6925403289409808,2.602917672134936,0.14192378426617858,0.09328413952305258,0.35082052074782827,0.2726724396075051,0.9626473244991987,0.014052608222797636,11,8,0.16583123951776998,2500,OLS_iid,iid,False,5
7,5,5001,28,280001,True,61,False,100,0.35264412982303817,2.020663149189204,0.29098841562906785,0.2004735164641468,0.7428382724081147,0.5442378289181423,0.8677262667072415,0.013916092417034941,11,8,0.16583123951776998,2500,OLS_iid,iid,False,5
7,9,9001,14,140001,True,29,False,100,0.46161486330908097,0.33765902323648334,0.4017650798182982,0.2841393028214083,0.8933799416393081,0.934845757088147,0.7087829085671624,0.014200533198358027,11,8,0.16583123951776998,2500,OLS_iid,iid,False,5
7,2,2001,0,1,True,139,False,100,0.5114186415974027,3.443849509116262,0.10470371186300473,0.08304416775095813,0.2048089723700432,0.21180685816215872,0.9772146035743825,0.013805635428960097,11,8,0.16583123951776998,2500,OLS_iid,iid,False,5
7,9,9001,7,70001,True,32,False,100,0.512965414702488,0.5046630161814392,0.45403475067692856,0.32929845631908333,0.9734009269675719,1.5047074466190122,0.3547118976166202,0.01368788796444287,11,8,0.16583123951776998,2500,OLS_iid,iid,False,5
7,9,9001,3,30001,True,35,False,100,0.43935679580674725,0.589505588170141,0.38293614422229566,0.263955647565652,0.9326852676974882,0.8075402781804828,0.7756206900547056,0.013971272326177779,11,8,0.16583123951776998,2500,OLS_iid,iid,False,5
7,8,8001,2,20001,True,65,False,100,0.8223389972643678,1.0295095648616552,0.3939023856161373,0.2753144007264354,1.1245993194313915,0.8199499998568993,0.7564313434426366,0.014109025007295708,11,8,0.16583123951776998,2500,OLS_iid,iid,False,5
7,9,9001,18,180001,True,29,False,100,0.635410744224998,0.3782836808823049,0.36365472027624574,0.2375654087004637,0.7949317702968276,1.1224321639761456,0.648776913377897,0.014053676639605498,11,8,0.16583123951776998,2500,OLS_iid,iid,False,5
7,9,9001,8,80001,True,38,False,100,0.5886716060744396,0.5410103392787278,0.3874031217266116,0.26638265754615303,0.971230147913319,0.9062398739149887,0.7406862790220953,0.014182862084890417,11,8,0.16583123951776998,2500,OLS_iid,iid,False,5
7,8,8001,17,170001,True,41,False,100,0.6663488150377282,0.8999694404192269,0.31313074707416627,0.20423827753324,0.9536763907928352,0.7172310331496463,0.7809648092276549,0.014321222202145045,11,8,0.16583123951776998,2500,OLS_iid,iid,False,5
7,8,8001,21,210001,True,42,False,100,0.6700804593823679,0.8602032759226859,0.27105836507577497,0.17848718566110663,0.725809836793641,0.5253782545963441,0.8607513383790616,0.014051010277110856,11,8,0.16583123951776998,2500,OLS_iid,iid,False,5
7,9,9001,10,100001,True,40,False,100,0.4161500146245627,0.5417377250269055,0.3917616052092372,0.28163746773838777,0.8416787895038741,0.9616898568155472,0.6767700760922153,0.014083405014522609,11,8,0.16583123951776998,2500,OLS_iid,iid,False,5
7,9,9001,0,1,True,54,False,100,0.5114186415974027,0.7018622611649334,0.38889003519276116,0.2781476582175904,0.9449465625609101,0.9808708321790203,0.7105477610994325,0.013806491767008077,11,8,0.16583123951776998,2500,OLS_iid,iid,False,5
7,7,7001,14,140001,True,38,False,100,0.46161486330908097,1.4287392050027847,0.3889880646553231,0.274839582083577,0.8661472245077853,0.8094427798103234,0.785148510155448,0.013751516830168288,11,8,0.16583123951776998,2500,OLS_iid,iid,False,5
7,9,9001,15,150001,True,36,False,100,0.6466714203305812,0.5110042858868837,0.4009098479947805,0.2845272133072204,0.9927099993953641,0.946281438534071,0.7131974127463153,0.014171494402490069,11,8,0.16583123951776998,2500,OLS_iid,iid,False,5
7,6,6001,12,120001,True,154,False,100,0.6925403289409808,2.0587992719374597,0.23772625027143104,0.1487831703016525,0.6039134207898729,0.4709248765513998,0.8917067795065788,0.014369223581321864,11,8,0.16583123951776998,2500,OLS_iid,iid,False,5
7,9,9001,22,220001,True,34,False,100,0.6872275771018909,0.45001777494326234,0.3657551386524553,0.24792357881738605,1.149900250277243,0.970195055340564,0.623931706768448,0.014041864467470862,11,8,0.16583123951776998,2500,OLS_iid,iid,False,5
7,9,9001,25,250001,True,32,False,100,0.6243924090701123,0.40748128900304437,0.38570751443982654,0.2698891129912612,0.9384317141441175,1.1108042692516154,0.521353242142949,0.014085246766121759,11,8,0.16583123951776998,2500,OLS_iid,iid,False,5
7,9,9001,16,160001,True,39,False,100,0.4180566929958173,0.528227249160409,0.4131193560800915,0.2930439529548939,1.0903693354083228,0.9949465115841097,0.7362022812721691,0.013971609659313804,11,8,0.16583123951776998,2500,OLS_iid,iid,False,5
7,6,6001,15,150001,True,46,False,100,0.6466714203305812,2.0505870627239347,0.35138781206143066,0.24418698528606256,0.857691262972575,0.8867223011534933,0.7210907270560614,0.013875041719835817,11,8,0.16583123951776998,2500,OLS_iid,iid,False,5
7,9,9001,28,280001,True,29,False,100,0.35264412982303817,0.357234091963619,0.33904694083618037,0.24005969081583525,0.6360333431924667,0.719138679818934,0.7873763277779497,0.014295088141863215,11,8,0.16583123951776998,2500,OLS_iid,iid,False,5
7,9,9001,27,270001,True,32,False,100,0.6391249637509558,0.39912441093474627,0.425169335540174,0.3085220538092532,0.941973627429577,1.0506397791069155,0.6489502006870176,0.01381743911370587,11,8,0.16583123951776998,2500,OLS_iid,iid,False,5
7,7,7001,21,210001,True,44,False,100,0.6700804593823679,1.4223215160891414,0.3046062825076211,0.19940936907354984,0.7775786896405296,0.66089268328447,0.8168107485551939,0.014278918751426145,11,8,0.16583123951776998,2500,OLS_iid,iid,False,5
7,7,7001,27,270001,True,50,False,100,0.6391249637509558,1.3413755376823246,0.38406257854595227,0.27624869121918805,1.2196623389331935,0.9989750116558511,0.7411367810189581,0.014158280603867342,11,8,0.16583123951776998,2500,OLS_iid,iid,False,5
6,8,8001,8,80001,True,249,False,100,0.5886716060744396,4.825877574738115,0.15241127657758516,0.1157279602651616,0.3494096952068052,0.2916559414002676,0.9612423958530675,0.011068196534413823,11,8,0.16583123951776998,2500,OLS_iid,iid,False,5
7,6,6001,10,100001,True,133,False,100,0.4161500146245627,2.201923032756895,0.14881273614863472,0.1130311475833561,0.3234365808118945,0.2787152030614161,0.9620611733561885,0.01397925224486639,11,8,0.16583123951776998,2500,OLS_iid,iid,False,5
7,3,3001,4,40001,True,257,False,100,0.41496186204243024,3.4444702048785985,0.09178665754014882,0.0754112396012585,0.1841343777400561,0.22124283690819457,0.976666570616278,0.01408286216129145,11,8,0.16583123951776998,2500,OLS_iid,iid,False,5
7,5,5001,17,170001,True,170,False,100,0.6663488150377282,2.560796783771366,0.1362346509465295,0.09376934333524117,0.34758582165749596,0.28127506575688976,0.9598402499304055,0.01423607383486575,11,8,0.16583123951776998,2500,OLS_iid,iid,False,5
4,4,4001,14,140001,True,328,False,100,0.7433479507689166,12.22673869645223,0.2232371343438248,0.18914902525508187,0.40810318800171497,0.33387493305577565,0.9492825435522273,0.0039378154515262095,11,8,0.16583123951776998,2500,OLS_iid,iid,False,5
8,0,1,4,40001,True,35,False,100,0.41496186204243024,0.3798410906456411,0.3512397883400613,0.22888632124113653,1.2229222984187798,1.0089525963859984,0.7128535585192403,0.01717401501153998,11,8,0.16583123951776998,2500,OLS_iid,iid,False,5
6,1,1001,19,190001,True,181,False,100,0.8237675591248275,6.810874004848301,0.26059357295616625,0.19493342690197954,0.6371703045920813,0.517570890553644,0.8807719044769232,0.011482137533459454,11,8,0.16583123951776998,2500,OLS_iid,iid,False,5
7,7,7001,5,50001,True,33,False,100,0.47761220854332603,1.7884647119790316,0.2925811911314187,0.195825770759114,0.7465581946876425,0.981844431728726,0.5280578241808209,0.014251741948294159,11,8,0.16583123951776998,2500,OLS_iid,iid,False,5
7,7,7001,13,130001,True,39,False,100,0.5018300555357313,1.6550997300073504,0.39081163262884105,0.2805719817445867,1.103341108783659,0.900429762848165,0.759675447572963,0.014017288866604687,11,8,0.16583123951776998,2500,OLS_iid,iid,False,5
7,5,5001,25,250001,True,178,False,100,0.6243924090701123,2.469486340880394,0.10580131325028727,0.08125599277473118,0.2350069196992813,0.28374058544575437,0.9640934959976231,0.013970081702201872,11,8,0.16583123951776998,2500,OLS_iid,iid,False,5
7,6,6001,25,250001,True,139,False,100,0.6243924090701123,1.9449823894537985,0.11651918671531522,0.0820248355748631,0.3123241576689472,0.2745408671783294,0.9660482701575315,0.014246392780993935,11,8,0.16583123951776998,2500,OLS_iid,iid,False,5
7,4,4001,22,220001,True,84,False,100,0.6872275771018909,2.9803900280967355,0.275558420570032,0.18030133013079713,0.5857452321340135,0.5651742738125874,0.8604468560501226,0.014440378419054673,11,8,0.16583123951776998,2500,OLS_iid,iid,False,5
6,0,1,26,260001,True,176,False,100,0.5342525759270861,7.074391759000719,0.13970328555422684,0.10407758673268531,0.300181657835997,0.24728176585178724,0.9703997865604567,0.010380630996091452,11,8,0.16583123951776998,2500,OLS_iid,iid,False,5
7,9,9001,13,130001,True,55,False,100,0.5018300555357313,0.7929068650119007,0.3192936763803908,0.214845299717241,0.9374523711484006,0.6171590074053797,0.844555708987969,0.01396803816485617,11,8,0.16583123951776998,2500,OLS_iid,iid,False,5
7,9,9001,20,200001,True,64,False,100,0.5808151268594547,0.6966561628505588,0.3040620442723291,0.19694749873857012,0.8292319544901962,0.6022637454767559,0.8456033674610907,0.014006717175194604,11,8,0.16583123951776998,2500,OLS_iid,iid,False,5
7,6,6001,19,190001,True,164,False,100,0.8237675591248275,2.24996366398409,0.1533754105783551,0.12001370660134425,0.32550136353567644,0.3815477538732581,0.9422961953981664,0.01419497626772521,11,8,0.16583123951776998,2500,OLS_iid,iid,False,5
7,4,4001,4,40001,True,270,False,100,0.41496186204243024,3.3279190990142524,0.13151463718637074,0.0984412855034848,0.3240692519558347,0.24598944035620182,0.9693778868841545,0.014130430461798594,11,8,0.16583123951776998,2500,OLS_iid,iid,False,5
7,8,8001,4,40001,True,102,False,100,0.41496186204243024,1.4551399312913418,0.205501931594417,0.15093407779711573,0.39583972602288053,0.3349296092065297,0.9488447005177877,0.013774023641935423,11,8,0.16583123951776998,2500,OLS_iid,iid,False,5
8,0,1,6,60001,True,53,False,100,0.5546778985140032,0.5323702129535377,0.3380522091350463,0.21374399787952178,0.872502049815952,0.9470320480764226,0.7004608461691625,0.017184827249165716,11,8,0.16583123951776998,2500,OLS_iid,iid,False,5
7,5,5001,22,220001,True,120,False,100,0.6872275771018909,2.6876802858896554,0.15959434082678484,0.10576478563887502,0.35679221795817256,0.3256788022956798,0.9504082124365965,0.014213554785314185,11,8,0.16583123951776998,2500,OLS_iid,iid,False,5
7,3,3001,28,280001,True,266,False,100,0.35264412982303817,3.421686195768416,0.12349564243359945,0.08658518855721392,0.33495017271303296,0.22683185726707458,0.9728867305779302,0.01388550000341566,11,8,0.16583123951776998,2500,OLS_iid,iid,False,5
8,0,1,7,70001,True,53,False,100,0.512965414702488,0.5513555449433625,0.3625329219052235,0.22339506446062785,0.8778504968459828,1.404395566157753,0.3401194726514451,0.01743517953280724,11,8,0.16583123951776998,2500,OLS_iid,iid,False,5
8,0,1,22,220001,True,35,False,100,0.3355547952454357,0.3764220420271158,0.3485290283326149,0.2189399384622863,0.7710256407600462,0.9625254729656673,0.6929951972827176,0.017077034765168825,11,8,0.16583123951776998,2500,OLS_iid,iid,False,5
7,9,9001,24,240001,True,61,False,100,0.2640710324559736,0.8435551999136806,0.2950377160081138,0.19126778801653996,0.6921279590704122,0.5761662264246732,0.8564233583781634,0.013887286272897916,11,8,0.16583123951776998,2500,OLS_iid,iid,False,5
8,0,1,1,10001,True,64,False,100,0.257341852866104,0.6745643801987171,0.2942792517567614,0.17130506976079377,0.7633491796382568,0.7014968818375428,0.8099479815982531,0.017899767079538567,11,8,0.16583123951776998,2500,OLS_iid,iid,False,5
7,3,3001,29,290001,True,182,False,100,0.5423117671479272,3.436019937042147,0.18081039939323434,0.13364984624110063,0.4233861373490385,0.35296916021824254,0.9416515274810796,0.013951141442673927,11,8,0.16583123951776998,2500,OLS_iid,iid,False,5
7,2,2001,27,270001,True,130,False,100,0.6391249637509558,3.8273140569217503,0.08361549358176977,0.070082668572498,0.16101781779972624,0.20774833148153882,0.9792738120674724,0.01409486057825033,11,8,0.16583123951776998,2500,OLS_iid,iid,False,5
7,5,5001,10,100001,True,157,False,100,0.4161500146245627,2.9605265110731125,0.1402046392081511,0.10663336950800799,0.2877777569337124,0.262763868446325,0.9649691094088145,0.014036560087546121,11,8,0.16583123951776998,2500,OLS_iid,iid,False,5
8,0,1,9,90001,True,51,False,100,0.5186047481243948,0.5507644093595445,0.3370274295620215,0.21254798073443942,1.1222085035219307,1.07753455195416,0.6733510195688539,0.017394016108586288,11,8,0.16583123951776998,2500,OLS_iid,iid,False,5
8,0,1,19,190001,True,44,False,100,0.3329566634127433,0.4477327880449593,0.31826593154316507,0.20650417863618467,0.7391578098499101,0.7372238455113712,0.8065549084470763,0.01739874799885138,11,8,0.16583123951776998,2500,OLS_iid,iid,False,5
7,3,3001,2,20001,True,258,False,100,0.8223389972643678,3.7988698040135205,0.1159191398463749,0.08512980603987896,0.23740049030190272,0.27535719361039973,0.9630462976659392,0.014094868318461186,11,8,0.16583123951776998,2500,OLS_iid,iid,False,5
7,9,9001,4,40001,True,36,False,100,0.41496186204243024,1.2226759851910174,0.402963937778321,0.28937765056041626,1.1533543212704775,0.9219292230028695,0.7250339480922262,0.014239839957717623,11,8,0.16583123951776998,2500,OLS_iid,iid,False,5
7,8,8001,8,80001,True,38,False,100,0.5886716060744396,1.5538727981038392,0.3862863557272066,0.26557750904355415,0.9092120845556982,0.8706607090462064,0.7270542234204538,0.014118529230042615,11,8,0.16583123951776998,2500,OLS_iid,iid,False,5
7,4,4001,0,1,True,249,False,100,0.5114186415974027,3.5008200551383197,0.13460536182176602,0.09708759961667032,0.31748977810183165,0.2534851936353627,0.9675844319077741,0.014035219878109484,11,8,0.16583123951776998,2500,OLS_iid,iid,False,5
7,3,3001,24,240001,True,192,False,100,0.2640710324559736,3.569620057940483,0.20029172757423142,0.1378407545695526,0.4924076069709169,0.36017112381633953,0.9358932552779066,0.013635135544241513,11,8,0.16583123951776998,2500,OLS_iid,iid,False,5
7,7,7001,6,60001,True,157,False,100,0.5546778985140032,2.1361531116999686,0.21497886607555755,0.14421309156571988,0.5100351059727241,0.36470348030765,0.9339683569576119,0.014137861841592615,11,8,0.16583123951776998,2500,OLS_iid,iid,False,5
7,5,5001,0,1,True,181,False,100,0.5114186415974027,3.1814852990210056,0.1171520835710285,0.09065508411761797,0.24451595585813996,0.23308974993890064,0.9728833027973378,0.014206338031332203,11,8,0.16583123951776998,2500,OLS_iid,iid,False,5
7,8,8001,10,100001,True,30,False,100,0.4161500146245627,1.6075071059167385,0.4370744020698733,0.32068956871243126,0.8869054481159127,1.3586045707559207,0.399998638571275,0.01410225413919316,11,8,0.16583123951776998,2500,OLS_iid,iid,False,5
7,6,6001,4,40001,True,201,False,100,0.41496186204243024,2.720491321757436,0.13454180042560787,0.10096839916310546,0.2954444528813929,0.264601255735292,0.9657896366314881,0.01394003680676684,11,8,0.16583123951776998,2500,OLS_iid,iid,False,5
7,8,8001,24,240001,True,32,False,100,0.2640710324559736,1.4206449058838189,0.4209685524483955,0.3022763083520076,0.856499617437555,1.0276533452265295,0.6717593742401442,0.014252332306921358,11,8,0.16583123951776998,2500,OLS_iid,iid,False,5
8,0,1,14,140001,True,50,False,100,0.3656656996761909,0.6429430260322988,0.299355602067082,0.1815168358079062,0.7466171108679728,0.7214495250405414,0.8010327440262643,0.017125931359496183,11,8,0.16583123951776998,2500,OLS_iid,iid,False,5
7,0,1,25,250001,True,228,False,100,0.6243924090701123,4.5642579002305865,0.12315092704741572,0.0904692778096624,0.2820475323296271,0.26268393446656363,0.9647023216043886,0.014135697369609119,11,8,0.16583123951776998,2500,OLS_iid,iid,False,5
6,7,7001,27,270001,True,121,False,100,0.9185182958328538,5.459938127081841,0.3079051846468428,0.22767859225047474,0.6442080125565219,0.7414873201453367,0.7434999212454036,0.011295691719267137,11,8,0.16583123951776998,2500,OLS_iid,iid,False,5
8,1,1001,14,140001,True,21,False,100,0.3656656996761909,0.24530011601746082,0.3275802957330994,0.19878896731108905,1.0353458923798178,0.8546687577547821,0.7713345238999603,0.01712488487611771,11,8,0.16583123951776998,2500,OLS_iid,iid,False,5
8,1,1001,10,100001,True,36,False,100,0.23672156555483698,0.3728035041131079,0.3750745143608283,0.24303873494097797,1.0288495584134751,1.0361421682140193,0.7227030752303257,0.01761878924441014,11,8,0.16583123951776998,2500,OLS_iid,iid,False,5
8,1,1001,16,160001,True,19,False,100,0.4180566929958173,0.22640215372666717,0.3685539228545669,0.22874181887056497,0.8858392404387023,0.9562691924194665,0.7188817714052526,0.01701919389078164,11,8,0.16583123951776998,2500,OLS_iid,iid,False,5
7,8,8001,7,70001,True,43,False,100,0.512965414702488,1.7248212560079992,0.3314456326081139,0.22435777211867383,0.7588812917030925,0.6348441859926532,0.854090731711364,0.013969568701701539,11,8,0.16583123951776998,2500,OLS_iid,iid,False,5
7,8,8001,29,290001,True,118,False,100,0.5423117671479272,1.4626391851343215,0.2500213538535101,0.17135969679672705,0.6517967381139258,0.49193118662216706,0.889791925734244,0.014021907662357686,11,8,0.16583123951776998,2500,OLS_iid,iid,False,5
7,8,8001,15,150001,True,121,False,100,0.6466714203305812,1.7122988351620734,0.1213758235470506,0.08926668017817442,0.25812288771572356,0.2554866514620243,0.967303369415295,0.014168857923409332,11,8,0.16583123951776998,2500,OLS_iid,iid,False,5
7,0,1,28,280001,True,161,False,100,0.35264412982303817,4.662925506941974,0.3120736574208073,0.209714987241699,0.8554625029728905,0.6257299932220921,0.8418692008415205,0.01402923216856459,11,8,0.16583123951776998,2500,OLS_iid,iid,False,5
7,6,6001,11,110001,True,91,False,100,0.5705488257519286,2.8269996312446892,0.12316820598993197,0.09206725187477324,0.2665647827296282,0.24276940595915253,0.9698211062157865,0.014546335955834731,11,8,0.16583123951776998,2500,OLS_iid,iid,False,5
8,0,1,28,280001,True,59,False,100,0.35264412982303817,0.6116121006198227,0.2762274367852546,0.16690719960048075,0.7256755761991218,0.619850272847411,0.8417117071768914,0.017194493356430467,11,8,0.16583123951776998,2500,OLS_iid,iid,False,5
7,9,9001,19,190001,True,39,False,100,0.8237675591248275,1.2385388468392193,0.31351021722066325,0.21019936923693125,0.8466200504734857,0.655616655522268,0.8221776999870354,0.014130119748012163,11,8,0.16583123951776998,2500,OLS_iid,iid,False,5
7,2,2001,12,120001,True,237,False,100,0.6925403289409808,4.2674856428056955,0.12529366984475834,0.08795432369295263,0.27940563164468346,0.2838919455518831,0.9612292476549386,0.014220697826465371,11,8,0.16583123951776998,2500,OLS_iid,iid,False,5
8,0,1,25,250001,True,62,False,100,0.5460526624037864,0.684285128954798,0.3091532804248252,0.18662343448183452,0.9909827607183964,0.8364928825223341,0.7507947549045615,0.017266253778778145,11,8,0.16583123951776998,2500,OLS_iid,iid,False,5
8,1,1001,5,50001,True,44,False,100,0.47761220854332603,0.6060645361430943,0.3213410948075654,0.19909424943498275,0.806754332045164,0.7180579908735908,0.8139034423691611,0.017293656690750798,11,8,0.16583123951776998,2500,OLS_iid,iid,False,5
8,2,2001,10,100001,True,19,False,100,0.23672156555483698,0.19482557009905577,0.31926947037647274,0.20403370122985962,0.7232793023371491,0.777656797761075,0.774469833851693,0.017274847652843133,11,8,0.16583123951776998,2500,OLS_iid,iid,False,5
7,9,9001,12,120001,True,31,False,100,0.6925403289409808,1.3587099206633866,0.34843150116937954,0.2377194486663276,0.8610997921926156,0.7761620719891233,0.774447900252519,0.014269725297403807,11,8,0.16583123951776998,2500,OLS_iid,iid,False,5
8,1,1001,6,60001,True,55,False,100,0.5546778985140032,0.6266565667465329,0.2577469801806874,0.1634585937412983,0.7001247451646471,0.5988206325309943,0.8375261047596035,0.017491638697336002,11,8,0.16583123951776998,2500,OLS_iid,iid,False,5
7,4,4001,2,20001,True,264,False,100,0.8223389972643678,3.8267148709855974,0.1307711453761215,0.0888637056069982,0.31427715353580193,0.2820252832492373,0.9626304571631882,0.014164018317471539,11,8,0.16583123951776998,2500,OLS_iid,iid,False,5
8,0,1,20,200001,True,45,False,100,0.5808151268594547,0.8063028319738805,0.33828199428241623,0.20796082766183793,0.9779900076441383,1.0009997645113147,0.6366172946543941,0.01736830733138049,11,8,0.16583123951776998,2500,OLS_iid,iid,False,5
8,1,1001,1,10001,True,67,False,100,0.257341852866104,0.689013150986284,0.2671686557648386,0.15888856746462843,0.7149530231104476,0.6084211297562602,0.8483086637766916,0.01714223628692468,11,8,0.16583123951776998,2500,OLS_iid,iid,False,5
6,6,6001,8,80001,True,189,False,100,0.5886716060744396,6.140201050788164,0.26530442229135126,0.1916857917349744,0.6777449096012171,0.42996147297047627,0.9161436810783788,0.010839878566148617,11,8,0.16583123951776998,2500,OLS_iid,iid,False,5
8,1,1001,11,110001,True,53,False,100,0.2451359831565731,0.5593580552376807,0.309847828316047,0.19415985816492665,0.8632596819978721,0.7385333543012988,0.8096742319912141,0.01751620848647404,11,8,0.16583123951776998,2500,OLS_iid,iid,False,5
8,1,1001,26,260001,True,34,False,100,0.3947280990653415,0.4122032797895372,0.2803078005372666,0.17238339579588527,0.7002560857179913,0.6698198525995386,0.8175331296926799,0.017596695416361472,11,8,0.16583123951776998,2500,OLS_iid,iid,False,5
8,0,1,23,230001,True,78,False,100,0.4415185696235382,0.8174648429267108,0.2222297913866951,0.12855395858120808,0.569549628135333,0.4900809672622061,0.8867176538466001,0.017042618005238378,11,8,0.16583123951776998,2500,OLS_iid,iid,False,5
8,1,1001,29,290001,True,34,False,100,0.44632198846564003,0.4013565070927143,0.33148019201911516,0.2105929795280388,0.9506222951510597,0.891419787401429,0.722672689514159,0.016984365178681998,11,8,0.16583123951776998,2500,OLS_iid,iid,False,5
7,7,7001,25,250001,True,152,False,100,0.6243924090701123,2.196965852752328,0.1293267641945046,0.0926647977912816,0.2953643747548051,0.297767581993509,0.9594746246348883,0.014177473781051332,11,8,0.16583123951776998,2500,OLS_iid,iid,False,5
7,5,5001,13,130001,True,199,False,100,0.5018300555357313,3.4242671099491417,0.10345402061241803,0.08367643371672787,0.21670911770309703,0.22977426227529907,0.9751223272868556,0.013872727809116959,11,8,0.16583123951776998,2500,OLS_iid,iid,False,5
7,7,7001,0,1,True,99,False,100,0.5114186415974027,2.642948043998331,0.2986108627797362,0.19377192180310707,0.7407661166614758,0.5712627170279917,0.8545642774340598,0.014158099256284782,11,8,0.16583123951776998,2500,OLS_iid,iid,False,5
7,5,5001,20,200001,True,242,False,100,0.5808151268594547,3.325569554232061,0.14174457106516522,0.10043270630546809,0.28089868762832504,0.2657751116121556,0.9653788262928318,0.014112604571271828,11,8,0.16583123951776998,2500,OLS_iid,iid,False,5
7,8,8001,23,230001,True,30,False,100,0.49317283258034506,1.868345205206424,0.25171012505980506,0.15474327613656105,0.6789341877157501,0.4706295705932886,0.8844446290298698,0.014024881054529008,11,8,0.16583123951776998,2500,OLS_iid,iid,False,5
7,9,9001,26,260001,True,34,False,100,0.5134404031927802,1.3817268679849803,0.3773258215800914,0.26397974007871394,0.7874987561427105,0.8362537618547692,0.747015777279001,0.014150008212154034,11,8,0.16583123951776998,2500,OLS_iid,iid,False,5
7,7,7001,23,230001,True,45,False,100,0.49317283258034506,2.344181378837675,0.30379613801578276,0.19367145904448604,0.7744547457160065,0.637616218360408,0.8428814678014063,0.01384885436450112,11,8,0.16583123951776998,2500,OLS_iid,iid,False,5
7,1,1001,18,180001,True,133,False,100,0.635410744224998,4.802521820180118,0.10974718323648144,0.07870291065680646,0.2569837935409915,0.25608024447067085,0.9695376784220682,0.014440448470130707,11,8,0.16583123951776998,2500,OLS_iid,iid,False,5
8,1,1001,7,70001,True,40,False,100,0.512965414702488,0.8697954472154379,0.2711182877228616,0.1629306578397223,0.643816188492927,0.6965135912350182,0.8016619292000011,0.017433054674658336,11,8,0.16583123951776998,2500,OLS_iid,iid,False,5
7,3,3001,21,210001,True,274,False,100,0.6700804593823679,4.2129270220175385,0.08054190798955103,0.06927476796922788,0.12979766718961533,0.2306986001104308,0.9736838400656017,0.014298025778413458,11,8,0.16583123951776998,2500,OLS_iid,iid,False,5
7,7,7001,7,70001,True,201,False,100,0.512965414702488,2.704444922041148,0.1758855792157817,0.12306943244579133,0.3826194954631667,0.34636849623411003,0.9466809319624774,0.013887945605316258,11,8,0.16583123951776998,2500,OLS_iid,iid,False,5
8,1,1001,17,170001,True,41,False,100,0.6464991758431397,0.7383931637741625,0.35996686189867383,0.22390533649453867,1.059688410478263,1.376563622153394,0.32713491962575925,0.017453907584524593,11,8,0.16583123951776998,2500,OLS_iid,iid,False,5
8,1,1001,20,200001,True,63,False,100,0.5808151268594547,0.7265512868762016,0.14751460054000995,0.0865240148889004,0.3549730902519843,0.3217019254206179,0.9471301196761667,0.017218408098968803,11,8,0.16583123951776998,2500,OLS_iid,iid,False,5
7,8,8001,14,140001,True,46,False,100,0.46161486330908097,2.189744838979095,0.35147430801068213,0.24239551404260748,1.203586268235992,0.8216126231566023,0.7565761602673085,0.014130026358927234,11,8,0.16583123951776998,2500,OLS_iid,iid,False,5
7,8,8001,20,200001,True,40,False,100,0.5808151268594547,2.0974074020050466,0.3821621796802775,0.26601191690716436,0.7603800992496148,0.8348527610509362,0.781971524189278,0.014010955370996135,11,8,0.16583123951776998,2500,OLS_iid,iid,False,5
7,4,4001,16,160001,True,306,False,100,0.4180566929958173,4.0622486979700625,0.13685372855498007,0.0997628125576734,0.25504152084681897,0.25142155412503214,0.9697385562429615,0.013901319618374658,11,8,0.16583123951776998,2500,OLS_iid,iid,False,5
8,2,2001,14,140001,True,52,False,100,0.3656656996761909,0.5159045662730932,0.3053594120612414,0.18137754186691366,0.8954794749500655,0.7322726078505936,0.798336758760736,0.01772135320382128,11,8,0.16583123951776998,2500,OLS_iid,iid,False,5
8,1,1001,27,270001,True,45,False,100,0.6391249637509558,0.7353728320449591,0.249096096233894,0.14671441160396792,0.6970645447384257,0.5357434815830078,0.8637913246211962,0.01728377575470211,11,8,0.16583123951776998,2500,OLS_iid,iid,False,5
7,8,8001,3,30001,True,68,False,100,0.43935679580674725,2.3761709299869835,0.25294813605952066,0.16812879537481032,0.5773261033985425,0.45016889797323834,0.9104194189808879,0.013731056274139775,11,8,0.16583123951776998,2500,OLS_iid,iid,False,5
8,3,3001,2,20001,True,33,False,100,0.8223389972643678,0.34454071009531617,0.31421437705818017,0.19114614668776453,0.8247834346139654,0.9793925587145756,0.6369017450532856,0.017136456182917936,11,8,0.16583123951776998,2500,OLS_iid,iid,False,5
8,0,1,16,160001,True,84,False,100,0.4180566929958173,1.2794947628863156,0.2529797327637289,0.1430517475925133,0.747843691448134,0.540528973899865,0.873310463807,0.01743350671737918,11,8,0.16583123951776998,2500,OLS_iid,iid,False,5
8,2,2001,21,210001,True,44,False,100,0.6700804593823679,0.4502202826552093,0.28835513354945624,0.17515853220479946,0.8353696986480798,0.7336334855408095,0.7786201983339871,0.016750325857551526,11,8,0.16583123951776998,2500,OLS_iid,iid,False,5
8,0,1,3,30001,True,54,False,100,0.43935679580674725,1.5073837973177433,0.32887326296205394,0.2050479158541439,1.0453271282142975,0.7892059602398455,0.8025396692058391,0.017457214302982915,11,8,0.16583123951776998,2500,OLS_iid,iid,False,5
8,1,1001,0,1,True,46,False,100,0.5114186415974027,1.1373256761580706,0.38836717223175393,0.2501297403836151,0.9946068434498729,1.109129169292382,0.6480636886200452,0.01728419943273886,11,8,0.16583123951776998,2500,OLS_iid,iid,False,5
7,9,9001,5,50001,True,74,False,100,0.47761220854332603,1.9910946930758655,0.3245787502601619,0.22017087780904585,0.8520535567420117,0.662221510093485,0.8216522524350337,0.014063674985337485,11,8,0.16583123951776998,2500,OLS_iid,iid,False,5
8,2,2001,6,60001,True,39,False,100,0.5546778985140032,0.7340732598677278,0.3269523304276657,0.20780746568684386,0.9887272925494821,0.9203884039133863,0.7495865545639321,0.017523535866514194,11,8,0.16583123951776998,2500,OLS_iid,iid,False,5
7,6,6001,13,130001,True,288,False,100,0.5018300555357313,3.422736519947648,0.11281164928223217,0.08916215539328921,0.22694479161974912,0.23199761726311086,0.972994806889415,0.013684308897480946,11,8,0.16583123951776998,2500,OLS_iid,iid,False,5
8,1,1001,4,40001,True,55,False,100,0.41496186204243024,1.148146907798946,0.27880279578049205,0.1765364632401335,0.704553769968581,0.6739333392320984,0.8138862635861065,0.017378078938415233,11,8,0.16583123951776998,2500,OLS_iid,iid,False,5
7,6,6001,27,270001,True,198,False,100,0.6391249637509558,3.126300022006035,0.09817432625927373,0.08009214560846672,0.2020495247704317,0.25057634692118985,0.9706423119332723,0.014357566031619334,11,8,0.16583123951776998,2500,OLS_iid,iid,False,5
8,0,1,8,80001,True,122,False,100,0.31428447848226193,1.536373526789248,0.08026974854954903,0.05889967450473923,0.19149631336597805,0.1942949483686204,0.9810496580016922,0.017552087757184535,11,8,0.16583123951776998,2500,OLS_iid,iid,False,5
7,0,1,22,220001,True,120,False,100,0.6872275771018909,5.431997359730303,0.15808994210500169,0.11114212402655496,0.3208899882689688,0.2850253911147965,0.9607259961536018,0.014345162862572517,11,8,0.16583123951776998,2500,OLS_iid,iid,False,5
7,9,9001,6,60001,True,92,False,100,0.5546778985140032,2.1703888988122344,0.30979361976660963,0.2081817601841921,0.7736534701548582,0.6514826940837727,0.831046692119557,0.014039001627518727,11,8,0.16583123951776998,2500,OLS_iid,iid,False,5
8,2,2001,22,220001,True,57,False,100,0.3355547952454357,0.6513180150650442,0.27446915547754697,0.1678189831119722,0.6357282191656763,0.6199453162075955,0.8530659525910398,0.017655661212070912,11,8,0.16583123951776998,2500,OLS_iid,iid,False,5
7,6,6001,1,10001,True,274,False,100,0.257341852866104,3.6908598048612475,0.11287700583661829,0.08041378896966651,0.24969920426268477,0.22805511554047372,0.9733873751654651,0.013870450061266177,11,8,0.16583123951776998,2500,OLS_iid,iid,False,5
8,2,2001,11,110001,True,72,False,100,0.2451359831565731,0.9095506407320499,0.2907847885424999,0.18125893392647618,0.7690072426463075,0.6801898115665642,0.8118620095254806,0.01746675052053261,11,8,0.16583123951776998,2500,OLS_iid,iid,False,5
8,1,1001,8,80001,True,42,False,100,0.31428447848226193,1.321538770571351,0.34572059275307065,0.21840386243235155,0.7866638614922565,0.8918860230433269,0.7398988232268664,0.0172260440823254,11,8,0.16583123951776998,2500,OLS_iid,iid,False,5
8,0,1,11,110001,True,67,False,100,0.2451359831565731,1.627926859073341,0.3114633447672525,0.19143072787820292,0.8292888810948251,0.7736161915466616,0.7731075488719511,0.017038064770743336,11,8,0.16583123951776998,2500,OLS_iid,iid,False,5
8,2,2001,8,80001,True,19,False,100,0.31428447848226193,0.9298053840175271,0.36927530755886273,0.23584104641580764,1.0241554465319773,1.0002230224034674,0.7326434695657111,0.017475742078063503,11,8,0.16583123951776998,2500,OLS_iid,iid,False,5
7,9,9001,11,110001,True,177,False,100,0.5705488257519286,2.182927191257477,0.11259011989657196,0.0868692993327566,0.24895453649991894,0.23403328744242968,0.9731152046647378,0.014060245586869564,11,8,0.16583123951776998,2500,OLS_iid,iid,False,5
8,3,3001,0,1,True,51,False,100,0.5114186415974027,0.6982199531048536,0.2975607388009109,0.18081361275455413,0.9195487111214208,0.6599388055582811,0.8230734726543535,0.017303357345290125,11,8,0.16583123951776998,2500,OLS_iid,iid,False,5
8,1,1001,24,240001,True,124,False,100,0.24376382768363403,1.139366873074323,0.054584488603446654,0.04234250019636976,0.10523152457212148,0.1647410036049475,0.9863969521149545,0.018283889421585108,11,8,0.16583123951776998,2500,OLS_iid,iid,False,5
8,1,1001,21,210001,True,52,False,100,0.6700804593823679,1.197435021866113,0.24828403407769598,0.1566957439748563,0.5419452761971426,0.7283897163314835,0.7644643869848885,0.017749875237498935,11,8,0.16583123951776998,2500,OLS_iid,iid,False,5
7,9,9001,17,170001,True,103,False,100,0.6663488150377282,2.152410919778049,0.3076546725764398,0.19140178927772303,1.056619854116891,0.6619568791876757,0.8228532546680121,0.01399654721407137,11,8,0.16583123951776998,2500,OLS_iid,iid,False,5
8,3,3001,15,150001,True,34,False,100,0.6466714203305812,0.4831687491387129,0.2853094026677432,0.1693012993468748,1.0097168832449726,0.6027753954738079,0.8313084618765294,0.017082756060653036,11,8,0.16583123951776998,2500,OLS_iid,iid,False,5
8,3,3001,8,80001,True,56,False,100,0.31428447848226193,0.6158540048636496,0.2597712123447139,0.15924957374588525,0.6815595400011797,0.5618618261034743,0.8722002611830479,0.017557380138867158,11,8,0.16583123951776998,2500,OLS_iid,iid,False,5
8,3,3001,22,220001,True,36,False,100,0.3355547952454357,0.39274994982406497,0.35882989570968327,0.2253089919317777,0.932787844442321,0.9560917277414099,0.7301658081120008,0.017300567877823254,11,8,0.16583123951776998,2500,OLS_iid,iid,False,5
8,0,1,18,180001,True,128,False,100,0.635410744224998,1.6480119940824807,0.09318963675101294,0.060736699457124205,0.22349721646428855,0.22101377288061932,0.9763619618931173,0.01787652372184594,11,8,0.16583123951776998,2500,OLS_iid,iid,False,5
8,2,2001,26,260001,True,51,False,100,0.3947280990653415,0.839086898136884,0.08261583755467918,0.06029446239006789,0.18337437928219172,0.21144337249664177,0.9785009724420561,0.017236561723073477,11,8,0.16583123951776998,2500,OLS_iid,iid,False,5
8,2,2001,20,200001,True,69,False,100,0.5808151268594547,0.8896889332681894,0.06514198911342392,0.04847016623326449,0.1529501307285313,0.1904977264373031,0.9820844522862936,0.017587737196641556,11,8,0.16583123951776998,2500,OLS_iid,iid,False,5
8,3,3001,28,280001,True,20,False,100,0.35264412982303817,0.3782127699814737,0.3680612793169263,0.23649318512076667,0.8339356190089044,0.9889403967075904,0.7056447226483269,0.017098154611040375,11,8,0.16583123951776998,2500,OLS_iid,iid,False,5
7,5,5001,5,50001,True,313,False,100,0.47761220854332603,4.268258677795529,0.1471332002369253,0.10227674250226663,0.321172218616038,0.30834639572119177,0.9556631811927123,0.013915888274401496,11,8,0.16583123951776998,2500,OLS_iid,iid,False,5
8,1,1001,25,250001,True,123,False,100,0.5460526624037864,1.2676354357972741,0.08755418430585532,0.06264672840659619,0.1914604992912333,0.22679446275083912,0.977234616053424,0.017138207700565785,11,8,0.16583123951776998,2500,OLS_iid,iid,False,5
8,0,1,5,50001,True,40,False,100,0.47761220854332603,1.9394431631080806,0.3136608398019044,0.19101508875816392,0.8132940382037691,0.7437816565624797,0.8168925363118484,0.017263555799362184,11,8,0.16583123951776998,2500,OLS_iid,iid,False,5
8,2,2001,29,290001,True,75,False,100,0.44632198846564003,0.8627114621922374,0.20226414868000764,0.12365649186229023,0.481766845185902,0.4335140587066974,0.906504276663211,0.017029399010321584,11,8,0.16583123951776998,2500,OLS_iid,iid,False,5
5,9,9001,1,10001,True,191,False,100,0.6766198465255097,9.267466607037932,0.22914700736220447,0.1875775474652869,0.3696263472041155,0.3664484307712194,0.935938574281921,0.007243634777414917,11,8,0.16583123951776998,2500,OLS_iid,iid,False,5
8,1,1001,28,280001,True,42,False,100,0.35264412982303817,1.3180389828048646,0.37302404139214906,0.24151887379202763,0.8624912794888927,1.0211010513099603,0.6995101814982941,0.01733782714506832,11,8,0.16583123951776998,2500,OLS_iid,iid,False,5
8,2,2001,16,160001,True,68,False,100,0.4180566929958173,1.072861515916884,0.18128814114856365,0.0972613861860483,0.5209154948020639,0.37833447678500276,0.9259785619397847,0.017233480196280345,11,8,0.16583123951776998,2500,OLS_iid,iid,False,5
8,3,3001,6,60001,True,59,False,100,0.5546778985140032,0.8468751800246537,0.281620602864712,0.17420425590385244,0.8258536025791535,0.7144542469857589,0.7754593298843037,0.01768277501691712,11,8,0.16583123951776998,2500,OLS_iid,iid,False,5
8,4,4001,5,50001,True,33,False,100,0.47761220854332603,0.38003682903945446,0.2748516429330754,0.15143293500093213,0.7595050239468497,0.6003425301359614,0.837230390016909,0.017574648355627658,11,8,0.16583123951776998,2500,OLS_iid,iid,False,5
8,4,4001,2,20001,True,45,False,100,0.8223389972643678,0.4818092570640147,0.22014817913821244,0.1259516901994549,0.5525269622265072,0.46367547359003863,0.8961499904560607,0.01754257160625672,11,8,0.16583123951776998,2500,OLS_iid,iid,False,5
8,4,4001,13,130001,True,29,False,100,0.5018300555357313,0.300736921839416,0.2649252097480912,0.15398128179087972,0.8502975455624883,0.5684550735221303,0.8454298184793659,0.017453695704633045,11,8,0.16583123951776998,2500,OLS_iid,iid,False,5
8,4,4001,22,220001,True,19,False,100,0.3355547952454357,0.1920889262109995,0.31417557103925914,0.19502111278563658,0.6736665442078118,0.7976281738231519,0.7669947190113988,0.017311451360952013,11,8,0.16583123951776998,2500,OLS_iid,iid,False,5
8,4,4001,18,180001,True,29,False,100,0.635410744224998,0.2712606550194323,0.30375091985422986,0.1877887303885655,0.6834958303564653,0.8055161111438777,0.7519870188064193,0.01723278718181959,11,8,0.16583123951776998,2500,OLS_iid,iid,False,5
8,2,2001,15,150001,True,38,False,100,0.6466714203305812,1.2445754590444267,0.28013402159451495,0.17062319936558065,0.7627209209274998,0.6770124443254065,0.8021793175823144,0.017714753558500877,11,8,0.16583123951776998,2500,OLS_iid,iid,False,5
7,7,7001,18,180001,True,241,False,100,0.635410744224998,3.337373570073396,0.10456070329290397,0.07704512477746789,0.21216111008770136,0.23941099962401363,0.9723781122334372,0.014450522828516188,11,8,0.16583123951776998,2500,OLS_iid,iid,False,5
8,3,3001,24,240001,True,59,False,100,0.24376382768363403,0.7284963047131896,0.3749229195317455,0.23428328547266314,0.8705515637674075,1.0329005469826624,0.6912677225095955,0.01716536170836743,11,8,0.16583123951776998,2500,OLS_iid,iid,False,5
7,7,7001,26,260001,True,276,False,100,0.5134404031927802,3.2413078770041466,0.10537748983056572,0.07685482669204623,0.25219161731521306,0.2426501071013084,0.9724395090872584,0.014010465273212876,11,8,0.16583123951776998,2500,OLS_iid,iid,False,5
8,4,4001,24,240001,True,30,False,100,0.24376382768363403,0.26079424005001783,0.3147511974870315,0.1910542085174005,0.8186518290234117,0.7692200128000932,0.7846795951488583,0.017370737777182073,11,8,0.16583123951776998,2500,OLS_iid,iid,False,5
7,6,6001,3,30001,True,299,False,100,0.43935679580674725,4.204519114922732,0.15401422194832345,0.10817494554004249,0.40151393384597545,0.28131187264396923,0.9636535425863426,0.013640509968636699,11,8,0.16583123951776998,2500,OLS_iid,iid,False,5
8,3,3001,11,110001,True,39,False,100,0.2451359831565731,0.9463659119792283,0.2905806393726072,0.1743109084447804,0.7682417894662574,0.6536318684511858,0.8248268568333114,0.01740390255111317,11,8,0.16583123951776998,2500,OLS_iid,iid,False,5
8,0,1,27,270001,True,152,False,100,0.6391249637509558,1.9063408989459276,0.08294101134426247,0.06472579387050596,0.1746391121500965,0.2369340876913831,0.9749259651806569,0.017166209907522146,11,8,0.16583123951776998,2500,OLS_iid,iid,False,5
8,4,4001,12,120001,True,43,False,100,0.2577249960629789,0.45354804303497076,0.282019747219857,0.17335919466187802,0.685903999684848,0.695206984007096,0.8095776723690884,0.017413071936847584,11,8,0.16583123951776998,2500,OLS_iid,iid,False,5
7,8,8001,27,270001,True,233,False,100,0.6391249637509558,2.8861203426495194,0.08113719332716601,0.06904715552942259,0.16017973173019812,0.2130290678865451,0.9777534853815912,0.014117448847856384,11,8,0.16583123951776998,2500,OLS_iid,iid,False,5
8,3,3001,5,50001,True,68,False,100,0.47761220854332603,1.0864379820413888,0.30363837699373686,0.17668673239241175,0.9054081483485896,0.7952853213529155,0.7804140936214904,0.017477332749768027,11,8,0.16583123951776998,2500,OLS_iid,iid,False,5
8,4,4001,0,1,True,46,False,100,0.5114186415974027,0.7382401437498629,0.373406914991628,0.23908943158003684,0.995507469397716,1.085368825904448,0.6532067595430361,0.01760637947521349,11,8,0.16583123951776998,2500,OLS_iid,iid,False,5
8,4,4001,16,160001,True,43,False,100,0.4180566929958173,0.45032851304858923,0.3738690955667474,0.23203521578202474,0.8454940375424583,1.0010136032169175,0.7223817911057022,0.017428565690797006,11,8,0.16583123951776998,2500,OLS_iid,iid,False,5
8,3,3001,1,10001,True,61,False,100,0.257341852866104,1.217444147914648,0.2952609184737142,0.17902051722663617,0.6875522209002092,0.728340952533017,0.79424501629292,0.017500202065986036,11,8,0.16583123951776998,2500,OLS_iid,iid,False,5
8,3,3001,26,260001,True,34,False,100,0.3947280990653415,0.8262236476875842,0.3407898442150969,0.21205307544467475,0.9273210340081918,0.9364650942566844,0.7420119316078614,0.01729626284512683,11,8,0.16583123951776998,2500,OLS_iid,iid,False,5
8,3,3001,17,170001,True,44,False,100,0.6464991758431397,0.920767140109092,0.3146076196770055,0.17907755713496532,0.8554359790784423,0.8266535895759227,0.7558258188126947,0.017969614473488733,11,8,0.16583123951776998,2500,OLS_iid,iid,False,5
8,4,4001,26,260001,True,36,False,100,0.3947280990653415,0.39816943602636456,0.291738788137095,0.17289645541147583,0.7568214823339758,0.7187759324352042,0.7916309328642317,0.01691256302992011,11,8,0.16583123951776998,2500,OLS_iid,iid,False,5
8,0,1,15,150001,True,51,False,100,0.6466714203305812,2.2492354987189174,0.2958158315084508,0.17297115415336178,0.905394750080183,0.6935615651137157,0.8267090523467114,0.016972175942209605,11,8,0.16583123951776998,2500,OLS_iid,iid,False,5
8,0,1,17,170001,True,219,False,100,0.6464991758431397,2.2560209268704057,0.11074358085690493,0.0681764195860969,0.2588976503786304,0.24650097355514747,0.9689671719353518,0.017581367283223286,11,8,0.16583123951776998,2500,OLS_iid,iid,False,5
7,9,9001,9,90001,True,237,False,100,0.5351366934576496,2.8688011611811817,0.12855234603112994,0.09742614108354197,0.24199800537713373,0.28562994371230016,0.9627923714997071,0.013875485393363607,11,8,0.16583123951776998,2500,OLS_iid,iid,False,5
8,3,3001,23,230001,True,82,False,100,0.4415185696235382,1.0078286798670888,0.1734266701356523,0.10198656305044364,0.4933788882615494,0.3694985796311001,0.9315029084489787,0.01736343431774798,11,8,0.16583123951776998,2500,OLS_iid,iid,False,5
8,1,1001,12,120001,True,180,False,100,0.2577249960629789,1.9402373577468097,0.09438756737975183,0.06139250548071263,0.22853762970911012,0.21135933826102202,0.9764814794192472,0.017480483178362368,11,8,0.16583123951776998,2500,OLS_iid,iid,False,5
8,0,1,10,100001,True,222,False,100,0.23672156555483698,2.3758273627609015,0.11322670960842336,0.07751438641697748,0.26918105532884234,0.24831337299710446,0.9677847322160912,0.01715899832102113,11,8,0.16583123951776998,2500,OLS_iid,iid,False,5
8,5,5001,2,20001,True,39,False,100,0.8223389972643678,0.4229324534535408,0.2545373965515226,0.1474805644502719,0.8299352879111127,0.6618316221430135,0.8115975154745675,0.017380665508723223,11,8,0.16583123951776998,2500,OLS_iid,iid,False,5
8,5,5001,5,50001,True,35,False,100,0.47761220854332603,0.4158737971447408,0.2823719492868953,0.1621407467247842,0.7215355548325284,0.6460177744179317,0.8187470875740397,0.017286757467149017,11,8,0.16583123951776998,2500,OLS_iid,iid,False,5
7,9,9001,2,20001,True,187,False,100,0.8223389972643678,3.105354710947722,0.1288844521689692,0.08984247660969195,0.2870410479395384,0.28710657584789856,0.961697126394415,0.014164419651695645,11,8,0.16583123951776998,2500,OLS_iid,iid,False,5
8,3,3001,9,90001,True,43,False,100,0.5186047481243948,1.3057842599228024,0.20495967068379287,0.11940810101510825,0.5304345704739083,0.4097198355703691,0.916428547803878,0.01815660570388329,11,8,0.16583123951776998,2500,OLS_iid,iid,False,5
8,5,5001,3,30001,True,45,False,100,0.43935679580674725,0.4683384313248098,0.037310916112556075,0.03457731662769042,0.07105572648818016,0.15594316530497185,0.9878932677141664,0.01734479534957139,11,8,0.16583123951776998,2500,OLS_iid,iid,False,5
8,3,3001,16,160001,True,37,False,100,0.4180566929958173,1.2000794960185885,0.3244963311608888,0.19593855722407783,0.9930422904321213,0.7912442021142989,0.7938474255971056,0.01751245417318043,11,8,0.16583123951776998,2500,OLS_iid,iid,False,5
8,5,5001,4,40001,True,43,False,100,0.41496186204243024,0.47656939877197146,0.2952106286488571,0.18780143445995953,0.7952709721741352,0.7124117432798336,0.8182426620372886,0.017304175516206943,11,8,0.16583123951776998,2500,OLS_iid,iid,False,5
8,3,3001,29,290001,True,107,False,100,0.44632198846564003,1.0485958065837622,0.07292274071481943,0.05957748724224988,0.13867952910219203,0.20237142163130617,0.9803117053963873,0.01766724473091969,11,8,0.16583123951776998,2500,OLS_iid,iid,False,5
8,3,3001,10,100001,True,62,False,100,0.23672156555483698,1.3669114289805293,0.2830674539123239,0.17384062933712496,0.758233007982692,0.6467702553060232,0.8288081231537928,0.017327397982624292,11,8,0.16583123951776998,2500,OLS_iid,iid,False,5
8,5,5001,7,70001,True,47,False,100,0.512965414702488,0.4357113940641284,0.1813578662736532,0.10477689968959493,0.4371337405709331,0.3749731788986627,0.9316764658441864,0.017431955445101753,11,8,0.16583123951776998,2500,OLS_iid,iid,False,5
8,5,5001,9,90001,True,46,False,100,0.5186047481243948,0.4946578680537641,0.1735058886389165,0.10498649173482938,0.4502724924340585,0.34728993312744505,0.9389847796958993,0.01791382958402289,11,8,0.16583123951776998,2500,OLS_iid,iid,False,5
8,4,4001,6,60001,True,104,False,100,0.5546778985140032,1.0138083728961647,0.2431981636959555,0.15275853785037122,0.681788954862405,0.5427781576368077,0.8690213189742751,0.017441278941841113,11,8,0.16583123951776998,2500,OLS_iid,iid,False,5
7,4,4001,3,30001,True,311,False,100,0.43935679580674725,5.4930230807513,0.10476575891935283,0.07759043190825969,0.22970750312148172,0.22210027601433807,0.9743856992609214,0.013902491193594156,11,8,0.16583123951776998,2500,OLS_iid,iid,False,5
7,9,9001,1,10001,True,250,False,100,0.257341852866104,3.276964144781232,0.17368931556421954,0.12319991760182791,0.3200636370478487,0.32750087729698946,0.9491137645003838,0.013814299676639987,11,8,0.16583123951776998,2500,OLS_iid,iid,False,5
8,5,5001,25,250001,True,30,False,100,0.5460526624037864,0.36223973985761404,0.3321126072849852,0.20504571807042302,0.8606204726284673,0.9188158455079076,0.7004394039504409,0.0171892362839128,11,8,0.16583123951776998,2500,OLS_iid,iid,False,5
8,5,5001,24,240001,True,39,False,100,0.24376382768363403,0.41523136058822274,0.3438890955603496,0.2119873931081095,0.7624348520035917,0.8785858230561973,0.7443841461666586,0.01728673730706133,11,8,0.16583123951776998,2500,OLS_iid,iid,False,5
7,9,9001,21,210001,True,253,False,100,0.6700804593823679,3.1469629728235304,0.14064803447877858,0.09907405303662474,0.36298399779960483,0.27771617088310896,0.9607558818844292,0.01464076263856598,11,8,0.16583123951776998,2500,OLS_iid,iid,False,5
8,2,2001,17,170001,True,192,False,100,0.6464991758431397,1.9482295690104365,0.08041984567626426,0.05214518661985159,0.20558883518680812,0.21680407479435368,0.9762873501584992,0.017395355992778232,11,8,0.16583123951776998,2500,OLS_iid,iid,False,5
8,5,5001,19,190001,True,42,False,100,0.3329566634127433,0.6076351259835064,0.36543612457003444,0.24030036816075784,0.9089678509202721,1.0028579479843813,0.7139222778392726,0.01774978769705143,11,8,0.16583123951776998,2500,OLS_iid,iid,False,5
8,6,6001,6,60001,True,32,False,100,0.5546778985140032,0.38867342518642545,0.3671219650570951,0.2411100101220718,0.9617288713663347,6.364898535480527,0.5323039815675206,0.017460244205494718,11,8,0.16583123951776998,2500,OLS_iid,iid,False,5
6,9,9001,1,10001,True,221,False,100,0.5323130486779951,7.348885432817042,0.2070705987713917,0.14687258103770773,0.4521086575536765,0.344716535708353,0.9393312684424513,0.01055437780162419,11,8,0.16583123951776998,2500,OLS_iid,iid,False,5
8,3,3001,3,30001,True,131,False,100,0.43935679580674725,1.8606283329427242,0.24398264432612435,0.14014790864283067,0.6523140636806538,0.5451635962968026,0.8593626953783499,0.017247478753735567,11,8,0.16583123951776998,2500,OLS_iid,iid,False,5
8,3,3001,19,190001,True,143,False,100,0.3329566634127433,1.5777771002613008,0.106065720503551,0.07943081800931621,0.2595255499940405,0.23379310706640574,0.9732300980571807,0.017114906465430055,11,8,0.16583123951776998,2500,OLS_iid,iid,False,5
8,0,1,29,290001,True,229,False,100,0.44632198846564003,2.6722360919229686,0.09161870538740406,0.06968994753680925,0.22045769650867325,0.21940716339547217,0.9768281854571126,0.01750095447094772,11,8,0.16583123951776998,2500,OLS_iid,iid,False,5
7,6,6001,23,230001,True,330,False,100,0.49317283258034506,4.60497959703207,0.14945536544127144,0.1039782611486987,0.35626542502854586,0.31516344139513697,0.9536193541970436,0.01442678799548545,11,8,0.16583123951776998,2500,OLS_iid,iid,False,5
8,6,6001,5,50001,True,37,False,100,0.47761220854332603,0.45735587924718857,0.2277890996137781,0.1277621470392037,0.6742328704053724,0.47383660063799155,0.8888379248472864,0.01738223542643746,11,8,0.16583123951776998,2500,OLS_iid,iid,False,5
8,3,3001,12,120001,True,108,False,100,0.2577249960629789,1.7452444001100957,0.07138428503419876,0.05220850256181371,0.15084321469054768,0.18625049088564116,0.9827582879498484,0.01743741221125345,11,8,0.16583123951776998,2500,OLS_iid,iid,False,5
8,6,6001,8,80001,True,46,False,100,0.31428447848226193,0.4533712840639055,0.33813273407054134,0.211124033753221,1.049593996787903,0.9318697249984466,0.7415499296538646,0.017365260558615574,11,8,0.16583123951776998,2500,OLS_iid,iid,False,5
8,5,5001,17,170001,True,43,False,100,0.6464991758431397,0.7742264112457633,0.2502308780568071,0.13092142226977213,0.7196822519906335,0.5380378611693558,0.8655282394681572,0.017488688381199137,11,8,0.16583123951776998,2500,OLS_iid,iid,False,5
8,1,1001,9,90001,True,153,False,100,0.5186047481243948,2.706486579030752,0.0833649605156299,0.05909709905851626,0.21742931708693142,0.20191499428312368,0.9795296410553785,0.017569991213650972,11,8,0.16583123951776998,2500,OLS_iid,iid,False,5
8,4,4001,23,230001,True,59,False,100,0.4415185696235382,1.2722775973379612,0.2697065407123113,0.1593916733927158,0.664912168970589,0.6166910326459634,0.8537928134129459,0.017634206456040018,11,8,0.16583123951776998,2500,OLS_iid,iid,False,5
8,6,6001,11,110001,True,45,False,100,0.2451359831565731,0.5083972718566656,0.35798635005082885,0.23012521486472615,0.8637145563539308,0.9430686599015669,0.7173090599021474,0.017147389581197034,11,8,0.16583123951776998,2500,OLS_iid,iid,False,5
8,5,5001,22,220001,True,57,False,100,0.3355547952454357,0.8955614282749593,0.2682664436253187,0.16562187827800556,0.6012347407599304,0.6149329689094546,0.842183201976107,0.017942259776279678,11,8,0.16583123951776998,2500,OLS_iid,iid,False,5
8,2,2001,28,280001,True,52,False,100,0.35264412982303817,2.184183203149587,0.29677567455347337,0.18666458700102176,0.7647159372418743,0.7064497364820266,0.8031108062532689,0.01719077827836135,11,8,0.16583123951776998,2500,OLS_iid,iid,False,5
8,6,6001,14,140001,True,36,False,100,0.3656656996761909,0.4061666368506849,0.2301568543316892,0.12759765414121887,0.575444623633213,0.47539029916014536,0.8882796789074193,0.016802607827140433,11,8,0.16583123951776998,2500,OLS_iid,iid,False,5
7,1,1001,25,250001,True,180,False,100,0.6243924090701123,6.76563670579344,0.20441323543401313,0.13072314813396574,0.5616828199053258,0.40980304808936935,0.918783335205234,0.013689977515299734,11,8,0.16583123951776998,2500,OLS_iid,iid,False,5
8,5,5001,27,270001,True,78,False,100,0.6391249637509558,0.7998142819851637,0.2998232973885573,0.1847568893356189,0.9651515363822668,0.6760999133723868,0.8112601721897837,0.017468981423396843,11,8,0.16583123951776998,2500,OLS_iid,iid,False,5
8,2,2001,13,130001,True,175,False,100,0.5018300555357313,2.4318750840611756,0.06810960272710655,0.056338459553022364,0.1454873010879183,0.20152272721863826,0.9804354035454633,0.01724137197900471,11,8,0.16583123951776998,2500,OLS_iid,iid,False,5
8,6,6001,12,120001,True,44,False,100,0.2577249960629789,0.6098427521064878,0.2989354036054548,0.1785352625121457,0.78969750363603,0.7124095997521068,0.809549298062401,0.017833554091865305,11,8,0.16583123951776998,2500,OLS_iid,iid,False,5
8,6,6001,17,170001,True,36,False,100,0.6464991758431397,0.40685506258159876,0.3282037484552286,0.1988066765861425,1.1280854702609266,0.9092871703122327,0.7218643643570379,0.01720607935124026,11,8,0.16583123951776998,2500,OLS_iid,iid,False,5
8,6,6001,9,90001,True,63,False,100,0.5186047481243948,0.6483458229340613,0.08997713155821314,0.06609905010020499,0.19379120218298962,0.2145335360637087,0.9788087607331745,0.01747105549761268,11,8,0.16583123951776998,2500,OLS_iid,iid,False,5
8,4,4001,7,70001,True,159,False,100,0.512965414702488,1.6183679583482444,0.09798744302910327,0.06467548982751824,0.2592906857823253,0.22670159936254344,0.9749938258891172,0.01759545613105702,11,8,0.16583123951776998,2500,OLS_iid,iid,False,5
8,3,3001,18,180001,True,204,False,100,0.635410744224998,1.9150987551547587,0.10809376442041885,0.07203283653952004,0.27721033608571993,0.29659823895070775,0.961259211649324,0.017399214350015395,11,8,0.16583123951776998,2500,OLS_iid,iid,False,5
8,2,2001,25,250001,True,247,False,100,0.5460526624037864,2.342814187053591,0.16824983367521168,0.09896998108969145,0.48596450261212204,0.37087931793542345,0.9324196312661287,0.017372452974808914,11,8,0.16583123951776998,2500,OLS_iid,iid,False,5
8,4,4001,11,110001,True,87,False,100,0.2451359831565731,1.6082895598374307,0.27801473281204536,0.17019981474501567,0.7283240060089524,0.6289550757733529,0.828356623185147,0.016991413696793415,11,8,0.16583123951776998,2500,OLS_iid,iid,False,5
8,5,5001,26,260001,True,47,False,100,0.3947280990653415,0.9163868576288223,0.3276739375838026,0.20175983116279517,0.9913360117493939,0.7816070989640794,0.7889108883360425,0.017454920757752224,11,8,0.16583123951776998,2500,OLS_iid,iid,False,5
8,6,6001,15,150001,True,48,False,100,0.6466714203305812,0.5310017107985914,0.20013454648275175,0.11768936648143281,0.5172338247370752,0.4294356620489208,0.9057470395346522,0.01727052677272822,11,8,0.16583123951776998,2500,OLS_iid,iid,False,5
8,4,4001,15,150001,True,57,False,100,0.6466714203305812,1.554848922882229,0.23933180804470464,0.1453399275779358,0.6561117568582828,0.47951204607122405,0.895777532798498,0.01729115260739794,11,8,0.16583123951776998,2500,OLS_iid,iid,False,5
7,1,1001,24,240001,True,241,False,100,0.2640710324559736,6.948784118983895,0.17721497539255068,0.12077305063582204,0.3980804651938671,0.3115670452128734,0.9481437950687017,0.014016553805328335,11,8,0.16583123951776998,2500,OLS_iid,iid,False,5
8,3,3001,13,130001,True,233,False,100,0.5018300555357313,2.1711979042738676,0.0729649992812739,0.057811770502909664,0.1718235678984671,0.2112126476163947,0.9789403761891099,0.017240409550720006,11,8,0.16583123951776998,2500,OLS_iid,iid,False,5
8,6,6001,2,20001,True,39,False,100,0.8223389972643678,0.9748833649791777,0.3030715400556348,0.1875095366178164,0.7999524221775234,0.7427704668087093,0.8240864161508762,0.017240963286063747,11,8,0.16583123951776998,2500,OLS_iid,iid,False,5
7,4,4001,10,100001,True,274,False,100,0.4161500146245627,6.248708496801555,0.1510213016967048,0.11492569603038948,0.3146677464017896,0.29069140437911,0.9589396936176207,0.013993361405245026,11,8,0.16583123951776998,2500,OLS_iid,iid,False,5
8,6,6001,27,270001,True,27,False,100,0.6391249637509558,0.49875802220776677,0.39001892638093755,0.25463948186325264,0.9865353690844184,1.5000161786019106,0.3169910180809558,0.01765265588230962,11,8,0.16583123951776998,2500,OLS_iid,iid,False,5
7,8,8001,22,220001,True,162,False,100,0.6872275771018909,4.279474998824298,0.20217346204423442,0.12660940057682415,0.5802511648696662,0.4263902365309356,0.9200162184791664,0.013987994283073658,11,8,0.16583123951776998,2500,OLS_iid,iid,False,5
8,4,4001,17,170001,True,100,False,100,0.6464991758431397,1.7395822550170124,0.14914800378523824,0.08224690681351064,0.37444574074144465,0.31635759296857674,0.9485088189737793,0.017215008898836558,11,8,0.16583123951776998,2500,OLS_iid,iid,False,5
8,7,7001,0,1,True,37,False,100,0.5114186415974027,0.3904382339678705,0.2733914132183624,0.15759418551164908,0.6861001851811483,0.6022336769852429,0.8365886842286824,0.017007925334155974,11,8,0.16583123951776998,2500,OLS_iid,iid,False,5
8,1,1001,3,30001,True,95,False,100,0.43935679580674725,3.2282026377506554,0.2829504880267792,0.16796995876103424,0.8693909775399449,0.6172740201638266,0.8505099025785602,0.01771985403516524,11,8,0.16583123951776998,2500,OLS_iid,iid,False,5
8,4,4001,21,210001,True,42,False,100,0.6700804593823679,1.7186633851379156,0.38435064795856255,0.248679083808816,1.1159709198141974,1.0223236737357289,0.7231092816445445,0.017561001196132093,11,8,0.16583123951776998,2500,OLS_iid,iid,False,5
8,6,6001,18,180001,True,53,False,100,0.635410744224998,0.6240697237662971,0.312201886449104,0.18960045407828313,0.8902482798318044,0.822492003300635,0.7597954770647259,0.017646379544540618,11,8,0.16583123951776998,2500,OLS_iid,iid,False,5
8,6,6001,29,290001,True,48,False,100,0.44632198846564003,0.42067830730229616,0.2779552706644767,0.1665107872820588,0.7644383243262296,0.6693435710895829,0.8155018637407716,0.017595434362168327,11,8,0.16583123951776998,2500,OLS_iid,iid,False,5
8,1,1001,15,150001,True,65,False,100,0.6466714203305812,3.0671160388737917,0.08276169912481644,0.06174786357553341,0.18470859155172603,0.21655761331629023,0.9762665289288548,0.01718139842368951,11,8,0.16583123951776998,2500,OLS_iid,iid,False,5
8,2,2001,1,10001,True,215,False,100,0.257341852866104,2.9349667597562075,0.07904886769717966,0.054074616794617406,0.1852767908252554,0.1959459486132865,0.9804094074550013,0.01745425290266498,11,8,0.16583123951776998,2500,OLS_iid,iid,False,5
8,5,5001,20,200001,True,45,False,100,0.5808151268594547,1.360790358390659,0.301810309338888,0.1752076875111031,1.054366499981946,0.6922162641572333,0.7998571219447603,0.01754784279892954,11,8,0.16583123951776998,2500,OLS_iid,iid,False,5
8,5,5001,8,80001,True,138,False,100,0.31428447848226193,1.5197711009532213,0.07847359994746934,0.05907356701847366,0.17003119522066318,0.19828242579049285,0.9805763295066354,0.01745422723605204,11,8,0.16583123951776998,2500,OLS_iid,iid,False,5
8,6,6001,21,210001,True,74,False,100,0.6700804593823679,0.7177265421487391,0.06507749480407551,0.05117846903725421,0.15823730145405238,0.2153716998369695,0.9783677877009337,0.017457897736001284,11,8,0.16583123951776998,2500,OLS_iid,iid,False,5
8,2,2001,4,40001,True,199,False,100,0.41496186204243024,2.97752962494269,0.14610123937683447,0.09558349467078477,0.3667732301697344,0.31923427660123677,0.9477203264467784,0.017767460654434297,11,8,0.16583123951776998,2500,OLS_iid,iid,False,5
8,1,1001,18,180001,True,313,False,100,0.635410744224998,3.163044363260269,0.09813041105794201,0.06616284482260251,0.24888049844518587,0.2600095082668044,0.9710858756056385,0.01750596061722695,11,8,0.16583123951776998,2500,OLS_iid,iid,False,5
8,2,2001,9,90001,True,229,False,100,0.5186047481243948,2.9811932030133903,0.12635250910526477,0.08748162739581412,0.2874908784203271,0.28223262078855255,0.9628904218447826,0.017083453231053154,11,8,0.16583123951776998,2500,OLS_iid,iid,False,5
8,6,6001,1,10001,True,43,False,100,0.257341852866104,1.2635069019161165,0.3199189034021237,0.19438250176161478,0.7869035311915327,0.8399170220940304,0.7462148905569951,0.017298148783479714,11,8,0.16583123951776998,2500,OLS_iid,iid,False,5
8,7,7001,3,30001,True,54,False,100,0.43935679580674725,0.5594249754212797,0.31281326062849346,0.19253608343378276,0.9138604396973358,0.8875874828077711,0.7185894811807102,0.017612897440952135,11,8,0.16583123951776998,2500,OLS_iid,iid,False,5
8,7,7001,13,130001,True,40,False,100,0.5018300555357313,0.43660134822130203,0.32050898899727737,0.20318615878590993,0.7623991293289241,0.7791030550505992,0.7683616301774704,0.017134932670141607,11,8,0.16583123951776998,2500,OLS_iid,iid,False,5
8,2,2001,27,270001,True,187,False,100,0.6391249637509558,2.796681609004736,0.08533445696788333,0.06368829319806658,0.20372541818974207,0.21843915787848323,0.9763682409256643,0.01702774151461254,11,8,0.16583123951776998,2500,OLS_iid,iid,False,5
8,3,3001,7,70001,True,60,False,100,0.512965414702488,2.654662081040442,0.05632067912796244,0.04206443017128434,0.14527110079729583,0.18962629530813624,0.9825772134622638,0.01732564487730278,11,8,0.16583123951776998,2500,OLS_iid,iid,False,5
8,7,7001,12,120001,True,46,False,100,0.2577249960629789,0.5109753161668777,0.31911505946247015,0.19075044133365748,0.825383463647118,0.8124856192629638,0.757615533694258,0.017339491203135445,11,8,0.16583123951776998,2500,OLS_iid,iid,False,5
8,0,1,26,260001,True,279,False,100,0.3947280990653415,3.595404837280512,0.07890579914741683,0.05819942387829931,0.20647644653498423,0.21043181624398424,0.9782915588219954,0.017341187936023225,11,8,0.16583123951776998,2500,OLS_iid,iid,False,5
8,1,1001,13,130001,True,220,False,100,0.5018300555357313,3.406554931309074,0.13834544551606753,0.09026349735771923,0.3657814228338398,0.27819979687156243,0.9607078355416938,0.017164110067356575,11,8,0.16583123951776998,2500,OLS_iid,iid,False,5
8,7,7001,18,180001,True,43,False,100,0.635410744224998,0.4815818788483739,0.3141854730290076,0.19304103580296675,0.8185132487165167,0.9733463800188189,0.6433023626727047,0.017451282615961874,11,8,0.16583123951776998,2500,OLS_iid,iid,False,5
7,2,2001,28,280001,True,217,False,100,0.35264412982303817,7.164950636215508,0.13259345024366728,0.10162166516991117,0.26928808708097635,0.2495447987413239,0.96962398373394,0.013987813102460493,11,8,0.16583123951776998,2500,OLS_iid,iid,False,5
8,8,8001,5,50001,True,21,False,100,0.47761220854332603,0.22103064693510532,0.32965368380946747,0.20290342406040332,0.8417515359802015,0.8845049676914981,0.7170473214180696,0.017651947220701618,11,8,0.16583123951776998,2500,OLS_iid,iid,False,5
8,6,6001,23,230001,True,61,False,100,0.4415185696235382,0.9897811319679022,0.3556092322518557,0.2236689330389553,0.9709065524992511,0.9483813426468783,0.7425953281588997,0.0173314100411554,11,8,0.16583123951776998,2500,OLS_iid,iid,False,5
8,7,7001,9,90001,True,58,False,100,0.5186047481243948,0.6685934169217944,0.31153056016923847,0.19404828645642935,0.9826569291570799,0.765582729155657,0.8022474892400769,0.017207531031407066,11,8,0.16583123951776998,2500,OLS_iid,iid,False,5
8,7,7001,8,80001,True,70,False,100,0.31428447848226193,0.7292773299850523,0.27569490387913365,0.16879007415149228,0.6568329168855525,0.5936385558901555,0.8546500969343894,0.017574474520342942,11,8,0.16583123951776998,2500,OLS_iid,iid,False,5
8,5,5001,14,140001,True,110,False,100,0.3656656996761909,1.8359082462266088,0.141349300546484,0.08574333520913296,0.34545967648456455,0.2939935098198551,0.9582994809292101,0.017350691183814024,11,8,0.16583123951776998,2500,OLS_iid,iid,False,5
8,8,8001,7,70001,True,33,False,100,0.512965414702488,0.2877847817726433,0.34734876763702327,0.214784761988241,0.9656002029842925,1.376469164904955,0.32981270856708045,0.017543031347614306,11,8,0.16583123951776998,2500,OLS_iid,iid,False,5
8,7,7001,15,150001,True,73,False,100,0.6466714203305812,0.7205806239508092,0.0974774655532388,0.07025285818195422,0.22682512190022028,0.234134436203948,0.9745427154116092,0.017462940146648218,11,8,0.16583123951776998,2500,OLS_iid,iid,False,5
8,6,6001,22,220001,True,86,False,100,0.3355547952454357,1.1649661338888109,0.2269970977480786,0.13724873194697015,0.5533821712365072,0.46323298330253776,0.9019002204735814,0.01787253007549367,11,8,0.16583123951776998,2500,OLS_iid,iid,False,5
8,7,7001,14,140001,True,63,False,100,0.3656656996761909,0.7970219692215323,0.24235705105226665,0.13910845609449385,0.6640969694684792,0.5489501103305017,0.8665160313664612,0.017521021544207146,11,8,0.16583123951776998,2500,OLS_iid,iid,False,5
8,8,8001,8,80001,True,46,False,100,0.31428447848226193,0.4842140218243003,0.30603584876696427,0.18881635876402347,0.8581053630858438,0.7475247961670785,0.7947285204034614,0.01715407407257619,11,8,0.16583123951776998,2500,OLS_iid,iid,False,5
8,8,8001,4,40001,True,54,False,100,0.41496186204243024,0.569519501645118,0.3083758510441622,0.1938455650481667,0.9396898591297346,0.8326872734509679,0.7779181616295122,0.017182638311711837,11,8,0.16583123951776998,2500,OLS_iid,iid,False,5
8,6,6001,7,70001,True,58,False,100,0.512965414702488,1.698851897381246,0.21580781859078194,0.11773770649364422,0.6768371580046583,0.4599886666084174,0.8956326568770266,0.017002036237836575,11,8,0.16583123951776998,2500,OLS_iid,iid,False,5
8,1,1001,19,190001,True,249,False,100,0.3329566634127433,3.7081091068685055,0.09257246379313974,0.07471815049454575,0.1710952009181718,0.22486389517934255,0.9748954080892304,0.01719774073881783,11,8,0.16583123951776998,2500,OLS_iid,iid,False,5
8,8,8001,18,180001,True,38,False,100,0.635410744224998,0.32803453179076314,0.28460919192149725,0.17405916793542411,0.7756541709419678,0.8154456849584092,0.7302190140618269,0.01778576957542422,11,8,0.16583123951776998,2500,OLS_iid,iid,False,5
7,4,4001,17,170001,True,208,False,100,0.6663488150377282,6.971447857096791,0.11615673639847035,0.08009345427642424,0.31059265706018985,0.2917614858382896,0.9611962070396682,0.014226513408698339,11,8,0.16583123951776998,2500,OLS_iid,iid,False,5
8,8,8001,19,190001,True,26,False,100,0.3329566634127433,0.3482643058523536,0.35488181117667394,0.2318310790959789,0.9697090137745016,0.9192854688235483,0.7422435955316359,0.016951172471697987,11,8,0.16583123951776998,2500,OLS_iid,iid,False,5
8,7,7001,21,210001,True,50,False,100,0.6700804593823679,0.8193602012470365,0.2811003718715096,0.1718917510805867,0.7822180300741391,0.6496491523265535,0.8264027680108997,0.017114987558645045,11,8,0.16583123951776998,2500,OLS_iid,iid,False,5
8,7,7001,22,220001,True,52,False,100,0.3355547952454357,0.824280260130763,0.30174672590279594,0.17977582594293925,0.7781943749141556,0.7201864382912452,0.7973532353084297,0.017589651534619725,11,8,0.16583123951776998,2500,OLS_iid,iid,False,5
8,7,7001,17,170001,True,52,False,100,0.6464991758431397,0.9726357879117131,0.30626233686154375,0.17854556648128106,0.8911496936554215,0.7946015929069437,0.758700555414905,0.01751391493011872,11,8,0.16583123951776998,2500,OLS_iid,iid,False,5
7,9,9001,29,290001,True,90,False,100,0.5423117671479272,4.477292918600142,0.3405995370378261,0.2301112573395155,0.8257904816065083,0.7656311641201218,0.7805227625186211,0.013778419048403944,11,8,0.16583123951776998,2500,OLS_iid,iid,False,5
8,8,8001,6,60001,True,46,False,100,0.5546778985140032,0.6304579037241638,0.27561605105916254,0.16342134548001555,0.9443405820752886,0.6596952475975734,0.8323386017173077,0.01742106965855948,11,8,0.16583123951776998,2500,OLS_iid,iid,False,5
8,8,8001,14,140001,True,46,False,100,0.3656656996761909,0.47719668596982956,0.3343112700281935,0.2033780768305502,0.9555862474282995,0.9248707753293915,0.7203386363673902,0.01747216693974961,11,8,0.16583123951776998,2500,OLS_iid,iid,False,5
8,8,8001,22,220001,True,24,False,100,0.3355547952454357,0.3640322992578149,0.13393803936023377,0.08282933153895816,0.32133860108265444,0.2809749137233351,0.9591627042517148,0.01726951127834627,11,8,0.16583123951776998,2500,OLS_iid,iid,False,5
8,8,8001,9,90001,True,45,False,100,0.5186047481243948,0.7052341992966831,0.056590117564375736,0.049401248975046295,0.11404755104764135,0.16706986275215227,0.9861989343602988,0.01726014214667753,11,8,0.16583123951776998,2500,OLS_iid,iid,False,5
8,5,5001,10,100001,True,226,False,100,0.23672156555483698,2.3740670839324594,0.13177683172830493,0.0933674731681878,0.26797627114572914,0.2750633408150838,0.9628329758511994,0.017834625628069842,11,8,0.16583123951776998,2500,OLS_iid,iid,False,5
8,4,4001,29,290001,True,86,False,100,0.44632198846564003,2.555656585842371,0.07488675568789195,0.06025932749426712,0.15124546067969086,0.2027681180643401,0.9794227144082958,0.017266602023505433,11,8,0.16583123951776998,2500,OLS_iid,iid,False,5
8,4,4001,28,280001,True,65,False,100,0.35264412982303817,2.561537549365312,0.2553855497561895,0.15654274105999735,0.7192884590632602,0.5352987840303222,0.8665244470555257,0.01758764120750949,11,8,0.16583123951776998,2500,OLS_iid,iid,False,5
8,8,8001,15,150001,True,56,False,100,0.6466714203305812,0.5928291981108487,0.2912557880443825,0.18439168128550845,0.8097797341181905,0.8132618609231392,0.737332920713368,0.017453632575050573,11,8,0.16583123951776998,2500,OLS_iid,iid,False,5
8,0,1,2,20001,True,430,False,100,0.8223389972643678,4.6508548418059945,0.07362152516578772,0.05117541219528002,0.20985902526450245,0.26033201621557267,0.9691384549979971,0.017159918035637014,11,8,0.16583123951776998,2500,OLS_iid,iid,False,5
8,7,7001,10,100001,True,125,False,100,0.23672156555483698,1.262140680104494,0.10004651894307337,0.07217923350676489,0.22483229906145244,0.22800298666219124,0.9730470569698606,0.01748130716952718,11,8,0.16583123951776998,2500,OLS_iid,iid,False,5
8,8,8001,23,230001,True,42,False,100,0.4415185696235382,0.48096232302486897,0.34987355606159476,0.22129244720741578,1.1844810231562377,1.1623520763755224,0.6557805351612864,0.017417925411878157,11,8,0.16583123951776998,2500,OLS_iid,iid,False,5
8,6,6001,4,40001,True,39,False,100,0.41496186204243024,2.0444456511177123,0.3392932098599109,0.21791136580987233,0.8795515365005965,0.8737780919036874,0.74334985161034,0.017074412939390316,11,8,0.16583123951776998,2500,OLS_iid,iid,False,5
8,9,9001,2,20001,True,37,False,100,0.8223389972643678,0.29339730832725763,0.30758450568126483,0.182099880142237,1.2243154214012602,0.6930917066362885,0.7862339157931865,0.017402700783571215,11,8,0.16583123951776998,2500,OLS_iid,iid,False,5
8,8,8001,20,200001,True,49,False,100,0.5808151268594547,0.5930809760466218,0.08249099401986534,0.05442919335768561,0.21070236885340837,0.2089041705878737,0.9784037845892901,0.017463349584666173,11,8,0.16583123951776998,2500,OLS_iid,iid,False,5
8,8,8001,10,100001,True,66,False,100,0.23672156555483698,0.8191142822615802,0.1614016489918177,0.10017252221533997,0.41745164567367443,0.3243538232937277,0.9453994101457138,0.017188912761413235,11,8,0.16583123951776998,2500,OLS_iid,iid,False,5
8,6,6001,10,100001,True,202,False,100,0.23672156555483698,1.9739315691404045,0.11490448422870607,0.08207845757977487,0.256332558937775,0.25110167836166103,0.9684177049181398,0.01726700454650073,11,8,0.16583123951776998,2500,OLS_iid,iid,False,5
7,8,8001,5,50001,True,281,False,100,0.47761220854332603,5.576815360225737,0.1687289953764276,0.11614444350137938,0.35484239389757677,0.32698550896165957,0.9497044863315738,0.014249441188116918,11,8,0.16583123951776998,2500,OLS_iid,iid,False,5
8,0,1,24,240001,True,147,False,100,0.24376382768363403,4.399422193877399,0.07766920916969003,0.053416229013091863,0.1776451191511795,0.19808740088416366,0.9808022408697528,0.017434828066931165,11,8,0.16583123951776998,2500,OLS_iid,iid,False,5
8,8,8001,26,260001,True,30,False,100,0.3947280990653415,0.3873202451504767,0.35840162940971637,0.22520513593404123,0.9198450679398004,0.9965840665930236,0.67723829934266,0.017081965010442218,11,8,0.16583123951776998,2500,OLS_iid,iid,False,5
8,8,8001,12,120001,True,79,False,100,0.2577249960629789,0.8213595380075276,0.26052138437264405,0.1551304595094849,0.7272117270143301,0.5709478153187297,0.8640560859431364,0.017118875110909072,11,8,0.16583123951776998,2500,OLS_iid,iid,False,5
8,7,7001,24,240001,True,91,False,100,0.24376382768363403,1.1127687580883503,0.10035342165266058,0.06558330529724216,0.23742797356743883,0.2260523821074576,0.9728764172774745,0.01779756248666071,11,8,0.16583123951776998,2500,OLS_iid,iid,False,5
8,6,6001,19,190001,True,42,False,100,0.3329566634127433,1.7645513000898063,0.3084715028775643,0.19574612348306547,0.850457954924414,0.7296697220702374,0.7966579933256489,0.017115823392135923,11,8,0.16583123951776998,2500,OLS_iid,iid,False,5
8,0,1,21,210001,True,123,False,100,0.6700804593823679,4.5412056827917695,0.0513715165148514,0.045099396407727435,0.10385508033929647,0.189324574610765,0.9822003732447134,0.01738695845651559,11,8,0.16583123951776998,2500,OLS_iid,iid,False,5
8,5,5001,29,290001,True,233,False,100,0.44632198846564003,2.29103936906904,0.08860200066928885,0.06909864734644218,0.19251450821352872,0.22697618599057157,0.9756774197579299,0.01755559501888051,11,8,0.16583123951776998,2500,OLS_iid,iid,False,5
8,7,7001,28,280001,True,100,False,100,0.35264412982303817,1.2022659918293357,0.08425096637412845,0.06677003808513225,0.1691734063816116,0.20788373746995012,0.9783961073158056,0.01744361233819332,11,8,0.16583123951776998,2500,OLS_iid,iid,False,5
8,0,1,13,130001,True,390,False,100,0.5018300555357313,4.749805827159435,0.07838926175673001,0.06249225789702619,0.16074982052758796,0.20030868802716542,0.9804373702452721,0.017419581794596378,11,8,0.16583123951776998,2500,OLS_iid,iid,False,5
8,4,4001,19,190001,True,198,False,100,0.3329566634127433,3.025093410164118,0.13278418493831967,0.09282679659629173,0.3226976477964279,0.2930192786131543,0.9571014857876827,0.017722797709328712,11,8,0.16583123951776998,2500,OLS_iid,iid,False,5
8,9,9001,6,60001,True,55,False,100,0.5546778985140032,0.4860707810148597,0.29136822553909075,0.17705395372931976,0.9523488451502584,0.7769088446556939,0.7910790386231733,0.017463598505827058,11,8,0.16583123951776998,2500,OLS_iid,iid,False,5
8,8,8001,21,210001,True,43,False,100,0.6700804593823679,0.8280295971781015,0.24391071344010024,0.15021500860381443,0.6217462901217985,0.6811255708359386,0.7909589726359488,0.017206785423951227,11,8,0.16583123951776998,2500,OLS_iid,iid,False,5
8,7,7001,26,260001,True,50,False,100,0.3947280990653415,1.3219940681010485,0.304080754520548,0.18195798587360523,0.9305521491191743,0.7510508089111886,0.8014595105786885,0.01725253795797364,11,8,0.16583123951776998,2500,OLS_iid,iid,False,5
8,2,2001,18,180001,True,167,False,100,0.635410744224998,3.981589469127357,0.11283500287836426,0.0731229140927709,0.30021935329699057,0.24353088155530245,0.9710642988666215,0.01735073545953337,11,8,0.16583123951776998,2500,OLS_iid,iid,False,5
8,6,6001,20,200001,True,112,False,100,0.5808151268594547,1.9534736559726298,0.12179143097840603,0.07299310729302905,0.2838434366110039,0.26762760178904715,0.9633188773059568,0.017337572087684203,11,8,0.16583123951776998,2500,OLS_iid,iid,False,5
8,7,7001,19,190001,True,48,False,100,0.3329566634127433,1.4437318621203303,0.29606730821897304,0.17980832472728034,0.7566452516586172,0.6779994527384576,0.8166469638765977,0.017437872855870857,11,8,0.16583123951776998,2500,OLS_iid,iid,False,5
8,4,4001,1,10001,True,128,False,100,0.257341852866104,3.402178396936506,0.08959119233391785,0.0603674621485853,0.19805547191470743,0.2112336888925377,0.9777826710754155,0.017836843337178675,11,8,0.16583123951776998,2500,OLS_iid,iid,False,5
8,8,8001,17,170001,True,92,False,100,0.6464991758431397,0.9958903240039945,0.06997815805206904,0.05003282322328606,0.15410959772483057,0.2196102097406333,0.9778415668423994,0.017266415375692346,11,8,0.16583123951776998,2500,OLS_iid,iid,False,5
8,6,6001,13,130001,True,217,False,100,0.5018300555357313,2.202326040249318,0.11634727871118086,0.08055283168597688,0.3067750259822935,0.2486844213196564,0.9699688723364362,0.017378112070193623,11,8,0.16583123951776998,2500,OLS_iid,iid,False,5
8,6,6001,24,240001,True,105,False,100,0.24376382768363403,1.9546419787220657,0.09209120435917759,0.0592738385562076,0.22766429998243126,0.21673769072964086,0.9763861160362463,0.01710347731444191,11,8,0.16583123951776998,2500,OLS_iid,iid,False,5
8,9,9001,21,210001,True,33,False,100,0.6700804593823679,0.36483886372298,0.28428950182243135,0.17616284733422594,0.7659819361423171,0.8433803195253544,0.7168691189156676,0.017543063064584648,11,8,0.16583123951776998,2500,OLS_iid,iid,False,5
8,5,5001,0,1,True,278,False,100,0.5114186415974027,3.0468488950282335,0.08299337349086015,0.06016733498385141,0.18861850646187334,0.20667547534030498,0.9790800951247828,0.016916537766552966,11,8,0.16583123951776998,2500,OLS_iid,iid,False,5
8,8,8001,28,280001,True,32,False,100,0.35264412982303817,0.7731802971102297,0.3534230434583352,0.2262828636616076,0.7985576145727421,0.9077977585452626,0.7403911234990215,0.01699222237853684,11,8,0.16583123951776998,2500,OLS_iid,iid,False,5
8,2,2001,24,240001,True,272,False,100,0.24376382768363403,4.114865670911968,0.07471148639980417,0.05377460327330177,0.14657102934589036,0.19127467473002333,0.9812293252831671,0.017355962295474255,11,8,0.16583123951776998,2500,OLS_iid,iid,False,5
8,5,5001,18,180001,True,278,False,100,0.635410744224998,2.853802913799882,0.06470237557780542,0.0477528081027949,0.15676925222636054,0.20551135218164132,0.9793872769154769,0.01756800443187145,11,8,0.16583123951776998,2500,OLS_iid,iid,False,5
9,0,1,1,10001,True,17,False,100,0.026637315935290562,0.3160490170121193,0.03367157806680521,0.027429195999812764,0.07941317648989518,0.14546853350904648,0.9893547666160374,0.020750163485460344,11,8,0.16583123951776998,2500,OLS_iid,iid,False,5
8,7,7001,2,20001,True,51,False,100,0.8223389972643678,1.9470940148457885,0.3036918562506931,0.18624929477636015,0.8134555377526773,0.8839006985374357,0.6990216048831082,0.01752277332520816,11,8,0.16583123951776998,2500,OLS_iid,iid,False,5
6,0,1,20,200001,True,300,False,100,0.5808151268594547,11.915044721681625,0.10548656285887813,0.08693486321135652,0.20238988545328915,0.20246922054282948,0.9796816101409942,0.01060177130676031,11,8,0.16583123951776998,2500,OLS_iid,iid,False,5
8,9,9001,22,220001,True,49,False,100,0.3355547952454357,0.5395041489973664,0.3484566357120177,0.2166146050450453,0.7516900345108585,0.945231252523116,0.704533774990959,0.01721437473229567,11,8,0.16583123951776998,2500,OLS_iid,iid,False,5
8,7,7001,16,160001,True,54,False,100,0.4180566929958173,1.7867313320748508,0.3035342543083837,0.1809470460346849,0.9593656848182329,0.6994201154516063,0.8296183206652552,0.01733797782640729,11,8,0.16583123951776998,2500,OLS_iid,iid,False,5
8,4,4001,20,200001,True,315,False,100,0.5808151268594547,3.350653087720275,0.0654069383936343,0.04919747824138339,0.13629224979026927,0.2010777045454024,0.9797878200407814,0.016978631058584753,11,8,0.16583123951776998,2500,OLS_iid,iid,False,5
8,9,9001,26,260001,True,35,False,100,0.3947280990653415,0.5188262779265642,0.3761716438857531,0.24024962030681074,1.0172997828728123,1.0390590202862422,0.6861714093081476,0.017116416560118357,11,8,0.16583123951776998,2500,OLS_iid,iid,False,5
9,0,1,15,150001,True,17,False,100,0.18345162561717873,0.1595574989914894,0.03477992413425506,0.03215125323365615,0.053554851253242226,0.14344937227803192,0.9896252807532588,0.020340022892187597,11,8,0.16583123951776998,2500,OLS_iid,iid,False,5
7,7,7001,2,20001,True,387,False,100,0.8223389972643678,6.704717673826963,0.11173332703239157,0.081882341920896,0.22361444396620223,0.24739999819998712,0.9679276221685622,0.013653421955620047,11,8,0.16583123951776998,2500,OLS_iid,iid,False,5
8,6,6001,26,260001,True,207,False,100,0.3947280990653415,2.174058136064559,0.0860942981577077,0.06108703304894092,0.22201008446620132,0.2236736282480205,0.9750542740783157,0.01755911290695305,11,8,0.16583123951776998,2500,OLS_iid,iid,False,5
8,9,9001,11,110001,True,56,False,100,0.2451359831565731,0.6967912218533456,0.2786378938159556,0.16252112226181817,0.7994113068497799,0.6196411814436226,0.8394170085393883,0.017486588299717245,11,8,0.16583123951776998,2500,OLS_iid,iid,False,5
8,3,3001,14,140001,True,157,False,100,0.3656656996761909,3.9500135048292577,0.05979649384051186,0.045018696662044944,0.13817654842902038,0.16944271831035848,0.9856975923617702,0.017054100773902996,11,8,0.16583123951776998,2500,OLS_iid,iid,False,5
7,6,6001,21,210001,True,181,False,100,0.6700804593823679,6.968366915825754,0.211029065960815,0.14508381344489998,0.526047864724459,0.361838342575791,0.9391251463453641,0.014333695444848174,11,8,0.16583123951776998,2500,OLS_iid,iid,False,5
8,9,9001,27,270001,True,33,False,100,0.6391249637509558,0.6017506630159914,0.3605764698586794,0.23324470601222913,1.009336146796702,1.1074677092324194,0.5733698674397173,0.017184551209993505,11,8,0.16583123951776998,2500,OLS_iid,iid,False,5
9,0,1,18,180001,True,17,False,100,0.11560586870694832,0.1661879583261907,0.2619756042186525,0.13561070565564617,0.7498686379152248,0.780816718786272,0.7860608602157838,0.020912681853796484,11,8,0.16583123951776998,2500,OLS_iid,iid,False,5
8,9,9001,3,30001,True,58,False,100,0.43935679580674725,0.9508320242166519,0.2887546028354298,0.1806753152089252,0.6391630249467747,0.8116363397463481,0.7372347058067185,0.0171471366859275,11,8,0.16583123951776998,2500,OLS_iid,iid,False,5
9,0,1,5,50001,True,53,False,100,0.47761220854332603,0.4446863569319248,0.2876580028018969,0.15405699384852098,0.9534927980937189,0.8962922717507078,0.7303497976377109,0.020569079169895733,11,8,0.16583123951776998,2500,OLS_iid,iid,False,5
8,5,5001,1,10001,True,316,False,100,0.257341852866104,3.3184420471079648,0.0754633007650092,0.05284576517945885,0.17714714231453504,0.186510835249203,0.982308737034202,0.01767157591048238,11,8,0.16583123951776998,2500,OLS_iid,iid,False,5
8,9,9001,7,70001,True,81,False,100,0.512965414702488,0.9542956529185176,0.0627723031174604,0.04516443028076394,0.13690379377612125,0.19143387659001046,0.9816370896046943,0.01753189469792734,11,8,0.16583123951776998,2500,OLS_iid,iid,False,5
8,7,7001,5,50001,True,160,False,100,0.47761220854332603,2.1360437222756445,0.08160532797436293,0.06078998050319598,0.15824234198406992,0.2212268344809515,0.9770035250837631,0.017528790941255475,11,8,0.16583123951776998,2500,OLS_iid,iid,False,5
8,8,8001,2,20001,True,154,False,100,0.8223389972643678,1.7084234179928899,0.14873433770499622,0.09535277351170675,0.37827871486922104,0.32308373472588875,0.9516896448626003,0.01774072132705048,11,8,0.16583123951776998,2500,OLS_iid,iid,False,5
9,0,1,17,170001,True,19,False,100,0.17178320896016183,0.29774994077160954,0.2772885722141652,0.14309163097683922,0.7435140841919198,0.8668143567235559,0.7506924721908452,0.0208802451581022,11,8,0.16583123951776998,2500,OLS_iid,iid,False,5
8,7,7001,27,270001,True,179,False,100,0.6391249637509558,1.8323619882576168,0.07073007956544305,0.05685133435984401,0.14343745874264266,0.20381542138774847,0.9798935131487964,0.017850277926814165,11,8,0.16583123951776998,2500,OLS_iid,iid,False,5
8,5,5001,11,110001,True,290,False,100,0.2451359831565731,3.271396200172603,0.07440092823822919,0.05931509216653472,0.15347400158111632,0.1903934686335125,0.9817034547171911,0.017299950336141547,11,8,0.16583123951776998,2500,OLS_iid,iid,False,5
9,0,1,9,90001,True,21,False,100,0.5186047481243948,0.4755354057997465,0.2945228931895015,0.15897109780777707,0.9944622952930529,0.9380268778497753,0.7134465225402291,0.020809789906933416,11,8,0.16583123951776998,2500,OLS_iid,iid,False,5
8,8,8001,3,30001,True,171,False,100,0.43935679580674725,1.7649547667242587,0.05073471670474542,0.04278735777806388,0.10793358730922818,0.1742892182364645,0.9849422851240783,0.017680188869115626,11,8,0.16583123951776998,2500,OLS_iid,iid,False,5
8,7,7001,6,60001,True,186,False,100,0.5546778985140032,2.177570654079318,0.12466014568550104,0.08749191515275383,0.28527369903261834,0.27858175840624366,0.9630905957374803,0.01759289306958674,11,8,0.16583123951776998,2500,OLS_iid,iid,False,5
8,9,9001,20,200001,True,59,False,100,0.5808151268594547,0.8541370248422027,0.08254173737756662,0.055610391177169365,0.19849902707532252,0.20134131506517075,0.9796071718691547,0.01780942202954434,11,8,0.16583123951776998,2500,OLS_iid,iid,False,5
7,8,8001,18,180001,True,397,False,100,0.635410744224998,6.305902090854943,0.10921010393302798,0.08051998962842959,0.2224870656343555,0.25435339041512595,0.9701181398221489,0.014201556899513298,11,8,0.16583123951776998,2500,OLS_iid,iid,False,5
8,9,9001,14,140001,True,95,False,100,0.3656656996761909,0.9562359307892621,0.13889046695691562,0.08406769893687625,0.34961918604649067,0.2861479462295408,0.9584352407257716,0.01760732146390391,11,8,0.16583123951776998,2500,OLS_iid,iid,False,5
8,7,7001,11,110001,True,210,False,100,0.2451359831565731,2.207231380045414,0.09066964485171623,0.0649321110080175,0.21014900385281063,0.21426655231536743,0.9768189958626289,0.017108310260518296,11,8,0.16583123951776998,2500,OLS_iid,iid,False,5
8,5,5001,15,150001,True,327,False,100,0.6466714203305812,3.30938903382048,0.12375773887713652,0.08651530405046567,0.2994004139085908,0.2721432762007307,0.9657045239571275,0.017259541429958232,11,8,0.16583123951776998,2500,OLS_iid,iid,False,5
8,3,3001,4,40001,True,325,False,100,0.41496186204243024,4.426191626582295,0.07729885543819727,0.061578322935947456,0.1845966704741366,0.2171529206347207,0.9774562272811131,0.01776497567984883,11,8,0.16583123951776998,2500,OLS_iid,iid,False,5
8,6,6001,3,30001,True,324,False,100,0.43935679580674725,3.0238525168970227,0.11163791103471267,0.07382967746918859,0.295856413484753,0.24755689807457734,0.9701535582874107,0.0174362006817613,11,8,0.16583123951776998,2500,OLS_iid,iid,False,5
9,0,1,28,280001,True,40,False,100,0.35264412982303817,0.3879790799692273,0.04535722192710047,0.03848682819530422,0.0898810879013824,0.16886476771037326,0.9860232649949735,0.020682296755333358,11,8,0.16583123951776998,2500,OLS_iid,iid,False,5
8,2,2001,12,120001,True,138,False,100,0.2577249960629789,4.81634701276198,0.1091616946844009,0.07037263090421435,0.2496240950706095,0.2433945728399288,0.9700911224678227,0.01758026265856563,11,8,0.16583123951776998,2500,OLS_iid,iid,False,5
8,9,9001,9,90001,True,57,False,100,0.5186047481243948,1.2007620120421052,0.054948251465141214,0.04744330656396301,0.10430749072181048,0.17779164145945744,0.9843990696204967,0.017391163250117546,11,8,0.16583123951776998,2500,OLS_iid,iid,False,5
8,9,9001,4,40001,True,103,False,100,0.41496186204243024,1.3000423749908805,0.22030852460553663,0.14158308988819607,0.5653568291712475,0.5172063647041616,0.8895238289477042,0.01727961315953998,11,8,0.16583123951776998,2500,OLS_iid,iid,False,5
8,9,9001,10,100001,True,65,False,100,0.23672156555483698,1.2078955979086459,0.2560024454861016,0.15491892848676,0.6739362864729529,0.5710349751399363,0.8537247246937975,0.01692259557948039,11,8,0.16583123951776998,2500,OLS_iid,iid,False,5
9,0,1,29,290001,True,63,False,100,0.44632198846564003,0.49157080706208944,0.02512855852603669,0.022945064153774588,0.03492033538051075,0.1457555745027861,0.9892785520476735,0.020502083969190222,11,8,0.16583123951776998,2500,OLS_iid,iid,False,5
8,7,7001,23,230001,True,66,False,100,0.4415185696235382,2.1677978937514126,0.27520540807257904,0.16306864734893847,0.751206330738034,0.6020374969163486,0.8622727565186836,0.0169400811922671,11,8,0.16583123951776998,2500,OLS_iid,iid,False,5
9,1,1001,5,50001,True,37,False,100,0.47761220854332603,0.42488802084699273,0.26710994313854747,0.14073609739231055,0.8675153236187638,0.7815365775429131,0.7760105934090619,0.020232587350324613,11,8,0.16583123951776998,2500,OLS_iid,iid,False,5
8,7,7001,1,10001,True,255,False,100,0.257341852866104,2.5781024456955492,0.08848083779395732,0.05379516710399061,0.21986983236091553,0.20438174782709997,0.9781868006039217,0.01740674260272685,11,8,0.16583123951776998,2500,OLS_iid,iid,False,5
9,1,1001,26,260001,True,17,False,100,0.35906845313959074,0.13495620200410485,0.3007893848910384,0.16347490321002311,0.9401317494026465,0.9883991269994634,0.699014449504417,0.020503581894044925,11,8,0.16583123951776998,2500,OLS_iid,iid,False,5
9,0,1,8,80001,True,115,False,100,0.31428447848226193,0.9750415841117501,0.039114950922332074,0.032815420763790674,0.08750576971139319,0.16225526256873674,0.9869562941023036,0.020762988318065292,11,8,0.16583123951776998,2500,OLS_iid,iid,False,5
9,0,1,14,140001,True,95,False,100,0.3656656996761909,0.8890926372259855,0.03886155418497711,0.02972749966368281,0.09070919717455764,0.1607481566718965,0.9874957860611638,0.02083029763374251,11,8,0.16583123951776998,2500,OLS_iid,iid,False,5
9,1,1001,15,150001,True,29,False,100,0.18345162561717873,0.4572893502190709,0.25674037256960763,0.1420936373373314,0.6932122443838237,0.7538339522912016,0.7923063796290608,0.020692076736181023,11,8,0.16583123951776998,2500,OLS_iid,iid,False,5
8,2,2001,7,70001,True,269,False,100,0.512965414702488,5.226731795351952,0.04843264329103479,0.039463191759011224,0.10284144417380846,0.17693081844150702,0.9845386675378727,0.01745757372009176,11,8,0.16583123951776998,2500,OLS_iid,iid,False,5
8,9,9001,8,80001,True,164,False,100,0.31428447848226193,1.6121841771528125,0.07498054224924686,0.05578880528912711,0.17185005140865484,0.1939424269661144,0.9810818042816356,0.017218756913417586,11,8,0.16583123951776998,2500,OLS_iid,iid,False,5
9,1,1001,6,60001,True,66,False,100,0.5546778985140032,0.6800222559832036,0.05209163852086033,0.045462495453303935,0.09595634111001006,0.20436988688349947,0.9811320065577132,0.020675642837564196,11,8,0.16583123951776998,2500,OLS_iid,iid,False,5
7,9,9001,23,230001,True,312,False,100,0.49317283258034506,6.341424040030688,0.23387777668331639,0.14847433429463971,0.5939875415755496,0.3963090893888104,0.9199850044558809,0.014233512053631261,11,8,0.16583123951776998,2500,OLS_iid,iid,False,5
8,9,9001,18,180001,True,38,False,100,0.635410744224998,1.4640574869699776,0.3081938687492315,0.1901876534510727,0.6814456079928455,0.9267552066900931,0.6787032917973469,0.017542111260781004,11,8,0.16583123951776998,2500,OLS_iid,iid,False,5
9,2,2001,0,1,True,39,False,100,0.08667281852210684,0.3471519839949906,0.031698945901713176,0.027200963720890817,0.06816675723867999,0.1431065163043161,0.9897067118974677,0.020467604210484023,11,8,0.16583123951776998,2500,OLS_iid,iid,False,5
9,1,1001,20,200001,True,62,False,100,0.5808151268594547,0.5759196733124554,0.2918885717247041,0.1491517924295502,1.0488944234562119,0.9150502374064626,0.7294469839541176,0.020883035289262893,11,8,0.16583123951776998,2500,OLS_iid,iid,False,5
9,2,2001,2,20001,True,45,False,100,0.10678744564580443,0.304536588024348,0.27980517801400684,0.1501419840983607,0.7609686352343072,0.8644190920120025,0.7505729150893512,0.020900503369188528,11,8,0.16583123951776998,2500,OLS_iid,iid,False,5
9,1,1001,7,70001,True,65,False,100,0.186904100300253,0.7817439842037857,0.23289164021805633,0.1212315483284734,0.6069207252108136,0.6684721411674093,0.8275056404223405,0.02107539792901868,11,8,0.16583123951776998,2500,OLS_iid,iid,False,5
9,1,1001,17,170001,True,52,False,100,0.17178320896016183,0.6406509410589933,0.02969685824698985,0.025262503254196836,0.06648478030170539,0.13427399919102687,0.9909884787843287,0.02106769976515787,11,8,0.16583123951776998,2500,OLS_iid,iid,False,5
8,9,9001,5,50001,True,86,False,100,0.47761220854332603,1.7617989466525614,0.19660881776099512,0.11755701633857915,0.5429967963009877,0.4288069537966754,0.910529807760645,0.017713000217419,11,8,0.16583123951776998,2500,OLS_iid,iid,False,5
8,9,9001,29,290001,True,71,False,100,0.44632198846564003,1.4974589892663062,0.13397100431374043,0.09168008381482712,0.3090380411175208,0.2744775971712394,0.9634700414755554,0.017306012850901574,11,8,0.16583123951776998,2500,OLS_iid,iid,False,5
8,7,7001,4,40001,True,154,False,100,0.41496186204243024,3.004886905197054,0.08303142274507895,0.06723632306949054,0.15447547697181932,0.22381319529775737,0.9758572701967204,0.01738273093809536,11,8,0.16583123951776998,2500,OLS_iid,iid,False,5
7,8,8001,11,110001,True,187,False,100,0.5705488257519286,7.129385886713862,0.15365124388603313,0.11164651386245437,0.3576508508213909,0.27595715678613775,0.9633340820050601,0.014191769129119222,11,8,0.16583123951776998,2500,OLS_iid,iid,False,5
8,1,1001,22,220001,True,364,False,100,0.3355547952454357,5.662524216808379,0.10781461779519423,0.07207032026712835,0.26227386662837493,0.24283776111519942,0.9708308841303929,0.01737095699259234,11,8,0.16583123951776998,2500,OLS_iid,iid,False,5
9,1,1001,29,290001,True,17,False,100,0.44632198846564003,0.5275408630259335,0.24850803548646813,0.1313007752091828,0.7870498317369532,0.6971655511515217,0.8115236951975184,0.020581940345208,11,8,0.16583123951776998,2500,OLS_iid,iid,False,5
9,1,1001,23,230001,True,70,False,100,0.02051987004675352,0.6598942819982767,0.029513977331578255,0.024388560877278143,0.06740055053500225,0.13859467452688426,0.9903588993672552,0.02060055591051958,11,8,0.16583123951776998,2500,OLS_iid,iid,False,5
8,6,6001,0,1,True,347,False,100,0.5114186415974027,3.7791905561462045,0.08384464948742036,0.0575727131260271,0.19032885618132891,0.20756833582849035,0.9776835259331024,0.017360888656487845,11,8,0.16583123951776998,2500,OLS_iid,iid,False,5
9,1,1001,21,210001,True,81,False,100,0.3837700796628207,0.7644834420643747,0.048554070221609354,0.03648034367110989,0.10568537263631426,0.1787066706130396,0.9847349756241562,0.020497441859698314,11,8,0.16583123951776998,2500,OLS_iid,iid,False,5
8,8,8001,11,110001,True,49,False,100,0.2451359831565731,2.468313768040389,0.267203165938952,0.15424026760402312,0.677067107785206,0.5888532738999276,0.8500623697309838,0.01726600179721338,11,8,0.16583123951776998,2500,OLS_iid,iid,False,5
8,1,1001,2,20001,True,223,False,100,0.8223389972643678,6.032940307166427,0.07364086556989984,0.05134750910336829,0.20469705402035032,0.2583947777981006,0.970108142445627,0.017377346248795868,11,8,0.16583123951776998,2500,OLS_iid,iid,False,5
8,5,5001,28,280001,True,339,False,100,0.35264412982303817,3.9447427969425917,0.07303826983998017,0.058457962712481576,0.16603054647964016,0.188515535112488,0.9824055146660173,0.017364328241091357,11,8,0.16583123951776998,2500,OLS_iid,iid,False,5
9,2,2001,3,30001,True,55,False,100,0.38014479024550357,0.5068279416300356,0.04135848925580456,0.033905418982826264,0.09550588588913901,0.16456811902282742,0.9868296390272334,0.020532517044045587,11,8,0.16583123951776998,2500,OLS_iid,iid,False,5
8,4,4001,25,250001,True,233,False,100,0.5460526624037864,4.482734085991979,0.05831825568164201,0.04513652444089321,0.12540909254038204,0.18394414402524142,0.9842348907906843,0.01705666586664559,11,8,0.16583123951776998,2500,OLS_iid,iid,False,5
8,9,9001,28,280001,True,55,False,100,0.35264412982303817,1.6672336552292109,0.2959706216560862,0.18415654935428763,0.8581398718699311,0.7141816515401177,0.8103555564196601,0.017349533884480538,11,8,0.16583123951776998,2500,OLS_iid,iid,False,5
8,8,8001,27,270001,True,171,False,100,0.6391249637509558,2.1331110312603414,0.07162039436513536,0.0585350736465945,0.13897326708221133,0.21527122758805686,0.9784797277545244,0.017293737829874384,11,8,0.16583123951776998,2500,OLS_iid,iid,False,5
9,0,1,2,20001,True,151,False,100,0.10678744564580443,1.6271747131831944,0.06002731503224037,0.04355396485872303,0.13944877451372562,0.1848484430485551,0.9829804011765505,0.02062722702760584,11,8,0.16583123951776998,2500,OLS_iid,iid,False,5
8,9,9001,17,170001,True,187,False,100,0.6464991758431397,1.8795032361522317,0.06356413263484213,0.04386526134218804,0.16768181394334594,0.22766703955755282,0.9765559682794062,0.0172146324508483,11,8,0.16583123951776998,2500,OLS_iid,iid,False,5
8,8,8001,0,1,True,229,False,100,0.5114186415974027,2.856245008762926,0.09833821445448931,0.0681370013649142,0.24167679113468782,0.22426310612560987,0.9758646425126751,0.01733954250832724,11,8,0.16583123951776998,2500,OLS_iid,iid,False,5
9,2,2001,4,40001,True,67,False,100,0.41496186204243024,0.5919136740267277,0.03534524550761826,0.03257405383127437,0.05680252427178303,0.1515186373903667,0.9885234968163962,0.02036210036429236,11,8,0.16583123951776998,2500,OLS_iid,iid,False,5
9,2,2001,22,220001,True,17,False,100,0.05419481663716229,0.24206376587972045,0.2855714571962565,0.15013006100693083,0.7321737212438586,0.9020735900952942,0.7377387720975255,0.020653652779052557,11,8,0.16583123951776998,2500,OLS_iid,iid,False,5
9,1,1001,27,270001,True,77,False,100,0.1718990024637719,0.8295299969613552,0.032297905154970045,0.02976756668431927,0.05945441623083797,0.14212222391564366,0.9899108038340119,0.02079779828238024,11,8,0.16583123951776998,2500,OLS_iid,iid,False,5
8,0,1,12,120001,True,352,False,100,0.2577249960629789,6.462271610740572,0.08219207660465042,0.059462165696934625,0.1753940683424047,0.19975185593063108,0.9797872707220096,0.017425124517209168,11,8,0.16583123951776998,2500,OLS_iid,iid,False,5
9,2,2001,7,70001,True,64,False,100,0.186904100300253,0.5524929980747402,0.022739051347751175,0.02114667632700233,0.03956454682173354,0.1320759251119423,0.9912482362919806,0.020869909442013192,11,8,0.16583123951776998,2500,OLS_iid,iid,False,5
9,2,2001,28,280001,True,17,False,100,0.35264412982303817,0.16476542595773935,0.2707012685919057,0.14592174246505776,0.8105619504748425,0.8127486349641441,0.7644550469267528,0.020490586348309886,11,8,0.16583123951776998,2500,OLS_iid,iid,False,5
9,1,1001,14,140001,True,150,False,100,0.3656656996761909,1.149189910851419,0.03462457740181311,0.028691393915393517,0.07512277712181702,0.15663244087109654,0.9879408961731011,0.02047689584857895,11,8,0.16583123951776998,2500,OLS_iid,iid,False,5
8,4,4001,4,40001,True,167,False,100,0.41496186204243024,4.965119119267911,0.07666710354222986,0.0630645555819561,0.15153034039642196,0.21399849973489815,0.9776187838611131,0.017457006953209463,11,8,0.16583123951776998,2500,OLS_iid,iid,False,5
9,2,2001,6,60001,True,55,False,100,0.5546778985140032,0.5753211458213627,0.2617409259678554,0.14580578152201104,0.8602137027847703,0.7610933510927774,0.780244883936803,0.02095631481450018,11,8,0.16583123951776998,2500,OLS_iid,iid,False,5
8,7,7001,7,70001,True,300,False,100,0.512965414702488,3.394398656208068,0.06373607537894868,0.04688617909454544,0.1422830408671292,0.21543977224311772,0.9788721706209489,0.017345656710224328,11,8,0.16583123951776998,2500,OLS_iid,iid,False,5
8,5,5001,13,130001,True,396,False,100,0.5018300555357313,4.501710237935185,0.12866218941448687,0.08545709893005506,0.3592202228961315,0.25760955432726207,0.9669409397301033,0.01731677254708166,11,8,0.16583123951776998,2500,OLS_iid,iid,False,5
8,3,3001,20,200001,True,291,False,100,0.5808151268594547,5.318028427194804,0.055865769247109925,0.044349392859437516,0.11652604434287783,0.18975434231078672,0.9827209375454716,0.017651901612159845,11,8,0.16583123951776998,2500,OLS_iid,iid,False,5
9,2,2001,8,80001,True,79,False,100,0.31428447848226193,0.7159311231225729,0.0375659389423224,0.031762633457341316,0.07374238660018174,0.16039705488872383,0.987285477270804,0.021130482509319114,11,8,0.16583123951776998,2500,OLS_iid,iid,False,5
9,0,1,22,220001,True,180,False,100,0.05419481663716229,1.554405844770372,0.04808803393767673,0.03561803504554042,0.11274344105042935,0.16271819301521034,0.9867189929881839,0.02040464351893863,11,8,0.16583123951776998,2500,OLS_iid,iid,False,5
9,2,2001,14,140001,True,44,False,100,0.3656656996761909,0.6090454868972301,0.27191722386021844,0.13946306005016276,0.7943208354315805,0.8516632707146323,0.7490892052853306,0.02047614197417543,11,8,0.16583123951776998,2500,OLS_iid,iid,False,5
8,9,9001,19,190001,True,200,False,100,0.3329566634127433,2.114008898846805,0.10281944623997723,0.07416317238368429,0.24304878336581387,0.2282841734654546,0.9726071456455744,0.01738469507052227,11,8,0.16583123951776998,2500,OLS_iid,iid,False,5
9,2,2001,24,240001,True,56,False,100,0.10674022005060511,0.42872327705845237,0.018302636847890817,0.016625932624071922,0.03125226547382056,0.1268547873656784,0.9918860694853119,0.020757165246390524,11,8,0.16583123951776998,2500,OLS_iid,iid,False,5
9,1,1001,19,190001,True,142,False,100,0.004327836137313218,1.2718166899867356,0.0628316173624931,0.050296820472896145,0.1325190604634724,0.19172687724770748,0.9815572554818905,0.020810123671203436,11,8,0.16583123951776998,2500,OLS_iid,iid,False,5
9,2,2001,25,250001,True,52,False,100,0.5460526624037864,0.44987749494612217,0.2838634928359231,0.15295679529940523,0.9839367110121778,0.8527504583281231,0.7514551126711861,0.020641345278284907,11,8,0.16583123951776998,2500,OLS_iid,iid,False,5
9,0,1,4,40001,True,70,False,100,0.41496186204243024,1.9517524573020637,0.035775311631099135,0.03350886454752369,0.054839088378814724,0.15287187179338016,0.9883706503774442,0.020838261384480875,11,8,0.16583123951776998,2500,OLS_iid,iid,False,5
9,1,1001,10,100001,True,148,False,100,0.19006399455005535,1.4549324330873787,0.04987027310518831,0.038601802392641264,0.11116829876885977,0.17010364054278448,0.9855294264012004,0.02050262991544978,11,8,0.16583123951776998,2500,OLS_iid,iid,False,5
7,2,2001,8,80001,True,444,False,100,0.5886716060744396,10.33893049089238,0.07860651524479174,0.06480327456650438,0.1464112794939545,0.20191087001257835,0.9792401518636331,0.014001460668209113,11,8,0.16583123951776998,2500,OLS_iid,iid,False,5
9,3,3001,17,170001,True,17,False,100,0.17178320896016183,0.20488064782693982,0.2533512067283103,0.12973044780859527,0.6930716079416356,0.7421349669208253,0.797629314325756,0.020639265670478732,11,8,0.16583123951776998,2500,OLS_iid,iid,False,5
8,8,8001,13,130001,True,295,False,100,0.5018300555357313,3.0725458548404276,0.06193038457490089,0.05126749258691981,0.13163720390097947,0.19233084216103705,0.9821399841224072,0.01734606262287569,11,8,0.16583123951776998,2500,OLS_iid,iid,False,5
9,0,1,26,260001,True,190,False,100,0.35906845313959074,1.7045429730787873,0.042988597125593525,0.03607464253378773,0.08210872444537987,0.1689969499275057,0.9861567426021064,0.020729658185238888,11,8,0.16583123951776998,2500,OLS_iid,iid,False,5
7,5,5001,23,230001,True,190,False,100,0.49317283258034506,9.127672414295375,0.13183655463502883,0.0973946732433721,0.28423648167995613,0.24441544188585973,0.9701674697179565,0.014154219616222445,11,8,0.16583123951776998,2500,OLS_iid,iid,False,5
9,1,1001,22,220001,True,202,False,100,0.05419481663716229,1.414114696905017,0.05333077395968973,0.03884104443591732,0.12559927436469137,0.17150377505018077,0.98531045495102,0.020328142352543547,11,8,0.16583123951776998,2500,OLS_iid,iid,False,5
9,3,3001,0,1,True,23,False,100,0.08667281852210684,0.5671652271412313,0.036851478116552774,0.030234686106816257,0.08477102578388372,0.14891195801713486,0.9888216923846516,0.02056623432897002,11,8,0.16583123951776998,2500,OLS_iid,iid,False,5
8,9,9001,1,10001,True,69,False,100,0.257341852866104,2.7187199727632105,0.058681906477985775,0.043796849788495115,0.1380885656865986,0.16978405421453222,0.9855201123408369,0.01716058775477471,11,8,0.16583123951776998,2500,OLS_iid,iid,False,5
8,8,8001,25,250001,True,274,False,100,0.5460526624037864,2.894310942851007,0.07549687326973303,0.0555668250242455,0.1716327992300555,0.19993386929728815,0.9807930122590093,0.01757809835447055,11,8,0.16583123951776998,2500,OLS_iid,iid,False,5
9,1,1001,4,40001,True,192,False,100,0.41496186204243024,1.7461465941742063,0.042456555095469264,0.039081052972401754,0.060014025099293586,0.16053770759463498,0.9873582144985178,0.02090729198019807,11,8,0.16583123951776998,2500,OLS_iid,iid,False,5
8,9,9001,12,120001,True,152,False,100,0.2577249960629789,2.5219365460798144,0.10467504750641145,0.07316167539782627,0.21876126687272024,0.2299385530636129,0.9741874390039081,0.017351778314500858,11,8,0.16583123951776998,2500,OLS_iid,iid,False,5
9,3,3001,20,200001,True,54,False,100,0.5808151268594547,0.3585536330938339,0.01892253753872693,0.01718716371704001,0.03572822747376575,0.15024695935463278,0.9887180062640659,0.020507731494111822,11,8,0.16583123951776998,2500,OLS_iid,iid,False,5
8,3,3001,27,270001,True,240,False,100,0.6391249637509558,5.650565822143108,0.1017293725566361,0.07467429914141155,0.24006308697248868,0.273625402704508,0.966392419043669,0.01722087781343103,11,8,0.16583123951776998,2500,OLS_iid,iid,False,5
9,2,2001,15,150001,True,109,False,100,0.18345162561717873,0.9900713399983943,0.04184605910264127,0.03801138445607859,0.06594301136522866,0.15713298408748097,0.9876135067698532,0.02101299431779057,11,8,0.16583123951776998,2500,OLS_iid,iid,False,5
9,3,3001,6,60001,True,62,False,100,0.5546778985140032,0.65042331116274,0.26880793250657026,0.14918853149899977,0.9033760511209178,0.7802580005816209,0.7737942478812287,0.021210875951368415,11,8,0.16583123951776998,2500,OLS_iid,iid,False,5
8,9,9001,15,150001,True,255,False,100,0.6466714203305812,2.6057687047868967,0.08719204293103876,0.06521001650986082,0.19891924616324544,0.22096631355982035,0.9768793217939757,0.01738944398713412,11,8,0.16583123951776998,2500,OLS_iid,iid,False,5
8,9,9001,16,160001,True,312,False,100,0.4180566929958173,2.60070148576051,0.0728999430753958,0.050986289203684004,0.1618756054397223,0.19696590797314292,0.9807101211944804,0.01728534463842799,11,8,0.16583123951776998,2500,OLS_iid,iid,False,5
8,8,8001,29,290001,True,247,False,100,0.44632198846564003,2.8175901090726256,0.13455204990021205,0.08891789419369231,0.3158239437190673,0.29490419907230775,0.9553584086101653,0.017298842985262127,11,8,0.16583123951776998,2500,OLS_iid,iid,False,5
8,2,2001,0,1,True,264,False,100,0.5114186415974027,6.557867137249559,0.09065372659525368,0.06329607141376029,0.23470743251308984,0.2148267230966795,0.9763724652185471,0.017259852798210254,11,8,0.16583123951776998,2500,OLS_iid,iid,False,5
9,3,3001,18,180001,True,64,False,100,0.11560586870694832,0.5389795121736825,0.2582150044703914,0.1348936274644141,0.6931210629969113,0.7601456833031399,0.7890229396814097,0.020498985078861415,11,8,0.16583123951776998,2500,OLS_iid,iid,False,5
8,5,5001,16,160001,True,211,False,100,0.4180566929958173,5.061335812322795,0.07460607578981901,0.05327686624171306,0.1557280310831721,0.20314266774244805,0.9801432091471458,0.016928931005224503,11,8,0.16583123951776998,2500,OLS_iid,iid,False,5
9,1,1001,3,30001,True,237,False,100,0.38014479024550357,2.025811586994678,0.038002425975086934,0.03290155898272504,0.07321512207023685,0.1615843661393171,0.987242865805955,0.020760091104939104,11,8,0.16583123951776998,2500,OLS_iid,iid,False,5
9,3,3001,23,230001,True,17,False,100,0.02051987004675352,0.5111344549804926,0.02124251074444817,0.019416146285225585,0.038831867761119646,0.12363043855695546,0.992333452972299,0.02049414455370671,11,8,0.16583123951776998,2500,OLS_iid,iid,False,5
9,2,2001,18,180001,True,29,False,100,0.11560586870694832,1.087408205959946,0.02968760991307057,0.02424766613185324,0.06722423481063926,0.1364752374706557,0.990627932270447,0.020682780522187083,11,8,0.16583123951776998,2500,OLS_iid,iid,False,5
9,3,3001,21,210001,True,37,False,100,0.3837700796628207,0.5824313932098448,0.039928993527470626,0.03219242185185608,0.09101954866240027,0.16215846415719432,0.9872432107255158,0.02076560019451827,11,8,0.16583123951776998,2500,OLS_iid,iid,False,5
9,2,2001,1,10001,True,173,False,100,0.026637315935290562,1.5862573878839612,0.05033965928402856,0.03531046419383018,0.11549490815628465,0.16949198388589534,0.9856890181884932,0.020682553280903158,11,8,0.16583123951776998,2500,OLS_iid,iid,False,5
9,3,3001,10,100001,True,79,False,100,0.19006399455005535,0.8063891408964992,0.027147947642144,0.02379271382046757,0.04860844769405009,0.13487338163618867,0.9908627931808613,0.021040728608499065,11,8,0.16583123951776998,2500,OLS_iid,iid,False,5
9,2,2001,23,230001,True,121,False,100,0.02051987004675352,1.1038424130529165,0.03689011167513313,0.028369879743184244,0.08769471531137558,0.14611148479826136,0.9892662788924538,0.020750096794313014,11,8,0.16583123951776998,2500,OLS_iid,iid,False,5
9,3,3001,27,270001,True,51,False,100,0.1718990024637719,0.4690403859131038,0.02515210471686658,0.023831659870523256,0.0381144417519603,0.13244408996931079,0.9911586746225283,0.02048577050969663,11,8,0.16583123951776998,2500,OLS_iid,iid,False,5
9,4,4001,6,60001,True,25,False,100,0.5546778985140032,0.3790503963828087,0.03592331852236369,0.03330624471308066,0.05458991665957115,0.15712439878719314,0.9876373997903081,0.02097398679808297,11,8,0.16583123951776998,2500,OLS_iid,iid,False,5
8,5,5001,23,230001,True,127,False,100,0.4415185696235382,5.072783551178873,0.10730501669755171,0.07235961593030948,0.2498898526595769,0.2501431517952877,0.9713516518672054,0.01753989552699991,11,8,0.16583123951776998,2500,OLS_iid,iid,False,5
9,2,2001,16,160001,True,81,False,100,0.1353776122713779,1.3176022358238697,0.23862785981346196,0.12367805478934821,0.6092076246275939,0.6868450915447939,0.820863576475364,0.020768720533254088,11,8,0.16583123951776998,2500,OLS_iid,iid,False,5
9,1,1001,8,80001,True,248,False,100,0.31428447848226193,2.117455217987299,0.04164525693300797,0.034514632818511304,0.08883120901059025,0.16603743769319534,0.9864552399677933,0.020746156918441453,11,8,0.16583123951776998,2500,OLS_iid,iid,False,5
9,0,1,20,200001,True,83,False,100,0.5808151268594547,2.3433467750437558,0.03827696910218416,0.027502465608572425,0.09362565712324157,0.18987380829211425,0.9836420458828119,0.02101253588954555,11,8,0.16583123951776998,2500,OLS_iid,iid,False,5
9,2,2001,13,130001,True,104,False,100,0.33321180401821965,1.4162249132059515,0.035096717336410815,0.03291010358322949,0.04870128886256352,0.1464031303334138,0.9892443832708111,0.02045338847440875,11,8,0.16583123951776998,2500,OLS_iid,iid,False,5
8,2,2001,3,30001,True,306,False,100,0.43935679580674725,6.834040671121329,0.10234102236495213,0.06955596793623457,0.2808253285450947,0.24272438460045084,0.9732246323118409,0.017563122411454673,11,8,0.16583123951776998,2500,OLS_iid,iid,False,5
9,4,4001,7,70001,True,57,False,100,0.186904100300253,0.4587347907945514,0.02939515231922056,0.024680916262007923,0.06720623742551875,0.13784436084302587,0.9904658791815909,0.020376410497991455,11,8,0.16583123951776998,2500,OLS_iid,iid,False,5
9,3,3001,7,70001,True,117,False,100,0.186904100300253,1.047840682324022,0.033795427117543006,0.027878368684132945,0.07455268474350457,0.14462968485904232,0.9896069462433801,0.020654556636181456,11,8,0.16583123951776998,2500,OLS_iid,iid,False,5
9,2,2001,12,120001,True,176,False,100,0.1907847586830156,1.4834871157072484,0.055362903206003095,0.03853501301556412,0.12366818920957874,0.18067621213382634,0.9840208951124051,0.020246901547629946,11,8,0.16583123951776998,2500,OLS_iid,iid,False,5
8,8,8001,24,240001,True,263,False,100,0.24376382768363403,3.4646166400052607,0.06415516346200648,0.047407867927052136,0.12461416335719809,0.17395253254056287,0.9847310696635786,0.01716308872398491,11,8,0.16583123951776998,2500,OLS_iid,iid,False,5
9,0,1,0,1,True,350,False,100,0.08667281852210684,2.8497234494425356,0.0514405415583588,0.03663579924069798,0.12748211946434407,0.17414303788444896,0.984677115502125,0.020481229887216533,11,8,0.16583123951776998,2500,OLS_iid,iid,False,5
9,3,3001,22,220001,True,95,False,100,0.05419481663716229,0.8506589662283659,0.23037015625800744,0.11992411625618571,0.6278099591867119,0.6418916221124802,0.8383048024425406,0.020475488132807564,11,8,0.16583123951776998,2500,OLS_iid,iid,False,5
9,1,1001,28,280001,True,233,False,100,0.35264412982303817,1.914265270344913,0.046569477602553165,0.038581056259235164,0.10074393606368938,0.1694145710326518,0.9858468109349621,0.02053199779547711,11,8,0.16583123951776998,2500,OLS_iid,iid,False,5
8,9,9001,25,250001,True,296,False,100,0.5460526624037864,2.992041896097362,0.09230657283326658,0.06558478288696493,0.21692484761406908,0.23606998224481135,0.9753576834138853,0.017278215451301048,11,8,0.16583123951776998,2500,OLS_iid,iid,False,5
9,4,4001,12,120001,True,55,False,100,0.1907847586830156,0.4737014467827976,0.023639164771288936,0.020114800647259578,0.0498910812385721,0.1323154525548712,0.9912530354856168,0.0209124305791313,11,8,0.16583123951776998,2500,OLS_iid,iid,False,5
9,2,2001,9,90001,True,56,False,100,0.5186047481243948,1.5791264809668064,0.28928874351038175,0.15607147435959398,0.9724165852456668,0.9024921198686686,0.7263787327312801,0.020866320325899624,11,8,0.16583123951776998,2500,OLS_iid,iid,False,5
9,4,4001,10,100001,True,60,False,100,0.19006399455005535,0.5161364539526403,0.2405095738166108,0.12688266111684812,0.6937067147898415,0.6771870996006386,0.823131527669851,0.02016894043912091,11,8,0.16583123951776998,2500,OLS_iid,iid,False,5
9,3,3001,25,250001,True,86,False,100,0.5460526624037864,0.8741181110963225,0.044894893766599456,0.03712252293948801,0.08861988380041057,0.18626337482514954,0.9842570243894155,0.020868190793648118,11,8,0.16583123951776998,2500,OLS_iid,iid,False,5
9,0,1,7,70001,True,115,False,100,0.186904100300253,2.8451030179858208,0.05936214970626648,0.04069126101814309,0.13398651150148028,0.18952683995763203,0.9823677158776526,0.02069609343399988,11,8,0.16583123951776998,2500,OLS_iid,iid,False,5
9,0,1,10,100001,True,326,False,100,0.19006399455005535,2.92314928304404,0.03825574547368646,0.03157226092640747,0.08831636831146354,0.1516738572089266,0.9884859892732798,0.020360865268338905,11,8,0.16583123951776998,2500,OLS_iid,iid,False,5
9,4,4001,19,190001,True,17,False,100,0.004327836137313218,0.5666401297785342,0.2513026569809961,0.1412182205991306,0.6439304837958396,0.7295602978907656,0.8008945316335541,0.021348137689785635,11,8,0.16583123951776998,2500,OLS_iid,iid,False,5
9,4,4001,24,240001,True,56,False,100,0.10674022005060511,0.47879200614988804,0.02323715629390849,0.02035610043911112,0.04244966147001957,0.13053976704287576,0.991429293376089,0.02057990321141039,11,8,0.16583123951776998,2500,OLS_iid,iid,False,5
9,3,3001,4,40001,True,164,False,100,0.41496186204243024,1.4369538249447942,0.04161702530754697,0.038405235302777556,0.06456397562638311,0.16163148637854133,0.9872182884889604,0.020868457604597518,11,8,0.16583123951776998,2500,OLS_iid,iid,False,5
8,6,6001,28,280001,True,310,False,100,0.35264412982303817,4.811562962830067,0.09536493782271281,0.06820498683922739,0.21089796423108875,0.2162615041201712,0.9761548658703453,0.017446223959672588,11,8,0.16583123951776998,2500,OLS_iid,iid,False,5
8,8,8001,16,160001,True,143,False,100,0.4180566929958173,3.990607322193682,0.12169078789866594,0.07814571387244254,0.2638963936536442,0.2724827359579689,0.9660790763373265,0.017442311017918505,11,8,0.16583123951776998,2500,OLS_iid,iid,False,5
9,1,1001,25,250001,True,208,False,100,0.5460526624037864,2.318511717952788,0.03886202924373833,0.03410013115737058,0.06839463965431472,0.1723875899983501,0.9861103983926581,0.02043716796241743,11,8,0.16583123951776998,2500,OLS_iid,iid,False,5
9,5,5001,1,10001,True,17,False,100,0.026637315935290562,0.44243772188201547,0.2999702544639456,0.15599218932496248,0.8102898926590824,0.9905709657373296,0.7046554042513848,0.021220107834995134,11,8,0.16583123951776998,2500,OLS_iid,iid,False,5
8,5,5001,21,210001,True,312,False,100,0.6700804593823679,5.715258070733398,0.13546821640179824,0.08985310061129202,0.351075143939554,0.36473876362279994,0.9499143108369202,0.017592218212285498,11,8,0.16583123951776998,2500,OLS_iid,iid,False,5
9,3,3001,3,30001,True,147,False,100,0.38014479024550357,1.558754398021847,0.04474536208737934,0.03592160019220536,0.09988564624754928,0.16932212879481945,0.9861123197109206,0.020780414527495312,11,8,0.16583123951776998,2500,OLS_iid,iid,False,5
9,5,5001,13,130001,True,29,False,100,0.33321180401821965,0.3251512008719146,0.030505874317520342,0.026416595545043383,0.050722710510121866,0.14250932232542135,0.9897941203265352,0.02101935373311065,11,8,0.16583123951776998,2500,OLS_iid,iid,False,5
9,5,5001,17,170001,True,17,False,100,0.17178320896016183,0.17168071400374174,0.29837285430994775,0.15555127728453177,0.8493764580171336,0.9807647920815928,0.7076974089649345,0.02067872757307386,11,8,0.16583123951776998,2500,OLS_iid,iid,False,5
9,4,4001,22,220001,True,81,False,100,0.05419481663716229,0.7053379691205919,0.03844427175150432,0.03050794234178035,0.09357591861689947,0.14637914520298143,0.9892470488401781,0.02071913610747588,11,8,0.16583123951776998,2500,OLS_iid,iid,False,5
9,4,4001,5,50001,True,71,False,100,0.47761220854332603,1.0250342129729688,0.04518368596993724,0.03648489340881634,0.0951429776837016,0.18107983575828684,0.9848428655939483,0.02115821243023208,11,8,0.16583123951776998,2500,OLS_iid,iid,False,5
9,0,1,27,270001,True,293,False,100,0.1718990024637719,2.915175972972065,0.04693618692206784,0.03741222638981689,0.09895725414550988,0.16245875892766629,0.986905154353473,0.020797629167854124,11,8,0.16583123951776998,2500,OLS_iid,iid,False,5
9,1,1001,18,180001,True,303,False,100,0.11560586870694832,2.6287494520656765,0.050877899265866625,0.0366964804871457,0.13140976168021265,0.1663664842330599,0.9859243539568987,0.020548163901468967,11,8,0.16583123951776998,2500,OLS_iid,iid,False,5
9,5,5001,7,70001,True,38,False,100,0.186904100300253,0.5098626441322267,0.03131576253617879,0.02721611932641266,0.05669282808115554,0.1405599929475263,0.9901484038535117,0.02120021629525521,11,8,0.16583123951776998,2500,OLS_iid,iid,False,5
8,1,1001,23,230001,True,341,False,100,0.4415185696235382,7.574780619703233,0.08108163514076434,0.055452036160558445,0.19196486982946925,0.20239304516188503,0.9803407869864277,0.017290041856256613,11,8,0.16583123951776998,2500,OLS_iid,iid,False,5
9,5,5001,19,190001,True,21,False,100,0.004327836137313218,0.28281830390915275,0.03518785200811912,0.03182006192215853,0.05862500574886401,0.14774243812816773,0.9889970518060516,0.020261948090738932,11,8,0.16583123951776998,2500,OLS_iid,iid,False,5
9,2,2001,19,190001,True,48,False,100,0.004327836137313218,1.967050562147051,0.03566214055966064,0.031553461294471875,0.06219001093525138,0.14867042046689533,0.9888399319106378,0.02061811515159584,11,8,0.16583123951776998,2500,OLS_iid,iid,False,5
9,5,5001,12,120001,True,56,False,100,0.1907847586830156,0.5656112069264054,0.03147048825500388,0.025317789412516813,0.07560062572575438,0.14120052265837266,0.9901107911001853,0.020626053462918,11,8,0.16583123951776998,2500,OLS_iid,iid,False,5
9,5,5001,10,100001,True,52,False,100,0.19006399455005535,0.6121111181564629,0.02680789531530463,0.023967044339243234,0.04424843098124942,0.13609831748530665,0.9906871768806378,0.020885238595461892,11,8,0.16583123951776998,2500,OLS_iid,iid,False,5
8,2,2001,19,190001,True,363,False,100,0.3329566634127433,7.346642627380788,0.09255057291050048,0.07484526258493115,0.16989175939868476,0.22202847032229198,0.976441891620298,0.017105234208896036,11,8,0.16583123951776998,2500,OLS_iid,iid,False,5
9,4,4001,23,230001,True,118,False,100,0.02051987004675352,0.9363802042789757,0.03451104273062211,0.027836440788994235,0.07889743814460767,0.1421405403801461,0.9898281540177458,0.02044330472724019,11,8,0.16583123951776998,2500,OLS_iid,iid,False,5
9,0,1,12,120001,True,381,False,100,0.1907847586830156,3.364766180049628,0.039298445918627196,0.029823442490832262,0.08922614798789376,0.15219615474779713,0.9885498077335877,0.0204862382634904,11,8,0.16583123951776998,2500,OLS_iid,iid,False,5
9,3,3001,19,190001,True,201,False,100,0.004327836137313218,1.608316009864211,0.06783585869033529,0.05286124180654575,0.1481091013371512,0.19923226214850592,0.9801134479638134,0.020576534536500476,11,8,0.16583123951776998,2500,OLS_iid,iid,False,5
9,1,1001,11,110001,True,327,False,100,0.13925413013264568,2.982847072649747,0.04814563498706794,0.04080512973750652,0.09427022084332769,0.16022635851464512,0.9871712977022387,0.02048592022886677,11,8,0.16583123951776998,2500,OLS_iid,iid,False,5
9,2,2001,27,270001,True,233,False,100,0.1718990024637719,2.041179641149938,0.04787548596180232,0.037239360662832836,0.10527649350882991,0.1653415485556788,0.986409361757457,0.02139199701776849,11,8,0.16583123951776998,2500,OLS_iid,iid,False,5
9,5,5001,6,60001,True,67,False,100,0.5546778985140032,0.8233768260106444,0.05315170341960579,0.045908990811670554,0.10379441187797975,0.2019380811614523,0.9815724638244008,0.02052271994336766,11,8,0.16583123951776998,2500,OLS_iid,iid,False,5
9,4,4001,29,290001,True,27,False,100,0.44632198846564003,0.9412042638286948,0.03351864442655789,0.030230342895705233,0.06669110338338216,0.1582669825004978,0.9877040462029594,0.02046511095248159,11,8,0.16583123951776998,2500,OLS_iid,iid,False,5
9,2,2001,20,200001,True,100,False,100,0.5808151268594547,2.2042021290399134,0.034627241078649465,0.02611837419827206,0.08323206290076543,0.17753805572515752,0.9854363028176883,0.02121754890210538,11,8,0.16583123951776998,2500,OLS_iid,iid,False,5
9,5,5001,28,280001,True,37,False,100,0.35264412982303817,0.38446928188204765,0.28775643268204026,0.15573635265473537,0.8950303445056745,0.8973840959761974,0.7340701506345843,0.020655975828700032,11,8,0.16583123951776998,2500,OLS_iid,iid,False,5
9,0,1,13,130001,True,402,False,100,0.33321180401821965,3.5248712957836688,0.03655185386714245,0.03379462983380515,0.05313159613153013,0.1493440529074729,0.988887929404814,0.02104765411726611,11,8,0.16583123951776998,2500,OLS_iid,iid,False,5
9,0,1,24,240001,True,362,False,100,0.10674022005060511,3.296633342746645,0.0476650490730934,0.0338462456313794,0.10868638260421232,0.16164981661167674,0.9868815465437448,0.020307691624297745,11,8,0.16583123951776998,2500,OLS_iid,iid,False,5
9,5,5001,2,20001,True,64,False,100,0.10678744564580443,0.9337551300413907,0.03442664502418816,0.029430777735170454,0.0563225981987816,0.14196962115806522,0.9898950066444699,0.02092722358004528,11,8,0.16583123951776998,2500,OLS_iid,iid,False,5
9,5,5001,18,180001,True,74,False,100,0.11560586870694832,0.6260709422640502,0.034143973686611095,0.026178748465092935,0.08777296895705756,0.14043264761814245,0.9900181326760384,0.020698878301361093,11,8,0.16583123951776998,2500,OLS_iid,iid,False,5
9,3,3001,29,290001,True,191,False,100,0.44632198846564003,1.592561798170209,0.044585297994223526,0.03639645633787865,0.09745058252205852,0.17758915521983934,0.9850701759379792,0.020504200155726373,11,8,0.16583123951776998,2500,OLS_iid,iid,False,5
9,3,3001,1,10001,True,255,False,100,0.026637315935290562,2.1596196149475873,0.049635818857451344,0.0338856379728145,0.11495252416634852,0.17130058025650569,0.9852947047893981,0.02076934556561747,11,8,0.16583123951776998,2500,OLS_iid,iid,False,5
9,1,1001,13,130001,True,129,False,100,0.33321180401821965,3.134052404202521,0.03589427056543294,0.03308722167364805,0.05050150672234915,0.14987539003234404,0.9888543601253137,0.020384245289367685,11,8,0.16583123951776998,2500,OLS_iid,iid,False,5
9,3,3001,14,140001,True,237,False,100,0.3656656996761909,1.8956187758594751,0.041739532938450584,0.030497774158650546,0.09790412324713689,0.16768985694208743,0.9863385326067491,0.020718743471767085,11,8,0.16583123951776998,2500,OLS_iid,iid,False,5
9,6,6001,6,60001,True,25,False,100,0.5546778985140032,0.3153581409715116,0.29929459711087564,0.16857989798280434,1.046816771352892,0.9674077580819441,0.7025364051908825,0.02033738824579487,11,8,0.16583123951776998,2500,OLS_iid,iid,False,5
9,6,6001,0,1,True,43,False,100,0.08667281852210684,0.45625059586018324,0.28492304873434965,0.15221644586895747,0.7915726222130444,0.889682421980485,0.743352795028833,0.02094005833821386,11,8,0.16583123951776998,2500,OLS_iid,iid,False,5
8,4,4001,27,270001,True,277,False,100,0.6391249637509558,6.639711387921125,0.11991431108328619,0.079878256026763,0.3089485086199685,0.2744021145800228,0.9622597143319402,0.0173584425148062,11,8,0.16583123951776998,2500,OLS_iid,iid,False,5
7,5,5001,4,40001,True,283,False,100,0.41496186204243024,11.033425907138735,0.1623266537357986,0.11208449443711514,0.42353293523025065,0.28758142619624405,0.9600985760101292,0.013802757110572935,11,8,0.16583123951776998,2500,OLS_iid,iid,False,5
8,4,4001,3,30001,True,229,False,100,0.43935679580674725,7.016301719006151,0.10205242255051727,0.0727506039357634,0.2191131229375812,0.2471806456731004,0.9722481270687032,0.017272951665185877,11,8,0.16583123951776998,2500,OLS_iid,iid,False,5
9,5,5001,9,90001,True,116,False,100,0.5186047481243948,0.9900707909837365,0.03944187501138636,0.034432645824928505,0.08482586958485466,0.1707302430584014,0.9860594889920751,0.020852648341075978,11,8,0.16583123951776998,2500,OLS_iid,iid,False,5
9,4,4001,15,150001,True,157,False,100,0.18345162561717873,1.400380381848663,0.051253987274846556,0.0428550365608158,0.09614336965466318,0.17208364382158528,0.9852939225921018,0.02102808946097175,11,8,0.16583123951776998,2500,OLS_iid,iid,False,5
9,6,6001,11,110001,True,32,False,100,0.13925413013264568,0.2956632040441036,0.29713692332929814,0.16201227581402056,0.8346312917331129,0.9683782375081135,0.7142988548171445,0.02095791352567193,11,8,0.16583123951776998,2500,OLS_iid,iid,False,5
9,2,2001,17,170001,True,100,False,100,0.17178320896016183,2.456813809927553,0.03227271481910876,0.026256798598109657,0.06382118750436289,0.14161638067178822,0.9899950028725956,0.020805242590334522,11,8,0.16583123951776998,2500,OLS_iid,iid,False,5
8,5,5001,12,120001,True,283,False,100,0.2577249960629789,6.520777177065611,0.0746786588917573,0.05600967879345545,0.15696482719027868,0.19533000325404215,0.9811826498288713,0.016900690248980093,11,8,0.16583123951776998,2500,OLS_iid,iid,False,5
8,3,3001,25,250001,True,375,False,100,0.5460526624037864,7.293940024916083,0.07854388479863916,0.05784348922670906,0.15300937838823878,0.2034343333855976,0.980787071937074,0.01740331964719001,11,8,0.16583123951776998,2500,OLS_iid,iid,False,5
8,7,7001,29,290001,True,179,False,100,0.44632198846564003,5.1247803079895675,0.07470192018401792,0.06022490726765039,0.1602818850715277,0.20118909096503243,0.9805988788858137,0.01753665567237684,11,8,0.16583123951776998,2500,OLS_iid,iid,False,5
8,4,4001,8,80001,True,214,False,100,0.31428447848226193,7.0306619089096785,0.109475600360628,0.0780807746657044,0.22508362975947893,0.2401706518366656,0.9719379870976116,0.017356884051629475,11,8,0.16583123951776998,2500,OLS_iid,iid,False,5
9,3,3001,28,280001,True,226,False,100,0.35264412982303817,1.888005133252591,0.040437657879771646,0.03418858248197591,0.08296508105363372,0.1600287691590957,0.987288298824089,0.02040769460113479,11,8,0.16583123951776998,2500,OLS_iid,iid,False,5
9,6,6001,2,20001,True,61,False,100,0.10678744564580443,0.6553454990498722,0.03327766276784441,0.02915020520375855,0.05410257219416859,0.1417905828399877,0.9898955131688739,0.020628846990221928,11,8,0.16583123951776998,2500,OLS_iid,iid,False,5
9,1,1001,1,10001,True,192,False,100,0.026637315935290562,3.617094563320279,0.044702346910156385,0.03286080001033285,0.10650797844758064,0.15989779741543397,0.987119114566951,0.02046301096523152,11,8,0.16583123951776998,2500,OLS_iid,iid,False,5
7,6,6001,28,280001,True,294,False,100,0.35264412982303817,10.459461962338537,0.10441953397141861,0.08346025931033728,0.2183653427339253,0.22286244456609333,0.9748240527146119,0.01425406936666671,11,8,0.16583123951776998,2500,OLS_iid,iid,False,5
9,5,5001,0,1,True,33,False,100,0.08667281852210684,1.3919747341424227,0.046970785916002546,0.03623067197464553,0.10011067473132695,0.16443256734168527,0.9864578333869056,0.020985487652854715,11,8,0.16583123951776998,2500,OLS_iid,iid,False,5
8,4,4001,9,90001,True,313,False,100,0.5186047481243948,7.227635886985809,0.10571988589780373,0.07554707111412245,0.22341203508349305,0.24361743805855998,0.9730328762270336,0.017428092190663318,11,8,0.16583123951776998,2500,OLS_iid,iid,False,5
9,6,6001,17,170001,True,43,False,100,0.17178320896016183,0.44044067384675145,0.020941261574109252,0.01853659629549572,0.03806863261537109,0.1264309984116679,0.9919979156694498,0.020762742350194992,11,8,0.16583123951776998,2500,OLS_iid,iid,False,5
9,1,1001,12,120001,True,263,False,100,0.1907847586830156,3.5088070947676897,0.03392747440354061,0.027334387821922865,0.07890651043146704,0.14458975035845673,0.9896441152561444,0.020483334378224728,11,8,0.16583123951776998,2500,OLS_iid,iid,False,5
9,4,4001,4,40001,True,202,False,100,0.41496186204243024,1.9350711610168219,0.04456450848635158,0.040244828419619766,0.07245159387684866,0.16842460178056606,0.9862460997620183,0.020750659902836095,11,8,0.16583123951776998,2500,OLS_iid,iid,False,5
9,6,6001,27,270001,True,26,False,100,0.1718990024637719,0.40558539098128676,0.028873322013491836,0.02688411490707109,0.04960881292143124,0.13501463322535143,0.9908576472682702,0.02072138051821983,11,8,0.16583123951776998,2500,OLS_iid,iid,False,5
9,5,5001,29,290001,True,81,False,100,0.44632198846564003,0.8976948340423405,0.2687964750934307,0.14274650514947607,0.8455189780066358,0.8063440306964083,0.7656012609970345,0.020238413504351162,11,8,0.16583123951776998,2500,OLS_iid,iid,False,5
9,0,1,16,160001,True,245,False,100,0.1353776122713779,4.000717739574611,0.047133492361313756,0.03525627851633425,0.1131041689897082,0.15968746224728114,0.9873151634633981,0.02055332677568985,11,8,0.16583123951776998,2500,OLS_iid,iid,False,5
9,6,6001,20,200001,True,58,False,100,0.5808151268594547,0.5743261529132724,0.027420362607372777,0.022761321305121273,0.05834389042713193,0.1671345134775864,0.9867912913836443,0.021110298044433436,11,8,0.16583123951776998,2500,OLS_iid,iid,False,5
9,6,6001,26,260001,True,52,False,100,0.35906845313959074,0.5419744737446308,0.030012331573079653,0.027341718391079208,0.05071891471144893,0.1508006391832578,0.9885900351231176,0.021060554528499306,11,8,0.16583123951776998,2500,OLS_iid,iid,False,5
9,5,5001,11,110001,True,51,False,100,0.13925413013264568,1.4797267587855458,0.03233455240333445,0.030408016121648205,0.05484848350479691,0.14059936450881177,0.990105042935383,0.02046225678700824,11,8,0.16583123951776998,2500,OLS_iid,iid,False,5
9,5,5001,23,230001,True,54,False,100,0.02051987004675352,1.1324879960156977,0.03478114508708384,0.02804669718791598,0.07037574052762642,0.1400291632181957,0.9901757613053962,0.02146831583017625,11,8,0.16583123951776998,2500,OLS_iid,iid,False,5
9,6,6001,24,240001,True,66,False,100,0.10674022005060511,0.5938395019620657,0.052525268517246426,0.035536852606080936,0.11700596923995957,0.1706063372588721,0.9854831304726492,0.020650267611375995,11,8,0.16583123951776998,2500,OLS_iid,iid,False,5
9,7,7001,1,10001,True,69,False,100,0.026637315935290562,0.507816705852747,0.039999701230807636,0.02929868427385742,0.09106019867586557,0.15370300253363856,0.9881237559920641,0.02113548397770104,11,8,0.16583123951776998,2500,OLS_iid,iid,False,5
9,4,4001,9,90001,True,207,False,100,0.5186047481243948,2.064320988021791,0.05044761363584471,0.040078649533408284,0.12093297016743479,0.1953114941768588,0.9824685246922307,0.021152834075742824,11,8,0.16583123951776998,2500,OLS_iid,iid,False,5
9,5,5001,24,240001,True,135,False,100,0.10674022005060511,1.166018098127097,0.03307377919315694,0.02608180487080282,0.08331917135652181,0.14093182523338382,0.9900312630034316,0.02085659729097324,11,8,0.16583123951776998,2500,OLS_iid,iid,False,5
9,6,6001,7,70001,True,100,False,100,0.186904100300253,0.9234118042513728,0.035110174018032035,0.028431864817504347,0.07963689029861339,0.1486188217523367,0.9890376721145174,0.02054793116889018,11,8,0.16583123951776998,2500,OLS_iid,iid,False,5
9,0,1,6,60001,True,272,False,100,0.5546778985140032,4.306627138983458,0.058827130782269796,0.048305234057765455,0.1308222713187106,0.21522638150055934,0.9794864645078432,0.020956933125145544,11,8,0.16583123951776998,2500,OLS_iid,iid,False,5
8,2,2001,2,20001,True,288,False,100,0.8223389972643678,8.513825847301632,0.108902445877682,0.07571771828105671,0.23564261121478053,0.27423288315438255,0.9643821637752273,0.01725605963001871,11,8,0.16583123951776998,2500,OLS_iid,iid,False,5
9,7,7001,7,70001,True,17,False,100,0.186904100300253,0.47097213426604867,0.25233882609845126,0.1305409203724714,0.7345984882382294,0.7261111240007783,0.8058628128662044,0.020718100908037194,11,8,0.16583123951776998,2500,OLS_iid,iid,False,5
9,7,7001,8,80001,True,39,False,100,0.31428447848226193,0.3772870460525155,0.025061525077263648,0.02350127775291834,0.041275595492667495,0.14040683887939176,0.990134262529166,0.020673272569532334,11,8,0.16583123951776998,2500,OLS_iid,iid,False,5
9,5,5001,4,40001,True,184,False,100,0.41496186204243024,1.6515758209861815,0.052016051146557885,0.04383892055579683,0.1124142836776951,0.18263236405985386,0.9839698454390817,0.02052254747233797,11,8,0.16583123951776998,2500,OLS_iid,iid,False,5
9,5,5001,15,150001,True,68,False,100,0.18345162561717873,1.3811880010180175,0.29561937388153303,0.16311106919756566,0.8729865263131104,0.9500784823330504,0.7203292530388393,0.020758394047242813,11,8,0.16583123951776998,2500,OLS_iid,iid,False,5
8,6,6001,16,160001,True,271,False,100,0.4180566929958173,6.413391094189137,0.07922525723748881,0.053908825054564284,0.1757581744382697,0.2021753711267548,0.9798028310018488,0.017119854817890363,11,8,0.16583123951776998,2500,OLS_iid,iid,False,5
9,4,4001,20,200001,True,198,False,100,0.5808151268594547,1.9496158203110099,0.026533640188833384,0.022690873343149412,0.05631761357908279,0.16436447617832128,0.9869828917321999,0.02085663848623841,11,8,0.16583123951776998,2500,OLS_iid,iid,False,5
8,9,9001,0,1,True,324,False,100,0.5114186415974027,4.9812952489592135,0.10683001070478122,0.07399157655827492,0.2768124087149106,0.226316235208982,0.9749625508940762,0.017194592420388122,11,8,0.16583123951776998,2500,OLS_iid,iid,False,5
8,2,2001,23,230001,True,358,False,100,0.4415185696235382,8.349612588062882,0.06910802219917156,0.052500929902621,0.1571612610324418,0.18939076897052956,0.9823617854563947,0.017495016485688866,11,8,0.16583123951776998,2500,OLS_iid,iid,False,5
9,5,5001,14,140001,True,105,False,100,0.3656656996761909,1.6549174007959664,0.0468026713740772,0.03278808217529015,0.10492530490365623,0.18215549173194173,0.9841707831644284,0.020795992580940826,11,8,0.16583123951776998,2500,OLS_iid,iid,False,5
9,3,3001,24,240001,True,119,False,100,0.10674022005060511,2.606438660994172,0.043046409645755374,0.030439136158750303,0.11518714289051779,0.15378429057354998,0.9881224369919519,0.02073163622875999,11,8,0.16583123951776998,2500,OLS_iid,iid,False,5
9,6,6001,3,30001,True,147,False,100,0.38014479024550357,1.2396189710125327,0.034548986339205626,0.030352350967661593,0.0627835098656098,0.15341166756325333,0.9883596578406328,0.020331453903987926,11,8,0.16583123951776998,2500,OLS_iid,iid,False,5
9,6,6001,19,190001,True,21,False,100,0.004327836137313218,0.9279737663455307,0.265189465013449,0.14809860376624592,0.6833723954578811,0.7894195532419102,0.7792313975759739,0.020846528132009354,11,8,0.16583123951776998,2500,OLS_iid,iid,False,5
9,6,6001,5,50001,True,146,False,100,0.47761220854332603,1.2089193309657276,0.06413013634374523,0.045821978054487095,0.1512087433937895,0.22188438296617574,0.9782740767626701,0.020878017758412862,11,8,0.16583123951776998,2500,OLS_iid,iid,False,5
9,1,1001,9,90001,True,440,False,100,0.5186047481243948,4.1126683643087745,0.04697886632663699,0.03809020727248608,0.11397809622409888,0.18687563912380467,0.9836744143580901,0.020820702812278404,11,8,0.16583123951776998,2500,OLS_iid,iid,False,5
9,7,7001,13,130001,True,61,False,100,0.33321180401821965,0.5624967259354889,0.2527004567204037,0.13894148680823903,0.7224091963884124,0.7447327213441217,0.7937235883323523,0.021213361440706627,11,8,0.16583123951776998,2500,OLS_iid,iid,False,5
9,5,5001,26,260001,True,132,False,100,0.35906845313959074,1.4232521690428257,0.05237096546522651,0.04093956589760583,0.11158060334236088,0.18574627086997464,0.9835738844855377,0.020527365080967048,11,8,0.16583123951776998,2500,OLS_iid,iid,False,5
9,5,5001,27,270001,True,157,False,100,0.1718990024637719,1.4318069769069552,0.04661078607843758,0.037956126799452594,0.09846418986570375,0.15890334144844534,0.9874009382329654,0.020613034095524112,11,8,0.16583123951776998,2500,OLS_iid,iid,False,5
9,0,1,11,110001,True,480,False,100,0.13925413013264568,4.558404756244272,0.05178041526811815,0.04284796750160921,0.10844594488518393,0.1690221390588511,0.9857655464717773,0.020291884069686506,11,8,0.16583123951776998,2500,OLS_iid,iid,False,5
9,6,6001,4,40001,True,53,False,100,0.41496186204243024,1.3228599331341684,0.03644560333258211,0.03389782919460161,0.05429470160313359,0.15292875109000897,0.9883734533846883,0.02078167646586315,11,8,0.16583123951776998,2500,OLS_iid,iid,False,5
9,1,1001,16,160001,True,333,False,100,0.1353776122713779,4.05905884783715,0.06344923290253282,0.04163718455548416,0.15093484066566162,0.1927887052583766,0.9815655908586622,0.020451227833232468,11,8,0.16583123951776998,2500,OLS_iid,iid,False,5
9,4,4001,1,10001,True,284,False,100,0.026637315935290562,2.5718455463647842,0.043890893009964446,0.03280043412219677,0.10028448672279544,0.15818111432704635,0.9873767498256827,0.02090131349799154,11,8,0.16583123951776998,2500,OLS_iid,iid,False,5
9,3,3001,5,50001,True,367,False,100,0.47761220854332603,3.0632445528171957,0.0565008216566754,0.04253718615113425,0.12491761691861998,0.20612602195033275,0.9809658933781462,0.020496788702971065,11,8,0.16583123951776998,2500,OLS_iid,iid,False,5
9,3,3001,2,20001,True,352,False,100,0.10678744564580443,3.091267079114914,0.05459262027888814,0.04004554390842681,0.12985234464867806,0.17319277828768467,0.984982729384152,0.020410466320871255,11,8,0.16583123951776998,2500,OLS_iid,iid,False,5
9,5,5001,3,30001,True,225,False,100,0.38014479024550357,1.9816422509029508,0.042653371173348296,0.03532975586446099,0.08933250933882478,0.1668117890298515,0.9865007684777587,0.02047648038610916,11,8,0.16583123951776998,2500,OLS_iid,iid,False,5
9,6,6001,13,130001,True,120,False,100,0.33321180401821965,1.1382555598393083,0.03649926794959871,0.03392480230809716,0.05356889071883096,0.15068782717553253,0.9887054766779078,0.02078487305236457,11,8,0.16583123951776998,2500,OLS_iid,iid,False,5
9,5,5001,22,220001,True,70,False,100,0.05419481663716229,1.6159846824593842,0.025313469995611407,0.021919581403467822,0.04193323326992319,0.13193446235966275,0.9912538130449844,0.020646647520970403,11,8,0.16583123951776998,2500,OLS_iid,iid,False,5
9,4,4001,3,30001,True,77,False,100,0.38014479024550357,2.5714939278550446,0.25239387559430937,0.1339425240936409,0.738066911194919,0.746107795653886,0.7924934959501582,0.020351004623053844,11,8,0.16583123951776998,2500,OLS_iid,iid,False,5
9,8,8001,3,30001,True,43,False,100,0.38014479024550357,0.36283267568796873,0.0265981689190396,0.024272882969425435,0.042845372983356826,0.14307395902083736,0.9897335661885371,0.02091728293820326,11,8,0.16583123951776998,2500,OLS_iid,iid,False,5
9,7,7001,22,220001,True,53,False,100,0.05419481663716229,0.495896739885211,0.2914106075501699,0.15487756265063762,0.789331298353644,0.9354948363359716,0.7248808002865885,0.021185077683498896,11,8,0.16583123951776998,2500,OLS_iid,iid,False,5
8,0,1,0,1,True,324,False,100,0.5114186415974027,9.780547788832337,0.07051422357295409,0.050375093806490544,0.17879475108268728,0.20091762589001064,0.9809940044209352,0.017154656491154094,11,8,0.16583123951776998,2500,OLS_iid,iid,False,5
9,8,8001,17,170001,True,17,False,100,0.17178320896016183,0.1730418549850583,0.2963696464257359,0.15409853344329816,0.8856233129412863,0.9616831694367383,0.7209114332656591,0.02065595518426268,11,8,0.16583123951776998,2500,OLS_iid,iid,False,5
9,6,6001,10,100001,True,166,False,100,0.19006399455005535,1.3598029338754714,0.06037970578333763,0.04311182423838229,0.14242684745424217,0.1890294430090581,0.9822488353135375,0.02089752654926048,11,8,0.16583123951776998,2500,OLS_iid,iid,False,5
9,8,8001,11,110001,True,20,False,100,0.13925413013264568,0.2591946399770677,0.03120208113385467,0.028988962300989872,0.049200607017737506,0.13900751958010443,0.9902882964205211,0.020646998683257055,11,8,0.16583123951776998,2500,OLS_iid,iid,False,5
8,9,9001,23,230001,True,223,False,100,0.4415185696235382,5.072004686109722,0.1093241149446808,0.0740786820330876,0.2669534411673896,0.26257351256667266,0.9692620783592664,0.0178022796219562,11,8,0.16583123951776998,2500,OLS_iid,iid,False,5
9,8,8001,0,1,True,49,False,100,0.08667281852210684,0.5243805232457817,0.03366726362262381,0.028684998128133223,0.06338615683939225,0.14516883677266862,0.9894212183688511,0.020552660630941803,11,8,0.16583123951776998,2500,OLS_iid,iid,False,5
9,7,7001,26,260001,True,58,False,100,0.35906845313959074,0.5469098626635969,0.028836792005406092,0.02634652913265608,0.04491883497507181,0.1453880772783031,0.9894239871070489,0.021053287030043624,11,8,0.16583123951776998,2500,OLS_iid,iid,False,5
9,7,7001,18,180001,True,75,False,100,0.11560586870694832,0.6954212808050215,0.03786617132569955,0.029363273720426394,0.095375338965432,0.14547407195063683,0.9893337964480622,0.02061197281671011,11,8,0.16583123951776998,2500,OLS_iid,iid,False,5
9,6,6001,21,210001,True,118,False,100,0.3837700796628207,1.185505926143378,0.054814682111328256,0.040296209023670204,0.1182868456414585,0.1912350303651498,0.9827619594858421,0.020757064743554883,11,8,0.16583123951776998,2500,OLS_iid,iid,False,5
9,8,8001,14,140001,True,17,False,100,0.3656656996761909,0.23744560638442636,0.2820577893072654,0.1469714786595553,0.9039810858326395,0.8636936729760967,0.7510610184605224,0.020772782782382326,11,8,0.16583123951776998,2500,OLS_iid,iid,False,5
9,1,1001,2,20001,True,361,False,100,0.10678744564580443,4.475151062943041,0.03707723955839883,0.031331953021906285,0.06180257965930664,0.14454202894088605,0.9895256525838985,0.020479106518726444,11,8,0.16583123951776998,2500,OLS_iid,iid,False,5
9,8,8001,6,60001,True,40,False,100,0.5546778985140032,0.4867908861488104,0.035376662464617306,0.03294117847463805,0.050832054402388326,0.16223513337816003,0.9868993116436722,0.020674567729826288,11,8,0.16583123951776998,2500,OLS_iid,iid,False,5
7,4,4001,7,70001,True,265,False,100,0.512965414702488,12.599768788088113,0.14824685761913553,0.10413182767402113,0.3184704586772959,0.2780400489897321,0.9622163836242738,0.013865499475363703,11,8,0.16583123951776998,2500,OLS_iid,iid,False,5
9,8,8001,8,80001,True,29,False,100,0.31428447848226193,0.4940846208482981,0.2803112213932703,0.1491296925899186,0.8289212746636316,0.8711824926748881,0.7424376091145481,0.020548604104403848,11,8,0.16583123951776998,2500,OLS_iid,iid,False,5
9,4,4001,21,210001,True,265,False,100,0.3837700796628207,2.4588449667207897,0.06026344104981356,0.042039781466110544,0.14213520817504216,0.20092620642324638,0.9811549428716821,0.02038202672434931,11,8,0.16583123951776998,2500,OLS_iid,iid,False,5
9,1,1001,0,1,True,218,False,100,0.08667281852210684,4.597284064628184,0.043750167448865236,0.033433501425473494,0.0977069036584144,0.16156445848864182,0.9869237431727198,0.020597263395235477,11,8,0.16583123951776998,2500,OLS_iid,iid,False,5
9,7,7001,20,200001,True,68,False,100,0.5808151268594547,0.7602509381249547,0.02422264621037824,0.020385460016296285,0.05397814657522094,0.16049335399814146,0.9875543395580736,0.02126243643887808,11,8,0.16583123951776998,2500,OLS_iid,iid,False,5
9,8,8001,4,40001,True,69,False,100,0.41496186204243024,0.624120444059372,0.043722257991045156,0.03900718558319011,0.08015494182250349,0.1682084830992667,0.9862034782676615,0.020875728522974514,11,8,0.16583123951776998,2500,OLS_iid,iid,False,5
9,7,7001,19,190001,True,50,False,100,0.004327836137313218,0.8155068140476942,0.04317540923833978,0.03854753723383202,0.06521299972553352,0.1614365388765714,0.986841018349331,0.020510991197584583,11,8,0.16583123951776998,2500,OLS_iid,iid,False,5
9,8,8001,15,150001,True,44,False,100,0.18345162561717873,0.4064013957977295,0.04877557377084394,0.04279259073101087,0.08969715050755067,0.1642141397707116,0.9865624015137723,0.021001906697881274,11,8,0.16583123951776998,2500,OLS_iid,iid,False,5
8,7,7001,20,200001,True,359,False,100,0.5808151268594547,6.4011688199825585,0.12606890199697443,0.07422233758606644,0.3218143502571299,0.26760011662817895,0.9622147886076259,0.017238639591460027,11,8,0.16583123951776998,2500,OLS_iid,iid,False,5
9,9,9001,5,50001,True,28,False,100,0.47761220854332603,0.25763551983982325,0.2885024928581236,0.15469965288195153,0.9525063329666971,0.9038099508702334,0.7277124809267524,0.02069003060815074,11,8,0.16583123951776998,2500,OLS_iid,iid,False,5
9,6,6001,8,80001,True,193,False,100,0.31428447848226193,1.6720704538747668,0.04361885668849629,0.03439757212296264,0.09929176299399982,0.169680491035412,0.9857969466627532,0.020800958770404394,11,8,0.16583123951776998,2500,OLS_iid,iid,False,5
9,2,2001,5,50001,True,469,False,100,0.47761220854332603,4.0868962039239705,0.06303194215423785,0.0451437418694971,0.1474909024220188,0.22255518577789593,0.977985810624169,0.02136921404928692,11,8,0.16583123951776998,2500,OLS_iid,iid,False,5
9,9,9001,8,80001,True,26,False,100,0.31428447848226193,0.2698988732881844,0.2612645682184408,0.13935350235481245,0.7577546922169509,0.7749539865740365,0.7801185989868236,0.021331724522418837,11,8,0.16583123951776998,2500,OLS_iid,iid,False,5
9,6,6001,28,280001,True,56,False,100,0.35264412982303817,1.398573842830956,0.03208925806206246,0.02890010284441451,0.04825135900992486,0.1507160800511535,0.9886813780770742,0.02075135326761348,11,8,0.16583123951776998,2500,OLS_iid,iid,False,5
9,3,3001,16,160001,True,265,False,100,0.1353776122713779,3.355487598106265,0.037361863412423466,0.030901664532877345,0.08394293456301953,0.14434848083706875,0.9895835345095292,0.020935313545210072,11,8,0.16583123951776998,2500,OLS_iid,iid,False,5
9,0,1,23,230001,True,122,False,100,0.02051987004675352,4.8921854929067194,0.03706123639694432,0.029089388212456577,0.084166521270854,0.14453231765574193,0.9895156649141448,0.02057161816982991,11,8,0.16583123951776998,2500,OLS_iid,iid,False,5
9,4,4001,25,250001,True,179,False,100,0.5460526624037864,2.617589750792831,0.045362506388548406,0.03757125979147183,0.08877649219235476,0.19059631057951454,0.9836327715141661,0.02072037549468767,11,8,0.16583123951776998,2500,OLS_iid,iid,False,5
9,4,4001,11,110001,True,341,False,100,0.13925413013264568,2.9391017840243876,0.04631640406799805,0.03925781486296712,0.08924077355422158,0.15874103232709483,0.9874097043865283,0.0209882887881131,11,8,0.16583123951776998,2500,OLS_iid,iid,False,5
9,3,3001,11,110001,True,382,False,100,0.13925413013264568,3.5108929527923465,0.045476924472657686,0.03873955953964015,0.08676449241586554,0.1579430257591597,0.9875406675865277,0.02054934809979452,11,8,0.16583123951776998,2500,OLS_iid,iid,False,5
9,9,9001,9,90001,True,39,False,100,0.5186047481243948,0.4067822126671672,0.024978360610689275,0.023515710574669158,0.03755453485636928,0.14817706762132987,0.9890064852625117,0.020849675882597875,11,8,0.16583123951776998,2500,OLS_iid,iid,False,5
9,3,3001,9,90001,True,411,False,100,0.5186047481243948,3.6024080640636384,0.04530927204822411,0.03675490552187388,0.10788848996865467,0.18399949577304237,0.9842612781988034,0.02070122526414906,11,8,0.16583123951776998,2500,OLS_iid,iid,False,5
9,0,1,25,250001,True,511,False,100,0.5460526624037864,4.977496181614697,0.04206544728879838,0.03525385526172015,0.08025546135901734,0.17850539198474835,0.9853898692156243,0.020901139533819654,11,8,0.16583123951776998,2500,OLS_iid,iid,False,5
9,5,5001,16,160001,True,111,False,100,0.1353776122713779,2.273445579223335,0.06142943026834297,0.04126017179364339,0.14502437835219797,0.18638673666931643,0.9827559457752857,0.021259088130903322,11,8,0.16583123951776998,2500,OLS_iid,iid,False,5
9,4,4001,17,170001,True,314,False,100,0.17178320896016183,2.8571194638498127,0.04545739844031039,0.033375860334563884,0.09849298970969853,0.15838465346256764,0.9875293841501745,0.020822346225932285,11,8,0.16583123951776998,2500,OLS_iid,iid,False,5
9,9,9001,13,130001,True,17,False,100,0.33321180401821965,0.37518532993271947,0.029016836416753053,0.025415705793043305,0.04858325170615337,0.1392401956293946,0.99024880012512,0.020383567840485905,11,8,0.16583123951776998,2500,OLS_iid,iid,False,5
9,8,8001,21,210001,True,71,False,100,0.3837700796628207,0.6532745719887316,0.04382326178207995,0.03481355675443716,0.09828068513220531,0.16723623227920464,0.9864797636510705,0.020834725899701,11,8,0.16583123951776998,2500,OLS_iid,iid,False,5
9,5,5001,25,250001,True,227,False,100,0.5460526624037864,2.1445340397767723,0.04100645890098566,0.03488440499768408,0.07349314115791034,0.17993111490796265,0.9851774590632348,0.020541089648524045,11,8,0.16583123951776998,2500,OLS_iid,iid,False,5
9,5,5001,21,210001,True,205,False,100,0.3837700796628207,2.279378142207861,0.05656442670852638,0.04004130390093575,0.13609102737575968,0.19580118099805371,0.9820421327599431,0.020873687283938222,11,8,0.16583123951776998,2500,OLS_iid,iid,False,5
8,6,6001,25,250001,True,471,False,100,0.5460526624037864,7.25158564792946,0.09661610021668149,0.06266139688529869,0.24780342688619536,0.25413397342342137,0.9704212447283741,0.017676319572919177,11,8,0.16583123951776998,2500,OLS_iid,iid,False,5
9,0,1,19,190001,True,396,False,100,0.004327836137313218,5.142924505285919,0.05976976492495516,0.04858938214269129,0.12349186678384134,0.1860296081874051,0.9826605024757114,0.020449685810969963,11,8,0.16583123951776998,2500,OLS_iid,iid,False,5
6,8,8001,13,130001,True,280,False,100,0.5403875914353394,14.814550621900707,0.18961268231225273,0.1439927764178528,0.39311848250827663,0.3839528197914286,0.9265567361684652,0.01092582578373115,11,8,0.16583123951776998,2500,OLS_iid,iid,False,5
9,9,9001,1,10001,True,69,False,100,0.026637315935290562,0.578053118661046,0.2743934243020807,0.14239130258423846,0.7135071823508803,0.8443175622297971,0.7587670747825301,0.020430328866393222,11,8,0.16583123951776998,2500,OLS_iid,iid,False,5
9,7,7001,0,1,True,187,False,100,0.08667281852210684,1.6477855751290917,0.048342325999539505,0.03638612541041246,0.11851264371696653,0.16669902579770757,0.9859623624201629,0.02100402096634408,11,8,0.16583123951776998,2500,OLS_iid,iid,False,5
9,8,8001,16,160001,True,85,False,100,0.1353776122713779,0.7966566220857203,0.04234111316873683,0.033560970609717064,0.08945775030473874,0.15257547254048387,0.9883729733568685,0.020530738185234463,11,8,0.16583123951776998,2500,OLS_iid,iid,False,5
10,0,1,3,30001,True,15,False,100,0.0,0.14085546508431435,0.01993082458976387,0.016330792912830364,0.04504941578088115,0.13521980611206497,0.9908186957472537,0.023874008374386836,11,8,0.16583123951776998,2500,OLS_iid,iid,False,5
10,0,1,5,50001,True,15,False,100,0.0,0.12972878385335207,0.022316544183830472,0.017690112821262587,0.04740104545043252,0.1365003599289331,0.990642798422014,0.02411326738773161,11,8,0.16583123951776998,2500,OLS_iid,iid,False,5
9,3,3001,8,80001,True,345,False,100,0.31428447848226193,3.781614901032299,0.040706128011912104,0.03312725069992239,0.08846946812307345,0.16478044012222687,0.9866675050044551,0.020977242065061002,11,8,0.16583123951776998,2500,OLS_iid,iid,False,5
9,9,9001,14,140001,True,43,False,100,0.3656656996761909,0.49634880712255836,0.019406816124694446,0.01670676692163194,0.04469944127618029,0.13745332132350743,0.9905108160813247,0.020542391375699513,11,8,0.16583123951776998,2500,OLS_iid,iid,False,5
10,0,1,8,80001,True,15,False,100,0.0,0.12839136272668839,0.018568213447343114,0.01751460737395943,0.02575322762438889,0.1317472114598023,0.9912924941873621,0.024035387888263527,11,8,0.16583123951776998,2500,OLS_iid,iid,False,5
10,0,1,1,10001,True,15,False,100,0.0,0.19333458878099918,0.01651587746280431,0.015296518658117014,0.025640033459123666,0.1356428206238891,0.9907397676997222,0.024104086578181937,11,8,0.16583123951776998,2500,OLS_iid,iid,False,5
9,8,8001,20,200001,True,89,False,100,0.5808151268594547,0.8120988761074841,0.03869670268330094,0.029034225874091102,0.09370741482182278,0.18693363811590152,0.9839802000771836,0.020739638404309348,11,8,0.16583123951776998,2500,OLS_iid,iid,False,5
9,9,9001,4,40001,True,75,False,100,0.41496186204243024,0.6519394107162952,0.03796132581476218,0.03544611149741891,0.05965019912272703,0.1528235265270013,0.9884367570570463,0.02056152382585373,11,8,0.16583123951776998,2500,OLS_iid,iid,False,5
9,7,7001,5,50001,True,61,False,100,0.47761220854332603,1.6555847669951618,0.0319977492817708,0.02886932227645002,0.05820137639156537,0.15423308172640343,0.9882962651826759,0.020660899719501868,11,8,0.16583123951776998,2500,OLS_iid,iid,False,5
10,0,1,7,70001,True,15,False,100,0.0,0.1748993438668549,0.017261405001366744,0.01578627890072136,0.03047880081002372,0.13132551480976504,0.9913481694612265,0.02383331302325673,11,8,0.16583123951776998,2500,OLS_iid,iid,False,5
10,0,1,9,90001,True,15,False,100,0.0,0.16667358484119177,0.019540917461470558,0.016783485026040844,0.036169524310525974,0.13040784933536606,0.9914671865192751,0.024057929375770674,11,8,0.16583123951776998,2500,OLS_iid,iid,False,5
10,0,1,14,140001,True,15,False,100,0.0,0.12427457794547081,0.017916659237690456,0.01404101071154964,0.04354364432510148,0.12862482078333498,0.9916961110649437,0.023991121814180043,11,8,0.16583123951776998,2500,OLS_iid,iid,False,5
9,9,9001,21,210001,True,47,False,100,0.3837700796628207,0.44416764099150896,0.29654107461873924,0.15719988027397921,0.9241119276517693,0.9685487977998364,0.7030329132392223,0.020456291576967784,11,8,0.16583123951776998,2500,OLS_iid,iid,False,5
10,0,1,10,100001,True,15,False,100,0.0,0.18564339727163315,0.021402284895040192,0.01790195373676631,0.044897490370997176,0.13756727047643177,0.9904999182100722,0.023874265602184242,11,8,0.16583123951776998,2500,OLS_iid,iid,False,5
10,0,1,17,170001,True,15,False,100,0.0,0.13410400692373514,0.011247943193622639,0.010205323041198576,0.02145023366534003,0.11526467666801597,0.9933361433132365,0.023973664529730904,11,8,0.16583123951776998,2500,OLS_iid,iid,False,5
9,6,6001,29,290001,True,84,False,100,0.44632198846564003,1.8379589738324285,0.047968451879272914,0.038649852028820514,0.1074098248923563,0.18144497276488003,0.9844170521929667,0.020729955032002464,11,8,0.16583123951776998,2500,OLS_iid,iid,False,5
10,0,1,19,190001,True,16,False,100,0.0,0.14083520602434874,0.027118756005192663,0.021165918340337063,0.05885459592130931,0.15810366962229938,0.98743117284373,0.02445846663749173,11,8,0.16583123951776998,2500,OLS_iid,iid,False,5
10,0,1,20,200001,True,15,False,100,0.0,0.12300855619832873,0.012730133432222629,0.011388412986334554,0.02109354496394188,0.12682983246064397,0.9919204338279074,0.024050219921509557,11,8,0.16583123951776998,2500,OLS_iid,iid,False,5
9,9,9001,26,260001,True,42,False,100,0.35906845313959074,0.4210097948089242,0.042630734780130415,0.03683768144329646,0.08808126788436396,0.16781813335145573,0.9862932758007259,0.020575472562221767,11,8,0.16583123951776998,2500,OLS_iid,iid,False,5
10,0,1,13,130001,True,15,False,100,0.0,0.21398958982899785,0.017162572059213562,0.014700342553013413,0.03211440294587113,0.12728655617135082,0.9918712097205573,0.024276383769512584,11,8,0.16583123951776998,2500,OLS_iid,iid,False,5
10,0,1,4,40001,True,15,False,100,0.0,0.31746264826506376,0.02155443928013301,0.016888281210794432,0.0499795962524666,0.1311069974380525,0.9913739850508286,0.024009344756207935,11,8,0.16583123951776998,2500,OLS_iid,iid,False,5
9,6,6001,1,10001,True,280,False,100,0.026637315935290562,2.3486608620733023,0.05087139711415084,0.03572514213121966,0.11947405040141448,0.1691880363990741,0.9856330702813485,0.020989794654719895,11,8,0.16583123951776998,2500,OLS_iid,iid,False,5
8,7,7001,25,250001,True,287,False,100,0.5460526624037864,6.96256104297936,0.057706078056388554,0.04642120003533512,0.124773384664094,0.17454318222651258,0.9852656426939026,0.017068911523890118,11,8,0.16583123951776998,2500,OLS_iid,iid,False,5
9,9,9001,22,220001,True,58,False,100,0.05419481663716229,0.5264370199292898,0.024415765886864716,0.022066209699812753,0.04285222653549783,0.1304053674168823,0.9914567384082523,0.02100551956496318,11,8,0.16583123951776998,2500,OLS_iid,iid,False,5
9,8,8001,22,220001,True,99,False,100,0.05419481663716229,0.9853704487904906,0.040069525657203404,0.032628647639297355,0.08081619553507306,0.14878818545175182,0.9889202305745148,0.021130838583196875,11,8,0.16583123951776998,2500,OLS_iid,iid,False,5
10,0,1,21,210001,True,15,False,100,0.0,0.18915664497762918,0.014848884974549309,0.01270859002007188,0.02800120849680963,0.11903059815695494,0.992891420236174,0.023846629174420975,11,8,0.16583123951776998,2500,OLS_iid,iid,False,5
10,0,1,23,230001,True,15,False,100,0.0,0.17954195523634553,0.014574125651870655,0.012745973741221385,0.03342359018565359,0.12973590196781223,0.9915505376813953,0.02361892804892788,11,8,0.16583123951776998,2500,OLS_iid,iid,False,5
10,0,1,27,270001,True,15,False,100,0.0,0.12534540193155408,0.011575086708625329,0.01028455028255331,0.0230444489782338,0.11716635293727347,0.9931204298773324,0.023843399078947197,11,8,0.16583123951776998,2500,OLS_iid,iid,False,5
10,0,1,16,160001,True,16,False,100,0.0,0.2441090540960431,0.018364860724315004,0.01605946754742232,0.035285219821665575,0.13600986521117395,0.9907102565636579,0.024013957362566465,11,8,0.16583123951776998,2500,OLS_iid,iid,False,5
10,0,1,28,280001,True,15,False,100,0.0,0.12286903569474816,0.02256648951409283,0.018535910327724708,0.04616229924224307,0.14002081180547926,0.9901630102130708,0.02354834761504151,11,8,0.16583123951776998,2500,OLS_iid,iid,False,5
9,5,5001,8,80001,True,333,False,100,0.31428447848226193,2.9421653049066663,0.04721964068544906,0.036258618544244677,0.11499286488644937,0.1719189253831929,0.9854959727238076,0.020767162099111995,11,8,0.16583123951776998,2500,OLS_iid,iid,False,5
9,4,4001,13,130001,True,398,False,100,0.33321180401821965,3.3817646941170096,0.057307185587233314,0.04554047941838877,0.13042962753710147,0.1866918160566871,0.9831204050543723,0.020647297951041702,11,8,0.16583123951776998,2500,OLS_iid,iid,False,5
8,4,4001,14,140001,True,337,False,100,0.3656656996761909,8.798196881078184,0.06617360356601044,0.04807100062656328,0.14154238807186953,0.18342599987631156,0.9839754323266328,0.017438686651523778,11,8,0.16583123951776998,2500,OLS_iid,iid,False,5
10,1,1001,5,50001,True,15,False,100,0.0,0.11510266503319144,0.02228953973293214,0.01841066520394785,0.04370648277789761,0.1362220048402806,0.9906765833384409,0.0236025506339141,11,8,0.16583123951776998,2500,OLS_iid,iid,False,5
9,7,7001,25,250001,True,155,False,100,0.5460526624037864,1.422505484893918,0.043480229533167616,0.036366415793439265,0.08328157607113834,0.1846694891155209,0.984509994471918,0.02077447811205105,11,8,0.16583123951776998,2500,OLS_iid,iid,False,5
8,3,3001,21,210001,True,322,False,100,0.6700804593823679,9.205572471022606,0.1464507332744562,0.09164848504814893,0.41582143868774085,0.3796072997731119,0.9450888900389748,0.017178357967465762,11,8,0.16583123951776998,2500,OLS_iid,iid,False,5
10,1,1001,2,20001,True,15,False,100,0.0,0.14000018080696464,0.014553486858528407,0.011460407063832646,0.038386062715451724,0.12778844663922323,0.9917982142423724,0.024053267571589668,11,8,0.16583123951776998,2500,OLS_iid,iid,False,5
10,0,1,29,290001,True,16,False,100,0.0,0.1658024499192834,0.022419289808335942,0.018827876429040265,0.04159011138520739,0.14270003056078556,0.9897751060550919,0.024126449088820973,11,8,0.16583123951776998,2500,OLS_iid,iid,False,5
10,0,1,0,1,True,67,False,100,0.0,0.49652392603456974,0.01976418656554078,0.01638674541595511,0.03925654880679717,0.13841085426406116,0.9903619796237746,0.023929571156212224,11,8,0.16583123951776998,2500,OLS_iid,iid,False,5
10,0,1,22,220001,True,42,False,100,0.0,0.2701041321270168,0.016313176890294503,0.014508365979406312,0.026887871115457415,0.13230204236852716,0.9911915402774416,0.023883980334776605,11,8,0.16583123951776998,2500,OLS_iid,iid,False,5
10,0,1,6,60001,True,16,False,100,0.0,0.4489573212340474,0.016292823609658818,0.014270809402434722,0.028691126720174816,0.12698122491183583,0.9918928309100266,0.024100527779240103,11,8,0.16583123951776998,2500,OLS_iid,iid,False,5
10,0,1,12,120001,True,15,False,100,0.0,0.39337960723787546,0.015864276182272614,0.013307190061387574,0.03130815193561297,0.12464248810259902,0.9922031431997971,0.023696660091812958,11,8,0.16583123951776998,2500,OLS_iid,iid,False,5
10,0,1,26,260001,True,15,False,100,0.0,0.2471485841087997,0.01858149176444723,0.016642206793321145,0.03803265129436545,0.1331346387094723,0.9911050356878794,0.024059284742490444,11,8,0.16583123951776998,2500,OLS_iid,iid,False,5
9,8,8001,26,260001,True,73,False,100,0.35906845313959074,1.0742287281900644,0.04587005133347389,0.03745904558231669,0.10171331124663162,0.17461507248489438,0.9853882917258816,0.020650406674887416,11,8,0.16583123951776998,2500,OLS_iid,iid,False,5
10,1,1001,12,120001,True,15,False,100,0.0,0.12008238397538662,0.015516563345319445,0.01272888403815799,0.032486765267250924,0.12385944384814426,0.9923002850849476,0.02434495610887077,11,8,0.16583123951776998,2500,OLS_iid,iid,False,5
10,1,1001,13,130001,True,15,False,100,0.0,0.12496266374364495,0.017481635284309367,0.015011015603116611,0.03362655198890978,0.12682731873152173,0.9919273903573675,0.023833122260716638,11,8,0.16583123951776998,2500,OLS_iid,iid,False,5
10,1,1001,0,1,True,15,False,100,0.0,0.22150479396805167,0.01935555920325344,0.016339274812943054,0.042102503599880485,0.1384166875140471,0.9903662484786085,0.024210973194295514,11,8,0.16583123951776998,2500,OLS_iid,iid,False,5
10,1,1001,7,70001,True,16,False,100,0.0,0.1857064669020474,0.017886001255035932,0.016224383312851462,0.029040766471563933,0.1333507669003409,0.9910792978810414,0.0242583145382059,11,8,0.16583123951776998,2500,OLS_iid,iid,False,5
10,1,1001,11,110001,True,15,False,100,0.0,0.17369528207927942,0.02037270000437274,0.01578693704472641,0.04766892854664388,0.13222314799147603,0.9912327983267637,0.024233324959180833,11,8,0.16583123951776998,2500,OLS_iid,iid,False,5
10,1,1001,17,170001,True,15,False,100,0.0,0.12720416020601988,0.012616931009571406,0.011679285815662438,0.01766143617549196,0.11651349129638798,0.993194252675392,0.023685927317778504,11,8,0.16583123951776998,2500,OLS_iid,iid,False,5
9,8,8001,23,230001,True,126,False,100,0.02051987004675352,1.1579841482453048,0.0461536025580433,0.03395276665639053,0.10838993223960772,0.15960224529432177,0.987234513431144,0.02055262841583096,11,8,0.16583123951776998,2500,OLS_iid,iid,False,5
9,6,6001,16,160001,True,227,False,100,0.1353776122713779,2.2455071820877492,0.04319423982058339,0.03379512855605425,0.10125127791536954,0.15213689331289232,0.9884130390663881,0.02097602130837703,11,8,0.16583123951776998,2500,OLS_iid,iid,False,5
9,4,4001,14,140001,True,255,False,100,0.3656656996761909,3.5146095198579133,0.06235006200143116,0.03973795748395224,0.14714715162553849,0.21185652378966374,0.9791683590941261,0.020741543246932993,11,8,0.16583123951776998,2500,OLS_iid,iid,False,5
10,1,1001,15,150001,True,21,False,100,0.0,0.17390664014965296,0.01579825975214266,0.013843401874882106,0.03497953866301338,0.1296775908968636,0.9915483484564084,0.023636469434696585,11,8,0.16583123951776998,2500,OLS_iid,iid,False,5
10,1,1001,1,10001,True,16,False,100,0.0,0.2836063476279378,0.01721644130370716,0.015759344522849213,0.02889170796283457,0.1376686987936239,0.9904626044912064,0.024412025751819392,11,8,0.16583123951776998,2500,OLS_iid,iid,False,5
10,0,1,2,20001,True,76,False,100,0.0,0.6031864830292761,0.013221645233231317,0.011337303461683648,0.03020075707425107,0.12547857484758487,0.9920949224496822,0.023955462647806996,11,8,0.16583123951776998,2500,OLS_iid,iid,False,5
9,3,3001,13,130001,True,338,False,100,0.33321180401821965,4.161068654153496,0.05402853502136767,0.044700244474805625,0.11685120735749367,0.17810629091741703,0.984599418209082,0.02047231609983643,11,8,0.16583123951776998,2500,OLS_iid,iid,False,5
10,0,1,11,110001,True,73,False,100,0.0,0.5108994571492076,0.020738430994802687,0.01707559730832706,0.046217520719804256,0.13434904092689717,0.9909505842091479,0.023971795854970977,11,8,0.16583123951776998,2500,OLS_iid,iid,False,5
10,1,1001,9,90001,True,15,False,100,0.0,0.25789501797407866,0.019783439534629726,0.01751979400183044,0.03264529242404938,0.1326512879004182,0.9911823590301729,0.024166250883751524,11,8,0.16583123951776998,2500,OLS_iid,iid,False,5
9,7,7001,14,140001,True,218,False,100,0.3656656996761909,1.8517602882348,0.05829276333327844,0.03788502730281009,0.139199194448368,0.2060650806940197,0.9802884424243312,0.020752731202211498,11,8,0.16583123951776998,2500,OLS_iid,iid,False,5
10,2,2001,3,30001,True,15,False,100,0.0,0.10121193109080195,0.020208863782569083,0.016301583052293064,0.046307155008685624,0.13686710550617368,0.9905932012994891,0.024055715001663154,11,8,0.16583123951776998,2500,OLS_iid,iid,False,5
10,1,1001,19,190001,True,24,False,100,0.0,0.1868892596103251,0.027370268111501055,0.02233520585275162,0.05811204281086768,0.16005584711701087,0.9871092276102995,0.02401727581887257,11,8,0.16583123951776998,2500,OLS_iid,iid,False,5
10,1,1001,25,250001,True,15,False,100,0.0,0.17784261517226696,0.02107478465310121,0.018098788510294613,0.03881026946922766,0.1344793671247345,0.9908860450376962,0.024218080637281265,11,8,0.16583123951776998,2500,OLS_iid,iid,False,5
9,6,6001,18,180001,True,243,False,100,0.11560586870694832,2.3020651610568166,0.0473646236515171,0.03496302484211453,0.11913575475456216,0.16325569341435348,0.9864725149618441,0.020712429217743532,11,8,0.16583123951776998,2500,OLS_iid,iid,False,5
10,2,2001,1,10001,True,16,False,100,0.0,0.13139984384179115,0.01679730174408827,0.015505808847649238,0.02386306679256204,0.13841245663641547,0.9903541607631433,0.024161919905691786,11,8,0.16583123951776998,2500,OLS_iid,iid,False,5
10,0,1,15,150001,True,61,False,100,0.0,0.5132482321932912,0.01609305386099743,0.013493889667666998,0.0362509924418437,0.13316935718605943,0.9910826402230563,0.02373181084902013,11,8,0.16583123951776998,2500,OLS_iid,iid,False,5
9,8,8001,29,290001,True,110,False,100,0.44632198846564003,1.1698119742795825,0.03807868506426039,0.032696954915614446,0.07874368206823919,0.168128816870049,0.9863192340911314,0.020242788879519424,11,8,0.16583123951776998,2500,OLS_iid,iid,False,5
9,7,7001,21,210001,True,191,False,100,0.3837700796628207,1.6774869011715055,0.05167060790677852,0.03873980985768162,0.11213823318185862,0.18406496727729793,0.9839193386753249,0.02086116722428757,11,8,0.16583123951776998,2500,OLS_iid,iid,False,5
10,2,2001,5,50001,True,16,False,100,0.0,0.11029543494805694,0.022065742409682662,0.01818643597172443,0.045853581241396164,0.1353677484268111,0.990795878811003,0.02418488480411159,11,8,0.16583123951776998,2500,OLS_iid,iid,False,5
10,0,1,18,180001,True,74,False,100,0.0,0.5032436638139188,0.020446560914998947,0.01567278621001851,0.04839874107067907,0.14160012089384177,0.9899170993696574,0.024208777267861706,11,8,0.16583123951776998,2500,OLS_iid,iid,False,5
10,2,2001,7,70001,True,15,False,100,0.0,0.139860101044178,0.016531333382163012,0.014801686034063516,0.030126676729326247,0.13439398884066486,0.9909525169577337,0.024027879201157565,11,8,0.16583123951776998,2500,OLS_iid,iid,False,5
10,2,2001,0,1,True,15,False,100,0.0,0.20614809915423393,0.019408633252553546,0.016300445212696277,0.03828477313753941,0.13840196903954258,0.990365376708798,0.02380205780246713,11,8,0.16583123951776998,2500,OLS_iid,iid,False,5
9,8,8001,10,100001,True,68,False,100,0.19006399455005535,1.441641584970057,0.04312480114093241,0.03465957603176156,0.10684619627091108,0.1589717718290843,0.9872910128835196,0.020739800005238555,11,8,0.16583123951776998,2500,OLS_iid,iid,False,5
10,1,1001,22,220001,True,15,False,100,0.0,0.2830444318242371,0.01647893796458227,0.014807442415797996,0.027455998692384142,0.1308656452441203,0.9913872931257082,0.023784260699806953,11,8,0.16583123951776998,2500,OLS_iid,iid,False,5
10,2,2001,11,110001,True,15,False,100,0.0,0.13697605906054378,0.022245157804364115,0.017669634907905008,0.051806685127648126,0.1334123850321113,0.9910646038746227,0.023884709348616074,11,8,0.16583123951776998,2500,OLS_iid,iid,False,5
10,1,1001,20,200001,True,15,False,100,0.0,0.2997993268072605,0.013097780873507847,0.011466019403629645,0.02353314004300526,0.12573215442556604,0.9920613594874087,0.023971408408362246,11,8,0.16583123951776998,2500,OLS_iid,iid,False,5
9,9,9001,29,290001,True,89,False,100,0.44632198846564003,0.7991256057284772,0.03756749352541505,0.03258321750313383,0.06862951502582286,0.16824540883872813,0.9864245448891165,0.020783274101107134,11,8,0.16583123951776998,2500,OLS_iid,iid,False,5
10,2,2001,13,130001,True,15,False,100,0.0,0.1343130157329142,0.017144864102196827,0.014686317943098185,0.034525588552927346,0.1264289221006759,0.9919737169313999,0.02389345173983991,11,8,0.16583123951776998,2500,OLS_iid,iid,False,5
10,2,2001,2,20001,True,15,False,100,0.0,0.230710256844759,0.014032857677980504,0.011387439099216618,0.034635454698359866,0.12993205638790273,0.991525591900734,0.024366071875118023,11,8,0.16583123951776998,2500,OLS_iid,iid,False,5
10,1,1001,4,40001,True,59,False,100,0.0,0.4297927003353834,0.020879052772123034,0.015808810292761016,0.04796664853112105,0.13268780435834374,0.9911799888132155,0.023961754426152344,11,8,0.16583123951776998,2500,OLS_iid,iid,False,5
9,9,9001,7,70001,True,114,False,100,0.186904100300253,1.1857252847403288,0.03527704909718295,0.02911998601008622,0.07845979816157117,0.1455812577133525,0.9895099350502881,0.020555068510201842,11,8,0.16583123951776998,2500,OLS_iid,iid,False,5
10,2,2001,6,60001,True,15,False,100,0.0,0.19832093780860305,0.01829292939323086,0.016317280151801603,0.03238285413568739,0.12893330573867343,0.9916403633370938,0.02383203506396758,11,8,0.16583123951776998,2500,OLS_iid,iid,False,5
10,2,2001,14,140001,True,15,False,100,0.0,0.13588048610836267,0.020493471593851842,0.016748562081868677,0.04966688426527522,0.1289469904691261,0.9916508668718311,0.024345482584472965,11,8,0.16583123951776998,2500,OLS_iid,iid,False,5
10,2,2001,16,160001,True,15,False,100,0.0,0.12722194008529186,0.019714320102769023,0.016952916018771157,0.033920604273217546,0.13356886034029344,0.9910429100174402,0.024277840613658223,11,8,0.16583123951776998,2500,OLS_iid,iid,False,5
10,1,1001,29,290001,True,15,False,100,0.0,0.24957164004445076,0.021995136967761363,0.018490588788367977,0.03887866558600566,0.1452109471438619,0.9894036969766055,0.023960000786278964,11,8,0.16583123951776998,2500,OLS_iid,iid,False,5
10,2,2001,12,120001,True,15,False,100,0.0,0.18094324599951506,0.015616915552364037,0.012662691688191141,0.032330132367457194,0.12533478987165184,0.9921194208161721,0.023800520515636112,11,8,0.16583123951776998,2500,OLS_iid,iid,False,5
10,2,2001,20,200001,True,15,False,100,0.0,0.14134901203215122,0.012410057604541712,0.010455921878894315,0.0226524755542391,0.12805001184871417,0.9917606142736164,0.023862122217449398,11,8,0.16583123951776998,2500,OLS_iid,iid,False,5
10,2,2001,21,210001,True,15,False,100,0.0,0.13813616195693612,0.015601436280550624,0.01341761235569851,0.027873450479238834,0.11923328405176398,0.9928742746201811,0.02377121667624092,11,8,0.16583123951776998,2500,OLS_iid,iid,False,5
9,7,7001,10,100001,True,162,False,100,0.19006399455005535,2.0688014402985573,0.04113906959360483,0.03327608074827849,0.09780902514714063,0.15452170301857965,0.9880301703352878,0.020573122844618406,11,8,0.16583123951776998,2500,OLS_iid,iid,False,5
10,0,1,25,250001,True,73,False,100,0.0,0.581646267324686,0.021240382577167857,0.018968405332803123,0.038433406773174084,0.13685050140888833,0.9905744141392712,0.02407432408661287,11,8,0.16583123951776998,2500,OLS_iid,iid,False,5
10,2,2001,15,150001,True,15,False,100,0.0,0.1711458070203662,0.016521983702342976,0.013901373297140762,0.03746777640582595,0.12837433721068356,0.9917163947370181,0.024240768743409337,11,8,0.16583123951776998,2500,OLS_iid,iid,False,5
10,2,2001,25,250001,True,15,False,100,0.0,0.13436481542885303,0.022171858733582975,0.018828938859174384,0.0398627224610433,0.13784115042366382,0.990447026621189,0.024261765791721665,11,8,0.16583123951776998,2500,OLS_iid,iid,False,5
9,9,9001,28,280001,True,44,False,100,0.35264412982303817,0.8936058599501848,0.28397674819206076,0.15489567254897088,0.8493107559944385,0.8925430513025737,0.7326770052460392,0.02045078258629858,11,8,0.16583123951776998,2500,OLS_iid,iid,False,5
10,0,1,24,240001,True,15,False,100,0.0,0.5960953468456864,0.014879098082618754,0.012862321442181886,0.027035029603009488,0.13157595597041935,0.9913000227058363,0.02371412965924326,11,8,0.16583123951776998,2500,OLS_iid,iid,False,5
10,2,2001,4,40001,True,15,False,100,0.0,0.25804859725758433,0.021065667619087045,0.016973691328020065,0.04520246499235217,0.13204260679361257,0.9912553129415155,0.02465640479706899,11,8,0.16583123951776998,2500,OLS_iid,iid,False,5
10,2,2001,19,190001,True,16,False,100,0.0,0.16393455117940903,0.0281256710957377,0.022150093890971067,0.05995159577082257,0.15707215527176008,0.9875982438438161,0.023810113472157356,11,8,0.16583123951776998,2500,OLS_iid,iid,False,5
10,1,1001,10,100001,True,42,False,100,0.0,0.44048211397603154,0.022049437744342447,0.019185378371776276,0.04285102177920883,0.13720832827261883,0.9905485158993037,0.02406786688724756,11,8,0.16583123951776998,2500,OLS_iid,iid,False,5
10,1,1001,28,280001,True,15,False,100,0.0,0.3167139617726207,0.022458619139771475,0.017512408616557392,0.04790296406855977,0.1400068415702455,0.9901649353198414,0.0242429544865185,11,8,0.16583123951776998,2500,OLS_iid,iid,False,5
10,1,1001,24,240001,True,47,False,100,0.0,0.39298976911231875,0.016421529584019018,0.014681441025309301,0.026213359963140018,0.13329957290184735,0.9910734352519074,0.024204909169058705,11,8,0.16583123951776998,2500,OLS_iid,iid,False,5
10,2,2001,29,290001,True,15,False,100,0.0,0.1128585790283978,0.022843227960647947,0.01935887207908745,0.04080048973375496,0.14322392820470697,0.9896906823120191,0.0242635571211281,11,8,0.16583123951776998,2500,OLS_iid,iid,False,5
9,6,6001,14,140001,True,119,False,100,0.3656656996761909,2.5685882247053087,0.035447935856543676,0.02772413453086694,0.07926308812737783,0.15832142080417644,0.9877434081233466,0.020679267780098855,11,8,0.16583123951776998,2500,OLS_iid,iid,False,5
10,1,1001,23,230001,True,55,False,100,0.0,0.42351273028180003,0.015316564014463597,0.013448518001830998,0.033726120273233594,0.12323380849175962,0.9923855774081574,0.024063660728804375,11,8,0.16583123951776998,2500,OLS_iid,iid,False,5
9,7,7001,29,290001,True,210,False,100,0.44632198846564003,1.8392482358030975,0.043031640972431805,0.03539963767703692,0.08878109932606017,0.17289606197870283,0.9855555210542956,0.0212712818564974,11,8,0.16583123951776998,2500,OLS_iid,iid,False,5
10,2,2001,23,230001,True,15,False,100,0.0,0.22243001917377114,0.015349454423073389,0.012904889464981356,0.0343740578040523,0.12334965450606583,0.9923637923837969,0.02406175584374334,11,8,0.16583123951776998,2500,OLS_iid,iid,False,5
10,3,3001,8,80001,True,15,False,100,0.0,0.12875867960974574,0.01968628978571675,0.01839080424359114,0.03208031779138136,0.13395864999694326,0.9909901993985348,0.023867223582403427,11,8,0.16583123951776998,2500,OLS_iid,iid,False,5
10,1,1001,26,260001,True,15,False,100,0.0,0.39560264302417636,0.018152002915080172,0.015285984177395557,0.03768935033305336,0.13502129627769602,0.9908447848766659,0.024240487231124548,11,8,0.16583123951776998,2500,OLS_iid,iid,False,5
10,3,3001,5,50001,True,15,False,100,0.0,0.1474460642784834,0.022906547898690618,0.01848542078621151,0.04700146865594498,0.13597385649504024,0.9907157115651807,0.02376258581631053,11,8,0.16583123951776998,2500,OLS_iid,iid,False,5
10,1,1001,27,270001,True,15,False,100,0.0,0.387093064840883,0.011225280458518195,0.010221676725628074,0.019979800124226375,0.11745304050783267,0.9930803477222596,0.02404665589433199,11,8,0.16583123951776998,2500,OLS_iid,iid,False,5
10,3,3001,7,70001,True,15,False,100,0.0,0.14518545800819993,0.018642575208796516,0.016558687302233244,0.036005614009068626,0.13213609105143814,0.991231010054418,0.023927133294975728,11,8,0.16583123951776998,2500,OLS_iid,iid,False,5
10,2,2001,17,170001,True,15,False,100,0.0,0.27747561736032367,0.011573070384497331,0.010794584903636956,0.01844361215334027,0.11648020665205525,0.9931943684871227,0.023777870269387952,11,8,0.16583123951776998,2500,OLS_iid,iid,False,5
10,3,3001,1,10001,True,17,False,100,0.0,0.16747767990455031,0.01637822013326242,0.014989290908865239,0.023279826827008396,0.1367841751274384,0.9905916811457356,0.02409295735721046,11,8,0.16583123951776998,2500,OLS_iid,iid,False,5
10,3,3001,13,130001,True,17,False,100,0.0,0.12064671097323298,0.01838488020175023,0.015596370057579956,0.035509189209273935,0.12584214855917092,0.992051438741388,0.024339207347761897,11,8,0.16583123951776998,2500,OLS_iid,iid,False,5
10,3,3001,12,120001,True,15,False,100,0.0,0.1222046404145658,0.015427768862057155,0.012775621442155214,0.032358453906630585,0.12599181443698987,0.9920295707967096,0.023979319232710454,11,8,0.16583123951776998,2500,OLS_iid,iid,False,5
10,1,1001,16,160001,True,63,False,100,0.0,0.502043520566076,0.018011450152567447,0.015974893173337997,0.03364687117694217,0.1311500899976095,0.9913775091942217,0.024002384551797484,11,8,0.16583123951776998,2500,OLS_iid,iid,False,5
10,1,1001,3,30001,True,69,False,100,0.0,0.6138776168227196,0.01999930345571084,0.01530251063491653,0.04881653088082236,0.13607452507879428,0.9907109089988549,0.023668558073998123,11,8,0.16583123951776998,2500,OLS_iid,iid,False,5
10,3,3001,20,200001,True,15,False,100,0.0,0.11763432901352644,0.01253472266046365,0.01074881214126774,0.02540259376630376,0.12537688641514677,0.9921059118927108,0.02367387927849263,11,8,0.16583123951776998,2500,OLS_iid,iid,False,5
10,2,2001,24,240001,True,15,False,100,0.0,0.26190461264923215,0.016110433223344867,0.01415350986783021,0.02848578167901967,0.1328895386769707,0.9911285649762732,0.023997402243697848,11,8,0.16583123951776998,2500,OLS_iid,iid,False,5
10,3,3001,21,210001,True,15,False,100,0.0,0.12240005983039737,0.01533820156090832,0.013421330212970732,0.025828244122034164,0.12218424075887348,0.9925050586853243,0.02363244410836807,11,8,0.16583123951776998,2500,OLS_iid,iid,False,5
10,1,1001,14,140001,True,76,False,100,0.0,0.5426426990889013,0.017399860455234104,0.013970582094504481,0.04329831339243759,0.1294596651455203,0.9915839933287004,0.024434421458805197,11,8,0.16583123951776998,2500,OLS_iid,iid,False,5
10,3,3001,16,160001,True,15,False,100,0.0,0.1360634439624846,0.017812198212697437,0.01570364271106508,0.03343133744485957,0.13118354385710826,0.9913928613941365,0.02425610751952817,11,8,0.16583123951776998,2500,OLS_iid,iid,False,5
10,2,2001,18,180001,True,15,False,100,0.0,0.30187084525823593,0.021383548380664672,0.016387533940786177,0.04983413700140439,0.13867197925067878,0.990331402239193,0.02359574293903313,11,8,0.16583123951776998,2500,OLS_iid,iid,False,5
10,1,1001,6,60001,True,15,False,100,0.0,0.6264865179546177,0.017394104012056984,0.014921077781369911,0.03356624456653066,0.12763911154958757,0.9918262178333576,0.024342003980537527,11,8,0.16583123951776998,2500,OLS_iid,iid,False,5
10,3,3001,14,140001,True,22,False,100,0.0,0.16525703435763717,0.019049261732407344,0.014671667816860938,0.049878482501247844,0.13064296323169994,0.9914285261409631,0.024059687139009692,11,8,0.16583123951776998,2500,OLS_iid,iid,False,5
10,2,2001,22,220001,True,15,False,100,0.0,0.31045095110312104,0.017138506001638548,0.015300481430910628,0.025518368587222715,0.13009896424396764,0.9914958972040278,0.02396811180698577,11,8,0.16583123951776998,2500,OLS_iid,iid,False,5
10,3,3001,0,1,True,14,False,100,0.0,0.22708932915702462,0.01952246177870387,0.01649563763717527,0.043443560127647454,0.1369321772845632,0.990578122569552,0.02365204651019755,11,8,0.16583123951776998,2500,OLS_iid,iid,False,5
10,2,2001,26,260001,True,16,False,100,0.0,0.26569987926632166,0.017737586602617757,0.01526198850162201,0.03642502593994346,0.13612881851791075,0.9906969569919448,0.02445624826320177,11,8,0.16583123951776998,2500,OLS_iid,iid,False,5
10,3,3001,24,240001,True,16,False,100,0.0,0.12922643776983023,0.014721071911673857,0.013130539882787928,0.024085135314184446,0.13141516024301614,0.9913248648741725,0.02424388696502931,11,8,0.16583123951776998,2500,OLS_iid,iid,False,5
10,3,3001,26,260001,True,15,False,100,0.0,0.12107458803802729,0.018152636241786844,0.015740101392379996,0.036628122302873135,0.13598812004106672,0.990713114950369,0.02389012270405657,11,8,0.16583123951776998,2500,OLS_iid,iid,False,5
10,3,3001,11,110001,True,15,False,100,0.0,0.20321657694876194,0.02048234371756999,0.016960908732328524,0.04544367437642343,0.13405376002443553,0.9909834526853759,0.02377750172818776,11,8,0.16583123951776998,2500,OLS_iid,iid,False,5
10,2,2001,10,100001,True,15,False,100,0.0,0.40179140539839864,0.022499465015666482,0.018802729676080113,0.04639088775307419,0.13688617813029685,0.9905800057361354,0.023979878159426943,11,8,0.16583123951776998,2500,OLS_iid,iid,False,5
10,3,3001,25,250001,True,15,False,100,0.0,0.14959127129986882,0.021644771768001506,0.018759656767064606,0.03988356087877037,0.1377936025389126,0.9904258061089937,0.024348577060107124,11,8,0.16583123951776998,2500,OLS_iid,iid,False,5
9,4,4001,28,280001,True,442,False,100,0.35264412982303817,3.680701878387481,0.03923113284228796,0.03359015510602841,0.07858857453730868,0.1610949406300739,0.987233403035249,0.020368257708569593,11,8,0.16583123951776998,2500,OLS_iid,iid,False,5
9,7,7001,12,120001,True,248,False,100,0.1907847586830156,2.2481734161265194,0.049881444588801664,0.03560870573336349,0.1081465523047452,0.1684429966780515,0.9860074068314826,0.020443621930789503,11,8,0.16583123951776998,2500,OLS_iid,iid,False,5
10,3,3001,29,290001,True,16,False,100,0.0,0.12747270800173283,0.021620759232081378,0.018171485076151475,0.0380180899605717,0.14353645025329115,0.9896478156550077,0.02457724097879152,11,8,0.16583123951776998,2500,OLS_iid,iid,False,5
10,4,4001,2,20001,True,14,False,100,0.0,0.10784251987934113,0.014583960077172813,0.011319421890488124,0.03893573918974077,0.1275103995728477,0.9918248472306782,0.023899153869721464,11,8,0.16583123951776998,2500,OLS_iid,iid,False,5
10,4,4001,4,40001,True,15,False,100,0.0,0.12723561935126781,0.02107700249055861,0.01657939602071203,0.04748890167505685,0.1322345504751773,0.9912179250675067,0.02412573109898555,11,8,0.16583123951776998,2500,OLS_iid,iid,False,5
10,4,4001,7,70001,True,15,False,100,0.0,0.1259009880013764,0.0173284863756228,0.015191314740815066,0.03035805751010913,0.13224315696142408,0.9912168336448873,0.02378918991152779,11,8,0.16583123951776998,2500,OLS_iid,iid,False,5
10,2,2001,8,80001,True,15,False,100,0.0,0.46131090400740504,0.019263101446740042,0.01799298260223728,0.02801227271756419,0.13186211955327715,0.9912700103052892,0.024329148869846016,11,8,0.16583123951776998,2500,OLS_iid,iid,False,5
10,3,3001,3,30001,True,15,False,100,0.0,0.2941619730554521,0.02008701681347544,0.016115935872792145,0.047956686286142976,0.13605143839755893,0.9907013919386475,0.023757882441885356,11,8,0.16583123951776998,2500,OLS_iid,iid,False,5
10,3,3001,4,40001,True,15,False,100,0.0,0.30351472506299615,0.0214875361208675,0.01753912042108765,0.04818390596020421,0.13370569625661335,0.9910225531230876,0.023917312406216827,11,8,0.16583123951776998,2500,OLS_iid,iid,False,5
10,4,4001,8,80001,True,15,False,100,0.0,0.1401287387125194,0.018287412097885408,0.017482688242667247,0.02413349538350229,0.13374328323607784,0.9910199031813055,0.024351793809360943,11,8,0.16583123951776998,2500,OLS_iid,iid,False,5
9,8,8001,12,120001,True,140,False,100,0.1907847586830156,1.7791438489221036,0.04695825012649,0.03443689697970693,0.10156523972812903,0.16512649378436606,0.9865748742431892,0.02045012212103959,11,8,0.16583123951776998,2500,OLS_iid,iid,False,5
10,3,3001,9,90001,True,15,False,100,0.0,0.30347032519057393,0.01849633060135619,0.016401429087328775,0.03344771726125185,0.13356290548542282,0.9910422134105952,0.024478387153879125,11,8,0.16583123951776998,2500,OLS_iid,iid,False,5
10,3,3001,6,60001,True,16,False,100,0.0,0.31650089379400015,0.017208975288769746,0.014947881010009162,0.029669596847730916,0.1287955880057348,0.9916719785998753,0.023823553248484786,11,8,0.16583123951776998,2500,OLS_iid,iid,False,5
10,4,4001,10,100001,True,15,False,100,0.0,0.15270499093458056,0.02132289786546787,0.01788218737059138,0.042580491909545354,0.13735269842301928,0.990515914381992,0.024195785640491095,11,8,0.16583123951776998,2500,OLS_iid,iid,False,5
10,4,4001,14,140001,True,17,False,100,0.0,0.13968693185597658,0.019247760291650425,0.01532646480106676,0.0481733589819122,0.12822551528038068,0.9917475013967548,0.023705200192666982,11,8,0.16583123951776998,2500,OLS_iid,iid,False,5
10,4,4001,18,180001,True,15,False,100,0.0,0.11808703700080514,0.02214655049274857,0.016451527831478074,0.053396872641731534,0.13743466981012714,0.9905131635978585,0.024464948032670554,11,8,0.16583123951776998,2500,OLS_iid,iid,False,5
10,3,3001,17,170001,True,15,False,100,0.0,0.29227950470522046,0.011818185035986317,0.011213979955178994,0.017653473307169543,0.11727506175102617,0.993114840066793,0.02410872981820103,11,8,0.16583123951776998,2500,OLS_iid,iid,False,5
10,4,4001,20,200001,True,15,False,100,0.0,0.13814892107620835,0.012918204663389119,0.011568729539039674,0.02116785795710603,0.1300926528760265,0.991500306810071,0.023683826354599445,11,8,0.16583123951776998,2500,OLS_iid,iid,False,5
9,8,8001,24,240001,True,188,False,100,0.10674022005060511,1.706427010241896,0.04449141959062424,0.03202846353141093,0.1001266929655611,0.15823722908234153,0.9874199231961567,0.020929832314387706,11,8,0.16583123951776998,2500,OLS_iid,iid,False,5
10,2,2001,9,90001,True,70,False,100,0.0,0.538929542992264,0.018100381944445753,0.016098060949833768,0.029205264232291014,0.12865701351203798,0.9916923899889828,0.02397774916521333,11,8,0.16583123951776998,2500,OLS_iid,iid,False,5
10,4,4001,5,50001,True,15,False,100,0.0,0.2112295781262219,0.022607432593515046,0.018334726567562448,0.045538970539151694,0.13570537686544748,0.9907585529682795,0.02405894091987093,11,8,0.16583123951776998,2500,OLS_iid,iid,False,5
10,4,4001,0,1,True,29,False,100,0.0,0.23798556067049503,0.019519236800873908,0.01628958070560127,0.041927668146680065,0.13742293179469,0.9905031494798938,0.024168148754796847,11,8,0.16583123951776998,2500,OLS_iid,iid,False,5
10,4,4001,24,240001,True,16,False,100,0.0,0.13221707893535495,0.01635653222744022,0.014316889658950692,0.027072382959214027,0.13166160265572577,0.9912905218616566,0.02402669904662326,11,8,0.16583123951776998,2500,OLS_iid,iid,False,5
10,3,3001,23,230001,True,15,False,100,0.0,0.3102344027720392,0.014883350188785045,0.012533042072242428,0.0355325266717434,0.12539378139662127,0.9921126294473378,0.024301113530839805,11,8,0.16583123951776998,2500,OLS_iid,iid,False,5
10,4,4001,27,270001,True,15,False,100,0.0,0.13828188087791204,0.010506104425162744,0.009580820266873484,0.02003422926691837,0.1189178577915633,0.9929036075024786,0.024443965594727553,11,8,0.16583123951776998,2500,OLS_iid,iid,False,5
10,4,4001,6,60001,True,15,False,100,0.0,0.24317577900364995,0.017785425689657575,0.015641660095884417,0.030667358658202096,0.129399866103927,0.9915831231099944,0.024376729090841754,11,8,0.16583123951776998,2500,OLS_iid,iid,False,5
10,4,4001,26,260001,True,16,False,100,0.0,0.15665143681690097,0.018633455153066504,0.016274724114685276,0.037125606224771006,0.1327522621753573,0.9911515227069595,0.02449212811669255,11,8,0.16583123951776998,2500,OLS_iid,iid,False,5
10,5,5001,0,1,True,21,False,100,0.0,0.1569188446737826,0.01999294250805559,0.016686568177410602,0.04239752959966335,0.1369490224198662,0.9905660325813398,0.023743919115793967,11,8,0.16583123951776998,2500,OLS_iid,iid,False,5
10,4,4001,12,120001,True,15,False,100,0.0,0.24600233230739832,0.01636091700382792,0.013636802074992023,0.03285505210583259,0.12446063831878272,0.9922331684305632,0.02474893590065625,11,8,0.16583123951776998,2500,OLS_iid,iid,False,5
10,5,5001,2,20001,True,17,False,100,0.0,0.1407733648084104,0.014436163306307532,0.011170805803577342,0.03617658194076811,0.13017495556818987,0.9914837214189616,0.023758353340220636,11,8,0.16583123951776998,2500,OLS_iid,iid,False,5
10,5,5001,6,60001,True,15,False,100,0.0,0.12992720305919647,0.017308350824340964,0.015456356236026463,0.030950476421489632,0.12976353656363873,0.9915391990890956,0.024204945443136193,11,8,0.16583123951776998,2500,OLS_iid,iid,False,5
10,3,3001,28,280001,True,15,False,100,0.0,0.31251213885843754,0.021545615753563462,0.017289187754538835,0.04308692269574314,0.13999120008763205,0.9901608205349711,0.02422478626521088,11,8,0.16583123951776998,2500,OLS_iid,iid,False,5
10,1,1001,18,180001,True,75,False,100,0.0,0.7700789673253894,0.020420247451859126,0.015830706540957064,0.04623346287701766,0.1400931998130329,0.9901329194312888,0.024333797148260995,11,8,0.16583123951776998,2500,OLS_iid,iid,False,5
10,5,5001,9,90001,True,15,False,100,0.0,0.12724544014781713,0.019199518458417525,0.016794491922020125,0.03369516521604311,0.13348099301105984,0.9910624159352383,0.024456013413086085,11,8,0.16583123951776998,2500,OLS_iid,iid,False,5
10,5,5001,11,110001,True,15,False,100,0.0,0.12351012323051691,0.021789021678349223,0.017447011768483907,0.048019145758192015,0.1343590010771003,0.9909462461843549,0.024079755249448196,11,8,0.16583123951776998,2500,OLS_iid,iid,False,5
10,4,4001,19,190001,True,15,False,100,0.0,0.24309202004224062,0.026299865764873163,0.020117739915308876,0.06208498000216571,0.1563253269891296,0.9877084118110483,0.024089896544420415,11,8,0.16583123951776998,2500,OLS_iid,iid,False,5
10,3,3001,19,190001,True,20,False,100,0.0,0.4087154413573444,0.027097629771277616,0.021310420149591357,0.05834505801895672,0.15850772155183476,0.987355024945086,0.024033992801604658,11,8,0.16583123951776998,2500,OLS_iid,iid,False,5
10,4,4001,9,90001,True,15,False,100,0.0,0.3000999363139272,0.019246533172410363,0.01668688069316667,0.03485182361210246,0.1325830827355566,0.9911767750572649,0.023950769452380394,11,8,0.16583123951776998,2500,OLS_iid,iid,False,5
10,5,5001,1,10001,True,23,False,100,0.0,0.19078710488975048,0.017460043442933205,0.015744559301603615,0.02990084313307414,0.13988355299926425,0.9901678477732418,0.023738963841805794,11,8,0.16583123951776998,2500,OLS_iid,iid,False,5
10,3,3001,2,20001,True,69,False,100,0.0,0.48219124507158995,0.014047793336183683,0.011500695426297043,0.03476182163070869,0.12704818302294452,0.9918832858311925,0.02391445240531158,11,8,0.16583123951776998,2500,OLS_iid,iid,False,5
10,5,5001,15,150001,True,14,False,100,0.0,0.11666600639000535,0.017058782687974918,0.014211640674163415,0.03871127676036906,0.12931133819039167,0.9915983089796196,0.023891432266571287,11,8,0.16583123951776998,2500,OLS_iid,iid,False,5
10,4,4001,22,220001,True,15,False,100,0.0,0.25395230296999216,0.01486382437427284,0.013229165656867275,0.024668657691222846,0.13122290022183739,0.9913855027240454,0.024393355884691024,11,8,0.16583123951776998,2500,OLS_iid,iid,False,5
9,6,6001,22,220001,True,321,False,100,0.05419481663716229,2.83487216103822,0.05763646207155734,0.041244071555066306,0.13612599059822844,0.17968382994797236,0.9838310993212942,0.020762192032554555,11,8,0.16583123951776998,2500,OLS_iid,iid,False,5
10,5,5001,4,40001,True,15,False,100,0.0,0.18870208784937859,0.020849549338023774,0.0163678037974684,0.045745704575759535,0.1330523860017952,0.9911096779352371,0.024120427531301482,11,8,0.16583123951776998,2500,OLS_iid,iid,False,5
10,5,5001,17,170001,True,15,False,100,0.0,0.11148915812373161,0.012338442686995235,0.011284316274072722,0.022476610949144476,0.11946530963631265,0.9928466988982396,0.02394387659936746,11,8,0.16583123951776998,2500,OLS_iid,iid,False,5
10,5,5001,16,160001,True,18,False,100,0.0,0.1441824547946453,0.019395746677424552,0.01675223944228172,0.03547990741726933,0.1324536364549846,0.991202214472649,0.023842678678291648,11,8,0.16583123951776998,2500,OLS_iid,iid,False,5
10,3,3001,22,220001,True,62,False,100,0.0,0.4507204811088741,0.01732858820966984,0.01496004367216897,0.03017517813413594,0.1332518388147957,0.991087301764649,0.02376019440075842,11,8,0.16583123951776998,2500,OLS_iid,iid,False,5
9,7,7001,16,160001,True,255,False,100,0.1353776122713779,2.459150216076523,0.056381017043698654,0.039290530588467716,0.13001546124948715,0.18031821195616043,0.9838470734888927,0.020389503435082793,11,8,0.16583123951776998,2500,OLS_iid,iid,False,5
10,5,5001,27,270001,True,15,False,100,0.0,0.10129683976992965,0.011121625405920325,0.009999214610997053,0.020234897289376313,0.12009442651973662,0.9927613270988743,0.024387359605122755,11,8,0.16583123951776998,2500,OLS_iid,iid,False,5
10,4,4001,3,30001,True,15,False,100,0.0,0.38466248102486134,0.0190931577458442,0.01536442977069551,0.04499495117717645,0.13754531474442994,0.9905279837108425,0.02383363484344667,11,8,0.16583123951776998,2500,OLS_iid,iid,False,5
10,5,5001,23,230001,True,15,False,100,0.0,0.13443271489813924,0.015057462981230426,0.013210009662780901,0.032677439304067996,0.12585707975099966,0.9920519460293505,0.02397414307781531,11,8,0.16583123951776998,2500,OLS_iid,iid,False,5
10,5,5001,26,260001,True,15,False,100,0.0,0.11366274394094944,0.018781837657304654,0.016436094779309105,0.036851125611028365,0.13587775833461627,0.9907294140133961,0.02380766073486912,11,8,0.16583123951776998,2500,OLS_iid,iid,False,5
10,5,5001,19,190001,True,14,False,100,0.0,0.171144207008183,0.02725065063624378,0.0209389266461989,0.06153334883696375,0.15744621902052064,0.987524395754981,0.023797438319991142,11,8,0.16583123951776998,2500,OLS_iid,iid,False,5
8,9,9001,13,130001,True,246,False,100,0.5018300555357313,6.96207761624828,0.14127069094868025,0.09354354044469342,0.3672777976782445,0.28379208136630313,0.9599584652620891,0.017437590291906384,11,8,0.16583123951776998,2500,OLS_iid,iid,False,5
10,5,5001,18,180001,True,15,False,100,0.0,0.18883827701210976,0.020485656785497217,0.015239893837345532,0.050422172879161314,0.1374606515740868,0.990517831727586,0.023902790061027832,11,8,0.16583123951776998,2500,OLS_iid,iid,False,5
9,7,7001,27,270001,True,248,False,100,0.1718990024637719,2.2966020652092993,0.04367387432640776,0.03563330995535412,0.09024624709978277,0.15654673119745943,0.987828182135032,0.020433807291407657,11,8,0.16583123951776998,2500,OLS_iid,iid,False,5
10,4,4001,29,290001,True,16,False,100,0.0,0.2993702501989901,0.02130003865381021,0.01781964611301691,0.03785207605731962,0.14428617647815212,0.9895473685206904,0.023995201441009136,11,8,0.16583123951776998,2500,OLS_iid,iid,False,5
10,6,6001,7,70001,True,15,False,100,0.0,0.11792547814548016,0.018427994625366782,0.015871131521842847,0.03276537832048814,0.13252676299826188,0.9911827413630414,0.024563627193591748,11,8,0.16583123951776998,2500,OLS_iid,iid,False,5
10,6,6001,3,30001,True,15,False,100,0.0,0.13430611602962017,0.020725471170124552,0.016493880560345692,0.04920202773046163,0.13536718625000174,0.9907953369902402,0.023621397990055863,11,8,0.16583123951776998,2500,OLS_iid,iid,False,5
8,2,2001,5,50001,True,349,False,100,0.47761220854332603,10.807186681777239,0.1152344170713284,0.07710681057654543,0.2928665776002797,0.23936715382983356,0.9724744652835673,0.017316419542274083,11,8,0.16583123951776998,2500,OLS_iid,iid,False,5
10,5,5001,10,100001,True,15,False,100,0.0,0.2933219778351486,0.021213545784874617,0.018083078892884435,0.04471478809073898,0.13951930803992724,0.9902260839378538,0.023780835153989772,11,8,0.16583123951776998,2500,OLS_iid,iid,False,5
10,2,2001,28,280001,True,15,False,100,0.0,0.6560179451480508,0.021484237708483088,0.017273400933450863,0.045371881856974224,0.13969284504751076,0.9902011286768876,0.024193545471910157,11,8,0.16583123951776998,2500,OLS_iid,iid,False,5
10,6,6001,9,90001,True,15,False,100,0.0,0.1512413709424436,0.01995009982962022,0.017418958096049864,0.032963092414716,0.13010934492150195,0.9915022433492495,0.02386290079729095,11,8,0.16583123951776998,2500,OLS_iid,iid,False,5
10,6,6001,4,40001,True,15,False,100,0.0,0.16637814696878195,0.020331564357102004,0.015721341658955057,0.04789288817121776,0.1321400885663289,0.991258249042398,0.02414125061423545,11,8,0.16583123951776998,2500,OLS_iid,iid,False,5
10,4,4001,23,230001,True,15,False,100,0.0,0.4127999562770128,0.015341517045001874,0.013284805313736669,0.034770256129886504,0.12524686471312463,0.9921528788204874,0.024407811584365082,11,8,0.16583123951776998,2500,OLS_iid,iid,False,5
10,5,5001,12,120001,True,15,False,100,0.0,0.32606589514762163,0.016509223113000154,0.012890741683841701,0.03550130962217416,0.12599866052588996,0.9920317037624137,0.02415189501709029,11,8,0.16583123951776998,2500,OLS_iid,iid,False,5
10,6,6001,5,50001,True,17,False,100,0.0,0.17976616276428103,0.02234301315144767,0.01850893807630327,0.04724739053094108,0.1354334584899114,0.9907893738713561,0.02382752928916018,11,8,0.16583123951776998,2500,OLS_iid,iid,False,5
10,6,6001,1,10001,True,15,False,100,0.0,0.20989792700856924,0.01902715643067966,0.017422919787309414,0.02969580624826898,0.1365927845769592,0.9906177915930962,0.02411330268343297,11,8,0.16583123951776998,2500,OLS_iid,iid,False,5
10,6,6001,0,1,True,18,False,100,0.0,0.20426565082743764,0.019965004409463877,0.016203193967893253,0.04532671847632708,0.136197321042033,0.9906714543239241,0.02400880572157482,11,8,0.16583123951776998,2500,OLS_iid,iid,False,5
10,5,5001,21,210001,True,22,False,100,0.0,0.2916128789074719,0.014174775949620336,0.01198433326256001,0.027714207635573723,0.11861852966234188,0.992938632996208,0.02406313982863787,11,8,0.16583123951776998,2500,OLS_iid,iid,False,5
9,4,4001,16,160001,True,310,False,100,0.1353776122713779,4.319859018083662,0.04739606012791203,0.03491027215839307,0.11684332881874854,0.1574485137376423,0.9876257564321727,0.020647193997519974,11,8,0.16583123951776998,2500,OLS_iid,iid,False,5
10,6,6001,15,150001,True,15,False,100,0.0,0.11518595414236188,0.01628850595856718,0.013854466903603257,0.03655330074308989,0.1325161128313691,0.9911683484304729,0.02411803892282177,11,8,0.16583123951776998,2500,OLS_iid,iid,False,5
10,6,6001,18,180001,True,15,False,100,0.0,0.11181207560002804,0.020170249119335175,0.016076182648568894,0.046155570932649784,0.14004017411101172,0.9901523779292521,0.023965159665868374,11,8,0.16583123951776998,2500,OLS_iid,iid,False,5
10,6,6001,22,220001,True,15,False,100,0.0,0.11917027970775962,0.017629301027696106,0.015402625966686507,0.0279569695470333,0.1308878960359518,0.9913849618764131,0.02432517433673596,11,8,0.16583123951776998,2500,OLS_iid,iid,False,5
10,4,4001,15,150001,True,68,False,100,0.0,0.523124239873141,0.017498601629729806,0.014156901405428697,0.04282087156177134,0.12792658925230038,0.9917719064196338,0.02419661897149834,11,8,0.16583123951776998,2500,OLS_iid,iid,False,5
10,6,6001,13,130001,True,16,False,100,0.0,0.13477780297398567,0.01787906950786262,0.014771891125113094,0.03742001372807529,0.12735515362121777,0.9918549402580721,0.02443795002083454,11,8,0.16583123951776998,2500,OLS_iid,iid,False,5
9,0,1,3,30001,True,312,False,100,0.38014479024550357,6.794666905887425,0.032467858182352136,0.028520486212146236,0.057476659477032205,0.1528811727207922,0.9884439819967317,0.020295517689854402,11,8,0.16583123951776998,2500,OLS_iid,iid,False,5
9,9,9001,25,250001,True,75,False,100,0.5460526624037864,1.6118767480365932,0.04144861180816088,0.03494378973535283,0.0766021014108335,0.1799740448046227,0.9850800602461469,0.02043696045867274,11,8,0.16583123951776998,2500,OLS_iid,iid,False,5
10,4,4001,21,210001,True,70,False,100,0.0,0.5069106109440327,0.014140072197164053,0.012158906601752001,0.025863749351009692,0.11877278832484042,0.9929198886471736,0.02364081580628648,11,8,0.16583123951776998,2500,OLS_iid,iid,False,5
10,4,4001,17,170001,True,15,False,100,0.0,0.516086224000901,0.012691140735487988,0.011807264696728647,0.01936640182374068,0.11706918239629423,0.9931259894502031,0.024309035220031427,11,8,0.16583123951776998,2500,OLS_iid,iid,False,5
10,3,3001,18,180001,True,56,False,100,0.0,0.6872027912177145,0.019888341833920475,0.014729473352108918,0.04561555864113547,0.1412742082367345,0.9899797425309322,0.023916938264395032,11,8,0.16583123951776998,2500,OLS_iid,iid,False,5
10,4,4001,13,130001,True,82,False,100,0.0,0.5598400519229472,0.017100673571034467,0.014832060890406212,0.032069923850687056,0.12696213701388864,0.9919070206540205,0.024015370274648794,11,8,0.16583123951776998,2500,OLS_iid,iid,False,5
10,6,6001,14,140001,True,15,False,100,0.0,0.16580474004149437,0.019570968784480666,0.01589177505030204,0.047639672697905366,0.13060605680351853,0.991441557145293,0.023914405944561207,11,8,0.16583123951776998,2500,OLS_iid,iid,False,5
10,6,6001,24,240001,True,15,False,100,0.0,0.14556180592626333,0.014711624653497785,0.01316600269244947,0.025834004552612318,0.1335335929124441,0.9910402181054925,0.02445662841832305,11,8,0.16583123951776998,2500,OLS_iid,iid,False,5
10,7,7001,4,40001,True,15,False,100,0.0,0.08687001094222069,0.021521146516350828,0.017119642213395493,0.04971033624362959,0.13370566527319613,0.9910210098427474,0.023882567983930857,11,8,0.16583123951776998,2500,OLS_iid,iid,False,5
10,5,5001,25,250001,True,15,False,100,0.0,0.3374042040668428,0.022527425977031956,0.019018637360196537,0.04068457572622083,0.13450306505223528,0.9908793835459934,0.024017123255149535,11,8,0.16583123951776998,2500,OLS_iid,iid,False,5
10,7,7001,3,30001,True,15,False,100,0.0,0.10964878927916288,0.02003658979341624,0.016325615740299722,0.04561169750309814,0.13914992539209567,0.9902706369547806,0.024357196156515614,11,8,0.16583123951776998,2500,OLS_iid,iid,False,5
10,4,4001,1,10001,True,15,False,100,0.0,0.6311535104177892,0.01786953949624009,0.016423372219199914,0.0306701641969578,0.13681171797370728,0.9905773097305741,0.023888391449328965,11,8,0.16583123951776998,2500,OLS_iid,iid,False,5
10,3,3001,15,150001,True,82,False,100,0.0,0.7402394320815802,0.01593420552116342,0.013596161066273678,0.034847732170571355,0.13078193887405007,0.9914032511330959,0.024327891984701935,11,8,0.16583123951776998,2500,OLS_iid,iid,False,5
10,7,7001,7,70001,True,14,False,100,0.0,0.10496918810531497,0.01838292654799962,0.01632969317268789,0.03499227682996726,0.13184057116254297,0.9912740982734097,0.024386735309834637,11,8,0.16583123951776998,2500,OLS_iid,iid,False,5
10,5,5001,5,50001,True,63,False,100,0.0,0.5087016597390175,0.02279516019107459,0.018854444809736273,0.04503198665797877,0.13603355367478823,0.9907037706314866,0.024411516128239046,11,8,0.16583123951776998,2500,OLS_iid,iid,False,5
10,7,7001,10,100001,True,15,False,100,0.0,0.10565244313329458,0.02305833998943056,0.019225529611840445,0.04614244023241195,0.13478969213047848,0.990870400598296,0.02385388611743614,11,8,0.16583123951776998,2500,OLS_iid,iid,False,5
10,7,7001,6,60001,True,15,False,100,0.0,0.12320640403777361,0.017962358850165935,0.015933079634511123,0.028841384322933802,0.1294671168630723,0.9915697179342626,0.024491277258911974,11,8,0.16583123951776998,2500,OLS_iid,iid,False,5
10,6,6001,12,120001,True,34,False,100,0.0,0.2442969032563269,0.014510359233467596,0.011949563210655257,0.03172635323468791,0.1235185568850797,0.9923414776453401,0.024289382961796953,11,8,0.16583123951776998,2500,OLS_iid,iid,False,5
10,4,4001,25,250001,True,15,False,100,0.0,0.49924150900915265,0.02179747769600567,0.018428473578169555,0.040461211591825766,0.13543733254743673,0.9907586153339044,0.023829862325513654,11,8,0.16583123951776998,2500,OLS_iid,iid,False,5
10,5,5001,3,30001,True,15,False,100,0.0,0.5292703728191555,0.020263233878231472,0.016415676484899142,0.047268156811801555,0.14071332985941568,0.9900632829569488,0.02401460534625758,11,8,0.16583123951776998,2500,OLS_iid,iid,False,5
9,6,6001,15,150001,True,197,False,100,0.18345162561717873,3.1955425208434463,0.04448556005443072,0.039474170198675385,0.0818454627597908,0.15849542868844407,0.9874061537524943,0.020510534809350327,11,8,0.16583123951776998,2500,OLS_iid,iid,False,5
10,6,6001,21,210001,True,15,False,100,0.0,0.24286064133048058,0.014721750042482875,0.012762589234756065,0.026644291532548853,0.12038611266694234,0.9927294536054929,0.02404740267677265,11,8,0.16583123951776998,2500,OLS_iid,iid,False,5
10,7,7001,8,80001,True,15,False,100,0.0,0.1337946793064475,0.018993846764280346,0.017999671633267225,0.026602522841067573,0.13186385728331862,0.9912679341515143,0.02383373703963362,11,8,0.16583123951776998,2500,OLS_iid,iid,False,5
10,6,6001,11,110001,True,15,False,100,0.0,0.2627477077767253,0.0194464220071339,0.016318268376727577,0.043432805891466815,0.13582397711047045,0.9907459539326111,0.024056203809630947,11,8,0.16583123951776998,2500,OLS_iid,iid,False,5
10,7,7001,21,210001,True,15,False,100,0.0,0.08917733561247587,0.014643446743687803,0.012825287073504459,0.027035896889738373,0.12023106981177473,0.9927479211485886,0.024208084559631714,11,8,0.16583123951776998,2500,OLS_iid,iid,False,5
10,7,7001,18,180001,True,15,False,100,0.0,0.1133613963611424,0.021172177269523862,0.016225412530504173,0.05040925288996667,0.137867058028989,0.990460307657748,0.023660593067906764,11,8,0.16583123951776998,2500,OLS_iid,iid,False,5
10,5,5001,14,140001,True,83,False,100,0.0,0.5133211109787226,0.019264193007485556,0.015146831397150718,0.05057683846814767,0.13045963084045364,0.9914522917696145,0.02389318173796604,11,8,0.16583123951776998,2500,OLS_iid,iid,False,5
10,4,4001,11,110001,True,84,False,100,0.0,0.6998145328834653,0.02074537552592161,0.017245060627754195,0.04516001565639402,0.13583555387054694,0.9907339774259654,0.02398567448695019,11,8,0.16583123951776998,2500,OLS_iid,iid,False,5
10,7,7001,25,250001,True,15,False,100,0.0,0.0909355548210442,0.023301286563497906,0.019457400770352143,0.046064569596429655,0.13615698889592356,0.9906660543346029,0.024049800789611275,11,8,0.16583123951776998,2500,OLS_iid,iid,False,5
10,6,6001,8,80001,True,77,False,100,0.0,0.4087167610414326,0.019660056161363144,0.01864380721300789,0.025816881536431198,0.13295906299829724,0.9911262361521712,0.024043519529878786,11,8,0.16583123951776998,2500,OLS_iid,iid,False,5
10,7,7001,9,90001,True,15,False,100,0.0,0.19834605790674686,0.018864368113401458,0.016315736608325564,0.03197632076027915,0.13220003960154528,0.9912262767530994,0.024197593819389917,11,8,0.16583123951776998,2500,OLS_iid,iid,False,5
10,7,7001,26,260001,True,15,False,100,0.0,0.10976354777812958,0.017513297301626506,0.015083079497234904,0.034928228076869926,0.13367447410064,0.9910413187930045,0.024210323562221372,11,8,0.16583123951776998,2500,OLS_iid,iid,False,5
10,5,5001,29,290001,True,19,False,100,0.0,0.46660044183954597,0.022516424288392473,0.019175780802486105,0.03960632901200791,0.14300108026822478,0.9897290511842752,0.024255318855555732,11,8,0.16583123951776998,2500,OLS_iid,iid,False,5
10,6,6001,6,60001,True,39,False,100,0.0,0.4346036100760102,0.01781210917303151,0.01582020747820876,0.03244468088883442,0.1289920760387402,0.9916342615023082,0.023983603333951335,11,8,0.16583123951776998,2500,OLS_iid,iid,False,5
10,7,7001,27,270001,True,15,False,100,0.0,0.11230254266411066,0.011020277316550966,0.00968954529205301,0.02162054402161415,0.11891514809193462,0.9929051443576185,0.024104343899503302,11,8,0.16583123951776998,2500,OLS_iid,iid,False,5
10,1,1001,8,80001,True,60,False,100,0.0,1.3277822718955576,0.018768831317928582,0.017927818218689353,0.027464507015059116,0.13113003147797067,0.9913680555489015,0.024229113584770333,11,8,0.16583123951776998,2500,OLS_iid,iid,False,5
10,7,7001,12,120001,True,15,False,100,0.0,0.2142136893235147,0.014807223737115011,0.012526149277909994,0.028834637447515785,0.1281431106279251,0.99175615556434,0.02410248105936721,11,8,0.16583123951776998,2500,OLS_iid,iid,False,5
10,8,8001,7,70001,True,15,False,100,0.0,0.08510614093393087,0.017445890874189785,0.015817002891767726,0.03285317195005126,0.13346456294587225,0.9910558870161861,0.024028844884184,11,8,0.16583123951776998,2500,OLS_iid,iid,False,5
10,6,6001,25,250001,True,15,False,100,0.0,0.3318529292009771,0.021831226247213432,0.018450563444607885,0.04364094584181031,0.13700358175284136,0.9905421225645487,0.023971362350771516,11,8,0.16583123951776998,2500,OLS_iid,iid,False,5
9,7,7001,3,30001,True,103,False,100,0.38014479024550357,3.161844729911536,0.04217746761015379,0.034420075089622366,0.09629786604862964,0.16691477083409417,0.9863969135542006,0.020381305937202738,11,8,0.16583123951776998,2500,OLS_iid,iid,False,5
10,7,7001,28,280001,True,16,False,100,0.0,0.1224413588643074,0.021043104277571514,0.016732462820815027,0.043448697913789414,0.1367818856195749,0.9906109788329038,0.024091317705954476,11,8,0.16583123951776998,2500,OLS_iid,iid,False,5
10,7,7001,23,230001,True,15,False,100,0.0,0.1722322697751224,0.014957737239955292,0.012622328560429217,0.03567564510162785,0.12532809272483625,0.9921372223794843,0.023700952036486245,11,8,0.16583123951776998,2500,OLS_iid,iid,False,5
10,6,6001,29,290001,True,15,False,100,0.0,0.30989365465939045,0.021684511923902132,0.018434616177646107,0.03807319149416814,0.14431257730123276,0.9895312581681067,0.02377890331947988,11,8,0.16583123951776998,2500,OLS_iid,iid,False,5
10,7,7001,11,110001,True,15,False,100,0.0,0.25176678597927094,0.02103207556500654,0.017559977847550843,0.04556351864018561,0.1338828414640108,0.9910099522909298,0.02358962688059165,11,8,0.16583123951776998,2500,OLS_iid,iid,False,5
10,8,8001,9,90001,True,15,False,100,0.0,0.09509459882974625,0.01984142946562585,0.017532543482937663,0.03504390100985175,0.13323465944368412,0.9910878596941323,0.023954649242312446,11,8,0.16583123951776998,2500,OLS_iid,iid,False,5
10,5,5001,24,240001,True,15,False,100,0.0,0.5398083366453648,0.01602876477573475,0.013776343231801559,0.028195551406478458,0.1329176277574751,0.9911325629258202,0.02403831741108944,11,8,0.16583123951776998,2500,OLS_iid,iid,False,5
10,8,8001,11,110001,True,15,False,100,0.0,0.08777971379458904,0.02167316297987627,0.01776374315635334,0.04901686899584122,0.13186135615191164,0.9912689047960666,0.023717376623221674,11,8,0.16583123951776998,2500,OLS_iid,iid,False,5
10,5,5001,22,220001,True,66,False,100,0.0,0.5625715153291821,0.01776211655997202,0.01588136549830305,0.028659286857065227,0.12981720419306902,0.9915487363140926,0.023773299065707663,11,8,0.16583123951776998,2500,OLS_iid,iid,False,5
10,6,6001,17,170001,True,15,False,100,0.0,0.38914038287475705,0.011837772227888784,0.011166842957299321,0.01851189271964057,0.11719999006532653,0.9931159420386132,0.02419427956470584,11,8,0.16583123951776998,2500,OLS_iid,iid,False,5
10,7,7001,16,160001,True,15,False,100,0.0,0.24899763287976384,0.018393213921136277,0.01595677269617353,0.03480250957414058,0.13615458151984855,0.9907001595036007,0.024119327509850547,11,8,0.16583123951776998,2500,OLS_iid,iid,False,5
10,7,7001,19,190001,True,34,False,100,0.0,0.2394841923378408,0.027407117254154567,0.021133136034792797,0.06172558378223889,0.15909216668415224,0.9872611045291143,0.024115532995833768,11,8,0.16583123951776998,2500,OLS_iid,iid,False,5
10,7,7001,17,170001,True,18,False,100,0.0,0.25779154896736145,0.011325392478670069,0.010645157502549097,0.017775376541319724,0.11649484840139106,0.9931907809317395,0.02435303374521336,11,8,0.16583123951776998,2500,OLS_iid,iid,False,5
10,7,7001,29,290001,True,16,False,100,0.0,0.18877198733389378,0.02108855115638563,0.017715892793090833,0.03794290161337888,0.14116457749591174,0.9899879113985752,0.024421023651420258,11,8,0.16583123951776998,2500,OLS_iid,iid,False,5
10,8,8001,12,120001,True,15,False,100,0.0,0.11313015688210726,0.015751853795695766,0.013318943518616925,0.03205470426804303,0.12781606720057725,0.9917975554949927,0.024175642131793133,11,8,0.16583123951776998,2500,OLS_iid,iid,False,5
9,7,7001,28,280001,True,306,False,100,0.35264412982303817,2.7332496531307697,0.03337193386277502,0.029395185962831662,0.05441365928681916,0.1523049018851783,0.9884704580597146,0.02072594541654863,11,8,0.16583123951776998,2500,OLS_iid,iid,False,5
10,7,7001,24,240001,True,14,False,100,0.0,0.23342744959518313,0.01584081872365107,0.014215093895343905,0.025121843950731516,0.13228207444799894,0.9912061484274132,0.024278179629485898,11,8,0.16583123951776998,2500,OLS_iid,iid,False,5
10,5,5001,8,80001,True,100,False,100,0.0,0.7200160180218518,0.019293871678327707,0.01840630139950095,0.025671085446265358,0.13366571905521007,0.9910263061352709,0.024251009073770435,11,8,0.16583123951776998,2500,OLS_iid,iid,False,5
10,6,6001,16,160001,True,15,False,100,0.0,0.45924499724060297,0.018711550666345802,0.0162293742834083,0.035599427908174185,0.1309359317944728,0.9913942016233502,0.02384327804641992,11,8,0.16583123951776998,2500,OLS_iid,iid,False,5
10,8,8001,17,170001,True,15,False,100,0.0,0.12037269212305546,0.012479419371295056,0.011451913790654283,0.02442887967820223,0.11764452081293367,0.9930604395374456,0.023795018028776958,11,8,0.16583123951776998,2500,OLS_iid,iid,False,5
10,7,7001,5,50001,True,15,False,100,0.0,0.36429688706994057,0.023900349396839216,0.020016724964019607,0.04782693697154704,0.1363405967734893,0.9906670322132359,0.02414058549391183,11,8,0.16583123951776998,2500,OLS_iid,iid,False,5
9,6,6001,9,90001,True,425,False,100,0.5186047481243948,3.652843290939927,0.05561825377543046,0.042011708107498665,0.14077845568142253,0.20607398972596835,0.9806276445963531,0.02075746465546278,11,8,0.16583123951776998,2500,OLS_iid,iid,False,5
10,8,8001,27,270001,True,15,False,100,0.0,0.09764884319156408,0.011366190199103563,0.010251764222981104,0.021293063573754892,0.11820177826057075,0.9929957174530512,0.02397007051879126,11,8,0.16583123951776998,2500,OLS_iid,iid,False,5
10,8,8001,23,230001,True,15,False,100,0.0,0.12749537779018283,0.013796453588823645,0.01227774805216265,0.028547748004381233,0.1260798062758123,0.992027063812256,0.02418235194679836,11,8,0.16583123951776998,2500,OLS_iid,iid,False,5
10,8,8001,24,240001,True,16,False,100,0.0,0.13165180291980505,0.014486257662461952,0.012472735500726917,0.02581583919054177,0.13168327736201313,0.9912941057185769,0.024695408475545865,11,8,0.16583123951776998,2500,OLS_iid,iid,False,5
8,8,8001,1,10001,True,255,False,100,0.257341852866104,8.355371990706772,0.08959391757935095,0.05928384625117846,0.22504223626216457,0.2135488199293439,0.9774154553081699,0.017323927046792306,11,8,0.16583123951776998,2500,OLS_iid,iid,False,5
10,7,7001,0,1,True,65,False,100,0.0,0.4396109189838171,0.01968817679049084,0.016746704524841807,0.040964507234987735,0.13547772344259096,0.9907813441500627,0.02409203207071692,11,8,0.16583123951776998,2500,OLS_iid,iid,False,5
10,8,8001,13,130001,True,25,False,100,0.0,0.18793554324656725,0.01830150154869179,0.015880344449467173,0.03807023921957707,0.1264031668178194,0.9919764963907123,0.024431024530771537,11,8,0.16583123951776998,2500,OLS_iid,iid,False,5
10,8,8001,4,40001,True,23,False,100,0.0,0.2586948126554489,0.02081176114965927,0.016301205394105827,0.048430220828428946,0.13173196173530763,0.9912874857365305,0.024086770518177567,11,8,0.16583123951776998,2500,OLS_iid,iid,False,5
10,9,9001,7,70001,True,15,False,100,0.0,0.0986532368697226,0.018232801277734762,0.016159692051693327,0.035482386189493384,0.1321050929314512,0.9912404026558046,0.02414833791105178,11,8,0.16583123951776998,2500,OLS_iid,iid,False,5
9,7,7001,2,20001,True,356,False,100,0.10678744564580443,3.3428750657476485,0.05756552060176173,0.042416032450222324,0.13575944273620702,0.1762993678310437,0.9844346890557247,0.021193852363523703,11,8,0.16583123951776998,2500,OLS_iid,iid,False,5
10,9,9001,5,50001,True,15,False,100,0.0,0.11576048098504543,0.022364254449793085,0.018267059906061464,0.045299525728857974,0.13650499102217878,0.9906364348014345,0.0238639599147986,11,8,0.16583123951776998,2500,OLS_iid,iid,False,5
10,7,7001,2,20001,True,14,False,100,0.0,0.46924702636897564,0.014036186272876637,0.011272416141936617,0.034537828966183404,0.12615411227726436,0.9920040375735603,0.02417430770526157,11,8,0.16583123951776998,2500,OLS_iid,iid,False,5
10,7,7001,20,200001,True,16,False,100,0.0,0.39037201507017016,0.01453649908530179,0.013037260123581362,0.027211347887286824,0.12676985044950523,0.9919338175702297,0.023471315679235282,11,8,0.16583123951776998,2500,OLS_iid,iid,False,5
10,9,9001,4,40001,True,15,False,100,0.0,0.15480693755671382,0.021755561995072382,0.01674121703368349,0.05031393004357522,0.13229314345245835,0.9912158304430906,0.02378030553016843,11,8,0.16583123951776998,2500,OLS_iid,iid,False,5
9,5,5001,5,50001,True,441,False,100,0.47761220854332603,4.477906226180494,0.03854173388093356,0.03342864073238108,0.06932083514856753,0.16739436446046133,0.9865838587422516,0.02056565241741153,11,8,0.16583123951776998,2500,OLS_iid,iid,False,5
10,9,9001,11,110001,True,15,False,100,0.0,0.11060978285968304,0.020796204777439497,0.01695523275394724,0.04799669641978131,0.13729280869108607,0.9905317470766307,0.023943518269782398,11,8,0.16583123951776998,2500,OLS_iid,iid,False,5
10,8,8001,8,80001,True,15,False,100,0.0,0.3117925631813705,0.019676182240582565,0.018351615575813572,0.030593616529016168,0.13308360374062045,0.9911109268406155,0.02382040744893114,11,8,0.16583123951776998,2500,OLS_iid,iid,False,5
10,6,6001,20,200001,True,15,False,100,0.0,0.5873564518988132,0.013113926569165432,0.011271818206486994,0.024174574097320562,0.12570248136757928,0.9920663281293759,0.02358163585770992,11,8,0.16583123951776998,2500,OLS_iid,iid,False,5
9,8,8001,13,130001,True,310,False,100,0.33321180401821965,2.6377104660496116,0.05608247489401845,0.044976228126429235,0.12362548124586414,0.18362870680540982,0.9836849478865237,0.020474582425324378,11,8,0.16583123951776998,2500,OLS_iid,iid,False,5
10,9,9001,0,1,True,25,False,100,0.0,0.2109168698079884,0.019320612673760482,0.015768210202433994,0.044632028250368196,0.13657293065738907,0.9906301491441999,0.023809321463885546,11,8,0.16583123951776998,2500,OLS_iid,iid,False,5
10,8,8001,10,100001,True,16,False,100,0.0,0.30991876497864723,0.021845512348502436,0.018556533111793883,0.04231700520542851,0.13562312573695878,0.9907594731004302,0.02413198847206931,11,8,0.16583123951776998,2500,OLS_iid,iid,False,5
9,2,2001,29,290001,True,233,False,100,0.44632198846564003,5.715436929371208,0.04511751579274075,0.036755515329222506,0.10440133610293234,0.17799336556704098,0.9850469241350279,0.020470810478374513,11,8,0.16583123951776998,2500,OLS_iid,iid,False,5
10,5,5001,28,280001,True,15,False,100,0.0,0.7488307575695217,0.020968396028899935,0.016990855070117505,0.04354626834096088,0.13830748317429123,0.990392519856235,0.024151705530048695,11,8,0.16583123951776998,2500,OLS_iid,iid,False,5
10,9,9001,16,160001,True,15,False,100,0.0,0.11138018779456615,0.019021120942309205,0.01644421962119083,0.03371307033201971,0.13019629085680046,0.991499557112371,0.02383643685303285,11,8,0.16583123951776998,2500,OLS_iid,iid,False,5
10,8,8001,5,50001,True,52,False,100,0.0,0.3608115678653121,0.022198733628791274,0.01787760689384847,0.04584610288406128,0.13716128471603214,0.990545848323508,0.023962869735748377,11,8,0.16583123951776998,2500,OLS_iid,iid,False,5
10,8,8001,19,190001,True,24,False,100,0.0,0.2676252075470984,0.027640813372948627,0.022226232785406447,0.05995009630227453,0.15763040952388566,0.9874953607893885,0.02376929875141756,11,8,0.16583123951776998,2500,OLS_iid,iid,False,5
11,0,1,7,70001,True,0,False,100,0.0,0.011285510379821062,0.006190440109182506,0.005904205487230873,0.008941928363905154,0.0,1.0,0.027589039540749514,11,8,0.16583123951776998,2500,OLS_iid,iid,False,5
11,0,1,5,50001,True,0,False,100,0.0,0.012121545150876045,0.006418060344667796,0.006325222186446858,0.007767084460800315,0.0,1.0,0.027367469425923555,11,8,0.16583123951776998,2500,OLS_iid,iid,False,5
10,7,7001,1,10001,True,15,False,100,0.0,0.5611336552537978,0.017624517572288268,0.016203508104013168,0.026998105484819256,0.13456409761634033,0.9908995329394457,0.023978989801805257,11,8,0.16583123951776998,2500,OLS_iid,iid,False,5
10,9,9001,21,210001,True,16,False,100,0.0,0.09910767385736108,0.01375448390100879,0.01177124022047399,0.02682512642063167,0.1197097314364253,0.9928171601907968,0.024158564875253,11,8,0.16583123951776998,2500,OLS_iid,iid,False,5
11,0,1,2,20001,True,0,False,100,0.0,0.019264691043645144,0.006599192352414055,0.006493965353185504,0.008170455636593578,0.0,1.0,0.027110064443618614,11,8,0.16583123951776998,2500,OLS_iid,iid,False,5
11,0,1,9,90001,True,0,False,100,0.0,0.007602013181895018,0.006624526090703639,0.0065240194449329965,0.008449512160720422,0.0,1.0,0.027254180995152217,11,8,0.16583123951776998,2500,OLS_iid,iid,False,5
10,8,8001,16,160001,True,26,False,100,0.0,0.3052868037484586,0.01907752002697886,0.01672149634721252,0.03308908967756063,0.13038592054657214,0.9914744186812635,0.023432530284452805,11,8,0.16583123951776998,2500,OLS_iid,iid,False,5
10,9,9001,17,170001,True,15,False,100,0.0,0.1300909616984427,0.011801170666926701,0.010603976785696216,0.02050354429768472,0.11723289179906882,0.9931093718305879,0.023847131585373976,11,8,0.16583123951776998,2500,OLS_iid,iid,False,5
11,0,1,10,100001,True,0,False,100,0.0,0.013210977893322706,0.00575339382722809,0.005633383407377331,0.007801799378987905,0.0,1.0,0.02749434910657883,11,8,0.16583123951776998,2500,OLS_iid,iid,False,5
11,0,1,12,120001,True,0,False,100,0.0,0.014894956722855568,0.007122686196152868,0.0069597211794348865,0.011112074458600421,0.0,1.0,0.026916562461558494,11,8,0.16583123951776998,2500,OLS_iid,iid,False,5
10,5,5001,20,200001,True,40,False,100,0.0,0.8391667082905769,0.013802733333289591,0.01204065099130035,0.024771608215547962,0.12296882860751371,0.9924113485586258,0.023684988082697124,11,8,0.16583123951776998,2500,OLS_iid,iid,False,5
10,8,8001,29,290001,True,37,False,100,0.0,0.2576960292644799,0.02142927214267398,0.0183562646534903,0.03794823631895196,0.14264165332055487,0.9897750034420634,0.0246477855111924,11,8,0.16583123951776998,2500,OLS_iid,iid,False,5
11,0,1,14,140001,True,0,False,100,0.0,0.010160527192056179,0.005208563980691404,0.005064215700026422,0.007158953129278459,0.0,1.0,0.02746905298643037,11,8,0.16583123951776998,2500,OLS_iid,iid,False,5
11,0,1,18,180001,True,0,False,100,0.0,0.00342774810269475,0.006646883351920663,0.00656101928461093,0.008235206398442097,0.0,1.0,0.027561191417322196,11,8,0.16583123951776998,2500,OLS_iid,iid,False,5
11,0,1,4,40001,True,0,False,100,0.0,0.03505709208548069,0.00590400819187072,0.005808419911538987,0.007264234343646447,0.0,1.0,0.027308325007536473,11,8,0.16583123951776998,2500,OLS_iid,iid,False,5
10,9,9001,23,230001,True,15,False,100,0.0,0.11086527118459344,0.014955796538672744,0.012565410441217045,0.0339358244424307,0.12293751768614626,0.9924189715365058,0.023962340141320308,11,8,0.16583123951776998,2500,OLS_iid,iid,False,5
11,0,1,13,130001,True,0,False,100,0.0,0.02708296198397875,0.0064524673803966,0.0062485476064956,0.009267321945136773,0.0,1.0,0.027547122259277784,11,8,0.16583123951776998,2500,OLS_iid,iid,False,5
10,9,9001,14,140001,True,22,False,100,0.0,0.17580561805516481,0.019241464514587595,0.016073274138428927,0.04597310093097689,0.12702815302155646,0.9918976689738025,0.023841006154519447,11,8,0.16583123951776998,2500,OLS_iid,iid,False,5
11,0,1,1,10001,True,0,False,100,0.0,0.05472959019243717,0.006385624470949778,0.005960006310500809,0.011706793849312558,0.0,1.0,0.027556144331612426,11,8,0.16583123951776998,2500,OLS_iid,iid,False,5
10,1,1001,21,210001,True,80,False,100,0.0,1.5537053598091006,0.014317715625457394,0.01174039468708424,0.02678620022763244,0.1175866036594466,0.9930634037118865,0.024215868535417653,11,8,0.16583123951776998,2500,OLS_iid,iid,False,5
11,0,1,21,210001,True,0,False,100,0.0,0.013977193273603916,0.006476403396926758,0.006362148193304229,0.008707662756008525,0.0,1.0,0.02700780413734916,11,8,0.16583123951776998,2500,OLS_iid,iid,False,5
10,6,6001,26,260001,True,15,False,100,0.0,0.6282386174425483,0.019391731334705196,0.016643316458399473,0.038336727930788655,0.13629704033050746,0.9906734189579067,0.024336120097984706,11,8,0.16583123951776998,2500,OLS_iid,iid,False,5
11,0,1,20,200001,True,0,False,100,0.0,0.017859148792922497,0.005907659638018493,0.005640180123156038,0.008792808833856986,0.0,1.0,0.027172763422960686,11,8,0.16583123951776998,2500,OLS_iid,iid,False,5
11,0,1,19,190001,True,0,False,100,0.0,0.018177147023379803,0.005898973172360825,0.005699764478839111,0.007707886001571911,0.0,1.0,0.027560561556337314,11,8,0.16583123951776998,2500,OLS_iid,iid,False,5
10,9,9001,2,20001,True,16,False,100,0.0,0.2714100652374327,0.015193433901222464,0.012071306529984383,0.036296047676738524,0.13003526000910656,0.9915029247115066,0.02371898833007007,11,8,0.16583123951776998,2500,OLS_iid,iid,False,5
11,0,1,22,220001,True,0,False,100,0.0,0.0265859249047935,0.0064435939747787005,0.006199275847462046,0.009330532943167458,0.0,1.0,0.02765780551165219,11,8,0.16583123951776998,2500,OLS_iid,iid,False,5
10,6,6001,28,280001,True,16,False,100,0.0,0.6258836621418595,0.021112291610092666,0.01652534311699891,0.0484312325347196,0.1379764137260647,0.9904451786875356,0.02469113082775861,11,8,0.16583123951776998,2500,OLS_iid,iid,False,5
11,0,1,25,250001,True,0,False,100,0.0,0.018986182287335396,0.005842280764351959,0.0056670798166487775,0.00858102603170207,0.0,1.0,0.027957990045933797,11,8,0.16583123951776998,2500,OLS_iid,iid,False,5
11,0,1,11,110001,True,0,False,100,0.0,0.05353486770763993,0.005528938584018627,0.005371900839089004,0.007772065437675618,0.0,1.0,0.027527474064723854,11,8,0.16583123951776998,2500,OLS_iid,iid,False,5
11,1,1001,1,10001,True,0,False,100,0.0,0.012882430106401443,0.006355042651499604,0.006236251661959628,0.007774558258764106,0.0,1.0,0.027118114516044078,11,8,0.16583123951776998,2500,OLS_iid,iid,False,5
11,0,1,27,270001,True,0,False,100,0.0,0.006414199713617563,0.00575827987006738,0.00561101739149732,0.007326928332235166,0.0,1.0,0.02784015444787957,11,8,0.16583123951776998,2500,OLS_iid,iid,False,5
11,1,1001,2,20001,True,0,False,100,0.0,0.010610704310238361,0.006127975008462535,0.0057893848791927445,0.008221716137836465,0.0,1.0,0.0278711771938527,11,8,0.16583123951776998,2500,OLS_iid,iid,False,5
11,1,1001,4,40001,True,0,False,100,0.0,0.00330978911370039,0.006317584712147275,0.006146157231576375,0.008716801952901263,0.0,1.0,0.02723524857469292,11,8,0.16583123951776998,2500,OLS_iid,iid,False,5
11,0,1,29,290001,True,0,False,100,0.0,0.018164788372814655,0.005693359692842589,0.00557033100964879,0.007675433889003954,0.0,1.0,0.027504283189707233,11,8,0.16583123951776998,2500,OLS_iid,iid,False,5
11,0,1,23,230001,True,0,False,100,0.0,0.028321754187345505,0.005756857422856999,0.005669522643074645,0.007325817572111685,0.0,1.0,0.027596119639948607,11,8,0.16583123951776998,2500,OLS_iid,iid,False,5
11,0,1,15,150001,True,0,False,100,0.0,0.04010155098512769,0.005931242033060382,0.005629808331684174,0.0081759667766348,0.0,1.0,0.027060527490818664,11,8,0.16583123951776998,2500,OLS_iid,iid,False,5
11,0,1,17,170001,True,0,False,100,0.0,0.044480983167886734,0.006267206905304448,0.006063254420396121,0.008942339698257301,0.0,1.0,0.027058180319768286,11,8,0.16583123951776998,2500,OLS_iid,iid,False,5
10,9,9001,26,260001,True,14,False,100,0.0,0.11194568499922752,0.019406487030784254,0.016373574426007783,0.04244396283165393,0.13404310334360414,0.99097907636919,0.024206000750205636,11,8,0.16583123951776998,2500,OLS_iid,iid,False,5
11,1,1001,10,100001,True,0,False,100,0.0,0.007401623763144016,0.006278740042289737,0.006003994124446263,0.009446559282714255,0.0,1.0,0.027213701782319435,11,8,0.16583123951776998,2500,OLS_iid,iid,False,5
11,0,1,8,80001,True,0,False,100,0.0,0.07071714103221893,0.006620667606528005,0.006336419470148324,0.00899228427825342,0.0,1.0,0.0273225781857633,11,8,0.16583123951776998,2500,OLS_iid,iid,False,5
9,2,2001,26,260001,True,267,False,100,0.35906845313959074,5.832082534674555,0.04059101999363243,0.0350690179851949,0.07661320801124664,0.16536346566247073,0.9867050058541398,0.02085310516162543,11,8,0.16583123951776998,2500,OLS_iid,iid,False,5
11,1,1001,17,170001,True,0,False,100,0.0,0.007079985924065113,0.005997349780245448,0.005772505852434436,0.008859744903347387,0.0,1.0,0.02744099039430827,11,8,0.16583123951776998,2500,OLS_iid,iid,False,5
11,1,1001,7,70001,True,0,False,100,0.0,0.016990703996270895,0.005850690322769489,0.005713436052457651,0.007829152108843551,0.0,1.0,0.027871959826786214,11,8,0.16583123951776998,2500,OLS_iid,iid,False,5
11,1,1001,12,120001,True,0,False,100,0.0,0.015338764991611242,0.00568681081204261,0.005540548626758508,0.007846368817723517,0.0,1.0,0.027257042720338773,11,8,0.16583123951776998,2500,OLS_iid,iid,False,5
11,0,1,16,160001,True,0,False,100,0.0,0.0626096110790968,0.00637623390360459,0.006095874518208552,0.008869078197595888,0.0,1.0,0.027572187846193082,11,8,0.16583123951776998,2500,OLS_iid,iid,False,5
11,0,1,24,240001,True,0,False,100,0.0,0.05044928705319762,0.006127067627915503,0.005956423354564544,0.008769366127650132,0.0,1.0,0.02674813996771567,11,8,0.16583123951776998,2500,OLS_iid,iid,False,5
11,1,1001,11,110001,True,0,False,100,0.0,0.017688299994915724,0.006342551436069385,0.0061150356172539255,0.009921827142857591,0.0,1.0,0.027432719786486558,11,8,0.16583123951776998,2500,OLS_iid,iid,False,5
11,1,1001,16,160001,True,0,False,100,0.0,0.013358617201447487,0.006852594312913185,0.006716948762360473,0.00871853976557307,0.0,1.0,0.02740518896045615,11,8,0.16583123951776998,2500,OLS_iid,iid,False,5
11,0,1,28,280001,True,0,False,100,0.0,0.041118904016911983,0.0060205782387342905,0.0058833168523365655,0.008320180051485942,0.0,1.0,0.027670368763942632,11,8,0.16583123951776998,2500,OLS_iid,iid,False,5
11,1,1001,25,250001,True,0,False,100,0.0,0.002946531865745783,0.005656629900391838,0.005544698174036187,0.007435814625293411,0.0,1.0,0.02733739916624059,11,8,0.16583123951776998,2500,OLS_iid,iid,False,5
11,1,1001,9,90001,True,0,False,100,0.0,0.024541846942156553,0.006335035678261488,0.006194571808366736,0.008410927328381314,0.0,1.0,0.027419998959331976,11,8,0.16583123951776998,2500,OLS_iid,iid,False,5
11,1,1001,24,240001,True,0,False,100,0.0,0.0049147699028253555,0.006968962104559227,0.006591657328577907,0.009413470810158834,0.0,1.0,0.02776479039860027,11,8,0.16583123951776998,2500,OLS_iid,iid,False,5
11,1,1001,15,150001,True,0,False,100,0.0,0.018296775873750448,0.005980800831204927,0.005713082864603933,0.008841873940402676,0.0,1.0,0.0272065598313574,11,8,0.16583123951776998,2500,OLS_iid,iid,False,5
11,1,1001,28,280001,True,0,False,100,0.0,0.0031271297484636307,0.006750806336986631,0.006616686163758053,0.008394442238352387,0.0,1.0,0.026990199566119435,11,8,0.16583123951776998,2500,OLS_iid,iid,False,5
11,1,1001,18,180001,True,0,False,100,0.0,0.014750929083675146,0.006964352762357082,0.006737070720853045,0.0090698495699661,0.0,1.0,0.026923848526257337,11,8,0.16583123951776998,2500,OLS_iid,iid,False,5
9,6,6001,23,230001,True,240,False,100,0.02051987004675352,3.6444992320612073,0.039422764978845976,0.03010519802380426,0.09091217734352693,0.14876839149771764,0.9889180246137091,0.020968839616264865,11,8,0.16583123951776998,2500,OLS_iid,iid,False,5
11,1,1001,22,220001,True,0,False,100,0.0,0.008310578763484955,0.005420669591275843,0.005268211935640745,0.00706781003298451,0.0,1.0,0.02755769266641547,11,8,0.16583123951776998,2500,OLS_iid,iid,False,5
11,1,1001,8,80001,True,0,False,100,0.0,0.030698799062520266,0.005536965833169694,0.005139484029978079,0.009394409180047676,0.0,1.0,0.02701012897318897,11,8,0.16583123951776998,2500,OLS_iid,iid,False,5
11,2,2001,0,1,True,0,False,100,0.0,0.004836599808186293,0.006794616882947051,0.006304400037726316,0.010991240051801764,0.0,1.0,0.027310727600557482,11,8,0.16583123951776998,2500,OLS_iid,iid,False,5
11,2,2001,2,20001,True,0,False,100,0.0,0.003149989992380142,0.00595408936718498,0.005749153431741805,0.008212120520478804,0.0,1.0,0.027308526232687848,11,8,0.16583123951776998,2500,OLS_iid,iid,False,5
11,1,1001,29,290001,True,0,False,100,0.0,0.008118429221212864,0.006338510380346517,0.006080621838795935,0.009502541223944411,0.0,1.0,0.027826916081897832,11,8,0.16583123951776998,2500,OLS_iid,iid,False,5
11,1,1001,6,60001,True,0,False,100,0.0,0.03609408624470234,0.006747234892236172,0.006558932411368482,0.009385990471983414,0.0,1.0,0.02700897117887977,11,8,0.16583123951776998,2500,OLS_iid,iid,False,5
11,0,1,3,30001,True,0,False,100,0.0,0.10999479703605175,0.0059030239610022945,0.005802520359029986,0.00737162989288825,0.0,1.0,0.027382398410306395,11,8,0.16583123951776998,2500,OLS_iid,iid,False,5
11,1,1001,13,130001,True,0,False,100,0.0,0.03047081083059311,0.005978118440481189,0.005685162193864754,0.008418938913829561,0.0,1.0,0.027398011997083107,11,8,0.16583123951776998,2500,OLS_iid,iid,False,5
10,9,9001,27,270001,True,16,False,100,0.0,0.1428976021707058,0.010991379376928161,0.009929426046075628,0.017972646361855426,0.11603643216996085,0.9932446938331071,0.023751779722221263,11,8,0.16583123951776998,2500,OLS_iid,iid,False,5
11,1,1001,21,210001,True,0,False,100,0.0,0.02014943491667509,0.006032793768734581,0.005857884837519079,0.008105306548133687,0.0,1.0,0.027256546387419884,11,8,0.16583123951776998,2500,OLS_iid,iid,False,5
11,1,1001,20,200001,True,0,False,100,0.0,0.01510528614744544,0.006490124600486636,0.006192911204704421,0.009491037198428027,0.0,1.0,0.027733112848498956,11,8,0.16583123951776998,2500,OLS_iid,iid,False,5
11,1,1001,19,190001,True,0,False,100,0.0,0.020230614114552736,0.005460278356956664,0.005322735627363435,0.007366069051421749,0.0,1.0,0.027091764386875234,11,8,0.16583123951776998,2500,OLS_iid,iid,False,5
9,4,4001,27,270001,True,218,False,100,0.1718990024637719,4.739898249041289,0.04887339130383376,0.03840518241485277,0.10796676636694123,0.1664926622063146,0.9861857529215181,0.020663198688309792,11,8,0.16583123951776998,2500,OLS_iid,iid,False,5
9,9,9001,6,60001,True,239,False,100,0.5546778985140032,2.4891688087955117,0.054773355583110056,0.04726074126885065,0.1150324346625071,0.2043013471586274,0.9810732242907824,0.02128732820995383,11,8,0.16583123951776998,2500,OLS_iid,iid,False,5
10,8,8001,26,260001,True,26,False,100,0.0,0.3473161617293954,0.018857501929812902,0.016155221611786987,0.039532757669476754,0.13227453969050557,0.9912184691676207,0.024105238943248588,11,8,0.16583123951776998,2500,OLS_iid,iid,False,5
9,8,8001,18,180001,True,316,False,100,0.11560586870694832,2.711944225244224,0.04003530731715229,0.03064183888860832,0.10007166594505373,0.15259359138003326,0.9882801698525294,0.020561503418986132,11,8,0.16583123951776998,2500,OLS_iid,iid,False,5
11,2,2001,7,70001,True,0,False,100,0.0,0.006862637121230364,0.006238312301860744,0.006056504008591907,0.007889336163585043,0.0,1.0,0.027681724314441273,11,8,0.16583123951776998,2500,OLS_iid,iid,False,5
11,1,1001,14,140001,True,0,False,100,0.0,0.035253170877695084,0.006024407357550956,0.005908255276774191,0.007762086156816218,0.0,1.0,0.02738836683613208,11,8,0.16583123951776998,2500,OLS_iid,iid,False,5
10,9,9001,28,280001,True,15,False,100,0.0,0.14119329303503036,0.02221867635913869,0.017109020478112826,0.04519119618653594,0.13897174330592918,0.9903006034160554,0.02411673724741613,11,8,0.16583123951776998,2500,OLS_iid,iid,False,5
11,2,2001,8,80001,True,0,False,100,0.0,0.008183448575437069,0.006141069524359988,0.005924246266092627,0.008814826562084765,0.0,1.0,0.02709807282359143,11,8,0.16583123951776998,2500,OLS_iid,iid,False,5
11,2,2001,9,90001,True,0,False,100,0.0,0.00806705979630351,0.005943682163363193,0.005849189800156086,0.007741887507747671,0.0,1.0,0.027528881087355718,11,8,0.16583123951776998,2500,OLS_iid,iid,False,5
10,8,8001,2,20001,True,20,False,100,0.0,0.4835216272622347,0.01461412973017925,0.011599441462148707,0.03658072706734866,0.129286467781365,0.991595830619573,0.02404118397573333,11,8,0.16583123951776998,2500,OLS_iid,iid,False,5
11,2,2001,6,60001,True,0,False,100,0.0,0.01224468369036913,0.00594126525197586,0.005842908632009019,0.007502566151749644,0.0,1.0,0.02770893130253358,11,8,0.16583123951776998,2500,OLS_iid,iid,False,5
11,2,2001,1,10001,True,0,False,100,0.0,0.018367845099419355,0.0066757860281218655,0.006534007406102846,0.008868770616828317,0.0,1.0,0.027596618314016545,11,8,0.16583123951776998,2500,OLS_iid,iid,False,5
11,2,2001,21,210001,True,0,False,100,0.0,0.004829709883779287,0.0057619227974847415,0.005583829485349078,0.008423488110506914,0.0,1.0,0.027464917660203845,11,8,0.16583123951776998,2500,OLS_iid,iid,False,5
11,0,1,26,260001,True,0,False,100,0.0,0.07000315608456731,0.006719581855663291,0.006613237696576216,0.009248426220893707,0.0,1.0,0.027353257103390864,11,8,0.16583123951776998,2500,OLS_iid,iid,False,5
9,9,9001,3,30001,True,219,False,100,0.38014479024550357,2.53439274802804,0.043813414301673924,0.034321042327065746,0.10433587674622763,0.1675003212248416,0.9864166930286415,0.020234680964424247,11,8,0.16583123951776998,2500,OLS_iid,iid,False,5
11,2,2001,12,120001,True,0,False,100,0.0,0.012017886154353619,0.006486149393256049,0.006308296265860849,0.009047263431774637,0.0,1.0,0.02759420577368476,11,8,0.16583123951776998,2500,OLS_iid,iid,False,5
11,1,1001,26,260001,True,0,False,100,0.0,0.02389374189078808,0.007151715094094799,0.006859846159505914,0.009587367242450524,0.0,1.0,0.027407444571690406,11,8,0.16583123951776998,2500,OLS_iid,iid,False,5
11,2,2001,14,140001,True,0,False,100,0.0,0.006742618978023529,0.00522822318514035,0.005074388292495712,0.007049270585225483,0.0,1.0,0.027255988995843482,11,8,0.16583123951776998,2500,OLS_iid,iid,False,5
11,2,2001,10,100001,True,0,False,100,0.0,0.014230131171643734,0.00546540964123131,0.005359506267775999,0.007222639479492629,0.0,1.0,0.02735918405901747,11,8,0.16583123951776998,2500,OLS_iid,iid,False,5
11,2,2001,15,150001,True,0,False,100,0.0,0.011615586932748556,0.0061893844158167595,0.006024380318122872,0.008052889033641666,0.0,1.0,0.02679680067732117,11,8,0.16583123951776998,2500,OLS_iid,iid,False,5
10,9,9001,20,200001,True,16,False,100,0.0,0.2307406859472394,0.01260493112357147,0.0102458856432469,0.02473437704317833,0.12338695010516566,0.992365720693187,0.023728109258435336,11,8,0.16583123951776998,2500,OLS_iid,iid,False,5
11,1,1001,27,270001,True,0,False,100,0.0,0.023473853711038828,0.005819040780884718,0.005659340497729294,0.00813938683948767,0.0,1.0,0.02751033803519038,11,8,0.16583123951776998,2500,OLS_iid,iid,False,5
11,1,1001,23,230001,True,0,False,100,0.0,0.031028368044644594,0.007233546330293343,0.0070638854709038305,0.010162109588399535,0.0,1.0,0.027655879708345002,11,8,0.16583123951776998,2500,OLS_iid,iid,False,5
11,2,2001,13,130001,True,0,False,100,0.0,0.015032527036964893,0.005418494137848549,0.005254833733582981,0.007143119872924087,0.0,1.0,0.027984299126889652,11,8,0.16583123951776998,2500,OLS_iid,iid,False,5
11,0,1,6,60001,True,0,False,100,0.0,0.12796728499233723,0.006011642312997511,0.0058406552132331405,0.007632772365056302,0.0,1.0,0.02760852311623997,11,8,0.16583123951776998,2500,OLS_iid,iid,False,5
11,2,2001,5,50001,True,0,False,100,0.0,0.020330063067376614,0.006654484555334234,0.006511478553710536,0.007981377778177924,0.0,1.0,0.027432390818845364,11,8,0.16583123951776998,2500,OLS_iid,iid,False,5
11,2,2001,3,30001,True,0,False,100,0.0,0.02438819780945778,0.006535256850483264,0.006373246392669993,0.008594302480122756,0.0,1.0,0.027615835871584976,11,8,0.16583123951776998,2500,OLS_iid,iid,False,5
11,2,2001,18,180001,True,0,False,100,0.0,0.008676285855472088,0.006040910484499567,0.005879094611275049,0.008271262962811929,0.0,1.0,0.027527846659787393,11,8,0.16583123951776998,2500,OLS_iid,iid,False,5
11,2,2001,22,220001,True,0,False,100,0.0,0.01269758166745305,0.006700730658906222,0.006415230508516068,0.01015919078505852,0.0,1.0,0.02735854009385804,11,8,0.16583123951776998,2500,OLS_iid,iid,False,5
10,8,8001,1,10001,True,15,False,100,0.0,0.4901713249273598,0.018150434210888557,0.016586526796664277,0.029146486882723976,0.13693368118117463,0.990564433989694,0.023818635258499938,11,8,0.16583123951776998,2500,OLS_iid,iid,False,5
10,6,6001,19,190001,True,68,False,100,0.0,0.7413220060989261,0.027224456627150097,0.021476562658852696,0.059067470910809355,0.1578372287962841,0.9874623975365967,0.024107218575846308,11,8,0.16583123951776998,2500,OLS_iid,iid,False,5
11,2,2001,11,110001,True,0,False,100,0.0,0.016223009675741196,0.006132378092640467,0.005911389782966985,0.009196345776772853,0.0,1.0,0.027337603620380242,11,8,0.16583123951776998,2500,OLS_iid,iid,False,5
11,2,2001,28,280001,True,0,False,100,0.0,0.012797520961612463,0.006279834668340529,0.006074574836579555,0.008588057346902269,0.0,1.0,0.027150594748190093,11,8,0.16583123951776998,2500,OLS_iid,iid,False,5
11,2,2001,29,290001,True,0,False,100,0.0,0.013978833332657814,0.0059648168344754535,0.005743690167203877,0.009682359094285647,0.0,1.0,0.027730597701409603,11,8,0.16583123951776998,2500,OLS_iid,iid,False,5
11,3,3001,2,20001,True,0,False,100,0.0,0.012107015121728182,0.005449882045851264,0.005299012955196212,0.007448473643540603,0.0,1.0,0.02729711904937775,11,8,0.16583123951776998,2500,OLS_iid,iid,False,5
11,2,2001,16,160001,True,0,False,100,0.0,0.021472876891493797,0.006993714807996052,0.0067938283362661755,0.010902012530817332,0.0,1.0,0.027792988160537244,11,8,0.16583123951776998,2500,OLS_iid,iid,False,5
11,3,3001,1,10001,True,0,False,100,0.0,0.01368908490985632,0.005167738605770274,0.004887028322043029,0.00756015261110998,0.0,1.0,0.027349107001469315,11,8,0.16583123951776998,2500,OLS_iid,iid,False,5
11,2,2001,24,240001,True,0,False,100,0.0,0.004876479972153902,0.0064713335761751025,0.006208065481063982,0.008963924186374945,0.0,1.0,0.02711105646505364,11,8,0.16583123951776998,2500,OLS_iid,iid,False,5
11,3,3001,14,140001,True,0,False,100,0.0,0.008975883945822716,0.00642221691092293,0.006137814476968811,0.009086477928484936,0.0,1.0,0.027636241539881735,11,8,0.16583123951776998,2500,OLS_iid,iid,False,5
11,3,3001,17,170001,True,0,False,100,0.0,0.008564455900341272,0.006123095556993886,0.0059451834298452485,0.0089512413241445,0.0,1.0,0.027503309136099784,11,8,0.16583123951776998,2500,OLS_iid,iid,False,5
11,2,2001,27,270001,True,0,False,100,0.0,0.022266280837357044,0.005929119264403503,0.005725519217680302,0.009212389190451364,0.0,1.0,0.027810717581062516,11,8,0.16583123951776998,2500,OLS_iid,iid,False,5
11,3,3001,5,50001,True,0,False,100,0.0,0.016411948017776012,0.006576324861752259,0.006519782637733915,0.008732455557741185,0.0,1.0,0.027608608984813997,11,8,0.16583123951776998,2500,OLS_iid,iid,False,5
11,3,3001,9,90001,True,0,False,100,0.0,0.017037163954228163,0.006832857531897735,0.0066364979044793715,0.008467165516876277,0.0,1.0,0.02719057492673735,11,8,0.16583123951776998,2500,OLS_iid,iid,False,5
11,3,3001,7,70001,True,0,False,100,0.0,0.01713985437527299,0.006003536238086171,0.005924567979156783,0.00821931383601212,0.0,1.0,0.027452044743707462,11,8,0.16583123951776998,2500,OLS_iid,iid,False,5
11,3,3001,3,30001,True,0,False,100,0.0,0.021581086330115795,0.0060555110911401765,0.005836799528432568,0.008584248646329446,0.0,1.0,0.02750617491721348,11,8,0.16583123951776998,2500,OLS_iid,iid,False,5
11,3,3001,4,40001,True,0,False,100,0.0,0.018832833040505648,0.00747341493414036,0.007320808725683955,0.010190320976942358,0.0,1.0,0.02719063764462526,11,8,0.16583123951776998,2500,OLS_iid,iid,False,5
11,3,3001,15,150001,True,0,False,100,0.0,0.01490021776407957,0.006513643462585657,0.006379222937757314,0.008446314420554038,0.0,1.0,0.027280227121521797,11,8,0.16583123951776998,2500,OLS_iid,iid,False,5
11,3,3001,16,160001,True,0,False,100,0.0,0.013323357328772545,0.006105607136071887,0.00579741221869661,0.011182533154775083,0.0,1.0,0.027778974478792788,11,8,0.16583123951776998,2500,OLS_iid,iid,False,5
11,3,3001,23,230001,True,0,False,100,0.0,0.008160789031535387,0.005694116183710872,0.005505393533322919,0.007132377827390976,0.0,1.0,0.02756162780774468,11,8,0.16583123951776998,2500,OLS_iid,iid,False,5
11,3,3001,25,250001,True,0,False,100,0.0,0.006974697113037109,0.005444736571537476,0.0052694915508276164,0.007933300389495917,0.0,1.0,0.02786820660139632,11,8,0.16583123951776998,2500,OLS_iid,iid,False,5
11,3,3001,21,210001,True,0,False,100,0.0,0.010622454341500998,0.006520133700006438,0.006329329872161155,0.009213932880228863,0.0,1.0,0.027114463395323612,11,8,0.16583123951776998,2500,OLS_iid,iid,False,5
10,6,6001,2,20001,True,15,False,100,0.0,0.8848139941692352,0.015081812216587196,0.012276405099942555,0.037711909994757126,0.1288541663298716,0.9916614302205661,0.024176132911654435,11,8,0.16583123951776998,2500,OLS_iid,iid,False,5
11,3,3001,20,200001,True,0,False,100,0.0,0.013772445265203714,0.007040071441738737,0.006874471740778066,0.009154984313825634,0.0,1.0,0.027334439404327917,11,8,0.16583123951776998,2500,OLS_iid,iid,False,5
10,9,9001,8,80001,True,15,False,100,0.0,0.323367512319237,0.01846411296742753,0.017236368402037957,0.025716288551273458,0.13115213925868519,0.9913638371041987,0.02393051545681473,11,8,0.16583123951776998,2500,OLS_iid,iid,False,5
11,4,4001,6,60001,True,0,False,100,0.0,0.006977366749197245,0.005923379828039357,0.005614423973588495,0.009209251684598465,0.0,1.0,0.027620598306327633,11,8,0.16583123951776998,2500,OLS_iid,iid,False,5
11,4,4001,3,30001,True,0,False,100,0.0,0.009571750648319721,0.006175773620570161,0.00582902177614725,0.009133880488947282,0.0,1.0,0.027751142357139474,11,8,0.16583123951776998,2500,OLS_iid,iid,False,5
11,3,3001,11,110001,True,0,False,100,0.0,0.0237766420468688,0.007030172840659644,0.006845047735705659,0.009560030077342884,0.0,1.0,0.027155558842535833,11,8,0.16583123951776998,2500,OLS_iid,iid,False,5
11,4,4001,5,50001,True,0,False,100,0.0,0.00808488018810749,0.0063497831839692525,0.006099400952348688,0.00919635866042052,0.0,1.0,0.02751929564796868,11,8,0.16583123951776998,2500,OLS_iid,iid,False,5
11,3,3001,26,260001,True,0,False,100,0.0,0.017637831158936024,0.0058134710121002225,0.005468819391970956,0.010079589941430567,0.0,1.0,0.027605806071186477,11,8,0.16583123951776998,2500,OLS_iid,iid,False,5
11,3,3001,22,220001,True,0,False,100,0.0,0.01819732692092657,0.0056677348986392635,0.005591823646433252,0.006895332831427631,0.0,1.0,0.027852432735715648,11,8,0.16583123951776998,2500,OLS_iid,iid,False,5
11,4,4001,7,70001,True,0,False,100,0.0,0.010562524199485779,0.005665762673642427,0.005442316975513747,0.008654507306731148,0.0,1.0,0.027222957118502485,11,8,0.16583123951776998,2500,OLS_iid,iid,False,5
11,1,1001,3,30001,True,0,False,100,0.0,0.09374700812622905,0.005156270922075827,0.005055966427424951,0.006821230673759218,0.0,1.0,0.027543356071452172,11,8,0.16583123951776998,2500,OLS_iid,iid,False,5
11,3,3001,24,240001,True,0,False,100,0.0,0.024854596238583326,0.007507473482353121,0.007174669578327519,0.010806502939664968,0.0,1.0,0.027369395131083583,11,8,0.16583123951776998,2500,OLS_iid,iid,False,5
11,1,1001,0,1,True,0,False,100,0.0,0.11155643686652184,0.005977715363652748,0.005664193252956521,0.010889232568856043,0.0,1.0,0.027864141386148993,11,8,0.16583123951776998,2500,OLS_iid,iid,False,5
11,3,3001,12,120001,True,0,False,100,0.0,0.03456936636939645,0.006858200385376888,0.0066919461504188925,0.008829757364872693,0.0,1.0,0.02687654943217485,11,8,0.16583123951776998,2500,OLS_iid,iid,False,5
9,4,4001,0,1,True,242,False,100,0.08667281852210684,5.318758722860366,0.04430279653931505,0.03440488125923403,0.10805207792087797,0.1606829002177098,0.9869492627894622,0.020998402000958587,11,8,0.16583123951776998,2500,OLS_iid,iid,False,5
11,4,4001,14,140001,True,0,False,100,0.0,0.00804198021069169,0.006732953103175366,0.0065322186923595675,0.00975530973619904,0.0,1.0,0.02715833466184862,11,8,0.16583123951776998,2500,OLS_iid,iid,False,5
11,3,3001,27,270001,True,0,False,100,0.0,0.011497369036078453,0.006139752326819777,0.006053311087094787,0.007772448590327224,0.0,1.0,0.027308844047499163,11,8,0.16583123951776998,2500,OLS_iid,iid,False,5
11,4,4001,9,90001,True,0,False,100,0.0,0.009751618839800358,0.005568035154578743,0.005482155708166453,0.00731085256717754,0.0,1.0,0.027399533222722528,11,8,0.16583123951776998,2500,OLS_iid,iid,False,5
11,4,4001,11,110001,True,0,False,100,0.0,0.007097876165062189,0.005182863494417804,0.005038537548221176,0.006823964294783204,0.0,1.0,0.027172818746970525,11,8,0.16583123951776998,2500,OLS_iid,iid,False,5
11,4,4001,13,130001,True,0,False,100,0.0,0.009170022793114185,0.006433432922686175,0.006276151336354033,0.008407954634589754,0.0,1.0,0.027278696291602615,11,8,0.16583123951776998,2500,OLS_iid,iid,False,5
11,3,3001,18,180001,True,0,False,100,0.0,0.03370242100208998,0.006359247138048831,0.006247183615079504,0.008129784226269038,0.0,1.0,0.027652702577360685,11,8,0.16583123951776998,2500,OLS_iid,iid,False,5
9,7,7001,9,90001,True,117,False,100,0.5186047481243948,3.4524744651280344,0.04550160481353457,0.03740870151292175,0.10737432482493736,0.18467639134597283,0.9839067615007759,0.02022868578585874,11,8,0.16583123951776998,2500,OLS_iid,iid,False,5
11,3,3001,6,60001,True,0,False,100,0.0,0.04164064163342118,0.005939619705215581,0.005658946273345473,0.009773229093081768,0.0,1.0,0.027754438795725433,11,8,0.16583123951776998,2500,OLS_iid,iid,False,5
11,4,4001,1,10001,True,0,False,100,0.0,0.02039396297186613,0.006121576543720879,0.00587084379843505,0.008359715592410964,0.0,1.0,0.0270972679228758,11,8,0.16583123951776998,2500,OLS_iid,iid,False,5
11,4,4001,4,40001,True,0,False,100,0.0,0.01758475136011839,0.00605912654187508,0.005895002777277466,0.009092362991933983,0.0,1.0,0.027180278366816513,11,8,0.16583123951776998,2500,OLS_iid,iid,False,5
10,4,4001,28,280001,True,15,False,100,0.0,1.1039943532086909,0.021106667110231944,0.01692813502457939,0.04425821979420635,0.1369022555944141,0.990584858789589,0.024042279188996617,11,8,0.16583123951776998,2500,OLS_iid,iid,False,5
11,4,4001,12,120001,True,0,False,100,0.0,0.010814172215759754,0.006674049246183096,0.006345420396416737,0.010991467915544027,0.0,1.0,0.02736144894828035,11,8,0.16583123951776998,2500,OLS_iid,iid,False,5
11,3,3001,0,1,True,0,False,100,0.0,0.048698797821998596,0.005605136375517129,0.005450299014780054,0.008153429243787242,0.0,1.0,0.027467124053560086,11,8,0.16583123951776998,2500,OLS_iid,iid,False,5
11,3,3001,29,290001,True,0,False,100,0.0,0.02079365076497197,0.006509293732906648,0.006134466261369306,0.01102888859967485,0.0,1.0,0.02718684302799951,11,8,0.16583123951776998,2500,OLS_iid,iid,False,5
10,6,6001,27,270001,True,70,False,100,0.0,0.7485543796792626,0.010603604479978384,0.009559678161995487,0.019935020014071537,0.11630957333288558,0.9932210178249467,0.023484574768532572,11,8,0.16583123951776998,2500,OLS_iid,iid,False,5
11,3,3001,19,190001,True,0,False,100,0.0,0.030720449052751064,0.006248839301064879,0.006157564627110702,0.007871793203726971,0.0,1.0,0.027716278751271473,11,8,0.16583123951776998,2500,OLS_iid,iid,False,5
11,3,3001,8,80001,True,0,False,100,0.0,0.04049221891909838,0.006654283478174249,0.0064566343179540435,0.01041335592675736,0.0,1.0,0.027285886189465678,11,8,0.16583123951776998,2500,OLS_iid,iid,False,5
11,4,4001,0,1,True,0,False,100,0.0,0.0178712191991508,0.006230593452131579,0.006112366166724589,0.008974470982848823,0.0,1.0,0.027656289921293358,11,8,0.16583123951776998,2500,OLS_iid,iid,False,5
11,4,4001,21,210001,True,0,False,100,0.0,0.008146378677338362,0.0056443717282798215,0.00539202416945265,0.008841245168482425,0.0,1.0,0.027552817953377023,11,8,0.16583123951776998,2500,OLS_iid,iid,False,5
11,4,4001,17,170001,True,0,False,100,0.0,0.010951951146125793,0.006314716736566694,0.006144825000494936,0.008711626932731486,0.0,1.0,0.02744674264453593,11,8,0.16583123951776998,2500,OLS_iid,iid,False,5
11,4,4001,26,260001,True,0,False,100,0.0,0.0071904161013662815,0.006219575762831431,0.006027651478987838,0.009926018968663417,0.0,1.0,0.02725565783223157,11,8,0.16583123951776998,2500,OLS_iid,iid,False,5
11,3,3001,28,280001,True,0,False,100,0.0,0.027449579909443855,0.006192145708119828,0.005936662626524824,0.009012152949914578,0.0,1.0,0.027667146860266764,11,8,0.16583123951776998,2500,OLS_iid,iid,False,5
11,4,4001,23,230001,True,0,False,100,0.0,0.008180299773812294,0.00671149775613412,0.006454710339474307,0.010544594515890987,0.0,1.0,0.027611440551080984,11,8,0.16583123951776998,2500,OLS_iid,iid,False,5
11,4,4001,2,20001,True,0,False,100,0.0,0.031379285268485546,0.00620336344362328,0.006070065793191456,0.008636427328638572,0.0,1.0,0.02734906440344323,11,8,0.16583123951776998,2500,OLS_iid,iid,False,5
11,4,4001,28,280001,True,0,False,100,0.0,0.008903393987566233,0.00601429741761399,0.005688323470150288,0.008754697867421576,0.0,1.0,0.026933730371944728,11,8,0.16583123951776998,2500,OLS_iid,iid,False,5
11,4,4001,27,270001,True,0,False,100,0.0,0.008912664838135242,0.006776475841446079,0.006659110305292744,0.008661209975209787,0.0,1.0,0.02758613332653663,11,8,0.16583123951776998,2500,OLS_iid,iid,False,5
11,4,4001,8,80001,True,0,False,100,0.0,0.02366527309641242,0.006632942677969872,0.00631867421852044,0.010838320571734453,0.0,1.0,0.027537049358917154,11,8,0.16583123951776998,2500,OLS_iid,iid,False,5
11,4,4001,15,150001,True,0,False,100,0.0,0.018112767953425646,0.006736141173559056,0.006492720571875507,0.00932496776348693,0.0,1.0,0.027152732223524937,11,8,0.16583123951776998,2500,OLS_iid,iid,False,5
11,5,5001,4,40001,True,0,False,100,0.0,0.012820759788155556,0.005660786681642201,0.00560627781176873,0.006690625653145619,0.0,1.0,0.027003022328283145,11,8,0.16583123951776998,2500,OLS_iid,iid,False,5
11,4,4001,16,160001,True,0,False,100,0.0,0.025560261216014624,0.0071371253594458605,0.006998896854927535,0.009049958720292552,0.0,1.0,0.027101219539823085,11,8,0.16583123951776998,2500,OLS_iid,iid,False,5
10,9,9001,12,120001,True,16,False,100,0.0,0.32915745582431555,0.014923915421994463,0.01258117512101329,0.03142392418231344,0.12653601327982092,0.9919803689097986,0.023725672992529225,11,8,0.16583123951776998,2500,OLS_iid,iid,False,5
11,5,5001,10,100001,True,0,False,100,0.0,0.012513522990047932,0.006100176392569598,0.005949070291508956,0.008022233373482223,0.0,1.0,0.027358502034202696,11,8,0.16583123951776998,2500,OLS_iid,iid,False,5
10,6,6001,10,100001,True,15,False,100,0.0,0.8149995571002364,0.01999442132601584,0.01726153616227458,0.039070848415835545,0.13688876541911527,0.9905923325156469,0.02397532242759013,11,8,0.16583123951776998,2500,OLS_iid,iid,False,5
11,5,5001,0,1,True,0,False,100,0.0,0.011738317087292671,0.0052945457225898164,0.0051198447458514155,0.008611900260130551,0.0,1.0,0.02755518898000861,11,8,0.16583123951776998,2500,OLS_iid,iid,False,5
11,5,5001,1,10001,True,0,False,100,0.0,0.019387470092624426,0.006071149394278278,0.005781744830926847,0.009394136541593198,0.0,1.0,0.027635169373758494,11,8,0.16583123951776998,2500,OLS_iid,iid,False,5
11,3,3001,10,100001,True,0,False,100,0.0,0.06295053893700242,0.00606467888664083,0.005857942572430077,0.008429562480640451,0.0,1.0,0.02707712265719713,11,8,0.16583123951776998,2500,OLS_iid,iid,False,5
11,5,5001,7,70001,True,0,False,100,0.0,0.01331118680536747,0.006301987003284726,0.00617440087724054,0.007755114073861082,0.0,1.0,0.0271359672693442,11,8,0.16583123951776998,2500,OLS_iid,iid,False,5
11,2,2001,23,230001,True,0,False,100,0.0,0.0759227080270648,0.006119457615647891,0.006004494615382208,0.007519952007771635,0.0,1.0,0.02677236823819276,11,8,0.16583123951776998,2500,OLS_iid,iid,False,5
11,5,5001,6,60001,True,0,False,100,0.0,0.016649845987558365,0.006625762581731553,0.0064625789692691225,0.008815060515126231,0.0,1.0,0.027450390757464204,11,8,0.16583123951776998,2500,OLS_iid,iid,False,5
11,5,5001,13,130001,True,0,False,100,0.0,0.009288082830607891,0.006369127090476851,0.006235467279197665,0.008042485613764016,0.0,1.0,0.027630327941219748,11,8,0.16583123951776998,2500,OLS_iid,iid,False,5
11,5,5001,19,190001,True,0,False,100,0.0,0.006953955627977848,0.006050781200313385,0.005835440508896844,0.008957177263415028,0.0,1.0,0.027215649931189453,11,8,0.16583123951776998,2500,OLS_iid,iid,False,5
11,5,5001,18,180001,True,0,False,100,0.0,0.009028052911162376,0.006078928034865281,0.005833774743906927,0.008444131084276567,0.0,1.0,0.027916751657366956,11,8,0.16583123951776998,2500,OLS_iid,iid,False,5
11,5,5001,15,150001,True,0,False,100,0.0,0.010471985209733248,0.006168557937975881,0.00596278640944996,0.008527931607842822,0.0,1.0,0.027376962469283297,11,8,0.16583123951776998,2500,OLS_iid,iid,False,5
11,5,5001,2,20001,True,0,False,100,0.0,0.021910434123128653,0.006590793409488571,0.006291139583682658,0.008861120759120072,0.0,1.0,0.026955747368802355,11,8,0.16583123951776998,2500,OLS_iid,iid,False,5
11,5,5001,14,140001,True,0,False,100,0.0,0.011741197668015957,0.006483554787778835,0.006253248195952069,0.009064034066304535,0.0,1.0,0.027593681733147878,11,8,0.16583123951776998,2500,OLS_iid,iid,False,5
10,7,7001,15,150001,True,14,False,100,0.0,0.6712148813530803,0.017238752141474724,0.014580180601477515,0.04021360864446068,0.1302645515580701,0.9914843467395238,0.02397962433820329,11,8,0.16583123951776998,2500,OLS_iid,iid,False,5
11,5,5001,20,200001,True,0,False,100,0.0,0.008981265127658844,0.006606310461616868,0.006457730423436365,0.009962877314438201,0.0,1.0,0.026924940936842084,11,8,0.16583123951776998,2500,OLS_iid,iid,False,5
11,5,5001,16,160001,True,0,False,100,0.0,0.014788728207349777,0.005721929078790114,0.005586670060857036,0.007675841071874967,0.0,1.0,0.027478352893840714,11,8,0.16583123951776998,2500,OLS_iid,iid,False,5
11,2,2001,25,250001,True,0,False,100,0.0,0.08209049003198743,0.00560535726895704,0.0055060891033040715,0.007455680209500298,0.0,1.0,0.02730152533839893,11,8,0.16583123951776998,2500,OLS_iid,iid,False,5
11,5,5001,8,80001,True,0,False,100,0.0,0.02779692690819502,0.00593795485250139,0.0058332600117460545,0.007949748076079621,0.0,1.0,0.027241863451830488,11,8,0.16583123951776998,2500,OLS_iid,iid,False,5
11,2,2001,20,200001,True,0,False,100,0.0,0.08882889803498983,0.006423711409431623,0.00634607011290226,0.007723461326635999,0.0,1.0,0.02738857596001497,11,8,0.16583123951776998,2500,OLS_iid,iid,False,5
11,6,6001,4,40001,True,0,False,100,0.0,0.011194671038538218,0.006087275077955784,0.0058569524501589235,0.009331816379096216,0.0,1.0,0.02699284177429356,11,8,0.16583123951776998,2500,OLS_iid,iid,False,5
11,5,5001,24,240001,True,0,False,100,0.0,0.01576133305206895,0.006748628298235295,0.006349422344263927,0.010321384873588198,0.0,1.0,0.027205380926355802,11,8,0.16583123951776998,2500,OLS_iid,iid,False,5
11,4,4001,25,250001,True,0,False,100,0.0,0.02992074377834797,0.00626139180266729,0.005989901114398793,0.0096750034704578,0.0,1.0,0.027544025763783314,11,8,0.16583123951776998,2500,OLS_iid,iid,False,5
11,6,6001,7,70001,True,0,False,100,0.0,0.010262586176395416,0.00710785741807089,0.006953072153709011,0.009331649120753757,0.0,1.0,0.027390164302481826,11,8,0.16583123951776998,2500,OLS_iid,iid,False,5
11,5,5001,28,280001,True,0,False,100,0.0,0.007863601204007864,0.005930171261137738,0.005769739671449306,0.008453418689882593,0.0,1.0,0.027482133657949562,11,8,0.16583123951776998,2500,OLS_iid,iid,False,5
11,4,4001,18,180001,True,0,False,100,0.0,0.03760452615097165,0.006611176035769729,0.006281426698884957,0.010593200596940595,0.0,1.0,0.027289454718921913,11,8,0.16583123951776998,2500,OLS_iid,iid,False,5
11,5,5001,3,30001,True,0,False,100,0.0,0.024997254833579063,0.005701656129257263,0.005453569422664044,0.007999405756299274,0.0,1.0,0.027721127991848435,11,8,0.16583123951776998,2500,OLS_iid,iid,False,5
11,4,4001,29,290001,True,0,False,100,0.0,0.028634502086788416,0.006312763265518163,0.006115922234975235,0.010020097751846143,0.0,1.0,0.027443415761051575,11,8,0.16583123951776998,2500,OLS_iid,iid,False,5
11,6,6001,5,50001,True,0,False,100,0.0,0.012639991007745266,0.00624814486968633,0.005934637870038198,0.00872190315962836,0.0,1.0,0.02758487661138069,11,8,0.16583123951776998,2500,OLS_iid,iid,False,5
11,6,6001,1,10001,True,0,False,100,0.0,0.006990336813032627,0.005932617489797325,0.005800368099962754,0.007600779876133264,0.0,1.0,0.027804472809254514,11,8,0.16583123951776998,2500,OLS_iid,iid,False,5
11,4,4001,19,190001,True,0,False,100,0.0,0.0318038328550756,0.005891476591863092,0.005732786409152743,0.008401997718104954,0.0,1.0,0.0278878952270681,11,8,0.16583123951776998,2500,OLS_iid,iid,False,5
11,5,5001,9,90001,True,0,False,100,0.0,0.026884412858635187,0.006327661592856197,0.0060196208465055695,0.009460488735326419,0.0,1.0,0.027535097059807424,11,8,0.16583123951776998,2500,OLS_iid,iid,False,5
11,6,6001,6,60001,True,0,False,100,0.0,0.013853664044290781,0.0060201734504363984,0.005799481698723768,0.008283465450307885,0.0,1.0,0.02772068141824277,11,8,0.16583123951776998,2500,OLS_iid,iid,False,5
11,5,5001,21,210001,True,0,False,100,0.0,0.017575071193277836,0.005651621156657858,0.0052570158452944086,0.008377365585299536,0.0,1.0,0.02755269259632223,11,8,0.16583123951776998,2500,OLS_iid,iid,False,5
11,5,5001,25,250001,True,0,False,100,0.0,0.018324056174606085,0.005498522212178737,0.005379380946166233,0.007037468818428579,0.0,1.0,0.027214921819037046,11,8,0.16583123951776998,2500,OLS_iid,iid,False,5
11,5,5001,29,290001,True,0,False,100,0.0,0.006708608940243721,0.00703601939205594,0.006778155131466073,0.008991669635063591,0.0,1.0,0.027336138865540448,11,8,0.16583123951776998,2500,OLS_iid,iid,False,5
11,6,6001,0,1,True,0,False,100,0.0,0.01646339800208807,0.0061932658175003034,0.0060444277201860555,0.009042890155127015,0.0,1.0,0.027425488774160532,11,8,0.16583123951776998,2500,OLS_iid,iid,False,5
11,6,6001,2,20001,True,0,False,100,0.0,0.006397919729351997,0.006462496596836239,0.006304186278654971,0.008915427891904594,0.0,1.0,0.02701115445110239,11,8,0.16583123951776998,2500,OLS_iid,iid,False,5
11,4,4001,20,200001,True,0,False,100,0.0,0.03511170158162713,0.006484300053845115,0.006207104025317209,0.0105127527332208,0.0,1.0,0.02720647058472797,11,8,0.16583123951776998,2500,OLS_iid,iid,False,5
11,6,6001,3,30001,True,0,False,100,0.0,0.015375733841210604,0.00604565582708626,0.005961618510248232,0.007845746927644035,0.0,1.0,0.027284744623388327,11,8,0.16583123951776998,2500,OLS_iid,iid,False,5
10,9,9001,3,30001,True,58,False,100,0.0,0.4221797068603337,0.020029163882914133,0.015301182494384096,0.050436424936004406,0.13775144519100355,0.9904833893672247,0.02423027034115506,11,8,0.16583123951776998,2500,OLS_iid,iid,False,5
10,7,7001,13,130001,True,15,False,100,0.0,0.6741537530906498,0.01812846022254992,0.015621287139307051,0.03515094925268762,0.12963248401487742,0.9915613835977537,0.023570657087999245,11,8,0.16583123951776998,2500,OLS_iid,iid,False,5
11,5,5001,23,230001,True,0,False,100,0.0,0.009142063092440367,0.007693990720277562,0.00753280207025859,0.00997443581118911,0.0,1.0,0.026933666262377812,11,8,0.16583123951776998,2500,OLS_iid,iid,False,5
10,2,2001,27,270001,True,72,False,100,0.0,1.4500445639714599,0.011250751428955893,0.01021181279447394,0.023181137102225965,0.11963586589680006,0.9928191848227645,0.02447199924065219,11,8,0.16583123951776998,2500,OLS_iid,iid,False,5
11,5,5001,17,170001,True,0,False,100,0.0,0.014776107855141163,0.006060158909733986,0.005763086161481818,0.009127827968986231,0.0,1.0,0.02749843674751617,11,8,0.16583123951776998,2500,OLS_iid,iid,False,5
11,6,6001,11,110001,True,0,False,100,0.0,0.009371752385050058,0.006149289829896427,0.0058868362150446656,0.007727933173450314,0.0,1.0,0.027243347189826444,11,8,0.16583123951776998,2500,OLS_iid,iid,False,5
11,5,5001,11,110001,True,0,False,100,0.0,0.03513563238084316,0.005245278052383586,0.00512782515534442,0.006349837752327832,0.0,1.0,0.027233468115566054,11,8,0.16583123951776998,2500,OLS_iid,iid,False,5
11,5,5001,22,220001,True,0,False,100,0.0,0.023719302844256163,0.006257992751703989,0.006079104612509368,0.008280475476437206,0.0,1.0,0.02705514567837251,11,8,0.16583123951776998,2500,OLS_iid,iid,False,5
11,6,6001,22,220001,True,0,False,100,0.0,0.005465225782245398,0.0063143902123632195,0.006234369439857211,0.008420672461213566,0.0,1.0,0.02735386183518134,11,8,0.16583123951776998,2500,OLS_iid,iid,False,5
11,6,6001,12,120001,True,0,False,100,0.0,0.007972140796482563,0.0063991191814119705,0.006290946052683904,0.008328684293463043,0.0,1.0,0.027728385864944676,11,8,0.16583123951776998,2500,OLS_iid,iid,False,5
10,5,5001,13,130001,True,62,False,100,0.0,1.0580955077894032,0.016613767722049238,0.014090818312005414,0.034626225781943736,0.12651154418192828,0.9919641392223896,0.02412365953994627,11,8,0.16583123951776998,2500,OLS_iid,iid,False,5
11,6,6001,10,100001,True,0,False,100,0.0,0.0179236582480371,0.006475142828164722,0.006222169959692451,0.00913015811944838,0.0,1.0,0.027712426892871247,11,8,0.16583123951776998,2500,OLS_iid,iid,False,5
10,8,8001,3,30001,True,15,False,100,0.0,0.5876234197057784,0.020225213344366177,0.016262197101030246,0.04849519892827524,0.13503318546518656,0.9908776515814464,0.023507160943372588,11,8,0.16583123951776998,2500,OLS_iid,iid,False,5
11,4,4001,10,100001,True,0,False,100,0.0,0.06148275826126337,0.006461617282675437,0.006166806667337103,0.009878592245643693,0.0,1.0,0.027577445476965976,11,8,0.16583123951776998,2500,OLS_iid,iid,False,5
11,4,4001,22,220001,True,0,False,100,0.0,0.035355479922145605,0.006415299476211438,0.0061812832250193635,0.009042582224065242,0.0,1.0,0.027378174949139873,11,8,0.16583123951776998,2500,OLS_iid,iid,False,5
10,9,9001,6,60001,True,46,False,100,0.0,0.40855554211884737,0.018205788965642795,0.016180636221380603,0.031233224785004652,0.127510032427914,0.9918390923034366,0.024012361432946636,11,8,0.16583123951776998,2500,OLS_iid,iid,False,5
11,2,2001,19,190001,True,0,False,100,0.0,0.10321498941630125,0.005839223926647898,0.005663855635288239,0.007982540181224154,0.0,1.0,0.02713642122523576,11,8,0.16583123951776998,2500,OLS_iid,iid,False,5
11,6,6001,16,160001,True,0,False,100,0.0,0.009252171963453293,0.006822588600863083,0.006569288589704353,0.01069787494599532,0.0,1.0,0.02736417246970111,11,8,0.16583123951776998,2500,OLS_iid,iid,False,5
11,6,6001,13,130001,True,0,False,100,0.0,0.01022421708330512,0.0062473210088014475,0.0061273672199893955,0.009020594074990214,0.0,1.0,0.027345802465163133,11,8,0.16583123951776998,2500,OLS_iid,iid,False,5
11,7,7001,11,110001,True,0,False,100,0.0,0.005065198056399822,0.006094037874606937,0.006010968718556062,0.007725499119358911,0.0,1.0,0.027595970611999483,11,8,0.16583123951776998,2500,OLS_iid,iid,False,5
10,9,9001,1,10001,True,66,False,100,0.0,0.44508919585496187,0.016991564157364976,0.015733321366323397,0.025798866799632426,0.1355007788091264,0.9907585160655242,0.023723954995782066,11,8,0.16583123951776998,2500,OLS_iid,iid,False,5
9,2,2001,11,110001,True,504,False,100,0.13925413013264568,6.244263923726976,0.05097162568642275,0.042670150079954845,0.10361888769725296,0.16511704091199192,0.9864031512031527,0.020727146224033554,11,8,0.16583123951776998,2500,OLS_iid,iid,False,5
11,6,6001,24,240001,True,0,False,100,0.0,0.009300951845943928,0.006057996977974575,0.005981012683260625,0.007683982457985951,0.0,1.0,0.027042452973646915,11,8,0.16583123951776998,2500,OLS_iid,iid,False,5
11,6,6001,27,270001,True,0,False,100,0.0,0.01172868674620986,0.006275193199290975,0.006141667604549497,0.008510635289694403,0.0,1.0,0.027103059046890917,11,8,0.16583123951776998,2500,OLS_iid,iid,False,5
11,7,7001,1,10001,True,0,False,100,0.0,0.012057696003466845,0.006426164799107164,0.006283705793147348,0.008948409640274603,0.0,1.0,0.02769660579645522,11,8,0.16583123951776998,2500,OLS_iid,iid,False,5
11,6,6001,9,90001,True,0,False,100,0.0,0.026084518060088158,0.005799236107723484,0.005682089818683581,0.0073658711439178425,0.0,1.0,0.027422347393163377,11,8,0.16583123951776998,2500,OLS_iid,iid,False,5
11,6,6001,28,280001,True,0,False,100,0.0,0.00861749704927206,0.0063898678044465316,0.006237300270666519,0.009211199321442983,0.0,1.0,0.027844970009866063,11,8,0.16583123951776998,2500,OLS_iid,iid,False,5
11,7,7001,6,60001,True,0,False,100,0.0,0.00477941008284688,0.005543386184961518,0.005305873241051347,0.008695256509086815,0.0,1.0,0.027579868945350847,11,8,0.16583123951776998,2500,OLS_iid,iid,False,5
11,6,6001,21,210001,True,0,False,100,0.0,0.014438159763813019,0.006000831815587728,0.005698720938406593,0.010019317018642343,0.0,1.0,0.026987565903165672,11,8,0.16583123951776998,2500,OLS_iid,iid,False,5
11,5,5001,5,50001,True,0,False,100,0.0,0.049794080667197704,0.005961353396695929,0.005857892606003289,0.007237177983255656,0.0,1.0,0.027484513531169454,11,8,0.16583123951776998,2500,OLS_iid,iid,False,5
11,5,5001,26,260001,True,0,False,100,0.0,0.028396534267812967,0.006246280292895266,0.005900390348314379,0.009681098361608988,0.0,1.0,0.028040169826832242,11,8,0.16583123951776998,2500,OLS_iid,iid,False,5
10,6,6001,23,230001,True,68,False,100,0.0,0.8354852707125247,0.014081842424544232,0.01198242862592319,0.032289461364461855,0.12382924934688812,0.9923114115567552,0.024249666129847476,11,8,0.16583123951776998,2500,OLS_iid,iid,False,5
11,7,7001,13,130001,True,0,False,100,0.0,0.00892275432124734,0.006187010536833342,0.006064721746893814,0.008346413651530922,0.0,1.0,0.027586070706596105,11,8,0.16583123951776998,2500,OLS_iid,iid,False,5
11,6,6001,25,250001,True,0,False,100,0.0,0.013025679159909487,0.006758403466914424,0.006512579593432855,0.010890091465757642,0.0,1.0,0.027034454838320083,11,8,0.16583123951776998,2500,OLS_iid,iid,False,5
11,5,5001,12,120001,True,0,False,100,0.0,0.042874333914369345,0.006895913015480255,0.006840536872123112,0.008734107112752961,0.0,1.0,0.02709237723084208,11,8,0.16583123951776998,2500,OLS_iid,iid,False,5
11,7,7001,8,80001,True,0,False,100,0.0,0.01071711303666234,0.005647164179636065,0.005263125473709929,0.008584338455519131,0.0,1.0,0.027076318147199293,11,8,0.16583123951776998,2500,OLS_iid,iid,False,5
11,4,4001,24,240001,True,0,False,100,0.0,0.06075858324766159,0.006503864839906879,0.0061998015634496815,0.011543712098912626,0.0,1.0,0.027344593232292436,11,8,0.16583123951776998,2500,OLS_iid,iid,False,5
11,7,7001,12,120001,True,0,False,100,0.0,0.012541431933641434,0.005787504051419901,0.005509005651599375,0.008344279279369052,0.0,1.0,0.02738670658574631,11,8,0.16583123951776998,2500,OLS_iid,iid,False,5
11,5,5001,27,270001,True,0,False,100,0.0,0.027915127109736204,0.006662304299527338,0.006494711144358219,0.009440132023058887,0.0,1.0,0.027374284659815964,11,8,0.16583123951776998,2500,OLS_iid,iid,False,5
11,7,7001,3,30001,True,0,False,100,0.0,0.019739637151360512,0.005152065452783309,0.004928586590430162,0.007870722008240493,0.0,1.0,0.02720584889951447,11,8,0.16583123951776998,2500,OLS_iid,iid,False,5
11,7,7001,21,210001,True,0,False,100,0.0,0.008374188095331192,0.005687387553964894,0.0054212959718844475,0.009547211131078542,0.0,1.0,0.02784095363863711,11,8,0.16583123951776998,2500,OLS_iid,iid,False,5
11,7,7001,0,1,True,0,False,100,0.0,0.013225317932665348,0.006344773300449309,0.006193961043461622,0.008350640224086646,0.0,1.0,0.026568891512101185,11,8,0.16583123951776998,2500,OLS_iid,iid,False,5
11,7,7001,10,100001,True,0,False,100,0.0,0.015818061772733927,0.006601354233694416,0.006296460264035208,0.009747743755740605,0.0,1.0,0.027593266749243048,11,8,0.16583123951776998,2500,OLS_iid,iid,False,5
11,7,7001,23,230001,True,0,False,100,0.0,0.00860311696305871,0.006239762169965356,0.005914479584357282,0.010458600258154463,0.0,1.0,0.027334758800833477,11,8,0.16583123951776998,2500,OLS_iid,iid,False,5
11,8,8001,4,40001,True,0,False,100,0.0,0.0067720976658165455,0.005898093810819399,0.005750435875013191,0.008616428721037996,0.0,1.0,0.02764838167225604,11,8,0.16583123951776998,2500,OLS_iid,iid,False,5
11,7,7001,14,140001,True,0,False,100,0.0,0.022937106899917126,0.006371095008789892,0.006022412611901797,0.00961531959456332,0.0,1.0,0.026714016284697863,11,8,0.16583123951776998,2500,OLS_iid,iid,False,5
11,7,7001,24,240001,True,0,False,100,0.0,0.010684933979064226,0.0075822161809651805,0.007072412870404915,0.012846798775007134,0.0,1.0,0.02748402825034439,11,8,0.16583123951776998,2500,OLS_iid,iid,False,5
11,7,7001,29,290001,True,0,False,100,0.0,0.00976909976452589,0.0062637367257543115,0.005959514918633868,0.009034263454932096,0.0,1.0,0.027401834731139378,11,8,0.16583123951776998,2500,OLS_iid,iid,False,5
11,7,7001,26,260001,True,0,False,100,0.0,0.011411970015615225,0.005994925309387089,0.005897722699149316,0.007810084442582474,0.0,1.0,0.027237949323698513,11,8,0.16583123951776998,2500,OLS_iid,iid,False,5
11,7,7001,4,40001,True,0,False,100,0.0,0.02258245972916484,0.00551560824841108,0.005431125701941926,0.008010636111476604,0.0,1.0,0.027645523271631094,11,8,0.16583123951776998,2500,OLS_iid,iid,False,5
11,6,6001,19,190001,True,0,False,100,0.0,0.030263371765613556,0.006217491313324215,0.006025360854440127,0.008938354200983309,0.0,1.0,0.02701107575519024,11,8,0.16583123951776998,2500,OLS_iid,iid,False,5
11,7,7001,9,90001,True,0,False,100,0.0,0.013479736167937517,0.006352417187477554,0.006207041598773938,0.008336680854640982,0.0,1.0,0.027499766420370213,11,8,0.16583123951776998,2500,OLS_iid,iid,False,5
11,6,6001,29,290001,True,0,False,100,0.0,0.020873459987342358,0.005999994602183304,0.005866283652349991,0.008121627324082104,0.0,1.0,0.027569458367101795,11,8,0.16583123951776998,2500,OLS_iid,iid,False,5
11,8,8001,11,110001,True,0,False,100,0.0,0.011928355786949396,0.0064178851585962055,0.006186889983642124,0.00878984456533482,0.0,1.0,0.027440124816357145,11,8,0.16583123951776998,2500,OLS_iid,iid,False,5
11,7,7001,28,280001,True,0,False,100,0.0,0.01415801327675581,0.0053056759361789245,0.005006159833374636,0.007569076333027675,0.0,1.0,0.0272864642565193,11,8,0.16583123951776998,2500,OLS_iid,iid,False,5
11,8,8001,9,90001,True,0,False,100,0.0,0.012340773362666368,0.007237365821310592,0.007058784567213489,0.009930191492110049,0.0,1.0,0.027522496442063105,11,8,0.16583123951776998,2500,OLS_iid,iid,False,5
11,7,7001,25,250001,True,0,False,100,0.0,0.01549061294645071,0.0062277097599230825,0.006087458018892136,0.0075499107769716675,0.0,1.0,0.027347718945835015,11,8,0.16583123951776998,2500,OLS_iid,iid,False,5
11,6,6001,17,170001,True,0,False,100,0.0,0.02601976878941059,0.006207252544910482,0.006012446667123805,0.008506321683062722,0.0,1.0,0.027437189901431874,11,8,0.16583123951776998,2500,OLS_iid,iid,False,5
10,7,7001,22,220001,True,73,False,100,0.0,0.6790949823334813,0.016598164129469326,0.014509991439897096,0.029132581644439645,0.13085267126572261,0.9913911599477911,0.02392430441503956,11,8,0.16583123951776998,2500,OLS_iid,iid,False,5
11,8,8001,13,130001,True,0,False,100,0.0,0.009689630009233952,0.006894426787490566,0.006665972496953257,0.010160183524208733,0.0,1.0,0.027455401240015595,11,8,0.16583123951776998,2500,OLS_iid,iid,False,5
11,6,6001,26,260001,True,0,False,100,0.0,0.031424655113369226,0.006199515058660668,0.005961893405529274,0.008827377375589047,0.0,1.0,0.02694619301669121,11,8,0.16583123951776998,2500,OLS_iid,iid,False,5
11,6,6001,8,80001,True,0,False,100,0.0,0.047852552961558104,0.0064255900483439965,0.006168323274179088,0.008396382323462914,0.0,1.0,0.027399813866225132,11,8,0.16583123951776998,2500,OLS_iid,iid,False,5
11,6,6001,14,140001,True,0,False,100,0.0,0.028962889686226845,0.006113762180397723,0.005912715259138496,0.009036324501545562,0.0,1.0,0.02734138494676135,11,8,0.16583123951776998,2500,OLS_iid,iid,False,5
11,8,8001,6,60001,True,0,False,100,0.0,0.014913097023963928,0.006681852239042831,0.006496362190625319,0.009677042189272098,0.0,1.0,0.02774746344621394,11,8,0.16583123951776998,2500,OLS_iid,iid,False,5
11,7,7001,7,70001,True,0,False,100,0.0,0.02772900788113475,0.005562859224929194,0.005415688204547647,0.007558627596962989,0.0,1.0,0.02731153978365851,11,8,0.16583123951776998,2500,OLS_iid,iid,False,5
11,8,8001,14,140001,True,0,False,100,0.0,0.010269755963236094,0.0068429865248314835,0.006745647509099824,0.008983983920360417,0.0,1.0,0.02724878757565797,11,8,0.16583123951776998,2500,OLS_iid,iid,False,5
11,7,7001,27,270001,True,0,False,100,0.0,0.02043494302779436,0.006688336948580638,0.0064696525548948195,0.010720230577093016,0.0,1.0,0.02761473659330515,11,8,0.16583123951776998,2500,OLS_iid,iid,False,5
11,0,1,0,1,True,0,False,100,0.0,0.25682968460023403,0.006276548333749237,0.006055031174140722,0.009123064074830217,0.0,1.0,0.02681500386404592,11,8,0.16583123951776998,2500,OLS_iid,iid,False,5
11,6,6001,15,150001,True,0,False,100,0.0,0.039071557112038136,0.007107435650655534,0.006961073033420323,0.00939001600257553,0.0,1.0,0.027548770598496367,11,8,0.16583123951776998,2500,OLS_iid,iid,False,5
11,6,6001,23,230001,True,0,False,100,0.0,0.033473231829702854,0.006070502077523548,0.0057716007961879446,0.009307893664256255,0.0,1.0,0.027194351914865307,11,8,0.16583123951776998,2500,OLS_iid,iid,False,5
11,8,8001,7,70001,True,0,False,100,0.0,0.007849771063774824,0.005849148801435575,0.005678728638518239,0.007791848431938286,0.0,1.0,0.02747842983752982,11,8,0.16583123951776998,2500,OLS_iid,iid,False,5
11,8,8001,5,50001,True,0,False,100,0.0,0.0099563580006361,0.006116690531538193,0.005748667103009036,0.008986504379006112,0.0,1.0,0.02723513885411163,11,8,0.16583123951776998,2500,OLS_iid,iid,False,5
11,8,8001,17,170001,True,0,False,100,0.0,0.008785645943135023,0.005385590262062019,0.0052701291368631616,0.007116128206190609,0.0,1.0,0.02745944139270923,11,8,0.16583123951776998,2500,OLS_iid,iid,False,5
11,8,8001,18,180001,True,0,False,100,0.0,0.009453820995986462,0.006363215482392022,0.0062110372452581115,0.007662161856397043,0.0,1.0,0.027406665979015487,11,8,0.16583123951776998,2500,OLS_iid,iid,False,5
11,8,8001,12,120001,True,0,False,100,0.0,0.014736298006027937,0.006454825608604968,0.006288987246939533,0.008918227733135782,0.0,1.0,0.02760800846637569,11,8,0.16583123951776998,2500,OLS_iid,iid,False,5
11,8,8001,8,80001,True,0,False,100,0.0,0.0166932363063097,0.006367221184156605,0.006202025026214793,0.00828947650619527,0.0,1.0,0.02754466836863128,11,8,0.16583123951776998,2500,OLS_iid,iid,False,5
11,7,7001,22,220001,True,0,False,100,0.0,0.021825643721967936,0.006512417899211315,0.006339839978627157,0.008586404488192572,0.0,1.0,0.027343578935780776,11,8,0.16583123951776998,2500,OLS_iid,iid,False,5
11,1,1001,5,50001,True,0,False,100,0.0,0.18706522788852453,0.005927610679134614,0.00578144106719276,0.008533498038601529,0.0,1.0,0.027837359517529518,11,8,0.16583123951776998,2500,OLS_iid,iid,False,5
11,8,8001,10,100001,True,0,False,100,0.0,0.01956359762698412,0.005210845515548467,0.004970797556007716,0.0072065132750038915,0.0,1.0,0.027132656085026643,11,8,0.16583123951776998,2500,OLS_iid,iid,False,5
11,7,7001,15,150001,True,0,False,100,0.0,0.03162704361602664,0.007023884013789124,0.006663265464608107,0.010128876021176904,0.0,1.0,0.027118176602260048,11,8,0.16583123951776998,2500,OLS_iid,iid,False,5
11,8,8001,16,160001,True,0,False,100,0.0,0.012282213661819696,0.005661858920469616,0.005572433431071251,0.007127329205045566,0.0,1.0,0.0272156831091364,11,8,0.16583123951776998,2500,OLS_iid,iid,False,5
11,8,8001,2,20001,True,0,False,100,0.0,0.02758039813488722,0.006443897352473843,0.006260617426205866,0.009263137998177854,0.0,1.0,0.027281991192116106,11,8,0.16583123951776998,2500,OLS_iid,iid,False,5
11,6,6001,20,200001,True,0,False,100,0.0,0.04541867831721902,0.00699313976610186,0.006702665928359914,0.010051605633932835,0.0,1.0,0.027567569238569224,11,8,0.16583123951776998,2500,OLS_iid,iid,False,5
11,8,8001,21,210001,True,0,False,100,0.0,0.008798225782811642,0.0060443340492096435,0.005939690503547712,0.007237075469211557,0.0,1.0,0.02728209187301206,11,8,0.16583123951776998,2500,OLS_iid,iid,False,5
11,8,8001,20,200001,True,0,False,100,0.0,0.007961310911923647,0.006998222699616035,0.006831573694459165,0.009890450183149942,0.0,1.0,0.027329367665726197,11,8,0.16583123951776998,2500,OLS_iid,iid,False,5
11,9,9001,7,70001,True,0,False,100,0.0,0.009712810162454844,0.006706565891594511,0.006653841462617688,0.00807415730407507,0.0,1.0,0.027197493713616728,11,8,0.16583123951776998,2500,OLS_iid,iid,False,5
11,6,6001,18,180001,True,0,False,100,0.0,0.0332493931055069,0.005858978819736433,0.005690324380250065,0.008799276752572631,0.0,1.0,0.02693200673680982,11,8,0.16583123951776998,2500,OLS_iid,iid,False,5
11,9,9001,2,20001,True,0,False,100,0.0,0.008716485928744078,0.0056569093247984,0.005579957290519507,0.008084383680061497,0.0,1.0,0.027213778309987783,11,8,0.16583123951776998,2500,OLS_iid,iid,False,5
11,8,8001,15,150001,True,0,False,100,0.0,0.015656711999326944,0.006390766418828297,0.006292536062456785,0.0075321763701718695,0.0,1.0,0.027453354282930782,11,8,0.16583123951776998,2500,OLS_iid,iid,False,5
11,9,9001,3,30001,True,0,False,100,0.0,0.007872221060097218,0.006694888873648507,0.006573184843647866,0.008730223437338577,0.0,1.0,0.026919022074865337,11,8,0.16583123951776998,2500,OLS_iid,iid,False,5
11,8,8001,25,250001,True,0,False,100,0.0,0.013160737697035074,0.006237093902511586,0.006110869697147894,0.008560357196592318,0.0,1.0,0.027845010103522208,11,8,0.16583123951776998,2500,OLS_iid,iid,False,5
11,7,7001,17,170001,True,0,False,100,0.0,0.02188051398843527,0.005710141145144261,0.005503966644773261,0.00796896347653284,0.0,1.0,0.027084533649049933,11,8,0.16583123951776998,2500,OLS_iid,iid,False,5
11,9,9001,1,10001,True,0,False,100,0.0,0.012020755093544722,0.006607089155938041,0.006471191971705703,0.008338382672788205,0.0,1.0,0.027873286682495564,11,8,0.16583123951776998,2500,OLS_iid,iid,False,5
11,7,7001,18,180001,True,0,False,100,0.0,0.03371587069705129,0.005814483321796223,0.005523783193909756,0.008969011431378902,0.0,1.0,0.02758140853809256,11,8,0.16583123951776998,2500,OLS_iid,iid,False,5
11,8,8001,1,10001,True,0,False,100,0.0,0.030745089054107666,0.006209953954953922,0.005993069088001191,0.008891285105461801,0.0,1.0,0.027487949785820934,11,8,0.16583123951776998,2500,OLS_iid,iid,False,5
11,9,9001,17,170001,True,0,False,100,0.0,0.008337277919054031,0.006097627833217466,0.0058561416063938505,0.010394811632217126,0.0,1.0,0.027604578148833055,11,8,0.16583123951776998,2500,OLS_iid,iid,False,5
11,8,8001,22,220001,True,0,False,100,0.0,0.009660490322858095,0.006602949385948651,0.006413856251497359,0.010055040785477058,0.0,1.0,0.027578525964027444,11,8,0.16583123951776998,2500,OLS_iid,iid,False,5
11,9,9001,12,120001,True,0,False,100,0.0,0.014875366818159819,0.0059677428465053075,0.00575681256496158,0.008151783613859214,0.0,1.0,0.027478337187205864,11,8,0.16583123951776998,2500,OLS_iid,iid,False,5
11,9,9001,14,140001,True,0,False,100,0.0,0.009373382199555635,0.006017917931495727,0.0057338934541029925,0.008938267490215224,0.0,1.0,0.02780148389377041,11,8,0.16583123951776998,2500,OLS_iid,iid,False,5
11,9,9001,9,90001,True,0,False,100,0.0,0.014541919343173504,0.006267026571269048,0.0059064931946344185,0.010106016483432984,0.0,1.0,0.027886323167986046,11,8,0.16583123951776998,2500,OLS_iid,iid,False,5
11,2,2001,26,260001,True,0,False,100,0.0,0.1408450254239142,0.00596301427505485,0.0058064467161818255,0.008733654394971738,0.0,1.0,0.027530661573132453,11,8,0.16583123951776998,2500,OLS_iid,iid,False,5
11,8,8001,26,260001,True,0,False,100,0.0,0.017847649287432432,0.006249719589797752,0.006171044875832769,0.00815261118821966,0.0,1.0,0.02725241064372965,11,8,0.16583123951776998,2500,OLS_iid,iid,False,5
11,8,8001,29,290001,True,0,False,100,0.0,0.015534044243395329,0.006147492406353315,0.005987368123445749,0.00834166144413861,0.0,1.0,0.02742173677935499,11,8,0.16583123951776998,2500,OLS_iid,iid,False,5
11,9,9001,13,130001,True,0,False,100,0.0,0.012808630708605051,0.006842773087617105,0.006665478518164381,0.008462890537155127,0.0,1.0,0.02731303734744548,11,8,0.16583123951776998,2500,OLS_iid,iid,False,5
11,9,9001,24,240001,True,0,False,100,0.0,0.008606825955212116,0.005923739661238576,0.0056546186982612216,0.009401844169274315,0.0,1.0,0.02746399698467818,11,8,0.16583123951776998,2500,OLS_iid,iid,False,5
11,7,7001,19,190001,True,0,False,100,0.0,0.03082650899887085,0.006316007655479414,0.00614413563129815,0.008770580873893352,0.0,1.0,0.027333899845788278,11,8,0.16583123951776998,2500,OLS_iid,iid,False,5
11,9,9001,8,80001,True,0,False,100,0.0,0.016867515165358782,0.005567343084468333,0.005403895345952241,0.00738092088337124,0.0,1.0,0.0270026937611555,11,8,0.16583123951776998,2500,OLS_iid,iid,False,5
11,9,9001,4,40001,True,0,False,100,0.0,0.015396833885461092,0.005759409758452159,0.005655878408808139,0.007676710391346893,0.0,1.0,0.027279487451610806,11,8,0.16583123951776998,2500,OLS_iid,iid,False,5
11,9,9001,16,160001,True,0,False,100,0.0,0.014602158684283495,0.005940009206866392,0.005771359389938616,0.00867022655306564,0.0,1.0,0.02764465612464732,11,8,0.16583123951776998,2500,OLS_iid,iid,False,5
11,9,9001,18,180001,True,0,False,100,0.0,0.009938128292560577,0.005919258873564802,0.0056017107533623545,0.009432696003896767,0.0,1.0,0.027694560248831157,11,8,0.16583123951776998,2500,OLS_iid,iid,False,5
11,9,9001,0,1,True,0,False,100,0.0,0.019778577145189047,0.006278355986366736,0.006172996814528261,0.008519481947861186,0.0,1.0,0.0271721975626215,11,8,0.16583123951776998,2500,OLS_iid,iid,False,5
11,8,8001,28,280001,True,0,False,100,0.0,0.020369332749396563,0.006349091946122563,0.006090596901109629,0.00920164048688204,0.0,1.0,0.02760902314095068,11,8,0.16583123951776998,2500,OLS_iid,iid,False,5
11,9,9001,10,100001,True,0,False,100,0.0,0.01783046033233404,0.0050289554076726715,0.004727586148784587,0.007224105672561923,0.0,1.0,0.027610995102060082,11,8,0.16583123951776998,2500,OLS_iid,iid,False,5
11,9,9001,28,280001,True,0,False,100,0.0,0.0076115932315588,0.006239492477265247,0.0059845297305114375,0.008930062706618133,0.0,1.0,0.027659759019180444,11,8,0.16583123951776998,2500,OLS_iid,iid,False,5
11,9,9001,19,190001,True,0,False,100,0.0,0.014287530910223722,0.005800565934627609,0.005667654058393429,0.008094645934516963,0.0,1.0,0.02720281046079913,11,8,0.16583123951776998,2500,OLS_iid,iid,False,5
11,2,2001,17,170001,True,0,False,100,0.0,0.15615285001695156,0.006560162621905406,0.006447076975517775,0.008176769962405057,0.0,1.0,0.026801633454542326,11,8,0.16583123951776998,2500,OLS_iid,iid,False,5
11,9,9001,15,150001,True,0,False,100,0.0,0.017359451856464148,0.00685902293227844,0.006662095056322814,0.00990604267395937,0.0,1.0,0.028066183565684424,11,8,0.16583123951776998,2500,OLS_iid,iid,False,5
11,9,9001,29,290001,True,0,False,100,0.0,0.010487615130841732,0.005979096881798297,0.005878826787776298,0.007121868375332839,0.0,1.0,0.02741517543849691,11,8,0.16583123951776998,2500,OLS_iid,iid,False,5
11,9,9001,26,260001,True,0,False,100,0.0,0.008942333981394768,0.006046477171623105,0.005829334420137473,0.009113705207167967,0.0,1.0,0.02749658189750841,11,8,0.16583123951776998,2500,OLS_iid,iid,False,5
11,9,9001,27,270001,True,0,False,100,0.0,0.00856552692130208,0.0063219615393388575,0.006134113038114652,0.008093480169932273,0.0,1.0,0.027078476333635068,11,8,0.16583123951776998,2500,OLS_iid,iid,False,5
11,8,8001,19,190001,True,0,False,100,0.0,0.02243712078779936,0.007016474077979506,0.006637787760146888,0.0103922115713895,0.0,1.0,0.027361929935688943,11,8,0.16583123951776998,2500,OLS_iid,iid,False,5
11,9,9001,21,210001,True,0,False,100,0.0,0.017859069164842367,0.006147304607098634,0.005898455802919213,0.009512162470918406,0.0,1.0,0.027739340052385784,11,8,0.16583123951776998,2500,OLS_iid,iid,False,5
11,8,8001,0,1,True,0,False,100,0.0,0.050033289939165115,0.007215420245605422,0.0070953116649528575,0.010002400410806689,0.0,1.0,0.02760882489435063,11,8,0.16583123951776998,2500,OLS_iid,iid,False,5
11,8,8001,23,230001,True,0,False,100,0.0,0.024988515302538872,0.0065022916973794444,0.006370265484066487,0.008523203230367208,0.0,1.0,0.027524035511935607,11,8,0.16583123951776998,2500,OLS_iid,iid,False,5
11,9,9001,23,230001,True,0,False,100,0.0,0.017763789743185043,0.00661893628600334,0.006286498980248936,0.011617231417906484,0.0,1.0,0.027082276231355992,11,8,0.16583123951776998,2500,OLS_iid,iid,False,5
11,9,9001,25,250001,True,0,False,100,0.0,0.015556973870843649,0.005897288368821515,0.005773543040612465,0.008121379431522061,0.0,1.0,0.026832209580995435,11,8,0.16583123951776998,2500,OLS_iid,iid,False,5
11,9,9001,20,200001,True,0,False,100,0.0,0.020397583954036236,0.00606143862589594,0.005844265718409463,0.008227480567977612,0.0,1.0,0.027425067910435176,11,8,0.16583123951776998,2500,OLS_iid,iid,False,5
11,7,7001,2,20001,True,0,False,100,0.0,0.05780831119045615,0.005697149875054727,0.00546619295612343,0.008699170657021454,0.0,1.0,0.02769146253352086,11,8,0.16583123951776998,2500,OLS_iid,iid,False,5
11,9,9001,5,50001,True,0,False,100,0.0,0.02301226695999503,0.006086652532912929,0.0058462307917256035,0.008644441336598944,0.0,1.0,0.027364425268875288,11,8,0.16583123951776998,2500,OLS_iid,iid,False,5
11,7,7001,5,50001,True,0,False,100,0.0,0.0584745267406106,0.006078313715666037,0.005934699885157884,0.00810799133536482,0.0,1.0,0.027288388135122056,11,8,0.16583123951776998,2500,OLS_iid,iid,False,5
11,8,8001,27,270001,True,0,False,100,0.0,0.033768630120903254,0.006639244761100851,0.006376654080931372,0.010052999267500216,0.0,1.0,0.02705933245118092,11,8,0.16583123951776998,2500,OLS_iid,iid,False,5
11,9,9001,22,220001,True,0,False,100,0.0,0.027344949543476105,0.005591469619685166,0.005412897084810847,0.008002025878378794,0.0,1.0,0.027170817012724575,11,8,0.16583123951776998,2500,OLS_iid,iid,False,5
11,8,8001,24,240001,True,0,False,100,0.0,0.03335895296186209,0.006278952914669304,0.006007238200095105,0.009811029872830015,0.0,1.0,0.02741130061812154,11,8,0.16583123951776998,2500,OLS_iid,iid,False,5
11,7,7001,16,160001,True,0,False,100,0.0,0.056985806208103895,0.005966034893425839,0.005811907504991994,0.008991340689993636,0.0,1.0,0.027243868221799698,11,8,0.16583123951776998,2500,OLS_iid,iid,False,5
11,9,9001,11,110001,True,0,False,100,0.0,0.039688382763415575,0.006240089243614521,0.006197797961242931,0.007450520551989375,0.0,1.0,0.027015518197875486,11,8,0.16583123951776998,2500,OLS_iid,iid,False,5
11,9,9001,6,60001,True,0,False,100,0.0,0.03576830821111798,0.0059862209988318545,0.005861278465696595,0.007527007634878054,0.0,1.0,0.027022048791678743,11,8,0.16583123951776998,2500,OLS_iid,iid,False,5
11,8,8001,3,30001,True,0,False,100,0.0,0.06941750785335898,0.00607084844017166,0.005741662705269556,0.009455893360986529,0.0,1.0,0.027869037429578594,11,8,0.16583123951776998,2500,OLS_iid,iid,False,5
10,9,9001,22,220001,True,22,False,100,0.0,0.3875055629760027,0.016835780317099817,0.015010741748916643,0.025789157279963257,0.1331472417834007,0.9911117661701778,0.023972861427517596,11,8,0.16583123951776998,2500,OLS_iid,iid,False,5
11,2,2001,4,40001,True,0,False,100,0.0,0.21270529879257083,0.006373282010053206,0.006237379405514234,0.009107815077807526,0.0,1.0,0.0272578931451686,11,8,0.16583123951776998,2500,OLS_iid,iid,False,5
10,9,9001,9,90001,True,82,False,100,0.0,0.48767014080658555,0.01940705290050079,0.0173048084297738,0.03192864937323979,0.13270895941606375,0.991160311351807,0.02443054402000711,11,8,0.16583123951776998,2500,OLS_iid,iid,False,5
11,7,7001,20,200001,True,0,False,100,0.0,0.09902753494679928,0.006501594799913088,0.00631432600231221,0.009516609091227098,0.0,1.0,0.027335491258892307,11,8,0.16583123951776998,2500,OLS_iid,iid,False,5
10,9,9001,24,240001,True,17,False,100,0.0,0.3983663050457835,0.016342094610637604,0.01476294224870814,0.02773250828257408,0.13177580683771026,0.9912748036293378,0.024215494128605478,11,8,0.16583123951776998,2500,OLS_iid,iid,False,5
10,8,8001,22,220001,True,15,False,100,0.0,0.5962355760857463,0.017786968436167446,0.01634641517197991,0.028018132214937094,0.13288160338063357,0.9911176090508088,0.02395633075447185,11,8,0.16583123951776998,2500,OLS_iid,iid,False,5
10,8,8001,18,180001,True,15,False,100,0.0,0.6044036759994924,0.021471661640698855,0.016441514485274394,0.05121621857487494,0.13782617622507462,0.9904556481203032,0.024457251908126795,11,8,0.16583123951776998,2500,OLS_iid,iid,False,5
10,8,8001,0,1,True,63,False,100,0.0,0.7183466190472245,0.020028059267190767,0.016043448455199772,0.04603943616198933,0.1374464529174565,0.9905013659599412,0.02418185481951417,11,8,0.16583123951776998,2500,OLS_iid,iid,False,5
10,9,9001,25,250001,True,15,False,100,0.0,0.4001474240794778,0.020532643641883026,0.017422468823817837,0.040273614703396965,0.1378578213758725,0.9904472122686901,0.02400891388166909,11,8,0.16583123951776998,2500,OLS_iid,iid,False,5
9,7,7001,17,170001,True,215,False,100,0.17178320896016183,3.4750380348414183,0.04399598051744892,0.03216236829690151,0.09526997016047956,0.1546486157087485,0.9881911962407415,0.02024528591736395,11,8,0.16583123951776998,2500,OLS_iid,iid,False,5
10,9,9001,19,190001,True,69,False,100,0.0,0.48073143418878317,0.027378418567646803,0.020923278023804268,0.0628546266762264,0.15792515795996453,0.9874605395539318,0.024214274636240533,11,8,0.16583123951776998,2500,OLS_iid,iid,False,5
10,8,8001,6,60001,True,99,False,100,0.0,0.7457319181412458,0.018641292485976558,0.01657803537559754,0.031589586309962364,0.1302892854516123,0.9914776525339248,0.023749226986284976,11,8,0.16583123951776998,2500,OLS_iid,iid,False,5
10,8,8001,25,250001,True,54,False,100,0.0,0.6367983249947429,0.022756853015514944,0.01944732782048171,0.04242430394071584,0.13535946367598833,0.9907642793753603,0.023893230899532773,11,8,0.16583123951776998,2500,OLS_iid,iid,False,5
10,8,8001,15,150001,True,28,False,100,0.0,0.6942393281497061,0.017191505162345536,0.014617130967259206,0.03890823387056751,0.13060009934159245,0.9914290103474939,0.024259375685904853,11,8,0.16583123951776998,2500,OLS_iid,iid,False,5
11,3,3001,13,130001,True,0,False,100,0.0,0.27980794105678797,0.006355181276584249,0.0061128630687954134,0.009505128853986052,0.0,1.0,0.027329762669977737,11,8,0.16583123951776998,2500,OLS_iid,iid,False,5
10,8,8001,21,210001,True,15,False,100,0.0,0.6766731669194996,0.013444597931547711,0.011402786108993729,0.025689093650715585,0.12100664076366541,0.9926515039890348,0.024042055954762106,11,8,0.16583123951776998,2500,OLS_iid,iid,False,5
6,9,9001,28,280001,True,332,False,100,0.48138778909358665,16.6885203612037,0.1309632839599067,0.1040072838273177,0.24226275823171795,0.2343483264692904,0.9711986639249096,0.010748127910523072,11,8,0.16583123951776998,2500,OLS_iid,iid,False,5
10,9,9001,18,180001,True,67,False,100,0.0,0.5318260570056736,0.02074870427488378,0.016105777573652846,0.046670259075495345,0.14112201424115564,0.9899859601487763,0.023831584259190214,11,8,0.16583123951776998,2500,OLS_iid,iid,False,5
9,8,8001,28,280001,True,336,False,100,0.35264412982303817,2.9307286660186946,0.03503195645131469,0.03152315748725582,0.05780744801470483,0.15201962094281174,0.988473621010548,0.020220213072236336,11,8,0.16583123951776998,2500,OLS_iid,iid,False,5
9,9,9001,12,120001,True,182,False,100,0.1907847586830156,2.7342957160435617,0.03798233250164346,0.030261621228706657,0.08556612844349877,0.1491631873996772,0.9890178196766086,0.02029476721625481,11,8,0.16583123951776998,2500,OLS_iid,iid,False,5
9,9,9001,18,180001,True,151,False,100,0.11560586870694832,2.665756072383374,0.038000182102521235,0.028292437778495494,0.09749124820086662,0.14645001094030596,0.9891883255240057,0.020873898784712186,11,8,0.16583123951776998,2500,OLS_iid,iid,False,5
9,8,8001,27,270001,True,149,False,100,0.1718990024637719,2.961537784896791,0.04037720663058306,0.03483937967097525,0.07643660485661681,0.15028289692484154,0.9887068028356352,0.02055108971755958,11,8,0.16583123951776998,2500,OLS_iid,iid,False,5
10,9,9001,15,150001,True,37,False,100,0.0,0.5734635782428086,0.017423694991123197,0.014769943387302352,0.039979155041049104,0.13122957158656004,0.9913388687854132,0.023974131095963032,11,8,0.16583123951776998,2500,OLS_iid,iid,False,5
10,7,7001,14,140001,True,61,False,100,0.0,0.9304890097118914,0.018302139198842278,0.014496717800336872,0.0473606901395275,0.13027823047101117,0.991479075222535,0.02398995176022581,11,8,0.16583123951776998,2500,OLS_iid,iid,False,5
10,9,9001,29,290001,True,39,False,100,0.0,0.4869092246517539,0.021633169112005652,0.019036876472536504,0.03619104180052188,0.1424464844164986,0.989807077233442,0.02423997899840873,11,8,0.16583123951776998,2500,OLS_iid,iid,False,5
10,9,9001,13,130001,True,84,False,100,0.0,0.6120160380378366,0.01681201719486669,0.014661410324930542,0.03297247370019858,0.12610722478128836,0.9920191253105171,0.02397633034581096,11,8,0.16583123951776998,2500,OLS_iid,iid,False,5
10,3,3001,27,270001,True,64,False,100,0.0,1.560039940290153,0.010998246729087571,0.00994984467803498,0.01965825146481764,0.12003332865074559,0.9927778215477053,0.02411417972817008,11,8,0.16583123951776998,2500,OLS_iid,iid,False,5
9,4,4001,8,80001,True,459,False,100,0.31428447848226193,5.514233659021556,0.05269429551914096,0.03845278782638233,0.13229800129288513,0.18537159870805497,0.983265770508841,0.020780920048145725,11,8,0.16583123951776998,2500,OLS_iid,iid,False,5
10,8,8001,28,280001,True,15,False,100,0.0,0.7338371719233692,0.021644466876861116,0.01743012105191283,0.04899949028741967,0.13936396532673886,0.9902409857320671,0.024688741917989775,11,8,0.16583123951776998,2500,OLS_iid,iid,False,5
10,8,8001,20,200001,True,71,False,100,0.0,0.7871186411939561,0.013316310899754344,0.011430431857576202,0.025417477161495658,0.12336027271965347,0.9923590612299207,0.023643075304585988,11,8,0.16583123951776998,2500,OLS_iid,iid,False,5
9,9,9001,10,100001,True,268,False,100,0.19006399455005535,2.8952683368697762,0.03452352599707995,0.029542080918592548,0.07512434298424768,0.14346345241095232,0.9896843512591003,0.020797596960614173,11,8,0.16583123951776998,2500,OLS_iid,iid,False,5
10,4,4001,16,160001,True,98,False,100,0.0,1.5504331099800766,0.018534531187400772,0.016286287160464465,0.03444728162260349,0.1307824614730779,0.9914182803928313,0.023742881585901023,11,8,0.16583123951776998,2500,OLS_iid,iid,False,5
10,3,3001,10,100001,True,76,False,100,0.0,1.7749201958067715,0.02227889227505171,0.019150094990876262,0.04477579129255453,0.13463248774711398,0.9908912305293682,0.024115346503936087,11,8,0.16583123951776998,2500,OLS_iid,iid,False,5
8,4,4001,10,100001,True,334,False,100,0.23672156555483698,10.996115249115974,0.0991882666892504,0.07066672493289222,0.264434307661245,0.2194238513413617,0.9757857436427178,0.01725636995810541,11,8,0.16583123951776998,2500,OLS_iid,iid,False,5
9,4,4001,18,180001,True,284,False,100,0.11560586870694832,5.396404751110822,0.03834388269960318,0.029767254215232443,0.09372148718827412,0.14675849361448134,0.989135556229514,0.02080984954459204,11,8,0.16583123951776998,2500,OLS_iid,iid,False,5
9,6,6001,12,120001,True,479,False,100,0.1907847586830156,4.307823392096907,0.037369131151888106,0.030003714993918695,0.08080771268900618,0.14888150203420136,0.9890453897395669,0.020303576326115052,11,8,0.16583123951776998,2500,OLS_iid,iid,False,5
9,9,9001,16,160001,True,344,False,100,0.1353776122713779,2.864676735829562,0.06683341007944611,0.04500518923183521,0.15502688267283832,0.19870029707533665,0.9804726902669918,0.020699021893084864,11,8,0.16583123951776998,2500,OLS_iid,iid,False,5
9,8,8001,19,190001,True,186,False,100,0.004327836137313218,3.2217971882782876,0.045488456110957476,0.04065588691884604,0.07554769397976809,0.16198272466249045,0.9867208279636459,0.020391212628981695,11,8,0.16583123951776998,2500,OLS_iid,iid,False,5
9,7,7001,24,240001,True,406,False,100,0.10674022005060511,3.5881680427119136,0.048293400792069424,0.03335893855876593,0.11186796829316566,0.16468379639300418,0.9864499754613827,0.02078708657009856,11,8,0.16583123951776998,2500,OLS_iid,iid,False,5
10,9,9001,10,100001,True,69,False,100,0.0,0.7992386659607291,0.022458427727503796,0.018519176784869765,0.046962510929871464,0.13498443682477898,0.9908431921205768,0.023877282061115668,11,8,0.16583123951776998,2500,OLS_iid,iid,False,5
10,5,5001,7,70001,True,77,False,100,0.0,1.546230646315962,0.01736201731505847,0.015839460542962532,0.028639469271387535,0.12964964796476067,0.9915711127029933,0.024218842060907277,11,8,0.16583123951776998,2500,OLS_iid,iid,False,5
8,5,5001,6,60001,True,366,False,100,0.5546778985140032,10.689508903305978,0.09162778778521512,0.06837164920992798,0.21816834623487621,0.24125324825445357,0.9715167850503376,0.017161885179064477,11,8,0.16583123951776998,2500,OLS_iid,iid,False,5
10,8,8001,14,140001,True,81,False,100,0.0,1.0661833379417658,0.01942574013911815,0.015471542242267227,0.04932431307356378,0.1298242641756479,0.9915361597084353,0.024457743170416366,11,8,0.16583123951776998,2500,OLS_iid,iid,False,5
9,7,7001,6,60001,True,276,False,100,0.5546778985140032,4.2934535020031035,0.059519164507576966,0.04881103888321936,0.13468585199424385,0.21800483754678798,0.978942613754328,0.020696320907244894,11,8,0.16583123951776998,2500,OLS_iid,iid,False,5
9,9,9001,20,200001,True,308,False,100,0.5808151268594547,3.103585332632065,0.0372478008483383,0.027713985916299123,0.09224149061713081,0.18207934548908528,0.9846293927712746,0.02035880402819347,11,8,0.16583123951776998,2500,OLS_iid,iid,False,5
9,0,1,21,210001,True,407,False,100,0.3837700796628207,7.8970729587599635,0.053506178686960636,0.040088123635480144,0.11427368134756612,0.18596291826539157,0.9837320432341409,0.020274587033898263,11,8,0.16583123951776998,2500,OLS_iid,iid,False,5
9,2,2001,21,210001,True,446,False,100,0.3837700796628207,6.810946015175432,0.05401770618426876,0.03992462298162864,0.11668897600658348,0.19233914876315167,0.9826405442156396,0.021028423326519403,11,8,0.16583123951776998,2500,OLS_iid,iid,False,5
9,8,8001,2,20001,True,451,False,100,0.10678744564580443,3.8645769460126758,0.03380454414731715,0.0293730329214405,0.059001602262016666,0.13970902347606795,0.9901928091888095,0.02059156112096032,11,8,0.16583123951776998,2500,OLS_iid,iid,False,5
9,5,5001,20,200001,True,502,False,100,0.5808151268594547,5.132414949592203,0.033531335308047465,0.025416002701078175,0.07976717340999144,0.17150698396586106,0.9862598581627634,0.020340884440570084,11,8,0.16583123951776998,2500,OLS_iid,iid,False,5
9,8,8001,9,90001,True,221,False,100,0.5186047481243948,3.698873114772141,0.03826743411781542,0.03310439564245629,0.08626382281424179,0.17222661771956227,0.9858298195793759,0.020769190678681854,11,8,0.16583123951776998,2500,OLS_iid,iid,False,5
9,3,3001,12,120001,True,337,False,100,0.1907847586830156,6.565349849872291,0.03920639428817109,0.030251627522143054,0.08964841533209308,0.15368913299063247,0.988309317519334,0.020678597957664614,11,8,0.16583123951776998,2500,OLS_iid,iid,False,5
9,9,9001,2,20001,True,434,False,100,0.10678744564580443,3.4861706169322133,0.05251524843029562,0.03934846734675539,0.12008619311290206,0.16905151347707414,0.9857242843678173,0.021003854715867135,11,8,0.16583123951776998,2500,OLS_iid,iid,False,5
9,7,7001,11,110001,True,396,False,100,0.13925413013264568,4.33020152291283,0.04238071452934276,0.03712252937194373,0.07945396718991952,0.15229575503034037,0.9884096250390038,0.02020627381305842,11,8,0.16583123951776998,2500,OLS_iid,iid,False,5
9,9,9001,19,190001,True,261,False,100,0.004327836137313218,3.355826956219971,0.048351976159308335,0.042324526560621606,0.08628556595702715,0.16901026318989662,0.9855499639531415,0.020761625084362533,11,8,0.16583123951776998,2500,OLS_iid,iid,False,5
9,9,9001,11,110001,True,435,False,100,0.13925413013264568,3.529908644966781,0.05184044520228958,0.04205086690055717,0.11016404779168829,0.1700648760696828,0.9856096360089548,0.02089802529003888,11,8,0.16583123951776998,2500,OLS_iid,iid,False,5
9,4,4001,2,20001,True,463,False,100,0.10678744564580443,6.350202487315983,0.05854357068778826,0.04260991026052881,0.13950143789828015,0.17894816509964695,0.9840216650837801,0.020495790110744157,11,8,0.16583123951776998,2500,OLS_iid,iid,False,5
9,3,3001,26,260001,True,352,False,100,0.35906845313959074,6.402669779956341,0.04962356024720863,0.040049142961415714,0.10188784079156846,0.17978891788239187,0.9845674986897975,0.02051220203504111,11,8,0.16583123951776998,2500,OLS_iid,iid,False,5
9,7,7001,15,150001,True,480,False,100,0.18345162561717873,4.418288436252624,0.05184886409353059,0.043489079114526624,0.09829406195240853,0.17170337947568184,0.9853971552997136,0.020206520106317925,11,8,0.16583123951776998,2500,OLS_iid,iid,False,5
9,3,3001,15,150001,True,567,False,100,0.18345162561717873,6.668629058171064,0.04408073524862014,0.03916711792960557,0.07846566771706831,0.15996835672667425,0.9871777930701606,0.02041236628353847,11,8,0.16583123951776998,2500,OLS_iid,iid,False,5
9,4,4001,26,260001,True,277,False,100,0.35906845313959074,5.941632675006986,0.04186869967553038,0.0354327611804629,0.07979112104793507,0.16635124568822263,0.9865649359523649,0.020443811689647536,11,8,0.16583123951776998,2500,OLS_iid,iid,False,5
9,6,6001,25,250001,True,308,False,100,0.5460526624037864,4.879893539007753,0.04540639168000896,0.03678078280749588,0.09232342808913604,0.18694226043877565,0.9842349221318363,0.02066075294144032,11,8,0.16583123951776998,2500,OLS_iid,iid,False,5
8,9,9001,24,240001,True,358,False,100,0.24376382768363403,8.833302022889256,0.06451006705196125,0.044770499106803356,0.1538678852057992,0.1693039003037616,0.9850970208605135,0.01743264954461994,11,8,0.16583123951776998,2500,OLS_iid,iid,False,5
9,1,1001,24,240001,True,513,False,100,0.10674022005060511,7.880247583147138,0.05645500598639105,0.037991237589543786,0.1309980723616505,0.17767592949401617,0.9841784539563483,0.020664417098056238,11,8,0.16583123951776998,2500,OLS_iid,iid,False,5
9,9,9001,0,1,True,402,False,100,0.08667281852210684,3.8414673088118434,0.049272119488445565,0.03622279102170609,0.12065734301992753,0.16677484230750955,0.9859990090812101,0.020103642532815012,11,8,0.16583123951776998,2500,OLS_iid,iid,False,5
9,7,7001,23,230001,True,358,False,100,0.02051987004675352,4.409709359984845,0.03553172734467909,0.028531489079570673,0.07607282975918794,0.14179344157317897,0.9899128634616007,0.020734176777788632,11,8,0.16583123951776998,2500,OLS_iid,iid,False,5
9,8,8001,7,70001,True,463,False,100,0.186904100300253,4.30519264889881,0.03308870427851484,0.027707878763094298,0.06937850817309048,0.14350610279060233,0.9897541408740604,0.02076930785172643,11,8,0.16583123951776998,2500,OLS_iid,iid,False,5
9,8,8001,25,250001,True,575,False,100,0.5460526624037864,4.10609618620947,0.038887461812366235,0.03347862175783331,0.06783758045654675,0.16859448102405544,0.9868326658589989,0.020879036420454918,11,8,0.16583123951776998,2500,OLS_iid,iid,False,5
9,7,7001,4,40001,True,391,False,100,0.41496186204243024,5.019392802845687,0.0470741202015533,0.041362563712151995,0.08995299272937343,0.17209662604912093,0.9857088521055329,0.02100860530860194,11,8,0.16583123951776998,2500,OLS_iid,iid,False,5
9,9,9001,17,170001,True,467,False,100,0.17178320896016183,3.87899803603068,0.04324549413202635,0.03159040360806982,0.09621759576407929,0.1565834196802842,0.9878769485197801,0.02083376085178626,11,8,0.16583123951776998,2500,OLS_iid,iid,False,5
9,8,8001,1,10001,True,507,False,100,0.026637315935290562,4.562316402327269,0.052633151160585714,0.036445304999372555,0.12044664752272755,0.17443189498886827,0.9847810408358724,0.02043094915839845,11,8,0.16583123951776998,2500,OLS_iid,iid,False,5
9,9,9001,24,240001,True,533,False,100,0.10674022005060511,3.8882446377538145,0.050393164194891316,0.03541214700915319,0.11572593355552621,0.16536299838247082,0.9863029689653846,0.02072245200946087,11,8,0.16583123951776998,2500,OLS_iid,iid,False,5
9,8,8001,5,50001,True,540,False,100,0.47761220854332603,4.681130193639547,0.040477495589935644,0.03492174953199261,0.07413071580490797,0.16886626508205332,0.986443351485933,0.02076267790986352,11,8,0.16583123951776998,2500,OLS_iid,iid,False,5
9,9,9001,15,150001,True,337,False,100,0.18345162561717873,4.1220317468978465,0.03995660427660393,0.03646989441184733,0.0641458352335328,0.14981260670663946,0.9887278053214346,0.02051971635128458,11,8,0.16583123951776998,2500,OLS_iid,iid,False,5
9,2,2001,10,100001,True,531,False,100,0.19006399455005535,8.16362072294578,0.03884769307063565,0.03292303725910975,0.08839228383466219,0.15162606944285656,0.9884751063835492,0.021011161547719422,11,8,0.16583123951776998,2500,OLS_iid,iid,False,5
9,9,9001,27,270001,True,345,False,100,0.1718990024637719,4.181023490149528,0.04714095625580268,0.037893799430427734,0.09700558012653612,0.16308825638543778,0.9868051369781259,0.021112274512523885,11,8,0.16583123951776998,2500,OLS_iid,iid,False,5
9,9,9001,23,230001,True,596,False,100,0.02051987004675352,4.441146284341812,0.042527771190361115,0.03139590503377212,0.09973409175631227,0.1519841098392631,0.9884366151123554,0.020601418786969066,11,8,0.16583123951776998,2500,OLS_iid,iid,False,5
