n_known_src,init,init_seed,init_data,data_seed,converged,convergence_iteration,normalize_A,sn_ratio,Au_coherence,elapsed,A_err,A_err_angle_mean,A_err_angle_max,S_err_MSE,S_err_MCC,X_err,nsrc,nobs,sd_err,nreps,method,err_correlation_type,whiten_data,mu
0,0,1,20,200001,True,128,False,100,0.9698057539679772,1.2438706457614899,0.5480659205129264,0.5485915963471343,0.9571391322966989,1.0967091013017216,0.5215670295598304,7.978287418199553e-05,6,4,0.17320508075688773,2500,OLS_debias_iid,iid,False,5
0,0,1,27,270001,True,125,False,100,0.9558072328884016,1.2451338381506503,0.36662206070830744,0.36565551970972404,0.47067536822966144,0.7698980500656516,0.6579392868402901,0.00012316283260138902,6,4,0.17320508075688773,2500,OLS_debias_iid,iid,False,5
0,0,1,12,120001,True,127,False,100,0.9424766003573796,1.2824175152927637,0.4585278753403089,0.4516179853888878,0.8340502094995139,0.7725274045115396,0.665313440040875,9.951672170868914e-05,6,4,0.17320508075688773,2500,OLS_debias_iid,iid,False,5
0,0,1,1,10001,True,143,False,100,0.7703467396720308,1.3413108149543405,0.4230455673060411,0.4209695133736311,0.5745890502899809,0.7224551782288059,0.7127099579781425,9.890767768646801e-05,6,4,0.17320508075688773,2500,OLS_debias_iid,iid,False,5
0,0,1,18,180001,True,141,False,100,0.7872493539903449,1.2805748991668224,0.4813530675399671,0.47964612199650913,0.813488438320892,1.1903290180270754,0.6628628286809742,0.00011707937374321782,6,4,0.17320508075688773,2500,OLS_debias_iid,iid,False,5
0,0,1,0,1,True,153,False,100,0.650369580366975,1.3939824211411178,0.5278083744070837,0.5255080864349424,0.8581848934329543,0.9944842625869884,0.6053202096238318,0.00011385337281907857,6,4,0.17320508075688773,2500,OLS_debias_iid,iid,False,5
0,0,1,3,30001,True,133,False,100,0.668082389962673,1.3356684357859194,0.5054262011231077,0.49444487811560006,0.8815406533551894,0.8404871919061935,0.6789829123887774,0.00013642911008956185,6,4,0.17320508075688773,2500,OLS_debias_iid,iid,False,5
0,1,1001,17,170001,True,135,False,100,0.665171334329907,1.2279142239131033,0.4122757278466259,0.3844485531130635,0.8191902635865753,0.746996631552875,0.7045095756191415,0.00012222877752578282,6,4,0.17320508075688773,2500,OLS_debias_iid,iid,False,5
0,1,1001,13,130001,True,123,False,100,0.9097177793642689,1.2411994957365096,0.47830942444923896,0.45815228196993335,0.7502889449304887,0.9040931878104207,0.631479765887874,0.00016783405719773841,6,4,0.17320508075688773,2500,OLS_debias_iid,iid,False,5
0,1,1001,19,190001,True,128,False,100,0.9061396260304647,1.229303723666817,0.43962825920081744,0.4364328209248642,0.7089153133863858,0.8851219913288025,0.6155865676104327,8.95516434393821e-05,6,4,0.17320508075688773,2500,OLS_debias_iid,iid,False,5
0,1,1001,27,270001,True,120,False,100,0.9558072328884016,1.21510567702353,0.3764762632162715,0.3603650723091362,0.6467298123833393,0.7633906422380554,0.6803197907315912,0.00012081055503451568,6,4,0.17320508075688773,2500,OLS_debias_iid,iid,False,5
0,1,1001,1,10001,True,135,False,100,0.7703467396720308,1.3003524243831635,0.33324970439544094,0.3007016840679095,0.6473645701487185,0.6408156149404983,0.766518625995059,0.00015011709197305372,6,4,0.17320508075688773,2500,OLS_debias_iid,iid,False,5
0,1,1001,9,90001,True,134,False,100,0.9906790178528795,1.299464400857687,0.4494213842348586,0.43247811088461047,0.8123019726960419,0.9793932478920815,0.574454427134139,3.994454168415124e-05,6,4,0.17320508075688773,2500,OLS_debias_iid,iid,False,5
0,0,1,29,290001,True,134,False,100,0.9745603870697144,1.315006956923753,0.5565115307607736,0.5869655710617131,0.6734379792622461,1.1820890290897619,0.42151505840234976,4.838584119299411e-05,6,4,0.17320508075688773,2500,OLS_debias_iid,iid,False,5
0,1,1001,16,160001,True,128,False,100,0.693497860650647,1.2734763897024095,0.5964725883765957,0.6364012901913324,0.7896705476731413,1.0089546131398879,0.5278295572713566,0.0001813515140744613,6,4,0.17320508075688773,2500,OLS_debias_iid,iid,False,5
0,1,1001,18,180001,True,125,False,100,0.7872493539903449,1.2717929729260504,0.56785591579334,0.5899366766860988,1.029940458632531,1.015364909256442,0.6599060440132997,0.00014063285867142475,6,4,0.17320508075688773,2500,OLS_debias_iid,iid,False,5
0,2,2001,21,210001,True,121,False,100,0.8161923022139428,1.1484043239615858,0.49792342756209657,0.5010982336242064,0.8227372819374047,0.850912638682841,0.6208087383266883,0.00019989381682583365,6,4,0.17320508075688773,2500,OLS_debias_iid,iid,False,5
0,0,1,19,190001,True,127,False,100,0.9061396260304647,1.3582673310302198,0.40361845660498036,0.3916180808915586,0.5752430735052972,0.7801856700723016,0.6751109120490781,8.774592766468931e-05,6,4,0.17320508075688773,2500,OLS_debias_iid,iid,False,5
0,1,1001,8,80001,True,146,False,100,0.8315159796302958,1.3285738290287554,0.5593416955972464,0.5647667122847491,0.871628166312477,1.0854355889481113,0.617945694952457,6.339311738410784e-05,6,4,0.17320508075688773,2500,OLS_debias_iid,iid,False,5
0,0,1,9,90001,True,152,False,100,0.9906790178528795,1.4023975199088454,0.4430518626830841,0.43019841720120927,0.7661816477374137,1.0930130907906073,0.4315272645696285,2.241185395092149e-05,6,4,0.17320508075688773,2500,OLS_debias_iid,iid,False,5
0,2,2001,13,130001,True,127,False,100,0.9097177793642689,1.2385792047716677,0.4674081125001933,0.4025640544913043,0.7395128822185167,1.0504164231361914,0.6918698474148091,9.700204846748185e-05,6,4,0.17320508075688773,2500,OLS_debias_iid,iid,False,5
0,1,1001,11,110001,True,138,False,100,0.7833538323101048,1.3728850949555635,0.33044246203345173,0.3060329577917582,0.5287281985134137,0.7452471379779043,0.7352291754572637,8.572300593408287e-05,6,4,0.17320508075688773,2500,OLS_debias_iid,iid,False,5
0,3,3001,7,70001,True,130,False,100,0.9449932377097905,1.2341589978896081,0.5392931474579402,0.5967307244689236,0.91012364450495,2.6986320659078387,0.482389479664977,7.162655299832553e-05,6,4,0.17320508075688773,2500,OLS_debias_iid,iid,False,5
0,3,3001,21,210001,True,118,False,100,0.8161923022139428,1.215427704155445,0.5100960018383871,0.5170300830387312,0.7848082123991088,0.8917225522434894,0.6417794529699904,0.00021292310571863996,6,4,0.17320508075688773,2500,OLS_debias_iid,iid,False,5
0,0,1,15,150001,True,150,False,100,0.7280636685857087,1.4552369229495525,0.3152081659151582,0.29096726136113776,0.5173079462482566,0.7032125246853127,0.7400650022845481,7.664983103423965e-05,6,4,0.17320508075688773,2500,OLS_debias_iid,iid,False,5
0,0,1,8,80001,True,125,False,100,0.8315159796302958,1.4813258228823543,0.38454848732163555,0.37507345859308355,0.608186780999256,0.7567601518948012,0.7224425262366126,0.00017008735167798434,6,4,0.17320508075688773,2500,OLS_debias_iid,iid,False,5
0,0,1,14,140001,True,137,False,100,0.906158854383296,1.4597862800583243,0.3906999295207593,0.35431846945646384,0.6648316712227413,0.7126923026114501,0.7200374924438672,7.221797145416816e-05,6,4,0.17320508075688773,2500,OLS_debias_iid,iid,False,5
0,2,2001,1,10001,True,135,False,100,0.7703467396720308,1.3002666449174285,0.5057261947966607,0.4811939541597221,1.044088366932815,0.9552451650075744,0.6382958405090423,0.00010910826316584795,6,4,0.17320508075688773,2500,OLS_debias_iid,iid,False,5
0,1,1001,29,290001,True,140,False,100,0.9745603870697144,1.3536544851958752,0.45930428439076304,0.45493188788472555,0.7691688459455128,0.9052178194971753,0.643721208339913,4.473450331779578e-05,6,4,0.17320508075688773,2500,OLS_debias_iid,iid,False,5
0,0,1,24,240001,True,128,False,100,0.90666550507506,1.4541673711501062,0.6240306924866521,0.6694946774953202,0.9108921706761427,1.0144277426402064,0.5997222831729345,8.473834692402178e-05,6,4,0.17320508075688773,2500,OLS_debias_iid,iid,False,5
0,1,1001,28,280001,True,145,False,100,0.9355996664555999,1.370533571112901,0.5175260768072357,0.519904586416427,0.8837207606549405,0.9119772028112257,0.6402293067691339,8.562007239515706e-05,6,4,0.17320508075688773,2500,OLS_debias_iid,iid,False,5
0,2,2001,9,90001,True,140,False,100,0.9906790178528795,1.3586837388575077,0.2932551797141567,0.27858104891219254,0.38878881630887324,0.7807180752566228,0.6934822352766297,3.5708675633005595e-05,6,4,0.17320508075688773,2500,OLS_debias_iid,iid,False,5
0,0,1,17,170001,True,145,False,100,0.665171334329907,1.4543480901047587,0.4521987459771934,0.4462921933037404,0.7420199729610641,0.7897937134381023,0.6757352139594315,8.452685311514099e-05,6,4,0.17320508075688773,2500,OLS_debias_iid,iid,False,5
0,1,1001,7,70001,True,148,False,100,0.9449932377097905,1.498947924003005,0.49723596303360246,0.484050608969443,0.6420662863657627,0.8724863220755252,0.5973794784982688,5.838635233585435e-05,6,4,0.17320508075688773,2500,OLS_debias_iid,iid,False,5
0,0,1,10,100001,True,149,False,100,0.9712551925535012,1.5613673678599298,0.39966110255049253,0.33105099885167133,1.019122570780965,0.7326386235446988,0.6903735816391569,2.7214579812199847e-05,6,4,0.17320508075688773,2500,OLS_debias_iid,iid,False,5
0,1,1001,25,250001,True,151,False,100,0.8162301434962846,1.451760308817029,0.4444764321503999,0.4354194896319655,0.6388249198345356,0.7634253877660627,0.6818151789838228,7.772330718619697e-05,6,4,0.17320508075688773,2500,OLS_debias_iid,iid,False,5
0,2,2001,12,120001,True,143,False,100,0.9424766003573796,1.3921245238743722,0.29902519773129127,0.27702669809337,0.5040883618247782,0.7325231252861829,0.7131973524249747,7.991246640366871e-05,6,4,0.17320508075688773,2500,OLS_debias_iid,iid,False,5
0,2,2001,23,230001,True,144,False,100,0.9974193074539494,1.3767365063540637,0.5478447365456091,0.5544390525139775,0.9382407731904829,1.043099899481848,0.5407742472608618,1.9461029999748883e-05,6,4,0.17320508075688773,2500,OLS_debias_iid,iid,False,5
0,0,1,23,230001,True,153,False,100,0.9974193074539494,1.5127280033193529,0.2791651093619334,0.25901774371212655,0.3968725120219052,0.9251784949248553,0.5843635673144604,1.4505855055343108e-05,6,4,0.17320508075688773,2500,OLS_debias_iid,iid,False,5
0,2,2001,4,40001,True,151,False,100,0.9087184118099425,1.4514399911276996,0.5043026762414274,0.5066374459261994,0.9265996028904026,0.8975431326396069,0.6681530574706915,8.039275228194838e-05,6,4,0.17320508075688773,2500,OLS_debias_iid,iid,False,5
0,3,3001,11,110001,True,146,False,100,0.7833538323101048,1.3741438048891723,0.4396351904809295,0.3958211845883198,0.9826700350985935,0.8181260983221669,0.6512766307638423,9.274829553338166e-05,6,4,0.17320508075688773,2500,OLS_debias_iid,iid,False,5
0,3,3001,12,120001,True,137,False,100,0.9424766003573796,1.3792421878315508,0.45250284178829,0.4024654450201157,0.768167417300508,0.8354405032927062,0.6435247571574386,6.348886826659442e-05,6,4,0.17320508075688773,2500,OLS_debias_iid,iid,False,5
0,3,3001,10,100001,True,151,False,100,0.9712551925535012,1.3881142539903522,0.5162927027587636,0.508843877163793,0.9904498115602324,1.0540691037019276,0.5354013864872679,2.837447142053824e-05,6,4,0.17320508075688773,2500,OLS_debias_iid,iid,False,5
0,1,1001,14,140001,True,151,False,100,0.906158854383296,1.5350329312495887,0.3530308147583687,0.355099801450032,0.4326163688599091,0.9003242444342682,0.6237647248414974,2.905862220023162e-05,6,4,0.17320508075688773,2500,OLS_debias_iid,iid,False,5
0,2,2001,25,250001,True,121,False,100,0.8162301434962846,1.4228873401880264,0.5142222550295675,0.5230492186746191,0.9515425210761058,0.9002996285516306,0.6300730290994023,0.00010049295508238431,6,4,0.17320508075688773,2500,OLS_debias_iid,iid,False,5
0,3,3001,5,50001,True,157,False,100,0.914760637550691,1.4103406006470323,0.5083616620568819,0.491006082143697,0.9010311760354035,0.8790910033740708,0.6704166313338747,4.025302376242524e-05,6,4,0.17320508075688773,2500,OLS_debias_iid,iid,False,5
0,2,2001,2,20001,True,139,False,100,0.8756579723219927,1.4920171950943768,0.4419528691758539,0.39629545866823124,1.221288185767444,1.083950021106995,0.6042948842142213,8.132319628565499e-05,6,4,0.17320508075688773,2500,OLS_debias_iid,iid,False,5
0,1,1001,2,20001,True,132,False,100,0.8756579723219927,1.6219319459050894,0.5924907416066796,0.6071833168651397,1.0025945212538163,1.215531261046882,0.5128838715112493,9.557516633427996e-05,6,4,0.17320508075688773,2500,OLS_debias_iid,iid,False,5
0,3,3001,22,220001,True,139,False,100,0.9607712732262954,1.424677075818181,0.5441859288763846,0.5361800571295323,0.8940747980599206,0.9344996797656685,0.5439650305858849,3.01775970405326e-05,6,4,0.17320508075688773,2500,OLS_debias_iid,iid,False,5
0,3,3001,14,140001,True,148,False,100,0.906158854383296,1.446899423841387,0.47473706602492943,0.4395621167599004,0.7229431246228633,0.9737183716290433,0.593035321991587,5.405934183186005e-05,6,4,0.17320508075688773,2500,OLS_debias_iid,iid,False,5
0,0,1,2,20001,True,178,False,100,0.8756579723219927,1.7144536902196705,0.4966103604624937,0.48214182196853556,1.1653089704538024,1.0212819783009854,0.6452829980581506,3.8568675185243084e-05,6,4,0.17320508075688773,2500,OLS_debias_iid,iid,False,5
0,3,3001,4,40001,True,126,False,100,0.9087184118099425,1.4668749580159783,0.42739568783020127,0.4055544734568351,0.902859193781288,0.8950162533815825,0.7040679403012163,0.0001245268070053098,6,4,0.17320508075688773,2500,OLS_debias_iid,iid,False,5
0,2,2001,0,1,True,160,False,100,0.650369580366975,1.5592842129990458,0.5868739992372607,0.616946701715109,0.9018267176476747,1.0687698084887058,0.5746231019598055,0.00010007083644375334,6,4,0.17320508075688773,2500,OLS_debias_iid,iid,False,5
0,2,2001,7,70001,True,167,False,100,0.9449932377097905,1.5688510038889945,0.4222649945801208,0.36469737397066343,1.1892706708698448,1.2510410831658725,0.6220904556421716,2.802603329040996e-05,6,4,0.17320508075688773,2500,OLS_debias_iid,iid,False,5
0,2,2001,8,80001,True,120,False,100,0.8315159796302958,1.5754121160134673,0.43495817126094016,0.3837066483499682,0.7462930391702138,0.8633519768468862,0.6930085474872669,0.0001513178970440921,6,4,0.17320508075688773,2500,OLS_debias_iid,iid,False,5
0,3,3001,3,30001,True,127,False,100,0.668082389962673,1.5532428971491754,0.46926151078143413,0.44592536572828195,0.6781459135460414,0.8077593446603215,0.6810204696862074,8.871120159362853e-05,6,4,0.17320508075688773,2500,OLS_debias_iid,iid,False,5
0,0,1,11,110001,True,179,False,100,0.7833538323101048,1.8146509691141546,0.3810131187179487,0.34307615986059686,0.6194159354535079,0.7231244260421293,0.7293613192976216,7.073722380814216e-05,6,4,0.17320508075688773,2500,OLS_debias_iid,iid,False,5
0,1,1001,24,240001,True,173,False,100,0.90666550507506,1.7066874969750643,0.3049921435043766,0.2746482595858551,0.5595591356724998,0.8065024543062972,0.7372691293205342,3.212527900997489e-05,6,4,0.17320508075688773,2500,OLS_debias_iid,iid,False,5
0,0,1,22,220001,True,152,False,100,0.9607712732262954,1.8003749521449208,0.29646425006832805,0.24901801225063083,0.5054375748104571,0.8004965291700111,0.7069792132492978,2.4760983310769703e-05,6,4,0.17320508075688773,2500,OLS_debias_iid,iid,False,5
0,0,1,4,40001,True,159,False,100,0.9087184118099425,1.8767302758060396,0.4315254116642051,0.41249362769846093,0.6529430574837188,0.7484172789685412,0.6883688903899233,6.7790027170715e-05,6,4,0.17320508075688773,2500,OLS_debias_iid,iid,False,5
0,4,4001,6,60001,True,139,False,100,0.9614930683716931,1.4369947570376098,0.37862592170349196,0.36558817748742656,0.6175824860068864,0.8356556244972313,0.6725211104880183,5.542354805405301e-05,6,4,0.17320508075688773,2500,OLS_debias_iid,iid,False,5
0,0,1,6,60001,True,142,False,100,0.9614930683716931,1.873100012075156,0.4949068657632087,0.49384223093483337,0.821368753381518,0.884966127935051,0.6365074489575875,5.060012997031536e-05,6,4,0.17320508075688773,2500,OLS_debias_iid,iid,False,5
0,3,3001,17,170001,True,167,False,100,0.665171334329907,1.6404573409818113,0.4698388821484992,0.46255394625474566,0.9524519870289923,0.8154593076959653,0.6548725176557448,6.983445456570903e-05,6,4,0.17320508075688773,2500,OLS_debias_iid,iid,False,5
0,1,1001,5,50001,True,138,False,100,0.914760637550691,1.8403003211133182,0.5184999025139259,0.5177353523720041,0.8717055438129678,0.9000140698067193,0.6628147694635154,5.745524180253664e-05,6,4,0.17320508075688773,2500,OLS_debias_iid,iid,False,5
0,1,1001,26,260001,True,171,False,100,0.9190167706595254,1.7876024963334203,0.33290401916025203,0.3196615808162498,0.5785804072552542,0.702225598199064,0.73192821239093,5.7307333134824636e-05,6,4,0.17320508075688773,2500,OLS_debias_iid,iid,False,5
0,2,2001,19,190001,True,142,False,100,0.9061396260304647,1.7192303850315511,0.44425559683921406,0.42560041550943856,0.738994951103137,0.886726151224285,0.5972519783810414,7.824199496473899e-05,6,4,0.17320508075688773,2500,OLS_debias_iid,iid,False,5
0,2,2001,15,150001,True,160,False,100,0.7280636685857087,1.7412683451548219,0.43495874508635607,0.4089952350668686,0.8526353364070413,0.8573864015323581,0.6955071806565413,9.138796639210542e-05,6,4,0.17320508075688773,2500,OLS_debias_iid,iid,False,5
0,2,2001,20,200001,True,123,False,100,0.9698057539679772,1.7859860477037728,0.35629026937335384,0.33104991105598264,0.5779910942530874,0.7372847989928225,0.7211209985126296,8.653404462723808e-05,6,4,0.17320508075688773,2500,OLS_debias_iid,iid,False,5
0,2,2001,6,60001,True,140,False,100,0.9614930683716931,1.8372212736867368,0.3727243121183521,0.3451367868841056,0.6344822784396137,0.7133696133330335,0.7142935139459367,6.711670485318606e-05,6,4,0.17320508075688773,2500,OLS_debias_iid,iid,False,5
0,4,4001,0,1,True,141,False,100,0.650369580366975,1.716878532897681,0.5321741358541464,0.5400258052712711,0.9238325675296561,0.9234563906737657,0.6637419157808583,0.00013716711591054947,6,4,0.17320508075688773,2500,OLS_debias_iid,iid,False,5
0,3,3001,6,60001,True,138,False,100,0.9614930683716931,1.8156759310513735,0.49769188278785337,0.47989916649860415,0.7867411364613291,0.9289602159031464,0.672300190026013,5.9745893682583385e-05,6,4,0.17320508075688773,2500,OLS_debias_iid,iid,False,5
0,3,3001,0,1,True,179,False,100,0.650369580366975,1.8312398372218013,0.37166080802995355,0.34679785137903013,0.6765358363225016,0.8091634390915038,0.7156346860997761,7.033942126981483e-05,6,4,0.17320508075688773,2500,OLS_debias_iid,iid,False,5
0,0,1,13,130001,True,160,False,100,0.9097177793642689,2.0467011141590774,0.4285341176841196,0.41853727164489385,0.6170686889935885,0.8762627904297672,0.6754703920417849,6.243365174713822e-05,6,4,0.17320508075688773,2500,OLS_debias_iid,iid,False,5
0,3,3001,18,180001,True,126,False,100,0.7872493539903449,1.8394014383666217,0.5336283289105117,0.543295321421272,0.7533414678671685,0.8687952981390796,0.653697897267654,0.00012022558210703472,6,4,0.17320508075688773,2500,OLS_debias_iid,iid,False,5
0,2,2001,22,220001,True,147,False,100,0.9607712732262954,1.9101306819356978,0.3848251062203405,0.3793056837545415,0.5268745861505596,0.9150163627510036,0.5704911043101606,2.8826113888865168e-05,6,4,0.17320508075688773,2500,OLS_debias_iid,iid,False,5
0,0,1,26,260001,True,173,False,100,0.9190167706595254,2.0945596448145807,0.4140221199267077,0.39642163660511165,0.7320386718813683,0.87130634214242,0.6475291218668833,4.0183273939607236e-05,6,4,0.17320508075688773,2500,OLS_debias_iid,iid,False,5
0,1,1001,4,40001,True,135,False,100,0.9087184118099425,2.121213349979371,0.5535872781580701,0.5666725302817173,0.9503180234316619,1.0271161030964224,0.6292406951624936,0.0001300517608359665,6,4,0.17320508075688773,2500,OLS_debias_iid,iid,False,5
0,1,1001,20,200001,True,145,False,100,0.9698057539679772,2.078306543175131,0.4146487875304796,0.36427428561224523,0.9759119232490232,0.8977451778696154,0.6473246377864098,3.452434007430051e-05,6,4,0.17320508075688773,2500,OLS_debias_iid,iid,False,5
0,2,2001,3,30001,True,123,False,100,0.668082389962673,2.047558857128024,0.39163938123246367,0.3393010460943482,0.9391014956849895,0.6894066697554512,0.7381629123901133,9.773784568054593e-05,6,4,0.17320508075688773,2500,OLS_debias_iid,iid,False,5
0,0,1,16,160001,True,196,False,100,0.693497860650647,2.1868094210512936,0.3131575908771702,0.2947068789699398,0.5834787682139965,0.7392404499132339,0.7339725017166248,5.1708755756242764e-05,6,4,0.17320508075688773,2500,OLS_debias_iid,iid,False,5
0,3,3001,13,130001,True,122,False,100,0.9097177793642689,1.9940473278984427,0.4988842590271254,0.45883662823224625,0.7586546669451302,0.9257442225603988,0.6091378333141825,0.00017084943763789244,6,4,0.17320508075688773,2500,OLS_debias_iid,iid,False,5
0,2,2001,28,280001,True,155,False,100,0.9355996664555999,2.0081457747146487,0.48306074897558837,0.44017292431099736,0.9313960280531203,0.8520491997785733,0.6498799355467334,7.937762451296646e-05,6,4,0.17320508075688773,2500,OLS_debias_iid,iid,False,5
0,1,1001,3,30001,True,153,False,100,0.668082389962673,2.1689887209795415,0.48714885833304383,0.4773724688319645,0.9209262323343187,0.8862988838759548,0.6292130456446919,4.523379017680126e-05,6,4,0.17320508075688773,2500,OLS_debias_iid,iid,False,5
0,3,3001,15,150001,True,137,False,100,0.7280636685857087,2.032657376024872,0.4695595364285876,0.47223637637435695,0.6935353709643667,0.7998233954734846,0.6750560871237283,0.00014447629221030426,6,4,0.17320508075688773,2500,OLS_debias_iid,iid,False,5
0,2,2001,17,170001,True,144,False,100,0.665171334329907,2.096901398152113,0.43573774940565874,0.42427356796096016,0.6825929909545215,0.7867257142143677,0.687038443222494,8.635195289295413e-05,6,4,0.17320508075688773,2500,OLS_debias_iid,iid,False,5
0,1,1001,15,150001,True,128,False,100,0.7280636685857087,2.203451958950609,0.5476337064573003,0.5711315199011034,0.741372949173627,0.980411659086445,0.6080680215735167,0.00014199767618819595,6,4,0.17320508075688773,2500,OLS_debias_iid,iid,False,5
0,2,2001,10,100001,True,181,False,100,0.9712551925535012,2.1345630320720375,0.38886077394534996,0.37923770015109054,0.5832293852339278,0.856254180899227,0.6391449240134904,1.3611203669193e-05,6,4,0.17320508075688773,2500,OLS_debias_iid,iid,False,5
0,0,1,7,70001,True,149,False,100,0.9449932377097905,2.299406098667532,0.46378535054269376,0.4634693111248755,0.8250605044791468,0.798870588508294,0.6789466793416788,6.721798386828897e-05,6,4,0.17320508075688773,2500,OLS_debias_iid,iid,False,5
0,1,1001,6,60001,True,150,False,100,0.9614930683716931,2.2615037756040692,0.48153315454565215,0.47188656018284764,0.8616829492693037,0.9037242012186854,0.6289069384556049,3.097657664205835e-05,6,4,0.17320508075688773,2500,OLS_debias_iid,iid,False,5
0,2,2001,14,140001,True,147,False,100,0.906158854383296,2.129403179977089,0.3592958537439857,0.3392769407666118,0.6010324160556211,0.7998254611481044,0.6934884683557264,4.62027831281291e-05,6,4,0.17320508075688773,2500,OLS_debias_iid,iid,False,5
0,3,3001,20,200001,True,129,False,100,0.9698057539679772,2.1412317738868296,0.25165581141610494,0.22583892258458635,0.47243692871927007,0.7768911989910644,0.7089215099458963,6.151056036532987e-05,6,4,0.17320508075688773,2500,OLS_debias_iid,iid,False,5
0,0,1,28,280001,True,132,False,100,0.9355996664555999,2.3465818939730525,0.44892622944524196,0.41830816666863585,0.7912543103455647,0.823647570640638,0.6884060595488385,0.00011245674188940367,6,4,0.17320508075688773,2500,OLS_debias_iid,iid,False,5
0,3,3001,19,190001,True,139,False,100,0.9061396260304647,2.164670262951404,0.366181390025554,0.33782588187653384,0.5226746856204071,0.9140750949889488,0.5773378518952456,6.648331678448263e-05,6,4,0.17320508075688773,2500,OLS_debias_iid,iid,False,5
0,3,3001,26,260001,True,186,False,100,0.9190167706595254,2.192949776072055,0.46928919369424416,0.4474428457205127,0.8096774371292187,0.8201779081973469,0.5938914540183374,4.730468070745569e-05,6,4,0.17320508075688773,2500,OLS_debias_iid,iid,False,5
0,3,3001,29,290001,True,165,False,100,0.9745603870697144,2.1713109840638936,0.4956809679919988,0.4769964350157003,0.9555359256728401,0.9866461006916233,0.6136606625596212,2.3685628897391325e-05,6,4,0.17320508075688773,2500,OLS_debias_iid,iid,False,5
0,2,2001,5,50001,True,140,False,100,0.914760637550691,2.3094866848550737,0.42299458380799393,0.42145060448885174,0.5827686194049844,0.8216509084988948,0.7065079572501362,7.412904776373328e-05,6,4,0.17320508075688773,2500,OLS_debias_iid,iid,False,5
0,2,2001,29,290001,True,128,False,100,0.9745603870697144,2.2510041119530797,0.3902682803807155,0.3327452015562063,0.8661822486328734,0.7312605917932439,0.6948188667219267,5.8135311047916046e-05,6,4,0.17320508075688773,2500,OLS_debias_iid,iid,False,5
0,2,2001,18,180001,True,152,False,100,0.7872493539903449,2.306047160178423,0.4835899727796032,0.47337002122230665,0.7796439779600279,0.8039648059934373,0.6232221432430974,9.395941334586701e-05,6,4,0.17320508075688773,2500,OLS_debias_iid,iid,False,5
0,1,1001,21,210001,True,179,False,100,0.8161923022139428,2.380412877071649,0.5340825972330078,0.5451999247589541,0.7356531672853369,0.9526065877669975,0.6416905984583435,6.353133692288717e-05,6,4,0.17320508075688773,2500,OLS_debias_iid,iid,False,5
0,2,2001,16,160001,True,164,False,100,0.693497860650647,2.324978172313422,0.5767888340287965,0.5762986044785674,1.0611523265066543,0.9149773587793791,0.6200017647986076,7.89181659420082e-05,6,4,0.17320508075688773,2500,OLS_debias_iid,iid,False,5
0,3,3001,2,20001,True,140,False,100,0.8756579723219927,2.3240246791392565,0.5086285691408856,0.4820559632304187,0.8326497356410947,0.9761693871966255,0.60166813003611,8.231929027898218e-05,6,4,0.17320508075688773,2500,OLS_debias_iid,iid,False,5
0,1,1001,12,120001,True,156,False,100,0.9424766003573796,2.468566942960024,0.37832261926333455,0.3491313302626015,0.5969143028103454,0.7958654359841169,0.6608302625060172,7.171570279171599e-05,6,4,0.17320508075688773,2500,OLS_debias_iid,iid,False,5
0,4,4001,15,150001,True,133,False,100,0.7280636685857087,1.2414829139597714,0.5616236901119892,0.5912192357829004,0.8268911427796681,1.1390517481133895,0.6004960493448462,0.00010423872337332707,6,4,0.17320508075688773,2500,OLS_debias_iid,iid,False,5
0,0,1,5,50001,True,135,False,100,0.914760637550691,2.598912401124835,0.34187241987059824,0.31812746696140226,0.6442117021481547,0.7450187213759922,0.712075532266265,7.044197967064365e-05,6,4,0.17320508075688773,2500,OLS_debias_iid,iid,False,5
0,3,3001,27,270001,True,131,False,100,0.9558072328884016,2.301106146071106,0.3915939586863914,0.3386333767824162,0.686840899138021,0.778221580287458,0.7341680924690827,8.322739844583261e-05,6,4,0.17320508075688773,2500,OLS_debias_iid,iid,False,5
0,3,3001,9,90001,True,147,False,100,0.9906790178528795,2.3700047032907605,0.4403713331259737,0.4028316851107269,0.9186393910408189,0.9290910772620545,0.6260312844646222,4.293299561443019e-05,6,4,0.17320508075688773,2500,OLS_debias_iid,iid,False,5
0,4,4001,18,180001,True,137,False,100,0.7872493539903449,1.225486280862242,0.3153435688744921,0.313485163132943,0.44974404238229493,0.6687009610042104,0.7536360655685655,0.00012325691052000502,6,4,0.17320508075688773,2500,OLS_debias_iid,iid,False,5
0,4,4001,4,40001,True,158,False,100,0.9087184118099425,2.2850476941093802,0.5323908112817113,0.5171054987201195,0.8616016161967361,0.9376139215677463,0.6900773591608983,6.540506895135994e-05,6,4,0.17320508075688773,2500,OLS_debias_iid,iid,False,5
0,5,5001,16,160001,True,115,False,100,0.693497860650647,1.0394950490444899,0.552146699007768,0.5584975746370392,0.8822928366096392,0.911622795282306,0.6109416504490565,0.00023607127457499688,6,4,0.17320508075688773,2500,OLS_debias_iid,iid,False,5
0,4,4001,27,270001,True,125,False,100,0.9558072328884016,1.2151505961082876,0.5245237672787113,0.5199700622333058,0.734146546987846,0.84201935201914,0.6651392772339078,0.00011223082689813437,6,4,0.17320508075688773,2500,OLS_debias_iid,iid,False,5
0,3,3001,24,240001,True,155,False,100,0.90666550507506,2.37498726695776,0.4560384070964767,0.4190562327379878,1.066062872126458,0.8762759554175478,0.6311241517602306,3.6284687004119744e-05,6,4,0.17320508075688773,2500,OLS_debias_iid,iid,False,5
0,2,2001,27,270001,True,156,False,100,0.9558072328884016,2.454847894143313,0.6027795419586729,0.6259815662116103,0.971328882580288,1.2771741409108344,0.47175228785947293,4.219035503459782e-05,6,4,0.17320508075688773,2500,OLS_debias_iid,iid,False,5
0,5,5001,21,210001,True,112,False,100,0.8161923022139428,1.0310936607420444,0.3085140176512755,0.26595407453967207,0.6525430066361025,0.6662666709208941,0.756666900786337,0.0002129772002079461,6,4,0.17320508075688773,2500,OLS_debias_iid,iid,False,5
0,4,4001,14,140001,True,146,False,100,0.906158854383296,1.3710056780837476,0.44656374665326926,0.40881957768606303,0.7700550203899008,0.7775584796349516,0.6816367400871101,3.178734593394248e-05,6,4,0.17320508075688773,2500,OLS_debias_iid,iid,False,5
0,4,4001,11,110001,True,132,False,100,0.7833538323101048,1.4078811290673912,0.5504245165700905,0.5349849613167782,0.9231479313959774,0.9810763490982378,0.6619594258590052,0.00013902080611882028,6,4,0.17320508075688773,2500,OLS_debias_iid,iid,False,5
0,5,5001,7,70001,True,140,False,100,0.9449932377097905,1.2677756119519472,0.4473648098600637,0.41995968083606927,0.7992176062212357,0.8598146223865379,0.6404535383627977,5.402905107080763e-05,6,4,0.17320508075688773,2500,OLS_debias_iid,iid,False,5
0,2,2001,26,260001,True,143,False,100,0.9190167706595254,2.56040249299258,0.49796086451756577,0.48503056900315217,0.8503534003926306,0.86931539066277,0.6578930736269076,7.152586331850898e-05,6,4,0.17320508075688773,2500,OLS_debias_iid,iid,False,5
0,5,5001,3,30001,True,138,False,100,0.668082389962673,1.3337715012021363,0.5542433425990014,0.5596786809336686,0.7359381437267133,0.9466455146915891,0.6051692655423032,0.00013419614193734385,6,4,0.17320508075688773,2500,OLS_debias_iid,iid,False,5
0,4,4001,20,200001,True,132,False,100,0.9698057539679772,1.4431418618187308,0.4474873807348084,0.38352658118076133,0.9064752430189458,1.4060840724134858,0.7112967460162644,8.597123673626807e-05,6,4,0.17320508075688773,2500,OLS_debias_iid,iid,False,5
0,1,1001,23,230001,True,162,False,100,0.9974193074539494,2.6618753811344504,0.4691988191704143,0.4637907923149553,0.7448141123920784,0.932769299710694,0.6295731197035929,1.604473722713094e-05,6,4,0.17320508075688773,2500,OLS_debias_iid,iid,False,5
0,5,5001,18,180001,True,128,False,100,0.7872493539903449,1.177693469915539,0.3075619838454341,0.28949274971262867,0.46085320670751856,0.7100415223986943,0.7573393665554953,0.00010811583616121372,6,4,0.17320508075688773,2500,OLS_debias_iid,iid,False,5
0,0,1,21,210001,True,252,False,100,0.8161923022139428,2.8124436219222844,0.4010839648501469,0.3929841871751473,0.6797517222446143,0.8264030448193749,0.6898785427236945,2.245283463851905e-05,6,4,0.17320508075688773,2500,OLS_debias_iid,iid,False,5
0,5,5001,2,20001,True,138,False,100,0.8756579723219927,1.3583776000887156,0.2963175621488497,0.2734455559232211,0.4662037907612362,0.6899796096057148,0.7061460254006526,7.496435535294603e-05,6,4,0.17320508075688773,2500,OLS_debias_iid,iid,False,5
0,4,4001,7,70001,True,127,False,100,0.9449932377097905,1.5718151018954813,0.45281885735348376,0.44166186240165556,0.8711672412493046,0.7672171806098502,0.6855530353633265,8.124129005287332e-05,6,4,0.17320508075688773,2500,OLS_debias_iid,iid,False,5
0,6,6001,0,1,True,122,False,100,0.650369580366975,1.1407409398816526,0.4819774838804675,0.493758384023744,0.6308433897063402,0.8028366856332685,0.6635854291402458,0.00018031205332364356,6,4,0.17320508075688773,2500,OLS_debias_iid,iid,False,5
0,5,5001,0,1,True,125,False,100,0.650369580366975,1.4178919564001262,0.6237115746853907,0.6590632804118308,1.0066962605559042,1.0322379444553913,0.5882555134257622,0.00017432699154471072,6,4,0.17320508075688773,2500,OLS_debias_iid,iid,False,5
0,5,5001,9,90001,True,136,False,100,0.9906790178528795,1.336170352064073,0.2088434723727664,0.1910425676538242,0.32069005975464443,0.657470100677657,0.7485543992059212,3.639463446120079e-05,6,4,0.17320508075688773,2500,OLS_debias_iid,iid,False,5
0,3,3001,8,80001,True,155,False,100,0.8315159796302958,2.670229800976813,0.3623326695640096,0.3377211854206595,0.7343510723815637,0.7147502793853446,0.7247213720010169,8.035977807362318e-05,6,4,0.17320508075688773,2500,OLS_debias_iid,iid,False,5
0,3,3001,1,10001,True,145,False,100,0.7703467396720308,2.676228877156973,0.37902033259417234,0.3332881161577916,0.8085050365053806,0.7934809487103721,0.709991503378566,7.657362603285846e-05,6,4,0.17320508075688773,2500,OLS_debias_iid,iid,False,5
0,4,4001,5,50001,True,144,False,100,0.914760637550691,2.5307215093635023,0.4603408115991026,0.41922848045813693,0.8394427214625937,0.8538587436113035,0.6298994014313178,3.451332977574747e-05,6,4,0.17320508075688773,2500,OLS_debias_iid,iid,False,5
0,4,4001,22,220001,True,138,False,100,0.9607712732262954,1.4910782109946012,0.5485156131141419,0.5588869561931973,0.9296221159806705,0.9379002513570346,0.575973119157321,4.029448023123157e-05,6,4,0.17320508075688773,2500,OLS_debias_iid,iid,False,5
0,4,4001,13,130001,True,130,False,100,0.9097177793642689,1.5888738869689405,0.5133713782140773,0.4981351659713072,0.7690665471936954,0.8557539574233539,0.6546318435726474,0.00013117739938831697,6,4,0.17320508075688773,2500,OLS_debias_iid,iid,False,5
0,4,4001,1,10001,True,189,False,100,0.7703467396720308,2.619765850249678,0.47915068099502284,0.4620468924877279,0.8570413396031861,0.9930121155166804,0.6099678446944448,4.191581782393757e-05,6,4,0.17320508075688773,2500,OLS_debias_iid,iid,False,5
0,5,5001,5,50001,True,131,False,100,0.914760637550691,1.4602335868403316,0.3792664744280942,0.34056651514702246,0.7767741674748626,0.7833765743629141,0.6718072195056449,6.097559093608015e-05,6,4,0.17320508075688773,2500,OLS_debias_iid,iid,False,5
0,4,4001,19,190001,True,153,False,100,0.9061396260304647,1.614983526058495,0.5566049317726945,0.5599224478234922,0.9844468547105751,1.0117354768768778,0.5553703628502441,5.8167724585105065e-05,6,4,0.17320508075688773,2500,OLS_debias_iid,iid,False,5
0,5,5001,10,100001,True,133,False,100,0.9712551925535012,1.4590186355635524,0.4178571341168177,0.38791758002501875,0.7162219061329184,0.8898565269708563,0.5404127016673413,4.300886457218207e-05,6,4,0.17320508075688773,2500,OLS_debias_iid,iid,False,5
0,5,5001,20,200001,True,145,False,100,0.9698057539679772,1.4184953118674457,0.4039090917495957,0.3793065991568292,0.6441912885789235,0.7867765738761152,0.6756932180603661,6.0516148148204094e-05,6,4,0.17320508075688773,2500,OLS_debias_iid,iid,False,5
0,3,3001,28,280001,True,212,False,100,0.9355996664555999,2.7585437959060073,0.6095336654997741,0.5943421759332949,0.9750654837511726,1.1038087898713262,0.5195545645137282,3.9142414249564595e-05,6,4,0.17320508075688773,2500,OLS_debias_iid,iid,False,5
0,5,5001,24,240001,True,140,False,100,0.90666550507506,1.38217682717368,0.5948653636835665,0.6085446991814476,0.8813274271569911,1.1493324441603792,0.4979404800444776,6.749229978338911e-05,6,4,0.17320508075688773,2500,OLS_debias_iid,iid,False,5
0,4,4001,3,30001,True,134,False,100,0.668082389962673,2.723246623761952,0.47633058415456725,0.47041700330159036,0.8398340517161025,0.8594177119597584,0.6268732683820875,0.00013686218066769805,6,4,0.17320508075688773,2500,OLS_debias_iid,iid,False,5
0,4,4001,9,90001,True,179,False,100,0.9906790178528795,1.789734530262649,0.23122748313940691,0.21390780892160463,0.38663471357055657,0.6995289287544919,0.7366712342416344,1.587553067813439e-05,6,4,0.17320508075688773,2500,OLS_debias_iid,iid,False,5
0,3,3001,23,230001,True,150,False,100,0.9974193074539494,2.8528938069939613,0.5353389134179997,0.5460514461730779,0.736224254253601,1.0950704172245986,0.5058021877015627,1.5117167677380794e-05,6,4,0.17320508075688773,2500,OLS_debias_iid,iid,False,5
0,2,2001,11,110001,True,165,False,100,0.7833538323101048,2.938130273949355,0.5118158935492524,0.5149848959801692,0.7905386990241169,0.9127153376653615,0.6146818435972216,7.60550478587852e-05,6,4,0.17320508075688773,2500,OLS_debias_iid,iid,False,5
0,4,4001,28,280001,True,173,False,100,0.9355996664555999,1.6632396238856018,0.4784011866877797,0.4671498375140679,0.7725140825477644,0.8365032012665363,0.6604613006394098,7.195240083704812e-05,6,4,0.17320508075688773,2500,OLS_debias_iid,iid,False,5
0,5,5001,26,260001,True,125,False,100,0.9190167706595254,1.4355322169139981,0.45498321063539165,0.4370373206237752,0.9949555167276969,0.7744669705784437,0.67183446521901,0.00014752518348279576,6,4,0.17320508075688773,2500,OLS_debias_iid,iid,False,5
0,5,5001,17,170001,True,156,False,100,0.665171334329907,1.52492685476318,0.48936876572787547,0.4595565195054541,0.7415424075576283,0.8558478564388882,0.6845381713771964,6.966156747490631e-05,6,4,0.17320508075688773,2500,OLS_debias_iid,iid,False,5
0,6,6001,5,50001,True,138,False,100,0.914760637550691,1.2991900518536568,0.510203538884494,0.5099078899146064,1.0265165941669383,1.0094764299334655,0.6352546424215211,7.977520669778893e-05,6,4,0.17320508075688773,2500,OLS_debias_iid,iid,False,5
0,6,6001,17,170001,True,128,False,100,0.665171334329907,1.1847963579930365,0.6212782627493604,0.6680816683265087,1.0141022292435917,1.3780647547830707,0.4506512610818798,8.761052077429766e-05,6,4,0.17320508075688773,2500,OLS_debias_iid,iid,False,5
0,6,6001,20,200001,True,124,False,100,0.9698057539679772,1.1598294312134385,0.4717463212517665,0.4606963796954315,0.8091255522352493,0.9155341625372221,0.5513337113703011,9.917382015061114e-05,6,4,0.17320508075688773,2500,OLS_debias_iid,iid,False,5
0,5,5001,6,60001,True,145,False,100,0.9614930683716931,1.7446049000136554,0.37892929221216476,0.3186334878371149,0.9320916655177995,0.7246518675051657,0.7129449638965552,5.0441276187711306e-05,6,4,0.17320508075688773,2500,OLS_debias_iid,iid,False,5
0,5,5001,25,250001,True,162,False,100,0.8162301434962846,1.56858683610335,0.4289730351609525,0.4312235340670525,0.569703276836209,0.8598791053435235,0.6464653278250023,5.982762556134887e-05,6,4,0.17320508075688773,2500,OLS_debias_iid,iid,False,5
0,6,6001,9,90001,True,148,False,100,0.9906790178528795,1.3761622910387814,0.39708310174670414,0.3804929390954844,0.47168920144104803,0.8308153633532448,0.5935708908334627,3.406616899797458e-05,6,4,0.17320508075688773,2500,OLS_debias_iid,iid,False,5
0,0,1,25,250001,True,147,False,100,0.8162301434962846,3.2209225790575147,0.42107674729795846,0.4050343301623623,0.6296155818701669,0.8706831518462491,0.6541656270246906,6.742657513092556e-05,6,4,0.17320508075688773,2500,OLS_debias_iid,iid,False,5
0,1,1001,10,100001,True,147,False,100,0.9712551925535012,3.213224605191499,0.48617521403957226,0.4527737985220015,0.8493898990246319,1.0086624549935421,0.5594069416898705,3.126381653481281e-05,6,4,0.17320508075688773,2500,OLS_debias_iid,iid,False,5
0,5,5001,8,80001,True,137,False,100,0.8315159796302958,1.755417631007731,0.4855120204682458,0.49218805958547823,0.6944230494140203,0.8615628929208716,0.6598970973177186,9.956079834124792e-05,6,4,0.17320508075688773,2500,OLS_debias_iid,iid,False,5
0,1,1001,0,1,True,165,False,100,0.650369580366975,3.259927394799888,0.562724326710452,0.5948389273896687,0.8619762686976653,1.0470118605135754,0.5669409337667196,4.921803619568928e-05,6,4,0.17320508075688773,2500,OLS_debias_iid,iid,False,5
0,6,6001,7,70001,True,141,False,100,0.9449932377097905,1.4609734206460416,0.43361629298146864,0.42301869444371953,0.7966980728272371,0.7991370027714355,0.7108371699988415,6.019180303672782e-05,6,4,0.17320508075688773,2500,OLS_debias_iid,iid,False,5
0,6,6001,1,10001,True,155,False,100,0.7703467396720308,1.6050296388566494,0.5605900286561493,0.557878413023229,0.9725413314976372,0.9561593480926583,0.6448447388564243,0.00010282786753281514,6,4,0.17320508075688773,2500,OLS_debias_iid,iid,False,5
0,3,3001,25,250001,True,145,False,100,0.8162301434962846,3.0730955093167722,0.2597152782095198,0.23989343494240375,0.45301455068382296,0.6948545891631596,0.7568494391712298,5.6281597450905127e-05,6,4,0.17320508075688773,2500,OLS_debias_iid,iid,False,5
0,6,6001,19,190001,True,142,False,100,0.9061396260304647,1.2993400716222823,0.36486120191497456,0.3641157844672113,0.5126352051854838,0.8565166545670575,0.6211106262085795,5.409476357499671e-05,6,4,0.17320508075688773,2500,OLS_debias_iid,iid,False,5
0,4,4001,25,250001,True,133,False,100,0.8162301434962846,1.978881560266018,0.4330112292255726,0.43149538545231986,0.631064674493471,0.8244955614267329,0.6859470131677731,7.842693831093699e-05,6,4,0.17320508075688773,2500,OLS_debias_iid,iid,False,5
0,5,5001,29,290001,True,123,False,100,0.9745603870697144,1.6865890240296721,0.58813758680446,0.6124203716002458,0.9483035929099959,1.1998077041212287,0.29282987624671125,8.705301276229801e-05,6,4,0.17320508075688773,2500,OLS_debias_iid,iid,False,5
0,6,6001,4,40001,True,157,False,100,0.9087184118099425,1.569022451993078,0.48298837287978885,0.468965288727099,0.7823410058561507,0.8548195152014385,0.6991724696434026,6.838869291560659e-05,6,4,0.17320508075688773,2500,OLS_debias_iid,iid,False,5
0,4,4001,8,80001,True,122,False,100,0.8315159796302958,2.1141350609250367,0.5143031959869039,0.5270253074425247,0.7318848881595102,0.9055885989086528,0.6471140519604494,0.0001292296641173635,6,4,0.17320508075688773,2500,OLS_debias_iid,iid,False,5
0,1,1001,22,220001,True,139,False,100,0.9607712732262954,3.293152161873877,0.3633588946704512,0.34204625025438434,0.5605906476124555,0.7901664098339548,0.6606820901337639,4.254077197516897e-05,6,4,0.17320508075688773,2500,OLS_debias_iid,iid,False,5
0,4,4001,26,260001,True,184,False,100,0.9190167706595254,2.021304310299456,0.3473062131898414,0.3267981122594186,0.5733108134652606,0.7852177515053343,0.7279169709753802,3.1856812455207075e-05,6,4,0.17320508075688773,2500,OLS_debias_iid,iid,False,5
0,5,5001,12,120001,True,132,False,100,0.9424766003573796,1.8544636378064752,0.49088987649157817,0.48678465365508466,0.8370686062668423,0.8794014421523997,0.5739298487390284,0.00011664923589650291,6,4,0.17320508075688773,2500,OLS_debias_iid,iid,False,5
0,5,5001,1,10001,True,157,False,100,0.7703467396720308,1.9594296808354557,0.3771266849549677,0.3768389375787171,0.5454252037728019,0.727033897156438,0.7351336315050178,8.973139932346687e-05,6,4,0.17320508075688773,2500,OLS_debias_iid,iid,False,5
0,6,6001,21,210001,True,133,False,100,0.8161923022139428,1.3340727682225406,0.4793719617330022,0.451176508275108,0.7051039283345288,0.8754966108731556,0.6590648437637875,0.00011950698572370259,6,4,0.17320508075688773,2500,OLS_debias_iid,iid,False,5
0,4,4001,29,290001,True,128,False,100,0.9745603870697144,1.9965268201194704,0.40645870766469566,0.3913770642850373,0.7139872454955934,0.8873852043326566,0.6125156452988615,7.663858497962768e-05,6,4,0.17320508075688773,2500,OLS_debias_iid,iid,False,5
0,6,6001,23,230001,True,141,False,100,0.9974193074539494,1.287520478013903,0.4738502740973077,0.4190875124778777,0.6786231542823578,1.1844770286346602,0.580279283764454,2.168604629058533e-05,6,4,0.17320508075688773,2500,OLS_debias_iid,iid,False,5
0,4,4001,12,120001,True,224,False,100,0.9424766003573796,2.184874014928937,0.4253870331500757,0.40542537862845807,0.7227007879611682,0.8657990232327609,0.6447766684064941,2.351641789178898e-05,6,4,0.17320508075688773,2500,OLS_debias_iid,iid,False,5
0,6,6001,15,150001,True,142,False,100,0.7280636685857087,1.5104493699036539,0.4522067506447405,0.41956689898995275,0.7423088598754657,0.8556120487066156,0.6923750476657243,8.390132216517631e-05,6,4,0.17320508075688773,2500,OLS_debias_iid,iid,False,5
0,5,5001,11,110001,True,168,False,100,0.7833538323101048,1.946191328112036,0.44279060133834097,0.4264523690183886,0.7255194734044568,0.7569048578605911,0.711955058986511,8.432055671511963e-05,6,4,0.17320508075688773,2500,OLS_debias_iid,iid,False,5
0,6,6001,28,280001,True,136,False,100,0.9355996664555999,1.2905312958173454,0.4625725215877391,0.43205519655314667,0.7901737156236417,0.8929253843193168,0.6718442166882351,0.00011026669553338039,6,4,0.17320508075688773,2500,OLS_debias_iid,iid,False,5
0,6,6001,29,290001,True,129,False,100,0.9745603870697144,1.3041605460457504,0.4634592419969754,0.4524425372895778,1.0280482338102188,0.743801376070397,0.6947315434719584,8.325224642131643e-05,6,4,0.17320508075688773,2500,OLS_debias_iid,iid,False,5
0,5,5001,4,40001,True,125,False,100,0.9087184118099425,2.034990719985217,0.5378477151936037,0.5407752726174173,0.7811530727391026,0.8968128935572229,0.6453670818174023,0.0001437859812788354,6,4,0.17320508075688773,2500,OLS_debias_iid,iid,False,5
0,7,7001,0,1,True,145,False,100,0.650369580366975,1.3211938119493425,0.5722091635699578,0.5726485465306893,0.9908437998184572,1.0482237813594228,0.62731837304698,0.00010755576487344096,6,4,0.17320508075688773,2500,OLS_debias_iid,iid,False,5
0,7,7001,3,30001,True,129,False,100,0.668082389962673,1.2863787664100528,0.541896685365512,0.48248025475062883,0.9522091385365893,2.944170428139854,0.6665626393603347,0.0001320790812357922,6,4,0.17320508075688773,2500,OLS_debias_iid,iid,False,5
0,6,6001,25,250001,True,152,False,100,0.8162301434962846,1.3952424712479115,0.40190633350230603,0.3641307440624042,0.7909381338769165,0.8489534011777028,0.6643353090985195,3.904396731110744e-05,6,4,0.17320508075688773,2500,OLS_debias_iid,iid,False,5
0,4,4001,10,100001,True,152,False,100,0.9712551925535012,2.3012628159485757,0.5282601371137664,0.5001591195692262,0.721247447104563,0.9109310925297428,0.5830540282475373,2.9594609557365793e-05,6,4,0.17320508075688773,2500,OLS_debias_iid,iid,False,5
0,6,6001,6,60001,True,142,False,100,0.9614930683716931,1.8353606066666543,0.31540643220586956,0.2809996015864426,0.41489886078857496,0.6735490266768487,0.7410012922938147,3.765540098583305e-05,6,4,0.17320508075688773,2500,OLS_debias_iid,iid,False,5
0,4,4001,21,210001,True,124,False,100,0.8161923022139428,2.3352121468633413,0.562797752131002,0.5725780410255935,1.0110590623968134,1.0312764257151215,0.562706855055388,0.00012444464117096382,6,4,0.17320508075688773,2500,OLS_debias_iid,iid,False,5
0,7,7001,7,70001,True,145,False,100,0.9449932377097905,1.3585272296331823,0.4530138055637622,0.4124470080939571,1.2022960578439355,0.8297821449962806,0.657892281773549,4.8651270229723485e-05,6,4,0.17320508075688773,2500,OLS_debias_iid,iid,False,5
0,6,6001,26,260001,True,167,False,100,0.9190167706595254,1.5955681479535997,0.3928487956053455,0.3318602000275405,0.9531582163824326,0.8054239704251637,0.6536308620661054,5.497045071093183e-05,6,4,0.17320508075688773,2500,OLS_debias_iid,iid,False,5
0,6,6001,24,240001,True,158,False,100,0.90666550507506,1.6152500449679792,0.2973629218921001,0.27504519475617023,0.4923830024483403,0.7911571458488761,0.737166465909855,3.679299907295979e-05,6,4,0.17320508075688773,2500,OLS_debias_iid,iid,False,5
0,4,4001,17,170001,True,164,False,100,0.665171334329907,2.460946078877896,0.5529608592873002,0.5696875035603067,1.0255164721518442,0.8208375652961784,0.6503774467545567,8.065121958551298e-05,6,4,0.17320508075688773,2500,OLS_debias_iid,iid,False,5
0,7,7001,10,100001,True,139,False,100,0.9712551925535012,1.3553177332505584,0.47315478136165084,0.4150961770803105,0.8719903932859351,1.0359584407363647,0.583373570425752,3.8500985479177186e-05,6,4,0.17320508075688773,2500,OLS_debias_iid,iid,False,5
0,5,5001,13,130001,True,145,False,100,0.9097177793642689,2.1789112691767514,0.41316430041310054,0.3872883997170773,0.6106458146688835,0.8360848845798685,0.6455335732890105,7.968303275524284e-05,6,4,0.17320508075688773,2500,OLS_debias_iid,iid,False,5
0,7,7001,1,10001,True,154,False,100,0.7703467396720308,1.5625076796859503,0.5847808250565341,0.6128050105290652,0.7828535340685773,1.0471386617346843,0.6067677669925752,6.777032071229255e-05,6,4,0.17320508075688773,2500,OLS_debias_iid,iid,False,5
0,7,7001,21,210001,True,135,False,100,0.8161923022139428,1.278272895142436,0.5069224300225456,0.5132799527691881,0.7154330924296523,0.9927011595807369,0.610924647950258,6.920765417098446e-05,6,4,0.17320508075688773,2500,OLS_debias_iid,iid,False,5
0,3,3001,16,160001,True,178,False,100,0.693497860650647,3.631601879838854,0.4359005493576491,0.43271188998058063,0.6233433682133667,0.8637242210647341,0.6674973288834645,6.091078904250945e-05,6,4,0.17320508075688773,2500,OLS_debias_iid,iid,False,5
0,7,7001,19,190001,True,130,False,100,0.9061396260304647,1.2939817211590707,0.3189590854290229,0.31651995744352673,0.4255596639446386,0.732117640632611,0.7382668899082319,6.0244557868863715e-05,6,4,0.17320508075688773,2500,OLS_debias_iid,iid,False,5
0,5,5001,22,220001,True,148,False,100,0.9607712732262954,2.24090424599126,0.4123520732504727,0.3684455301136607,0.9227075731794795,0.7870667455106028,0.6741093756262412,3.1128206121211574e-05,6,4,0.17320508075688773,2500,OLS_debias_iid,iid,False,5
0,7,7001,13,130001,True,137,False,100,0.9097177793642689,1.4125245152972639,0.37023615174263164,0.3771021707838416,0.4533027924578652,0.8435202911458791,0.6871007894487597,5.6629629709162855e-05,6,4,0.17320508075688773,2500,OLS_debias_iid,iid,False,5
0,6,6001,2,20001,True,144,False,100,0.8756579723219927,2.1298394268378615,0.4675150177519853,0.4385695225457568,0.8701708530074361,0.93523791748783,0.6478193701034677,6.786276935405702e-05,6,4,0.17320508075688773,2500,OLS_debias_iid,iid,False,5
0,7,7001,4,40001,True,176,False,100,0.9087184118099425,1.564282356761396,0.4666166183862766,0.4575840459465225,0.9191880157026648,0.8276679573965064,0.6759567041422669,4.325237155791509e-05,6,4,0.17320508075688773,2500,OLS_debias_iid,iid,False,5
0,8,8001,0,1,True,123,False,100,0.650369580366975,1.1955764298327267,0.3072931186406448,0.29151383229608707,0.49549389935519417,0.6674158023357144,0.7611759599592034,0.00016452453967608194,6,4,0.17320508075688773,2500,OLS_debias_iid,iid,False,5
0,7,7001,25,250001,True,141,False,100,0.8162301434962846,1.2719928310252726,0.5823359522297126,0.5998435039298781,1.0910389580017479,1.0844354987123597,0.575147885704062,5.2517148230641505e-05,6,4,0.17320508075688773,2500,OLS_debias_iid,iid,False,5
0,6,6001,3,30001,True,152,False,100,0.668082389962673,2.118784357327968,0.4575519025658494,0.4358758385159823,1.0621496535118218,0.7538733463302055,0.7027915184256289,6.834143932889304e-05,6,4,0.17320508075688773,2500,OLS_debias_iid,iid,False,5
0,7,7001,15,150001,True,154,False,100,0.7280636685857087,1.4549088249914348,0.43538721418327625,0.43047417939992866,0.7321448557183551,0.8966256564213536,0.6718787204462212,5.4490384991999965e-05,6,4,0.17320508075688773,2500,OLS_debias_iid,iid,False,5
0,7,7001,18,180001,True,146,False,100,0.7872493539903449,1.4172230097465217,0.4944673009533921,0.48837809592081277,0.7167416862080637,0.8429674946011771,0.6987184707219285,9.359821180643904e-05,6,4,0.17320508075688773,2500,OLS_debias_iid,iid,False,5
0,7,7001,29,290001,True,134,False,100,0.9745603870697144,1.31187431095168,0.25642581371208173,0.22886887645693352,0.45771317571251346,0.7135903309029562,0.6880764386865863,4.9415115382499955e-05,6,4,0.17320508075688773,2500,OLS_debias_iid,iid,False,5
0,6,6001,10,100001,True,182,False,100,0.9712551925535012,2.1259558950550854,0.2614754136067134,0.2167713637483025,0.484958040592342,0.7624202063211518,0.7213345014486281,1.2842031203613493e-05,6,4,0.17320508075688773,2500,OLS_debias_iid,iid,False,5
0,7,7001,28,280001,True,149,False,100,0.9355996664555999,1.3649412631057203,0.4601505725176714,0.39237534692477666,1.0783283188712507,0.8474961431651015,0.6948076734304335,8.060199652586778e-05,6,4,0.17320508075688773,2500,OLS_debias_iid,iid,False,5
0,5,5001,19,190001,True,155,False,100,0.9061396260304647,2.4386431709863245,0.16803094997708828,0.15461942556693753,0.28837582477403817,0.6428999489414597,0.7754402777414503,4.8417086197134405e-05,6,4,0.17320508075688773,2500,OLS_debias_iid,iid,False,5
0,8,8001,5,50001,True,132,False,100,0.914760637550691,1.2523388951085508,0.4590494810289763,0.42461526497093366,0.8445307653038038,0.7600704650979263,0.7155580874355701,8.363126743556561e-05,6,4,0.17320508075688773,2500,OLS_debias_iid,iid,False,5
0,8,8001,1,10001,True,141,False,100,0.7703467396720308,1.3741889148950577,0.46700683020222966,0.4460745090690786,0.9493656238543606,0.8659316403113517,0.6743021934887007,9.402017675048541e-05,6,4,0.17320508075688773,2500,OLS_debias_iid,iid,False,5
0,8,8001,4,40001,True,131,False,100,0.9087184118099425,1.2838841252960265,0.5930399078692892,0.6192957190873574,0.862444337151415,1.091819244147943,0.5930905620558272,0.00011222862242321256,6,4,0.17320508075688773,2500,OLS_debias_iid,iid,False,5
0,4,4001,16,160001,True,156,False,100,0.693497860650647,2.7624299181625247,0.5988681362509019,0.6343742967249347,0.940113508151091,1.245084265441064,0.5854125031608975,0.00010670802010512149,6,4,0.17320508075688773,2500,OLS_debias_iid,iid,False,5
0,7,7001,26,260001,True,147,False,100,0.9190167706595254,1.4556575906462967,0.3483505773126105,0.3275000670267327,0.5916516127412293,0.74254827614075,0.7201726151921036,7.10586360158832e-05,6,4,0.17320508075688773,2500,OLS_debias_iid,iid,False,5
0,7,7001,2,20001,True,143,False,100,0.8756579723219927,1.8134337770752609,0.518451526612108,0.5379933414145718,0.7751612353523465,1.0239789383649798,0.5865867090550526,5.057506203047e-05,6,4,0.17320508075688773,2500,OLS_debias_iid,iid,False,5
0,7,7001,5,50001,True,182,False,100,0.914760637550691,1.795967425685376,0.507304037386782,0.4967868187140611,1.0649086526074973,0.9717796699713267,0.5756172005753263,3.205997142329493e-05,6,4,0.17320508075688773,2500,OLS_debias_iid,iid,False,5
0,6,6001,16,160001,True,204,False,100,0.693497860650647,2.118820227216929,0.4334845585601185,0.4124896731017955,0.7887165164459568,0.859984715946439,0.6465630200317751,3.637936593472487e-05,6,4,0.17320508075688773,2500,OLS_debias_iid,iid,False,5
0,7,7001,22,220001,True,142,False,100,0.9607712732262954,1.555664219893515,0.4120941298311576,0.4095908036238727,0.5691490203043967,0.9024677743246768,0.6083606301456774,2.598014427870357e-05,6,4,0.17320508075688773,2500,OLS_debias_iid,iid,False,5
0,8,8001,10,100001,True,142,False,100,0.9712551925535012,1.3045164342038333,0.22218425899255825,0.2088477729163616,0.32606429133291887,0.7065737807884004,0.7346708517059133,2.6280640550209644e-05,6,4,0.17320508075688773,2500,OLS_debias_iid,iid,False,5
0,7,7001,23,230001,True,168,False,100,0.9974193074539494,1.594768294133246,0.5606836307042844,0.5783698329326092,0.8153893394838895,0.9686207598289037,0.5665851209291141,1.722304325616498e-05,6,4,0.17320508075688773,2500,OLS_debias_iid,iid,False,5
0,6,6001,11,110001,True,158,False,100,0.7833538323101048,2.2794050546362996,0.46902837113561324,0.4641758155616982,0.708694062857983,0.7594867683324177,0.6842357004228082,7.1962081656511e-05,6,4,0.17320508075688773,2500,OLS_debias_iid,iid,False,5
0,5,5001,23,230001,True,144,False,100,0.9974193074539494,2.5925954580307007,0.4853185064667032,0.499071386751967,0.6288488312673604,0.8517628895506381,0.6238683191393587,1.9024848094954205e-05,6,4,0.17320508075688773,2500,OLS_debias_iid,iid,False,5
0,7,7001,16,160001,True,167,False,100,0.693497860650647,1.7200878290459514,0.48863444320240057,0.49592114354290273,0.7055625771393447,0.853321064421242,0.6540052307056289,7.078303804431849e-05,6,4,0.17320508075688773,2500,OLS_debias_iid,iid,False,5
0,8,8001,15,150001,True,129,False,100,0.7280636685857087,1.347934935707599,0.5584682672846609,0.5698683073288565,0.9312958204064246,1.0172527558942706,0.5942713882888825,0.00012294202808031023,6,4,0.17320508075688773,2500,OLS_debias_iid,iid,False,5
0,7,7001,14,140001,True,158,False,100,0.906158854383296,1.7991688819602132,0.34328773711819177,0.2995119447249358,0.7439453895172111,0.919000898090205,0.6307253104202418,3.379179755923555e-05,6,4,0.17320508075688773,2500,OLS_debias_iid,iid,False,5
0,8,8001,3,30001,True,150,False,100,0.668082389962673,1.489588022697717,0.17429382401858912,0.15547917175297288,0.27575656127338916,0.6220135072421583,0.7963194485428132,7.359412267519189e-05,6,4,0.17320508075688773,2500,OLS_debias_iid,iid,False,5
0,6,6001,14,140001,True,153,False,100,0.906158854383296,2.3143329699523747,0.4250874647616475,0.40788447795706556,0.7244418549346165,0.7495756506240049,0.7224934361847279,4.8322845542316376e-05,6,4,0.17320508075688773,2500,OLS_debias_iid,iid,False,5
0,8,8001,7,70001,True,152,False,100,0.9449932377097905,1.494198638945818,0.2656187988262378,0.25135581118853784,0.42666346780150044,0.7339362696583414,0.7514153251605168,4.9353185974474034e-05,6,4,0.17320508075688773,2500,OLS_debias_iid,iid,False,5
0,7,7001,9,90001,True,169,False,100,0.9906790178528795,1.9023291878402233,0.4584747959607937,0.4615691458145595,0.6604553010280276,0.7527795174667314,0.6751509439121222,2.4700043338668294e-05,6,4,0.17320508075688773,2500,OLS_debias_iid,iid,False,5
0,6,6001,27,270001,True,126,False,100,0.9558072328884016,2.1040732651017606,0.4697463816654985,0.47042602004364564,0.7657541459832921,0.8916995393562646,0.6485365119814808,0.0001039627875976271,6,4,0.17320508075688773,2500,OLS_debias_iid,iid,False,5
0,8,8001,20,200001,True,136,False,100,0.9698057539679772,1.398413718212396,0.3262088884096389,0.31381988633209096,0.5801571555824946,0.7955570934982411,0.6715904220164638,5.780839757290419e-05,6,4,0.17320508075688773,2500,OLS_debias_iid,iid,False,5
0,9,9001,3,30001,True,135,False,100,0.668082389962673,1.2515779100358486,0.28701627520413725,0.24005072514674797,0.5996405465740909,0.6407544434785203,0.7754414764885209,0.00012610957901002076,6,4,0.17320508075688773,2500,OLS_debias_iid,iid,False,5
0,7,7001,27,270001,True,173,False,100,0.9558072328884016,1.7332085240632296,0.4953896591232405,0.4946034478039499,0.7266800640741504,0.8774219852680614,0.6676044750357185,3.401608419012484e-05,6,4,0.17320508075688773,2500,OLS_debias_iid,iid,False,5
0,8,8001,24,240001,True,150,False,100,0.90666550507506,1.3673326950520277,0.3887183660293721,0.3851211607089162,0.6011827509063021,0.7050004465214035,0.7129718019950936,7.408612159203536e-05,6,4,0.17320508075688773,2500,OLS_debias_iid,iid,False,5
0,6,6001,18,180001,True,156,False,100,0.7872493539903449,2.4088671701028943,0.4377626041463383,0.42856178222533153,1.0676944204596284,0.9439579587972501,0.6908793331153277,8.63351731969573e-05,6,4,0.17320508075688773,2500,OLS_debias_iid,iid,False,5
0,8,8001,9,90001,True,155,False,100,0.9906790178528795,1.668288687709719,0.42425417714478525,0.391953595925461,0.6743437335017952,0.8665930025178402,0.6435807959196286,1.7574043491576007e-05,6,4,0.17320508075688773,2500,OLS_debias_iid,iid,False,5
0,4,4001,24,240001,True,150,False,100,0.90666550507506,3.119983117096126,0.3626266910922396,0.34325903109341893,0.6185484750398227,0.7521780975690014,0.7121838570745064,5.7533859794058906e-05,6,4,0.17320508075688773,2500,OLS_debias_iid,iid,False,5
0,8,8001,22,220001,True,160,False,100,0.9607712732262954,1.5622820020653307,0.5679391177961441,0.5706314119540684,0.8291947241489476,1.1876696471944441,0.4857147609111667,1.5886314052969987e-05,6,4,0.17320508075688773,2500,OLS_debias_iid,iid,False,5
0,9,9001,13,130001,True,136,False,100,0.9097177793642689,1.2776123597286642,0.3229213980849847,0.3183630904813251,0.46324118782008694,0.7823245159667865,0.7375505183787237,9.675660707653755e-05,6,4,0.17320508075688773,2500,OLS_debias_iid,iid,False,5
0,8,8001,19,190001,True,128,False,100,0.9061396260304647,1.696381573099643,0.40074814947951776,0.3570593245287608,0.7488779461110958,0.8132020720033437,0.6257451041449992,9.353909199123047e-05,6,4,0.17320508075688773,2500,OLS_debias_iid,iid,False,5
0,6,6001,13,130001,True,150,False,100,0.9097177793642689,2.6809616116806865,0.35233868800662577,0.3105110113623548,0.7534759165697554,0.8260033213830567,0.6906756916784044,0.00010974396106940357,6,4,0.17320508075688773,2500,OLS_debias_iid,iid,False,5
0,5,5001,15,150001,True,123,False,100,0.7280636685857087,3.0726854507811368,0.35614983385753524,0.31867489924258546,0.6761833277529258,0.7003412530672563,0.758108990503027,0.00019380302929508354,6,4,0.17320508075688773,2500,OLS_debias_iid,iid,False,5
0,9,9001,14,140001,True,145,False,100,0.906158854383296,1.3277825638651848,0.438311968288836,0.40204148209448376,1.0897399164986705,1.0028823869311847,0.6041433939113259,5.7654283410222096e-05,6,4,0.17320508075688773,2500,OLS_debias_iid,iid,False,5
0,9,9001,16,160001,True,145,False,100,0.693497860650647,1.3217051979154348,0.48338542828482994,0.42731944349048634,0.9417172700435905,1.3254091119360787,0.6776291989589079,0.00011431095981834996,6,4,0.17320508075688773,2500,OLS_debias_iid,iid,False,5
0,7,7001,20,200001,True,186,False,100,0.9698057539679772,2.0998219060711563,0.5230616183308424,0.5122307291068066,1.0293181187533857,1.0116814227363295,0.6015769275186885,2.635620987579397e-05,6,4,0.17320508075688773,2500,OLS_debias_iid,iid,False,5
0,9,9001,0,1,True,162,False,100,0.650369580366975,1.5746275708079338,0.44719659847778603,0.42484751852246544,0.81695713905055,0.8463352657070234,0.685287392787041,7.557239462276719e-05,6,4,0.17320508075688773,2500,OLS_debias_iid,iid,False,5
0,7,7001,24,240001,True,139,False,100,0.90666550507506,2.0706495391204953,0.560750987327565,0.5728939824379792,0.7337437850554264,1.0096630670634785,0.5684941881203748,7.759423884229236e-05,6,4,0.17320508075688773,2500,OLS_debias_iid,iid,False,5
0,9,9001,23,230001,True,140,False,100,0.9974193074539494,1.2827094830572605,0.47187831616052944,0.44247480645762405,0.9741457665864792,1.0419735161558503,0.5382968519735937,3.099752751229294e-05,6,4,0.17320508075688773,2500,OLS_debias_iid,iid,False,5
0,9,9001,8,80001,True,162,False,100,0.8315159796302958,1.466905198059976,0.49893061222798246,0.4480211121562083,0.6633019455806201,1.5240356741417347,0.6614247474930935,6.27228616811501e-05,6,4,0.17320508075688773,2500,OLS_debias_iid,iid,False,5
0,9,9001,7,70001,True,153,False,100,0.9449932377097905,1.484745557885617,0.42401115503094644,0.40093392612003703,0.6964466064858218,0.9105169532480577,0.6102199300324993,4.7172408239212185e-05,6,4,0.17320508075688773,2500,OLS_debias_iid,iid,False,5
0,7,7001,12,120001,True,184,False,100,0.9424766003573796,2.2856823788024485,0.37151372001720046,0.3489908181379413,0.6697081007986916,0.7517365889317036,0.7393251734931517,4.547749867790224e-05,6,4,0.17320508075688773,2500,OLS_debias_iid,iid,False,5
0,9,9001,24,240001,True,133,False,100,0.90666550507506,1.3243086487054825,0.3025390123964345,0.2947388167196198,0.3934222859518416,0.6396472279058255,0.7757753561806456,0.00010937677357569253,6,4,0.17320508075688773,2500,OLS_debias_iid,iid,False,5
0,6,6001,8,80001,True,132,False,100,0.8315159796302958,2.914132959675044,0.4081167402960081,0.36174521630529727,0.8597257926765957,0.7015084881135792,0.7213576630620636,0.00010816639856660429,6,4,0.17320508075688773,2500,OLS_debias_iid,iid,False,5
0,8,8001,13,130001,True,140,False,100,0.9097177793642689,1.8896287307143211,0.4634909525511387,0.45853781694215495,0.7130599466147766,0.9396200178914443,0.6092273470118701,8.102071596212781e-05,6,4,0.17320508075688773,2500,OLS_debias_iid,iid,False,5
0,9,9001,25,250001,True,139,False,100,0.8162301434962846,1.3404730120673776,0.3393403054522874,0.31173701022503136,0.5526749498603163,0.7964527203635497,0.6958685164261831,8.847149268575427e-05,6,4,0.17320508075688773,2500,OLS_debias_iid,iid,False,5
0,9,9001,11,110001,True,150,False,100,0.7833538323101048,1.5464141280390322,0.439461962401605,0.43820710565721627,0.7441137178629984,0.7628529783080866,0.6929441891838485,0.00011981845737794026,6,4,0.17320508075688773,2500,OLS_debias_iid,iid,False,5
0,4,4001,23,230001,True,139,False,100,0.9974193074539494,3.463713196106255,0.6088769060622351,0.6404436457338726,0.9644685290824846,1.2254031587539986,0.3752808510292785,2.4493688202569376e-05,6,4,0.17320508075688773,2500,OLS_debias_iid,iid,False,5
0,5,5001,27,270001,True,174,False,100,0.9558072328884016,3.1938190469518304,0.5490105407688026,0.5375510748237794,1.0005379983692935,0.9026393108093842,0.5977282870697752,3.946049029761258e-05,6,4,0.17320508075688773,2500,OLS_debias_iid,iid,False,5
0,9,9001,2,20001,True,180,False,100,0.8756579723219927,1.7707892688922584,0.43270188927509323,0.4310936344158171,0.6381922873289371,0.8035542452449582,0.7087813132147108,4.083189588279932e-05,6,4,0.17320508075688773,2500,OLS_debias_iid,iid,False,5
0,8,8001,27,270001,True,152,False,100,0.9558072328884016,1.8552206228487194,0.3281947973425135,0.3021003832119634,0.5337299718149272,0.8210732484529308,0.7190533123366883,3.532255282999315e-05,6,4,0.17320508075688773,2500,OLS_debias_iid,iid,False,5
0,9,9001,1,10001,True,159,False,100,0.7703467396720308,1.8137075961567461,0.46416122769123475,0.4574602956991259,0.6551970209767606,0.8295940026498454,0.7033731910981801,7.951809270090036e-05,6,4,0.17320508075688773,2500,OLS_debias_iid,iid,False,5
0,9,9001,17,170001,True,162,False,100,0.665171334329907,1.5766009967774153,0.37954533820385117,0.3609071595807445,0.6583090024157778,0.7122415700872614,0.7337988865478388,8.682252771344399e-05,6,4,0.17320508075688773,2500,OLS_debias_iid,iid,False,5
0,8,8001,18,180001,True,157,False,100,0.7872493539903449,2.062223630025983,0.49118831816346287,0.48740280351150095,0.7146465381361504,0.851641943281246,0.6777383781595714,9.223469710325358e-05,6,4,0.17320508075688773,2500,OLS_debias_iid,iid,False,5
0,8,8001,2,20001,True,238,False,100,0.8756579723219927,2.229192291852087,0.42373500645870454,0.4102899830281744,0.689023672458285,0.9516334282834911,0.6507873372013163,2.0272784799817047e-05,6,4,0.17320508075688773,2500,OLS_debias_iid,iid,False,5
0,5,5001,14,140001,True,132,False,100,0.906158854383296,3.4591986890882254,0.4326931863175204,0.3941828706674761,0.8534355851018312,0.8651647891483393,0.6569127412647593,5.961417175900481e-05,6,4,0.17320508075688773,2500,OLS_debias_iid,iid,False,5
0,9,9001,10,100001,True,145,False,100,0.9712551925535012,1.7233092649839818,0.39915233839114267,0.35611949832238676,0.6607347333703333,0.8456768568053389,0.6571871474628819,2.5584095718857507e-05,6,4,0.17320508075688773,2500,OLS_debias_iid,iid,False,5
0,8,8001,8,80001,True,224,False,100,0.8315159796302958,2.226688018999994,0.47776574809041067,0.4465293424952828,0.8447728317233053,0.8099459345373975,0.6617275008916962,2.7791566396726075e-05,6,4,0.17320508075688773,2500,OLS_debias_iid,iid,False,5
0,8,8001,25,250001,True,209,False,100,0.8162301434962846,2.045716960914433,0.4656911996041288,0.46105967021496014,0.6426247932896019,0.925210172631805,0.654384948592059,3.672785002793067e-05,6,4,0.17320508075688773,2500,OLS_debias_iid,iid,False,5
0,8,8001,29,290001,True,123,False,100,0.9745603870697144,2.0017635016702116,0.44676564254240203,0.4310711003661347,0.6647918255625955,0.9497164481174446,0.5052509739388182,9.25169020991401e-05,6,4,0.17320508075688773,2500,OLS_debias_iid,iid,False,5
0,6,6001,22,220001,True,163,False,100,0.9607712732262954,2.978226402308792,0.3490600719228116,0.32923142495312735,0.5218137849402666,0.9485583259807117,0.5815609596857211,1.6467529544756572e-05,6,4,0.17320508075688773,2500,OLS_debias_iid,iid,False,5
0,7,7001,6,60001,True,149,False,100,0.9614930683716931,2.764480301644653,0.40584840180441806,0.3786824784142708,0.6540480850048146,0.8166261009279173,0.6937302261970512,5.896192489595634e-05,6,4,0.17320508075688773,2500,OLS_debias_iid,iid,False,5
0,4,4001,2,20001,True,218,False,100,0.8756579723219927,4.829406283795834,0.45448374336583686,0.42155405378581934,0.6670931881936146,0.7793709589549537,0.6537877381015978,2.9748728741306046e-05,6,4,0.17320508075688773,2500,OLS_debias_iid,iid,False,5
0,9,9001,29,290001,True,153,False,100,0.9745603870697144,1.6607935819774866,0.4260965597210489,0.42716240164416047,0.6001458343464835,0.8629037678567256,0.6726136283935434,3.7457711227831204e-05,6,4,0.17320508075688773,2500,OLS_debias_iid,iid,False,5
0,9,9001,6,60001,True,142,False,100,0.9614930683716931,1.933904867619276,0.5610378344067937,0.5706734284587194,0.9308964598682488,0.9522082392707292,0.6633792028163292,4.463727996123455e-05,6,4,0.17320508075688773,2500,OLS_debias_iid,iid,False,5
0,8,8001,26,260001,True,133,False,100,0.9190167706595254,2.119111446198076,0.5759050663074692,0.58904549000001,0.7564848820927979,1.1174304980083125,0.5639984471099787,0.000124149961714437,6,4,0.17320508075688773,2500,OLS_debias_iid,iid,False,5
0,8,8001,28,280001,True,183,False,100,0.9355996664555999,2.0853786221705377,0.40411155066118487,0.4120206083054516,0.499074005217175,0.7805280866464294,0.6954839583304766,5.2362123563092136e-05,6,4,0.17320508075688773,2500,OLS_debias_iid,iid,False,5
0,9,9001,9,90001,True,143,False,100,0.9906790178528795,1.9479337260127068,0.4223978232924895,0.4025476738255,0.7952751291218144,0.8523939453065535,0.6074795264897593,2.547256435231534e-05,6,4,0.17320508075688773,2500,OLS_debias_iid,iid,False,5
0,9,9001,4,40001,True,210,False,100,0.9087184118099425,2.0162797360680997,0.45086901880118874,0.41426640303077544,0.8359659620008678,0.772217101529704,0.7003468263481919,3.947770435054532e-05,6,4,0.17320508075688773,2500,OLS_debias_iid,iid,False,5
0,8,8001,17,170001,True,122,False,100,0.665171334329907,2.3624772876501083,0.6261165947319831,0.6629457073808033,1.2147578274977149,1.213480322549492,0.523272797921858,0.00018289631398852698,6,4,0.17320508075688773,2500,OLS_debias_iid,iid,False,5
0,9,9001,5,50001,True,133,False,100,0.914760637550691,2.0594884511083364,0.4229203903188101,0.41410462858163727,0.7542598459360578,0.8396929936194435,0.6718378981051769,8.359839001938634e-05,6,4,0.17320508075688773,2500,OLS_debias_iid,iid,False,5
0,7,7001,8,80001,True,128,False,100,0.8315159796302958,2.929462526924908,0.4532678861708408,0.43650323501194516,0.9263862732687086,0.8186233295679607,0.7136072500577813,0.00013101581087611685,6,4,0.17320508075688773,2500,OLS_debias_iid,iid,False,5
0,9,9001,28,280001,True,141,False,100,0.9355996664555999,1.8596365097910166,0.3665387084015491,0.33936535289958997,0.5460177307023464,0.6995801131548739,0.7002163874923243,0.00010287442561719592,6,4,0.17320508075688773,2500,OLS_debias_iid,iid,False,5
0,9,9001,15,150001,True,128,False,100,0.7280636685857087,2.0524334530346096,0.3810490424386075,0.35923682669111373,0.6474286694790147,0.7083120916658249,0.7467370754544952,0.00013806884978827266,6,4,0.17320508075688773,2500,OLS_debias_iid,iid,False,5
0,7,7001,11,110001,True,133,False,100,0.7833538323101048,3.007593277376145,0.585786343984239,0.5962008783264335,0.9757829109559865,0.995842717272189,0.6171662895924318,0.00011857575705645847,6,4,0.17320508075688773,2500,OLS_debias_iid,iid,False,5
1,0,1,1,10001,True,232,False,100,0.7703467396720308,1.9858407392166555,0.24855845684187278,0.20403600514939105,0.49417467169069895,0.5181024784286209,0.8403551082884888,1.2109751163580012e-05,6,4,0.17320508075688773,2500,OLS_debias_iid,iid,False,5
1,0,1,2,20001,True,249,False,100,0.8756579723219927,1.955933797173202,0.3341178664004623,0.27501476197810804,0.6215391613156033,0.7238911678485234,0.7638865796822322,4.996734442741322e-06,6,4,0.17320508075688773,2500,OLS_debias_iid,iid,False,5
0,8,8001,6,60001,True,159,False,100,0.9614930683716931,2.7416088189929724,0.6350135213507352,0.6824831461079105,1.0035248524291158,1.146331399404574,0.536730074317179,4.277079590166349e-05,6,4,0.17320508075688773,2500,OLS_debias_iid,iid,False,5
0,2,2001,24,240001,True,259,False,100,0.90666550507506,5.389146925881505,0.45564356833990055,0.4376192407690938,0.6036352502277478,0.9304748007583005,0.6023943472690799,1.4755966091967588e-05,6,4,0.17320508075688773,2500,OLS_debias_iid,iid,False,5
0,9,9001,18,180001,True,250,False,100,0.7872493539903449,2.2545395959168673,0.5418117492746964,0.5503420466110391,1.0391613370178276,0.9168527345921434,0.6260327281655623,4.036639833012635e-05,6,4,0.17320508075688773,2500,OLS_debias_iid,iid,False,5
1,0,1,6,60001,True,269,False,100,0.9614930683716931,2.087288988288492,0.4937316371098907,0.47510247788205984,0.7775515059783976,0.8851699559637444,0.6908729539595927,2.9369892919194892e-06,6,4,0.17320508075688773,2500,OLS_debias_iid,iid,False,5
1,0,1,17,170001,True,224,False,100,0.5348547226528155,1.8228718992322683,0.6252370234407594,0.6354635951928576,1.1420783115884254,1.1787803632256,0.6258775604959592,2.5948399829279995e-05,6,4,0.17320508075688773,2500,OLS_debias_iid,iid,False,5
1,1,1001,3,30001,True,229,False,100,0.668082389962673,1.6689179129898548,0.4593039624613345,0.4200546052762045,0.7813300580247025,0.7283332657992965,0.7192015309767253,1.734767626348926e-05,6,4,0.17320508075688773,2500,OLS_debias_iid,iid,False,5
0,8,8001,21,210001,True,173,False,100,0.8161923022139428,2.777362967841327,0.3553930621306976,0.3508008306402852,0.5059500428588795,0.7954074503436669,0.7084863193373506,6.664330042712059e-05,6,4,0.17320508075688773,2500,OLS_debias_iid,iid,False,5
1,0,1,4,40001,True,283,False,100,0.6258509706662111,2.1805263170972466,0.4244930557098745,0.3770501625471982,0.7348641319802652,0.6839202064889124,0.7909961440814369,8.927147824528833e-06,6,4,0.17320508075688773,2500,OLS_debias_iid,iid,False,5
1,0,1,19,190001,True,232,False,100,0.9061396260304647,1.9267940795980394,0.45911265207941965,0.4139805522062563,0.8775382509753062,0.8350652852740028,0.6823492540390259,1.0183336690638096e-05,6,4,0.17320508075688773,2500,OLS_debias_iid,iid,False,5
1,0,1,16,160001,True,230,False,100,0.6292898282788403,1.9598559788428247,0.5130483434302866,0.4752398243185887,0.7882931060985386,0.8691079286188153,0.6832889276414349,1.9547666472980714e-05,6,4,0.17320508075688773,2500,OLS_debias_iid,iid,False,5
0,8,8001,12,120001,True,141,False,100,0.9424766003573796,2.9636932779103518,0.5101851728323322,0.4936740101287474,0.8079465628462861,0.9573247105146004,0.5641526072051586,7.525598501233523e-05,6,4,0.17320508075688773,2500,OLS_debias_iid,iid,False,5
0,9,9001,21,210001,True,165,False,100,0.8161923022139428,2.4404111579060555,0.451102289405234,0.43909575328770106,0.7223165101898416,0.8039685478792329,0.6616626258154138,6.696470925407315e-05,6,4,0.17320508075688773,2500,OLS_debias_iid,iid,False,5
1,0,1,24,240001,True,238,False,100,0.90666550507506,1.9886366678401828,0.29099879704846543,0.2568375409280182,0.4485316057601364,0.5564050781645495,0.7999953006528646,1.1762518031868805e-05,6,4,0.17320508075688773,2500,OLS_debias_iid,iid,False,5
0,9,9001,27,270001,True,146,False,100,0.9558072328884016,2.438318094238639,0.40085382004479636,0.32225320590697365,1.0217853554267373,0.6794693958629875,0.7205593615793048,5.7470562315538964e-05,6,4,0.17320508075688773,2500,OLS_debias_iid,iid,False,5
1,0,1,28,280001,True,232,False,100,0.9355996664555999,1.9569531488232315,0.38912534146575767,0.3602203772790522,0.6127228210511585,0.5584221154525058,0.7949711244515297,1.4054760221582677e-05,6,4,0.17320508075688773,2500,OLS_debias_iid,iid,False,5
0,8,8001,11,110001,True,171,False,100,0.7833538323101048,3.075881037861109,0.3772730831015523,0.3276916858503856,0.8182909841015149,0.9303630949583482,0.7100561098652217,4.3532204117652416e-05,6,4,0.17320508075688773,2500,OLS_debias_iid,iid,False,5
1,0,1,25,250001,True,240,False,100,0.8162301434962846,2.022580500692129,0.4428324657601009,0.4080964206299522,0.7337629706321172,0.8352978314126698,0.7039259650874635,6.117540703270165e-06,6,4,0.17320508075688773,2500,OLS_debias_iid,iid,False,5
1,0,1,27,270001,True,245,False,100,0.8275716930265039,1.9879610240459442,0.3522058064987648,0.30253486294257775,0.7413518633294655,0.6023906451059384,0.7979970828340264,6.9941610796133025e-06,6,4,0.17320508075688773,2500,OLS_debias_iid,iid,False,5
1,1,1001,8,80001,True,234,False,100,0.8315159796302958,1.8828943111002445,0.1944498252974521,0.175159142787607,0.278935280082953,0.5820472308303949,0.8405767389242385,7.574020851122873e-06,6,4,0.17320508075688773,2500,OLS_debias_iid,iid,False,5
0,9,9001,26,260001,True,142,False,100,0.9190167706595254,2.5976058710366488,0.5942649864551419,0.5800190373294724,1.009619879706199,1.0056876745885293,0.5287193746633767,8.809972456382949e-05,6,4,0.17320508075688773,2500,OLS_debias_iid,iid,False,5
1,0,1,23,230001,True,258,False,100,0.9974193074539494,2.165300498250872,0.5053997197636733,0.4701300222555263,0.6951751240713981,1.1277837220028257,0.5071139586183808,3.877115329753797e-06,6,4,0.17320508075688773,2500,OLS_debias_iid,iid,False,5
0,9,9001,19,190001,True,180,False,100,0.9061396260304647,2.684293647762388,0.3283243038994968,0.30132025453616035,0.5496010872649888,0.8638365760120363,0.6830007795788079,2.7466232779723998e-05,6,4,0.17320508075688773,2500,OLS_debias_iid,iid,False,5
1,1,1001,9,90001,True,241,False,100,0.865215746072306,2.018120863009244,0.42244081669679784,0.37177141979750766,0.7741686408895965,0.6802431080393887,0.7655244197098312,5.6775387093042415e-06,6,4,0.17320508075688773,2500,OLS_debias_iid,iid,False,5
0,9,9001,12,120001,True,153,False,100,0.9424766003573796,2.8421836253255606,0.3153188505652215,0.2677345235701457,0.6628605618766795,0.8257469137585153,0.6678587435097717,3.726140251308566e-05,6,4,0.17320508075688773,2500,OLS_debias_iid,iid,False,5
1,1,1001,13,130001,True,244,False,100,0.9097177793642689,1.964013498276472,0.27094574775669994,0.2460825645699708,0.3445606553804881,0.7097459566295986,0.7518707291781693,4.82165845071051e-06,6,4,0.17320508075688773,2500,OLS_debias_iid,iid,False,5
1,1,1001,12,120001,True,233,False,100,0.8627323795317368,2.0206610839813948,0.4133894222220135,0.3403727309550341,0.8339863416624343,0.7775971978072941,0.7123044725502452,1.5743126766926334e-05,6,4,0.17320508075688773,2500,OLS_debias_iid,iid,False,5
1,0,1,9,90001,True,256,False,100,0.865215746072306,2.43010669387877,0.43495539620435425,0.38532948244422377,0.5868011211287278,0.8149580749608942,0.7026989816206513,5.334215278666493e-06,6,4,0.17320508075688773,2500,OLS_debias_iid,iid,False,5
1,1,1001,4,40001,True,227,False,100,0.6258509706662111,2.1003514919430017,0.5920871335790227,0.601880690313359,0.9913830865742007,1.0650411636519206,0.6688654403165694,2.646912672152581e-05,6,4,0.17320508075688773,2500,OLS_debias_iid,iid,False,5
0,7,7001,17,170001,True,189,False,100,0.665171334329907,3.6507393908686936,0.48662162136023546,0.42397849656192715,0.9538896402162376,0.7798989468849572,0.7144308390815902,3.778433924174501e-05,6,4,0.17320508075688773,2500,OLS_debias_iid,iid,False,5
0,8,8001,23,230001,True,171,False,100,0.9974193074539494,3.2062321067787707,0.5419804620713917,0.5520729168851016,0.8240036373969059,1.0348992429566464,0.50787759499694,1.4781644671612498e-05,6,4,0.17320508075688773,2500,OLS_debias_iid,iid,False,5
1,1,1001,5,50001,True,257,False,100,0.914760637550691,2.188368779141456,0.45973075149581294,0.41311605072390906,0.808105058563936,0.9503740781111869,0.572712844684253,2.856805787613053e-06,6,4,0.17320508075688773,2500,OLS_debias_iid,iid,False,5
1,1,1001,16,160001,True,236,False,100,0.6292898282788403,2.073946035001427,0.5158716906646842,0.49091491915401275,0.9999616352424594,0.9117246903682377,0.6984338160596888,1.9986162594324457e-05,6,4,0.17320508075688773,2500,OLS_debias_iid,iid,False,5
1,0,1,26,260001,True,247,False,100,0.6427968597534178,2.4048014786094427,0.3351483131482833,0.3149749945204933,0.4087248381026443,0.7562784170014482,0.7370123725354263,7.413031757544208e-06,6,4,0.17320508075688773,2500,OLS_debias_iid,iid,False,5
1,1,1001,7,70001,True,270,False,100,0.923911011300671,2.2666784380562603,0.5084112008440328,0.47715518877941093,0.9321439007995946,0.9897726087223102,0.7046500266308311,6.269290671918674e-06,6,4,0.17320508075688773,2500,OLS_debias_iid,iid,False,5
0,6,6001,12,120001,True,153,False,100,0.9424766003573796,4.436061506159604,0.5442760265341857,0.5159295281460491,1.0282669933835056,2.195961450021444,0.6205826364427459,6.46416420708676e-05,6,4,0.17320508075688773,2500,OLS_debias_iid,iid,False,5
1,1,1001,11,110001,True,235,False,100,0.7761811778727253,2.21631221473217,0.5234430703343215,0.5013193167261435,0.9040736710235835,0.9224327519669402,0.6980087351988158,2.383033113954782e-05,6,4,0.17320508075688773,2500,OLS_debias_iid,iid,False,5
1,1,1001,25,250001,True,241,False,100,0.8162301434962846,1.986143697053194,0.3483018908527889,0.2982888264137663,0.6396010898622558,0.8737312581756822,0.6363737086162573,6.867426587925256e-06,6,4,0.17320508075688773,2500,OLS_debias_iid,iid,False,5
1,1,1001,26,260001,True,235,False,100,0.6427968597534178,2.007652019150555,0.4463909458000622,0.40490010989569286,0.8916266266291187,0.9751164650851919,0.5935497476838331,8.543991126710595e-06,6,4,0.17320508075688773,2500,OLS_debias_iid,iid,False,5
1,1,1001,21,210001,True,250,False,100,0.8161923022139428,2.1016501230187714,0.34693498324471206,0.3298255105543944,0.5084157828067862,0.7800677031653047,0.7397696865156502,6.975783255163828e-06,6,4,0.17320508075688773,2500,OLS_debias_iid,iid,False,5
1,1,1001,2,20001,True,248,False,100,0.8756579723219927,2.3580666999332607,0.4396674572098715,0.4074876705564599,0.7076284663891226,0.9088435173226245,0.5804498449556433,6.8186501321409314e-06,6,4,0.17320508075688773,2500,OLS_debias_iid,iid,False,5
1,1,1001,10,100001,True,263,False,100,0.9712551925535012,2.283926511183381,0.260491717876792,0.23084804265273648,0.4128050914976361,0.9191143890057664,0.5530366002650579,2.3652674305054316e-06,6,4,0.17320508075688773,2500,OLS_debias_iid,iid,False,5
1,1,1001,29,290001,True,233,False,100,0.6433405100495158,1.929584639146924,0.5261978268765697,0.5011728567024798,0.8261553845380865,0.8621543702138726,0.6843134903280905,8.57417013229199e-06,6,4,0.17320508075688773,2500,OLS_debias_iid,iid,False,5
1,1,1001,27,270001,True,262,False,100,0.8275716930265039,2.09317907365039,0.29090988475353213,0.2454850270214827,0.5432063521064389,0.6564409336472361,0.8214099549326954,6.618419348711707e-06,6,4,0.17320508075688773,2500,OLS_debias_iid,iid,False,5
1,0,1,18,180001,True,238,False,100,0.7872493539903449,2.63876786082983,0.35042688326413535,0.3292716290384268,0.488750018866424,0.5952125922895463,0.8078098216473382,1.3247056227598363e-05,6,4,0.17320508075688773,2500,OLS_debias_iid,iid,False,5
1,2,2001,12,120001,True,230,False,100,0.8627323795317368,1.825279670767486,0.4750203680992114,0.434962941220492,0.8056465585597379,0.70898021063671,0.763786191318773,1.5157693078847939e-05,6,4,0.17320508075688773,2500,OLS_debias_iid,iid,False,5
1,0,1,11,110001,True,249,False,100,0.7761811778727253,2.7517399950884283,0.4436195072082858,0.40827606207827444,0.7050990092877272,0.7707546637207182,0.6748608475350192,1.730734431530151e-05,6,4,0.17320508075688773,2500,OLS_debias_iid,iid,False,5
1,0,1,29,290001,True,240,False,100,0.6433405100495158,2.560626490972936,0.3666622317502059,0.30645095118247845,0.8494660334322474,0.7385706387228419,0.7614568409325381,9.127128758185054e-06,6,4,0.17320508075688773,2500,OLS_debias_iid,iid,False,5
0,8,8001,14,140001,True,239,False,100,0.906158854383296,3.682364739011973,0.46247637810949876,0.45389310001588296,0.8584957269439937,0.9676689884317317,0.6140064737202523,1.5180527339744815e-05,6,4,0.17320508075688773,2500,OLS_debias_iid,iid,False,5
0,8,8001,16,160001,True,180,False,100,0.693497860650647,3.74455005582422,0.4213917528504324,0.3997976674312747,0.642012519860641,0.7622943806757304,0.6914561472317712,5.3162801226004065e-05,6,4,0.17320508075688773,2500,OLS_debias_iid,iid,False,5
0,9,9001,20,200001,True,131,False,100,0.9698057539679772,3.2427584598772228,0.46795636402091617,0.4662729885747896,0.674114006553109,1.0209514569456684,0.5130176441520324,7.621166130096785e-05,6,4,0.17320508075688773,2500,OLS_debias_iid,iid,False,5
1,2,2001,6,60001,True,243,False,100,0.9614930683716931,1.9844486680813134,0.5229963582304088,0.495862141326657,0.9780209983810664,1.0250361601437128,0.5618413617971392,4.263177398448006e-06,6,4,0.17320508075688773,2500,OLS_debias_iid,iid,False,5
1,0,1,14,140001,True,339,False,100,0.906158854383296,2.849399461876601,0.4186915985410429,0.34559139370696884,0.7328801921276101,0.7035074632827346,0.7240261429072999,2.6063866603474093e-06,6,4,0.17320508075688773,2500,OLS_debias_iid,iid,False,5
1,2,2001,2,20001,True,244,False,100,0.8756579723219927,2.058398298919201,0.18385881856992314,0.16779892762040105,0.3134393799192476,0.49173309023679534,0.8481402620008301,9.642233442299598e-06,6,4,0.17320508075688773,2500,OLS_debias_iid,iid,False,5
1,1,1001,19,190001,True,278,False,100,0.9061396260304647,2.381299290806055,0.37373088076460376,0.34957086364625717,0.5528775486577546,0.7970251151579266,0.7400838784485413,5.171674708728052e-06,6,4,0.17320508075688773,2500,OLS_debias_iid,iid,False,5
1,2,2001,1,10001,True,248,False,100,0.7703467396720308,2.123004086781293,0.38510683581504984,0.3510353970560258,0.6724378911307195,0.6270092736399391,0.7839401127776074,1.3083321709816237e-05,6,4,0.17320508075688773,2500,OLS_debias_iid,iid,False,5
1,2,2001,18,180001,True,226,False,100,0.7872493539903449,1.9722666880115867,0.16696724945247424,0.14887750407780867,0.2752282115811905,0.45546709272412506,0.874819514545992,1.6279232581220757e-05,6,4,0.17320508075688773,2500,OLS_debias_iid,iid,False,5
1,1,1001,28,280001,True,255,False,100,0.9355996664555999,2.355276281014085,0.31128573722510533,0.2927829233685781,0.4339555689456358,0.5844756172418878,0.7980068867711775,1.3087997341019162e-05,6,4,0.17320508075688773,2500,OLS_debias_iid,iid,False,5
1,2,2001,13,130001,True,246,False,100,0.9097177793642689,2.0931253149174154,0.2771170156430537,0.2563119433951879,0.34555246888355495,0.6121426923563051,0.804767774923906,4.542218273130288e-06,6,4,0.17320508075688773,2500,OLS_debias_iid,iid,False,5
1,2,2001,14,140001,True,238,False,100,0.906158854383296,2.078020235989243,0.3881654052858411,0.3461088121112421,0.7876478957597003,0.8417938029917409,0.6527910136048631,5.146726817462386e-06,6,4,0.17320508075688773,2500,OLS_debias_iid,iid,False,5
1,2,2001,3,30001,True,257,False,100,0.668082389962673,2.239146859385073,0.38375358599894754,0.3530686155654624,0.6637332483026588,0.780895915330406,0.7665840854146758,6.323940373706561e-06,6,4,0.17320508075688773,2500,OLS_debias_iid,iid,False,5
1,2,2001,7,70001,True,265,False,100,0.923911011300671,2.2109722937457263,0.30831772498037147,0.2735911254273385,0.5239817437692114,0.6777498217434932,0.7634698203629993,4.461808416486607e-06,6,4,0.17320508075688773,2500,OLS_debias_iid,iid,False,5
1,0,1,0,1,True,239,False,100,0.650369580366975,3.411861325148493,0.3259705489729695,0.276517794190349,0.7235211221228903,0.572370344888949,0.8296770392984241,1.4458752634275323e-05,6,4,0.17320508075688773,2500,OLS_debias_iid,iid,False,5
1,1,1001,24,240001,True,271,False,100,0.90666550507506,2.5709501556120813,0.3267742737688611,0.2750902960809623,0.5197499451986412,0.6441278788839573,0.8025857038955937,9.618409527402578e-06,6,4,0.17320508075688773,2500,OLS_debias_iid,iid,False,5
1,2,2001,22,220001,True,243,False,100,0.9607712732262954,2.0618559028953314,0.3473095208516793,0.29696492138225994,0.5074768133824363,0.7427344899484014,0.6555520017128306,4.85470232930979e-06,6,4,0.17320508075688773,2500,OLS_debias_iid,iid,False,5
1,2,2001,8,80001,True,284,False,100,0.8315159796302958,2.2909284406341612,0.39855946766185707,0.34734880914916144,0.6311159924454831,0.7500726548564779,0.6909701434159669,1.0365838200576218e-05,6,4,0.17320508075688773,2500,OLS_debias_iid,iid,False,5
1,3,3001,11,110001,True,224,False,100,0.7761811778727253,1.7380337179638445,0.5278241986941806,0.5093057116432744,0.9698132573758789,0.8438859602861376,0.6901731370040088,2.619940521984487e-05,6,4,0.17320508075688773,2500,OLS_debias_iid,iid,False,5
1,3,3001,2,20001,True,243,False,100,0.8756579723219927,1.9146762392483652,0.43809388341449984,0.45890964432307263,0.8055393436082788,0.7670496153803217,0.7484719788755407,1.0895611585480643e-05,6,4,0.17320508075688773,2500,OLS_debias_iid,iid,False,5
1,3,3001,8,80001,True,233,False,100,0.8315159796302958,1.8489247988909483,0.25320080003184725,0.22169824138263364,0.4382839299785581,0.6028380969646288,0.8066615631035084,8.32186532393682e-06,6,4,0.17320508075688773,2500,OLS_debias_iid,iid,False,5
1,2,2001,27,270001,True,258,False,100,0.8275716930265039,2.0232955650426447,0.4859980843805742,0.45898006930747987,0.8875838577230908,2.0460512400572144,0.6576707996760012,4.8359676678645535e-06,6,4,0.17320508075688773,2500,OLS_debias_iid,iid,False,5
1,2,2001,0,1,True,230,False,100,0.650369580366975,2.587291907053441,0.5194359259820311,0.46333354137482113,0.9061090583591858,0.9182252840447156,0.6815200020233619,1.9030495334041964e-05,6,4,0.17320508075688773,2500,OLS_debias_iid,iid,False,5
1,2,2001,19,190001,True,247,False,100,0.9061396260304647,2.2905281432904303,0.38407923280591183,0.356194185363816,0.5692986551705811,0.6720666760189532,0.7666885110367859,4.198045489203109e-06,6,4,0.17320508075688773,2500,OLS_debias_iid,iid,False,5
1,0,1,10,100001,True,270,False,100,0.9712551925535012,3.3868406279943883,0.37341228515215963,0.3022754263723435,0.9138192899946191,0.9531314893325854,0.5995430750842926,1.399358073515605e-06,6,4,0.17320508075688773,2500,OLS_debias_iid,iid,False,5
1,0,1,15,150001,True,292,False,100,0.7280636685857087,3.3156457766890526,0.3076525559026564,0.282665912854859,0.5012620831584415,0.6764790691086207,0.7862536959712221,7.2730140530295866e-06,6,4,0.17320508075688773,2500,OLS_debias_iid,iid,False,5
1,1,1001,20,200001,True,239,False,100,0.8652979952195247,2.849981868173927,0.2941842086221282,0.24437813631617591,0.6225251708114733,0.62487317887276,0.8160139706667593,1.2120719175325867e-05,6,4,0.17320508075688773,2500,OLS_debias_iid,iid,False,5
1,2,2001,15,150001,True,241,False,100,0.7280636685857087,2.41956908069551,0.5297455374890759,0.5004884744194982,0.8874868860279524,1.1135830977268808,0.7070134599395549,1.666340878685127e-05,6,4,0.17320508075688773,2500,OLS_debias_iid,iid,False,5
1,2,2001,24,240001,True,224,False,100,0.90666550507506,2.242322175297886,0.522075732460582,0.5029458530552555,0.8447905064084602,0.7864614566322061,0.7276329013290064,2.3464286361777896e-05,6,4,0.17320508075688773,2500,OLS_debias_iid,iid,False,5
0,9,9001,22,220001,True,158,False,100,0.9607712732262954,3.8254204150289297,0.5352288544002648,0.5019290310189114,1.0776751956839528,1.0610153277273693,0.5564796214808182,2.3646971711798733e-05,6,4,0.17320508075688773,2500,OLS_debias_iid,iid,False,5
1,3,3001,0,1,True,236,False,100,0.650369580366975,2.2197347907349467,0.42244436354241477,0.359462986968117,0.9641274632608373,0.7684509975582747,0.7620740790592108,1.3295147004641355e-05,6,4,0.17320508075688773,2500,OLS_debias_iid,iid,False,5
1,2,2001,4,40001,True,257,False,100,0.6258509706662111,2.6924889381043613,0.4884717208735621,0.406902888954856,0.8043582281019873,0.732316226712452,0.6863214847348899,8.418036887708492e-06,6,4,0.17320508075688773,2500,OLS_debias_iid,iid,False,5
1,3,3001,1,10001,True,264,False,100,0.7703467396720308,2.2301985039375722,0.5198299507928577,0.4793603467264815,1.0287126445515615,0.8292428739314129,0.6913552280813083,8.17783038526274e-06,6,4,0.17320508075688773,2500,OLS_debias_iid,iid,False,5
1,2,2001,25,250001,True,263,False,100,0.8162301434962846,2.389831998385489,0.4066886329462901,0.3594286134778772,0.782757268206368,0.8157640586504817,0.7112399811500709,6.036368776942198e-06,6,4,0.17320508075688773,2500,OLS_debias_iid,iid,False,5
1,3,3001,6,60001,True,262,False,100,0.9614930683716931,2.2050519180484116,0.4441127295676725,0.4247103629604297,0.7881869640356957,0.9442834847134527,0.7011152946120237,1.9670455372353603e-06,6,4,0.17320508075688773,2500,OLS_debias_iid,iid,False,5
1,0,1,20,200001,True,233,False,100,0.8652979952195247,3.360284122172743,0.45189000248668376,0.41754349045158223,0.7898206965645589,0.8247900523241875,0.7092060882927351,8.991665893198745e-06,6,4,0.17320508075688773,2500,OLS_debias_iid,iid,False,5
1,0,1,7,70001,True,242,False,100,0.923911011300671,3.818946692161262,0.36759693467172483,0.29113505882647667,0.7941620978022368,0.615751033649231,0.7732522637497199,5.231959278893519e-06,6,4,0.17320508075688773,2500,OLS_debias_iid,iid,False,5
1,0,1,8,80001,True,219,False,100,0.8315159796302958,3.720333402045071,0.5724244959292419,0.5380474201573211,0.9167104903398444,1.6958546687713132,0.5607764799728897,2.8426558531499004e-05,6,4,0.17320508075688773,2500,OLS_debias_iid,iid,False,5
1,0,1,22,220001,True,248,False,100,0.9607712732262954,3.514148088172078,0.35750014373821093,0.28593057148851475,0.7811425050917644,0.7194227839485933,0.7554054710216953,4.666207460431634e-06,6,4,0.17320508075688773,2500,OLS_debias_iid,iid,False,5
1,1,1001,15,150001,True,248,False,100,0.7280636685857087,3.2135899923741817,0.3508371634336734,0.32259785429909066,0.5124624869543191,0.7450639639550242,0.7685873615275973,8.48993273075217e-06,6,4,0.17320508075688773,2500,OLS_debias_iid,iid,False,5
1,1,1001,1,10001,True,239,False,100,0.7703467396720308,3.447989840991795,0.21258554774990854,0.19608167199270277,0.3218021119023736,0.5031599640203168,0.8556850815211965,1.2187405399500684e-05,6,4,0.17320508075688773,2500,OLS_debias_iid,iid,False,5
1,3,3001,12,120001,True,239,False,100,0.8627323795317368,2.2550251628272235,0.334901720947479,0.26312309473250256,0.7860758147048789,0.6511284568800015,0.7635126713582364,7.246687158703102e-06,6,4,0.17320508075688773,2500,OLS_debias_iid,iid,False,5
1,0,1,21,210001,True,242,False,100,0.8161923022139428,3.6786848069168627,0.4389844584156975,0.3753982981865222,0.864966814337707,0.7137644618566708,0.7539642127110378,1.2144780947641245e-05,6,4,0.17320508075688773,2500,OLS_debias_iid,iid,False,5
1,3,3001,24,240001,True,251,False,100,0.90666550507506,1.8941284879110754,0.2844548624099395,0.26522662498646016,0.37677175723858813,0.5875488510762927,0.8146289317037244,5.5166899021433985e-06,6,4,0.17320508075688773,2500,OLS_debias_iid,iid,False,5
1,3,3001,22,220001,True,246,False,100,0.9607712732262954,1.9357507941313088,0.43595540592749343,0.3805693802151288,0.7750221457048871,0.7274599866237839,0.7487362324361208,4.4003209843568685e-06,6,4,0.17320508075688773,2500,OLS_debias_iid,iid,False,5
1,2,2001,11,110001,True,254,False,100,0.7761811778727253,2.869783173315227,0.4889268128698487,0.47410752401664835,0.7862679510955315,0.6904987122247602,0.7338186647443175,1.7478413356244298e-05,6,4,0.17320508075688773,2500,OLS_debias_iid,iid,False,5
1,3,3001,19,190001,True,238,False,100,0.9061396260304647,2.08431393885985,0.41086034115851433,0.36991998084502425,0.6807218632113173,0.7498767711734649,0.7470862344693698,1.1403515520382612e-05,6,4,0.17320508075688773,2500,OLS_debias_iid,iid,False,5
1,1,1001,22,220001,True,260,False,100,0.9607712732262954,3.348603227175772,0.44308179748230686,0.40824882303096527,0.5680789551545801,1.189284724634605,0.5583082173312915,3.2157458672707367e-06,6,4,0.17320508075688773,2500,OLS_debias_iid,iid,False,5
1,0,1,5,50001,True,255,False,100,0.914760637550691,4.152975322678685,0.4154721713400991,0.3793437941191708,0.7830210426708896,0.8671487201187441,0.6989779145896824,4.860554312899954e-06,6,4,0.17320508075688773,2500,OLS_debias_iid,iid,False,5
1,3,3001,29,290001,True,239,False,100,0.6433405100495158,1.9715140229091048,0.40958614515016817,0.3920621141227436,0.6083393013497826,0.6846058135022955,0.7434891683174195,5.8566779574567e-06,6,4,0.17320508075688773,2500,OLS_debias_iid,iid,False,5
1,4,4001,8,80001,True,237,False,100,0.8315159796302958,1.9096409040503204,0.4208513261186447,0.3492917626754157,0.8221546354521376,0.7528878057879675,0.7498914133065201,8.264924258576558e-06,6,4,0.17320508075688773,2500,OLS_debias_iid,iid,False,5
1,2,2001,23,230001,True,259,False,100,0.9974193074539494,3.001986177638173,0.3987100520609967,0.3492521225820325,0.7018188970096175,0.8283216331757103,0.6585263840655298,1.9253826812996146e-06,6,4,0.17320508075688773,2500,OLS_debias_iid,iid,False,5
0,5,5001,28,280001,True,418,False,100,0.9355996664555999,6.271523543167859,0.4468144123800291,0.42427426549385766,0.9549450439528189,0.824423290106871,0.6432018591470376,8.200312608292294e-06,6,4,0.17320508075688773,2500,OLS_debias_iid,iid,False,5
1,3,3001,9,90001,True,238,False,100,0.865215746072306,2.7652873159386218,0.21663012932661052,0.19069170404296823,0.36179486340403405,0.5814406679187669,0.8198353418313176,6.882499248278068e-06,6,4,0.17320508075688773,2500,OLS_debias_iid,iid,False,5
1,2,2001,5,50001,True,243,False,100,0.914760637550691,3.3176176040433347,0.4908239648982124,0.42218268507025614,1.0012758405109574,1.0782451181578447,0.5678807333643371,5.2172210767196125e-06,6,4,0.17320508075688773,2500,OLS_debias_iid,iid,False,5
1,4,4001,16,160001,True,289,False,100,0.6292898282788403,1.8129325211048126,0.46654044873572686,0.41388616224008784,0.954225963170865,0.8067414368211665,0.6382139102080769,9.955773758209057e-06,6,4,0.17320508075688773,2500,OLS_debias_iid,iid,False,5
1,2,2001,28,280001,True,236,False,100,0.9355996664555999,2.9749413658864796,0.4312924909452207,0.37132842008435074,0.8436832767614019,0.8452688930136496,0.7176957059273524,9.437973267318168e-06,6,4,0.17320508075688773,2500,OLS_debias_iid,iid,False,5
1,4,4001,7,70001,True,278,False,100,0.923911011300671,2.0807255562394857,0.49815183335401764,0.4518958653506413,1.2164101035295485,0.6979844764171249,0.740051054665683,3.2823788650474e-06,6,4,0.17320508075688773,2500,OLS_debias_iid,iid,False,5
1,4,4001,1,10001,True,282,False,100,0.7703467396720308,2.1947474530898035,0.5327805820184237,0.4590870048611266,0.683258738507603,0.8193497153994235,0.6465447279529548,8.246074690704266e-06,6,4,0.17320508075688773,2500,OLS_debias_iid,iid,False,5
1,4,4001,15,150001,True,230,False,100,0.7280636685857087,1.8799117119051516,0.4688729050811725,0.4353055448613008,0.9175322160106482,0.7848250417506456,0.7484589537067977,1.7193202113192386e-05,6,4,0.17320508075688773,2500,OLS_debias_iid,iid,False,5
1,1,1001,0,1,True,278,False,100,0.650369580366975,4.080008515622467,0.30405189054268794,0.2747331366452416,0.4443438091217428,0.7497601351412698,0.7293695171459491,1.0088776648442783e-05,6,4,0.17320508075688773,2500,OLS_debias_iid,iid,False,5
1,4,4001,14,140001,True,256,False,100,0.906158854383296,1.9613742670044303,0.4148819305986945,0.3886809410435273,0.5975861149978915,0.8938491568905438,0.6240068182228535,3.929815694102679e-06,6,4,0.17320508075688773,2500,OLS_debias_iid,iid,False,5
1,4,4001,4,40001,True,225,False,100,0.6258509706662111,2.1960499030537903,0.31399120488058124,0.24822614619008732,0.6520925771612764,0.5395094474286457,0.8304848178385654,1.4548654788737503e-05,6,4,0.17320508075688773,2500,OLS_debias_iid,iid,False,5
1,3,3001,4,40001,True,219,False,100,0.6258509706662111,3.014115748926997,0.5056415499527536,0.47326488693607716,0.9848762544994925,0.9299901950629328,0.6292103347622242,2.7365629340621232e-05,6,4,0.17320508075688773,2500,OLS_debias_iid,iid,False,5
1,4,4001,12,120001,True,253,False,100,0.8627323795317368,2.0263118632137775,0.5285674743446147,0.5077503172892873,0.7591406507528115,0.9795307229736085,0.6298150748750253,1.2378280607266653e-05,6,4,0.17320508075688773,2500,OLS_debias_iid,iid,False,5
1,0,1,12,120001,True,258,False,100,0.8627323795317368,3.971137390937656,0.2945763898452613,0.2635226028561252,0.4465330412303755,0.6334506432949903,0.7631973193774032,1.1363942631195825e-05,6,4,0.17320508075688773,2500,OLS_debias_iid,iid,False,5
1,4,4001,26,260001,True,237,False,100,0.6427968597534178,1.8039775770157576,0.46259915009519403,0.4154927840747469,0.8624223494711049,0.8146799441080173,0.7110223623107659,8.268763790271389e-06,6,4,0.17320508075688773,2500,OLS_debias_iid,iid,False,5
1,3,3001,13,130001,True,237,False,100,0.9097177793642689,2.887543744407594,0.41985919064785177,0.38995319090540437,0.6353684498763768,0.8882367321500171,0.6292797091595627,9.274363453921461e-06,6,4,0.17320508075688773,2500,OLS_debias_iid,iid,False,5
1,4,4001,6,60001,True,260,False,100,0.9614930683716931,2.275069937109947,0.5189247276425853,0.4895464061396531,1.0211847340901807,0.8851216606328187,0.6393022865321075,3.993274188063843e-06,6,4,0.17320508075688773,2500,OLS_debias_iid,iid,False,5
1,1,1001,17,170001,True,242,False,100,0.5348547226528155,3.967784245032817,0.5069483822426935,0.48926798336326066,0.7915036983046143,0.8819763571664143,0.712196962493729,1.1822856967417767e-05,6,4,0.17320508075688773,2500,OLS_debias_iid,iid,False,5
1,2,2001,17,170001,True,226,False,100,0.5348547226528155,3.482129491865635,0.21926186875708076,0.16910783866303156,0.49572095304105385,0.4755683328201645,0.8769879115533697,1.7022579552321482e-05,6,4,0.17320508075688773,2500,OLS_debias_iid,iid,False,5
1,4,4001,5,50001,True,243,False,100,0.914760637550691,2.3509847819805145,0.4287318256383142,0.4090908103132423,0.6367800958271782,0.7804824913619269,0.7364817360728722,5.715536229989119e-06,6,4,0.17320508075688773,2500,OLS_debias_iid,iid,False,5
1,3,3001,20,200001,True,249,False,100,0.8652979952195247,2.7469027312472463,0.29606351542801235,0.2750214806150256,0.4403978784151178,0.7687627456529693,0.7092396255968325,6.099054038376962e-06,6,4,0.17320508075688773,2500,OLS_debias_iid,iid,False,5
1,2,2001,9,90001,True,249,False,100,0.865215746072306,3.6234773001633584,0.40196392315989116,0.36443853008165455,0.7383711325924724,0.7116878856343021,0.7265551160922818,5.528166749233053e-06,6,4,0.17320508075688773,2500,OLS_debias_iid,iid,False,5
1,4,4001,9,90001,True,258,False,100,0.865215746072306,2.2618244127370417,0.34785387071863494,0.2995200081021464,0.6895355511551299,0.8028614391585525,0.6778138901856037,4.636307538643527e-06,6,4,0.17320508075688773,2500,OLS_debias_iid,iid,False,5
1,4,4001,27,270001,True,237,False,100,0.8275716930265039,1.9349332000128925,0.44549821372003434,0.4066931324604431,0.9315629297899618,0.7979985356922366,0.6810736941676587,9.87115459006982e-06,6,4,0.17320508075688773,2500,OLS_debias_iid,iid,False,5
1,1,1001,18,180001,True,348,False,100,0.7872493539903449,4.057808587793261,0.20276815847533972,0.18537607720089477,0.3082039871607618,0.5933885271095919,0.8243321778560467,5.156392213603478e-06,6,4,0.17320508075688773,2500,OLS_debias_iid,iid,False,5
1,4,4001,25,250001,True,253,False,100,0.8162301434962846,2.034139395225793,0.27766922490080503,0.23418216925730218,0.5173472539733717,0.6749776844264644,0.7540076203196174,7.37648488584151e-06,6,4,0.17320508075688773,2500,OLS_debias_iid,iid,False,5
1,4,4001,22,220001,True,250,False,100,0.9607712732262954,2.0621085418388247,0.4154377775220722,0.4001168223411022,0.5653107843767909,0.8272460421895195,0.7026630079528993,4.9099349375881045e-06,6,4,0.17320508075688773,2500,OLS_debias_iid,iid,False,5
1,4,4001,29,290001,True,242,False,100,0.6433405100495158,2.093248413875699,0.520374313737124,0.4925571682933872,0.833960058766935,0.9521366592608906,0.5788964537325609,7.040480112716162e-06,6,4,0.17320508075688773,2500,OLS_debias_iid,iid,False,5
1,4,4001,2,20001,True,249,False,100,0.8756579723219927,2.611673158593476,0.5645919396060042,0.5528431003964301,0.8103505691064609,1.213190838080894,0.5329775005168121,7.248402009826957e-06,6,4,0.17320508075688773,2500,OLS_debias_iid,iid,False,5
1,3,3001,23,230001,True,262,False,100,0.9974193074539494,2.8621224500238895,0.46467687608820424,0.4325034652578699,0.897865737620136,1.1116806401346673,0.5285005407537878,1.844674259898513e-06,6,4,0.17320508075688773,2500,OLS_debias_iid,iid,False,5
1,2,2001,20,200001,True,246,False,100,0.8652979952195247,3.7293846160173416,0.2945210046283905,0.25770398574395637,0.4459941860037477,0.739019782282786,0.7296947284323021,6.46748208602218e-06,6,4,0.17320508075688773,2500,OLS_debias_iid,iid,False,5
1,5,5001,10,100001,True,257,False,100,0.9712551925535012,1.9549272148869932,0.2465406547004119,0.19723786099385443,0.520244868254634,0.7705838452633569,0.6548328427728828,2.178103534093113e-06,6,4,0.17320508075688773,2500,OLS_debias_iid,iid,False,5
1,2,2001,26,260001,True,291,False,100,0.6427968597534178,3.618620765861124,0.30293853154418204,0.2593550846140427,0.46920322413646465,0.6115963551427095,0.818586059325075,7.244928721921423e-06,6,4,0.17320508075688773,2500,OLS_debias_iid,iid,False,5
1,5,5001,2,20001,True,262,False,100,0.8756579723219927,2.1152868438512087,0.269320631147943,0.2546345507458237,0.3330780246595679,0.6261457597177109,0.8052081638913682,4.650437570392956e-06,6,4,0.17320508075688773,2500,OLS_debias_iid,iid,False,5
1,1,1001,14,140001,True,252,False,100,0.906158854383296,4.455305704846978,0.37553023699363464,0.3461955354494047,0.5161675891714126,0.881187847837331,0.6325070547151974,4.511185088906606e-06,6,4,0.17320508075688773,2500,OLS_debias_iid,iid,False,5
1,4,4001,10,100001,True,249,False,100,0.9712551925535012,2.594882761128247,0.3617791510526114,0.2612828782702258,0.8761808976736281,0.7554681267098549,0.7005101683500445,3.4547594439321635e-06,6,4,0.17320508075688773,2500,OLS_debias_iid,iid,False,5
1,5,5001,28,280001,True,237,False,100,0.9355996664555999,1.6051437286660075,0.3934510338495429,0.3366467841292626,0.7436364369690309,0.6526257409770617,0.7720916548955274,1.6720695086720104e-05,6,4,0.17320508075688773,2500,OLS_debias_iid,iid,False,5
1,4,4001,17,170001,True,226,False,100,0.5348547226528155,2.4831492472440004,0.5292860009896925,0.5105873963361142,0.7192972910619765,0.8282668857662093,0.7248506799151031,2.8889752936187347e-05,6,4,0.17320508075688773,2500,OLS_debias_iid,iid,False,5
1,1,1001,6,60001,True,255,False,100,0.9614930683716931,4.5903738187626,0.4178642019891619,0.35511784868690177,0.9365814615622785,0.7202994851781466,0.7310685797217877,3.5281960950391633e-06,6,4,0.17320508075688773,2500,OLS_debias_iid,iid,False,5
1,2,2001,21,210001,True,240,False,100,0.8161923022139428,3.8256314639002085,0.19877600361908018,0.1855388816201087,0.28499519780226096,0.5964257906698188,0.8005210146106551,1.0987851192292687e-05,6,4,0.17320508075688773,2500,OLS_debias_iid,iid,False,5
1,4,4001,20,200001,True,233,False,100,0.8652979952195247,2.4255019081756473,0.43186320885332685,0.3893491007995756,0.8494119725937128,0.7056830766956993,0.7458389244315529,1.0362814503033057e-05,6,4,0.17320508075688773,2500,OLS_debias_iid,iid,False,5
1,2,2001,16,160001,True,236,False,100,0.6292898282788403,3.9514469648711383,0.15817311950419546,0.1378202854840155,0.2289207307473825,0.43777929280037703,0.8778180346704069,1.6983195365328414e-05,6,4,0.17320508075688773,2500,OLS_debias_iid,iid,False,5
1,4,4001,11,110001,True,285,False,100,0.7761811778727253,2.653819079976529,0.2526115330861978,0.22334951578832496,0.37079512656436553,0.5794801362883877,0.8199372004963543,1.1758793417713176e-05,6,4,0.17320508075688773,2500,OLS_debias_iid,iid,False,5
1,3,3001,18,180001,True,276,False,100,0.7872493539903449,3.245196412317455,0.36658279858342224,0.28547497769175534,0.90571358144994,0.5577960893335782,0.8045708572298069,8.93866499125823e-06,6,4,0.17320508075688773,2500,OLS_debias_iid,iid,False,5
1,5,5001,19,190001,True,234,False,100,0.9061396260304647,1.9009568081237376,0.39412487688175557,0.3638851067143755,0.592727878255353,0.7566571425662986,0.7039075171034079,1.0373390039701345e-05,6,4,0.17320508075688773,2500,OLS_debias_iid,iid,False,5
1,4,4001,18,180001,True,239,False,100,0.7872493539903449,2.583018188364804,0.3934259461554559,0.33445676141582154,0.8912599024233776,0.8264889739552744,0.7708784165031796,8.77786476460147e-06,6,4,0.17320508075688773,2500,OLS_debias_iid,iid,False,5
1,3,3001,17,170001,True,265,False,100,0.5348547226528155,3.3295696759596467,0.4325259517070006,0.3706274554232459,0.9616572853484119,0.8577540831199842,0.7528087772165748,8.491292556865446e-06,6,4,0.17320508075688773,2500,OLS_debias_iid,iid,False,5
1,5,5001,14,140001,True,261,False,100,0.906158854383296,2.121457187924534,0.45115942962836475,0.40912753681819397,0.7843486702388899,0.8659437163402712,0.6335029279247772,4.880528581525475e-06,6,4,0.17320508075688773,2500,OLS_debias_iid,iid,False,5
1,5,5001,24,240001,True,246,False,100,0.90666550507506,1.8962570731528103,0.35899861718026344,0.26514144125552386,0.8898541828982847,0.5312265672519008,0.7878705485058154,1.0422948359115728e-05,6,4,0.17320508075688773,2500,OLS_debias_iid,iid,False,5
1,5,5001,20,200001,True,246,False,100,0.8652979952195247,1.9845302780158818,0.4183704572219566,0.3829297485026113,0.8065496935897892,0.9115781559004862,0.6605673087922345,7.733114708060501e-06,6,4,0.17320508075688773,2500,OLS_debias_iid,iid,False,5
1,0,1,13,130001,True,274,False,100,0.9097177793642689,5.07130516692996,0.4478973288597344,0.4094539667283046,0.6715801221599028,0.7335328635146515,0.7336973239537107,5.161194504967405e-06,6,4,0.17320508075688773,2500,OLS_debias_iid,iid,False,5
1,3,3001,25,250001,True,240,False,100,0.8162301434962846,3.1640595351345837,0.39178328467370904,0.3333948109520957,0.6655919906406531,0.7684524148472499,0.7173500111019007,7.146441533529237e-06,6,4,0.17320508075688773,2500,OLS_debias_iid,iid,False,5
1,3,3001,7,70001,True,250,False,100,0.923911011300671,3.754970339126885,0.18134247222925806,0.1583095155144322,0.2955608973868267,0.6050398699604514,0.812092785200514,3.740954844069711e-06,6,4,0.17320508075688773,2500,OLS_debias_iid,iid,False,5
1,3,3001,28,280001,True,273,False,100,0.9355996664555999,3.165102457161993,0.2533703858973329,0.22191418003592497,0.47658115627336634,0.509098442597185,0.8234519684751159,1.1941290527226566e-05,6,4,0.17320508075688773,2500,OLS_debias_iid,iid,False,5
1,0,1,3,30001,True,239,False,100,0.668082389962673,5.402821235824376,0.26938519509515885,0.24162221970795605,0.41243302972197843,0.5319732774083991,0.8458746002205387,9.343279498414706e-06,6,4,0.17320508075688773,2500,OLS_debias_iid,iid,False,5
1,3,3001,5,50001,True,255,False,100,0.914760637550691,3.826082920189947,0.5372193286551461,0.537659370175057,0.7742386947949229,0.9802365624070738,0.6593668433611226,3.956172415581403e-06,6,4,0.17320508075688773,2500,OLS_debias_iid,iid,False,5
1,4,4001,23,230001,True,263,False,100,0.9974193074539494,2.6115219802595675,0.4445131645386766,0.38294150734522664,0.7317695573922485,1.0123653386766722,0.5533325740071874,1.7882490432079123e-06,6,4,0.17320508075688773,2500,OLS_debias_iid,iid,False,5
1,5,5001,26,260001,True,233,False,100,0.6427968597534178,1.9564558030106127,0.5235010661292834,0.46293323473583126,0.8662234915788816,0.9625813637674518,0.6137251934384031,9.524468920822811e-06,6,4,0.17320508075688773,2500,OLS_debias_iid,iid,False,5
1,3,3001,27,270001,True,263,False,100,0.8275716930265039,3.216362652834505,0.40120784517708913,0.35682568176892654,0.6410406618315635,0.8915987742767477,0.6658096119579415,4.296348367503141e-06,6,4,0.17320508075688773,2500,OLS_debias_iid,iid,False,5
1,5,5001,17,170001,True,228,False,100,0.5348547226528155,2.1754459640942514,0.5462993107950801,0.5102659548382318,0.8868143373838114,1.0055446027342176,0.6669865077340917,1.2832438307845773e-05,6,4,0.17320508075688773,2500,OLS_debias_iid,iid,False,5
1,5,5001,11,110001,True,252,False,100,0.7761811778727253,2.3448296268470585,0.568679165819397,0.5569167410963205,0.9590712523489003,1.1214935026779598,0.5613301813164954,2.2523086751702597e-05,6,4,0.17320508075688773,2500,OLS_debias_iid,iid,False,5
1,4,4001,28,280001,True,243,False,100,0.9355996664555999,2.6025493247434497,0.3370709934811861,0.2876066535133441,0.5518258760655474,0.616625585767405,0.7948375912518267,1.7868414047815367e-05,6,4,0.17320508075688773,2500,OLS_debias_iid,iid,False,5
1,5,5001,22,220001,True,243,False,100,0.9607712732262954,2.093919438775629,0.3522677015223953,0.29380020218524155,0.6783934882822197,0.716950976261569,0.7531244864856526,4.598182406005717e-06,6,4,0.17320508075688773,2500,OLS_debias_iid,iid,False,5
1,3,3001,26,260001,True,273,False,100,0.6427968597534178,3.279840139206499,0.3950086802295799,0.3513198011874652,0.8096125471344359,0.6033795940171086,0.8047786720732824,8.233927529636972e-06,6,4,0.17320508075688773,2500,OLS_debias_iid,iid,False,5
1,5,5001,13,130001,True,274,False,100,0.9097177793642689,2.3649026197381318,0.3250395409880556,0.2937290060288129,0.5510039335019569,0.7578173441546788,0.7715093592934339,5.799252810000762e-06,6,4,0.17320508075688773,2500,OLS_debias_iid,iid,False,5
1,5,5001,12,120001,True,255,False,100,0.8627323795317368,2.3922397210262716,0.37301054241813303,0.3221578013417478,0.6885275710322649,0.7031291904029388,0.7550293823703524,7.421439946079417e-06,6,4,0.17320508075688773,2500,OLS_debias_iid,iid,False,5
1,5,5001,4,40001,True,278,False,100,0.6258509706662111,2.6313399742357433,0.2370362273537725,0.2056094220826531,0.4211222149499611,0.6124718363279952,0.8260902043719052,7.702116517839897e-06,6,4,0.17320508075688773,2500,OLS_debias_iid,iid,False,5
1,3,3001,14,140001,True,234,False,100,0.906158854383296,3.8457403569482267,0.20748365978202238,0.1872595003160593,0.3286132175007425,0.5416618222864822,0.8509545572882775,8.679964593813381e-06,6,4,0.17320508075688773,2500,OLS_debias_iid,iid,False,5
1,5,5001,1,10001,True,232,False,100,0.7703467396720308,2.7669690446928144,0.5246583929201757,0.4875969962432449,0.7757466140045619,0.9307872013279754,0.6603595264851485,1.990942452276237e-05,6,4,0.17320508075688773,2500,OLS_debias_iid,iid,False,5
1,6,6001,1,10001,True,274,False,100,0.7703467396720308,2.0914623169228435,0.553343626452603,0.5217483652419083,0.9281171389566931,0.9129722744582092,0.6705864550819273,7.964763366008667e-06,6,4,0.17320508075688773,2500,OLS_debias_iid,iid,False,5
1,5,5001,23,230001,True,263,False,100,0.9974193074539494,2.3248783918097615,0.4111615970984232,0.35039024543231045,0.9282464177085106,0.8415063090475361,0.6150269124451012,2.2664716598510644e-06,6,4,0.17320508075688773,2500,OLS_debias_iid,iid,False,5
1,6,6001,23,230001,True,257,False,100,0.9974193074539494,1.699715978000313,0.5194237775728673,0.48722290131033463,0.9587458169321709,1.0966921306219597,0.4794323102237238,4.262811591255225e-06,6,4,0.17320508075688773,2500,OLS_debias_iid,iid,False,5
1,5,5001,25,250001,True,252,False,100,0.8162301434962846,2.374524920247495,0.4019583141513252,0.35102929362368424,0.6327722916025531,0.7262213859792453,0.723748978782879,7.91232437523644e-06,6,4,0.17320508075688773,2500,OLS_debias_iid,iid,False,5
1,2,2001,10,100001,True,272,False,100,0.9712551925535012,4.6618139068596065,0.27687016878386617,0.22804808605423987,0.5017939454489152,0.9044068569847793,0.630765110177296,1.59377514637681e-06,6,4,0.17320508075688773,2500,OLS_debias_iid,iid,False,5
1,6,6001,7,70001,True,258,False,100,0.923911011300671,2.125147711019963,0.3070460678245641,0.2673839148431797,0.5263828621706058,0.6990040553455533,0.771686862061159,5.374307369685623e-06,6,4,0.17320508075688773,2500,OLS_debias_iid,iid,False,5
1,6,6001,9,90001,True,259,False,100,0.865215746072306,2.1196439010091126,0.30877347128047133,0.2853748942801356,0.466124188920882,0.7264238194153381,0.7785311802446895,3.8986181221329475e-06,6,4,0.17320508075688773,2500,OLS_debias_iid,iid,False,5
1,4,4001,21,210001,True,246,False,100,0.8161923022139428,3.144198030233383,0.4925872698682441,0.47483778473900934,1.0050451644755742,0.9750767540203057,0.7071500465367487,6.443013301771586e-06,6,4,0.17320508075688773,2500,OLS_debias_iid,iid,False,5
1,6,6001,12,120001,True,240,False,100,0.8627323795317368,2.040968035813421,0.3248013469748209,0.28987906701499094,0.5461562095804835,0.7097954696149574,0.7495612184029395,6.835756710170945e-06,6,4,0.17320508075688773,2500,OLS_debias_iid,iid,False,5
1,1,1001,23,230001,True,264,False,100,0.9974193074539494,5.1711088586598635,0.492889617893113,0.4718223918022136,0.8053484910075556,1.1080808423758666,0.5232943900858513,2.1164609881331162e-06,6,4,0.17320508075688773,2500,OLS_debias_iid,iid,False,5
1,4,4001,3,30001,True,238,False,100,0.668082389962673,3.5980903352610767,0.36034751482726396,0.2951576664146689,0.7575361670659747,0.6310132929854284,0.7621762394418955,1.1827526387574209e-05,6,4,0.17320508075688773,2500,OLS_debias_iid,iid,False,5
1,5,5001,16,160001,True,351,False,100,0.6292898282788403,2.85368795087561,0.46187853354838243,0.40281559107070253,0.9949478311954526,0.6828807143800656,0.7434430444587962,5.999091806562634e-06,6,4,0.17320508075688773,2500,OLS_debias_iid,iid,False,5
1,4,4001,13,130001,True,245,False,100,0.9097177793642689,3.511872564908117,0.45046318260296536,0.41282617879572614,0.9160316466924583,0.9988169609886233,0.7084969736736448,5.67983237511771e-06,6,4,0.17320508075688773,2500,OLS_debias_iid,iid,False,5
1,6,6001,18,180001,True,264,False,100,0.7872493539903449,2.1660080030560493,0.3939516190084936,0.3409243075215998,0.6563287654844371,0.7981240981222627,0.7557366798177814,7.926889689154305e-06,6,4,0.17320508075688773,2500,OLS_debias_iid,iid,False,5
1,6,6001,10,100001,True,271,False,100,0.9712551925535012,2.376555385068059,0.5142764592234885,0.4409422238043787,1.0566773973772572,10.162716596928837,0.531795546610198,1.706627255003449e-06,6,4,0.17320508075688773,2500,OLS_debias_iid,iid,False,5
1,3,3001,16,160001,True,230,False,100,0.6292898282788403,4.3420555321499705,0.24704583391581364,0.20497869206291464,0.5269566687039368,0.4978895066476624,0.8441424707822334,1.417618158236989e-05,6,4,0.17320508075688773,2500,OLS_debias_iid,iid,False,5
1,4,4001,19,190001,True,260,False,100,0.9061396260304647,3.5191050018183887,0.39663275534382997,0.325033390206882,0.8926426339245399,0.6328751226649175,0.776715452201947,6.077411516412752e-06,6,4,0.17320508075688773,2500,OLS_debias_iid,iid,False,5
1,3,3001,3,30001,True,305,False,100,0.668082389962673,4.733525604009628,0.25133072447597715,0.20953177842348913,0.487091008622297,0.6334280684095068,0.8244955043258315,4.8701887053279e-06,6,4,0.17320508075688773,2500,OLS_debias_iid,iid,False,5
1,6,6001,20,200001,True,283,False,100,0.8652979952195247,2.2976478510536253,0.2244986825494553,0.20413222004023546,0.29500827794626083,0.6399260799716996,0.7961292729289559,4.938751002055081e-06,6,4,0.17320508075688773,2500,OLS_debias_iid,iid,False,5
1,5,5001,9,90001,True,296,False,100,0.865215746072306,3.237254490144551,0.3668331777899084,0.3301899993427129,0.683537214568178,0.8152917207794526,0.7458957458010882,3.121185795483808e-06,6,4,0.17320508075688773,2500,OLS_debias_iid,iid,False,5
1,3,3001,21,210001,True,246,False,100,0.8161923022139428,4.305187820922583,0.4423835737182411,0.4281131842695296,0.9215907148556366,7.203057753910485,0.7091414942009033,5.551805228891621e-06,6,4,0.17320508075688773,2500,OLS_debias_iid,iid,False,5
1,6,6001,26,260001,True,276,False,100,0.6427968597534178,2.1083356640301645,0.29390407398192947,0.26148516656154647,0.4747958796040438,0.5792756589644051,0.8297588711577328,8.064231352318465e-06,6,4,0.17320508075688773,2500,OLS_debias_iid,iid,False,5
1,3,3001,10,100001,True,268,False,100,0.9712551925535012,4.685763412155211,0.25958023735273095,0.21742682729706178,0.49412109850280117,0.8138133858136692,0.662300338369515,1.5981771575418e-06,6,4,0.17320508075688773,2500,OLS_debias_iid,iid,False,5
1,2,2001,29,290001,True,241,False,100,0.6433405100495158,4.837795573286712,0.3722247964057114,0.3362676267942371,0.6501892124520104,0.6326700200407018,0.8131553790103331,6.006216903344885e-06,6,4,0.17320508075688773,2500,OLS_debias_iid,iid,False,5
1,6,6001,8,80001,True,252,False,100,0.8315159796302958,2.6206569131463766,0.42981907182334544,0.3801011645439815,0.7937134669891701,0.8710737244565212,0.7216983006502298,9.456345597027904e-06,6,4,0.17320508075688773,2500,OLS_debias_iid,iid,False,5
1,7,7001,4,40001,True,239,False,100,0.6258509706662111,1.9729208634234965,0.27541138000001736,0.2454849074963624,0.5099240329160909,0.5450382926188955,0.8541981623369754,1.3869006474237473e-05,6,4,0.17320508075688773,2500,OLS_debias_iid,iid,False,5
1,7,7001,13,130001,True,282,False,100,0.9097177793642689,1.8334707906469703,0.4081211207889096,0.3397563178169711,0.6794797889785839,0.6154825294686297,0.7534481180203694,5.0358645022570285e-06,6,4,0.17320508075688773,2500,OLS_debias_iid,iid,False,5
1,7,7001,8,80001,True,245,False,100,0.8315159796302958,1.9129952699877322,0.36769148866299234,0.3002208858839099,0.8040162497082731,0.6690255358252958,0.8038898861975466,8.707895779375408e-06,6,4,0.17320508075688773,2500,OLS_debias_iid,iid,False,5
1,7,7001,2,20001,True,262,False,100,0.8756579723219927,2.021753736771643,0.4686210666174441,0.4361171612372569,0.9512995043175523,0.9819285038906317,0.7239182492828863,7.036677543116112e-06,6,4,0.17320508075688773,2500,OLS_debias_iid,iid,False,5
1,7,7001,11,110001,True,233,False,100,0.7761811778727253,1.8764143879525363,0.6265081109485584,0.6329014185068912,1.0889857607635212,1.0437785309703613,0.662557872745994,2.0977073442463702e-05,6,4,0.17320508075688773,2500,OLS_debias_iid,iid,False,5
1,6,6001,4,40001,True,247,False,100,0.6258509706662111,2.853418102953583,0.28252599335093803,0.23370231589969034,0.470081659420665,0.6706670443950721,0.7871923484789247,7.845465630791532e-06,6,4,0.17320508075688773,2500,OLS_debias_iid,iid,False,5
1,5,5001,8,80001,True,239,False,100,0.8315159796302958,3.4128061193041503,0.26017647292170826,0.22423387589629082,0.4346079501148009,0.563250674182101,0.8422469823590522,1.3809139849071633e-05,6,4,0.17320508075688773,2500,OLS_debias_iid,iid,False,5
1,3,3001,15,150001,True,246,False,100,0.7280636685857087,4.720087741967291,0.33090645185926904,0.30913314525430197,0.4684091757623229,0.6767294183019728,0.7974424391202826,7.797587168862775e-06,6,4,0.17320508075688773,2500,OLS_debias_iid,iid,False,5
1,6,6001,27,270001,True,260,False,100,0.8275716930265039,2.1749285073019564,0.30489423731717613,0.2461481224480561,0.630232238789064,0.6447353823572717,0.8127214769727737,4.068851070237517e-06,6,4,0.17320508075688773,2500,OLS_debias_iid,iid,False,5
1,6,6001,24,240001,True,242,False,100,0.90666550507506,2.456730570178479,0.32939665838960835,0.2708576293444171,0.6769073662293289,0.6867278880303112,0.7755570493024869,7.562151046745879e-06,6,4,0.17320508075688773,2500,OLS_debias_iid,iid,False,5
1,7,7001,9,90001,True,246,False,100,0.865215746072306,1.9894614317454398,0.3403991288824697,0.30517885319439053,0.5692483018158699,0.6375300351864437,0.7734842336277534,4.504262320004681e-06,6,4,0.17320508075688773,2500,OLS_debias_iid,iid,False,5
1,7,7001,6,60001,True,257,False,100,0.9614930683716931,2.0562608535401523,0.5353350590534389,0.5282467650763268,0.9257547993986067,3.2272952570632567,0.5429859886331927,3.4460384454181316e-06,6,4,0.17320508075688773,2500,OLS_debias_iid,iid,False,5
1,5,5001,3,30001,True,280,False,100,0.668082389962673,3.7155929668806493,0.413710743656017,0.3597958231033717,0.735755499591068,0.795375843802157,0.719491741989013,6.635300679999348e-06,6,4,0.17320508075688773,2500,OLS_debias_iid,iid,False,5
1,6,6001,0,1,True,263,False,100,0.650369580366975,3.106693553738296,0.5033056239248438,0.46910336191166996,0.8657404408951807,1.0988107065546462,0.6897198329376277,1.0942091063585266e-05,6,4,0.17320508075688773,2500,OLS_debias_iid,iid,False,5
1,4,4001,0,1,True,306,False,100,0.650369580366975,4.40126709965989,0.47090051040467296,0.4347065809818768,0.940201299407505,0.7298902639251317,0.678456274100885,7.96071295619903e-06,6,4,0.17320508075688773,2500,OLS_debias_iid,iid,False,5
1,7,7001,5,50001,True,259,False,100,0.914760637550691,2.2263139630667865,0.40461098987760563,0.3483323526906534,0.971110779115579,0.8276592863730589,0.7246147435452087,2.947952653642493e-06,6,4,0.17320508075688773,2500,OLS_debias_iid,iid,False,5
1,6,6001,22,220001,True,258,False,100,0.9607712732262954,2.7104783072136343,0.4715806562169301,0.47994569657919445,0.6827649612041895,0.9525099641035097,0.520714609733788,4.807378829868771e-06,6,4,0.17320508075688773,2500,OLS_debias_iid,iid,False,5
1,6,6001,3,30001,True,235,False,100,0.668082389962673,3.1366293849423528,0.41696632345018125,0.3485669884789957,0.7517172240996208,0.6588046567563136,0.7951097886792486,1.4584704466491206e-05,6,4,0.17320508075688773,2500,OLS_debias_iid,iid,False,5
1,7,7001,12,120001,True,242,False,100,0.8627323795317368,2.1602321048267186,0.2254732632998768,0.18533173028229147,0.4250559695696086,0.5118229801060441,0.8537489157335975,1.6874787701111807e-05,6,4,0.17320508075688773,2500,OLS_debias_iid,iid,False,5
1,8,8001,0,1,True,231,False,100,0.650369580366975,1.76280864700675,0.401393831156529,0.37540558770878435,0.6223812292932086,0.6835596896280395,0.778597884031601,1.5923491077440214e-05,6,4,0.17320508075688773,2500,OLS_debias_iid,iid,False,5
1,7,7001,7,70001,True,239,False,100,0.923911011300671,2.2884814380668104,0.4072832147345202,0.3290314143244703,1.0076421378865943,0.6874918936774728,0.7597143091315369,7.533804727923057e-06,6,4,0.17320508075688773,2500,OLS_debias_iid,iid,False,5
1,6,6001,19,190001,True,253,False,100,0.9061396260304647,2.835638392716646,0.47544981170217554,0.42439004913369244,0.848808518061259,0.8013021619816468,0.6871576672005771,4.622724718719086e-06,6,4,0.17320508075688773,2500,OLS_debias_iid,iid,False,5
1,8,8001,5,50001,True,239,False,100,0.914760637550691,1.7433915589936078,0.5018764704514638,0.44472293912054034,1.1060453563227353,1.3176023656483902,0.5783052846110539,6.739915777857071e-06,6,4,0.17320508075688773,2500,OLS_debias_iid,iid,False,5
1,7,7001,21,210001,True,249,False,100,0.8161923022139428,2.0905388137325644,0.38265741460671254,0.34918509101369627,0.6486640796166774,0.6769358508356134,0.7649240183025618,1.0144341666069417e-05,6,4,0.17320508075688773,2500,OLS_debias_iid,iid,False,5
1,7,7001,20,200001,True,256,False,100,0.8652979952195247,2.129665897693485,0.4360234817188375,0.40568795297475324,0.7792727264653836,1.144612227426272,0.4710360874659572,6.479442364727095e-06,6,4,0.17320508075688773,2500,OLS_debias_iid,iid,False,5
1,8,8001,2,20001,True,233,False,100,0.8756579723219927,1.892486880067736,0.47304622587781675,0.4411132667049693,0.6831226535729349,0.7601051944701301,0.7368260216861474,1.063226852629599e-05,6,4,0.17320508075688773,2500,OLS_debias_iid,iid,False,5
1,8,8001,4,40001,True,220,False,100,0.6258509706662111,1.8512614606879652,0.5624630946171625,0.5450400242385055,0.962228424005643,0.9841324833375958,0.5876087332301122,2.418228080781921e-05,6,4,0.17320508075688773,2500,OLS_debias_iid,iid,False,5
1,7,7001,15,150001,True,245,False,100,0.7280636685857087,2.321892234031111,0.43698036627219744,0.39360012608727374,0.8720648640874008,0.8406252597660568,0.742495730896744,9.14395708901086e-06,6,4,0.17320508075688773,2500,OLS_debias_iid,iid,False,5
1,5,5001,7,70001,True,242,False,100,0.923911011300671,3.9669115622527897,0.45444745534515496,0.4246160266929395,0.7788674598161722,0.6939069149304307,0.7573992022951312,5.6250300101887255e-06,6,4,0.17320508075688773,2500,OLS_debias_iid,iid,False,5
1,7,7001,27,270001,True,247,False,100,0.8275716930265039,2.0374403023160994,0.4625161443798275,0.37613538145126224,0.9322817880128804,1.077759416559261,0.6046703087259656,4.192121998472101e-06,6,4,0.17320508075688773,2500,OLS_debias_iid,iid,False,5
1,7,7001,22,220001,True,264,False,100,0.9607712732262954,2.216035787947476,0.4144308914407126,0.3708566568861496,0.7082682963621991,0.9504845108645261,0.5754191849370667,3.3962210752061323e-06,6,4,0.17320508075688773,2500,OLS_debias_iid,iid,False,5
1,7,7001,29,290001,True,242,False,100,0.6433405100495158,1.995065321214497,0.3511903764669259,0.33524447614836195,0.5666604466716556,0.6447892492658764,0.7770715431034297,7.16479966793645e-06,6,4,0.17320508075688773,2500,OLS_debias_iid,iid,False,5
1,6,6001,11,110001,True,250,False,100,0.7761811778727253,3.2158011673018336,0.40444941505192034,0.3750765070338558,0.6795964901997051,0.7757755538977347,0.7302601207549022,9.176661250059035e-06,6,4,0.17320508075688773,2500,OLS_debias_iid,iid,False,5
1,6,6001,21,210001,True,235,False,100,0.8161923022139428,3.0211744070984423,0.3734714181997522,0.32399552195810566,0.6250157830866099,0.7074141482437611,0.7232848931100561,1.0029940225477236e-05,6,4,0.17320508075688773,2500,OLS_debias_iid,iid,False,5
1,7,7001,23,230001,True,253,False,100,0.9974193074539494,2.2669039461761713,0.4293698316148872,0.32383522887515426,1.1896063535984356,1.5211560261575827,0.5716105190749835,3.5334166559226254e-06,6,4,0.17320508075688773,2500,OLS_debias_iid,iid,False,5
1,5,5001,6,60001,True,255,False,100,0.9614930683716931,4.095658271107823,0.3529222700182963,0.2908550675538155,0.6989713722802838,0.6908930357574655,0.736296056457526,3.1463608792330566e-06,6,4,0.17320508075688773,2500,OLS_debias_iid,iid,False,5
1,8,8001,17,170001,True,227,False,100,0.5348547226528155,1.7931350846774876,0.47992350093881614,0.4498299273544421,0.7316646157186997,0.7655846747046228,0.7510787491003537,2.1818154748161293e-05,6,4,0.17320508075688773,2500,OLS_debias_iid,iid,False,5
1,8,8001,1,10001,True,226,False,100,0.7703467396720308,2.0532774361781776,0.4641750778543889,0.42513168941921037,0.9605926921589598,0.796664705245486,0.7244004246225983,1.8929135166021345e-05,6,4,0.17320508075688773,2500,OLS_debias_iid,iid,False,5
1,5,5001,29,290001,True,274,False,100,0.6433405100495158,3.5819043931551278,0.38673493358317684,0.3590818403334977,0.5649436521785278,0.7704441042339089,0.7514180097245357,3.886598990627454e-06,6,4,0.17320508075688773,2500,OLS_debias_iid,iid,False,5
1,5,5001,27,270001,True,260,False,100,0.8275716930265039,3.6797005590051413,0.39772036592488275,0.3305110786887587,0.7134908666663093,0.8321445567209642,0.6735977701307221,4.660841939644476e-06,6,4,0.17320508075688773,2500,OLS_debias_iid,iid,False,5
1,6,6001,14,140001,True,241,False,100,0.906158854383296,3.337915584910661,0.4179690785174908,0.3526256150717663,0.8049545441886221,0.7588974787350665,0.723602877218183,4.9246264548671736e-06,6,4,0.17320508075688773,2500,OLS_debias_iid,iid,False,5
1,7,7001,28,280001,True,266,False,100,0.9355996664555999,2.2277675811201334,0.42100262563442825,0.3540276717940379,0.9427763123744961,0.643325996166123,0.7381565765512978,1.2633561549424605e-05,6,4,0.17320508075688773,2500,OLS_debias_iid,iid,False,5
1,7,7001,25,250001,True,244,False,100,0.8162301434962846,2.377282049972564,0.38183045059949333,0.3425628552403202,0.6995512710228623,0.7510055196684888,0.7516466098135977,7.321524447028905e-06,6,4,0.17320508075688773,2500,OLS_debias_iid,iid,False,5
1,7,7001,19,190001,True,244,False,100,0.9061396260304647,2.476214617025107,0.4575511297142863,0.4486924309428666,0.9524626200410011,0.8082156595978736,0.7199964937231733,8.988395881694758e-06,6,4,0.17320508075688773,2500,OLS_debias_iid,iid,False,5
1,8,8001,21,210001,True,231,False,100,0.8161923022139428,1.875277906190604,0.44811145052131923,0.3952630055270611,1.0492758673045146,0.9488035644683533,0.579620056379578,1.2467222642181412e-05,6,4,0.17320508075688773,2500,OLS_debias_iid,iid,False,5
1,8,8001,29,290001,True,233,False,100,0.6433405100495158,1.8065847582183778,0.44909149389441666,0.3802985215443991,1.0762770574460951,0.8024028312008891,0.7694979083583272,8.686791902155332e-06,6,4,0.17320508075688773,2500,OLS_debias_iid,iid,False,5
1,8,8001,9,90001,True,251,False,100,0.865215746072306,2.10020122397691,0.4300590768488148,0.3715966669437774,0.7277429936962275,0.829492139293475,0.6558614719200923,2.936168390996125e-06,6,4,0.17320508075688773,2500,OLS_debias_iid,iid,False,5
1,8,8001,22,220001,True,260,False,100,0.9607712732262954,1.9084299239329994,0.4160961993529281,0.3499552977263678,0.608183568725321,0.9651421745019707,0.6716102191497135,3.4492530634137792e-06,6,4,0.17320508075688773,2500,OLS_debias_iid,iid,False,5
1,8,8001,12,120001,True,250,False,100,0.8627323795317368,2.140695407986641,0.4698721770018717,0.4375046321918185,0.793100674247888,0.9594899114547696,0.6828391254670546,8.687025535234615e-06,6,4,0.17320508075688773,2500,OLS_debias_iid,iid,False,5
1,8,8001,18,180001,True,230,False,100,0.7872493539903449,2.0384776038117707,0.28601324205393325,0.24992064926297855,0.42688238544938023,0.5436942389829034,0.831934277867999,1.604083384991953e-05,6,4,0.17320508075688773,2500,OLS_debias_iid,iid,False,5
1,5,5001,15,150001,True,226,False,100,0.7280636685857087,4.149301289580762,0.44465569856780807,0.39232449922974094,0.802486860745078,0.7300260128924198,0.7470659357817173,1.7529787512967548e-05,6,4,0.17320508075688773,2500,OLS_debias_iid,iid,False,5
1,5,5001,5,50001,True,248,False,100,0.914760637550691,4.371223228983581,0.29997399810067593,0.25136117994751034,0.6172412499430487,0.7144267427686897,0.7057235785566067,4.393636219975458e-06,6,4,0.17320508075688773,2500,OLS_debias_iid,iid,False,5
1,6,6001,5,50001,True,243,False,100,0.914760637550691,3.742218791972846,0.5322934965297905,0.5135166928456144,0.8282130221541452,0.8588049815908736,0.6675651254228381,4.273910285874208e-06,6,4,0.17320508075688773,2500,OLS_debias_iid,iid,False,5
1,8,8001,20,200001,True,247,False,100,0.8652979952195247,2.0425937343388796,0.4496514816301659,0.39210674748069724,0.9487383622326719,0.7668120190878116,0.7454058579658561,5.409324241601671e-06,6,4,0.17320508075688773,2500,OLS_debias_iid,iid,False,5
1,4,4001,24,240001,True,245,False,100,0.90666550507506,4.622367796022445,0.2902079566350752,0.24716668008507525,0.6028668934899659,0.6226910310611211,0.8169090181703768,6.963126563919597e-06,6,4,0.17320508075688773,2500,OLS_debias_iid,iid,False,5
1,8,8001,25,250001,True,240,False,100,0.8162301434962846,2.0187977380119264,0.40949649897735946,0.3621323420615843,0.6310302401444561,0.8637080310582539,0.6995865771617895,7.137413192252055e-06,6,4,0.17320508075688773,2500,OLS_debias_iid,iid,False,5
1,8,8001,14,140001,True,247,False,100,0.906158854383296,2.2431439496576786,0.2901012026350651,0.2589237817171321,0.45277223728556176,0.8349598586821555,0.6981630992644154,4.015978154018925e-06,6,4,0.17320508075688773,2500,OLS_debias_iid,iid,False,5
1,8,8001,27,270001,True,239,False,100,0.8275716930265039,2.057143867947161,0.44423889148783124,0.3978032873589062,0.7972163937765299,0.7549024373595781,0.7331809372241457,7.669268653046656e-06,6,4,0.17320508075688773,2500,OLS_debias_iid,iid,False,5
1,8,8001,28,280001,True,243,False,100,0.9355996664555999,2.0452746553346515,0.32305118591985693,0.2939868093087566,0.4594929977769745,0.6569834654835462,0.7633209008973612,8.614748375479338e-06,6,4,0.17320508075688773,2500,OLS_debias_iid,iid,False,5
1,6,6001,28,280001,True,249,False,100,0.9355996664555999,3.113301314879209,0.3183473693703731,0.2767867291987671,0.4598992186012574,0.5672250484185514,0.7958524092783603,1.4772961508060615e-05,6,4,0.17320508075688773,2500,OLS_debias_iid,iid,False,5
1,8,8001,26,260001,True,231,False,100,0.6427968597534178,2.077642888762057,0.4109323180217426,0.3620018035115454,0.7234545862143389,0.6781378837796666,0.7870721614477306,1.5552996749554177e-05,6,4,0.17320508075688773,2500,OLS_debias_iid,iid,False,5
1,6,6001,2,20001,True,237,False,100,0.8756579723219927,3.9522470892407,0.47845449898594555,0.44978707187909467,0.9694056981431131,0.8060547757220021,0.7275675109800382,1.1552959980505435e-05,6,4,0.17320508075688773,2500,OLS_debias_iid,iid,False,5
1,9,9001,0,1,True,270,False,100,0.650369580366975,2.079120357055217,0.522943323065625,0.5089841257141758,1.0335988310684956,1.0274304593080468,0.6801740286244676,9.00194215591035e-06,6,4,0.17320508075688773,2500,OLS_debias_iid,iid,False,5
1,8,8001,7,70001,True,239,False,100,0.923911011300671,2.4252980393357575,0.3405013484903663,0.2685150007129857,0.6690443392505796,0.5816289485408914,0.8026801118281142,6.442825653005613e-06,6,4,0.17320508075688773,2500,OLS_debias_iid,iid,False,5
1,9,9001,2,20001,True,250,False,100,0.8756579723219927,2.0983113567344844,0.41800056452886347,0.35858641998887353,0.9386091226280773,0.9028834459515711,0.7247257483318158,5.59116635947907e-06,6,4,0.17320508075688773,2500,OLS_debias_iid,iid,False,5
1,9,9001,3,30001,True,248,False,100,0.668082389962673,2.2376128998585045,0.3359337563478802,0.270187679602057,0.6731406614810729,0.6672334447919267,0.7160286220722767,1.059543627366273e-05,6,4,0.17320508075688773,2500,OLS_debias_iid,iid,False,5
1,9,9001,11,110001,True,242,False,100,0.7761811778727253,1.969278849195689,0.16890560383404554,0.1543493257913761,0.2581559337332015,0.4772374782216751,0.8625207288884245,1.588083902190248e-05,6,4,0.17320508075688773,2500,OLS_debias_iid,iid,False,5
1,6,6001,15,150001,True,234,False,100,0.7280636685857087,3.9350606142543256,0.5015527694029687,0.4828289883825368,0.9611441388994338,0.9920537032118553,0.6715244865123496,9.840557974839615e-06,6,4,0.17320508075688773,2500,OLS_debias_iid,iid,False,5
1,7,7001,26,260001,True,243,False,100,0.6427968597534178,2.842971549369395,0.3972853315145637,0.35280593018822404,0.6290480446319112,0.7484663856747352,0.76948964960414,1.425348900176427e-05,6,4,0.17320508075688773,2500,OLS_debias_iid,iid,False,5
1,9,9001,9,90001,True,255,False,100,0.865215746072306,2.0914680371060967,0.2782849501732525,0.24038078726322362,0.4842957507649159,0.6983020832089479,0.7958432841112477,3.1298169588577644e-06,6,4,0.17320508075688773,2500,OLS_debias_iid,iid,False,5
1,7,7001,14,140001,True,354,False,100,0.906158854383296,3.204817886929959,0.4262641309110518,0.36020401607251,0.873530799752394,0.9598487691419008,0.6878406459353416,2.3549676751727706e-06,6,4,0.17320508075688773,2500,OLS_debias_iid,iid,False,5
1,9,9001,8,80001,True,256,False,100,0.8315159796302958,2.197656452190131,0.4309677679750067,0.386115885671459,0.7744630224056227,0.8124245310584083,0.7335965107714124,1.64579810822967e-05,6,4,0.17320508075688773,2500,OLS_debias_iid,iid,False,5
1,9,9001,4,40001,True,302,False,100,0.6258509706662111,2.3837441629730165,0.234362692956902,0.18915221518945693,0.43566395790030055,0.5855484332205642,0.8298272651128435,6.5164822966554124e-06,6,4,0.17320508075688773,2500,OLS_debias_iid,iid,False,5
1,8,8001,16,160001,True,273,False,100,0.6292898282788403,2.6683679036796093,0.46946646054486124,0.43991623734134705,0.9054209504296056,0.8504632435799667,0.7437001734307677,1.3189107055235764e-05,6,4,0.17320508075688773,2500,OLS_debias_iid,iid,False,5
1,6,6001,6,60001,True,265,False,100,0.9614930683716931,4.273486763704568,0.34988401394853375,0.31953062441719104,0.5548730336689113,0.826140288126868,0.6429673085683882,2.9441659468122377e-06,6,4,0.17320508075688773,2500,OLS_debias_iid,iid,False,5
1,5,5001,18,180001,True,246,False,100,0.7872493539903449,4.702611668966711,0.4440481934572315,0.3957312454045511,0.9563573570360655,1.0144328647779977,0.6483194108358232,1.7554774018037213e-05,6,4,0.17320508075688773,2500,OLS_debias_iid,iid,False,5
1,6,6001,17,170001,True,262,False,100,0.5348547226528155,4.043675520922989,0.5399269230843757,0.5187221222534802,0.9364696684692797,0.8227930820899445,0.7196135476025444,2.137731750835324e-05,6,4,0.17320508075688773,2500,OLS_debias_iid,iid,False,5
1,5,5001,0,1,True,225,False,100,0.650369580366975,5.1354357288219035,0.3972262037678755,0.3501866027266359,0.5924230256166921,0.6980714280054193,0.7744629927121867,2.428355560104716e-05,6,4,0.17320508075688773,2500,OLS_debias_iid,iid,False,5
1,7,7001,17,170001,True,232,False,100,0.5348547226528155,3.302790910936892,0.19480381960964757,0.1607889651016198,0.3853802784536703,0.4944948956479466,0.866613002559049,2.1682069056487857e-05,6,4,0.17320508075688773,2500,OLS_debias_iid,iid,False,5
1,7,7001,18,180001,True,253,False,100,0.7872493539903449,3.3052309630438685,0.5792813353315103,0.5668361056519596,0.9212673625806751,0.9584553823226354,0.6322987136652007,1.5788188776244242e-05,6,4,0.17320508075688773,2500,OLS_debias_iid,iid,False,5
1,8,8001,8,80001,True,247,False,100,0.8315159796302958,2.895885583013296,0.20681793632421358,0.17393082606297147,0.4013389395647074,0.4937878830466798,0.8516875989615075,1.3877489071253806e-05,6,4,0.17320508075688773,2500,OLS_debias_iid,iid,False,5
1,9,9001,29,290001,True,254,False,100,0.6433405100495158,1.7300250469706953,0.4421242498958066,0.4176514837208026,0.5926499983227297,0.9734558848496768,0.6763701378546042,4.037073720739588e-06,6,4,0.17320508075688773,2500,OLS_debias_iid,iid,False,5
1,9,9001,5,50001,True,242,False,100,0.914760637550691,2.4605164718814194,0.41813072112217303,0.3892181108036898,0.6005249421095622,0.7172306478520303,0.7337728945570164,4.568245905864713e-06,6,4,0.17320508075688773,2500,OLS_debias_iid,iid,False,5
1,9,9001,19,190001,True,244,False,100,0.9061396260304647,2.0047148908488452,0.2504361147114776,0.21794127908139346,0.440981968334213,0.5561269447336803,0.8291385452096144,7.691347804110929e-06,6,4,0.17320508075688773,2500,OLS_debias_iid,iid,False,5
1,8,8001,11,110001,True,272,False,100,0.7761811778727253,2.9588351431302726,0.4006070384881209,0.3695930911190917,0.6835628391066041,0.7724954561370911,0.7713611615269043,8.517055363689017e-06,6,4,0.17320508075688773,2500,OLS_debias_iid,iid,False,5
1,7,7001,10,100001,True,250,False,100,0.9712551925535012,3.573978321161121,0.41785320694137745,0.3426403753469038,0.8798905477693241,1.062473967919009,0.45450253277143327,3.2452186089637223e-06,6,4,0.17320508075688773,2500,OLS_debias_iid,iid,False,5
2,0,1,2,20001,True,252,False,100,0.8208510141529081,1.7984431069344282,0.38094619765463394,0.3029197171524816,0.6863622016309703,0.5385750100971621,0.8759353940193094,3.89416303736392e-06,6,4,0.17320508075688773,2500,OLS_debias_iid,iid,False,5
1,6,6001,13,130001,True,251,False,100,0.9097177793642689,4.337667444255203,0.3798546734234589,0.3433790385926325,0.689109931211601,0.7778284823023808,0.7376174266172664,5.58855238837862e-06,6,4,0.17320508075688773,2500,OLS_debias_iid,iid,False,5
1,9,9001,24,240001,True,228,False,100,0.90666550507506,1.9769201437011361,0.5244801301275795,0.513682693224622,0.701855951667759,0.8826418780455404,0.6413961737293606,2.080052831011715e-05,6,4,0.17320508075688773,2500,OLS_debias_iid,iid,False,5
2,0,1,13,130001,True,259,False,100,0.9097177793642689,1.6517844181507826,0.27531568085672686,0.22547413070971198,0.47547532950163773,0.44408287867401125,0.9029486547020924,1.9762855108424787e-06,6,4,0.17320508075688773,2500,OLS_debias_iid,iid,False,5
2,0,1,14,140001,True,263,False,100,0.7793784522086575,1.6734699690714478,0.35782574062796635,0.2838042223298063,0.6840276031279705,0.6219075267114363,0.8209470464410903,1.6883454857462726e-06,6,4,0.17320508075688773,2500,OLS_debias_iid,iid,False,5
1,9,9001,14,140001,True,246,False,100,0.906158854383296,2.349311124999076,0.43209648653757676,0.38370850164760806,0.8021158378613513,0.7546864244847009,0.77824861136726,3.256828458249027e-06,6,4,0.17320508075688773,2500,OLS_debias_iid,iid,False,5
1,6,6001,25,250001,True,240,False,100,0.8162301434962846,4.106309193652123,0.4546170711393771,0.3911750636905417,0.6801184169339883,0.7735313040258344,0.6803218773347082,1.1494131532317314e-05,6,4,0.17320508075688773,2500,OLS_debias_iid,iid,False,5
1,9,9001,26,260001,True,242,False,100,0.6427968597534178,1.9845419880002737,0.30619102551480915,0.27181764569334965,0.5511407773795857,0.5837335909100468,0.8080194246174681,1.13704032308896e-05,6,4,0.17320508075688773,2500,OLS_debias_iid,iid,False,5
1,9,9001,10,100001,True,263,False,100,0.9712551925535012,2.559994646348059,0.18940391496043182,0.14274717437318768,0.402079672784475,0.7713816834221363,0.687916807302092,1.7959754394760876e-06,6,4,0.17320508075688773,2500,OLS_debias_iid,iid,False,5
1,7,7001,24,240001,True,300,False,100,0.90666550507506,3.4658355307765305,0.4163611690388062,0.3266131714569217,1.022542084111092,0.5848578581056787,0.751198785444356,4.974731953193519e-06,6,4,0.17320508075688773,2500,OLS_debias_iid,iid,False,5
2,1,1001,4,40001,True,209,False,100,0.6258509706662111,1.3412083559669554,0.40949829178767605,0.3332855022439353,0.5141700357411595,0.8316972538071246,0.667316176156872,3.510448090993136e-06,6,4,0.17320508075688773,2500,OLS_debias_iid,iid,False,5
1,7,7001,1,10001,True,215,False,100,0.7703467396720308,3.9573902916163206,0.39486745621928276,0.3468077794287636,0.7820976306638595,0.7215968683432135,0.7766436267458323,2.7215194820671114e-05,6,4,0.17320508075688773,2500,OLS_debias_iid,iid,False,5
2,0,1,11,110001,True,256,False,100,0.7761811778727253,1.9526188508607447,0.2757482120919495,0.22938662706777438,0.49605012654955594,0.43633693781141114,0.9157181737917938,2.2036110233044345e-06,6,4,0.17320508075688773,2500,OLS_debias_iid,iid,False,5
2,0,1,4,40001,True,269,False,100,0.6258509706662111,2.0331476433202624,0.2818610592286511,0.2258409659539975,0.5371954107250762,0.6162196053109044,0.8120427259107729,1.267887025444997e-06,6,4,0.17320508075688773,2500,OLS_debias_iid,iid,False,5
2,0,1,5,50001,True,246,False,100,0.914760637550691,2.0289692441001534,0.44720144943815454,0.386650101709696,0.8036627533900734,1.119768757265368,0.4852979579332727,1.7855334149944414e-06,6,4,0.17320508075688773,2500,OLS_debias_iid,iid,False,5
2,0,1,1,10001,True,252,False,100,0.4615715527439141,2.1646882630884647,0.47428778855922954,0.40401701327607503,0.844487358540151,0.8149298037096667,0.7875688750530719,7.2255659057710585e-06,6,4,0.17320508075688773,2500,OLS_debias_iid,iid,False,5
2,0,1,6,60001,True,240,False,100,0.9614930683716931,2.0387462321668863,0.4121832457736597,0.29717254586058967,0.7233738013933337,1.3523030081035659,0.5272354425986409,9.808448785445775e-07,6,4,0.17320508075688773,2500,OLS_debias_iid,iid,False,5
1,7,7001,16,160001,True,225,False,100,0.6292898282788403,3.854759291280061,0.49563597012670296,0.47544918105203965,0.872144787076511,0.8305542890854556,0.7096124601305731,2.3745160343496886e-05,6,4,0.17320508075688773,2500,OLS_debias_iid,iid,False,5
1,8,8001,10,100001,True,273,False,100,0.9712551925535012,3.3745743269100785,0.36696776018713595,0.28638651654686037,0.5763319569499382,1.0791131233736377,0.5736256078286383,1.1736619632040382e-06,6,4,0.17320508075688773,2500,OLS_debias_iid,iid,False,5
2,0,1,29,290001,True,248,False,100,0.6433405100495158,1.5857921401038766,0.11851179555222656,0.09052151645510116,0.20293971356524976,0.2869389658545012,0.9603327120533125,2.4758266074377984e-06,6,4,0.17320508075688773,2500,OLS_debias_iid,iid,False,5
2,0,1,3,30001,True,260,False,100,0.668082389962673,2.1223187521100044,0.36782872378622866,0.3007986333288859,0.7320786809281037,0.8745911505453268,0.6772760411185679,1.3293351769619978e-06,6,4,0.17320508075688773,2500,OLS_debias_iid,iid,False,5
2,0,1,16,160001,True,247,False,100,0.46422278020058355,1.8836365337483585,0.1225377441225991,0.10072578132138277,0.2104625669369896,0.2137343528757628,0.9793120813569893,5.0427996906820154e-06,6,4,0.17320508075688773,2500,OLS_debias_iid,iid,False,5
1,9,9001,6,60001,True,264,False,100,0.9614930683716931,2.9371841810643673,0.38871709198258036,0.3683364468832763,0.547192962408331,0.9064140045384006,0.6467223430262439,2.040764399697376e-06,6,4,0.17320508075688773,2500,OLS_debias_iid,iid,False,5
2,0,1,7,70001,True,258,False,100,0.5434067832531532,2.104401262011379,0.24605559237048288,0.19585504002179122,0.484820570779601,0.3594732566694042,0.9364440404744213,2.2857674773347778e-06,6,4,0.17320508075688773,2500,OLS_debias_iid,iid,False,5
1,6,6001,29,290001,True,251,False,100,0.6433405100495158,4.247977720107883,0.3617362696960747,0.30666858772917643,0.6963325112978787,0.6947230405450365,0.7959615164606115,6.035125163752253e-06,6,4,0.17320508075688773,2500,OLS_debias_iid,iid,False,5
1,8,8001,6,60001,True,253,False,100,0.9614930683716931,3.5144025860354304,0.3532342193727093,0.32245407191887737,0.5940449860856762,0.7149669268505354,0.717812222631067,2.948184334958758e-06,6,4,0.17320508075688773,2500,OLS_debias_iid,iid,False,5
2,1,1001,0,1,True,249,False,100,0.5861608964887225,1.6846527876332402,0.3023177089661421,0.2490134265352872,0.5120029762316485,0.5092803474225747,0.8705014002558187,5.794868982414268e-06,6,4,0.17320508075688773,2500,OLS_debias_iid,iid,False,5
1,6,6001,16,160001,True,281,False,100,0.6292898282788403,4.792872379999608,0.34568886093585194,0.28405241441074064,0.7685345249837682,0.5862174119732726,0.8090782270865052,9.873475126793376e-06,6,4,0.17320508075688773,2500,OLS_debias_iid,iid,False,5
2,1,1001,2,20001,True,263,False,100,0.8208510141529081,1.705706123728305,0.15741608215299577,0.13644795508206664,0.24011823815503702,0.29567283019333124,0.9585263997554831,3.5730707896296732e-06,6,4,0.17320508075688773,2500,OLS_debias_iid,iid,False,5
1,9,9001,13,130001,True,325,False,100,0.9097177793642689,2.848876297008246,0.5054118914100281,0.49365849594418254,1.0128598414211196,1.4161210848938128,0.6079051936003598,4.073429288544756e-06,6,4,0.17320508075688773,2500,OLS_debias_iid,iid,False,5
2,1,1001,9,90001,True,255,False,100,0.865215746072306,1.6151357148773968,0.5169571863107247,0.4644963806677398,0.9547033800318806,1.1881436474265576,0.4146245584494379,2.2893482224220677e-06,6,4,0.17320508075688773,2500,OLS_debias_iid,iid,False,5
1,5,5001,21,210001,True,265,False,100,0.8161923022139428,5.375244936905801,0.37329867934752375,0.33263020578123753,0.6356178546536128,0.7242779399438465,0.7477893006116696,7.125326915258924e-06,6,4,0.17320508075688773,2500,OLS_debias_iid,iid,False,5
2,0,1,26,260001,True,284,False,100,0.6427968597534178,1.9441903717815876,0.2783780878558002,0.21649916884292164,0.5298735226176494,0.7475488000531176,0.6999885661816582,9.429335229848069e-07,6,4,0.17320508075688773,2500,OLS_debias_iid,iid,False,5
1,9,9001,17,170001,True,224,False,100,0.5348547226528155,2.861557363998145,0.5152941786955345,0.4896544939010943,0.8689401415759836,0.895850797081321,0.6332829865303882,2.7907609339177825e-05,6,4,0.17320508075688773,2500,OLS_debias_iid,iid,False,5
2,0,1,25,250001,True,255,False,100,0.8162301434962846,1.9776953677646816,0.46267945902579966,0.3695472268220413,0.8652635301154089,0.8336009821023634,0.7233674971040972,2.1940968250402194e-06,6,4,0.17320508075688773,2500,OLS_debias_iid,iid,False,5
2,0,1,0,1,True,248,False,100,0.5861608964887225,2.5102475890889764,0.44431885269739196,0.39352972445233997,0.7850213595458204,0.7132984835227175,0.7905107747705044,5.5969186803733515e-06,6,4,0.17320508075688773,2500,OLS_debias_iid,iid,False,5
1,9,9001,18,180001,True,239,False,100,0.7872493539903449,2.9010459249839187,0.5191321791760228,0.5043876577196609,0.8527216976619048,0.9500366835945598,0.6076028835120774,2.2360286361516435e-05,6,4,0.17320508075688773,2500,OLS_debias_iid,iid,False,5
1,8,8001,23,230001,True,254,False,100,0.9974193074539494,3.4414224489592016,0.32172486696312724,0.2787253242903917,0.582194167951196,0.8159208984216292,0.6194153324687974,2.4483155803230034e-06,6,4,0.17320508075688773,2500,OLS_debias_iid,iid,False,5
2,1,1001,18,180001,True,254,False,100,0.519511151705018,1.6009100289084017,0.16169187773261476,0.13934268608920242,0.2596666725388164,0.24837632287781614,0.9697806012366686,4.252132958998469e-06,6,4,0.17320508075688773,2500,OLS_debias_iid,iid,False,5
2,1,1001,19,190001,True,250,False,100,0.689469930631366,1.6228305390104651,0.4492879452063204,0.36955948685030776,0.9924329853219945,0.7387164856570467,0.8157690035303174,3.652932049625089e-06,6,4,0.17320508075688773,2500,OLS_debias_iid,iid,False,5
2,1,1001,14,140001,True,266,False,100,0.7793784522086575,1.6851834543049335,0.19940065789533487,0.14649805748806338,0.3432280386997664,0.5432095177468446,0.8620351089463542,1.4853871462523114e-06,6,4,0.17320508075688773,2500,OLS_debias_iid,iid,False,5
2,1,1001,16,160001,True,238,False,100,0.46422278020058355,1.663942679297179,0.3834952346769436,0.28449213410072577,0.7956148175723716,0.5398514014381252,0.870870010968727,6.065444537109984e-06,6,4,0.17320508075688773,2500,OLS_debias_iid,iid,False,5
2,1,1001,7,70001,True,260,False,100,0.5434067832531532,1.8723310567438602,0.47386565097690164,0.41410121393152793,0.9368782085270413,0.6825563176424089,0.8210153460886862,3.032062050791935e-06,6,4,0.17320508075688773,2500,OLS_debias_iid,iid,False,5
2,1,1001,6,60001,True,218,False,100,0.9614930683716931,1.9505567061714828,0.28581522833687406,0.2222284299747993,0.523445307309712,0.9113937478324446,0.5636737624100578,1.728668619118013e-06,6,4,0.17320508075688773,2500,OLS_debias_iid,iid,False,5
1,9,9001,15,150001,True,245,False,100,0.7280636685857087,3.100856736302376,0.4782652935825343,0.4372247890172925,0.8167175164634312,0.8101878820091446,0.6375933242895168,1.0822742442966754e-05,6,4,0.17320508075688773,2500,OLS_debias_iid,iid,False,5
2,1,1001,20,200001,True,267,False,100,0.8072554306744245,1.7141147726215422,0.4294703069623917,0.30839238741551867,0.9703583100940765,0.7746709741482498,0.8648120431557484,3.1048176645143375e-06,6,4,0.17320508075688773,2500,OLS_debias_iid,iid,False,5
2,1,1001,3,30001,True,237,False,100,0.668082389962673,2.0492198057472706,0.5213984149370404,0.46566989663937086,0.9458926969590913,1.2844929338483848,0.5112085877096768,2.0895830393709113e-06,6,4,0.17320508075688773,2500,OLS_debias_iid,iid,False,5
2,0,1,18,180001,True,268,False,100,0.519511151705018,2.324413596186787,0.32001919743608653,0.26551839159434304,0.5142276295747256,0.43709172086632553,0.9118478615644745,4.672698085515936e-06,6,4,0.17320508075688773,2500,OLS_debias_iid,iid,False,5
2,0,1,22,220001,True,273,False,100,0.7503231746749874,2.244923535734415,0.3158977574162963,0.2666227628598948,0.5349162199759863,0.7228077266567753,0.7376328934492377,1.3066164147418596e-06,6,4,0.17320508075688773,2500,OLS_debias_iid,iid,False,5
2,2,2001,1,10001,True,252,False,100,0.4615715527439141,1.595894386060536,0.3883655213503455,0.2933613528284516,0.9764744032063848,0.5413915420558165,0.8637856706940965,6.186017359134521e-06,6,4,0.17320508075688773,2500,OLS_debias_iid,iid,False,5
2,1,1001,28,280001,True,253,False,100,0.9355996664555999,1.6505098268389702,0.3947087263028876,0.31269820129746856,0.7016633602525841,0.6242363656432247,0.856255663661203,2.663187531669245e-06,6,4,0.17320508075688773,2500,OLS_debias_iid,iid,False,5
2,0,1,28,280001,True,263,False,100,0.9355996664555999,2.1417035697959363,0.18633297852124694,0.15265389896185944,0.2946937990214634,0.39865998375202893,0.9266322323173413,2.8315769759042743e-06,6,4,0.17320508075688773,2500,OLS_debias_iid,iid,False,5
1,9,9001,12,120001,True,242,False,100,0.8627323795317368,3.2907182490453124,0.21285306183971422,0.1818719248495236,0.3366422663435341,0.5287972027867308,0.8538482179356734,1.121932092062335e-05,6,4,0.17320508075688773,2500,OLS_debias_iid,iid,False,5
2,2,2001,0,1,True,243,False,100,0.5861608964887225,1.6473516998812556,0.45905074465965223,0.4001600070595767,0.8481645558185584,0.7757051440186572,0.7869554664218036,6.476849851823768e-06,6,4,0.17320508075688773,2500,OLS_debias_iid,iid,False,5
1,8,8001,13,130001,True,245,False,100,0.9097177793642689,3.938696397934109,0.40107688679242287,0.3530846073204407,0.7478408076268723,0.8488978261393573,0.7027082495675174,7.08790823926585e-06,6,4,0.17320508075688773,2500,OLS_debias_iid,iid,False,5
2,1,1001,21,210001,True,264,False,100,0.8161923022139428,1.8406728287227452,0.1710714622218881,0.143541409808015,0.3261461829757981,0.3698888891686833,0.9433586077088756,2.22772708668519e-06,6,4,0.17320508075688773,2500,OLS_debias_iid,iid,False,5
1,8,8001,19,190001,True,250,False,100,0.9061396260304647,3.8803170449100435,0.3023540130380268,0.2590559901899045,0.5759029400507698,0.7413332672879889,0.7656743660875442,4.687330121886926e-06,6,4,0.17320508075688773,2500,OLS_debias_iid,iid,False,5
1,7,7001,0,1,True,240,False,100,0.650369580366975,4.820694646798074,0.42564668958525287,0.3643790888637579,0.8304677023563002,0.6966861230627457,0.7732033215365608,1.4045194310278549e-05,6,4,0.17320508075688773,2500,OLS_debias_iid,iid,False,5
2,1,1001,22,220001,True,268,False,100,0.7503231746749874,1.8664196198806167,0.28599719299343107,0.23073486805984547,0.4434108395815719,0.650913411153186,0.8075053222444277,1.1651903457850836e-06,6,4,0.17320508075688773,2500,OLS_debias_iid,iid,False,5
2,1,1001,26,260001,True,275,False,100,0.6427968597534178,1.8533448562957346,0.4482366785420801,0.38785889705820603,0.8048399378802801,1.1060695780956384,0.585472259803411,1.2984707781221718e-06,6,4,0.17320508075688773,2500,OLS_debias_iid,iid,False,5
1,9,9001,20,200001,True,253,False,100,0.8652979952195247,3.139336684718728,0.434730032156837,0.38277140999045683,0.75915677149933,0.7286696543180954,0.7508893644817987,6.315668265562328e-06,6,4,0.17320508075688773,2500,OLS_debias_iid,iid,False,5
2,2,2001,5,50001,True,267,False,100,0.914760637550691,1.7220862437970936,0.4205979892451553,0.36795007681738495,0.6345185125037378,0.7839235002926308,0.7368585426063836,1.5436578196557298e-06,6,4,0.17320508075688773,2500,OLS_debias_iid,iid,False,5
1,9,9001,23,230001,True,255,False,100,0.9974193074539494,3.0787510271184146,0.37935308273064505,0.338381387923085,0.7225707996963018,0.8212633111002923,0.668933218806532,2.4664502215127816e-06,6,4,0.17320508075688773,2500,OLS_debias_iid,iid,False,5
2,2,2001,2,20001,True,275,False,100,0.8208510141529081,1.782349684741348,0.25586678439456506,0.20895728554170812,0.44862772992242467,0.3981380193207919,0.9261897149649836,3.3332231233711498e-06,6,4,0.17320508075688773,2500,OLS_debias_iid,iid,False,5
2,0,1,21,210001,True,266,False,100,0.8161923022139428,2.524672972969711,0.1985520007689482,0.1684496612427235,0.3387037354527944,0.4081317291631181,0.9263609135595019,2.0234021156781724e-06,6,4,0.17320508075688773,2500,OLS_debias_iid,iid,False,5
2,1,1001,13,130001,True,262,False,100,0.9097177793642689,2.117426678072661,0.4488200441580492,0.37789560814857026,0.7841338956137557,0.9238357735105862,0.6443769761150284,2.4470287741146214e-06,6,4,0.17320508075688773,2500,OLS_debias_iid,iid,False,5
2,0,1,12,120001,True,265,False,100,0.5596306103517705,2.7868801089935005,0.2771065641798079,0.2175745628533388,0.5015532111602365,0.3932480777652129,0.9306434931540627,3.9598514260387236e-06,6,4,0.17320508075688773,2500,OLS_debias_iid,iid,False,5
2,0,1,9,90001,True,259,False,100,0.865215746072306,2.8695190851576626,0.28973826441333594,0.2097433504183971,0.7029208124383661,0.5152796190683464,0.870548054474046,2.194894992930553e-06,6,4,0.17320508075688773,2500,OLS_debias_iid,iid,False,5
2,0,1,8,80001,True,251,False,100,0.5664694797154943,2.8895809589885175,0.46206794504368104,0.39656648517648607,1.020845979277428,0.6986673943872598,0.8521281858015313,6.555224961457531e-06,6,4,0.17320508075688773,2500,OLS_debias_iid,iid,False,5
2,2,2001,13,130001,True,261,False,100,0.9097177793642689,1.5417023519985378,0.4946630566544003,0.4339427060334385,0.9144717580963406,0.9630962936022571,0.7315665677854506,3.40530291001507e-06,6,4,0.17320508075688773,2500,OLS_debias_iid,iid,False,5
2,1,1001,1,10001,True,275,False,100,0.4615715527439141,2.4003955209627748,0.23971853002024437,0.1937247919030863,0.3602979621659975,0.3346114172341031,0.9455285799850761,4.042586245722478e-06,6,4,0.17320508075688773,2500,OLS_debias_iid,iid,False,5
2,1,1001,17,170001,True,248,False,100,0.5074674528394583,2.1974859018810093,0.42608024516630494,0.33746851094964453,0.9413689181022453,0.6695277705348519,0.805375460774808,6.049061742970061e-06,6,4,0.17320508075688773,2500,OLS_debias_iid,iid,False,5
2,1,1001,8,80001,True,280,False,100,0.5664694797154943,2.35789493098855,0.2194574243326887,0.17360857749059577,0.36568789423194425,0.34357266779891854,0.946329428847383,4.309702657148199e-06,6,4,0.17320508075688773,2500,OLS_debias_iid,iid,False,5
2,2,2001,7,70001,True,254,False,100,0.5434067832531532,1.8744640811346471,0.4309124985974678,0.36129487271788713,0.9241192749415315,0.6765302277542363,0.8193449703035659,3.4940024337435816e-06,6,4,0.17320508075688773,2500,OLS_debias_iid,iid,False,5
2,2,2001,22,220001,True,204,False,100,0.7503231746749874,1.450093301013112,0.4413943692842187,0.3775707733557699,0.6931036622336103,0.869208475608394,0.683865035514007,3.875655499310241e-06,6,4,0.17320508075688773,2500,OLS_debias_iid,iid,False,5
2,0,1,19,190001,True,261,False,100,0.689469930631366,2.753033916000277,0.4902440701919029,0.43424490706007113,1.1435940487250904,0.7672974533398844,0.7677463622125646,4.965676017313382e-06,6,4,0.17320508075688773,2500,OLS_debias_iid,iid,False,5
1,9,9001,28,280001,True,234,False,100,0.9355996664555999,3.1723819938488305,0.5135442347079932,0.47643373036461695,0.7953426627858834,0.718358630077829,0.7373993499200779,1.6800829199482093e-05,6,4,0.17320508075688773,2500,OLS_debias_iid,iid,False,5
2,2,2001,16,160001,True,251,False,100,0.46422278020058355,1.6051764683797956,0.43915492551626,0.368752093022972,0.8040281869794628,0.6080102255261299,0.8527108019665602,6.38927209248366e-06,6,4,0.17320508075688773,2500,OLS_debias_iid,iid,False,5
1,9,9001,1,10001,True,253,False,100,0.7703467396720308,4.080512512009591,0.40049765877707705,0.3554084379571407,0.7328706257400415,0.6493879976845653,0.8010869155143674,1.479791803476634e-05,6,4,0.17320508075688773,2500,OLS_debias_iid,iid,False,5
2,2,2001,8,80001,True,246,False,100,0.5664694797154943,1.8164459159597754,0.38147976365932434,0.30971625063512187,0.7213148494068969,0.5741219800063435,0.849714292536661,6.481166003540944e-06,6,4,0.17320508075688773,2500,OLS_debias_iid,iid,False,5
2,2,2001,9,90001,True,264,False,100,0.865215746072306,1.79538403917104,0.27277398880386655,0.20147079179130467,0.6426379810150489,0.46358876184815234,0.9025410941046472,2.1516389606386113e-06,6,4,0.17320508075688773,2500,OLS_debias_iid,iid,False,5
2,3,3001,4,40001,True,215,False,100,0.6258509706662111,1.3705326709896326,0.4636223607847041,0.4298368980264802,1.1377015018253434,1.1245826472702984,0.6525539748447161,3.138454085071525e-06,6,4,0.17320508075688773,2500,OLS_debias_iid,iid,False,5
1,8,8001,3,30001,True,251,False,100,0.668082389962673,4.5460468819364905,0.46540959463928144,0.4202793398619878,0.8297445613035984,0.7806562967139479,0.6912769340526927,1.1609100496863385e-05,6,4,0.17320508075688773,2500,OLS_debias_iid,iid,False,5
2,2,2001,12,120001,True,267,False,100,0.5596306103517705,1.8265587310306728,0.44524160243244104,0.376507207279876,0.8831061294732279,0.7836445557215614,0.7801124669898158,4.4784799770541755e-06,6,4,0.17320508075688773,2500,OLS_debias_iid,iid,False,5
2,1,1001,15,150001,True,269,False,100,0.7280636685857087,2.427901660092175,0.3263745614155713,0.28022748697082556,0.550497692226462,0.5116584763793992,0.8839237517283004,2.0418702943872566e-06,6,4,0.17320508075688773,2500,OLS_debias_iid,iid,False,5
2,1,1001,24,240001,True,275,False,100,0.90666550507506,2.3035875079222023,0.47167959997011605,0.4038034409415589,1.0457100403008381,1.2831922493147476,0.6047552983112027,1.903773518865193e-06,6,4,0.17320508075688773,2500,OLS_debias_iid,iid,False,5
2,2,2001,15,150001,True,262,False,100,0.7280636685857087,1.7993395901285112,0.3674353977419397,0.3217855880659789,0.5860994390917469,0.6282563372153418,0.8420195764596277,2.8649082924108367e-06,6,4,0.17320508075688773,2500,OLS_debias_iid,iid,False,5
2,1,1001,11,110001,True,261,False,100,0.7761811778727253,2.5469931811094284,0.37673939627703934,0.2989193712802956,0.7053397266890892,0.6484791533741634,0.7892823052707558,2.8283180717907926e-06,6,4,0.17320508075688773,2500,OLS_debias_iid,iid,False,5
2,0,1,20,200001,True,257,False,100,0.8072554306744245,2.959872046019882,0.33385097962454807,0.22503711451455097,0.885241523797037,0.46616975057491256,0.9017423248634503,3.4938344791781735e-06,6,4,0.17320508075688773,2500,OLS_debias_iid,iid,False,5
2,3,3001,6,60001,True,205,False,100,0.9614930683716931,1.4140561041422188,0.39309876871952165,0.2878360322592614,0.5841265356734319,1.1397131643840535,0.4974642365999841,1.7159663182802908e-06,6,4,0.17320508075688773,2500,OLS_debias_iid,iid,False,5
1,8,8001,15,150001,True,362,False,100,0.7280636685857087,4.491789859253913,0.48072932943573965,0.4468973105740881,0.9947351448945124,1.1042324349889139,0.6318839525684775,6.259198147215089e-06,6,4,0.17320508075688773,2500,OLS_debias_iid,iid,False,5
2,2,2001,6,60001,True,222,False,100,0.9614930683716931,2.1876351851969957,0.35471510097655345,0.2644633069582475,0.9290928809677912,0.7664401734563666,0.6217174473375879,1.7677441851158213e-06,6,4,0.17320508075688773,2500,OLS_debias_iid,iid,False,5
1,9,9001,16,160001,True,218,False,100,0.6292898282788403,3.8438082807697356,0.6297737222397081,0.6517945345050157,0.8831116907389892,1.6945589360909818,0.5851284320352256,3.168369805014151e-05,6,4,0.17320508075688773,2500,OLS_debias_iid,iid,False,5
2,1,1001,10,100001,True,282,False,100,0.9712551925535012,2.6345177022740245,0.5892148305032956,0.5746175335179126,1.2118896077158567,1.5486193987513208,0.46321935837891665,1.0673747620098106e-06,6,4,0.17320508075688773,2500,OLS_debias_iid,iid,False,5
2,1,1001,5,50001,True,271,False,100,0.914760637550691,2.762591286096722,0.30171812646646057,0.20387263837186653,0.5560851616136523,0.5716829001988326,0.8003717248650536,1.558668642152697e-06,6,4,0.17320508075688773,2500,OLS_debias_iid,iid,False,5
2,2,2001,11,110001,True,261,False,100,0.7761811778727253,2.032625076826662,0.3749012926892247,0.3060551513469689,0.7459883674510309,0.6252363179686928,0.8287291588926397,2.6260319425980594e-06,6,4,0.17320508075688773,2500,OLS_debias_iid,iid,False,5
1,9,9001,22,220001,True,249,False,100,0.9607712732262954,3.6785687780939043,0.3785258062046657,0.3354189829146382,0.7993304149946405,0.7071498344230364,0.7515385030870311,4.57323773340622e-06,6,4,0.17320508075688773,2500,OLS_debias_iid,iid,False,5
2,0,1,17,170001,True,268,False,100,0.5074674528394583,3.1516104359179735,0.22121735798886022,0.17799466846885123,0.38636795036802357,0.3167001247936377,0.9548352852083517,4.8155307946606285e-06,6,4,0.17320508075688773,2500,OLS_debias_iid,iid,False,5
2,0,1,23,230001,True,235,False,100,0.9544128946014986,3.0399827901273966,0.30941478728181165,0.21547371887129077,0.7406006303898213,0.654158473420911,0.7664938676341114,1.704532623009575e-06,6,4,0.17320508075688773,2500,OLS_debias_iid,iid,False,5
2,2,2001,24,240001,True,285,False,100,0.90666550507506,1.8168386123143137,0.3362271496535568,0.2761425145635658,0.5613682695202183,0.8099366271717292,0.673508306328721,1.1566297769338476e-06,6,4,0.17320508075688773,2500,OLS_debias_iid,iid,False,5
2,3,3001,2,20001,True,260,False,100,0.8208510141529081,1.6861223769374192,0.3643537957984246,0.28149252277505693,0.8697514741781595,0.5012412954302853,0.8733218527913529,5.012078034623116e-06,6,4,0.17320508075688773,2500,OLS_debias_iid,iid,False,5
2,3,3001,22,220001,True,202,False,100,0.7503231746749874,1.3282734099775553,0.4348400350185847,0.3798073602721264,0.7027632439593287,1.0712132409693977,0.5218582405267014,3.762239482955751e-06,6,4,0.17320508075688773,2500,OLS_debias_iid,iid,False,5
2,2,2001,23,230001,True,275,False,100,0.9544128946014986,1.8863422749564052,0.3262072243264227,0.2605287403804811,0.5969013657293765,0.8630449176955377,0.6523042080012269,1.280746686267915e-06,6,4,0.17320508075688773,2500,OLS_debias_iid,iid,False,5
1,9,9001,27,270001,True,254,False,100,0.8275716930265039,3.618520456366241,0.4114220221225022,0.3615991423711041,0.8068823363137968,0.8006344016070905,0.7546526815914467,7.230745790367332e-06,6,4,0.17320508075688773,2500,OLS_debias_iid,iid,False,5
1,8,8001,24,240001,True,263,False,100,0.90666550507506,4.5664210841059685,0.48563165621898213,0.4075592885066592,0.8027455717200491,0.9875540487008567,0.7076578710168668,1.546685873762802e-05,6,4,0.17320508075688773,2500,OLS_debias_iid,iid,False,5
2,3,3001,3,30001,True,273,False,100,0.668082389962673,1.766752407886088,0.15477624426215977,0.13264328482285048,0.257384892505604,0.5923478594504654,0.8190983553948414,1.0414462430553123e-06,6,4,0.17320508075688773,2500,OLS_debias_iid,iid,False,5
2,2,2001,25,250001,True,257,False,100,0.8162301434962846,1.9499236610718071,0.3829469176268398,0.2803278598498666,1.0686138708424102,0.5854128469476264,0.8218020601254392,2.425078669348883e-06,6,4,0.17320508075688773,2500,OLS_debias_iid,iid,False,5
2,3,3001,13,130001,True,259,False,100,0.9097177793642689,1.55143978074193,0.2541318875429266,0.19506938187594267,0.5307395922895728,0.5100762062386727,0.8800368276548389,2.533270626721884e-06,6,4,0.17320508075688773,2500,OLS_debias_iid,iid,False,5
2,3,3001,1,10001,True,253,False,100,0.4615715527439141,1.8725115461274981,0.2872006987877396,0.2414819408884438,0.45657580009861654,0.39332057423531264,0.9333487860680331,4.742053918144855e-06,6,4,0.17320508075688773,2500,OLS_debias_iid,iid,False,5
2,1,1001,12,120001,True,241,False,100,0.5596306103517705,2.9362235092557967,0.4156903576299405,0.3251085258058748,0.8264635024581052,0.584741537179815,0.8534867362243064,5.358989059883372e-06,6,4,0.17320508075688773,2500,OLS_debias_iid,iid,False,5
2,2,2001,4,40001,True,241,False,100,0.6258509706662111,2.5991440298967063,0.45659052140750905,0.39576750666709487,0.7264434923505927,0.9334525592122215,0.693985558734522,2.2646913720651882e-06,6,4,0.17320508075688773,2500,OLS_debias_iid,iid,False,5
2,2,2001,18,180001,True,245,False,100,0.519511151705018,2.1854391610249877,0.4191722064834018,0.35970870593641346,0.6867186874274402,0.6863603610493558,0.8045882892205767,7.190211973612625e-06,6,4,0.17320508075688773,2500,OLS_debias_iid,iid,False,5
2,2,2001,19,190001,True,260,False,100,0.689469930631366,2.195506487041712,0.39334765090711266,0.33050980235873206,0.8376582630149416,0.5964339658324462,0.8517550979580044,3.475013739690661e-06,6,4,0.17320508075688773,2500,OLS_debias_iid,iid,False,5
1,9,9001,7,70001,True,243,False,100,0.923911011300671,4.512869054917246,0.48911393974018613,0.46659670576518447,0.7308257759631245,0.9714632944190773,0.5449262911796623,6.6432875292020355e-06,6,4,0.17320508075688773,2500,OLS_debias_iid,iid,False,5
2,3,3001,18,180001,True,252,False,100,0.519511151705018,1.6374090630561113,0.1765232084035409,0.1310395420082627,0.3359036292030309,0.2648900658290788,0.9642194054157266,4.51978616169154e-06,6,4,0.17320508075688773,2500,OLS_debias_iid,iid,False,5
2,3,3001,12,120001,True,255,False,100,0.5596306103517705,1.7126852232031524,0.42573537657375315,0.35131197133217995,0.8104263075402107,0.6433783630007258,0.8519419415616708,4.842910122013122e-06,6,4,0.17320508075688773,2500,OLS_debias_iid,iid,False,5
2,3,3001,11,110001,True,265,False,100,0.7761811778727253,1.775816172361374,0.36491302524824926,0.2749315157920376,0.8131938686473761,0.5522868625611589,0.8494897511927431,2.3275342117421693e-06,6,4,0.17320508075688773,2500,OLS_debias_iid,iid,False,5
2,3,3001,14,140001,True,263,False,100,0.7793784522086575,1.7522317050024867,0.4119031766885489,0.349064748702321,0.7742930974576469,0.6282292813129484,0.8324024283349245,1.3449591954738177e-06,6,4,0.17320508075688773,2500,OLS_debias_iid,iid,False,5
2,3,3001,7,70001,True,267,False,100,0.5434067832531532,1.97581602120772,0.3553180363013557,0.30111273122177495,0.5875360143099655,0.5247376131271569,0.8788654025547892,2.6852776124879003e-06,6,4,0.17320508075688773,2500,OLS_debias_iid,iid,False,5
2,2,2001,14,140001,True,264,False,100,0.7793784522086575,2.435992651153356,0.42946133694500593,0.37049701525755213,0.6267336711153217,0.7277915057573907,0.7840476815964659,1.6955438941468123e-06,6,4,0.17320508075688773,2500,OLS_debias_iid,iid,False,5
2,3,3001,29,290001,True,248,False,100,0.6433405100495158,1.6157939909026027,0.4270895313647427,0.33436902534798646,0.7582122481795496,0.6634752531426441,0.8310372134031436,3.3061553374608794e-06,6,4,0.17320508075688773,2500,OLS_debias_iid,iid,False,5
2,3,3001,19,190001,True,254,False,100,0.689469930631366,1.7768750651739538,0.44572548745212576,0.36711241242686277,1.1083540883705227,0.8963035467128224,0.7162008123897978,4.299753887442671e-06,6,4,0.17320508075688773,2500,OLS_debias_iid,iid,False,5
2,3,3001,20,200001,True,258,False,100,0.8072554306744245,1.772453777026385,0.3570427686318138,0.2941064249855137,0.6928529090816964,0.5860102430939987,0.8620244676535397,3.210940835156385e-06,6,4,0.17320508075688773,2500,OLS_debias_iid,iid,False,5
2,2,2001,29,290001,True,271,False,100,0.6433405100495158,2.1846276368014514,0.3180341607072264,0.2656110414917305,0.4701777972431236,0.6184698488090878,0.8399978746863298,3.069585953553549e-06,6,4,0.17320508075688773,2500,OLS_debias_iid,iid,False,5
2,3,3001,0,1,True,246,False,100,0.5861608964887225,2.189936818089336,0.37764773847391203,0.2816959697201214,0.9159154463821082,0.48258832553402453,0.8864094343884784,4.966896936921343e-06,6,4,0.17320508075688773,2500,OLS_debias_iid,iid,False,5
1,9,9001,21,210001,True,259,False,100,0.8161923022139428,4.254935309290886,0.3716729835480787,0.3055168415153385,0.935470327735821,0.780804128351618,0.7751617011119305,5.601221546683692e-06,6,4,0.17320508075688773,2500,OLS_debias_iid,iid,False,5
2,3,3001,15,150001,True,275,False,100,0.7280636685857087,1.876760515384376,0.5880723253311552,0.5501808179736817,0.9616451080964752,1.3410780826088153,0.5491096298590964,3.3884944527767204e-06,6,4,0.17320508075688773,2500,OLS_debias_iid,iid,False,5
2,2,2001,26,260001,True,288,False,100,0.6427968597534178,2.3087216606363654,0.4667951010406549,0.3894157697707387,1.0530659736935166,1.0114369485400085,0.4810368062846858,1.9425648673604633e-06,6,4,0.17320508075688773,2500,OLS_debias_iid,iid,False,5
2,0,1,24,240001,True,287,False,100,0.90666550507506,3.575002774130553,0.09504142846897114,0.08107098225323058,0.16935733523515323,0.6740983118509692,0.7216441230165538,1.0121450681429711e-06,6,4,0.17320508075688773,2500,OLS_debias_iid,iid,False,5
2,3,3001,17,170001,True,269,False,100,0.5074674528394583,1.8858702993020415,0.40937857662035226,0.3540275888857058,0.6336399777707742,0.5595205299836359,0.8789261106601598,5.478331920465074e-06,6,4,0.17320508075688773,2500,OLS_debias_iid,iid,False,5
2,4,4001,3,30001,True,243,False,100,0.668082389962673,1.6099274940788746,0.397252890936765,0.32963256991307716,0.9108201831243571,0.8849698116057629,0.6952156660798539,1.654835312150394e-06,6,4,0.17320508075688773,2500,OLS_debias_iid,iid,False,5
2,3,3001,27,270001,True,254,False,100,0.8275716930265039,1.7886539581231773,0.33345969843761025,0.26045125673089986,0.7401548293067952,0.5131925781857265,0.8860885269233139,3.2980118807707614e-06,6,4,0.17320508075688773,2500,OLS_debias_iid,iid,False,5
2,1,1001,25,250001,True,255,False,100,0.8162301434962846,3.106796422973275,0.25627452056496597,0.1887695626962227,0.5348737516518005,0.4217247255694365,0.916074516712384,2.109985891203634e-06,6,4,0.17320508075688773,2500,OLS_debias_iid,iid,False,5
2,4,4001,8,80001,True,246,False,100,0.5664694797154943,1.6042159348726273,0.41277863399030007,0.3095890649072069,0.8755337841876778,0.5997477677199585,0.8363001826511589,6.162034711407224e-06,6,4,0.17320508075688773,2500,OLS_debias_iid,iid,False,5
2,3,3001,26,260001,True,209,False,100,0.6427968597534178,1.8395589762367308,0.47738231861931035,0.38972678026669844,0.886844846669238,0.9085767242563864,0.5983050517812083,4.361881920149767e-06,6,4,0.17320508075688773,2500,OLS_debias_iid,iid,False,5
2,3,3001,5,50001,True,287,False,100,0.914760637550691,2.263749429024756,0.39844426953742984,0.33548272487708486,0.6986090021814509,1.012365897827976,0.5358277726126822,1.1970375024667226e-06,6,4,0.17320508075688773,2500,OLS_debias_iid,iid,False,5
2,3,3001,24,240001,True,291,False,100,0.90666550507506,1.9144514687359333,0.16679979513035942,0.144158847685721,0.24316093224627816,0.6672200516475343,0.7379734001758154,9.897636770884327e-07,6,4,0.17320508075688773,2500,OLS_debias_iid,iid,False,5
2,4,4001,7,70001,True,262,False,100,0.5434067832531532,1.7140882131643593,0.3811794870704795,0.2983658322811418,0.8355451485370534,0.5685483682045536,0.8542582020221616,3.034810493310028e-06,6,4,0.17320508075688773,2500,OLS_debias_iid,iid,False,5
2,4,4001,12,120001,True,253,False,100,0.5596306103517705,1.599489679094404,0.4029590154313668,0.32396449517808096,0.8868473625891583,0.5817744210369248,0.8582830460188018,5.037945635695511e-06,6,4,0.17320508075688773,2500,OLS_debias_iid,iid,False,5
2,2,2001,17,170001,True,237,False,100,0.5074674528394583,2.6749720368534327,0.5236879335834852,0.4696246672651718,0.9067538414645798,0.9725043058097744,0.663155743563925,8.669088959074625e-06,6,4,0.17320508075688773,2500,OLS_debias_iid,iid,False,5
2,4,4001,1,10001,True,247,False,100,0.4615715527439141,1.8342220559716225,0.4985653364874727,0.4331161203080107,1.0448421288564804,0.8136813955702877,0.7420771188472244,7.903289739481692e-06,6,4,0.17320508075688773,2500,OLS_debias_iid,iid,False,5
2,2,2001,3,30001,True,277,False,100,0.668082389962673,3.135333055164665,0.39690096642276756,0.3083361302310868,0.8747684249473489,0.8661712595586725,0.7074256067703415,1.1885201701978943e-06,6,4,0.17320508075688773,2500,OLS_debias_iid,iid,False,5
2,4,4001,9,90001,True,264,False,100,0.865215746072306,1.7866256828419864,0.4735849814900951,0.3820812361622185,0.719722453358898,0.8545754733065336,0.7770549463238329,2.5298464385092887e-06,6,4,0.17320508075688773,2500,OLS_debias_iid,iid,False,5
2,0,1,27,270001,True,256,False,100,0.8275716930265039,3.800268579274416,0.3149418550837322,0.22452567286792738,0.7557594057428357,0.4802566640858046,0.8855264089548379,4.061449919800334e-06,6,4,0.17320508075688773,2500,OLS_debias_iid,iid,False,5
2,3,3001,10,100001,True,244,False,100,0.9712551925535012,2.304432792123407,0.2984223502580634,0.2585988259643603,0.40205845291300685,1.0598013514620335,0.44306424292507013,1.6574910643673366e-06,6,4,0.17320508075688773,2500,OLS_debias_iid,iid,False,5
2,0,1,10,100001,True,267,False,100,0.9712551925535012,4.168902067001909,0.20978774121311208,0.16952191773297418,0.3622042891419489,0.6842507832915892,0.7641926360445639,9.162735072979687e-07,6,4,0.17320508075688773,2500,OLS_debias_iid,iid,False,5
2,0,1,15,150001,True,270,False,100,0.7280636685857087,4.072725209407508,0.40612020855866177,0.3554686431205896,0.9198888908793375,0.6969202441119241,0.7313605433671493,2.9053168148532647e-06,6,4,0.17320508075688773,2500,OLS_debias_iid,iid,False,5
2,1,1001,27,270001,True,248,False,100,0.8275716930265039,3.339138946030289,0.46540333669231015,0.4220966204992766,0.8136406910694167,0.7190277796353733,0.8143303348355079,3.6068612388135577e-06,6,4,0.17320508075688773,2500,OLS_debias_iid,iid,False,5
2,4,4001,15,150001,True,261,False,100,0.7280636685857087,1.7402372220531106,0.2747255919687557,0.23088537967194078,0.4478647322211983,0.530350888369473,0.883141757516167,2.2794557415538755e-06,6,4,0.17320508075688773,2500,OLS_debias_iid,iid,False,5
2,4,4001,18,180001,True,244,False,100,0.519511151705018,1.717176971025765,0.41763519928234916,0.32147747576395924,0.8189092376705532,0.642985928975044,0.8383132267195441,5.7254465216859924e-06,6,4,0.17320508075688773,2500,OLS_debias_iid,iid,False,5
2,1,1001,29,290001,True,260,False,100,0.6433405100495158,3.327509951312095,0.32460709511718744,0.26007889384112065,0.6408682523653977,0.5100351219270197,0.8844849806113826,3.004388479545366e-06,6,4,0.17320508075688773,2500,OLS_debias_iid,iid,False,5
2,4,4001,2,20001,True,248,False,100,0.8208510141529081,2.0033063115552068,0.35247797618232385,0.25799029528509265,0.6845208479853069,0.5091658132387141,0.871843124698764,4.062917843138477e-06,6,4,0.17320508075688773,2500,OLS_debias_iid,iid,False,5
2,4,4001,17,170001,True,258,False,100,0.5074674528394583,1.7559213368222117,0.4158682900496046,0.3286421922659813,0.8158382178023805,0.5758477409725086,0.8703053201391715,5.873694310459947e-06,6,4,0.17320508075688773,2500,OLS_debias_iid,iid,False,5
2,1,1001,23,230001,True,282,False,100,0.9544128946014986,3.4666308648884296,0.31341270855687675,0.2478820098720457,0.6672160212074376,0.7777320708144185,0.702284624069528,1.0555617008781062e-06,6,4,0.17320508075688773,2500,OLS_debias_iid,iid,False,5
2,4,4001,19,190001,True,267,False,100,0.689469930631366,1.7749987579882145,0.351959403571307,0.30260614882108433,0.5614849512195139,0.5346431775020106,0.8813411211418987,2.8078940380408456e-06,6,4,0.17320508075688773,2500,OLS_debias_iid,iid,False,5
2,5,5001,0,1,True,250,False,100,0.5861608964887225,1.60750661091879,0.2941600941616569,0.23030491655965246,0.6291213239544353,0.4134130417094487,0.9217707454940406,5.069395730176422e-06,6,4,0.17320508075688773,2500,OLS_debias_iid,iid,False,5
2,4,4001,14,140001,True,269,False,100,0.7793784522086575,1.8520042658783495,0.4834194758363011,0.40773285772755424,1.1071169919871686,0.946763335492067,0.6787962320484164,2.51478882342028e-06,6,4,0.17320508075688773,2500,OLS_debias_iid,iid,False,5
2,3,3001,8,80001,True,267,False,100,0.5664694797154943,2.6048145378008485,0.308699323454629,0.2579894655985082,0.5463190027301699,0.4204628727985844,0.9262769288034273,4.731976291105589e-06,6,4,0.17320508075688773,2500,OLS_debias_iid,iid,False,5
2,5,5001,5,50001,True,247,False,100,0.914760637550691,1.603755318094045,0.4635083781749506,0.38913899857175244,1.1555758110290741,0.8426700896738113,0.6047220557125823,3.268052354957024e-06,6,4,0.17320508075688773,2500,OLS_debias_iid,iid,False,5
2,3,3001,23,230001,True,236,False,100,0.9544128946014986,2.350473556201905,0.42394504164240543,0.34436186162503346,0.7376484931803106,0.8330022260901371,0.6593589303841871,2.915241339003337e-06,6,4,0.17320508075688773,2500,OLS_debias_iid,iid,False,5
2,4,4001,22,220001,True,271,False,100,0.7503231746749874,1.8698542760685086,0.5629123669412401,0.5213904888584634,1.2201287512735384,0.9707330874933233,0.6889910649503261,1.4658551176907623e-06,6,4,0.17320508075688773,2500,OLS_debias_iid,iid,False,5
2,4,4001,10,100001,True,235,False,100,0.9712551925535012,2.10123178595677,0.14204974244930596,0.1083794138661794,0.2774197328499532,0.7811745945774782,0.6269473190726642,1.445053539645539e-06,6,4,0.17320508075688773,2500,OLS_debias_iid,iid,False,5
2,3,3001,16,160001,True,253,False,100,0.46422278020058355,2.5111637618392706,0.17067702182495503,0.1399453243873269,0.2436202419301048,0.28202673555723595,0.9631759654255277,5.213533909472376e-06,6,4,0.17320508075688773,2500,OLS_debias_iid,iid,False,5
2,5,5001,8,80001,True,243,False,100,0.5664694797154943,1.6567597817629576,0.33444839695826983,0.24455370316455669,0.760721923240772,0.41977929638919953,0.9113922347994596,5.630971313640756e-06,6,4,0.17320508075688773,2500,OLS_debias_iid,iid,False,5
2,4,4001,28,280001,True,268,False,100,0.9355996664555999,1.8182448018342257,0.4280530263870285,0.34515475679133356,1.3392002134019272,0.7021998900382823,0.8214504973711988,3.552262630157407e-06,6,4,0.17320508075688773,2500,OLS_debias_iid,iid,False,5
2,4,4001,20,200001,True,275,False,100,0.8072554306744245,1.9545490671880543,0.3521290385970982,0.2614257909503837,0.8852386771527884,0.5128258547272747,0.8650935927015138,2.9468596751153782e-06,6,4,0.17320508075688773,2500,OLS_debias_iid,iid,False,5
2,4,4001,4,40001,True,269,False,100,0.6258509706662111,2.2686270936392248,0.3088272808286802,0.25752817453664173,0.5798785004836001,0.6762003578689844,0.7822417851344121,1.3363490375367704e-06,6,4,0.17320508075688773,2500,OLS_debias_iid,iid,False,5
2,5,5001,4,40001,True,257,False,100,0.6258509706662111,1.7990372329950333,0.4611666145217725,0.4079348229014923,0.8191070299137668,0.9584776758555736,0.6548099548044288,1.5462465428103227e-06,6,4,0.17320508075688773,2500,OLS_debias_iid,iid,False,5
2,4,4001,11,110001,True,284,False,100,0.7761811778727253,2.201840710826218,0.24271759552994662,0.20709964976786369,0.34435056968139227,0.45529633931884816,0.9064652276958254,2.4101236257972453e-06,6,4,0.17320508075688773,2500,OLS_debias_iid,iid,False,5
2,5,5001,1,10001,True,256,False,100,0.4615715527439141,1.877945106010884,0.11144721617891105,0.08990108809844254,0.17910527417884786,0.21729508646077966,0.9781108494621068,4.56579628160981e-06,6,4,0.17320508075688773,2500,OLS_debias_iid,iid,False,5
2,5,5001,2,20001,True,253,False,100,0.8208510141529081,1.8829451599158347,0.388145385015263,0.29893829667631294,0.9821556510628973,0.5094378087169577,0.8636060910440129,5.27839133943579e-06,6,4,0.17320508075688773,2500,OLS_debias_iid,iid,False,5
2,4,4001,5,50001,True,267,False,100,0.914760637550691,2.322964027058333,0.4049551492959172,0.3275017320405495,0.8349104295508933,0.7377859612541545,0.7783593145539908,1.334383717486686e-06,6,4,0.17320508075688773,2500,OLS_debias_iid,iid,False,5
2,4,4001,24,240001,True,292,False,100,0.90666550507506,1.9998694071546197,0.2029303191738237,0.17184865457743728,0.30730617435796254,0.7248943467982261,0.7149637055239544,9.907100691860932e-07,6,4,0.17320508075688773,2500,OLS_debias_iid,iid,False,5
2,3,3001,25,250001,True,255,False,100,0.8162301434962846,2.5185245890170336,0.43810305562156926,0.35197001564265334,0.8064128145165113,0.7383162707381775,0.7551001577528569,2.6058086422744576e-06,6,4,0.17320508075688773,2500,OLS_debias_iid,iid,False,5
2,3,3001,21,210001,True,269,False,100,0.8161923022139428,2.6314792539924383,0.34222792364035726,0.29848820269154164,0.4866254611643571,0.6026223735222997,0.8633882460662832,2.2131037490480217e-06,6,4,0.17320508075688773,2500,OLS_debias_iid,iid,False,5
1,7,7001,3,30001,True,393,False,100,0.668082389962673,6.761441424954683,0.44190929402395096,0.3703427309541992,1.065684016738702,0.6552288002954668,0.734369420260921,2.930484146391531e-06,6,4,0.17320508075688773,2500,OLS_debias_iid,iid,False,5
2,4,4001,23,230001,True,251,False,100,0.9544128946014986,2.1182014420628548,0.3660287642675992,0.2825800626027117,0.7633956850158781,0.9914670844699193,0.5343981164439574,1.4734640675180322e-06,6,4,0.17320508075688773,2500,OLS_debias_iid,iid,False,5
2,2,2001,10,100001,True,287,False,100,0.9712551925535012,3.4715391397476196,0.4035024321944961,0.3196493659727384,0.8949211242206312,0.8546587580046026,0.6761669326474737,8.891559569709237e-07,6,4,0.17320508075688773,2500,OLS_debias_iid,iid,False,5
2,5,5001,14,140001,True,282,False,100,0.7793784522086575,1.8038517478853464,0.4156349764299473,0.3189856923366477,1.1172410274046503,0.6758648587822524,0.7698530754222681,2.24972252716565e-06,6,4,0.17320508075688773,2500,OLS_debias_iid,iid,False,5
2,5,5001,25,250001,True,256,False,100,0.8162301434962846,1.63587636500597,0.3909807775449032,0.3352171037703404,0.6948035169969194,0.6331302786584587,0.8483584805101397,2.5472237761232338e-06,6,4,0.17320508075688773,2500,OLS_debias_iid,iid,False,5
2,5,5001,19,190001,True,261,False,100,0.689469930631366,1.7704961709678173,0.21063220625138832,0.16062108029607905,0.43407801837787435,0.387201937728148,0.9277591239553703,3.010518907452383e-06,6,4,0.17320508075688773,2500,OLS_debias_iid,iid,False,5
2,4,4001,16,160001,True,256,False,100,0.46422278020058355,2.32533450005576,0.49290985460305536,0.42908265066057066,0.8964764424748474,0.916349433378562,0.6923071655147666,6.6648538974977634e-06,6,4,0.17320508075688773,2500,OLS_debias_iid,iid,False,5
2,5,5001,3,30001,True,281,False,100,0.668082389962673,2.093764311168343,0.289701569265025,0.22011555870886576,0.5944848449024148,0.7686624244110513,0.6953223782501894,1.2285824940856636e-06,6,4,0.17320508075688773,2500,OLS_debias_iid,iid,False,5
2,5,5001,28,280001,True,253,False,100,0.9355996664555999,1.7157044210471213,0.5037838543822603,0.4478167150128359,0.9318168880618491,0.8839436659634121,0.7145308689609,3.4219524313629205e-06,6,4,0.17320508075688773,2500,OLS_debias_iid,iid,False,5
2,6,6001,2,20001,True,251,False,100,0.8208510141529081,1.7087772218510509,0.43796665485777997,0.379529622489928,0.9092870815107921,0.6736001358584924,0.8177507068381761,4.466292519644401e-06,6,4,0.17320508075688773,2500,OLS_debias_iid,iid,False,5
2,2,2001,28,280001,True,258,False,100,0.9355996664555999,3.3250888977199793,0.3712342937838041,0.3020925441445573,0.7490798829980644,0.6413864920254155,0.8376677043513865,2.828645834145098e-06,6,4,0.17320508075688773,2500,OLS_debias_iid,iid,False,5
2,5,5001,9,90001,True,265,False,100,0.865215746072306,2.1006561000831425,0.37333527610564265,0.33187282131027446,0.7326381101836282,0.5715118803831424,0.8753707533676468,2.1880024019218977e-06,6,4,0.17320508075688773,2500,OLS_debias_iid,iid,False,5
2,5,5001,22,220001,True,267,False,100,0.7503231746749874,1.8485051807947457,0.37790046698092167,0.348613249338567,0.559229366724053,0.7759436296922387,0.7300849381690875,1.8546110017176647e-06,6,4,0.17320508075688773,2500,OLS_debias_iid,iid,False,5
2,6,6001,16,160001,True,256,False,100,0.46422278020058355,1.4433317403309047,0.22968894114953534,0.18313561301052902,0.44958955016378144,0.3384536239811061,0.9475038265856128,5.883194376176214e-06,6,4,0.17320508075688773,2500,OLS_debias_iid,iid,False,5
2,6,6001,9,90001,True,256,False,100,0.865215746072306,1.6178291561082006,0.32146909572018456,0.2678771351927668,0.5302494084892716,0.7239542259001319,0.7390697253507406,2.5693994514734712e-06,6,4,0.17320508075688773,2500,OLS_debias_iid,iid,False,5
2,6,6001,3,30001,True,272,False,100,0.668082389962673,1.7660349737852812,0.22667549196798495,0.18379966731419373,0.4224500372657474,0.6487641026057289,0.7965378359235664,1.1678258542162732e-06,6,4,0.17320508075688773,2500,OLS_debias_iid,iid,False,5
2,2,2001,21,210001,True,280,False,100,0.8161923022139428,3.561274453997612,0.2185226914226702,0.17988676927614575,0.3584466147029986,0.47428563216811315,0.8925937264977094,2.0639394436709224e-06,6,4,0.17320508075688773,2500,OLS_debias_iid,iid,False,5
2,4,4001,27,270001,True,263,False,100,0.8275716930265039,2.3753460636362433,0.21567597029680655,0.17970989812685442,0.3252346526086542,0.39247252739257327,0.9324448837952262,3.0391853521643315e-06,6,4,0.17320508075688773,2500,OLS_debias_iid,iid,False,5
2,5,5001,18,180001,True,253,False,100,0.519511151705018,2.0807668161578476,0.5207721565494929,0.46939275484202964,0.8131186717622493,0.798880234647861,0.789731763244663,7.263711507076999e-06,6,4,0.17320508075688773,2500,OLS_debias_iid,iid,False,5
2,5,5001,16,160001,True,253,False,100,0.46422278020058355,2.1055304552428424,0.3396434700392079,0.2680014334308994,0.5809091761510624,0.50632558021952,0.8790244383381409,6.087207063354316e-06,6,4,0.17320508075688773,2500,OLS_debias_iid,iid,False,5
2,2,2001,27,270001,True,255,False,100,0.8275716930265039,3.5203145830892026,0.36487191422073345,0.3067843583149135,0.6336576757119292,0.5384713576298985,0.8774972480685514,3.6304336823294785e-06,6,4,0.17320508075688773,2500,OLS_debias_iid,iid,False,5
2,6,6001,5,50001,True,276,False,100,0.914760637550691,1.8633161531761289,0.2908333268718219,0.24691693629493824,0.45359052315707143,0.653888394145399,0.8089674035731955,1.1474039381572403e-06,6,4,0.17320508075688773,2500,OLS_debias_iid,iid,False,5
2,5,5001,20,200001,True,266,False,100,0.8072554306744245,2.088502438738942,0.24893382256408972,0.19526618129502615,0.5201867045099351,0.44990239270640764,0.9166414933571301,2.95850376224832e-06,6,4,0.17320508075688773,2500,OLS_debias_iid,iid,False,5
2,5,5001,13,130001,True,256,False,100,0.9097177793642689,2.2244157562963665,0.5361462805662596,0.4796802895154922,1.0972459187249264,1.0028379350788144,0.6103352146164738,3.6874788914106628e-06,6,4,0.17320508075688773,2500,OLS_debias_iid,iid,False,5
2,5,5001,12,120001,True,246,False,100,0.5596306103517705,2.242647052742541,0.38246047746698963,0.29366239498429053,0.7224687613117767,0.5461680346015055,0.8627676546437316,4.367649358625342e-06,6,4,0.17320508075688773,2500,OLS_debias_iid,iid,False,5
2,3,3001,28,280001,True,262,False,100,0.9355996664555999,3.0105649647302926,0.38627694214598846,0.29699054328805047,0.7450637353596101,0.6142631180771706,0.8436536167621294,3.7582233967254465e-06,6,4,0.17320508075688773,2500,OLS_debias_iid,iid,False,5
2,4,4001,6,60001,True,238,False,100,0.9614930683716931,2.8845856161788106,0.27058924252683725,0.22058875339547168,0.5155561734382559,0.7904314991797217,0.6045884805770885,1.5248957116498382e-06,6,4,0.17320508075688773,2500,OLS_debias_iid,iid,False,5
2,4,4001,21,210001,True,263,False,100,0.8161923022139428,2.6482589007355273,0.43312041697753567,0.3646594840979558,0.8624595618783919,0.7501659312987583,0.7523301238780558,2.857718819156397e-06,6,4,0.17320508075688773,2500,OLS_debias_iid,iid,False,5
2,5,5001,6,60001,True,228,False,100,0.9614930683716931,2.4592525619082153,0.44688206230556693,0.38529918607410724,0.941963063437975,0.9166602084200941,0.5662344398343635,1.7968313717867779e-06,6,4,0.17320508075688773,2500,OLS_debias_iid,iid,False,5
2,6,6001,10,100001,True,281,False,100,0.9712551925535012,1.95440868800506,0.3683556846897445,0.27296892839855497,0.7177469041922921,0.736794501786309,0.7458863902338668,7.480840288484568e-07,6,4,0.17320508075688773,2500,OLS_debias_iid,iid,False,5
2,5,5001,26,260001,True,231,False,100,0.6427968597534178,2.1923121511936188,0.4929936823961234,0.43141660278773736,0.8766949798428577,1.0110193924505855,0.5346488260468328,2.353050826251274e-06,6,4,0.17320508075688773,2500,OLS_debias_iid,iid,False,5
2,3,3001,9,90001,True,263,False,100,0.865215746072306,3.6015508701093495,0.20757684301229307,0.16875010343591004,0.36349345182925785,0.40989895736483367,0.9226992019197942,1.928180475003736e-06,6,4,0.17320508075688773,2500,OLS_debias_iid,iid,False,5
2,5,5001,24,240001,True,284,False,100,0.90666550507506,2.340195970144123,0.44511645554508267,0.3556322998018638,0.8647076283203947,1.0180284341910717,0.5105758804696183,1.0731048544763933e-06,6,4,0.17320508075688773,2500,OLS_debias_iid,iid,False,5
2,7,7001,16,160001,True,245,False,100,0.46422278020058355,1.461509756743908,0.0989482523348853,0.08390560886500253,0.1645267171950848,0.1986098525371372,0.9822088462929064,4.9366988363239665e-06,6,4,0.17320508075688773,2500,OLS_debias_iid,iid,False,5
2,6,6001,23,230001,True,287,False,100,0.9544128946014986,1.8723890869878232,0.41846935699633225,0.3210869435577763,0.7885374098776665,0.9305148808327135,0.6845110651909508,1.394496038873254e-06,6,4,0.17320508075688773,2500,OLS_debias_iid,iid,False,5
2,6,6001,18,180001,True,252,False,100,0.519511151705018,1.9698218060657382,0.11919741999274928,0.10683691938131479,0.17341396653109575,0.2372111075738916,0.9748773326888398,4.502803700633585e-06,6,4,0.17320508075688773,2500,OLS_debias_iid,iid,False,5
2,4,4001,0,1,True,244,False,100,0.5861608964887225,3.3285399740561843,0.3887915613329869,0.3034517193596523,0.7137067951729558,0.5997386195248215,0.8208794942531079,5.315023329400447e-06,6,4,0.17320508075688773,2500,OLS_debias_iid,iid,False,5
2,6,6001,25,250001,True,261,False,100,0.8162301434962846,1.8268852992914617,0.2600872050241635,0.1960498416681021,0.4644255646155072,0.49058663152068616,0.8809639471264212,1.7931703446727253e-06,6,4,0.17320508075688773,2500,OLS_debias_iid,iid,False,5
2,7,7001,12,120001,True,260,False,100,0.5596306103517705,1.6320243128575385,0.3817635538343216,0.2956394576841836,0.935727418139579,0.5317188213278679,0.8791961479550543,4.75812317017707e-06,6,4,0.17320508075688773,2500,OLS_debias_iid,iid,False,5
2,6,6001,26,260001,True,278,False,100,0.6427968597534178,1.8646727241575718,0.438647242444014,0.3757249469089081,0.8522526524166841,0.8939284126452676,0.6653239704250784,1.44118405082442e-06,6,4,0.17320508075688773,2500,OLS_debias_iid,iid,False,5
2,6,6001,8,80001,True,259,False,100,0.5664694797154943,2.2792127658613026,0.3344125629735271,0.28019028913126104,0.5697154199551011,0.46257692615423995,0.9058111379311754,5.784337677264767e-06,6,4,0.17320508075688773,2500,OLS_debias_iid,iid,False,5
2,4,4001,29,290001,True,250,False,100,0.6433405100495158,2.914676324930042,0.40231261195931756,0.2985565577252613,1.0573299970127032,0.6246134275285476,0.8438529387801654,3.070724534828163e-06,6,4,0.17320508075688773,2500,OLS_debias_iid,iid,False,5
2,5,5001,23,230001,True,276,False,100,0.9544128946014986,2.512847511097789,0.4210567234803251,0.3665425786409468,0.7393174948535113,0.9211550583096715,0.6695901276198573,1.2657308867381145e-06,6,4,0.17320508075688773,2500,OLS_debias_iid,iid,False,5
2,6,6001,28,280001,True,260,False,100,0.9355996664555999,1.9088924298994243,0.3904033091634209,0.2794029432659369,1.155778275410211,0.5021171834717261,0.8505495416023251,3.526584575529165e-06,6,4,0.17320508075688773,2500,OLS_debias_iid,iid,False,5
2,5,5001,11,110001,True,261,False,100,0.7761811778727253,2.747857894282788,0.22537800292541538,0.15644981376247355,0.4414642220210598,0.3837650932267395,0.9245838487159342,2.0677578849259472e-06,6,4,0.17320508075688773,2500,OLS_debias_iid,iid,False,5
2,5,5001,10,100001,True,280,False,100,0.9712551925535012,2.808561291079968,0.24111491002052937,0.19737710854298196,0.4233800559430322,0.7559407625229281,0.7080041390414632,8.807981855445172e-07,6,4,0.17320508075688773,2500,OLS_debias_iid,iid,False,5
2,6,6001,24,240001,True,242,False,100,0.90666550507506,2.0670452658087015,0.38885417262945726,0.3247032685265134,0.7362116467774629,0.8971704180786364,0.6475936962827553,1.9604451578554975e-06,6,4,0.17320508075688773,2500,OLS_debias_iid,iid,False,5
2,7,7001,19,190001,True,257,False,100,0.689469930631366,1.7191247860901058,0.489384772829829,0.4126144141483077,1.1833655647391543,0.717740939590101,0.7909451012973729,4.9037123976900965e-06,6,4,0.17320508075688773,2500,OLS_debias_iid,iid,False,5
2,7,7001,1,10001,True,243,False,100,0.4615715527439141,2.0305092628113925,0.44447690324889216,0.3595226315747119,0.7903152462507838,0.6913056686224195,0.8328851529553793,6.34181588927879e-06,6,4,0.17320508075688773,2500,OLS_debias_iid,iid,False,5
2,7,7001,10,100001,True,280,False,100,0.9712551925535012,1.9100223216228187,0.4245599514722694,0.3774595092898716,0.5281384035519032,1.4421424152737514,0.696808410388227,9.869016184358687e-07,6,4,0.17320508075688773,2500,OLS_debias_iid,iid,False,5
2,6,6001,15,150001,True,260,False,100,0.7280636685857087,2.3585932459682226,0.33487076238516633,0.23434113305217796,0.8621610470466504,0.5368221124467076,0.8602637905045083,2.900845828256314e-06,6,4,0.17320508075688773,2500,OLS_debias_iid,iid,False,5
2,6,6001,1,10001,True,251,False,100,0.4615715527439141,2.7033594991080463,0.4378753648297816,0.3673823234862972,1.0080951715897335,0.6752753826784005,0.8007331695679771,6.83982059802227e-06,6,4,0.17320508075688773,2500,OLS_debias_iid,iid,False,5
2,7,7001,21,210001,True,267,False,100,0.8161923022139428,1.7785361832939088,0.3704751746257041,0.29901665188678733,0.6686078032629794,0.6055383995062323,0.8207662000627571,2.4551820114389866e-06,6,4,0.17320508075688773,2500,OLS_debias_iid,iid,False,5
2,7,7001,27,270001,True,259,False,100,0.8275716930265039,1.6876481156796217,0.4871822070342242,0.4561830396086252,0.7623858999805168,0.8619377879213911,0.7490598750640375,4.16818392336467e-06,6,4,0.17320508075688773,2500,OLS_debias_iid,iid,False,5
2,7,7001,9,90001,True,259,False,100,0.865215746072306,2.0571914673782885,0.4966185911604733,0.42174181869329086,0.8012282156116391,1.0099656122899552,0.5398864828816655,2.9270316220206306e-06,6,4,0.17320508075688773,2500,OLS_debias_iid,iid,False,5
2,8,8001,4,40001,True,264,False,100,0.6258509706662111,1.6435366780497134,0.29890366580726024,0.2559046905501012,0.46886682324664625,0.6654668922465853,0.796708649918421,1.4055351080152223e-06,6,4,0.17320508075688773,2500,OLS_debias_iid,iid,False,5
2,6,6001,0,1,True,275,False,100,0.5861608964887225,2.768836969975382,0.27953869905779904,0.24424619903022207,0.40828271115231196,0.46905547007250725,0.9084924554562561,4.433468004221214e-06,6,4,0.17320508075688773,2500,OLS_debias_iid,iid,False,5
2,6,6001,29,290001,True,253,False,100,0.6433405100495158,2.19395585777238,0.34273604904727084,0.2672070519073713,0.7456347302683831,0.5264140849234782,0.8758415051002132,2.9397074172809715e-06,6,4,0.17320508075688773,2500,OLS_debias_iid,iid,False,5
1,9,9001,25,250001,True,260,False,100,0.8162301434962846,6.297981139738113,0.33606734868042937,0.31594053525087895,0.48608299064942023,0.8116111874481193,0.7241793862450414,6.051647866673595e-06,6,4,0.17320508075688773,2500,OLS_debias_iid,iid,False,5
2,7,7001,28,280001,True,269,False,100,0.9355996664555999,1.797170467209071,0.2090751098201486,0.16346498138792478,0.34498494023264814,0.4258701163644393,0.9135916090536493,2.541563769276819e-06,6,4,0.17320508075688773,2500,OLS_debias_iid,iid,False,5
2,8,8001,10,100001,True,216,False,100,0.9712551925535012,1.602999784052372,0.26189854279478275,0.21689091895081222,0.3559073667545382,1.0334498089170459,0.4742105310838097,1.999385791892083e-06,6,4,0.17320508075688773,2500,OLS_debias_iid,iid,False,5
2,8,8001,3,30001,True,273,False,100,0.668082389962673,1.7506515551358461,0.27056080057887694,0.23171770191805607,0.39784842530297815,0.6732984171741103,0.7798319423967093,1.1408002884430807e-06,6,4,0.17320508075688773,2500,OLS_debias_iid,iid,False,5
2,4,4001,25,250001,True,259,False,100,0.8162301434962846,3.4151638206094503,0.3694401480039274,0.2803875197944305,0.8331400034663069,0.582194208499222,0.8468683398483839,2.081304221950601e-06,6,4,0.17320508075688773,2500,OLS_debias_iid,iid,False,5
2,6,6001,27,270001,True,261,False,100,0.8275716930265039,2.3852520817890763,0.1860228975396661,0.1473534688251776,0.32929413489615095,0.3543204209468851,0.9461141755905343,3.3624743625586957e-06,6,4,0.17320508075688773,2500,OLS_debias_iid,iid,False,5
2,7,7001,6,60001,True,204,False,100,0.9614930683716931,2.245558772236109,0.3723654003707117,0.316187916869583,0.7018756013665968,0.9250204822735723,0.6622380403088783,1.8176672030838003e-06,6,4,0.17320508075688773,2500,OLS_debias_iid,iid,False,5
2,5,5001,29,290001,True,257,False,100,0.6433405100495158,2.943331576883793,0.45570551056874803,0.3966283019434123,0.7367794233985271,0.6856792310895047,0.8271861569264067,3.0198281859307155e-06,6,4,0.17320508075688773,2500,OLS_debias_iid,iid,False,5
2,6,6001,4,40001,True,266,False,100,0.6258509706662111,2.88258275995031,0.28869904742374686,0.2195362414780887,0.5032225358986089,0.6189216366904041,0.8023665361702772,1.4444207228985729e-06,6,4,0.17320508075688773,2500,OLS_debias_iid,iid,False,5
2,8,8001,9,90001,True,256,False,100,0.865215746072306,1.718995027244091,0.3682217988423473,0.2802788716602319,0.7252702225167272,0.6091874447650774,0.837375469439817,2.06942259574875e-06,6,4,0.17320508075688773,2500,OLS_debias_iid,iid,False,5
2,7,7001,22,220001,True,272,False,100,0.7503231746749874,2.0471079610288143,0.28628020085006045,0.2253963999347599,0.5926670157240489,0.6551640296112005,0.7858054194434537,1.3166255427579494e-06,6,4,0.17320508075688773,2500,OLS_debias_iid,iid,False,5
2,7,7001,15,150001,True,261,False,100,0.7280636685857087,2.180424578022212,0.3541922496631325,0.2894637686055633,0.6331338134596834,0.5909827974741743,0.8571589394065096,1.8969209830967517e-06,6,4,0.17320508075688773,2500,OLS_debias_iid,iid,False,5
2,5,5001,7,70001,True,260,False,100,0.5434067832531532,3.3723979932256043,0.3032272795476326,0.23975878808905482,0.511296574364225,0.48733272872487055,0.9016164028889643,2.766402666632233e-06,6,4,0.17320508075688773,2500,OLS_debias_iid,iid,False,5
2,7,7001,0,1,True,261,False,100,0.5861608964887225,2.419209443964064,0.306594221548941,0.23030189785421454,0.712165542631199,0.40180157832099067,0.9226768712597706,4.496305634596733e-06,6,4,0.17320508075688773,2500,OLS_debias_iid,iid,False,5
2,7,7001,4,40001,True,269,False,100,0.6258509706662111,2.386191694997251,0.2917463578141246,0.23295099999096788,0.5388059586404422,0.6516704507922206,0.7961014539627698,1.383335726103108e-06,6,4,0.17320508075688773,2500,OLS_debias_iid,iid,False,5
2,8,8001,13,130001,True,257,False,100,0.9097177793642689,1.7256137686781585,0.28235377847896703,0.21553447799822192,0.5489005443006775,0.4680011305841151,0.8898083372998835,2.1261837327150063e-06,6,4,0.17320508075688773,2500,OLS_debias_iid,iid,False,5
2,8,8001,5,50001,True,291,False,100,0.914760637550691,1.921958465129137,0.5094058831520841,0.45331955100458776,0.9864597738994619,1.0653826914951496,0.4884850130282838,1.818745813577629e-06,6,4,0.17320508075688773,2500,OLS_debias_iid,iid,False,5
2,9,9001,2,20001,True,267,False,100,0.8208510141529081,1.4024728988297284,0.25413078572520204,0.19857340786654967,0.46699439013033817,0.44735942874681905,0.9001156129204273,3.886579360016422e-06,6,4,0.17320508075688773,2500,OLS_debias_iid,iid,False,5
2,7,7001,13,130001,True,268,False,100,0.9097177793642689,2.334492651745677,0.26090743905062597,0.20106618543738683,0.5406561174557674,0.5471323538800018,0.8488039913087153,2.6777350017060875e-06,6,4,0.17320508075688773,2500,OLS_debias_iid,iid,False,5
2,8,8001,17,170001,True,243,False,100,0.5074674528394583,1.7272130069322884,0.31982303390544686,0.23328616465547303,0.6981286034387856,0.4128998512992598,0.9076215437151443,5.7859440549681035e-06,6,4,0.17320508075688773,2500,OLS_debias_iid,iid,False,5
3,0,1,2,20001,True,134,False,100,0.21283959308273342,0.7467226670123637,0.4866569269857224,0.44459129830205085,0.7997473481024949,1.0149356861212306,0.6756990319666638,0.008197046837192445,6,4,0.17320508075688773,2500,OLS_debias_iid,iid,False,5
2,6,6001,14,140001,True,265,False,100,0.7793784522086575,2.874911376275122,0.3593592746394327,0.27854332775515467,0.6974784886671601,0.6572790296281042,0.8066467726435564,1.5813153883159743e-06,6,4,0.17320508075688773,2500,OLS_debias_iid,iid,False,5
2,7,7001,2,20001,True,246,False,100,0.8208510141529081,2.528459566179663,0.06435141143300169,0.057596422209417686,0.10295480963718716,0.20027390701813283,0.9793697872280496,3.424466661676056e-06,6,4,0.17320508075688773,2500,OLS_debias_iid,iid,False,5
2,8,8001,0,1,True,256,False,100,0.5861608964887225,2.0964324614033103,0.2522747011163758,0.18953257415956204,0.5748009418636725,0.35035961429287416,0.945642907490679,4.914817422833151e-06,6,4,0.17320508075688773,2500,OLS_debias_iid,iid,False,5
3,0,1,1,10001,True,140,False,100,0.4615715527439141,0.8231339789927006,0.028542122395281894,0.025436961724251497,0.05356726886736831,0.1512330837985566,0.9887147580967373,0.008086184574464689,6,4,0.17320508075688773,2500,OLS_debias_iid,iid,False,5
2,7,7001,25,250001,True,260,False,100,0.8162301434962846,2.1684158858843148,0.3499388017285983,0.294074468524869,0.6059559317189198,0.53097363259537,0.8724909456719654,2.3661965360354225e-06,6,4,0.17320508075688773,2500,OLS_debias_iid,iid,False,5
2,7,7001,26,260001,True,268,False,100,0.6427968597534178,2.147773265838623,0.1773668783168807,0.14355979906864605,0.28932214992846045,0.7018943159078792,0.741589392558096,1.1782178484552245e-06,6,4,0.17320508075688773,2500,OLS_debias_iid,iid,False,5
3,0,1,3,30001,True,210,False,100,0.4996665997576246,0.785600493196398,0.04086083764986157,0.037240533934073734,0.062299495523390536,0.18727929363860127,0.9824304360595364,0.0084458689484488,6,4,0.17320508075688773,2500,OLS_debias_iid,iid,False,5
3,0,1,4,40001,True,133,False,100,0.44853827605602226,0.7616134788841009,0.4046297375518895,0.3143453323290739,0.7496778172115767,0.727874887334913,0.7981530811448335,0.007849876069867333,6,4,0.17320508075688773,2500,OLS_debias_iid,iid,False,5
2,6,6001,20,200001,True,272,False,100,0.8072554306744245,2.7676478191278875,0.3263917342789563,0.27835387865461725,0.4671420306055245,0.6474673448768742,0.8121670384376108,3.002917773252551e-06,6,4,0.17320508075688773,2500,OLS_debias_iid,iid,False,5
2,7,7001,5,50001,True,278,False,100,0.914760637550691,2.536540227010846,0.29666144777476416,0.25541403810392277,0.4388166302336539,0.6015622048281434,0.8176756392602963,1.2814261406743414e-06,6,4,0.17320508075688773,2500,OLS_debias_iid,iid,False,5
2,8,8001,21,210001,True,262,False,100,0.8161923022139428,1.772199179045856,0.5165092397517496,0.4543656791308184,1.164025221827702,0.8187457356733598,0.7818900859494633,2.6488755898992847e-06,6,4,0.17320508075688773,2500,OLS_debias_iid,iid,False,5
2,6,6001,6,60001,True,231,False,100,0.9614930683716931,3.117906941100955,0.4063939469538543,0.31675978776911196,0.7512379166125757,1.0400296824041357,0.4528035714198347,1.3333935732380973e-06,6,4,0.17320508075688773,2500,OLS_debias_iid,iid,False,5
2,8,8001,14,140001,True,270,False,100,0.7793784522086575,1.9122482063248754,0.30459910162065473,0.22741855849870485,0.6052939643511361,0.6255087351410433,0.8223896980111824,1.4330223975509044e-06,6,4,0.17320508075688773,2500,OLS_debias_iid,iid,False,5
2,7,7001,24,240001,True,287,False,100,0.90666550507506,2.2842622296884656,0.4266043328488124,0.342131404805384,1.1995404710729387,1.1795266441942416,0.521972349101162,1.2312194505177082e-06,6,4,0.17320508075688773,2500,OLS_debias_iid,iid,False,5
2,8,8001,20,200001,True,257,False,100,0.8072554306744245,1.8131243786774576,0.33897091362467385,0.2635490170649942,0.7200500779069633,0.57991306127496,0.8523510580950843,3.0803392685324366e-06,6,4,0.17320508075688773,2500,OLS_debias_iid,iid,False,5
2,6,6001,12,120001,True,246,False,100,0.5596306103517705,3.0384559421800077,0.5128529427689494,0.4586318805864327,1.1818752693184904,0.8578759343050572,0.7816212755106303,6.213703386448347e-06,6,4,0.17320508075688773,2500,OLS_debias_iid,iid,False,5
2,7,7001,17,170001,True,258,False,100,0.5074674528394583,2.4144279090687633,0.1466302821566041,0.11061232643703138,0.3113343938114205,0.23704622268869494,0.9732060110843316,4.807163982345939e-06,6,4,0.17320508075688773,2500,OLS_debias_iid,iid,False,5
2,9,9001,1,10001,True,254,False,100,0.4615715527439141,1.621120982337743,0.3561600055810828,0.27366402017242236,0.7829395464134933,0.46327117910030186,0.898224227145705,4.961348340807855e-06,6,4,0.17320508075688773,2500,OLS_debias_iid,iid,False,5
2,8,8001,28,280001,True,266,False,100,0.9355996664555999,1.708767430856824,0.3946720805977429,0.3009148527294088,1.102125187167555,0.5259642939927551,0.8487612621619516,3.574091059031861e-06,6,4,0.17320508075688773,2500,OLS_debias_iid,iid,False,5
2,8,8001,29,290001,True,253,False,100,0.6433405100495158,1.6974591952748597,0.14106962938754694,0.10940552433900252,0.23720087780179247,0.2939370427990026,0.9572137372271976,2.4154637978517834e-06,6,4,0.17320508075688773,2500,OLS_debias_iid,iid,False,5
2,7,7001,23,230001,True,271,False,100,0.9544128946014986,2.3910241201519966,0.3155165688557713,0.251500462980522,0.6524287511406052,0.6924730211461303,0.7674705012380977,1.2299679775081425e-06,6,4,0.17320508075688773,2500,OLS_debias_iid,iid,False,5
2,8,8001,8,80001,True,242,False,100,0.5664694797154943,2.099994644988328,0.48142810545829234,0.3951285727269702,1.0327980915116406,0.7703237442812927,0.7995371785906945,6.825964323175544e-06,6,4,0.17320508075688773,2500,OLS_debias_iid,iid,False,5
2,9,9001,8,80001,True,247,False,100,0.5664694797154943,1.5812092339619994,0.3817034219311488,0.2987356080855749,0.7397643054512335,0.5087444798504677,0.8864495744007048,6.424865095620266e-06,6,4,0.17320508075688773,2500,OLS_debias_iid,iid,False,5
2,2,2001,20,200001,True,249,False,100,0.8072554306744245,5.100762671791017,0.499337837918029,0.4141776248686397,0.8918641354681791,1.1316638667579817,0.4539041816620244,3.7037521814578464e-06,6,4,0.17320508075688773,2500,OLS_debias_iid,iid,False,5
3,0,1,6,60001,True,148,False,100,0.9614930683716931,0.9295394723303616,0.055327184555088456,0.0485667921897756,0.08947238476165557,0.5535722132379656,0.8013950588210966,0.010028188537993464,6,4,0.17320508075688773,2500,OLS_debias_iid,iid,False,5
2,9,9001,10,100001,True,229,False,100,0.9712551925535012,1.5246435459703207,0.5055315341696328,0.41985557958904635,0.9398653534769902,0.8863864230150081,0.6647220170310584,1.8715980267120693e-06,6,4,0.17320508075688773,2500,OLS_debias_iid,iid,False,5
2,9,9001,13,130001,True,263,False,100,0.9097177793642689,1.4547821758314967,0.4580336718387006,0.38968944588424886,0.8779830501526515,0.8420206863333701,0.7650614718564694,2.266468378946444e-06,6,4,0.17320508075688773,2500,OLS_debias_iid,iid,False,5
2,8,8001,19,190001,True,249,False,100,0.689469930631366,1.951563348993659,0.1566952041246156,0.13298019571159267,0.26093858506950324,0.28449369556776793,0.9614202413311139,2.678160974104283e-06,6,4,0.17320508075688773,2500,OLS_debias_iid,iid,False,5
2,5,5001,21,210001,True,260,False,100,0.8161923022139428,3.483592970762402,0.3607651034383003,0.28377386620553163,0.852623895074131,0.5273748514890211,0.8839666492520621,2.4052313236868002e-06,6,4,0.17320508075688773,2500,OLS_debias_iid,iid,False,5
2,9,9001,7,70001,True,256,False,100,0.5434067832531532,1.6252290620468557,0.3705702427559291,0.3129973379606545,0.6157107767081603,0.6158512890116983,0.8552673835020279,3.3551566575950786e-06,6,4,0.17320508075688773,2500,OLS_debias_iid,iid,False,5
2,5,5001,27,270001,True,264,False,100,0.8275716930265039,3.4294881457462907,0.3874230043632238,0.30857036291054374,0.7476696127530621,0.9994154037375824,0.5025707395339554,3.5040318275220507e-06,6,4,0.17320508075688773,2500,OLS_debias_iid,iid,False,5
2,5,5001,15,150001,True,257,False,100,0.7280636685857087,3.6303128502331674,0.22822051535536067,0.1832367546586321,0.3806826294823062,0.40897333315808365,0.9194151840617406,1.8214540041764379e-06,6,4,0.17320508075688773,2500,OLS_debias_iid,iid,False,5
2,8,8001,27,270001,True,269,False,100,0.8275716930265039,1.8478800058364868,0.26627523926188945,0.21753134291309004,0.4961960774384997,0.4695071295278161,0.9076285685563001,3.4063722433993387e-06,6,4,0.17320508075688773,2500,OLS_debias_iid,iid,False,5
2,6,6001,11,110001,True,265,False,100,0.7761811778727253,3.2244614041410387,0.4781026914435354,0.415665250943299,1.0891880241485232,1.1517856493936514,0.4601237732581134,2.921170948397799e-06,6,4,0.17320508075688773,2500,OLS_debias_iid,iid,False,5
3,0,1,7,70001,True,131,False,100,0.4943052373278208,0.9418304017744958,0.43356060463780666,0.36018588394343726,0.6223500398678719,0.9094069875903985,0.6887946404329247,0.007953556995736584,6,4,0.17320508075688773,2500,OLS_debias_iid,iid,False,5
3,0,1,13,130001,True,131,False,100,0.34246606815959324,0.7774607529863715,0.40339038414270156,0.3203767465864272,0.6747848014670533,0.6942276966685497,0.8010139399587556,0.007711802713524845,6,4,0.17320508075688773,2500,OLS_debias_iid,iid,False,5
2,6,6001,21,210001,True,258,False,100,0.8161923022139428,3.0100277992896736,0.37683389545738305,0.3133961813181821,0.7492786329142672,0.6501330300303423,0.8100129960542877,2.697414827486585e-06,6,4,0.17320508075688773,2500,OLS_debias_iid,iid,False,5
3,0,1,12,120001,True,147,False,100,0.5596306103517705,0.8485102141276002,0.39140045568774345,0.27697443476159483,0.97970285672253,0.6342640647885683,0.827177190941387,0.008102770473692346,6,4,0.17320508075688773,2500,OLS_debias_iid,iid,False,5
2,6,6001,7,70001,True,259,False,100,0.5434067832531532,3.3487089863047004,0.26064577359619784,0.2141129786520447,0.4624081812898672,0.3955531361973609,0.927893920263334,2.5003240850317888e-06,6,4,0.17320508075688773,2500,OLS_debias_iid,iid,False,5
2,7,7001,29,290001,True,255,False,100,0.6433405100495158,2.4418754181824625,0.4189409778785706,0.36100406824653136,0.6493495749885382,0.657052891091531,0.8300644663849792,3.484073261281493e-06,6,4,0.17320508075688773,2500,OLS_debias_iid,iid,False,5
2,4,4001,13,130001,True,274,False,100,0.9097177793642689,4.256925293710083,0.35735874936917195,0.2829234591530438,0.6748068343224841,0.682107840618335,0.7857317280355849,1.8575345493129093e-06,6,4,0.17320508075688773,2500,OLS_debias_iid,iid,False,5
3,0,1,19,190001,True,136,False,100,0.689469930631366,0.7594294850714505,0.3711407121918501,0.25672843200126133,0.9886778965765086,0.6314106286148301,0.8089121503218341,0.008577662691138846,6,4,0.17320508075688773,2500,OLS_debias_iid,iid,False,5
2,4,4001,26,260001,True,277,False,100,0.6427968597534178,4.052938484121114,0.469319461405057,0.38994212584733506,0.8569993876618369,2.2482119712483923,0.6306223731656782,1.0637856048317656e-06,6,4,0.17320508075688773,2500,OLS_debias_iid,iid,False,5
2,8,8001,12,120001,True,251,False,100,0.5596306103517705,2.247004580684006,0.44082256879306786,0.3480799912220845,1.013899621983029,0.6778577192042483,0.8076109119926297,5.86866105054021e-06,6,4,0.17320508075688773,2500,OLS_debias_iid,iid,False,5
2,7,7001,8,80001,True,260,False,100,0.5664694797154943,2.8615051740780473,0.30156257534018643,0.22095419144875308,0.7137752964900491,0.371131644369002,0.9337960937964944,5.433639691590994e-06,6,4,0.17320508075688773,2500,OLS_debias_iid,iid,False,5
3,0,1,14,140001,True,133,False,100,0.5001691599794109,0.8994716312736273,0.2868469190540433,0.1882577006963022,0.6400402254415503,0.4458524395596181,0.8981085898076285,0.008127798335205685,6,4,0.17320508075688773,2500,OLS_debias_iid,iid,False,5
2,6,6001,19,190001,True,253,False,100,0.689469930631366,3.188806234393269,0.3954373301884325,0.3028507422853686,0.9986787089937722,0.5893355673826871,0.8527961233430252,3.196071171818948e-06,6,4,0.17320508075688773,2500,OLS_debias_iid,iid,False,5
2,8,8001,1,10001,True,273,False,100,0.4615715527439141,2.5065951659344137,0.3276930506192926,0.2710588522230038,0.6275901432996572,0.5024411489849594,0.885510077017032,4.888445852375406e-06,6,4,0.17320508075688773,2500,OLS_debias_iid,iid,False,5
3,0,1,23,230001,True,133,False,100,0.6950573280524314,0.7390861818566918,0.38320887297311446,0.2656784670613869,0.8069739108250694,0.6571768960598537,0.8270301028449025,0.0085473310730123,6,4,0.17320508075688773,2500,OLS_debias_iid,iid,False,5
2,9,9001,6,60001,True,277,False,100,0.9614930683716931,1.8558461680077016,0.36994063178025666,0.2944071703753754,0.8272126586742601,0.8804506814264086,0.6426861181954455,8.254774135605309e-07,6,4,0.17320508075688773,2500,OLS_debias_iid,iid,False,5
3,0,1,16,160001,True,157,False,100,0.45085838212351664,0.9093342889100313,0.09821210510830553,0.07203606279077397,0.1721816963362483,0.2092450883431705,0.9801224673995786,0.008429996022574411,6,4,0.17320508075688773,2500,OLS_debias_iid,iid,False,5
2,9,9001,27,270001,True,261,False,100,0.8275716930265039,1.335853195283562,0.1536976158830657,0.1274455144492678,0.25430077873627505,0.31521587251972677,0.9524492020835046,3.013909357917181e-06,6,4,0.17320508075688773,2500,OLS_debias_iid,iid,False,5
3,0,1,25,250001,True,133,False,100,0.38275032457973795,0.7812681249342859,0.3742674392613213,0.29122014359803544,0.6328804069472,0.686607135558628,0.8048191875585652,0.007871892018803762,6,4,0.17320508075688773,2500,OLS_debias_iid,iid,False,5
2,6,6001,17,170001,True,248,False,100,0.5074674528394583,3.3303749598562717,0.06626565214833523,0.05964736705553769,0.10786521887559383,0.1728637518964406,0.9852400411999162,4.769282055896765e-06,6,4,0.17320508075688773,2500,OLS_debias_iid,iid,False,5
2,9,9001,16,160001,True,273,False,100,0.46422278020058355,1.7269694190472364,0.2252584173705053,0.1831337231199405,0.38646989133687343,0.3705950109758812,0.9362361969099198,4.851824950597794e-06,6,4,0.17320508075688773,2500,OLS_debias_iid,iid,False,5
2,9,9001,11,110001,True,265,False,100,0.7761811778727253,1.8554314710199833,0.3021577768813372,0.24221430045916167,0.6212161313593652,0.5098665514910068,0.8932123145120202,2.4348532356511706e-06,6,4,0.17320508075688773,2500,OLS_debias_iid,iid,False,5
3,0,1,5,50001,True,212,False,100,0.914760637550691,1.302495548967272,0.44490866603782936,0.3259576206247679,0.9062572166132559,4.411293935635002,0.6690560499290682,0.009507431066051385,6,4,0.17320508075688773,2500,OLS_debias_iid,iid,False,5
2,9,9001,23,230001,True,256,False,100,0.9544128946014986,1.6058694631792605,0.525759916469322,0.4528661136332233,0.9699758332487789,1.3793278916250136,0.27626963967926627,1.5291927607412094e-06,6,4,0.17320508075688773,2500,OLS_debias_iid,iid,False,5
3,0,1,27,270001,True,136,False,100,0.8275716930265039,0.8153769662603736,0.3269714945164311,0.2034056726944403,0.5872387353157126,0.5472120118535573,0.8561468161391765,0.008351944522167492,6,4,0.17320508075688773,2500,OLS_debias_iid,iid,False,5
3,1,1001,1,10001,True,132,False,100,0.4615715527439141,0.7732059839181602,0.054572858215682876,0.04855079279897065,0.0754619218605943,0.16230183117853167,0.9869912287760364,0.00796984405647843,6,4,0.17320508075688773,2500,OLS_debias_iid,iid,False,5
2,9,9001,18,180001,True,264,False,100,0.519511151705018,1.8046708209440112,0.172364521724911,0.14987777323236665,0.25601069857584724,0.2784743010901609,0.964749181251032,4.081661290281818e-06,6,4,0.17320508075688773,2500,OLS_debias_iid,iid,False,5
2,8,8001,16,160001,True,241,False,100,0.46422278020058355,2.432661395985633,0.506401277598517,0.4568390282681147,0.9290910810275526,0.9496564732275479,0.6941945839361242,8.54136263975062e-06,6,4,0.17320508075688773,2500,OLS_debias_iid,iid,False,5
2,7,7001,3,30001,True,278,False,100,0.668082389962673,3.1836910722777247,0.40577639042206637,0.3457636906530472,0.8005217069296914,1.0028235261787426,0.571451088361743,1.0442195611407822e-06,6,4,0.17320508075688773,2500,OLS_debias_iid,iid,False,5
2,9,9001,19,190001,True,256,False,100,0.689469930631366,1.8639538288116455,0.2760080592747555,0.23728448584333528,0.41040030753743284,0.43806656078787176,0.9177755543839303,3.097201353350042e-06,6,4,0.17320508075688773,2500,OLS_debias_iid,iid,False,5
3,1,1001,16,160001,True,132,False,100,0.45085838212351664,0.6931420876644552,0.3562646050549298,0.2729749425625197,0.6122963054628799,0.6131608343169922,0.8594921821487279,0.008395492093185507,6,4,0.17320508075688773,2500,OLS_debias_iid,iid,False,5
3,1,1001,10,100001,True,131,False,100,0.9712551925535012,0.7407071306370199,0.4152862684422112,0.3080681100455713,0.7887717655150761,1.0240091836333531,0.6519679037619718,0.009605994493358454,6,4,0.17320508075688773,2500,OLS_debias_iid,iid,False,5
3,1,1001,9,90001,True,131,False,100,0.5835877867429022,0.7847653687931597,0.4828220159519737,0.3806006369698049,0.9998301232036758,1.0158320744547955,0.7186668715723354,0.008142637472486324,6,4,0.17320508075688773,2500,OLS_debias_iid,iid,False,5
2,8,8001,23,230001,True,284,False,100,0.9544128946014986,2.4328981428407133,0.3394275168136245,0.27751612736060866,0.7080967736015786,0.705095740884811,0.7412749663202054,1.236569669477911e-06,6,4,0.17320508075688773,2500,OLS_debias_iid,iid,False,5
2,6,6001,13,130001,True,259,False,100,0.9097177793642689,3.6742921387776732,0.26643922449178453,0.22233900523386294,0.45603833681761624,0.46228936691291034,0.9025977793912878,1.7371036335796657e-06,6,4,0.17320508075688773,2500,OLS_debias_iid,iid,False,5
2,9,9001,3,30001,True,275,False,100,0.668082389962673,2.2213728590868413,0.40193844436324383,0.3310867239949128,0.8313982500686098,0.9553147113408206,0.573039782890986,1.2411688324228633e-06,6,4,0.17320508075688773,2500,OLS_debias_iid,iid,False,5
2,9,9001,5,50001,True,272,False,100,0.914760637550691,2.223486793693155,0.44293284960163876,0.3618612648916341,0.7147210343016532,0.8566446104918104,0.7066530599790836,1.151162217711124e-06,6,4,0.17320508075688773,2500,OLS_debias_iid,iid,False,5
3,1,1001,21,210001,True,131,False,100,0.660860856614927,0.7841262640431523,0.34441990567449066,0.23412289026560787,0.7307361426277436,0.5593161989229118,0.8513618436830453,0.007566483695348515,6,4,0.17320508075688773,2500,OLS_debias_iid,iid,False,5
2,9,9001,17,170001,True,266,False,100,0.5074674528394583,2.011174993123859,0.30129270127458174,0.23757753368503085,0.525663817502048,0.4259499749629096,0.9103504270005305,5.170020937231758e-06,6,4,0.17320508075688773,2500,OLS_debias_iid,iid,False,5
2,5,5001,17,170001,True,258,False,100,0.5074674528394583,4.195017917081714,0.40778037631571534,0.34563059221813464,0.7595314548600397,0.5650383234065857,0.8736731595850793,5.8118649053429e-06,6,4,0.17320508075688773,2500,OLS_debias_iid,iid,False,5
2,7,7001,11,110001,True,260,False,100,0.7761811778727253,3.263174430001527,0.33010330079385825,0.2640273865173526,0.6547005959060239,0.6338262945760256,0.8220037624363046,3.013109979610513e-06,6,4,0.17320508075688773,2500,OLS_debias_iid,iid,False,5
2,8,8001,18,180001,True,252,False,100,0.519511151705018,2.623040364589542,0.2931441249219529,0.2280500943172118,0.5693079897522019,0.38911833403085333,0.9311587216542051,5.003073312176519e-06,6,4,0.17320508075688773,2500,OLS_debias_iid,iid,False,5
3,1,1001,27,270001,True,136,False,100,0.8275716930265039,0.8114749537780881,0.4248768840958088,0.32454586557033394,1.015482726635545,0.7160635673638173,0.7836347733121548,0.008880667421697958,6,4,0.17320508075688773,2500,OLS_debias_iid,iid,False,5
2,9,9001,28,280001,True,256,False,100,0.9355996664555999,1.742463855072856,0.5066662106895253,0.44870958927099386,1.0331715960794348,1.065068044390416,0.53592013512248,3.669117988350693e-06,6,4,0.17320508075688773,2500,OLS_debias_iid,iid,False,5
3,0,1,11,110001,True,261,False,100,0.7761811778727253,1.447845946997404,0.048446483927967465,0.035050168274793354,0.1025010554944953,0.21449897230394419,0.9782148614785187,0.008267923152608889,6,4,0.17320508075688773,2500,OLS_debias_iid,iid,False,5
2,8,8001,6,60001,True,234,False,100,0.9614930683716931,2.8791105155833066,0.30974022657978817,0.25738287365029316,0.5669396124516229,1.081401463549386,0.453029032927564,1.338116829133201e-06,6,4,0.17320508075688773,2500,OLS_debias_iid,iid,False,5
3,0,1,10,100001,True,279,False,100,0.9712551925535012,1.545396904926747,0.04108584234060899,0.027187121628480932,0.09316851577268426,0.4069750031628307,0.9032596369411916,0.009438860856718304,6,4,0.17320508075688773,2500,OLS_debias_iid,iid,False,5
2,9,9001,21,210001,True,265,False,100,0.8161923022139428,2.0980426389724016,0.413855744075854,0.33642248276135045,0.7705257438032362,0.7212333710366353,0.7614311332856855,2.4277869844290278e-06,6,4,0.17320508075688773,2500,OLS_debias_iid,iid,False,5
3,2,2001,5,50001,True,136,False,100,0.914760637550691,0.7802569619379938,0.21428739551307155,0.1490023174754269,0.5010226559413569,0.7018789081050464,0.7605661753710443,0.01009661371182515,6,4,0.17320508075688773,2500,OLS_debias_iid,iid,False,5
3,2,2001,10,100001,True,131,False,100,0.9712551925535012,0.7774641732685268,0.41488386770452607,0.3225882598639964,1.0357648856277153,0.8865319662935471,0.7633330313179348,0.009758841061250668,6,4,0.17320508075688773,2500,OLS_debias_iid,iid,False,5
3,1,1001,20,200001,True,183,False,100,0.8072554306744245,0.983796926215291,0.04134222616016237,0.03167414410359289,0.08865368458475066,0.23576200303322667,0.9747543834301563,0.0078108005911794905,6,4,0.17320508075688773,2500,OLS_debias_iid,iid,False,5
2,7,7001,20,200001,True,253,False,100,0.8072554306744245,3.2801436171866953,0.3775852219167616,0.29304145943205767,0.7876082516634769,0.5553749791126044,0.8890529164943695,2.883531884664992e-06,6,4,0.17320508075688773,2500,OLS_debias_iid,iid,False,5
3,2,2001,13,130001,True,131,False,100,0.34246606815959324,0.7851744368672371,0.4262483303243203,0.32889575843977553,1.0125875980065844,0.8310413181919483,0.751829775908374,0.008596675372602239,6,4,0.17320508075688773,2500,OLS_debias_iid,iid,False,5
3,2,2001,12,120001,True,134,False,100,0.5596306103517705,0.796811331063509,0.3875538706808662,0.27010391782085014,0.7880978449793101,0.6623734162155017,0.8109321972740525,0.00767327980865047,6,4,0.17320508075688773,2500,OLS_debias_iid,iid,False,5
2,7,7001,14,140001,True,267,False,100,0.7793784522086575,3.3670984213240445,0.38448399816587503,0.30892192223524045,0.6969809932369948,0.6986773210131428,0.7903605997585559,1.5544282685205021e-06,6,4,0.17320508075688773,2500,OLS_debias_iid,iid,False,5
2,9,9001,20,200001,True,255,False,100,0.8072554306744245,2.223663142416626,0.4652827004673848,0.39643228121934815,1.1937679055880432,0.9487034449009447,0.8092583153812313,3.5901489001800937e-06,6,4,0.17320508075688773,2500,OLS_debias_iid,iid,False,5
2,7,7001,7,70001,True,263,False,100,0.5434067832531532,3.5601526917889714,0.39335005315281424,0.330271078395532,0.7494965446672989,0.7098774326396042,0.828911301177016,3.911444299160196e-06,6,4,0.17320508075688773,2500,OLS_debias_iid,iid,False,5
3,0,1,29,290001,True,132,False,100,0.6433405100495158,1.3541308208368719,0.41055668698212805,0.29268510900578065,0.8830379558465267,0.7044425918108543,0.8084106228066403,0.007907193869503164,6,4,0.17320508075688773,2500,OLS_debias_iid,iid,False,5
2,8,8001,11,110001,True,284,False,100,0.7761811778727253,3.066330978181213,0.4051886802384451,0.3250718218939372,0.949818797808559,0.7615358679609796,0.767789314481496,2.6525303262750753e-06,6,4,0.17320508075688773,2500,OLS_debias_iid,iid,False,5
3,1,1001,14,140001,True,140,False,100,0.5001691599794109,1.2138609047979116,0.3543479803983698,0.2586697262263355,0.7161202757307632,0.6107531921888624,0.8600978179096019,0.007967244269188354,6,4,0.17320508075688773,2500,OLS_debias_iid,iid,False,5
2,9,9001,22,220001,True,268,False,100,0.7503231746749874,2.2874235161580145,0.3802486393127751,0.31114585340832335,0.537072821309145,0.7337972248839597,0.748584449768331,1.2959510070635669e-06,6,4,0.17320508075688773,2500,OLS_debias_iid,iid,False,5
3,1,1001,11,110001,True,202,False,100,0.7761811778727253,1.2556910100392997,0.09481812352418106,0.06505513056326702,0.20162120620109825,0.2818185833434858,0.965790183173931,0.007931343102960418,6,4,0.17320508075688773,2500,OLS_debias_iid,iid,False,5
3,2,2001,6,60001,True,151,False,100,0.9614930683716931,1.0593314436264336,0.21215856117670454,0.15021464607237023,0.41393070121475534,0.7519177831832713,0.6844203577397842,0.00997522198086962,6,4,0.17320508075688773,2500,OLS_debias_iid,iid,False,5
3,3,3001,5,50001,True,136,False,100,0.914760637550691,0.7654451811686158,0.217121645903044,0.16775566965218716,0.4235587004147151,0.5513599443016194,0.8387693252086027,0.009253544573138447,6,4,0.17320508075688773,2500,OLS_debias_iid,iid,False,5
2,7,7001,18,180001,True,255,False,100,0.519511151705018,3.537506417836994,0.3218575473817025,0.25989241835344473,0.5526968373653284,0.5207608120865186,0.8660721122572631,5.836233953645071e-06,6,4,0.17320508075688773,2500,OLS_debias_iid,iid,False,5
2,8,8001,26,260001,True,248,False,100,0.6427968597534178,2.912702230270952,0.14511840678540197,0.12602343002112912,0.18586722776497183,0.6865989167292982,0.7544060528453111,1.6539932392990265e-06,6,4,0.17320508075688773,2500,OLS_debias_iid,iid,False,5
3,0,1,17,170001,True,349,False,100,0.378260341320207,1.706338679883629,0.08757601590400753,0.06552535014427026,0.15940981838347218,0.17793422604764345,0.9838467679692539,0.008111971374022349,6,4,0.17320508075688773,2500,OLS_debias_iid,iid,False,5
3,3,3001,4,40001,True,144,False,100,0.44853827605602226,0.8229460809379816,0.029393209905844594,0.028144064016083204,0.04016798540257751,0.1408027806660482,0.9900634015045567,0.007995037507255451,6,4,0.17320508075688773,2500,OLS_debias_iid,iid,False,5
3,2,2001,9,90001,True,235,False,100,0.5835877867429022,1.1358682946301997,0.04624081533342048,0.040403683772631344,0.08750175520629414,0.17439604841476256,0.9853652931491168,0.008243939628358546,6,4,0.17320508075688773,2500,OLS_debias_iid,iid,False,5
3,1,1001,19,190001,True,228,False,100,0.689469930631366,1.3223665026016533,0.08622777932954731,0.07135907214037242,0.14369332435186816,0.3035889015001414,0.9618096187787595,0.008297622248221306,6,4,0.17320508075688773,2500,OLS_debias_iid,iid,False,5
2,9,9001,24,240001,True,281,False,100,0.90666550507506,2.360681651160121,0.31714927673260224,0.23994935686285526,0.6884202379124057,0.7563279615929848,0.706187756088577,9.421476532280825e-07,6,4,0.17320508075688773,2500,OLS_debias_iid,iid,False,5
2,8,8001,2,20001,True,253,False,100,0.8208510141529081,3.43918614462018,0.10807481601653478,0.09290722834154115,0.20140019910927073,0.24298656639861127,0.9706777286558534,3.113152560279787e-06,6,4,0.17320508075688773,2500,OLS_debias_iid,iid,False,5
2,9,9001,0,1,True,252,False,100,0.5861608964887225,2.9141238098964095,0.39071928459668065,0.30443048300945796,0.9617862552990177,0.5145722501676837,0.8762551160410512,5.3081124385419415e-06,6,4,0.17320508075688773,2500,OLS_debias_iid,iid,False,5
3,3,3001,1,10001,True,187,False,100,0.4615715527439141,0.969611949287355,0.2918194527578467,0.19253557072480357,0.6680511036435194,0.4386023467519751,0.8989463707042363,0.008184148363406158,6,4,0.17320508075688773,2500,OLS_debias_iid,iid,False,5
2,8,8001,22,220001,True,281,False,100,0.7503231746749874,3.1211320078000426,0.40702678887322685,0.3220164080055732,0.8749718939512832,0.7794277790544097,0.6944362953676899,1.986312217034459e-06,6,4,0.17320508075688773,2500,OLS_debias_iid,iid,False,5
2,9,9001,29,290001,True,257,False,100,0.6433405100495158,2.2566821202635765,0.4345864014361968,0.3722758640698843,0.7573678459526665,0.6874072988315267,0.7931552771603023,3.7268171171744212e-06,6,4,0.17320508075688773,2500,OLS_debias_iid,iid,False,5
3,1,1001,28,280001,True,177,False,100,0.4175486758375928,1.3751348871737719,0.08299007575939936,0.06648913151442382,0.15522139554711173,0.17155499381980258,0.9852988947813492,0.008014351053549302,6,4,0.17320508075688773,2500,OLS_debias_iid,iid,False,5
3,3,3001,0,1,True,183,False,100,0.5607527797202628,1.0558783481828868,0.03359460356710331,0.03174208635190507,0.04566722855008577,0.14560936385636078,0.9893322601283673,0.008111311563609568,6,4,0.17320508075688773,2500,OLS_debias_iid,iid,False,5
3,2,2001,20,200001,True,200,False,100,0.8072554306744245,1.153127448167652,0.020357896132983465,0.018319006631937064,0.03746372682715821,0.21840778299622576,0.9762096504896941,0.00788843688815375,6,4,0.17320508075688773,2500,OLS_debias_iid,iid,False,5
3,1,1001,8,80001,True,287,False,100,0.4005926778644001,1.6048039998859167,0.031177888381088467,0.027188378657831663,0.05110624591723501,0.13527848776073234,0.9908227134350511,0.008218532288942584,6,4,0.17320508075688773,2500,OLS_debias_iid,iid,False,5
2,8,8001,25,250001,True,257,False,100,0.8162301434962846,3.1517770029604435,0.3090570997260047,0.25691229682737887,0.611077030924126,0.49138267558076265,0.9010300825020803,1.978899472163211e-06,6,4,0.17320508075688773,2500,OLS_debias_iid,iid,False,5
2,8,8001,7,70001,True,251,False,100,0.5434067832531532,3.520484860986471,0.29896154720491314,0.2385936312988506,0.5347956912083671,0.4112583303567329,0.9234743654062337,2.899659004466434e-06,6,4,0.17320508075688773,2500,OLS_debias_iid,iid,False,5
3,2,2001,3,30001,True,136,False,100,0.4996665997576246,1.3830885291099548,0.4202634888718597,0.32188815037774826,0.8178920199028422,0.7365177319726909,0.7924640089884457,0.007982427771395764,6,4,0.17320508075688773,2500,OLS_debias_iid,iid,False,5
2,9,9001,14,140001,True,273,False,100,0.7793784522086575,2.8070254009217024,0.3500784004690018,0.2976529581569973,0.5076661030549436,0.6283817472582012,0.8278934519814197,1.4357807333027012e-06,6,4,0.17320508075688773,2500,OLS_debias_iid,iid,False,5
3,3,3001,19,190001,True,146,False,100,0.689469930631366,0.854248431045562,0.07815851172273088,0.06634863864659336,0.13285129638506507,0.2367528405998909,0.9719501708557784,0.00850709584304329,6,4,0.17320508075688773,2500,OLS_debias_iid,iid,False,5
2,6,6001,22,220001,True,284,False,100,0.7503231746749874,4.31052289204672,0.3135139337591553,0.25626828126592704,0.6025888188945486,0.937989783058913,0.5596247127424365,1.3534512636384062e-06,6,4,0.17320508075688773,2500,OLS_debias_iid,iid,False,5
3,1,1001,5,50001,True,309,False,100,0.914760637550691,1.7244494962505996,0.33967865859354346,0.21522154585709705,0.9449282849038845,0.7103048633994561,0.7209639374337623,0.01015879052962147,6,4,0.17320508075688773,2500,OLS_debias_iid,iid,False,5
3,2,2001,0,1,True,229,False,100,0.5607527797202628,1.4789827279746532,0.07086970909279418,0.06370214027391201,0.11223277209021036,0.17306606277563516,0.9854599467975506,0.008439968815742315,6,4,0.17320508075688773,2500,OLS_debias_iid,iid,False,5
2,9,9001,12,120001,True,259,False,100,0.5596306103517705,2.9191996320150793,0.10510443667265425,0.08582234723950934,0.1989548419983569,0.21886114489033887,0.9782663897899835,3.6710387695119433e-06,6,4,0.17320508075688773,2500,OLS_debias_iid,iid,False,5
3,0,1,21,210001,True,284,False,100,0.660860856614927,2.025914725381881,0.05964015966095754,0.04870991699926879,0.1206109386451849,0.18213217432527132,0.9844760285691919,0.007953034599350203,6,4,0.17320508075688773,2500,OLS_debias_iid,iid,False,5
3,3,3001,7,70001,True,220,False,100,0.4943052373278208,1.1514698001556098,0.07411747578967393,0.059599315477305265,0.13157008487250701,0.18273012213269693,0.9845454090086667,0.007884778125436986,6,4,0.17320508075688773,2500,OLS_debias_iid,iid,False,5
3,3,3001,10,100001,True,178,False,100,0.9712551925535012,1.1287045157514513,0.11899818104700154,0.08231592064962329,0.23064496883652957,0.553311051207816,0.8539555234618227,0.009432661624828894,6,4,0.17320508075688773,2500,OLS_debias_iid,iid,False,5
2,9,9001,15,150001,True,266,False,100,0.7280636685857087,2.9392202463932335,0.4150473400923593,0.3541116999100797,0.7600826635024167,0.9850059666264825,0.5921532650353508,2.6296391113970724e-06,6,4,0.17320508075688773,2500,OLS_debias_iid,iid,False,5
3,3,3001,29,290001,True,136,False,100,0.6433405100495158,0.8486507921479642,0.3698962814803825,0.282991718712791,0.643081020243476,0.6652293468864867,0.8299424806130978,0.008172945226065233,6,4,0.17320508075688773,2500,OLS_debias_iid,iid,False,5
3,4,4001,5,50001,True,137,False,100,0.914760637550691,0.7667345004156232,0.34883307210919834,0.2589532648981448,0.638375626364495,0.7273138564764628,0.7518530017848654,0.009524559978926175,6,4,0.17320508075688773,2500,OLS_debias_iid,iid,False,5
3,1,1001,22,220001,True,310,False,100,0.6936342702730246,1.7308016903698444,0.053486944531285614,0.04411862244423975,0.10326977827208568,0.2101485706354749,0.9803305936875658,0.008133246349069938,6,4,0.17320508075688773,2500,OLS_debias_iid,iid,False,5
3,2,2001,1,10001,True,305,False,100,0.4615715527439141,1.64829839207232,0.07437949241707484,0.06154791802772045,0.12589381454808196,0.1756521704300794,0.9849800107606449,0.007958843997621784,6,4,0.17320508075688773,2500,OLS_debias_iid,iid,False,5
3,0,1,22,220001,True,251,False,100,0.6936342702730246,2.094339624978602,0.040011330484322497,0.03605890085842865,0.07004140670710031,0.18625936251951358,0.9829943031139159,0.008004751998178586,6,4,0.17320508075688773,2500,OLS_debias_iid,iid,False,5
3,4,4001,10,100001,True,140,False,100,0.9712551925535012,0.8267661612480879,0.39860142248561053,0.29105236319307837,0.8254661722073455,0.8307862043935298,0.7587002351436735,0.009832966560003141,6,4,0.17320508075688773,2500,OLS_debias_iid,iid,False,5
3,4,4001,12,120001,True,140,False,100,0.5596306103517705,0.7904894966632128,0.32590787946377614,0.2168319888230419,0.7860963314652117,0.4921872422511116,0.8746029065625455,0.007998574686916924,6,4,0.17320508075688773,2500,OLS_debias_iid,iid,False,5
3,3,3001,12,120001,True,237,False,100,0.5596306103517705,1.2797513040713966,0.06493933821222612,0.048504931197719287,0.12964019088855552,0.18165153615061627,0.9846525797067164,0.007626518714327742,6,4,0.17320508075688773,2500,OLS_debias_iid,iid,False,5
3,3,3001,20,200001,True,183,False,100,0.8072554306744245,1.143378360196948,0.2342961086066678,0.14812777738165114,0.5400640313072214,0.4899266723040745,0.9045475954088914,0.00828933347886512,6,4,0.17320508075688773,2500,OLS_debias_iid,iid,False,5
3,1,1001,25,250001,True,350,False,100,0.38275032457973795,1.8156717596575618,0.03360990590686042,0.030257892038287836,0.044844351543630576,0.14044905423902757,0.9900976096742998,0.008139496267067671,6,4,0.17320508075688773,2500,OLS_debias_iid,iid,False,5
3,4,4001,11,110001,True,135,False,100,0.7761811778727253,0.8666841699741781,0.41823944715190375,0.30773834972943453,1.0430359992188507,0.7034822675725843,0.8250167900521971,0.008716321561773715,6,4,0.17320508075688773,2500,OLS_debias_iid,iid,False,5
3,3,3001,18,180001,True,231,False,100,0.49612442287514447,1.1900688488967717,0.10053751640204221,0.08070669642404489,0.18876156657253734,0.1914850719538618,0.9814692516088049,0.008177756036537647,6,4,0.17320508075688773,2500,OLS_debias_iid,iid,False,5
3,4,4001,9,90001,True,145,False,100,0.5835877867429022,0.8851829147897661,0.06618609495935913,0.05315784847394236,0.13391697331687777,0.19127209620087418,0.9836445999297027,0.008521380810911031,6,4,0.17320508075688773,2500,OLS_debias_iid,iid,False,5
3,1,1001,2,20001,True,319,False,100,0.21283959308273342,2.076612124685198,0.37412235013626627,0.27396257955425074,0.7694468809184474,0.6097547513286959,0.8458660311545613,0.00805595162625375,6,4,0.17320508075688773,2500,OLS_debias_iid,iid,False,5
2,8,8001,15,150001,True,257,False,100,0.7280636685857087,3.710166435688734,0.2715321535131735,0.19353572067548777,0.6589781025933422,0.43670561001887004,0.9060272455058997,1.9800342293297928e-06,6,4,0.17320508075688773,2500,OLS_debias_iid,iid,False,5
3,2,2001,15,150001,True,182,False,100,0.656920831984897,1.7022340693511069,0.05984279731942265,0.05121378990987166,0.09357107913269912,0.1889422549034733,0.9831460893217491,0.008251677298210153,6,4,0.17320508075688773,2500,OLS_debias_iid,iid,False,5
3,2,2001,11,110001,True,138,False,100,0.7761811778727253,1.7305714818648994,0.08382739936774294,0.053015775915138515,0.190636813607716,0.2173411466459005,0.9773114598152614,0.008332206132557453,6,4,0.17320508075688773,2500,OLS_debias_iid,iid,False,5
3,0,1,26,260001,True,186,False,100,0.6427968597534178,2.273195719346404,0.1728590813635632,0.13091296256692042,0.3238083535566937,0.3954992873158453,0.9272192857389069,0.008453641018861762,6,4,0.17320508075688773,2500,OLS_debias_iid,iid,False,5
3,4,4001,24,240001,True,132,False,100,0.90666550507506,0.7392330309376121,0.4664441553152054,0.3652918400535419,0.8861194507656064,1.2806466630934923,0.3309573223344017,0.008497221363909034,6,4,0.17320508075688773,2500,OLS_debias_iid,iid,False,5
3,2,2001,25,250001,True,262,False,100,0.38275032457973795,1.6541587794199586,0.05733049253771065,0.04859332247466155,0.09796302571765507,0.15379735779616954,0.9882653925199957,0.0076127011325625715,6,4,0.17320508075688773,2500,OLS_debias_iid,iid,False,5
3,1,1001,7,70001,True,394,False,100,0.4943052373278208,2.1579634910449386,0.08076210006556274,0.0610945560807179,0.14167453766811516,0.18555769814785725,0.9836993736619638,0.008167010175977877,6,4,0.17320508075688773,2500,OLS_debias_iid,iid,False,5
3,2,2001,7,70001,True,354,False,100,0.4943052373278208,1.848107824102044,0.026619190750936276,0.024088920708308523,0.04492513095228075,0.1446847973517843,0.9895216732990089,0.008025072992409116,6,4,0.17320508075688773,2500,OLS_debias_iid,iid,False,5
2,8,8001,24,240001,True,274,False,100,0.90666550507506,3.763702775351703,0.272103973430595,0.20462629113165723,0.6186721114693967,0.7378159918745146,0.7136283541678925,1.1272566845486355e-06,6,4,0.17320508075688773,2500,OLS_debias_iid,iid,False,5
3,2,2001,17,170001,True,350,False,100,0.378260341320207,1.8571250778622925,0.05231857350184852,0.04584824526175665,0.07300053985756629,0.1478897644071537,0.9890520316924235,0.007610181887543692,6,4,0.17320508075688773,2500,OLS_debias_iid,iid,False,5
3,1,1001,12,120001,True,416,False,100,0.5596306103517705,2.1391675979830325,0.08532897729531665,0.06442125816024442,0.1598977752207931,0.2020992129044361,0.9810260179149374,0.008182633284695526,6,4,0.17320508075688773,2500,OLS_debias_iid,iid,False,5
3,4,4001,20,200001,True,146,False,100,0.8072554306744245,0.8558054291643202,0.022765529722821226,0.0216880985743137,0.030246927939312697,0.2176366574769353,0.9761225395762884,0.00859151591566107,6,4,0.17320508075688773,2500,OLS_debias_iid,iid,False,5
3,1,1001,26,260001,True,397,False,100,0.6427968597534178,2.045406481716782,0.06394332050898355,0.05403301936332542,0.1171371598169659,0.31366452705802333,0.9521933411593149,0.009227299457974698,6,4,0.17320508075688773,2500,OLS_debias_iid,iid,False,5
3,4,4001,2,20001,True,147,False,100,0.21283959308273342,1.2316875448450446,0.05661709348579254,0.049432920877335536,0.09373343794744256,0.14997221232498248,0.9887298661146818,0.007427034888365335,6,4,0.17320508075688773,2500,OLS_debias_iid,iid,False,5
3,1,1001,15,150001,True,391,False,100,0.656920831984897,2.1469534314237535,0.07730743153217258,0.06444419057753491,0.1458587158036055,0.18368543960088493,0.9829996354955138,0.007762847613366279,6,4,0.17320508075688773,2500,OLS_debias_iid,iid,False,5
3,2,2001,26,260001,True,144,False,100,0.6427968597534178,1.7597486479207873,0.18566174311628073,0.13411692575312875,0.3803565553250708,0.44617423130676864,0.9146791809362455,0.008754091325645643,6,4,0.17320508075688773,2500,OLS_debias_iid,iid,False,5
2,9,9001,9,90001,True,255,False,100,0.865215746072306,3.4908880260773003,0.2722995970264486,0.2010362453778652,0.6364162384784721,0.40111665643141803,0.9266334174950477,2.0167583095232798e-06,6,4,0.17320508075688773,2500,OLS_debias_iid,iid,False,5
3,2,2001,14,140001,True,132,False,100,0.5001691599794109,1.9574376647360623,0.42118438347031883,0.3628242041293303,0.8301730797946703,0.8179478008910065,0.7441619694348685,0.008275333390679632,6,4,0.17320508075688773,2500,OLS_debias_iid,iid,False,5
3,4,4001,8,80001,True,136,False,100,0.4005926778644001,1.1915182177908719,0.26396637850027443,0.1681806120672872,0.5823606616423646,0.3902545890339022,0.919387260140271,0.007758997182430383,6,4,0.17320508075688773,2500,OLS_debias_iid,iid,False,5
3,2,2001,24,240001,True,363,False,100,0.90666550507506,1.8571977969259024,0.10689053112669754,0.08227509025553431,0.19761427820183206,0.28565647799449273,0.9612861607263624,0.008748827662354828,6,4,0.17320508075688773,2500,OLS_debias_iid,iid,False,5
2,9,9001,26,260001,True,276,False,100,0.6427968597534178,3.164271282032132,0.34007308296368005,0.2661210399496295,0.6586474579338771,0.7945246327079468,0.6959257049417437,1.2802403917808967e-06,6,4,0.17320508075688773,2500,OLS_debias_iid,iid,False,5
3,1,1001,23,230001,True,380,False,100,0.6950573280524314,2.002480966039002,0.1684480978889565,0.12250988734415842,0.328103125250038,0.28027660166871926,0.9610974665238959,0.008189755135102592,6,4,0.17320508075688773,2500,OLS_debias_iid,iid,False,5
3,0,1,28,280001,True,321,False,100,0.4175486758375928,2.545726748649031,0.05710545954199526,0.04680216214331717,0.10516325239659892,0.16436517201727296,0.9867162769614809,0.007854609509285673,6,4,0.17320508075688773,2500,OLS_debias_iid,iid,False,5
3,3,3001,15,150001,True,133,False,100,0.656920831984897,1.676123159006238,0.35813716981910365,0.2587990369678576,0.6673040081460601,0.578437141687603,0.8520410785432704,0.00778785221758395,6,4,0.17320508075688773,2500,OLS_debias_iid,iid,False,5
3,5,5001,11,110001,True,133,False,100,0.7761811778727253,0.7657449077814817,0.3738681809185066,0.28018173250105183,0.7198403080010091,0.7329938276953211,0.8131382961600685,0.008546533663825361,6,4,0.17320508075688773,2500,OLS_debias_iid,iid,False,5
3,5,5001,6,60001,True,162,False,100,0.9614930683716931,0.8840690241195261,0.2459169901537469,0.17716466938528938,0.5451505545830435,0.7533490276823095,0.6542414979997778,0.011149458858212669,6,4,0.17320508075688773,2500,OLS_debias_iid,iid,False,5
3,3,3001,26,260001,True,129,False,100,0.6427968597534178,1.5844902587123215,0.06385796322532743,0.04681873993254158,0.1401411436080824,0.30156972233353646,0.9553477135275227,0.008873578840083636,6,4,0.17320508075688773,2500,OLS_debias_iid,iid,False,5
3,3,3001,21,210001,True,131,False,100,0.660860856614927,1.673616957385093,0.46733965211334466,0.3688640169831285,0.9514543799364427,0.8613940557160101,0.7617673434348603,0.008379602234194055,6,4,0.17320508075688773,2500,OLS_debias_iid,iid,False,5
3,2,2001,18,180001,True,394,False,100,0.49612442287514447,2.173990312963724,0.06313903632125603,0.05511617376336329,0.10492726690760312,0.1646568639495192,0.9864572988522594,0.008626970532864842,6,4,0.17320508075688773,2500,OLS_debias_iid,iid,False,5
3,0,1,8,80001,True,391,False,100,0.4005926778644001,3.1287356023676693,0.05233844833388464,0.042038508980562515,0.08736986659464775,0.14624550989379012,0.9894256255296924,0.008063314086970523,6,4,0.17320508075688773,2500,OLS_debias_iid,iid,False,5
3,5,5001,19,190001,True,134,False,100,0.689469930631366,0.7265802649781108,0.27738054501761594,0.18526653198957585,0.6756052918918023,0.46467301277786266,0.896252057127979,0.008604410031543278,6,4,0.17320508075688773,2500,OLS_debias_iid,iid,False,5
3,4,4001,22,220001,True,225,False,100,0.6936342702730246,1.1963872821070254,0.19627458009016263,0.15604531195046478,0.3622828151116699,0.3738106546596917,0.9397339575110636,0.008510849464238449,6,4,0.17320508075688773,2500,OLS_debias_iid,iid,False,5
3,2,2001,21,210001,True,132,False,100,0.660860856614927,2.173302519135177,0.4308545704356821,0.33906228424725127,0.7565825337161995,0.7426175961252754,0.8118868169938457,0.007977039936694085,6,4,0.17320508075688773,2500,OLS_debias_iid,iid,False,5
3,0,1,18,180001,True,482,False,100,0.49612442287514447,2.95583050372079,0.11337796034901354,0.09083229971305347,0.18828540713053216,0.22550632730672823,0.9743567176411668,0.007769230161189219,6,4,0.17320508075688773,2500,OLS_debias_iid,iid,False,5
3,5,5001,16,160001,True,134,False,100,0.45085838212351664,0.9561835681088269,0.3640747647309362,0.27636301283961534,0.6775968154430388,0.6298167775277491,0.8487884932540796,0.008187188147709678,6,4,0.17320508075688773,2500,OLS_debias_iid,iid,False,5
3,2,2001,27,270001,True,235,False,100,0.8275716930265039,2.237820957787335,0.05207251003769544,0.03962585755445256,0.10147585062068781,0.21072518660710124,0.9765719174061941,0.008482163307825382,6,4,0.17320508075688773,2500,OLS_debias_iid,iid,False,5
3,0,1,15,150001,True,453,False,100,0.656920831984897,3.10453541809693,0.06990974111088023,0.05808485130675108,0.1242630022455894,0.18445059081748882,0.9831345360949012,0.008133491382833796,6,4,0.17320508075688773,2500,OLS_debias_iid,iid,False,5
3,5,5001,20,200001,True,134,False,100,0.8072554306744245,0.9076425018720329,0.10481696811225705,0.06903689912951762,0.239888465347909,0.3067793412157602,0.9619847310517126,0.008147955018122245,6,4,0.17320508075688773,2500,OLS_debias_iid,iid,False,5
3,2,2001,19,190001,True,239,False,100,0.689469930631366,2.380192578304559,0.0545531671681466,0.046169010251078446,0.08616791727506065,0.250772036983514,0.9711545729289778,0.008682499170012932,6,4,0.17320508075688773,2500,OLS_debias_iid,iid,False,5
3,5,5001,28,280001,True,138,False,100,0.4175486758375928,0.7765505602583289,0.40721268928658055,0.3070354131970784,0.8326768759520724,0.7696355410657748,0.7660295415828348,0.007703873945071452,6,4,0.17320508075688773,2500,OLS_debias_iid,iid,False,5
3,1,1001,6,60001,True,303,False,100,0.9614930683716931,2.7861186740919948,0.14300653750380388,0.10098963847417321,0.33249880683620675,0.6864099781574363,0.7105923074051811,0.010441828009863366,6,4,0.17320508075688773,2500,OLS_debias_iid,iid,False,5
3,4,4001,14,140001,True,144,False,100,0.5001691599794109,1.508290683850646,0.2770354131751409,0.1851079022080104,0.5838471446864318,0.4510560941401664,0.9033343703052396,0.007456165035390194,6,4,0.17320508075688773,2500,OLS_debias_iid,iid,False,5
3,1,1001,18,180001,True,286,False,100,0.49612442287514447,2.661618612241,0.05610464087905605,0.04800631187145404,0.09367168356057523,0.16852425920919265,0.9857948774215322,0.007731494721849146,6,4,0.17320508075688773,2500,OLS_debias_iid,iid,False,5
3,5,5001,4,40001,True,135,False,100,0.44853827605602226,1.2036041300743818,0.46567294541807575,0.37138483764308244,0.996390829676544,0.8680170453652692,0.7462225766570537,0.008284790397273409,6,4,0.17320508075688773,2500,OLS_debias_iid,iid,False,5
3,2,2001,8,80001,True,360,False,100,0.4005926778644001,2.480548605322838,0.04506704400067203,0.037100349786090066,0.07786727422607868,0.14118902715194845,0.9900365558150463,0.007812352094534718,6,4,0.17320508075688773,2500,OLS_debias_iid,iid,False,5
3,5,5001,29,290001,True,132,False,100,0.6433405100495158,0.8073744140565395,0.4439740250605721,0.3318495904937259,0.9942649040942473,0.9628041738759663,0.7138961858999323,0.008156088893140154,6,4,0.17320508075688773,2500,OLS_debias_iid,iid,False,5
3,6,6001,5,50001,True,131,False,100,0.914760637550691,0.7506309789605439,0.3676542406541557,0.2538817144857477,0.8302020334688516,0.7869760651264772,0.737218408421579,0.010040647312378274,6,4,0.17320508075688773,2500,OLS_debias_iid,iid,False,5
3,1,1001,13,130001,True,359,False,100,0.34246606815959324,2.743430914822966,0.04619084118712457,0.041803275719236484,0.06613482520338516,0.15176371577651113,0.9886690939018989,0.007904580750404781,6,4,0.17320508075688773,2500,OLS_debias_iid,iid,False,5
3,5,5001,21,210001,True,189,False,100,0.660860856614927,0.9828965021297336,0.02943464530300314,0.026144804850920703,0.040723949966041166,0.16152538912159822,0.9867637484096603,0.008132176422155538,6,4,0.17320508075688773,2500,OLS_debias_iid,iid,False,5
3,4,4001,19,190001,True,132,False,100,0.689469930631366,1.4873439082875848,0.3119019550201178,0.22757847007108778,0.49463892633546414,0.5169360000400894,0.87026340105899,0.008404920547187568,6,4,0.17320508075688773,2500,OLS_debias_iid,iid,False,5
3,4,4001,1,10001,True,342,False,100,0.4615715527439141,1.8553758999332786,0.031057386779440952,0.028088856534202622,0.05456661033760498,0.15217814079485412,0.988405826499096,0.008225473187947628,6,4,0.17320508075688773,2500,OLS_debias_iid,iid,False,5
3,6,6001,8,80001,True,161,False,100,0.4005926778644001,0.7270621107891202,0.2200565628702226,0.14983821809303968,0.4411307951215642,0.3248383542314593,0.9459557574355005,0.007856676681376578,6,4,0.17320508075688773,2500,OLS_debias_iid,iid,False,5
3,4,4001,6,60001,True,331,False,100,0.9614930683716931,1.7838020729832351,0.2755158105244141,0.21267828554442914,0.5057267070145037,0.7897395004706724,0.6274347371318224,0.010312077284361208,6,4,0.17320508075688773,2500,OLS_debias_iid,iid,False,5
3,5,5001,26,260001,True,170,False,100,0.6427968597534178,0.92118832282722,0.2733960417979856,0.18344345235701134,0.6546664544223894,0.4801348578833242,0.894194791589941,0.008235609024501937,6,4,0.17320508075688773,2500,OLS_debias_iid,iid,False,5
3,6,6001,2,20001,True,130,False,100,0.21283959308273342,0.8807856179773808,0.49026027824515883,0.40005861229270806,0.7802349980351803,0.9382259032876824,0.7260087144148373,0.00808009554741615,6,4,0.17320508075688773,2500,OLS_debias_iid,iid,False,5
3,2,2001,4,40001,True,224,False,100,0.44853827605602226,2.626961685717106,0.08684491894559676,0.06507874632764789,0.1696990974389128,0.1779299514423761,0.9841173725733013,0.007843235906124901,6,4,0.17320508075688773,2500,OLS_debias_iid,iid,False,5
3,4,4001,18,180001,True,291,False,100,0.49612442287514447,1.613515267148614,0.04291706855586828,0.039328873347028656,0.06291432772013625,0.16276030605773606,0.987081865996573,0.00805371855526909,6,4,0.17320508075688773,2500,OLS_debias_iid,iid,False,5
3,4,4001,16,160001,True,166,False,100,0.45085838212351664,1.6451739249750972,0.03910675753895014,0.03473757773386358,0.06426289632053839,0.15526687766152894,0.9881805355868112,0.008202253733309956,6,4,0.17320508075688773,2500,OLS_debias_iid,iid,False,5
3,6,6001,13,130001,True,131,False,100,0.34246606815959324,0.745276837144047,0.40241340074975473,0.3374018412081206,0.6401268820265679,0.6742924803536594,0.8267847577236914,0.00787107599680692,6,4,0.17320508075688773,2500,OLS_debias_iid,iid,False,5
3,4,4001,28,280001,True,131,False,100,0.4175486758375928,1.485207042656839,0.4630094090996569,0.3664981538942491,0.8229650888216443,0.8674571344964588,0.7397928863392851,0.00823337046854375,6,4,0.17320508075688773,2500,OLS_debias_iid,iid,False,5
2,9,9001,25,250001,True,257,False,100,0.8162301434962846,3.82350729778409,0.44656980544220265,0.364147416295594,0.7387676013574744,0.6829186083356732,0.8163566220746619,2.2481164461034277e-06,6,4,0.17320508075688773,2500,OLS_debias_iid,iid,False,5
3,4,4001,0,1,True,367,False,100,0.5607527797202628,1.9861546359024942,0.06838893062134394,0.062359138631852384,0.11610475676746898,0.17180770728570707,0.9856260783940544,0.007788603414144431,6,4,0.17320508075688773,2500,OLS_debias_iid,iid,False,5
3,6,6001,10,100001,True,152,False,100,0.9712551925535012,0.8560271291062236,0.07642700328351121,0.053473742540755494,0.1617930794316637,0.5039001560843016,0.8740001660466962,0.009866753483788489,6,4,0.17320508075688773,2500,OLS_debias_iid,iid,False,5
3,4,4001,3,30001,True,338,False,100,0.4996665997576246,1.981721636839211,0.055849488717446334,0.04949769438603635,0.09686390143483779,0.1892164077929351,0.9822844248300576,0.007993562005397333,6,4,0.17320508075688773,2500,OLS_debias_iid,iid,False,5
3,4,4001,7,70001,True,279,False,100,0.4943052373278208,1.8923891503363848,0.07056842224342902,0.052723595450988515,0.1407913248734391,0.17530267141251174,0.9853476267133899,0.008122584664655465,6,4,0.17320508075688773,2500,OLS_debias_iid,iid,False,5
3,0,1,20,200001,True,338,False,100,0.8072554306744245,3.2848316417075694,0.05479758741097461,0.04270360458588323,0.11416233617035834,0.25880307697726884,0.9710979838901412,0.008378052212797986,6,4,0.17320508075688773,2500,OLS_debias_iid,iid,False,5
3,3,3001,24,240001,True,196,False,100,0.90666550507506,2.111535550095141,0.04696150788427191,0.039274861865739814,0.09387536202309223,0.24186274013228623,0.9688878951241633,0.008651438368238843,6,4,0.17320508075688773,2500,OLS_debias_iid,iid,False,5
3,6,6001,23,230001,True,132,False,100,0.6950573280524314,0.7139777061529458,0.37990350259633837,0.2896131328961227,0.7050504133372382,0.8274883446004314,0.7170264912789012,0.00813965428773964,6,4,0.17320508075688773,2500,OLS_debias_iid,iid,False,5
3,2,2001,16,160001,True,293,False,100,0.45085838212351664,2.7016391712240875,0.0784540744539032,0.06242670506852486,0.13941258788563024,0.1785595345980766,0.9849760122092558,0.007681301180813093,6,4,0.17320508075688773,2500,OLS_debias_iid,iid,False,5
3,4,4001,27,270001,True,306,False,100,0.8275716930265039,1.6179211339913309,0.060081911243420084,0.0449936856723297,0.12339627322052604,0.21671677285296606,0.9751816327948236,0.008582022965890005,6,4,0.17320508075688773,2500,OLS_debias_iid,iid,False,5
3,5,5001,18,180001,True,135,False,100,0.49612442287514447,1.297231447417289,0.45582962306589214,0.36049368451477054,1.0083127210611633,0.9388609562163529,0.7482159330620185,0.008044698643424572,6,4,0.17320508075688773,2500,OLS_debias_iid,iid,False,5
3,5,5001,22,220001,True,140,False,100,0.6936342702730246,1.245945491362363,0.03687006772513468,0.03355603806643042,0.057949577695079774,0.1835190620376179,0.9834483620093687,0.00872514851126711,6,4,0.17320508075688773,2500,OLS_debias_iid,iid,False,5
3,6,6001,25,250001,True,131,False,100,0.38275032457973795,0.7657472481951118,0.3793196243677964,0.26235939057616225,0.8546918211666793,0.6145249137596503,0.8331889660881617,0.007910261381927788,6,4,0.17320508075688773,2500,OLS_debias_iid,iid,False,5
3,4,4001,21,210001,True,135,False,100,0.660860856614927,1.782370463013649,0.3066793783230331,0.19941079710224338,0.7353087063605293,0.4934301896436006,0.874353039911696,0.008450742523863453,6,4,0.17320508075688773,2500,OLS_debias_iid,iid,False,5
2,9,9001,4,40001,True,277,False,100,0.6258509706662111,4.5175840691663325,0.41148927269985736,0.3541415558840873,0.7432342172374887,0.7553650623096383,0.7335795920930964,1.5871664709485623e-06,6,4,0.17320508075688773,2500,OLS_debias_iid,iid,False,5
3,6,6001,28,280001,True,132,False,100,0.4175486758375928,0.7716073547489941,0.39789276179391875,0.30867583308947805,0.66583455248995,0.7061065591102925,0.8148804322223424,0.007908606691731584,6,4,0.17320508075688773,2500,OLS_debias_iid,iid,False,5
3,3,3001,11,110001,True,421,False,100,0.7761811778727253,2.549415621906519,0.052763699216871705,0.039844948755637315,0.0891337875089534,0.20417340836373907,0.9801858059385697,0.008446607125479377,6,4,0.17320508075688773,2500,OLS_debias_iid,iid,False,5
3,5,5001,2,20001,True,206,False,100,0.21283959308273342,1.7199759189970791,0.04996949621627369,0.04484339338278299,0.08542367776318445,0.14570561755051223,0.9893636502608496,0.008123547554927033,6,4,0.17320508075688773,2500,OLS_debias_iid,iid,False,5
3,4,4001,26,260001,True,199,False,100,0.6427968597534178,1.8557501579634845,0.16182665387959075,0.11790234036092774,0.3252562464052924,0.3627106995615384,0.9366417666776735,0.008993226293948367,6,4,0.17320508075688773,2500,OLS_debias_iid,iid,False,5
3,1,1001,4,40001,True,400,False,100,0.44853827605602226,3.3558143731206656,0.10492661514974959,0.07935179007643352,0.20634763361154135,0.19709511623626474,0.9807226126532789,0.007581577248995364,6,4,0.17320508075688773,2500,OLS_debias_iid,iid,False,5
3,7,7001,5,50001,True,138,False,100,0.914760637550691,0.7823423971422017,0.19661632082562383,0.13735764108762336,0.3458980688187202,0.7130377320670557,0.7623706613762454,0.009908726370765158,6,4,0.17320508075688773,2500,OLS_debias_iid,iid,False,5
3,2,2001,2,20001,True,605,False,100,0.21283959308273342,3.1716478592716157,0.09783263334785301,0.08120961942357492,0.1621497908079175,0.1885484959357966,0.9821355231811272,0.008021169414815864,6,4,0.17320508075688773,2500,OLS_debias_iid,iid,False,5
3,5,5001,9,90001,True,152,False,100,0.5835877867429022,1.7644640649668872,0.07847933700211006,0.061418334314122656,0.16360535681878852,0.20402593156820148,0.9819505862375029,0.007750026446247854,6,4,0.17320508075688773,2500,OLS_debias_iid,iid,False,5
3,5,5001,10,100001,True,142,False,100,0.9712551925535012,1.7858721879310906,0.1721320552836479,0.10954958114412072,0.3980712111870573,0.6432586119813547,0.805641153959426,0.009651196444289932,6,4,0.17320508075688773,2500,OLS_debias_iid,iid,False,5
3,3,3001,25,250001,True,332,False,100,0.38275032457973795,2.5425764322280884,0.04439596035090123,0.03727657025423712,0.06700301589844704,0.14520692937003613,0.9894870819815896,0.008146500341530702,6,4,0.17320508075688773,2500,OLS_debias_iid,iid,False,5
3,5,5001,7,70001,True,358,False,100,0.4943052373278208,1.847369930241257,0.06559562140741246,0.051262358031998086,0.13208859583869417,0.17752872469414405,0.9852354712544003,0.007762838222247405,6,4,0.17320508075688773,2500,OLS_debias_iid,iid,False,5
3,7,7001,26,260001,True,135,False,100,0.6427968597534178,0.6374463359825313,0.3277901928711652,0.236219562144221,0.6566799393120735,0.6933985892603212,0.8076462768418211,0.008443910351479641,6,4,0.17320508075688773,2500,OLS_debias_iid,iid,False,5
3,7,7001,17,170001,True,135,False,100,0.378260341320207,0.7645713067613542,0.307770938540619,0.2114916866258522,0.6689367485877401,0.4674343314168718,0.8906634198671467,0.008172319650595984,6,4,0.17320508075688773,2500,OLS_debias_iid,iid,False,5
3,0,1,0,1,True,459,False,100,0.5607527797202628,4.287613329011947,0.060855835520738755,0.05390165664301988,0.11682120850341697,0.1747510102161561,0.9856114598803565,0.007921294581130115,6,4,0.17320508075688773,2500,OLS_debias_iid,iid,False,5
3,3,3001,3,30001,True,570,False,100,0.4996665997576246,2.9896060372702777,0.09639466885834168,0.08245529677213136,0.1534890485296679,0.2077211358272124,0.9784005624335594,0.00830699135659133,6,4,0.17320508075688773,2500,OLS_debias_iid,iid,False,5
3,6,6001,3,30001,True,129,False,100,0.4996665997576246,1.5449715969152749,0.04926257905144335,0.04485337391745886,0.07269515990046606,0.18777843866480412,0.9823837504520491,0.00847695920264122,6,4,0.17320508075688773,2500,OLS_debias_iid,iid,False,5
3,7,7001,18,180001,True,130,False,100,0.49612442287514447,0.7757197646424174,0.4706743554924998,0.3792114771017965,0.9723120613764195,1.01794307476241,0.6742976263402919,0.007948581827324002,6,4,0.17320508075688773,2500,OLS_debias_iid,iid,False,5
3,5,5001,17,170001,True,307,False,100,0.378260341320207,1.77781079756096,0.0354948875953563,0.03170848982316695,0.0565130283422936,0.13723818674495936,0.9905224777634326,0.007958503155545275,6,4,0.17320508075688773,2500,OLS_debias_iid,iid,False,5
3,7,7001,22,220001,True,131,False,100,0.6936342702730246,0.7376345228403807,0.3882738953883006,0.2777994786301012,0.868011878520248,0.6942378402409618,0.7907718245475172,0.008449230469798638,6,4,0.17320508075688773,2500,OLS_debias_iid,iid,False,5
3,6,6001,9,90001,True,284,False,100,0.5835877867429022,1.504118526354432,0.3520236482708311,0.22833552298523274,0.8858265780368906,0.5388907166493743,0.8592181113623633,0.007861367680434496,6,4,0.17320508075688773,2500,OLS_debias_iid,iid,False,5
3,7,7001,25,250001,True,133,False,100,0.38275032457973795,0.779539527837187,0.4263730129379297,0.3239952062410204,0.9590668054368892,0.7429432530429142,0.7951724913540309,0.007888968328965273,6,4,0.17320508075688773,2500,OLS_debias_iid,iid,False,5
3,5,5001,5,50001,True,315,False,100,0.914760637550691,2.059813467785716,0.05961646716407963,0.0545824414642049,0.08917305851112622,0.502380800441352,0.8621766910973595,0.009491032179910347,6,4,0.17320508075688773,2500,OLS_debias_iid,iid,False,5
3,8,8001,14,140001,True,133,False,100,0.5001691599794109,0.5500030140392482,0.39703873533271944,0.28912616547687825,0.924158058349961,0.7296191919528409,0.7730340066304996,0.008022565269559032,6,4,0.17320508075688773,2500,OLS_debias_iid,iid,False,5
3,7,7001,27,270001,True,134,False,100,0.8275716930265039,0.7671567481011152,0.32729359865261676,0.21794343096911487,0.7029610918315162,0.534477357754486,0.8649278373695394,0.008465391213137241,6,4,0.17320508075688773,2500,OLS_debias_iid,iid,False,5
3,7,7001,10,100001,True,147,False,100,0.9712551925535012,0.9006725130602717,0.2771692827435205,0.1606030979320146,0.7201046205502143,0.6535636465201413,0.7848448098982739,0.010077600745908603,6,4,0.17320508075688773,2500,OLS_debias_iid,iid,False,5
3,5,5001,24,240001,True,169,False,100,0.90666550507506,1.7782787838950753,0.05827504227771905,0.0492103270667106,0.10898943658126597,0.2597897661970012,0.9656119748252835,0.008553465072504748,6,4,0.17320508075688773,2500,OLS_debias_iid,iid,False,5
3,3,3001,22,220001,True,209,False,100,0.6936342702730246,2.761013516690582,0.31390899393888394,0.22321017440399493,0.3764915489788331,0.5369740511859544,0.8754965078835258,0.008367744907521363,6,4,0.17320508075688773,2500,OLS_debias_iid,iid,False,5
3,6,6001,18,180001,True,222,False,100,0.49612442287514447,1.4075903710909188,0.0679091572761527,0.05575889637935661,0.13626426958116755,0.16803087720831691,0.9859725683463338,0.008609583056416648,6,4,0.17320508075688773,2500,OLS_debias_iid,iid,False,5
3,1,1001,0,1,True,436,False,100,0.5607527797202628,3.7868424761109054,0.05578053584284289,0.04841209321374693,0.10722838875737432,0.1686783882371934,0.9864097698742884,0.0077690745635370095,6,4,0.17320508075688773,2500,OLS_debias_iid,iid,False,5
3,4,4001,13,130001,True,373,False,100,0.34246606815959324,2.55746377306059,0.03875552068015595,0.03442631567823089,0.06713573468235709,0.14153227135959054,0.9899608801489389,0.00840510633877287,6,4,0.17320508075688773,2500,OLS_debias_iid,iid,False,5
3,8,8001,0,1,True,130,False,100,0.5607527797202628,0.8122819578275084,0.057073601105380095,0.054046519506225965,0.08253803269635265,0.16207163386716059,0.9869823392956358,0.007919921977029934,6,4,0.17320508075688773,2500,OLS_debias_iid,iid,False,5
3,0,1,24,240001,True,404,False,100,0.90666550507506,3.947144964709878,0.0329428507112471,0.027640467657714815,0.0653257539051167,0.2480862824607271,0.9678508257083508,0.008535552777913817,6,4,0.17320508075688773,2500,OLS_debias_iid,iid,False,5
3,5,5001,13,130001,True,332,False,100,0.34246606815959324,2.0819066069088876,0.041536005280108784,0.03871797038170273,0.058465633494381504,0.14407648367160397,0.9897469196723817,0.007894935467415189,6,4,0.17320508075688773,2500,OLS_debias_iid,iid,False,5
3,8,8001,11,110001,True,132,False,100,0.7761811778727253,0.7303991271182895,0.519704907609674,0.42844637411803305,1.006137417677409,1.1455406906198524,0.7309297681471522,0.008288135233416365,6,4,0.17320508075688773,2500,OLS_debias_iid,iid,False,5
3,6,6001,15,150001,True,311,False,100,0.656920831984897,1.5758563331328332,0.0843829944844792,0.06971961109051555,0.15411171451927738,0.19419613984542852,0.9813826504021672,0.008153920520077918,6,4,0.17320508075688773,2500,OLS_debias_iid,iid,False,5
3,4,4001,17,170001,True,307,False,100,0.378260341320207,2.4831677451729774,0.04647341021879707,0.040864823361234405,0.0709636499522744,0.1461829885784138,0.9892886685339565,0.008089310211106348,6,4,0.17320508075688773,2500,OLS_debias_iid,iid,False,5
3,3,3001,2,20001,True,592,False,100,0.21283959308273342,3.2765680118463933,0.03919207239655991,0.03739815876330648,0.053318065756482756,0.13918559283690798,0.990308142055991,0.007801198662040648,6,4,0.17320508075688773,2500,OLS_debias_iid,iid,False,5
3,8,8001,1,10001,True,132,False,100,0.4615715527439141,0.8877435568720102,0.40035429558521085,0.30080460183624136,0.9192332545392671,0.7589136591462687,0.7599299045115945,0.007844100265281451,6,4,0.17320508075688773,2500,OLS_debias_iid,iid,False,5
3,5,5001,14,140001,True,395,False,100,0.5001691599794109,2.1473961882293224,0.03271204315530899,0.02576899127266168,0.06845540049696006,0.17222852396540764,0.9853955654356211,0.00790330313185218,6,4,0.17320508075688773,2500,OLS_debias_iid,iid,False,5
3,4,4001,23,230001,True,503,False,100,0.6950573280524314,2.559343900065869,0.10306618639811406,0.08283878961156786,0.18084011453738488,0.24910595849061543,0.9724223638357575,0.007914359729934362,6,4,0.17320508075688773,2500,OLS_debias_iid,iid,False,5
3,2,2001,28,280001,True,326,False,100,0.4175486758375928,3.457098374143243,0.058360294757776356,0.04778389832176341,0.10897971676799993,0.15794237354194604,0.987542564159617,0.00787959940860673,6,4,0.17320508075688773,2500,OLS_debias_iid,iid,False,5
3,6,6001,24,240001,True,134,False,100,0.90666550507506,1.584819557145238,0.38981622872141214,0.2814742763082663,0.9089654179654243,0.7644526801166874,0.7953124983963317,0.008142499532937521,6,4,0.17320508075688773,2500,OLS_debias_iid,iid,False,5
3,8,8001,15,150001,True,152,False,100,0.656920831984897,0.8571835597977042,0.4145578179842072,0.3705308526004387,0.7635392581165642,0.731550956176448,0.7856893332076277,0.00818881627285388,6,4,0.17320508075688773,2500,OLS_debias_iid,iid,False,5
3,8,8001,10,100001,True,136,False,100,0.9712551925535012,0.98834523325786,0.39136893142885865,0.2731856470017234,0.9821848957832026,1.111723471012812,0.43790787180152807,0.009712623813233772,6,4,0.17320508075688773,2500,OLS_debias_iid,iid,False,5
3,7,7001,2,20001,True,268,False,100,0.21283959308273342,1.4825325743295252,0.04031190944030861,0.03645816347757654,0.057343296346255575,0.13949486051732107,0.9902311580503577,0.00808385920374505,6,4,0.17320508075688773,2500,OLS_debias_iid,iid,False,5
3,3,3001,17,170001,True,492,False,100,0.378260341320207,3.2419851650483906,0.07121794459527188,0.05792942424012898,0.13239419449387488,0.15802553229739744,0.9874587866603483,0.008281993753088288,6,4,0.17320508075688773,2500,OLS_debias_iid,iid,False,5
3,3,3001,8,80001,True,540,False,100,0.4005926778644001,3.4045206969603896,0.06542575127032468,0.05206451351120045,0.10910524706893657,0.15621572276041465,0.9879759361310266,0.007981602618799632,6,4,0.17320508075688773,2500,OLS_debias_iid,iid,False,5
3,6,6001,1,10001,True,308,False,100,0.4615715527439141,2.0742796631529927,0.22886143860894428,0.1678433950337884,0.42603003573653264,0.38486322023182207,0.9321374185684519,0.008421175554936352,6,4,0.17320508075688773,2500,OLS_debias_iid,iid,False,5
3,6,6001,14,140001,True,360,False,100,0.5001691599794109,1.8814783208072186,0.08527355022250561,0.06696911362435337,0.12769090544411535,0.1962866831673624,0.9806875933383973,0.008150136553516938,6,4,0.17320508075688773,2500,OLS_debias_iid,iid,False,5
3,4,4001,25,250001,True,465,False,100,0.38275032457973795,2.6902121948078275,0.07018485501920843,0.059791383644006435,0.11743805211371922,0.16389296684853236,0.9869634462003289,0.008100257704090357,6,4,0.17320508075688773,2500,OLS_debias_iid,iid,False,5
3,4,4001,15,150001,True,535,False,100,0.656920831984897,2.858344045933336,0.07483244133236786,0.06494933050059216,0.11186949288803631,0.18990238793189476,0.9824518850634627,0.008125727104754352,6,4,0.17320508075688773,2500,OLS_debias_iid,iid,False,5
3,7,7001,0,1,True,131,False,100,0.5607527797202628,1.6337075303308666,0.47815062277724957,0.39069412630222716,1.032547962781606,0.8612746391125441,0.7802045566008508,0.008082332689727478,6,4,0.17320508075688773,2500,OLS_debias_iid,iid,False,5
3,0,1,9,90001,True,518,False,100,0.5835877867429022,4.729849479161203,0.0805408023108751,0.06844190857562918,0.12093568430155108,0.21343383536060287,0.9807254525644282,0.008015730570136046,6,4,0.17320508075688773,2500,OLS_debias_iid,iid,False,5
3,3,3001,6,60001,True,309,False,100,0.9614930683716931,3.5964207658544183,0.20396275740734351,0.15818383010386708,0.4108042456315144,0.7276881262341087,0.6858664948689318,0.010046789554975533,6,4,0.17320508075688773,2500,OLS_debias_iid,iid,False,5
3,5,5001,12,120001,True,145,False,100,0.5596306103517705,2.515844637993723,0.0339215313490961,0.028894837622398625,0.062274870450042125,0.15439154835748092,0.9883886535977254,0.008000119683776254,6,4,0.17320508075688773,2500,OLS_debias_iid,iid,False,5
3,7,7001,16,160001,True,233,False,100,0.45085838212351664,1.4227584898471832,0.048981893026413495,0.04168802326707949,0.07967226990171078,0.1550896310097043,0.9881323980312943,0.008032883704833915,6,4,0.17320508075688773,2500,OLS_debias_iid,iid,False,5
3,7,7001,7,70001,True,286,False,100,0.4943052373278208,1.5976170427165926,0.04953843960804178,0.042987329918878915,0.0755542545044576,0.16120027957894725,0.9874875470780818,0.008240541846608858,6,4,0.17320508075688773,2500,OLS_debias_iid,iid,False,5
3,7,7001,24,240001,True,253,False,100,0.90666550507506,1.3940028296783566,0.02410848129561991,0.0226609252072368,0.03333571255870263,0.2339929028756922,0.9700827446848885,0.008677482822097918,6,4,0.17320508075688773,2500,OLS_debias_iid,iid,False,5
3,1,1001,24,240001,True,582,False,100,0.90666550507506,4.094892426393926,0.06510158946808865,0.05122309487833051,0.12860592722685518,0.26745624314955446,0.9652591837458595,0.008778785539598728,6,4,0.17320508075688773,2500,OLS_debias_iid,iid,False,5
3,9,9001,1,10001,True,131,False,100,0.4615715527439141,0.7143573127686977,0.38434405412453243,0.25654077261308145,0.9204596374968039,0.6352279964898385,0.818951989329357,0.007573218396352519,6,4,0.17320508075688773,2500,OLS_debias_iid,iid,False,5
3,3,3001,16,160001,True,434,False,100,0.45085838212351664,3.475521259009838,0.07455436373667973,0.060135706644791426,0.1365873594960975,0.1871712489146514,0.983883744167748,0.008145323763330478,6,4,0.17320508075688773,2500,OLS_debias_iid,iid,False,5
3,9,9001,7,70001,True,132,False,100,0.4943052373278208,0.7072837948799133,0.45131153233808285,0.35529027894953025,0.8309902519142834,0.7640999375751113,0.7933233730710804,0.008010086196984293,6,4,0.17320508075688773,2500,OLS_debias_iid,iid,False,5
3,8,8001,5,50001,True,235,False,100,0.914760637550691,1.3024782286956906,0.3832528792967391,0.24679558947231195,0.7989731881187436,0.8149918144518525,0.6497655885209371,0.010157899566392594,6,4,0.17320508075688773,2500,OLS_debias_iid,iid,False,5
3,5,5001,25,250001,True,382,False,100,0.38275032457973795,2.344610388856381,0.06625921541570082,0.05679741254999759,0.11836382732925074,0.15623764960064968,0.9878668788630245,0.00786212443194656,6,4,0.17320508075688773,2500,OLS_debias_iid,iid,False,5
3,6,6001,20,200001,True,163,False,100,0.8072554306744245,2.04192796908319,0.06645508238137647,0.04602863100391783,0.15001670968603922,0.250120716831209,0.9720112550704525,0.008528794337019077,6,4,0.17320508075688773,2500,OLS_debias_iid,iid,False,5
3,7,7001,13,130001,True,285,False,100,0.34246606815959324,1.5664644306525588,0.029176363275332188,0.026486119534451822,0.038026384602477085,0.13928616797894935,0.9903045236027449,0.007943543075010894,6,4,0.17320508075688773,2500,OLS_debias_iid,iid,False,5
3,8,8001,9,90001,True,150,False,100,0.5835877867429022,1.3301547169685364,0.05138019628620516,0.04596465974068414,0.08646148033176597,0.17732207668809483,0.9852688076097081,0.008212853720594979,6,4,0.17320508075688773,2500,OLS_debias_iid,iid,False,5
3,7,7001,19,190001,True,302,False,100,0.689469930631366,1.5488151600584388,0.07938267654241878,0.05944303029037957,0.15897728743912803,0.28150166908399593,0.9645374722315303,0.008326759579346999,6,4,0.17320508075688773,2500,OLS_debias_iid,iid,False,5
3,5,5001,23,230001,True,492,False,100,0.6950573280524314,2.4932373128831387,0.0838513475071926,0.06298344215470188,0.17463781800655095,0.20656231576464631,0.9785405610001824,0.008197615922593283,6,4,0.17320508075688773,2500,OLS_debias_iid,iid,False,5
3,7,7001,15,150001,True,130,False,100,0.656920831984897,1.600584211293608,0.38648141595264907,0.2596922125302458,0.8487965341954663,0.6513557887242103,0.8192781135764906,0.007890390842554518,6,4,0.17320508075688773,2500,OLS_debias_iid,iid,False,5
3,8,8001,26,260001,True,131,False,100,0.6427968597534178,0.9487179121933877,0.25502070121381004,0.16909353055633095,0.5035819327123556,0.5027638966195132,0.8881992738349794,0.00852003571255884,6,4,0.17320508075688773,2500,OLS_debias_iid,iid,False,5
3,3,3001,23,230001,True,354,False,100,0.6950573280524314,3.5270527717657387,0.05080650854689529,0.04589422941576952,0.08370971893863019,0.20317558894173007,0.9801426706822545,0.008537717404976773,6,4,0.17320508075688773,2500,OLS_debias_iid,iid,False,5
3,8,8001,12,120001,True,133,False,100,0.5596306103517705,1.3793421066366136,0.3542254453976733,0.24889306573756417,0.6985376842415015,0.5963456732896589,0.8508769571526837,0.008012209550331457,6,4,0.17320508075688773,2500,OLS_debias_iid,iid,False,5
3,7,7001,9,90001,True,252,False,100,0.5835877867429022,1.7158057200722396,0.08120280273757488,0.061306763154541366,0.17009222483678946,0.20746484642009003,0.9812428409252135,0.008206628382516184,6,4,0.17320508075688773,2500,OLS_debias_iid,iid,False,5
3,6,6001,7,70001,True,416,False,100,0.4943052373278208,2.3596149291843176,0.058354439807165454,0.0470734177097108,0.1143188565825583,0.16586767180301554,0.9867532346456201,0.007705598803760901,6,4,0.17320508075688773,2500,OLS_debias_iid,iid,False,5
3,4,4001,4,40001,True,451,False,100,0.44853827605602226,3.4028341700322926,0.0612071206751791,0.052250697539364545,0.09869993378148333,0.16458408722889264,0.9867239187284863,0.007961582890148255,6,4,0.17320508075688773,2500,OLS_debias_iid,iid,False,5
3,5,5001,0,1,True,542,False,100,0.5607527797202628,2.9841081080958247,0.07394788755057673,0.06266516542571456,0.14121844518890464,0.18051008914797914,0.9841841017699299,0.008005033606348482,6,4,0.17320508075688773,2500,OLS_debias_iid,iid,False,5
3,5,5001,27,270001,True,481,False,100,0.8275716930265039,2.5253242286853492,0.06831137320895563,0.04964210083191648,0.12119326384017091,0.22671781607243965,0.9735115230184945,0.008774667031009847,6,4,0.17320508075688773,2500,OLS_debias_iid,iid,False,5
3,9,9001,22,220001,True,137,False,100,0.6936342702730246,0.7433013417758048,0.023788135023769273,0.02335502937186992,0.03169731356890454,0.17715177325578765,0.9841253025099873,0.008277695913124975,6,4,0.17320508075688773,2500,OLS_debias_iid,iid,False,5
3,5,5001,1,10001,True,417,False,100,0.4615715527439141,3.032840952742845,0.0607714806731226,0.05174608600889608,0.10307151402270114,0.17307230356942846,0.985736051534059,0.007883095942503497,6,4,0.17320508075688773,2500,OLS_debias_iid,iid,False,5
3,4,4001,29,290001,True,445,False,100,0.6433405100495158,3.0570469349622726,0.05756637430725636,0.04340122456744835,0.11922595321758843,0.17220540138452434,0.9848567455033385,0.008034644657864305,6,4,0.17320508075688773,2500,OLS_debias_iid,iid,False,5
3,9,9001,28,280001,True,134,False,100,0.4175486758375928,0.615052618086338,0.39539590643847594,0.2910636592537406,0.875474621879366,0.6966020313325121,0.8091552328363406,0.008148431862939419,6,4,0.17320508075688773,2500,OLS_debias_iid,iid,False,5
3,1,1001,29,290001,True,616,False,100,0.6433405100495158,4.3632580558769405,0.053797996878405745,0.04075539712242246,0.10286341366298273,0.1807835841447325,0.9841033774753533,0.007902142242142089,6,4,0.17320508075688773,2500,OLS_debias_iid,iid,False,5
3,6,6001,19,190001,True,227,False,100,0.689469930631366,2.351888075005263,0.10602656338819384,0.08764481935997494,0.1546026177415018,0.2618427590267384,0.9668615350287256,0.008847182430093888,6,4,0.17320508075688773,2500,OLS_debias_iid,iid,False,5
4,0,1,5,50001,True,121,False,100,0.22417628943463683,0.5709870802238584,0.39810461155501575,0.2593965131073214,0.6546019643658729,0.9486211710292537,0.7183018160257861,0.015625426240870155,6,4,0.17320508075688773,2500,OLS_debias_iid,iid,False,5
3,2,2001,23,230001,True,314,False,100,0.6950573280524314,4.190133690834045,0.06001326752833063,0.051432945730684444,0.111144290621189,0.22392444316857515,0.9776186871963489,0.008300098295492296,6,4,0.17320508075688773,2500,OLS_debias_iid,iid,False,5
3,9,9001,5,50001,True,140,False,100,0.914760637550691,1.0883979820646346,0.4110067547329033,0.3155648515543042,0.950628187880453,0.9490676770757843,0.5877965351878044,0.010581493752436649,6,4,0.17320508075688773,2500,OLS_debias_iid,iid,False,5
3,9,9001,19,190001,True,155,False,100,0.689469930631366,0.9290045057423413,0.15555766404203772,0.12384898233470058,0.253774142632725,0.293755741420531,0.9585256072979335,0.007932323576728514,6,4,0.17320508075688773,2500,OLS_debias_iid,iid,False,5
4,0,1,8,80001,True,120,False,100,0.19071887809565044,0.5686557381413877,0.31804771329250514,0.20639581868228382,0.6347482636102763,0.6680544370321029,0.8266041880987522,0.015450231693981227,6,4,0.17320508075688773,2500,OLS_debias_iid,iid,False,5
3,8,8001,24,240001,True,260,False,100,0.90666550507506,1.3632171847857535,0.21752831890490407,0.13448173783158954,0.5340148893472814,0.5034702790500193,0.8944831118104642,0.008485957622056083,6,4,0.17320508075688773,2500,OLS_debias_iid,iid,False,5
3,3,3001,27,270001,True,482,False,100,0.8275716930265039,3.826217918191105,0.04808403671539514,0.04048524512897573,0.08784199489906754,0.22772837028449153,0.9745484926575365,0.007894764615768554,6,4,0.17320508075688773,2500,OLS_debias_iid,iid,False,5
3,3,3001,28,280001,True,529,False,100,0.4175486758375928,3.8058838369324803,0.0422184269804024,0.0382165509721634,0.06051245214537627,0.15127611833017773,0.9888425556948172,0.008229316487132042,6,4,0.17320508075688773,2500,OLS_debias_iid,iid,False,5
4,0,1,18,180001,True,121,False,100,0.32963908607068243,0.5468508363701403,0.3680498141317712,0.24151518359808255,0.8371288801239934,0.8172813830803491,0.7669932002913901,0.015388288929631767,6,4,0.17320508075688773,2500,OLS_debias_iid,iid,False,5
3,8,8001,28,280001,True,136,False,100,0.4175486758375928,1.3768118158914149,0.438396205028017,0.3451228892061067,0.7486303384978469,0.8457287741312655,0.7521480872341497,0.008031546748694045,6,4,0.17320508075688773,2500,OLS_debias_iid,iid,False,5
3,9,9001,6,60001,True,232,False,100,0.9614930683716931,1.2779941577464342,0.08526744560348413,0.07086273517593564,0.15926486346439966,0.6422957541834322,0.7551761022922819,0.010697820109045613,6,4,0.17320508075688773,2500,OLS_debias_iid,iid,False,5
3,6,6001,29,290001,True,456,False,100,0.6433405100495158,2.362037441227585,0.07656459875017349,0.058644913277446774,0.1486155437494629,0.18137465960554203,0.9834909629424567,0.007823777057623578,6,4,0.17320508075688773,2500,OLS_debias_iid,iid,False,5
3,2,2001,29,290001,True,348,False,100,0.6433405100495158,4.363336066249758,0.03816966135971368,0.032822206401918,0.06883109277977897,0.17148826883271853,0.9856027453601066,0.00789283350055109,6,4,0.17320508075688773,2500,OLS_debias_iid,iid,False,5
3,6,6001,26,260001,True,363,False,100,0.6427968597534178,2.476995192002505,0.11877151677237446,0.08284454730059404,0.26621467041727437,0.3449435445015105,0.942929716825831,0.008695760295771493,6,4,0.17320508075688773,2500,OLS_debias_iid,iid,False,5
3,9,9001,14,140001,True,142,False,100,0.5001691599794109,1.234162108041346,0.07889089632099593,0.05263762754657956,0.16574720452222905,0.1984028232237117,0.9803195490481924,0.008069910156839924,6,4,0.17320508075688773,2500,OLS_debias_iid,iid,False,5
3,7,7001,29,290001,True,166,False,100,0.6433405100495158,1.971305105369538,0.07093985243413076,0.05790263946593462,0.1071113454882956,0.18128760072777472,0.9835887965532915,0.008240781516112761,6,4,0.17320508075688773,2500,OLS_debias_iid,iid,False,5
4,0,1,15,150001,True,139,False,100,0.656920831984897,0.6510877260006964,0.023853258509102304,0.016653416432475924,0.053880209457800234,0.16802085322229493,0.9857904669833375,0.015150053860722839,6,4,0.17320508075688773,2500,OLS_debias_iid,iid,False,5
4,0,1,20,200001,True,135,False,100,0.8072554306744245,0.6290894760750234,0.012570747251382136,0.012337925214262796,0.01670857050346798,0.19673231542966507,0.9804994579613491,0.015537448314474244,6,4,0.17320508075688773,2500,OLS_debias_iid,iid,False,5
3,8,8001,21,210001,True,231,False,100,0.660860856614927,1.6728929528035223,0.03004030733501231,0.02841174930242375,0.04435578876405958,0.1608303730828541,0.9870652790951254,0.007880023388063404,6,4,0.17320508075688773,2500,OLS_debias_iid,iid,False,5
3,9,9001,21,210001,True,211,False,100,0.660860856614927,1.1662885639816523,0.07735135570692596,0.06363240619473604,0.12903574740462836,0.19455438316607335,0.9825240209789062,0.007876869171927368,6,4,0.17320508075688773,2500,OLS_debias_iid,iid,False,5
3,7,7001,14,140001,True,304,False,100,0.5001691599794109,2.177463708911091,0.10020996552232585,0.07547085222334877,0.16784102078813912,0.21184755410294454,0.9778251015108684,0.007986778695465985,6,4,0.17320508075688773,2500,OLS_debias_iid,iid,False,5
3,8,8001,18,180001,True,133,False,100,0.49612442287514447,1.7454900941811502,0.40728149265329355,0.3077895454958493,0.8950399473224768,0.791289092869271,0.776347163973859,0.008138920674004789,6,4,0.17320508075688773,2500,OLS_debias_iid,iid,False,5
3,9,9001,18,180001,True,237,False,100,0.49612442287514447,1.2220791364088655,0.3997952486954384,0.30426666224491,0.8309399772643167,0.7644775020121344,0.7913766072353047,0.008038926589726101,6,4,0.17320508075688773,2500,OLS_debias_iid,iid,False,5
3,9,9001,26,260001,True,143,False,100,0.6427968597534178,1.1178719471208751,0.35005078338248946,0.2566085466991601,0.7728879590761318,0.62248702659847,0.8501155253830621,0.008934466365732214,6,4,0.17320508075688773,2500,OLS_debias_iid,iid,False,5
4,0,1,26,260001,True,141,False,100,0.19864463888222528,0.6242435518652201,0.024804743164549496,0.022624231725505026,0.037629762695242076,0.12908583244630317,0.9916353679449356,0.014922631446756037,6,4,0.17320508075688773,2500,OLS_debias_iid,iid,False,5
3,6,6001,16,160001,True,359,False,100,0.45085838212351664,2.696899885777384,0.08446450649272355,0.06604085067408062,0.16662533907149996,0.18314804129080609,0.9839126594081247,0.007796417939130402,6,4,0.17320508075688773,2500,OLS_debias_iid,iid,False,5
4,0,1,2,20001,True,141,False,100,0.19097904993291573,0.9634036840870976,0.02735065408239474,0.025419361538402574,0.03972989637028368,0.13502620058751386,0.9908550680063488,0.01570136873135455,6,4,0.17320508075688773,2500,OLS_debias_iid,iid,False,5
3,6,6001,6,60001,True,313,False,100,0.9614930683716931,2.970738767180592,0.12488896674831201,0.09080744116579875,0.27323263091856986,0.6081353155515675,0.7837082852836638,0.010094496441318003,6,4,0.17320508075688773,2500,OLS_debias_iid,iid,False,5
3,2,2001,22,220001,True,478,False,100,0.6936342702730246,4.594960914924741,0.10602906486066062,0.08200962057890135,0.20734734306593516,0.25024793339596396,0.9720448014923774,0.008340369953621942,6,4,0.17320508075688773,2500,OLS_debias_iid,iid,False,5
3,9,9001,4,40001,True,133,False,100,0.44853827605602226,1.5135095678269863,0.4700133974931634,0.37837623244959295,0.9566211229484438,0.9180233118988621,0.7241224552710813,0.007562897694525852,6,4,0.17320508075688773,2500,OLS_debias_iid,iid,False,5
4,1,1001,13,130001,True,120,False,100,0.027744999234215507,0.4357848367653787,0.018134584491566293,0.015462654562342588,0.03146819500378415,0.12697116363576283,0.9919083139022805,0.01544682185071759,6,4,0.17320508075688773,2500,OLS_debias_iid,iid,False,5
3,9,9001,3,30001,True,264,False,100,0.4996665997576246,1.5484420722350478,0.04278646131088469,0.03845722508631621,0.07543329421689239,0.1884337064970875,0.982513822745982,0.008394282818734073,6,4,0.17320508075688773,2500,OLS_debias_iid,iid,False,5
4,1,1001,5,50001,True,130,False,100,0.22417628943463683,0.6242944113910198,0.03736451696289333,0.033027108438238056,0.059475036000845964,0.14389951075289706,0.9896864905753986,0.01458558553557025,6,4,0.17320508075688773,2500,OLS_debias_iid,iid,False,5
3,1,1001,17,170001,True,514,False,100,0.378260341320207,5.00776877021417,0.04448047416230411,0.040149643189226786,0.0738235985972718,0.14366305806318003,0.9897053547427378,0.007989278647273739,6,4,0.17320508075688773,2500,OLS_debias_iid,iid,False,5
3,8,8001,25,250001,True,317,False,100,0.38275032457973795,1.7349297110922635,0.11528405157358676,0.081643883523633,0.21295113981717778,0.22059706260805034,0.9762565192697368,0.008121828422295963,6,4,0.17320508075688773,2500,OLS_debias_iid,iid,False,5
3,6,6001,0,1,True,430,False,100,0.5607527797202628,3.171499690040946,0.05604392435110724,0.04944233901405016,0.10311428050634099,0.15855951185694395,0.9873468689353037,0.00836324513179688,6,4,0.17320508075688773,2500,OLS_debias_iid,iid,False,5
4,1,1001,4,40001,True,121,False,100,0.44853827605602226,0.7117529530078173,0.030069413031338418,0.029065327284321135,0.04000121672863542,0.14347498635606365,0.9897527925200615,0.015428470321543767,6,4,0.17320508075688773,2500,OLS_debias_iid,iid,False,5
3,8,8001,13,130001,True,398,False,100,0.34246606815959324,2.1371297636069357,0.064534993318597,0.051038628040247246,0.11155550495209375,0.16172754389116994,0.9870184957356214,0.007584729407335336,6,4,0.17320508075688773,2500,OLS_debias_iid,iid,False,5
3,9,9001,15,150001,True,134,False,100,0.656920831984897,1.5423908671364188,0.0408006545591517,0.03522526526127437,0.05838455435631977,0.1647700585123906,0.9862460676544137,0.0079492089787856,6,4,0.17320508075688773,2500,OLS_debias_iid,iid,False,5
4,1,1001,7,70001,True,149,False,100,0.3291272027338243,0.6887386008165777,0.03709992212541106,0.027092980253754683,0.06588035353755692,0.1461180610631826,0.989445725356037,0.015114847398976295,6,4,0.17320508075688773,2500,OLS_debias_iid,iid,False,5
3,8,8001,6,60001,True,415,False,100,0.9614930683716931,2.2245142059400678,0.3358218833193535,0.22166542968019234,0.9065984891079456,0.7751877042788128,0.6177854127073212,0.010319052711675523,6,4,0.17320508075688773,2500,OLS_debias_iid,iid,False,5
4,1,1001,3,30001,True,120,False,100,0.471121757448337,0.7700622766278684,0.022595467000483156,0.0202253368719526,0.04153391431722229,0.1400902627658866,0.990131371413854,0.015432268861020466,6,4,0.17320508075688773,2500,OLS_debias_iid,iid,False,5
4,1,1001,10,100001,True,158,False,100,0.2619514722512866,0.6891632881015539,0.028579505547940087,0.022923388966270126,0.05620591879599373,0.13604254958837178,0.9907543641822987,0.015100660687583686,6,4,0.17320508075688773,2500,OLS_debias_iid,iid,False,5
3,8,8001,29,290001,True,131,False,100,0.6433405100495158,1.7977096633985639,0.43218008902985544,0.3364931519915754,0.8323497618238379,0.8665955735709062,0.7760366389973736,0.008145544790585574,6,4,0.17320508075688773,2500,OLS_debias_iid,iid,False,5
4,1,1001,17,170001,True,121,False,100,0.0907271436105882,0.5858416520059109,0.34379356280084483,0.22176486949845642,0.6736263639981581,0.7454864616496815,0.79716817061362,0.01565806194780881,6,4,0.17320508075688773,2500,OLS_debias_iid,iid,False,5
3,5,5001,15,150001,True,478,False,100,0.656920831984897,3.5477636121213436,0.07400429361250753,0.06362979267158707,0.12584656496874239,0.18874494412944862,0.9826012773657012,0.008381714531179014,6,4,0.17320508075688773,2500,OLS_debias_iid,iid,False,5
3,3,3001,9,90001,True,451,False,100,0.5835877867429022,4.640274814330041,0.08085472491507867,0.06678714534295667,0.13602930349947273,0.21228438898355675,0.9809576534251354,0.008003992308005985,6,4,0.17320508075688773,2500,OLS_debias_iid,iid,False,5
3,7,7001,4,40001,True,366,False,100,0.44853827605602226,2.752646869048476,0.033164799541166086,0.03120720963504875,0.051811939947891864,0.14462768611281512,0.9895041319804668,0.008507787398798036,6,4,0.17320508075688773,2500,OLS_debias_iid,iid,False,5
4,1,1001,15,150001,True,143,False,100,0.656920831984897,0.6808551279827952,0.02094079869562494,0.014032784457032344,0.04829291285643117,0.16087699397523453,0.9869760824674859,0.014834385444960782,6,4,0.17320508075688773,2500,OLS_debias_iid,iid,False,5
4,0,1,9,90001,True,147,False,100,0.5183949345481166,1.1872615995816886,0.023624803820124482,0.021949989116201676,0.03152292556217215,0.1466468381293045,0.9894001449116075,0.015475081108778824,6,4,0.17320508075688773,2500,OLS_debias_iid,iid,False,5
4,1,1001,6,60001,True,168,False,100,0.40472568354906985,0.8471898031421006,0.03352937856703157,0.03209041815656315,0.05082084683174404,0.1473277927220014,0.9892349525848663,0.015809657320782666,6,4,0.17320508075688773,2500,OLS_debias_iid,iid,False,5
3,6,6001,17,170001,True,256,False,100,0.378260341320207,3.120188084896654,0.02495407714970185,0.023254798914817715,0.03820535091536088,0.1324676646251098,0.9911790346844566,0.008073042539634558,6,4,0.17320508075688773,2500,OLS_debias_iid,iid,False,5
4,0,1,1,10001,True,347,False,100,0.4615715527439141,1.4009818588383496,0.01641327596108535,0.015043017301387136,0.026127397672200847,0.13517131347583627,0.9908246179129775,0.01556932425244836,6,4,0.17320508075688773,2500,OLS_debias_iid,iid,False,5
4,1,1001,21,210001,True,122,False,100,0.660860856614927,0.5631582583300769,0.38281971136398313,0.2509720844797712,1.031778878491323,0.8450793464743944,0.7429809595781489,0.015441878522152421,6,4,0.17320508075688773,2500,OLS_debias_iid,iid,False,5
4,0,1,16,160001,True,245,False,100,0.43112823898435315,1.13534016860649,0.03772990134451082,0.031801978603121416,0.06403015334526656,0.15510930973136963,0.9882683198898374,0.015237419391561867,6,4,0.17320508075688773,2500,OLS_debias_iid,iid,False,5
3,7,7001,23,230001,True,214,False,100,0.6950573280524314,2.54974457109347,0.054286564771004645,0.04403363179776328,0.10950127594138621,0.19810213721371608,0.9808653412565199,0.008265792683579489,6,4,0.17320508075688773,2500,OLS_debias_iid,iid,False,5
3,7,7001,12,120001,True,229,False,100,0.5596306103517705,2.642390633933246,0.0572365662106974,0.04479935696870609,0.11725486112487532,0.17636119816425308,0.9852999906347578,0.008003204098362153,6,4,0.17320508075688773,2500,OLS_debias_iid,iid,False,5
4,0,1,25,250001,True,120,False,100,0.0654718396519807,1.102998394984752,0.36317193833323935,0.23686600311356884,0.7203359971796756,0.8096257419449451,0.7722135160228103,0.015140036705034454,6,4,0.17320508075688773,2500,OLS_debias_iid,iid,False,5
3,9,9001,9,90001,True,296,False,100,0.5835877867429022,1.8178303558379412,0.3592591125787593,0.2552956251852984,0.8547639037160127,0.5963512086884784,0.8499062266220982,0.008230518317854655,6,4,0.17320508075688773,2500,OLS_debias_iid,iid,False,5
4,1,1001,29,290001,True,122,False,100,0.08360142058104306,0.5841056746430695,0.37721289026956195,0.24941013921884,0.7643383530002088,0.8588801321517101,0.754266574597201,0.01552587275912452,6,4,0.17320508075688773,2500,OLS_debias_iid,iid,False,5
4,0,1,12,120001,True,197,False,100,0.1810077617924173,1.2924941619858146,0.021230624798946853,0.01974988900365601,0.031554787070092856,0.1308008765729977,0.9914142972895736,0.014855454484288242,6,4,0.17320508075688773,2500,OLS_debias_iid,iid,False,5
4,2,2001,5,50001,True,121,False,100,0.22417628943463683,0.5506627280265093,0.03879927400104931,0.03347431584052304,0.06138015184122892,0.1416919265095754,0.9899882182414712,0.0155520783390928,6,4,0.17320508075688773,2500,OLS_debias_iid,iid,False,5
4,0,1,13,130001,True,292,False,100,0.027744999234215507,1.3161854380741715,0.0191947771982519,0.017089211128277413,0.029311296398927312,0.1275055998398515,0.9918393576880832,0.015122079136613786,6,4,0.17320508075688773,2500,OLS_debias_iid,iid,False,5
3,5,5001,8,80001,True,488,False,100,0.4005926778644001,3.8663267358206213,0.0438855248001908,0.034924826410964255,0.08814481606999901,0.14272358140929123,0.989893098078879,0.007837440962461634,6,4,0.17320508075688773,2500,OLS_debias_iid,iid,False,5
4,0,1,22,220001,True,299,False,100,0.36910701294536175,1.2392603396438062,0.02513670599883423,0.023436011227081287,0.039361528426155576,0.14009132673268798,0.9902380787496105,0.015460737850524401,6,4,0.17320508075688773,2500,OLS_debias_iid,iid,False,5
4,0,1,23,230001,True,269,False,100,0.12688486242682628,1.2344186063855886,0.027419883787291283,0.02101329643482509,0.058022142143147194,0.13588157524294686,0.9907253749817355,0.01482465846443383,6,4,0.17320508075688773,2500,OLS_debias_iid,iid,False,5
4,1,1001,24,240001,True,145,False,100,0.90666550507506,0.6913617318496108,0.023864341304543978,0.020803982088342245,0.04342036873701418,0.28556206566229514,0.9599542211227636,0.016590330467112845,6,4,0.17320508075688773,2500,OLS_debias_iid,iid,False,5
4,1,1001,16,160001,True,183,False,100,0.43112823898435315,0.89237010339275,0.06262529797460324,0.04623100255315011,0.11643027859272316,0.18145707167879205,0.9845128178114271,0.015317002373137103,6,4,0.17320508075688773,2500,OLS_debias_iid,iid,False,5
3,8,8001,7,70001,True,495,False,100,0.4943052373278208,2.6263404013589025,0.06459454646239154,0.052963557141914495,0.10178019542363763,0.1774536899829081,0.9854450802044846,0.00803927023394108,6,4,0.17320508075688773,2500,OLS_debias_iid,iid,False,5
4,2,2001,7,70001,True,152,False,100,0.3291272027338243,0.6604645070619881,0.012272441133853404,0.01059196715881551,0.021018756293715957,0.12941472749201288,0.9915900926287835,0.014967975079776197,6,4,0.17320508075688773,2500,OLS_debias_iid,iid,False,5
3,8,8001,27,270001,True,176,False,100,0.8275716930265039,2.177111361641437,0.08391635594878422,0.05760175690467532,0.14527159911661033,0.23811266233145942,0.9711794843968774,0.008576686511127897,6,4,0.17320508075688773,2500,OLS_debias_iid,iid,False,5
3,8,8001,20,200001,True,511,False,100,0.8072554306744245,2.465105179231614,0.08112546825616647,0.06152586265646415,0.1436319194693538,0.29331415529273347,0.9666825004941835,0.008755675911961233,6,4,0.17320508075688773,2500,OLS_debias_iid,iid,False,5
4,0,1,28,280001,True,136,False,100,0.4175486758375928,1.3168992633000016,0.034704509787908455,0.02576285070733623,0.06485304767354487,0.14958634441277016,0.9891916026769438,0.014907139949377467,6,4,0.17320508075688773,2500,OLS_debias_iid,iid,False,5
3,6,6001,27,270001,True,379,False,100,0.8275716930265039,3.262721334118396,0.05733002519359365,0.04480702361438479,0.11211596318365472,0.2535786818506101,0.9701790308812419,0.008577113705168862,6,4,0.17320508075688773,2500,OLS_debias_iid,iid,False,5
4,1,1001,2,20001,True,244,False,100,0.19097904993291573,1.2549723559059203,0.03498511833228041,0.03142712751169762,0.05560701611326553,0.1356124054798893,0.9907784097924495,0.015308109028668792,6,4,0.17320508075688773,2500,OLS_debias_iid,iid,False,5
4,0,1,6,60001,True,379,False,100,0.40472568354906985,1.6303092949092388,0.04902428112255721,0.0435302159976775,0.08917524434331471,0.1614672007600545,0.9873034285268422,0.01521079492953296,6,4,0.17320508075688773,2500,OLS_debias_iid,iid,False,5
4,0,1,0,1,True,274,False,100,0.5607527797202628,1.73172861430794,0.0416379739189611,0.03949421440516767,0.06363903022557342,0.164711669980381,0.98681320067766,0.015051598644941405,6,4,0.17320508075688773,2500,OLS_debias_iid,iid,False,5
4,2,2001,2,20001,True,199,False,100,0.19097904993291573,0.7730610948055983,0.026989962072458212,0.024394679675099746,0.04102910251383994,0.13301383485090196,0.9911351570885095,0.015518984751713177,6,4,0.17320508075688773,2500,OLS_debias_iid,iid,False,5
4,1,1001,11,110001,True,169,False,100,0.5823828496664981,1.1579751842655241,0.018751414394428914,0.015254896980863237,0.038149971490865145,0.15086292150999192,0.9886508454055003,0.014764940295416005,6,4,0.17320508075688773,2500,OLS_debias_iid,iid,False,5
4,0,1,27,270001,True,319,False,100,0.17934803607106495,1.3725472069345415,0.028859351838539517,0.02656947225108038,0.04431659319437223,0.13611611631528311,0.9906625472973937,0.015173847264216523,6,4,0.17320508075688773,2500,OLS_debias_iid,iid,False,5
3,8,8001,8,80001,True,597,False,100,0.4005926778644001,2.7446864871308208,0.06405343877170191,0.05304976883106157,0.1022422147193311,0.15795927224092846,0.9878158551066654,0.007997892810654206,6,4,0.17320508075688773,2500,OLS_debias_iid,iid,False,5
3,9,9001,16,160001,True,356,False,100,0.45085838212351664,2.0854045720770955,0.12253933340059758,0.08894987900705646,0.23191189888095384,0.21714502969801397,0.9771049521650538,0.00826216555960286,6,4,0.17320508075688773,2500,OLS_debias_iid,iid,False,5
4,1,1001,0,1,True,199,False,100,0.5607527797202628,1.313373719342053,0.04033099005289887,0.037471394043389304,0.06327232641593672,0.16369837255732902,0.9871297421401106,0.015223155613302345,6,4,0.17320508075688773,2500,OLS_debias_iid,iid,False,5
4,2,2001,15,150001,True,140,False,100,0.656920831984897,0.6532715088687837,0.4086298683529571,0.27844693286841793,1.1414336357461468,1.0031106615028778,0.6991868325598609,0.014913884020957661,6,4,0.17320508075688773,2500,OLS_debias_iid,iid,False,5
3,9,9001,0,1,True,446,False,100,0.5607527797202628,2.2497505210340023,0.04067756566280873,0.04006479727217422,0.05093438206115779,0.15472873258580586,0.9879902657351218,0.007794386892588654,6,4,0.17320508075688773,2500,OLS_debias_iid,iid,False,5
4,2,2001,9,90001,True,167,False,100,0.5183949345481166,0.7831762507557869,0.0280306432368894,0.025340971016061656,0.040031443324899024,0.1497428000092911,0.9890080377189874,0.01564709566937653,6,4,0.17320508075688773,2500,OLS_debias_iid,iid,False,5
3,8,8001,19,190001,True,485,False,100,0.689469930631366,2.5560985836200416,0.06357798596833612,0.05215248139006511,0.10908296256705421,0.23624870677293186,0.9720148999050853,0.00862747084051242,6,4,0.17320508075688773,2500,OLS_debias_iid,iid,False,5
3,9,9001,12,120001,True,383,False,100,0.5596306103517705,2.134146766271442,0.06845214715983582,0.05650403316660374,0.10235648202203612,0.17426911448556168,0.9852865438926176,0.008718523984727427,6,4,0.17320508075688773,2500,OLS_debias_iid,iid,False,5
4,2,2001,12,120001,True,166,False,100,0.1810077617924173,0.7147073308005929,0.03546648358697119,0.03188530538836889,0.0518298287602841,0.1403718512211547,0.9901534261091032,0.015753080482065997,6,4,0.17320508075688773,2500,OLS_debias_iid,iid,False,5
3,7,7001,21,210001,True,403,False,100,0.660860856614927,2.9760593683458865,0.10182328900880509,0.08021434116444415,0.19341114826581063,0.2086213292667424,0.9791802232035045,0.008065573332753082,6,4,0.17320508075688773,2500,OLS_debias_iid,iid,False,5
4,0,1,19,190001,True,307,False,100,0.060581507707597654,1.5384894250892103,0.02174260215739593,0.019261495922931502,0.037283514788230734,0.13006827655744838,0.9915112389954757,0.015528071919774981,6,4,0.17320508075688773,2500,OLS_debias_iid,iid,False,5
4,1,1001,25,250001,True,120,False,100,0.0654718396519807,0.9306183140724897,0.4028130191994657,0.3153240300844314,0.7304757284722129,0.975351067926977,0.7115313235307361,0.014867510612048636,6,4,0.17320508075688773,2500,OLS_debias_iid,iid,False,5
4,2,2001,23,230001,True,137,False,100,0.12688486242682628,0.6004752651788294,0.31205292578783383,0.20821961688132654,0.6084695989623495,0.6456645230155873,0.835478780104514,0.015050836145201446,6,4,0.17320508075688773,2500,OLS_debias_iid,iid,False,5
3,9,9001,11,110001,True,429,False,100,0.7761811778727253,2.1896083899773657,0.05671228511771171,0.04588455669188349,0.09023862740196266,0.2243840996634525,0.9772142748161561,0.008521440471485784,6,4,0.17320508075688773,2500,OLS_debias_iid,iid,False,5
3,9,9001,10,100001,True,411,False,100,0.9712551925535012,2.2034901091828942,0.18798895573641028,0.13541968041750013,0.31529001298196524,0.5275951173161295,0.8684238848032871,0.010089848314997676,6,4,0.17320508075688773,2500,OLS_debias_iid,iid,False,5
4,0,1,21,210001,True,351,False,100,0.660860856614927,1.563356002792716,0.04532872304901237,0.0358848456674877,0.09012653430893203,0.1960508458059173,0.9824531839786714,0.01494722305015912,6,4,0.17320508075688773,2500,OLS_debias_iid,iid,False,5
3,9,9001,23,230001,True,385,False,100,0.6950573280524314,2.0651306291110814,0.06494408304712118,0.04695156357086807,0.14505465104593043,0.1940049308844298,0.9811398861710235,0.008129572145822892,6,4,0.17320508075688773,2500,OLS_debias_iid,iid,False,5
4,0,1,14,140001,True,364,False,100,0.2351047203257743,1.6792463073506951,0.04805638856724651,0.03704232316764414,0.08416286323584884,0.15479147638999874,0.9881923886563735,0.015130844500266761,6,4,0.17320508075688773,2500,OLS_debias_iid,iid,False,5
4,3,3001,6,60001,True,122,False,100,0.40472568354906985,0.5393817420117557,0.35216055469111696,0.23627364594520808,0.8035806438174316,0.7595790972192834,0.7844422663344863,0.015929543685495633,6,4,0.17320508075688773,2500,OLS_debias_iid,iid,False,5
4,1,1001,14,140001,True,165,False,100,0.2351047203257743,1.2776767299510539,0.020211150829355973,0.01797256265165623,0.03062047990027011,0.1343692537595796,0.990955754629294,0.015656633961052803,6,4,0.17320508075688773,2500,OLS_debias_iid,iid,False,5
4,1,1001,1,10001,True,120,False,100,0.4615715527439141,1.4831839790567756,0.37654080591370476,0.2461928442108806,0.9286620028031625,0.8323106534291846,0.7602486809659356,0.015661627669495647,6,4,0.17320508075688773,2500,OLS_debias_iid,iid,False,5
4,0,1,7,70001,True,441,False,100,0.3291272027338243,1.8614174472168088,0.043374910289872476,0.032191805777701164,0.07864580054079887,0.15509163975904236,0.9882619233869443,0.014951538232277125,6,4,0.17320508075688773,2500,OLS_debias_iid,iid,False,5
4,3,3001,7,70001,True,120,False,100,0.3291272027338243,0.571985203307122,0.35745766045575694,0.2572867300744615,0.6581067880196547,0.78225544061,0.7787224476006327,0.015225170254224383,6,4,0.17320508075688773,2500,OLS_debias_iid,iid,False,5
3,9,9001,25,250001,True,398,False,100,0.38275032457973795,2.1545218359678984,0.07374768534524542,0.059910426138614165,0.12597663029149886,0.16683571538109634,0.9861307350789216,0.008177965571008588,6,4,0.17320508075688773,2500,OLS_debias_iid,iid,False,5
3,8,8001,2,20001,True,614,False,100,0.21283959308273342,3.031043596100062,0.06624268515589266,0.055572609397918964,0.11798690649688,0.1559965939076248,0.9877435210425535,0.007692201466395099,6,4,0.17320508075688773,2500,OLS_debias_iid,iid,False,5
3,9,9001,8,80001,True,321,False,100,0.4005926778644001,2.3753988640382886,0.04402972611198567,0.03853337735796059,0.0690531090741864,0.14363987137328293,0.9897707219529265,0.008024113984558993,6,4,0.17320508075688773,2500,OLS_debias_iid,iid,False,5
4,2,2001,13,130001,True,223,False,100,0.027744999234215507,0.9535097465850413,0.021537286505873634,0.020113491829823072,0.032418995935728605,0.13029173606264716,0.9914679427066329,0.01562520379442467,6,4,0.17320508075688773,2500,OLS_debias_iid,iid,False,5
3,9,9001,29,290001,True,307,False,100,0.6433405100495158,2.0681996666826308,0.037069340490904525,0.032648448131190375,0.06485165145356579,0.1648827740077424,0.9862760662498699,0.007794679826286551,6,4,0.17320508075688773,2500,OLS_debias_iid,iid,False,5
4,0,1,24,240001,True,399,False,100,0.90666550507506,1.7265983717516065,0.02796949376650721,0.02398661586798927,0.05479604448055588,0.28498725017203064,0.9614103928958346,0.016170189474799805,6,4,0.17320508075688773,2500,OLS_debias_iid,iid,False,5
4,3,3001,1,10001,True,167,False,100,0.4615715527439141,0.7522095069289207,0.017372140715740652,0.01573001436933258,0.028695115292382695,0.13189118203824585,0.9912682414174316,0.015639695801448347,6,4,0.17320508075688773,2500,OLS_debias_iid,iid,False,5
4,3,3001,0,1,True,171,False,100,0.5607527797202628,0.7745066839270294,0.04017505110254481,0.03732618587337313,0.06324557444568854,0.1645448076943755,0.9869293478813581,0.015513564568251884,6,4,0.17320508075688773,2500,OLS_debias_iid,iid,False,5
4,3,3001,11,110001,True,129,False,100,0.5823828496664981,0.637790123000741,0.009935802661416733,0.008953549343127852,0.013791155647127202,0.15360737439486818,0.988118675627512,0.015333934418696868,6,4,0.17320508075688773,2500,OLS_debias_iid,iid,False,5
3,3,3001,14,140001,True,511,False,100,0.5001691599794109,5.348881719168276,0.061798879250951004,0.04804539172688766,0.10555956297626513,0.18679416996683548,0.982845569843759,0.008187044940644378,6,4,0.17320508075688773,2500,OLS_debias_iid,iid,False,5
4,4,4001,0,1,True,139,False,100,0.5607527797202628,0.38803222635760903,0.03543404979641839,0.033612841546056406,0.05025650843118698,0.15776962382287507,0.9876713787354378,0.015340752721958676,6,4,0.17320508075688773,2500,OLS_debias_iid,iid,False,5
3,9,9001,24,240001,True,228,False,100,0.90666550507506,2.2969237570650876,0.05258000690075503,0.039252373436456676,0.11084405438399775,0.2865378981099757,0.9611701679019253,0.008478028574748673,6,4,0.17320508075688773,2500,OLS_debias_iid,iid,False,5
4,1,1001,12,120001,True,341,False,100,0.1810077617924173,1.4955951678566635,0.024773461786057868,0.02343420908281499,0.0329439946315326,0.1338749388665238,0.9910212399939408,0.015157253593572449,6,4,0.17320508075688773,2500,OLS_debias_iid,iid,False,5
3,8,8001,16,160001,True,515,False,100,0.45085838212351664,2.959388088900596,0.09258859346408337,0.06965963698340777,0.15953686728314082,0.19794484514980729,0.9815999110224989,0.007731114301109545,6,4,0.17320508075688773,2500,OLS_debias_iid,iid,False,5
4,2,2001,19,190001,True,222,False,100,0.060581507707597654,0.9376839930191636,0.023356132358991154,0.021554292629198488,0.03548163886222251,0.13183414106711733,0.9912700085868378,0.015607555488705281,6,4,0.17320508075688773,2500,OLS_debias_iid,iid,False,5
3,6,6001,22,220001,True,452,False,100,0.6936342702730246,3.8122915509156883,0.0926626561169444,0.06896946706708283,0.20137541838004896,0.22006541905880414,0.9774713090194248,0.008567633235501063,6,4,0.17320508075688773,2500,OLS_debias_iid,iid,False,5
4,3,3001,14,140001,True,144,False,100,0.2351047203257743,0.6119461418129504,0.03228450128697246,0.02681996384980137,0.05440541580700327,0.14152415439530933,0.9900629005423598,0.014971850574484918,6,4,0.17320508075688773,2500,OLS_debias_iid,iid,False,5
4,1,1001,23,230001,True,297,False,100,0.12688486242682628,1.2983640981838107,0.02696884726540306,0.022165753507127406,0.05549480345011449,0.13609740596412043,0.990713707558071,0.014602412232872309,6,4,0.17320508075688773,2500,OLS_debias_iid,iid,False,5
4,4,4001,3,30001,True,145,False,100,0.471121757448337,0.4056398677639663,0.0365592114285145,0.03334053523285432,0.058390594319230035,0.15237241075382613,0.9886775815714177,0.0148718626335079,6,4,0.17320508075688773,2500,OLS_debias_iid,iid,False,5
3,9,9001,27,270001,True,168,False,100,0.8275716930265039,2.302997862920165,0.05661445078484741,0.04687857868607651,0.08345073231308078,0.23391670359233116,0.9724939811544976,0.008017304398285196,6,4,0.17320508075688773,2500,OLS_debias_iid,iid,False,5
3,3,3001,13,130001,True,552,False,100,0.34246606815959324,5.413923143874854,0.05795950350588829,0.05031414837344831,0.09882325121326424,0.15394358713455888,0.9882628679008466,0.007765725674184785,6,4,0.17320508075688773,2500,OLS_debias_iid,iid,False,5
3,1,1001,3,30001,True,646,False,100,0.4996665997576246,6.217542176134884,0.05192321359498485,0.04460878615911284,0.10045341082943518,0.19641242769259804,0.98131989257903,0.008268085265651447,6,4,0.17320508075688773,2500,OLS_debias_iid,iid,False,5
4,3,3001,19,190001,True,123,False,100,0.060581507707597654,0.6582236532121897,0.03332648546089784,0.02926262698599374,0.058295962919025404,0.13694170168596892,0.9905883438068741,0.015545531342184228,6,4,0.17320508075688773,2500,OLS_debias_iid,iid,False,5
4,2,2001,17,170001,True,243,False,100,0.0907271436105882,1.0763853499665856,0.04875678593735751,0.03552885104711959,0.09017564688313578,0.14296609681174322,0.9897637823590852,0.015792468943988742,6,4,0.17320508075688773,2500,OLS_debias_iid,iid,False,5
4,1,1001,9,90001,True,159,False,100,0.5183949345481166,1.6774063808843493,0.025129919505119773,0.022689018029205848,0.03409118208520353,0.1471750591967061,0.9893147401725466,0.015445182392310517,6,4,0.17320508075688773,2500,OLS_debias_iid,iid,False,5
3,5,5001,3,30001,True,427,False,100,0.4996665997576246,4.660462598316371,0.0611415168524357,0.05115236489862113,0.10959818211837875,0.198227451938967,0.9805499394541753,0.008012868535415392,6,4,0.17320508075688773,2500,OLS_debias_iid,iid,False,5
4,1,1001,26,260001,True,313,False,100,0.19864463888222528,1.3753930958919227,0.023543880757823623,0.021135174876927443,0.038579256270022705,0.13131398833880706,0.9913601210377213,0.015132994796494341,6,4,0.17320508075688773,2500,OLS_debias_iid,iid,False,5
4,4,4001,2,20001,True,121,False,100,0.19097904993291573,0.535171071998775,0.022950787261169673,0.01945113515449697,0.043163413462059944,0.13032026268525387,0.9914853885435593,0.015059624287077017,6,4,0.17320508075688773,2500,OLS_debias_iid,iid,False,5
4,1,1001,18,180001,True,178,False,100,0.32963908607068243,1.5592048140242696,0.045356480085640354,0.03624321737472213,0.081249936580259,0.15195831795975845,0.9886578588216335,0.015044768409555476,6,4,0.17320508075688773,2500,OLS_debias_iid,iid,False,5
4,3,3001,20,200001,True,152,False,100,0.8072554306744245,0.7200309317559004,0.017367508299663322,0.015084629806767327,0.034231515319556115,0.2008823361622999,0.980031885947857,0.01558764322664814,6,4,0.17320508075688773,2500,OLS_debias_iid,iid,False,5
4,1,1001,22,220001,True,359,False,100,0.36910701294536175,1.4804434985853732,0.02906580955910923,0.02654288878069186,0.04479287687670776,0.14068457156453867,0.9902019166900844,0.015387623944223444,6,4,0.17320508075688773,2500,OLS_debias_iid,iid,False,5
3,9,9001,2,20001,True,426,False,100,0.21283959308273342,2.7816473469138145,0.04707447315653016,0.04080235912067031,0.07675934929619461,0.1430680828769144,0.989773891850472,0.008048036673368057,6,4,0.17320508075688773,2500,OLS_debias_iid,iid,False,5
4,2,2001,0,1,True,327,False,100,0.5607527797202628,1.4137852559797466,0.031676752197233954,0.029415637008027875,0.045737978926585716,0.15217929547055647,0.988452252946288,0.015333352812979671,6,4,0.17320508075688773,2500,OLS_debias_iid,iid,False,5
3,6,6001,11,110001,True,551,False,100,0.7761811778727253,4.191241362597793,0.12490403192540489,0.08183231670724746,0.26755238341205473,0.25796099658049737,0.9695857876717092,0.008322311669141208,6,4,0.17320508075688773,2500,OLS_debias_iid,iid,False,5
3,7,7001,11,110001,True,512,False,100,0.7761811778727253,3.5846125329844654,0.07235872561715367,0.052732687537489574,0.14607704476658137,0.22399461497172282,0.9772079924931161,0.008346867162859746,6,4,0.17320508075688773,2500,OLS_debias_iid,iid,False,5
4,0,1,3,30001,True,533,False,100,0.471121757448337,2.3387079020030797,0.03242244473347369,0.030239962573709214,0.04575368671749617,0.14657808150868118,0.9893409640105277,0.015418603045527545,6,4,0.17320508075688773,2500,OLS_debias_iid,iid,False,5
4,4,4001,4,40001,True,121,False,100,0.44853827605602226,0.631119170691818,0.02869265329334573,0.02570602648308283,0.04134083934288512,0.13656620121442917,0.9906272287580185,0.015469108293785644,6,4,0.17320508075688773,2500,OLS_debias_iid,iid,False,5
4,2,2001,3,30001,True,358,False,100,0.471121757448337,1.4522802247665823,0.03633665996975049,0.03403395271221261,0.05560669923022054,0.15094382143967017,0.9888149384890623,0.015278632030237072,6,4,0.17320508075688773,2500,OLS_debias_iid,iid,False,5
4,2,2001,22,220001,True,299,False,100,0.36910701294536175,1.2101486530154943,0.025479244340902193,0.024154039312620862,0.03735752160571796,0.14025629416548654,0.9902007626666882,0.015193075088870524,6,4,0.17320508075688773,2500,OLS_debias_iid,iid,False,5
4,4,4001,16,160001,True,128,False,100,0.43112823898435315,0.5817108722403646,0.01832879066794847,0.016708857118017683,0.02983166462095792,0.13870173245503564,0.9903545666706427,0.01558443800122551,6,4,0.17320508075688773,2500,OLS_debias_iid,iid,False,5
4,2,2001,18,180001,True,148,False,100,0.32963908607068243,1.26367540191859,0.03717454304482071,0.032379500308275834,0.06019723695289046,0.14465677829200188,0.9896307698653678,0.015686276350168636,6,4,0.17320508075688773,2500,OLS_debias_iid,iid,False,5
4,3,3001,29,290001,True,160,False,100,0.08360142058104306,0.7270521810278296,0.02924553305389524,0.025770091920109983,0.05192699399957882,0.13245659581762037,0.9912013306259717,0.015373004380857296,6,4,0.17320508075688773,2500,OLS_debias_iid,iid,False,5
4,4,4001,21,210001,True,123,False,100,0.660860856614927,0.5450058109126985,0.25552245626208087,0.16170106034092596,0.5889989512581068,0.5795381624611173,0.8658662579943587,0.015392863151189207,6,4,0.17320508075688773,2500,OLS_debias_iid,iid,False,5
3,9,9001,13,130001,True,347,False,100,0.34246606815959324,2.8138019121252,0.0526762157549875,0.046762584959474586,0.09305419133337094,0.14994874087895946,0.9890231994537174,0.007978800313847172,6,4,0.17320508075688773,2500,OLS_debias_iid,iid,False,5
4,2,2001,6,60001,True,135,False,100,0.40472568354906985,1.5361004220321774,0.03495285092750212,0.03291305022424696,0.05540377174146186,0.14822949887192477,0.9890999996695922,0.015245814505529722,6,4,0.17320508075688773,2500,OLS_debias_iid,iid,False,5
4,2,2001,24,240001,True,174,False,100,0.90666550507506,1.2979519008658826,0.025175846966937917,0.02220417136140362,0.041093101875430575,0.2789066013472583,0.9613059162209798,0.016212581352031144,6,4,0.17320508075688773,2500,OLS_debias_iid,iid,False,5
4,4,4001,12,120001,True,179,False,100,0.1810077617924173,0.7515183216892183,0.023335316350388154,0.02172684451971788,0.03298886993547469,0.1290086344802417,0.991652131797681,0.015144288248896794,6,4,0.17320508075688773,2500,OLS_debias_iid,iid,False,5
4,3,3001,21,210001,True,209,False,100,0.660860856614927,0.9270692300051451,0.05449490308992779,0.042416227815031814,0.1089296484017806,0.20866187422309956,0.9806178072602427,0.015266809328408468,6,4,0.17320508075688773,2500,OLS_debias_iid,iid,False,5
4,2,2001,4,40001,True,157,False,100,0.44853827605602226,1.6074938513338566,0.03446451787895697,0.03385770741925957,0.041337607157661764,0.14446977610214673,0.9896990368734124,0.015318579157037408,6,4,0.17320508075688773,2500,OLS_debias_iid,iid,False,5
3,7,7001,28,280001,True,489,False,100,0.4175486758375928,3.683080563787371,0.05633554945578688,0.048250260597588475,0.08638302484886361,0.164895727866308,0.9866739327868461,0.007923435827137027,6,4,0.17320508075688773,2500,OLS_debias_iid,iid,False,5
4,4,4001,20,200001,True,152,False,100,0.8072554306744245,0.6894614947959781,0.03881474836049634,0.02775330864821926,0.08517008473213535,0.23659067159106345,0.9751064615497081,0.015839011118385378,6,4,0.17320508075688773,2500,OLS_debias_iid,iid,False,5
4,0,1,11,110001,True,260,False,100,0.5823828496664981,2.4042458427138627,0.022564874650287347,0.018579291857442583,0.04175867189121119,0.16154497035468715,0.9872056021716692,0.015231692753720943,6,4,0.17320508075688773,2500,OLS_debias_iid,iid,False,5
4,4,4001,29,290001,True,123,False,100,0.08360142058104306,0.5610673427581787,0.023630076214169616,0.020926833468188234,0.03824066100606007,0.12866908595128002,0.9916902169458726,0.015216437082949846,6,4,0.17320508075688773,2500,OLS_debias_iid,iid,False,5
4,4,4001,9,90001,True,170,False,100,0.5183949345481166,0.8386981547810137,0.03886265170000644,0.03282932030162745,0.06749226522373644,0.15968439343222324,0.9879017062681357,0.015304184499329259,6,4,0.17320508075688773,2500,OLS_debias_iid,iid,False,5
4,2,2001,27,270001,True,310,False,100,0.17934803607106495,1.3411821867339313,0.027318715578531768,0.025238340408710074,0.04514705299368304,0.13547075049774415,0.9907928872978333,0.014916052657613659,6,4,0.17320508075688773,2500,OLS_debias_iid,iid,False,5
4,5,5001,12,120001,True,121,False,100,0.1810077617924173,0.5175517513416708,0.024953777412781868,0.023638911837109117,0.0323019617600192,0.1322317036099475,0.9912420538847124,0.014753218884577854,6,4,0.17320508075688773,2500,OLS_debias_iid,iid,False,5
4,5,5001,2,20001,True,122,False,100,0.19097904993291573,0.5897932727821171,0.3612295299467671,0.2399923438829605,0.7602039823883592,0.8008631588474234,0.7749947414710741,0.015457595875268857,6,4,0.17320508075688773,2500,OLS_debias_iid,iid,False,5
4,4,4001,17,170001,True,191,False,100,0.0907271436105882,0.8339264709502459,0.016273314501788434,0.014786640971459555,0.02498549912834265,0.12328346165910051,0.992369840383809,0.015344130931705297,6,4,0.17320508075688773,2500,OLS_debias_iid,iid,False,5
4,1,1001,19,190001,True,122,False,100,0.060581507707597654,1.9217770458199084,0.03283903474778181,0.02901150164629894,0.05443306432789026,0.13737284084642243,0.9905483433903883,0.015148515996901955,6,4,0.17320508075688773,2500,OLS_debias_iid,iid,False,5
3,7,7001,6,60001,True,297,False,100,0.9614930683716931,4.121741961222142,0.1405227809588488,0.10767280262395107,0.2952230873752852,0.5818568904065348,0.7901753654234338,0.010152714588789365,6,4,0.17320508075688773,2500,OLS_debias_iid,iid,False,5
4,5,5001,8,80001,True,140,False,100,0.19071887809565044,0.6318398360162973,0.019810215822972665,0.01766587499543271,0.03251963693967992,0.12832509375550033,0.9917359367780301,0.014649052030925048,6,4,0.17320508075688773,2500,OLS_debias_iid,iid,False,5
4,2,2001,8,80001,True,266,False,100,0.19071887809565044,1.7724223472177982,0.025392563635343344,0.022916625578509552,0.037292601213842036,0.12899063167701275,0.9916622071254414,0.01514255981525097,6,4,0.17320508075688773,2500,OLS_debias_iid,iid,False,5
4,4,4001,27,270001,True,121,False,100,0.17934803607106495,0.7595068840309978,0.37495837144805755,0.25087815245870737,0.8023268328841416,0.8516699052741465,0.7568768930146772,0.015634307566233862,6,4,0.17320508075688773,2500,OLS_debias_iid,iid,False,5
4,5,5001,4,40001,True,144,False,100,0.44853827605602226,0.6602774481289089,0.027334354791014367,0.023603605523444385,0.04046468451006778,0.13794905644933467,0.9904346667702011,0.01548931480427149,6,4,0.17320508075688773,2500,OLS_debias_iid,iid,False,5
4,4,4001,1,10001,True,155,False,100,0.4615715527439141,1.0543849607929587,0.33957415904557525,0.21694944721621703,0.808422695612081,0.6991353186430247,0.8094418382041049,0.015261478669053167,6,4,0.17320508075688773,2500,OLS_debias_iid,iid,False,5
4,3,3001,15,150001,True,143,False,100,0.656920831984897,1.2777917492203414,0.02417363299951934,0.017234311407374612,0.05347896495117589,0.16252621817311774,0.9867167162405728,0.015296585086049313,6,4,0.17320508075688773,2500,OLS_debias_iid,iid,False,5
4,3,3001,12,120001,True,312,False,100,0.1810077617924173,1.3175653382204473,0.035825314204080666,0.03226990213033306,0.05412830815858107,0.14065525296944487,0.9901189666694685,0.015454572929185173,6,4,0.17320508075688773,2500,OLS_debias_iid,iid,False,5
4,5,5001,20,200001,True,132,False,100,0.8072554306744245,0.6014982280321419,0.017035494413082518,0.014890146598463385,0.029331622326879643,0.1970186594057537,0.9806299431820404,0.015843504035843142,6,4,0.17320508075688773,2500,OLS_debias_iid,iid,False,5
4,3,3001,2,20001,True,340,False,100,0.19097904993291573,1.4802359910681844,0.02913906999821342,0.026847916331531354,0.04411755545413237,0.13204753223142157,0.9912539908674856,0.014962234902925564,6,4,0.17320508075688773,2500,OLS_debias_iid,iid,False,5
3,8,8001,3,30001,True,436,False,100,0.4996665997576246,3.8784765880554914,0.042693818201927324,0.03967294079189759,0.06814140439365367,0.19394733186615834,0.9817547112512842,0.008338453123618817,6,4,0.17320508075688773,2500,OLS_debias_iid,iid,False,5
4,1,1001,20,200001,True,193,False,100,0.8072554306744245,2.0518590067513287,0.025432148567306363,0.020279128397547853,0.05269876695632333,0.21272387389075995,0.9784340965521596,0.015680452077830573,6,4,0.17320508075688773,2500,OLS_debias_iid,iid,False,5
4,3,3001,8,80001,True,167,False,100,0.19071887809565044,1.451318681705743,0.024995641314519836,0.022295030754200137,0.038073489282946536,0.1295821658796517,0.9915778055837157,0.015382322259233559,6,4,0.17320508075688773,2500,OLS_debias_iid,iid,False,5
3,8,8001,23,230001,True,487,False,100,0.6950573280524314,3.5498750368133187,0.06916546203916316,0.05675914528042286,0.12145218278369327,0.22765961644612517,0.9768015268683876,0.007939017734907412,6,4,0.17320508075688773,2500,OLS_debias_iid,iid,False,5
4,5,5001,13,130001,True,167,False,100,0.027744999234215507,0.7407276211306453,0.019307636486633303,0.017985503890925684,0.02834835696380654,0.1286078541387109,0.9916949227214102,0.015116609387550236,6,4,0.17320508075688773,2500,OLS_debias_iid,iid,False,5
4,3,3001,16,160001,True,325,False,100,0.43112823898435315,1.3806170877069235,0.028371718811806296,0.025247874303771112,0.04074047125096837,0.14567146396581204,0.9895237594459586,0.015807443889931706,6,4,0.17320508075688773,2500,OLS_debias_iid,iid,False,5
4,4,4001,8,80001,True,121,False,100,0.19071887809565044,1.132613759022206,0.3881695280106688,0.25950187562800203,0.8322069697863169,0.9038457248005289,0.7368417630036737,0.015422896282874927,6,4,0.17320508075688773,2500,OLS_debias_iid,iid,False,5
3,7,7001,20,200001,True,380,False,100,0.8072554306744245,4.112600137013942,0.059535484002277365,0.045683180173029615,0.10547928346993828,0.26010965587420065,0.9717436887432361,0.009010011834139778,6,4,0.17320508075688773,2500,OLS_debias_iid,iid,False,5
4,5,5001,27,270001,True,121,False,100,0.17934803607106495,0.5858091120608151,0.38368575585426307,0.25753673988911957,0.7957338727775682,0.8863706453617184,0.7414566546544721,0.015070290371056012,6,4,0.17320508075688773,2500,OLS_debias_iid,iid,False,5
4,5,5001,23,230001,True,137,False,100,0.12688486242682628,0.6400371459312737,0.03113449668687379,0.025418740494487575,0.06316415855730476,0.1411587023778738,0.9899509869365559,0.015099290609278972,6,4,0.17320508075688773,2500,OLS_debias_iid,iid,False,5
4,5,5001,14,140001,True,241,False,100,0.2351047203257743,0.7992120636627078,0.045904060725983506,0.03613180120669463,0.08552804710954175,0.15134184795952121,0.9886401506858447,0.015324861635572697,6,4,0.17320508075688773,2500,OLS_debias_iid,iid,False,5
4,4,4001,15,150001,True,149,False,100,0.656920831984897,1.1499550729058683,0.03955436531760272,0.03157512134126365,0.06352389933403596,0.18370104060187603,0.9841117977251115,0.015787177220442115,6,4,0.17320508075688773,2500,OLS_debias_iid,iid,False,5
4,3,3001,22,220001,True,338,False,100,0.36910701294536175,1.3431242415681481,0.028989060734003317,0.02725415265393305,0.041908045847358646,0.14082976698842953,0.9901709982391643,0.015399913019206408,6,4,0.17320508075688773,2500,OLS_debias_iid,iid,False,5
3,6,6001,21,210001,True,326,False,100,0.660860856614927,4.685157087165862,0.07723821445882904,0.06253741577526432,0.15461126191824218,0.18293431078984754,0.9833677166946017,0.008075497144731738,6,4,0.17320508075688773,2500,OLS_debias_iid,iid,False,5
4,2,2001,10,100001,True,154,False,100,0.2619514722512866,1.952101084869355,0.026653821095176923,0.02125970838713516,0.05273553174482885,0.13176205678625832,0.9913148440779791,0.015454022686766475,6,4,0.17320508075688773,2500,OLS_debias_iid,iid,False,5
4,0,1,10,100001,True,239,False,100,0.2619514722512866,2.82174526527524,0.02565147939286257,0.01986868312861562,0.052424350857638025,0.1361911006914872,0.9907011254867286,0.015573086825985717,6,4,0.17320508075688773,2500,OLS_debias_iid,iid,False,5
4,5,5001,5,50001,True,121,False,100,0.22417628943463683,0.8846399099566042,0.028666871183629566,0.026331074764689183,0.04030206969418797,0.13538009962601788,0.9908293380306061,0.015308937294791007,6,4,0.17320508075688773,2500,OLS_debias_iid,iid,False,5
4,5,5001,29,290001,True,123,False,100,0.08360142058104306,0.6617658073082566,0.03335216984120139,0.029073426864371282,0.0596246281788931,0.13154527327807247,0.99130953165948,0.015001292425023013,6,4,0.17320508075688773,2500,OLS_debias_iid,iid,False,5
4,4,4001,14,140001,True,121,False,100,0.2351047203257743,1.2047613230533898,0.03415736005878,0.028686878954887186,0.05985169075891578,0.14030147094817336,0.9902142437178933,0.015325622217091123,6,4,0.17320508075688773,2500,OLS_debias_iid,iid,False,5
4,3,3001,18,180001,True,263,False,100,0.32963908607068243,1.4880186039954424,0.021245373143025617,0.019193933842051297,0.03412744158128403,0.13029455190823555,0.9915039503770847,0.01587024406832418,6,4,0.17320508075688773,2500,OLS_debias_iid,iid,False,5
4,5,5001,17,170001,True,199,False,100,0.0907271436105882,0.86981943808496,0.049847751806967155,0.036682757193928515,0.08894645631264617,0.14707287851568718,0.9891855799883126,0.015050388611717893,6,4,0.17320508075688773,2500,OLS_debias_iid,iid,False,5
4,5,5001,18,180001,True,121,False,100,0.32963908607068243,0.8204683680087328,0.3953765642161535,0.2636363849310792,0.9038147461410891,0.9385753734769248,0.7192792096635912,0.015790640516501545,6,4,0.17320508075688773,2500,OLS_debias_iid,iid,False,5
4,6,6001,2,20001,True,144,False,100,0.19097904993291573,0.6651429831981659,0.022962565507863016,0.020277382186146685,0.03838317498801531,0.13163005688254248,0.9912990595537781,0.015659869354568177,6,4,0.17320508075688773,2500,OLS_debias_iid,iid,False,5
4,2,2001,26,260001,True,292,False,100,0.19864463888222528,1.8025741260498762,0.02550180753760376,0.024795047541630342,0.03731046495522427,0.12921630484888866,0.9916422974059217,0.015166423412725151,6,4,0.17320508075688773,2500,OLS_debias_iid,iid,False,5
4,6,6001,8,80001,True,146,False,100,0.19071887809565044,0.6292977146804333,0.2871316422477221,0.18522485751832066,0.5646635550451988,0.5861741564829188,0.8592980593227748,0.014637087750287043,6,4,0.17320508075688773,2500,OLS_debias_iid,iid,False,5
4,6,6001,16,160001,True,120,False,100,0.43112823898435315,0.5135428500361741,0.017515434802679787,0.014874433871803034,0.029221374740465784,0.13819957929089016,0.9904090917689593,0.015543611142026754,6,4,0.17320508075688773,2500,OLS_debias_iid,iid,False,5
4,4,4001,19,190001,True,154,False,100,0.060581507707597654,1.2019062042236328,0.3388340305244152,0.2232617929140004,0.6289804715136069,0.7328711347700937,0.8018642921707845,0.015725468668931465,6,4,0.17320508075688773,2500,OLS_debias_iid,iid,False,5
4,6,6001,3,30001,True,121,False,100,0.471121757448337,0.7343917568214238,0.4081382743543226,0.28983531438717564,0.9535936736337344,0.9905489605106429,0.7055980059277764,0.015267777038980425,6,4,0.17320508075688773,2500,OLS_debias_iid,iid,False,5
4,4,4001,28,280001,True,125,False,100,0.4175486758375928,1.121079653967172,0.3126679872963118,0.1953784581755146,0.7035267431337028,0.647513034341678,0.8327572545098072,0.01464335828484023,6,4,0.17320508075688773,2500,OLS_debias_iid,iid,False,5
4,6,6001,6,60001,True,151,False,100,0.40472568354906985,0.7359638959169388,0.027500668814421866,0.02549929044882776,0.03781768752378626,0.14290444759595272,0.9897995609497277,0.015165467513987386,6,4,0.17320508075688773,2500,OLS_debias_iid,iid,False,5
4,5,5001,19,190001,True,133,False,100,0.060581507707597654,0.986134618986398,0.3334727491448848,0.21882991271124289,0.6559679663328128,0.7097985925816912,0.8112921763180406,0.01509680301188426,6,4,0.17320508075688773,2500,OLS_debias_iid,iid,False,5
4,3,3001,23,230001,True,233,False,100,0.12688486242682628,1.5686668553389609,0.03230719083082443,0.025680978009950953,0.06703273199014517,0.14069328993992775,0.9899592258584988,0.01571814871471465,6,4,0.17320508075688773,2500,OLS_debias_iid,iid,False,5
4,3,3001,13,130001,True,201,False,100,0.027744999234215507,1.736586348619312,0.031168570205160354,0.028200529906954066,0.04608582320661422,0.13596078822714275,0.9907323087569748,0.015356125200116429,6,4,0.17320508075688773,2500,OLS_debias_iid,iid,False,5
4,5,5001,3,30001,True,132,False,100,0.471121757448337,1.137680012267083,0.02184741520408483,0.01899736168088473,0.03968892596151536,0.14037519622455769,0.9900989794626096,0.015010961892630093,6,4,0.17320508075688773,2500,OLS_debias_iid,iid,False,5
4,5,5001,26,260001,True,223,False,100,0.19864463888222528,0.9294070526957512,0.045581829551333976,0.039678619025981125,0.08117734699606523,0.14878265902825588,0.9889718310986615,0.015595655457724698,6,4,0.17320508075688773,2500,OLS_debias_iid,iid,False,5
4,3,3001,17,170001,True,498,False,100,0.0907271436105882,1.7264736532233655,0.027139501682188087,0.023266117157153474,0.043843540264628104,0.13018402309981125,0.99149833505133,0.01526924466242693,6,4,0.17320508075688773,2500,OLS_debias_iid,iid,False,5
4,6,6001,13,130001,True,160,False,100,0.027744999234215507,0.7116742529906332,0.025388140262810388,0.02385996330155428,0.03443540618249768,0.13132582472212745,0.9913466593069435,0.015362534280881076,6,4,0.17320508075688773,2500,OLS_debias_iid,iid,False,5
4,3,3001,28,280001,True,121,False,100,0.4175486758375928,1.5649025631137192,0.3163254783188701,0.1990662867837257,0.6960478353542836,0.6781822506074414,0.8240060313647128,0.014992556754443173,6,4,0.17320508075688773,2500,OLS_debias_iid,iid,False,5
4,6,6001,21,210001,True,167,False,100,0.660860856614927,0.6285344008356333,0.01840754057367215,0.016182134097541795,0.03229227213122534,0.1649227035130296,0.9863047064968522,0.015473542360547854,6,4,0.17320508075688773,2500,OLS_debias_iid,iid,False,5
4,4,4001,5,50001,True,329,False,100,0.22417628943463683,1.5532925771549344,0.05829895818725191,0.045561463636407736,0.10674756012405824,0.16459692478527332,0.9866020489848338,0.01568832839510086,6,4,0.17320508075688773,2500,OLS_debias_iid,iid,False,5
3,7,7001,8,80001,True,474,False,100,0.4005926778644001,4.613024493213743,0.043637720966498636,0.03671397310398034,0.07285868326387436,0.14101926345893542,0.9901469729991602,0.007783313827119274,6,4,0.17320508075688773,2500,OLS_debias_iid,iid,False,5
4,4,4001,26,260001,True,253,False,100,0.19864463888222528,1.3505340879783034,0.02347111530836118,0.0203513341381777,0.04100731992953648,0.13140017343393112,0.9913354240117679,0.014985948481931619,6,4,0.17320508075688773,2500,OLS_debias_iid,iid,False,5
4,3,3001,27,270001,True,138,False,100,0.17934803607106495,1.6236643041484058,0.024512321218626464,0.022706467157343636,0.03642558238681118,0.13466853345225488,0.9908672432658066,0.015155712892357542,6,4,0.17320508075688773,2500,OLS_debias_iid,iid,False,5
4,6,6001,27,270001,True,124,False,100,0.17934803607106495,0.5883833528496325,0.3298109298106411,0.21727846857127062,0.656401004051071,0.6998500202973266,0.8150481403941237,0.0155456987750944,6,4,0.17320508075688773,2500,OLS_debias_iid,iid,False,5
4,0,1,17,170001,True,297,False,100,0.0907271436105882,3.0848178337328136,0.019390344478166836,0.018000736987917255,0.028251066778844612,0.12192317725296728,0.9925511711818611,0.015400596912740839,6,4,0.17320508075688773,2500,OLS_debias_iid,iid,False,5
4,2,2001,11,110001,True,214,False,100,0.5823828496664981,2.308459172025323,0.031062460958072347,0.02356816243869034,0.06231771823342304,0.161500200032055,0.9873017331597147,0.015606131287605414,6,4,0.17320508075688773,2500,OLS_debias_iid,iid,False,5
4,2,2001,14,140001,True,474,False,100,0.2351047203257743,2.240224880632013,0.0163397774280014,0.013870620474543315,0.03064955497181699,0.13151083539000413,0.9913215586824702,0.015581382485614415,6,4,0.17320508075688773,2500,OLS_debias_iid,iid,False,5
4,6,6001,15,150001,True,127,False,100,0.656920831984897,0.7756572160869837,0.027767397960222866,0.02092210736678624,0.055858045504604395,0.16581783037624337,0.9863638449123799,0.015637632672607114,6,4,0.17320508075688773,2500,OLS_debias_iid,iid,False,5
4,3,3001,5,50001,True,472,False,100,0.22417628943463683,1.9955593682825565,0.04009398387675499,0.035195113311905564,0.06191983139604997,0.14383765902209678,0.9896977718008246,0.014844568705318311,6,4,0.17320508075688773,2500,OLS_debias_iid,iid,False,5
4,5,5001,10,100001,True,166,False,100,0.2619514722512866,1.259894988965243,0.03220238760381433,0.02544363382079894,0.06407830961766685,0.1388176317960687,0.9903869073063831,0.015194855197079462,6,4,0.17320508075688773,2500,OLS_debias_iid,iid,False,5
4,6,6001,5,50001,True,217,False,100,0.22417628943463683,0.9495087759569287,0.023951039557304116,0.022284225443397605,0.039590556819493035,0.13328286588801133,0.9910865973957061,0.015078642361211021,6,4,0.17320508075688773,2500,OLS_debias_iid,iid,False,5
4,4,4001,10,100001,True,180,False,100,0.2619514722512866,1.5955934380181134,0.029925668208204054,0.02495301845066455,0.05734278664103986,0.13581462404113687,0.9907438401835835,0.015247908173540901,6,4,0.17320508075688773,2500,OLS_debias_iid,iid,False,5
4,6,6001,23,230001,True,159,False,100,0.12688486242682628,0.7135423286817968,0.03777570677629169,0.028786687814582646,0.08065593289696651,0.1417509369901031,0.9898340358372753,0.015664516912171876,6,4,0.17320508075688773,2500,OLS_debias_iid,iid,False,5
4,6,6001,12,120001,True,193,False,100,0.1810077617924173,0.8526513432152569,0.039573926477555595,0.03524836988564862,0.06250370428200908,0.14540692741270872,0.9894289442025201,0.015240982387574315,6,4,0.17320508075688773,2500,OLS_debias_iid,iid,False,5
4,2,2001,28,280001,True,497,False,100,0.4175486758375928,2.121861425228417,0.03228928837609477,0.025324239693823053,0.055212214312897454,0.14811042035640834,0.9892956708166447,0.0157626501905541,6,4,0.17320508075688773,2500,OLS_debias_iid,iid,False,5
4,0,1,4,40001,True,486,False,100,0.44853827605602226,3.3824915289878845,0.034304580405105416,0.032971096386107256,0.04125090504223263,0.14416081969841313,0.9897062027743893,0.01615443531605763,6,4,0.17320508075688773,2500,OLS_debias_iid,iid,False,5
4,6,6001,26,260001,True,154,False,100,0.19864463888222528,0.6996536399237812,0.03996109381775788,0.036132958512014306,0.07046617499004885,0.1413610472325474,0.9899920023324259,0.015171646443985066,6,4,0.17320508075688773,2500,OLS_debias_iid,iid,False,5
4,5,5001,1,10001,True,229,False,100,0.4615715527439141,1.3786897934041917,0.046023234637901346,0.034879307479723565,0.09172247288825695,0.15965875382819109,0.9877570102782356,0.014931246745434106,6,4,0.17320508075688773,2500,OLS_debias_iid,iid,False,5
4,5,5001,22,220001,True,230,False,100,0.36910701294536175,1.205776885151863,0.028103734151878026,0.027076407471078517,0.041065446741536824,0.1404790718754938,0.9901558264372261,0.015133877938352509,6,4,0.17320508075688773,2500,OLS_debias_iid,iid,False,5
4,4,4001,7,70001,True,326,False,100,0.3291272027338243,1.7460050703957677,0.04523994320984111,0.03272199774623594,0.07961563084610915,0.15666690313819256,0.9880302932446987,0.015437866148984136,6,4,0.17320508075688773,2500,OLS_debias_iid,iid,False,5
4,6,6001,1,10001,True,229,False,100,0.4615715527439141,1.1416256530210376,0.017132727264824354,0.014657260947406115,0.02649018121767238,0.13655673859389744,0.9906341676338086,0.015372098554847701,6,4,0.17320508075688773,2500,OLS_debias_iid,iid,False,5
4,7,7001,13,130001,True,120,False,100,0.027744999234215507,0.6005740440450609,0.3227993847323807,0.21090562124863488,0.6187248295729378,0.6823571800409901,0.8238305606999757,0.015045336663656275,6,4,0.17320508075688773,2500,OLS_debias_iid,iid,False,5
4,4,4001,11,110001,True,280,False,100,0.5823828496664981,1.7490914673544466,0.019343934867086354,0.015186593960293301,0.03841150044736589,0.15732794230448993,0.9878490424631932,0.014561114140660908,6,4,0.17320508075688773,2500,OLS_debias_iid,iid,False,5
4,4,4001,13,130001,True,211,False,100,0.027744999234215507,1.7322809412144125,0.03408167301611677,0.030580580110650093,0.0508480381718141,0.1369083988277902,0.9905895652304202,0.015671717288423388,6,4,0.17320508075688773,2500,OLS_debias_iid,iid,False,5
4,5,5001,9,90001,True,308,False,100,0.5183949345481166,1.4495898252353072,0.036041973642213905,0.030673184302139393,0.05577240969375086,0.15997355716868708,0.9876801146014903,0.015379765448859285,6,4,0.17320508075688773,2500,OLS_debias_iid,iid,False,5
4,7,7001,22,220001,True,120,False,100,0.36910701294536175,0.5694894911721349,0.3131022327732545,0.20321331193733502,0.6922474929014202,0.6493397765287534,0.8324223957425276,0.015386246323870706,6,4,0.17320508075688773,2500,OLS_debias_iid,iid,False,5
4,7,7001,14,140001,True,145,False,100,0.2351047203257743,0.6637955531477928,0.018632140339443114,0.014903688057914264,0.03657503284206037,0.13071822406837508,0.9914576186400976,0.014835659589957416,6,4,0.17320508075688773,2500,OLS_debias_iid,iid,False,5
4,7,7001,25,250001,True,121,False,100,0.0654718396519807,0.5698096789419651,0.015908845995762016,0.014075323927418117,0.02707602822536346,0.12511494490710023,0.9921437362484812,0.014843135823755927,6,4,0.17320508075688773,2500,OLS_debias_iid,iid,False,5
4,5,5001,25,250001,True,170,False,100,0.0654718396519807,1.304416615050286,0.026323384971087768,0.023334751556965194,0.03469728849234767,0.13035028872208865,0.9914727513283859,0.01578139557527987,6,4,0.17320508075688773,2500,OLS_debias_iid,iid,False,5
4,4,4001,24,240001,True,261,False,100,0.90666550507506,1.6635467922315001,0.04106347192197967,0.03288445473947744,0.08608071669622587,0.3248123170283431,0.9537631303916616,0.01583754033410431,6,4,0.17320508075688773,2500,OLS_debias_iid,iid,False,5
3,8,8001,17,170001,True,550,False,100,0.378260341320207,4.478313867002726,0.11578758959899091,0.08920971047358627,0.22146433095084786,0.21291041052020507,0.9778458127005042,0.008136337070000759,6,4,0.17320508075688773,2500,OLS_debias_iid,iid,False,5
4,2,2001,1,10001,True,401,False,100,0.4615715527439141,2.7343311230652034,0.019141273009454906,0.017384742953571446,0.028992143338648732,0.1362166956531274,0.9907176188146906,0.01520320767440055,6,4,0.17320508075688773,2500,OLS_debias_iid,iid,False,5
4,6,6001,4,40001,True,176,False,100,0.44853827605602226,1.2383178872987628,0.02958365603756202,0.028397956023842222,0.039861996821475204,0.13910587018615225,0.9903213500976373,0.015595066812616836,6,4,0.17320508075688773,2500,OLS_debias_iid,iid,False,5
4,7,7001,7,70001,True,131,False,100,0.3291272027338243,0.8019391340203583,0.38400429831948685,0.2769006664158296,0.7319467884190904,0.8802658374861976,0.7445985982160772,0.015747537366294518,6,4,0.17320508075688773,2500,OLS_debias_iid,iid,False,5
4,2,2001,29,290001,True,160,False,100,0.08360142058104306,2.356112825218588,0.03500255712314365,0.029473716734086428,0.0630107244048961,0.13534687177813998,0.9908160740674776,0.01517209575374197,6,4,0.17320508075688773,2500,OLS_debias_iid,iid,False,5
4,8,8001,0,1,True,128,False,100,0.5607527797202628,0.5593219762668014,0.03088102344479041,0.029022873663244242,0.048708349275104486,0.15039739410119218,0.9886930416567268,0.015224680700510345,6,4,0.17320508075688773,2500,OLS_debias_iid,iid,False,5
4,7,7001,12,120001,True,150,False,100,0.1810077617924173,0.7523857960477471,0.04028612853230906,0.03465373787824621,0.06340984586079446,0.14187993121822573,0.9899781323109791,0.01522384155649209,6,4,0.17320508075688773,2500,OLS_debias_iid,iid,False,5
4,7,7001,26,260001,True,144,False,100,0.19864463888222528,0.6383592882193625,0.3208417777019264,0.2133738030865077,0.658485027083757,0.6665827434883087,0.8264816108225415,0.015061234189245204,6,4,0.17320508075688773,2500,OLS_debias_iid,iid,False,5
4,4,4001,18,180001,True,380,False,100,0.32963908607068243,1.8356449049897492,0.024903427050221343,0.02323639030257411,0.032094143358792356,0.13301846701228892,0.9912000191422994,0.015461553366069256,6,4,0.17320508075688773,2500,OLS_debias_iid,iid,False,5
4,6,6001,19,190001,True,190,False,100,0.060581507707597654,1.1178945768624544,0.04187505568809262,0.0357010106448945,0.07583940337633056,0.14391065465495118,0.9896276987584094,0.015057485171055445,6,4,0.17320508075688773,2500,OLS_debias_iid,iid,False,5
4,5,5001,11,110001,True,342,False,100,0.5823828496664981,1.6515963589772582,0.02112404490835863,0.017300590245224855,0.0407172219479886,0.15691797267366348,0.9878320519639775,0.01526279497099543,6,4,0.17320508075688773,2500,OLS_debias_iid,iid,False,5
4,2,2001,21,210001,True,499,False,100,0.660860856614927,2.5717443702742457,0.051311383553738675,0.03981623457243846,0.100230778422666,0.205675771044127,0.9809619534361838,0.015170294446697642,6,4,0.17320508075688773,2500,OLS_debias_iid,iid,False,5
4,8,8001,9,90001,True,122,False,100,0.5183949345481166,0.5354478899389505,0.4004230433845076,0.317942214618338,0.7334813480115558,0.9512044012823777,0.7127519408364311,0.015083629671720618,6,4,0.17320508075688773,2500,OLS_debias_iid,iid,False,5
3,6,6001,12,120001,True,441,False,100,0.5596306103517705,5.605128178372979,0.031782472355376595,0.02568259915461644,0.05516423931641333,0.15142014647190555,0.9885630994216884,0.007982853488226088,6,4,0.17320508075688773,2500,OLS_debias_iid,iid,False,5
4,3,3001,24,240001,True,439,False,100,0.90666550507506,2.029897495638579,0.02825716110924169,0.024255394792303975,0.05380917061109073,0.2900998463184216,0.9600421574625839,0.015446988436958265,6,4,0.17320508075688773,2500,OLS_debias_iid,iid,False,5
4,6,6001,28,280001,True,159,False,100,0.4175486758375928,1.0748471510596573,0.022081787936461025,0.017877460638669046,0.03998199407359811,0.1418534799364676,0.9900808387538027,0.01544213814889222,6,4,0.17320508075688773,2500,OLS_debias_iid,iid,False,5
4,1,1001,8,80001,True,397,False,100,0.19071887809565044,3.3196533378213644,0.025157573365939535,0.023148648473843913,0.036742404444141015,0.13208538104174497,0.9912400210658382,0.015519892290691246,6,4,0.17320508075688773,2500,OLS_debias_iid,iid,False,5
4,3,3001,3,30001,True,536,False,100,0.471121757448337,2.513658004347235,0.03791677606081838,0.03459416883283427,0.06028731107784871,0.1538656948225175,0.9885064139590034,0.015577706932979737,6,4,0.17320508075688773,2500,OLS_debias_iid,iid,False,5
4,2,2001,16,160001,True,291,False,100,0.43112823898435315,2.7453522118739784,0.021132960379614745,0.018960439932532103,0.031193612216862083,0.138580291176596,0.9904726570009048,0.015231387192900991,6,4,0.17320508075688773,2500,OLS_debias_iid,iid,False,5
4,2,2001,20,200001,True,192,False,100,0.8072554306744245,2.677046230994165,0.028307070612321766,0.02256067201688163,0.05652964174780226,0.21847960651439355,0.9775626691117847,0.015542519127103235,6,4,0.17320508075688773,2500,OLS_debias_iid,iid,False,5
4,8,8001,5,50001,True,150,False,100,0.22417628943463683,0.691043394152075,0.018741458918975447,0.014884712056710917,0.036814808262157016,0.12765387777507547,0.991825381855999,0.01511550118602452,6,4,0.17320508075688773,2500,OLS_debias_iid,iid,False,5
4,5,5001,28,280001,True,266,False,100,0.4175486758375928,1.5896436208859086,0.04286323188277171,0.032081787277856745,0.07398310799744302,0.15490081470820022,0.9885280782217036,0.015341706586673167,6,4,0.17320508075688773,2500,OLS_debias_iid,iid,False,5
4,8,8001,4,40001,True,120,False,100,0.44853827605602226,0.7549101668410003,0.40864195932004693,0.3290782977521327,0.8678099225486566,0.9972977610755951,0.702053159359216,0.015814679266959574,6,4,0.17320508075688773,2500,OLS_debias_iid,iid,False,5
4,6,6001,10,100001,True,233,False,100,0.2619514722512866,1.4404856809414923,0.03219864581073211,0.02566903256670079,0.06387892595040204,0.14032112476526523,0.9901852645474787,0.015623721880347734,6,4,0.17320508075688773,2500,OLS_debias_iid,iid,False,5
4,8,8001,28,280001,True,120,False,100,0.4175486758375928,0.5431073838844895,0.34960656311298544,0.22195459198715026,0.8119281500468175,0.7464687409980609,0.7915982128729938,0.015291014625723773,6,4,0.17320508075688773,2500,OLS_debias_iid,iid,False,5
4,8,8001,16,160001,True,138,False,100,0.43112823898435315,0.6243174909614027,0.01833755823637921,0.014700582275513694,0.031034743742145134,0.13699978229528614,0.9905761358643411,0.015300879314627445,6,4,0.17320508075688773,2500,OLS_debias_iid,iid,False,5
4,3,3001,25,250001,True,373,False,100,0.0654718396519807,2.255410300102085,0.03175164264114578,0.027434087836950838,0.04933755876594307,0.1344682037576753,0.9909261717742898,0.014762590560217007,6,4,0.17320508075688773,2500,OLS_debias_iid,iid,False,5
4,6,6001,25,250001,True,185,False,100,0.0654718396519807,1.2737989877350628,0.022174243525384035,0.01977028019059135,0.03335202098976956,0.12860578408310447,0.991688730388516,0.015363518073508118,6,4,0.17320508075688773,2500,OLS_debias_iid,iid,False,5
4,8,8001,11,110001,True,199,False,100,0.5823828496664981,0.7488448810763657,0.024330069102488482,0.017964910112077747,0.048363089413313215,0.15840568747228204,0.9877949100007932,0.01551457957865108,6,4,0.17320508075688773,2500,OLS_debias_iid,iid,False,5
4,7,7001,1,10001,True,147,False,100,0.4615715527439141,1.2188201402314007,0.018651477553205634,0.016965148808445855,0.02891702601596117,0.13549599923936528,0.9908083803722167,0.0148648497407085,6,4,0.17320508075688773,2500,OLS_debias_iid,iid,False,5
4,8,8001,20,200001,True,146,False,100,0.8072554306744245,0.724794807843864,0.018906889751394016,0.015663613007296927,0.03787539770471453,0.20602608882888532,0.9791240828801729,0.015387817917793176,6,4,0.17320508075688773,2500,OLS_debias_iid,iid,False,5
4,8,8001,7,70001,True,138,False,100,0.3291272027338243,0.8406072519719601,0.023059676058321786,0.020690136682945035,0.035362807751728675,0.1361650604132406,0.9907523771247991,0.015927158444692,6,4,0.17320508075688773,2500,OLS_debias_iid,iid,False,5
4,6,6001,9,90001,True,371,False,100,0.5183949345481166,1.6131629599258304,0.03613460582767775,0.030637601822822907,0.06416953832077173,0.1549646210506145,0.9884540715617507,0.015603041198705534,6,4,0.17320508075688773,2500,OLS_debias_iid,iid,False,5
4,4,4001,25,250001,True,501,False,100,0.0654718396519807,2.136786545626819,0.021253778742648055,0.019244505458387084,0.028615954748368425,0.12643708707179002,0.9919718916113651,0.015545700052542714,6,4,0.17320508075688773,2500,OLS_debias_iid,iid,False,5
4,9,9001,2,20001,True,150,False,100,0.19097904993291573,0.6630825977772474,0.025682099883321374,0.023862920944747876,0.03845896123804763,0.13289692675562065,0.9911569913180105,0.015221154355114664,6,4,0.17320508075688773,2500,OLS_debias_iid,iid,False,5
4,7,7001,24,240001,True,227,False,100,0.90666550507506,1.119852202013135,0.03130861478915346,0.027402096548445175,0.05914596990782026,0.29618259608034453,0.9587102261008532,0.016397297849816497,6,4,0.17320508075688773,2500,OLS_debias_iid,iid,False,5
3,9,9001,20,200001,True,387,False,100,0.8072554306744245,4.383845106698573,0.01990959198306713,0.018055815590406372,0.034972056918261656,0.2118941582803793,0.9771327663167334,0.007992528743375292,6,4,0.17320508075688773,2500,OLS_debias_iid,iid,False,5
4,9,9001,7,70001,True,150,False,100,0.3291272027338243,0.617336112074554,0.01816178582892125,0.01604573458782225,0.027860939011908375,0.1329679458699663,0.9911455655667545,0.015453389654288262,6,4,0.17320508075688773,2500,OLS_debias_iid,iid,False,5
4,7,7001,15,150001,True,129,False,100,0.656920831984897,1.2512447130866349,0.025561791538786963,0.01836376040700304,0.057424241474728,0.16613593208814142,0.9861081106222731,0.01564200484387307,6,4,0.17320508075688773,2500,OLS_debias_iid,iid,False,5
4,9,9001,9,90001,True,146,False,100,0.5183949345481166,0.6459007831290364,0.027742790439424857,0.025450140528854,0.04115793856972062,0.1478227178251345,0.9892811962401507,0.015331697984363714,6,4,0.17320508075688773,2500,OLS_debias_iid,iid,False,5
4,2,2001,25,250001,True,566,False,100,0.0654718396519807,2.970799105707556,0.03660373549583699,0.030272690441625585,0.060431680379313596,0.1384538108915225,0.9903774752972108,0.014930912030853876,6,4,0.17320508075688773,2500,OLS_debias_iid,iid,False,5
5,0,1,2,20001,True,126,False,100,0.0,0.36334406677633524,0.015135685521934821,0.012447733264487568,0.021369873861112342,0.13106229116845972,0.9913743650461657,0.0221527031151248,6,4,0.17320508075688773,2500,OLS_debias_iid,iid,False,5
4,9,9001,16,160001,True,132,False,100,0.43112823898435315,0.5739851291291416,0.31375302231913416,0.19903028644874698,0.7003251642415514,0.6601776444274943,0.8278944498638563,0.0156941975326396,6,4,0.17320508075688773,2500,OLS_debias_iid,iid,False,5
4,9,9001,14,140001,True,137,False,100,0.2351047203257743,0.6162588899023831,0.03881637368789472,0.031674302347798486,0.0699561882802099,0.14510936602747332,0.9895408409401907,0.015183012030924876,6,4,0.17320508075688773,2500,OLS_debias_iid,iid,False,5
4,9,9001,24,240001,True,138,False,100,0.90666550507506,0.5111765470355749,0.01981186005713714,0.018766567162290634,0.027128268167129557,0.27021581137896966,0.9630688538749542,0.015980246719363912,6,4,0.17320508075688773,2500,OLS_debias_iid,iid,False,5
4,6,6001,24,240001,True,169,False,100,0.90666550507506,1.542101738974452,0.023637650054911176,0.020908464202257036,0.043227154477392664,0.28104782160189057,0.9612263930253975,0.016150791304955333,6,4,0.17320508075688773,2500,OLS_debias_iid,iid,False,5
4,9,9001,0,1,True,159,False,100,0.5607527797202628,0.8097683056257665,0.03025082013469823,0.027284645254524103,0.0476571766688568,0.14995782283089704,0.9888085551472705,0.01535144793257978,6,4,0.17320508075688773,2500,OLS_debias_iid,iid,False,5
4,8,8001,18,180001,True,123,False,100,0.32963908607068243,0.9096598369069397,0.021737265163814565,0.018565441218131272,0.037739109566056306,0.1300029553515997,0.9915315076793655,0.015088357249673704,6,4,0.17320508075688773,2500,OLS_debias_iid,iid,False,5
4,9,9001,23,230001,True,125,False,100,0.12688486242682628,0.5626890510320663,0.019599025369376456,0.017969037743583976,0.03173014759439925,0.13131478366184837,0.9913333651142684,0.015330646383823194,6,4,0.17320508075688773,2500,OLS_debias_iid,iid,False,5
4,8,8001,26,260001,True,220,False,100,0.19864463888222528,0.9120197999291122,0.041181144514243595,0.03708558064333307,0.0711369400331953,0.1423926417869389,0.9898583446442443,0.014849721548566248,6,4,0.17320508075688773,2500,OLS_debias_iid,iid,False,5
4,7,7001,27,270001,True,237,False,100,0.17934803607106495,1.2433018698357046,0.033747397186070796,0.030029819931278193,0.05314370567353812,0.14000657663672023,0.9901761617020313,0.01552033519024813,6,4,0.17320508075688773,2500,OLS_debias_iid,iid,False,5
4,7,7001,16,160001,True,308,False,100,0.43112823898435315,1.325881817843765,0.029063395911879435,0.02625642597582928,0.03981360906361284,0.14812969262307335,0.9891772857781571,0.015682575593131465,6,4,0.17320508075688773,2500,OLS_debias_iid,iid,False,5
4,9,9001,13,130001,True,168,False,100,0.027744999234215507,0.7003651061095297,0.01763315777645641,0.014621145545544828,0.02974870776233201,0.1304303291755558,0.9914529030745552,0.015582939521873248,6,4,0.17320508075688773,2500,OLS_debias_iid,iid,False,5
5,0,1,9,90001,True,116,False,100,0.0,0.35687860334292054,0.01663706564101509,0.013707252094063397,0.026862507340378917,0.1278420627416482,0.9917912058686509,0.02278343274868511,6,4,0.17320508075688773,2500,OLS_debias_iid,iid,False,5
5,0,1,0,1,True,144,False,100,0.0,0.483497419860214,0.017286795364290234,0.014572771739118381,0.02885937356697256,0.12650327129094674,0.9919674943536302,0.022501549226395665,6,4,0.17320508075688773,2500,OLS_debias_iid,iid,False,5
5,0,1,1,10001,True,116,False,100,0.0,0.46058567706495523,0.01244799197062024,0.010605612370183844,0.021090074012983375,0.1232105052216696,0.9923769478733441,0.022189028806361682,6,4,0.17320508075688773,2500,OLS_debias_iid,iid,False,5
4,9,9001,27,270001,True,121,False,100,0.17934803607106495,0.5300909490324557,0.35441502986623513,0.23294875003631024,0.7181022884971281,0.7795058396873591,0.7816524270262699,0.015604409368916912,6,4,0.17320508075688773,2500,OLS_debias_iid,iid,False,5
4,6,6001,17,170001,True,183,False,100,0.0907271436105882,1.7444027308374643,0.010558580299898555,0.009096250551301852,0.02044166318150595,0.11868114792645117,0.9929482601405768,0.0155835449445393,6,4,0.17320508075688773,2500,OLS_debias_iid,iid,False,5
5,0,1,6,60001,True,142,False,100,0.0,0.4219963978976011,0.022323271679273227,0.019897862960211114,0.031976321492127785,0.13634115712244937,0.9906619066690343,0.022714857459456703,6,4,0.17320508075688773,2500,OLS_debias_iid,iid,False,5
4,1,1001,28,280001,True,421,False,100,0.4175486758375928,3.450597191695124,0.03211784219732749,0.024146173989829673,0.058832147262039114,0.14820608060486806,0.9893171312214897,0.015521919468041745,6,4,0.17320508075688773,2500,OLS_debias_iid,iid,False,5
5,0,1,5,50001,True,151,False,100,0.0,0.4529415029101074,0.009165781418548841,0.007903455859842513,0.016420870929936306,0.12304701060644384,0.9924146626579744,0.022636551091826215,6,4,0.17320508075688773,2500,OLS_debias_iid,iid,False,5
4,9,9001,20,200001,True,168,False,100,0.8072554306744245,0.6921504349447787,0.012534651914733344,0.011413618560175885,0.017544926695864115,0.2015959923660432,0.9795169908936531,0.0159911682207783,6,4,0.17320508075688773,2500,OLS_debias_iid,iid,False,5
4,8,8001,10,100001,True,136,False,100,0.2619514722512866,1.105113449972123,0.024780930290511354,0.01952926310690842,0.049587413420587416,0.13566860308120182,0.9907527840916097,0.015206927064983257,6,4,0.17320508075688773,2500,OLS_debias_iid,iid,False,5
4,9,9001,10,100001,True,154,False,100,0.2619514722512866,0.8069587172940373,0.016432822441307275,0.013688217716458674,0.02754251330701654,0.12777836888563202,0.9918350255112223,0.015510564713421942,6,4,0.17320508075688773,2500,OLS_debias_iid,iid,False,5
5,0,1,8,80001,True,137,False,100,0.0,0.4390776241198182,0.014425438840402607,0.012995862699250732,0.021082575196362745,0.1257450827199854,0.99206475387897,0.022659554948644307,6,4,0.17320508075688773,2500,OLS_debias_iid,iid,False,5
4,6,6001,7,70001,True,352,False,100,0.3291272027338243,1.95579514792189,0.04117547213215557,0.030722780282882733,0.07208869470880667,0.15294251581723894,0.9884973394267584,0.015746903517187563,6,4,0.17320508075688773,2500,OLS_debias_iid,iid,False,5
4,6,6001,29,290001,True,332,False,100,0.08360142058104306,1.6470304019749165,0.024104591926837827,0.021013824463683,0.043029025442204126,0.12866057413537146,0.9916904417311712,0.015805949004723187,6,4,0.17320508075688773,2500,OLS_debias_iid,iid,False,5
3,8,8001,22,220001,True,469,False,100,0.6936342702730246,5.1278589037247,0.1830303361299486,0.13169764549006716,0.36643626117082345,0.3605537254129412,0.9458933231613553,0.008265254524309347,6,4,0.17320508075688773,2500,OLS_debias_iid,iid,False,5
4,6,6001,20,200001,True,217,False,100,0.8072554306744245,1.8053881861269474,0.022268514532059584,0.018698122303100733,0.04424254131924102,0.21080062892036183,0.9785851563099945,0.015830782632295568,6,4,0.17320508075688773,2500,OLS_debias_iid,iid,False,5
5,0,1,18,180001,True,116,False,100,0.0,0.3506022500805557,0.013740233214879697,0.011645294773838322,0.023724562847203905,0.12259080823929742,0.9924621748325528,0.022947948042040617,6,4,0.17320508075688773,2500,OLS_debias_iid,iid,False,5
5,0,1,19,190001,True,116,False,100,0.0,0.3607296450063586,0.022399256501928356,0.01898297335279624,0.03437926207010702,0.13433965149947563,0.9909360667829259,0.022689981519948128,6,4,0.17320508075688773,2500,OLS_debias_iid,iid,False,5
5,0,1,17,170001,True,116,False,100,0.0,0.3798989560455084,0.012006685074101677,0.010966288952229356,0.01849053486294256,0.12065313647435426,0.9927022782191633,0.02198085787648795,6,4,0.17320508075688773,2500,OLS_debias_iid,iid,False,5
4,4,4001,6,60001,True,539,False,100,0.40472568354906985,2.702129957731813,0.048985963675693564,0.04206386691245075,0.09135228473573986,0.16123208407582312,0.9873809894487243,0.01595258888865357,6,4,0.17320508075688773,2500,OLS_debias_iid,iid,False,5
4,5,5001,6,60001,True,496,False,100,0.40472568354906985,2.3682345570996404,0.027262978570375924,0.02673316115287831,0.03334738977489919,0.14311488226090463,0.9897025181551212,0.01519793573945367,6,4,0.17320508075688773,2500,OLS_debias_iid,iid,False,5
5,0,1,15,150001,True,130,False,100,0.0,0.41569037502631545,0.010511326696349157,0.007361425503031065,0.023310862328046376,0.12836349567142694,0.9917295342835041,0.021727280060137598,6,4,0.17320508075688773,2500,OLS_debias_iid,iid,False,5
5,0,1,11,110001,True,116,False,100,0.0,0.5306165851652622,0.007853918557453108,0.006657108215793739,0.015130930223259271,0.12140219869594616,0.9926046550963712,0.02230547232422234,6,4,0.17320508075688773,2500,OLS_debias_iid,iid,False,5
4,3,3001,9,90001,True,374,False,100,0.5183949345481166,3.0867727790027857,0.04102732301600856,0.03398518946377966,0.06718352777278117,0.16428305097537882,0.9872326454936967,0.014837553422541836,6,4,0.17320508075688773,2500,OLS_debias_iid,iid,False,5
4,5,5001,7,70001,True,510,False,100,0.3291272027338243,2.3939629779197276,0.053896133381009514,0.0373590778444283,0.0973582140144382,0.16572001623584004,0.9866776852051009,0.01541162983021764,6,4,0.17320508075688773,2500,OLS_debias_iid,iid,False,5
3,7,7001,3,30001,True,643,False,100,0.4996665997576246,5.948056174907833,0.029382487712911045,0.027997725780090976,0.044533662307934124,0.17874867476427145,0.9839971049589674,0.008062219336959733,6,4,0.17320508075688773,2500,OLS_debias_iid,iid,False,5
3,8,8001,4,40001,True,428,False,100,0.44853827605602226,5.525525949895382,0.031764354739797315,0.03121912090433637,0.036250489487230725,0.14751121166524214,0.9891700354002082,0.0077101999889845445,6,4,0.17320508075688773,2500,OLS_debias_iid,iid,False,5
5,0,1,10,100001,True,184,False,100,0.0,0.5501741426996887,0.013310944808351604,0.010596355341540844,0.02507963015621328,0.12957069654698497,0.9915682597316191,0.022799681715170366,6,4,0.17320508075688773,2500,OLS_debias_iid,iid,False,5
4,8,8001,1,10001,True,325,False,100,0.4615715527439141,1.4034704510122538,0.04443543760997745,0.03582952983383234,0.08797452851611115,0.1591582123506805,0.987888196790699,0.015203368362833317,6,4,0.17320508075688773,2500,OLS_debias_iid,iid,False,5
5,0,1,3,30001,True,142,False,100,0.0,0.6489777909591794,0.012549813699094706,0.010764412423893775,0.0221784425268059,0.11999524444164594,0.992784904314732,0.02210863677159574,6,4,0.17320508075688773,2500,OLS_debias_iid,iid,False,5
4,8,8001,13,130001,True,121,False,100,0.027744999234215507,1.2833606591448188,0.35158067443202845,0.2316977065182587,0.7002704698317839,0.770906287469227,0.7882694823264436,0.015162513345980238,6,4,0.17320508075688773,2500,OLS_debias_iid,iid,False,5
5,0,1,20,200001,True,139,False,100,0.0,0.42188360914587975,0.00742192748723995,0.006717665529232063,0.011855795167275815,0.12932118352617322,0.9916181943809506,0.022473987565427022,6,4,0.17320508075688773,2500,OLS_debias_iid,iid,False,5
5,0,1,26,260001,True,116,False,100,0.0,0.3579378263093531,0.012693871620717778,0.011143249893425668,0.020476454848753427,0.12333657747777081,0.9923682162710882,0.022843806366444532,6,4,0.17320508075688773,2500,OLS_debias_iid,iid,False,5
4,7,7001,4,40001,True,194,False,100,0.44853827605602226,1.7667481489479542,0.040307106333843906,0.03897265617941863,0.05252398100749953,0.14909906377842183,0.9891087706236759,0.015234933043210936,6,4,0.17320508075688773,2500,OLS_debias_iid,iid,False,5
4,3,3001,10,100001,True,395,False,100,0.2619514722512866,3.1452487222850323,0.033077542310949594,0.025443423094365564,0.06525572826506937,0.14007812959517965,0.9901814860871565,0.01582480674684509,6,4,0.17320508075688773,2500,OLS_debias_iid,iid,False,5
5,0,1,28,280001,True,116,False,100,0.0,0.36455056816339493,0.012522708179356598,0.009370599973827592,0.026093903196173367,0.1224259979981973,0.992481198760537,0.02235202759666986,6,4,0.17320508075688773,2500,OLS_debias_iid,iid,False,5
4,9,9001,15,150001,True,168,False,100,0.656920831984897,0.9787697829306126,0.027117037275058615,0.021019245946001557,0.05590666515424907,0.16699913787556525,0.9861248182570237,0.01573353652479091,6,4,0.17320508075688773,2500,OLS_debias_iid,iid,False,5
5,1,1001,3,30001,True,117,False,100,0.0,0.36220265505835414,0.013791622032294518,0.012402880177900193,0.02072453897163729,0.1255832899932558,0.9920997109420769,0.023007460929586266,6,4,0.17320508075688773,2500,OLS_debias_iid,iid,False,5
4,9,9001,19,190001,True,120,False,100,0.060581507707597654,0.9647010657936335,0.024008165390321228,0.020695951850066677,0.03569654264421641,0.1335470296476561,0.9910763900972551,0.014981855827111019,6,4,0.17320508075688773,2500,OLS_debias_iid,iid,False,5
4,3,3001,4,40001,True,447,False,100,0.44853827605602226,3.269495323766023,0.03285279950307342,0.032050277510355815,0.040104538594521504,0.14668729656662682,0.9893624090428992,0.015425915484138778,6,4,0.17320508075688773,2500,OLS_debias_iid,iid,False,5
5,0,1,24,240001,True,116,False,100,0.0,0.4246504092589021,0.013874948740463145,0.012677428717458692,0.022605157066740107,0.12945979732260882,0.9915899494354995,0.02274780441764494,6,4,0.17320508075688773,2500,OLS_debias_iid,iid,False,5
4,7,7001,2,20001,True,261,False,100,0.19097904993291573,1.8301528356969357,0.030095929646135267,0.02735004644345405,0.0486784583085161,0.1349039103844334,0.9908881686785669,0.0151455737810848,6,4,0.17320508075688773,2500,OLS_debias_iid,iid,False,5
4,7,7001,29,290001,True,124,False,100,0.08360142058104306,1.551323011983186,0.34876455597514383,0.22789178074067049,0.6718034245809362,0.7655520750511401,0.7900880868532418,0.015703486643795013,6,4,0.17320508075688773,2500,OLS_debias_iid,iid,False,5
5,0,1,27,270001,True,116,False,100,0.0,0.4171882742084563,0.01751038923569164,0.01535223379662456,0.027935420292869103,0.13427532679542797,0.9909496989381013,0.023177384655521365,6,4,0.17320508075688773,2500,OLS_debias_iid,iid,False,5
5,1,1001,7,70001,True,116,False,100,0.0,0.3440501280128956,0.015040040715088323,0.012931207807250185,0.028708531599598852,0.12154594513024476,0.9925986256031747,0.022330500804551606,6,4,0.17320508075688773,2500,OLS_debias_iid,iid,False,5
5,1,1001,1,10001,True,116,False,100,0.0,0.40568644739687443,0.01216694202253657,0.010256964361822779,0.02188447013774826,0.12256785316720661,0.992457472739805,0.022727738051613107,6,4,0.17320508075688773,2500,OLS_debias_iid,iid,False,5
5,0,1,29,290001,True,139,False,100,0.0,0.40794734098017216,0.012376723020912476,0.010155033172489435,0.023830758942608783,0.1257721999703513,0.9920591171818018,0.022776902321475792,6,4,0.17320508075688773,2500,OLS_debias_iid,iid,False,5
3,9,9001,17,170001,True,518,False,100,0.378260341320207,4.950412559788674,0.045581921615773714,0.03878155120980729,0.07129282703533595,0.14661662149702478,0.9891713875104324,0.008077010866717731,6,4,0.17320508075688773,2500,OLS_debias_iid,iid,False,5
5,1,1001,6,60001,True,116,False,100,0.0,0.36018482921645045,0.02280714522171911,0.019865067473842892,0.03742525683031306,0.13770987957095387,0.9904790754871463,0.02259933363060817,6,4,0.17320508075688773,2500,OLS_debias_iid,iid,False,5
5,0,1,4,40001,True,146,False,100,0.0,0.7876337179914117,0.022700555971663476,0.019327896025228743,0.0347800924164169,0.12971260511527472,0.9915479733173318,0.022864026445624925,6,4,0.17320508075688773,2500,OLS_debias_iid,iid,False,5
5,0,1,7,70001,True,116,False,100,0.0,0.7439035079441965,0.012766977291754671,0.01054712212271301,0.020264367958194873,0.12502315798839614,0.9921476703478245,0.02340839687434547,6,4,0.17320508075688773,2500,OLS_debias_iid,iid,False,5
4,6,6001,22,220001,True,230,False,100,0.36910701294536175,1.9954757778905332,0.025299440775722,0.024023757379173154,0.03924601275478529,0.13787523151416853,0.9905410650531359,0.015020550064585941,6,4,0.17320508075688773,2500,OLS_debias_iid,iid,False,5
5,1,1001,13,130001,True,116,False,100,0.0,0.35524663561955094,0.011744939153005039,0.009097190638899948,0.023478573269325516,0.13336532552444427,0.9910638786279334,0.02303238781238894,6,4,0.17320508075688773,2500,OLS_debias_iid,iid,False,5
5,0,1,13,130001,True,116,False,100,0.0,0.6909443349577487,0.012586207005468945,0.009730625670306544,0.022655381545030197,0.13145695834509188,0.9913189790784794,0.02205442399089711,6,4,0.17320508075688773,2500,OLS_debias_iid,iid,False,5
5,1,1001,8,80001,True,116,False,100,0.0,0.4042611778713763,0.011817776503392809,0.010459510452441659,0.01979093544217398,0.12449634960238533,0.9922225141403413,0.02276128043011046,6,4,0.17320508075688773,2500,OLS_debias_iid,iid,False,5
5,1,1001,9,90001,True,130,False,100,0.0,0.40329430531710386,0.015881827344357363,0.012591118492339466,0.027101546914817785,0.12691482887651007,0.9919274574864466,0.022629781907240205,6,4,0.17320508075688773,2500,OLS_debias_iid,iid,False,5
5,1,1001,16,160001,True,125,False,100,0.0,0.35949962539598346,0.014441406896081026,0.01225355834581607,0.025101531080514716,0.12441310461778092,0.9922317352295107,0.022706134700927562,6,4,0.17320508075688773,2500,OLS_debias_iid,iid,False,5
5,1,1001,15,150001,True,116,False,100,0.0,0.36401620227843523,0.008750246428193047,0.006245941820518395,0.01949920359133319,0.12735651420249466,0.9918641688142493,0.022613974828841095,6,4,0.17320508075688773,2500,OLS_debias_iid,iid,False,5
5,0,1,22,220001,True,201,False,100,0.0,0.5642665298655629,0.018420334298867025,0.016018390960268476,0.030180537935298523,0.12870836239630773,0.9917033645713056,0.022266690476688986,6,4,0.17320508075688773,2500,OLS_debias_iid,iid,False,5
4,9,9001,5,50001,True,304,False,100,0.22417628943463683,1.2221272457391024,0.07006404451696947,0.053155968509945285,0.12803869715116675,0.17824177547664027,0.9843709186668783,0.015201827274041966,6,4,0.17320508075688773,2500,OLS_debias_iid,iid,False,5
5,1,1001,11,110001,True,137,False,100,0.0,0.4136965493671596,0.008950576263972613,0.007776749887129245,0.015944138268708597,0.12092192468385389,0.9926615276588444,0.02283339729201589,6,4,0.17320508075688773,2500,OLS_debias_iid,iid,False,5
5,0,1,12,120001,True,116,False,100,0.0,0.740019025746733,0.015338995554333941,0.012662047874902526,0.029564196321963988,0.12964960423583657,0.9915616100110621,0.022703676801414243,6,4,0.17320508075688773,2500,OLS_debias_iid,iid,False,5
4,8,8001,19,190001,True,284,False,100,0.060581507707597654,1.4157324121333659,0.04375671894549229,0.035792864705605075,0.0837362466157407,0.1460920210554048,0.9892924749981638,0.014634509396070772,6,4,0.17320508075688773,2500,OLS_debias_iid,iid,False,5
5,1,1001,20,200001,True,116,False,100,0.0,0.3497907961718738,0.007528445197544089,0.006311749308966676,0.014486646009275643,0.12973016527358378,0.9915489592639729,0.022923406149723685,6,4,0.17320508075688773,2500,OLS_debias_iid,iid,False,5
5,1,1001,21,210001,True,116,False,100,0.0,0.3557373317889869,0.00993419080721874,0.008319222023629669,0.016719163002086552,0.122214682518804,0.9925015941067454,0.02204841641334536,6,4,0.17320508075688773,2500,OLS_debias_iid,iid,False,5
5,1,1001,10,100001,True,116,False,100,0.0,0.4488500519655645,0.012963825134964486,0.010048386585196824,0.025402012884403878,0.1271267914807569,0.9918799583858289,0.022961038533357875,6,4,0.17320508075688773,2500,OLS_debias_iid,iid,False,5
4,5,5001,24,240001,True,248,False,100,0.90666550507506,2.5031425510533154,0.024564843885799766,0.021293374449650775,0.0423713964199811,0.28204670337767246,0.9606825298755712,0.015775202876694705,6,4,0.17320508075688773,2500,OLS_debias_iid,iid,False,5
5,1,1001,18,180001,True,135,False,100,0.0,0.4148957012221217,0.014509235495773588,0.011969030176001457,0.023552883040504947,0.12325038174675286,0.9923762102476194,0.022713327395264094,6,4,0.17320508075688773,2500,OLS_debias_iid,iid,False,5
4,8,8001,23,230001,True,122,False,100,0.12688486242682628,1.4402945223264396,0.019968040943527374,0.018110376670907043,0.03133661451731292,0.13078877657829335,0.9913990437060871,0.015194944619657985,6,4,0.17320508075688773,2500,OLS_debias_iid,iid,False,5
4,9,9001,11,110001,True,289,False,100,0.5823828496664981,1.227099639363587,0.02873471887362223,0.022259813061273975,0.056262831053614105,0.16106742089861031,0.9873393453481789,0.01544597910911915,6,4,0.17320508075688773,2500,OLS_debias_iid,iid,False,5
5,1,1001,23,230001,True,116,False,100,0.0,0.37380216969177127,0.02682152484266071,0.019205040535511225,0.05671076937750545,0.14485816316712283,0.9894548990533228,0.022382300397991762,6,4,0.17320508075688773,2500,OLS_debias_iid,iid,False,5
4,0,1,29,290001,True,440,False,100,0.08360142058104306,4.438096122350544,0.03102378295465644,0.026892056887790016,0.053223222944922176,0.13153793622355558,0.991311946573552,0.015075554602053353,6,4,0.17320508075688773,2500,OLS_debias_iid,iid,False,5
5,0,1,14,140001,True,190,False,100,0.0,0.7935460461303592,0.016972535884812213,0.014010848992424269,0.03285778501859317,0.1313560130837313,0.9913351778985402,0.022331769179709575,6,4,0.17320508075688773,2500,OLS_debias_iid,iid,False,5
4,7,7001,5,50001,True,232,False,100,0.22417628943463683,1.9903773851692677,0.024249422639705098,0.02075313377535593,0.04859008491832311,0.13001852271197778,0.9915000327130935,0.015440738410743017,6,4,0.17320508075688773,2500,OLS_debias_iid,iid,False,5
5,1,1001,25,250001,True,116,False,100,0.0,0.37159230606630445,0.013826707967336826,0.01129672004349687,0.026893045161247697,0.12577850381583808,0.9920618808726687,0.023098464117342583,6,4,0.17320508075688773,2500,OLS_debias_iid,iid,False,5
5,1,1001,27,270001,True,117,False,100,0.0,0.3761222632601857,0.015442798215394732,0.014181096571552509,0.021247927399766293,0.13475122675346163,0.9908873516756186,0.022221635900807654,6,4,0.17320508075688773,2500,OLS_debias_iid,iid,False,5
3,7,7001,1,10001,True,565,False,100,0.4615715527439141,6.319535992108285,0.0817911538976875,0.06622696138565375,0.1439004729906898,0.19198844212814484,0.9826927395781121,0.007906924906284587,6,4,0.17320508075688773,2500,OLS_debias_iid,iid,False,5
5,0,1,25,250001,True,147,False,100,0.0,0.6359824263490736,0.014694856233932288,0.011387735790031253,0.024773565319214465,0.12521870110068983,0.9921253040880577,0.022840705788774153,6,4,0.17320508075688773,2500,OLS_debias_iid,iid,False,5
5,1,1001,5,50001,True,116,False,100,0.0,0.5516047216951847,0.010226084796032325,0.007855787886055883,0.019387452898095944,0.12100424001322327,0.9926551547104486,0.02218066243225598,6,4,0.17320508075688773,2500,OLS_debias_iid,iid,False,5
5,0,1,23,230001,True,199,False,100,0.0,0.6582983429543674,0.02697374356543816,0.019827390030721617,0.05710309339547719,0.14729350389768592,0.9890984954847428,0.022601484039306823,6,4,0.17320508075688773,2500,OLS_debias_iid,iid,False,5
4,9,9001,4,40001,True,320,False,100,0.44853827605602226,1.354180920869112,0.03951833391904907,0.03745186028235734,0.05339542773976836,0.15118832585675446,0.9888863081825848,0.015403400959763707,6,4,0.17320508075688773,2500,OLS_debias_iid,iid,False,5
5,2,2001,5,50001,True,116,False,100,0.0,0.36826335126534104,0.009334801762782789,0.00823707802550169,0.015333539890343181,0.12275693769711257,0.9924440604457666,0.022946568455610824,6,4,0.17320508075688773,2500,OLS_debias_iid,iid,False,5
4,4,4001,22,220001,True,210,False,100,0.36910701294536175,2.951572166290134,0.03985203219473619,0.03550282483904055,0.06575235501070242,0.15236562072408755,0.9887651686424583,0.015517150975115851,6,4,0.17320508075688773,2500,OLS_debias_iid,iid,False,5
4,4,4001,23,230001,True,167,False,100,0.12688486242682628,2.977624936029315,0.02399000796095416,0.019041505774139614,0.04689450003253807,0.1340053610883311,0.9909927976392554,0.015368056897643652,6,4,0.17320508075688773,2500,OLS_debias_iid,iid,False,5
5,2,2001,7,70001,True,116,False,100,0.0,0.39309652894735336,0.012425704331527104,0.011054418550492025,0.020848756374484117,0.12592244914989192,0.9920313302477609,0.022856570727222712,6,4,0.17320508075688773,2500,OLS_debias_iid,iid,False,5
5,1,1001,29,290001,True,138,False,100,0.0,0.4301193789578974,0.013002574529727843,0.010056576097151344,0.024385631064767977,0.12299776550581437,0.9924090943547557,0.02318436536931229,6,4,0.17320508075688773,2500,OLS_debias_iid,iid,False,5
5,0,1,21,210001,True,116,False,100,0.0,0.7751015098765492,0.010198122359238778,0.008926450299076327,0.014539968897525098,0.1221092685033219,0.9925099557403885,0.02293463415063211,6,4,0.17320508075688773,2500,OLS_debias_iid,iid,False,5
5,1,1001,24,240001,True,153,False,100,0.0,0.47710170596838,0.013021182317880957,0.011354193532053336,0.019925774989901755,0.12716767222036454,0.9918875417989982,0.022721686643059413,6,4,0.17320508075688773,2500,OLS_debias_iid,iid,False,5
4,5,5001,21,210001,True,254,False,100,0.660860856614927,2.6806985740549862,0.04322449622183558,0.03499289182220189,0.08606068483711006,0.19227952745333554,0.9826823452722211,0.015673334327408087,6,4,0.17320508075688773,2500,OLS_debias_iid,iid,False,5
5,2,2001,9,90001,True,116,False,100,0.0,0.37665029987692833,0.01669396613170072,0.013380704550106993,0.02629562777629077,0.1288121367093648,0.9916702576500137,0.022522886128997936,6,4,0.17320508075688773,2500,OLS_debias_iid,iid,False,5
5,1,1001,4,40001,True,139,False,100,0.0,0.6553495340049267,0.020991062363329357,0.01851837473580845,0.031979147381137454,0.13186342053205583,0.9912591939833023,0.02244893859221634,6,4,0.17320508075688773,2500,OLS_debias_iid,iid,False,5
5,1,1001,28,280001,True,116,False,100,0.0,0.48308676155284047,0.015186057310578796,0.010907739559667963,0.03325695796910753,0.12287325783333582,0.9924304201487749,0.022832900049613313,6,4,0.17320508075688773,2500,OLS_debias_iid,iid,False,5
5,0,1,16,160001,True,138,False,100,0.0,0.8823724361136556,0.015458663485781916,0.012896524619467062,0.028241190827329263,0.12261638052041582,0.9924646243745059,0.022775203298614686,6,4,0.17320508075688773,2500,OLS_debias_iid,iid,False,5
5,1,1001,17,170001,True,138,False,100,0.0,0.5952143529430032,0.009511461068185257,0.008424058079439944,0.014358338102209163,0.12244541069679818,0.9924867546874725,0.023152995668771395,6,4,0.17320508075688773,2500,OLS_debias_iid,iid,False,5
5,2,2001,10,100001,True,116,False,100,0.0,0.3771250261925161,0.013407219366550803,0.009917241026736157,0.02624554821704977,0.12765226741924984,0.9918208233745511,0.02331921982101802,6,4,0.17320508075688773,2500,OLS_debias_iid,iid,False,5
4,9,9001,3,30001,True,251,False,100,0.471121757448337,1.5047409823164344,0.026268624690807884,0.02470649106828562,0.042514120154908235,0.1446279642042665,0.9895825412854021,0.015716305224878567,6,4,0.17320508075688773,2500,OLS_debias_iid,iid,False,5
5,1,1001,26,260001,True,154,False,100,0.0,0.5069122281856835,0.012804708623430156,0.011235056917696808,0.020822966960208418,0.12906096543374287,0.9916400115055113,0.022473636150031544,6,4,0.17320508075688773,2500,OLS_debias_iid,iid,False,5
4,8,8001,24,240001,True,440,False,100,0.90666550507506,1.6056993450038135,0.032587474345683376,0.027308444788369166,0.06550481497219571,0.3087095431235596,0.9559679077191963,0.015100398843470636,6,4,0.17320508075688773,2500,OLS_debias_iid,iid,False,5
5,2,2001,22,220001,True,116,False,100,0.0,0.32705044094473124,0.016895019246387106,0.015210061243657813,0.023068503784203928,0.1267027400331298,0.9919486237813898,0.022204082022294902,6,4,0.17320508075688773,2500,OLS_debias_iid,iid,False,5
4,7,7001,11,110001,True,314,False,100,0.5823828496664981,2.072824024129659,0.02249113284354687,0.017918558833055903,0.046263174870277195,0.15700889627105857,0.987827412464162,0.015501773126185675,6,4,0.17320508075688773,2500,OLS_debias_iid,iid,False,5
5,2,2001,15,150001,True,117,False,100,0.0,0.3752456000074744,0.009701750902319414,0.007805698603796659,0.019681169109272745,0.12887911506863348,0.9916621118273098,0.022924115138673536,6,4,0.17320508075688773,2500,OLS_debias_iid,iid,False,5
5,2,2001,6,60001,True,158,False,100,0.0,0.48690231377258897,0.02242572221160494,0.018323119504792543,0.04030889496044791,0.1378783051786811,0.9904510102762469,0.022743391452895098,6,4,0.17320508075688773,2500,OLS_debias_iid,iid,False,5
5,1,1001,19,190001,True,180,False,100,0.0,0.6128108049742877,0.021549803769027997,0.017601257192251366,0.03493499663173566,0.13204749044081626,0.9912408381966707,0.02203718981643165,6,4,0.17320508075688773,2500,OLS_debias_iid,iid,False,5
5,2,2001,0,1,True,117,False,100,0.0,0.5111318081617355,0.013747895943487002,0.012256437123861335,0.02288988007095417,0.1234854229465221,0.9923519082669868,0.023640826351674703,6,4,0.17320508075688773,2500,OLS_debias_iid,iid,False,5
5,2,2001,26,260001,True,116,False,100,0.0,0.3436512011103332,0.012656920954885421,0.01107996937239006,0.021072769715122817,0.1300656130539832,0.9915149930907443,0.021987975109482777,6,4,0.17320508075688773,2500,OLS_debias_iid,iid,False,5
5,1,1001,2,20001,True,116,False,100,0.0,0.7603108077310026,0.014605952609120265,0.01187085814975737,0.021671449074995686,0.12949227839259544,0.9915866586211669,0.022555964039400793,6,4,0.17320508075688773,2500,OLS_debias_iid,iid,False,5
5,2,2001,8,80001,True,130,False,100,0.0,0.4648291263729334,0.012225601030481856,0.011587827916271743,0.016474980906931745,0.1276057075040182,0.9918228968146615,0.02229334028785505,6,4,0.17320508075688773,2500,OLS_debias_iid,iid,False,5
5,3,3001,11,110001,True,116,False,100,0.0,0.27335011400282383,0.00976029303299428,0.008300508307383216,0.01758419715021998,0.12023927632444718,0.9927429599985338,0.022933567343693687,6,4,0.17320508075688773,2500,OLS_debias_iid,iid,False,5
5,2,2001,18,180001,True,134,False,100,0.0,0.4197956542484462,0.013740407746942893,0.01136038379259238,0.022599618447440118,0.12256140854317424,0.9924666938916477,0.02238482323973261,6,4,0.17320508075688773,2500,OLS_debias_iid,iid,False,5
4,9,9001,26,260001,True,269,False,100,0.19864463888222528,1.2725553470663726,0.025995603687284013,0.024126795031678177,0.04017391667992194,0.13183672760311266,0.9912818003794006,0.015461288856409402,6,4,0.17320508075688773,2500,OLS_debias_iid,iid,False,5
5,2,2001,14,140001,True,134,False,100,0.0,0.4404953229241073,0.019037218772893997,0.01578388996739251,0.037530000258617635,0.13235000658700247,0.9912164747985116,0.021946910952596998,6,4,0.17320508075688773,2500,OLS_debias_iid,iid,False,5
4,6,6001,18,180001,True,536,False,100,0.32963908607068243,2.4727743617258966,0.025174663884307013,0.02325013301956794,0.032145552081217034,0.13275261510073422,0.9911720348488554,0.015255782809334182,6,4,0.17320508075688773,2500,OLS_debias_iid,iid,False,5
5,2,2001,13,130001,True,116,False,100,0.0,0.45580277126282454,0.01326848900398156,0.009348412291546773,0.027020980940248008,0.13478804563540928,0.99087146595966,0.022076139790605725,6,4,0.17320508075688773,2500,OLS_debias_iid,iid,False,5
5,1,1001,14,140001,True,146,False,100,0.0,0.7344367662444711,0.017902795768109943,0.014506990308830842,0.0338572356217001,0.1296179956078506,0.9915662289975431,0.022651640502344476,6,4,0.17320508075688773,2500,OLS_debias_iid,iid,False,5
5,3,3001,7,70001,True,116,False,100,0.0,0.35897576762363315,0.009959534571270983,0.008906228439986749,0.01659195238731225,0.12701732952752315,0.9918922841431157,0.022134492365746196,6,4,0.17320508075688773,2500,OLS_debias_iid,iid,False,5
5,3,3001,5,50001,True,117,False,100,0.0,0.3772745751775801,0.01017916676392188,0.00862908393216451,0.01773905101508832,0.12024423304467978,0.9927450787528703,0.022557302640288525,6,4,0.17320508075688773,2500,OLS_debias_iid,iid,False,5
5,3,3001,8,80001,True,116,False,100,0.0,0.3588916487060487,0.011973648118134669,0.009948725642286634,0.019284699949452366,0.12441721180932512,0.9922274369555482,0.022753748726606786,6,4,0.17320508075688773,2500,OLS_debias_iid,iid,False,5
5,2,2001,25,250001,True,139,False,100,0.0,0.44637778121978045,0.01469843179258477,0.012129533502636625,0.023930424836214194,0.12466890100176972,0.9921984364324273,0.023322190337469226,6,4,0.17320508075688773,2500,OLS_debias_iid,iid,False,5
5,2,2001,21,210001,True,122,False,100,0.0,0.46397186210379004,0.010642038873419236,0.009344206998743077,0.01675445740489889,0.1249202724277646,0.9921532014373468,0.022765760383930002,6,4,0.17320508075688773,2500,OLS_debias_iid,iid,False,5
4,7,7001,10,100001,True,520,False,100,0.2619514722512866,2.2129524503834546,0.029780817323143697,0.023136447596885466,0.05986049931472037,0.13454752938215409,0.9909645708894841,0.015323020578798906,6,4,0.17320508075688773,2500,OLS_debias_iid,iid,False,5
5,2,2001,16,160001,True,129,False,100,0.0,0.4917289987206459,0.014463881166009248,0.012750086132603583,0.022052227783897413,0.12707714679681012,0.9919063285362164,0.02333129132552679,6,4,0.17320508075688773,2500,OLS_debias_iid,iid,False,5
4,5,5001,0,1,True,363,False,100,0.5607527797202628,3.0940262558870018,0.03612850963749962,0.03363131853950121,0.05383459579396427,0.15817472621076795,0.9877830269476153,0.01552380247286854,6,4,0.17320508075688773,2500,OLS_debias_iid,iid,False,5
5,3,3001,0,1,True,135,False,100,0.0,0.42913990607485175,0.014027393828121987,0.011972379693857645,0.024339931729761698,0.12336871233180205,0.9923608419592665,0.022851103092901618,6,4,0.17320508075688773,2500,OLS_debias_iid,iid,False,5
5,3,3001,2,20001,True,116,False,100,0.0,0.4171198937110603,0.015915289287508523,0.012982150218230211,0.025323735867059122,0.1295354824879633,0.9916030049805502,0.022194885048485408,6,4,0.17320508075688773,2500,OLS_debias_iid,iid,False,5
5,2,2001,2,20001,True,116,False,100,0.0,0.6324421921744943,0.014573114196821703,0.011334438049923658,0.025680446760888976,0.1318083314737197,0.9912832685299067,0.022098872965723677,6,4,0.17320508075688773,2500,OLS_debias_iid,iid,False,5
5,3,3001,13,130001,True,116,False,100,0.0,0.3711668699979782,0.012386342158849588,0.009591055460442133,0.024048663446593038,0.13062726105930972,0.9914264873495743,0.022781162943697773,6,4,0.17320508075688773,2500,OLS_debias_iid,iid,False,5
4,8,8001,25,250001,True,365,False,100,0.0654718396519807,1.7712135962210596,0.029314553094268413,0.02489003117363467,0.049464694108059384,0.13187789391192578,0.9912900067869017,0.015625847719060903,6,4,0.17320508075688773,2500,OLS_debias_iid,iid,False,5
4,8,8001,2,20001,True,153,False,100,0.19097904993291573,2.0137949152849615,0.0372536005421453,0.0334504691641146,0.0591235934953238,0.14118780735991018,0.9900113299857052,0.01518829654123765,6,4,0.17320508075688773,2500,OLS_debias_iid,iid,False,5
5,3,3001,6,60001,True,145,False,100,0.0,0.4226462231017649,0.02218098901102629,0.018874220142561692,0.034232941285675944,0.13649459424033583,0.990647984426324,0.0228009935882938,6,4,0.17320508075688773,2500,OLS_debias_iid,iid,False,5
4,3,3001,26,260001,True,512,False,100,0.19864463888222528,3.4433281561359763,0.04625463188693724,0.039767795107768476,0.08648396053271207,0.14763853213435857,0.9891029977586745,0.014969039795160444,6,4,0.17320508075688773,2500,OLS_debias_iid,iid,False,5
5,3,3001,4,40001,True,147,False,100,0.0,0.43746326537802815,0.02110602468428881,0.01857558699049403,0.03191668140449364,0.12958626605964316,0.9915737246419583,0.022574789956856106,6,4,0.17320508075688773,2500,OLS_debias_iid,iid,False,5
5,3,3001,1,10001,True,146,False,100,0.0,0.46231295401230454,0.012610575084601304,0.011566247196804153,0.01934650097149559,0.12625258414724644,0.9919960630704345,0.02255090608434673,6,4,0.17320508075688773,2500,OLS_debias_iid,iid,False,5
5,3,3001,16,160001,True,117,False,100,0.0,0.3622382637113333,0.014627845593998632,0.012183364000778608,0.024276698149726834,0.1259909380671902,0.9920349494916432,0.022852743318421197,6,4,0.17320508075688773,2500,OLS_debias_iid,iid,False,5
5,1,1001,0,1,True,143,False,100,0.0,0.9340506289154291,0.016460493767441468,0.015284977337325712,0.023531766477589703,0.12367070245156334,0.9923250092633025,0.022515958580016794,6,4,0.17320508075688773,2500,OLS_debias_iid,iid,False,5
5,2,2001,23,230001,True,142,False,100,0.0,0.5318502560257912,0.025909777588441964,0.01907628640574741,0.055008989252662115,0.14361125800409202,0.9896341481695101,0.021810817764128364,6,4,0.17320508075688773,2500,OLS_debias_iid,iid,False,5
5,3,3001,12,120001,True,142,False,100,0.0,0.42911363719031215,0.017838267781066595,0.015354676084204308,0.03350934108482799,0.13057600312501896,0.9914384016777776,0.022504758339273706,6,4,0.17320508075688773,2500,OLS_debias_iid,iid,False,5
5,2,2001,19,190001,True,180,False,100,0.0,0.558004604652524,0.02231444703920785,0.017362828077684602,0.039193763659657536,0.1317381814271566,0.9912841870938162,0.02290048858866356,6,4,0.17320508075688773,2500,OLS_debias_iid,iid,False,5
5,2,2001,20,200001,True,185,False,100,0.0,0.557140831835568,0.00657885818924745,0.006218657230635738,0.009366021194594383,0.12960876766829563,0.9915771324084137,0.022257998808170074,6,4,0.17320508075688773,2500,OLS_debias_iid,iid,False,5
5,3,3001,21,210001,True,116,False,100,0.0,0.3663178449496627,0.010685996740083066,0.009857704664994523,0.01592680162985979,0.12468477790798764,0.9921870965341774,0.023117970467433364,6,4,0.17320508075688773,2500,OLS_debias_iid,iid,False,5
5,4,4001,12,120001,True,116,False,100,0.0,0.24336550291627645,0.015726653530698863,0.013072987998239577,0.029212784356761636,0.12747409764205503,0.9918467574391988,0.02284352622891465,6,4,0.17320508075688773,2500,OLS_debias_iid,iid,False,5
5,3,3001,22,220001,True,116,False,100,0.0,0.37396023934707046,0.0172307637521686,0.015633879229679046,0.023659769964957535,0.12889658394526873,0.991672793644334,0.022710270354719054,6,4,0.17320508075688773,2500,OLS_debias_iid,iid,False,5
5,3,3001,15,150001,True,116,False,100,0.0,0.4152463781647384,0.008977169421477804,0.006888852030861301,0.019430999167185863,0.1257775591363648,0.9920644756285808,0.02256589361373537,6,4,0.17320508075688773,2500,OLS_debias_iid,iid,False,5
5,3,3001,23,230001,True,116,False,100,0.0,0.37596946489065886,0.026247882955742083,0.019922585100360622,0.05449917440412159,0.14462747058911596,0.9894891874872038,0.022516040901093125,6,4,0.17320508075688773,2500,OLS_debias_iid,iid,False,5
5,3,3001,18,180001,True,129,False,100,0.0,0.4090879028663039,0.013535870744197334,0.01108093756190863,0.02259062026464352,0.12191814689662739,0.9925366930785012,0.022705048389626205,6,4,0.17320508075688773,2500,OLS_debias_iid,iid,False,5
5,3,3001,25,250001,True,116,False,100,0.0,0.3748820028267801,0.015349915909984333,0.012945993049633663,0.02898195215025982,0.12468457026956468,0.9921940618542118,0.02328419726738822,6,4,0.17320508075688773,2500,OLS_debias_iid,iid,False,5
5,3,3001,24,240001,True,119,False,100,0.0,0.3841758440248668,0.014043714211384761,0.011991736073502006,0.02414853811526018,0.12874843520422674,0.99167724537037,0.023030171951880785,6,4,0.17320508075688773,2500,OLS_debias_iid,iid,False,5
5,3,3001,26,260001,True,116,False,100,0.0,0.38156508281826973,0.011725269377076407,0.00999482092996599,0.02075643110116433,0.12811546239657662,0.9917589582205135,0.02269489350898773,6,4,0.17320508075688773,2500,OLS_debias_iid,iid,False,5
4,9,9001,12,120001,True,346,False,100,0.1810077617924173,1.6496605738066137,0.027312585143113723,0.026435205163661307,0.03664782206607836,0.1347227949968569,0.9909055122628747,0.0156218063923921,6,4,0.17320508075688773,2500,OLS_debias_iid,iid,False,5
5,4,4001,0,1,True,116,False,100,0.0,0.3766192798502743,0.01676002770530707,0.014775289108764843,0.030068783625503206,0.12377881193141264,0.9923150653520175,0.023548525792140885,6,4,0.17320508075688773,2500,OLS_debias_iid,iid,False,5
5,2,2001,1,10001,True,132,False,100,0.0,0.7696575098671019,0.01154684141841646,0.009380153866979907,0.02290162079744958,0.12214611615919382,0.9925149959047075,0.02267923533673454,6,4,0.17320508075688773,2500,OLS_debias_iid,iid,False,5
5,2,2001,28,280001,True,138,False,100,0.0,0.5935201956890523,0.0135775191478531,0.010078672938791075,0.029217041552508972,0.1256540402408369,0.9920810019376644,0.023262156159276383,6,4,0.17320508075688773,2500,OLS_debias_iid,iid,False,5
5,3,3001,27,270001,True,132,False,100,0.0,0.42350704735144973,0.018146419860991483,0.016498212238021896,0.02567474596523299,0.13686121840644183,0.9906209157118739,0.022968233982008944,6,4,0.17320508075688773,2500,OLS_debias_iid,iid,False,5
5,2,2001,11,110001,True,116,False,100,0.0,0.6917045586742461,0.008055785945529664,0.00595796948390647,0.017406071422036377,0.11990828933449213,0.9927878228465568,0.02233295959057338,6,4,0.17320508075688773,2500,OLS_debias_iid,iid,False,5
5,1,1001,22,220001,True,153,False,100,0.0,0.8646877659484744,0.01714543308992535,0.015001883000326564,0.02410368228120598,0.12979848820123832,0.9915457694018621,0.023039081207621093,6,4,0.17320508075688773,2500,OLS_debias_iid,iid,False,5
5,2,2001,12,120001,True,144,False,100,0.0,0.6935264151543379,0.017598869866932227,0.01438097754668981,0.03425065585102254,0.12919676129571567,0.9916365590919102,0.02293300132910322,6,4,0.17320508075688773,2500,OLS_debias_iid,iid,False,5
5,3,3001,17,170001,True,155,False,100,0.0,0.4859935608692467,0.01040836174400381,0.00931368518796674,0.01766821559192502,0.11851854782191897,0.9929548668973598,0.022816916930547416,6,4,0.17320508075688773,2500,OLS_debias_iid,iid,False,5
4,8,8001,3,30001,True,350,False,100,0.471121757448337,2.171016796026379,0.026094014068905394,0.024456734204950894,0.04328752842238212,0.1448962544620921,0.989548071772989,0.015018801113660144,6,4,0.17320508075688773,2500,OLS_debias_iid,iid,False,5
5,4,4001,16,160001,True,130,False,100,0.0,0.33153008902445436,0.01607534051079826,0.013591629455624936,0.026562180336642163,0.12690220904460028,0.9919233143928387,0.023790614482541547,6,4,0.17320508075688773,2500,OLS_debias_iid,iid,False,5
5,3,3001,29,290001,True,136,False,100,0.0,0.4307769946753979,0.014619650552267875,0.011849949010170854,0.027213980353391252,0.12378026121366303,0.9923107090863703,0.022956833441507535,6,4,0.17320508075688773,2500,OLS_debias_iid,iid,False,5
5,4,4001,8,80001,True,116,False,100,0.0,0.35718384198844433,0.013681729321153847,0.012124872887833512,0.020648173582175734,0.12664973761536558,0.9919501723214753,0.022423255919180887,6,4,0.17320508075688773,2500,OLS_debias_iid,iid,False,5
4,8,8001,17,170001,True,283,False,100,0.0907271436105882,1.9991419618017972,0.05744397257774418,0.04043657758302372,0.10481297586792335,0.15442489692928502,0.9881133994634211,0.01536286076804123,6,4,0.17320508075688773,2500,OLS_debias_iid,iid,False,5
4,9,9001,17,170001,True,385,False,100,0.0907271436105882,1.6814019517041743,0.020998341401841057,0.018353417649950937,0.03241682112087849,0.1231832646119459,0.9923976162613396,0.01546600143225326,6,4,0.17320508075688773,2500,OLS_debias_iid,iid,False,5
4,9,9001,18,180001,True,329,False,100,0.32963908607068243,1.6843904899433255,0.0293147824212187,0.02721897061363934,0.04263122058651709,0.13568064247012504,0.9908311490927267,0.01537717416739112,6,4,0.17320508075688773,2500,OLS_debias_iid,iid,False,5
5,2,2001,24,240001,True,133,False,100,0.0,0.6936342651024461,0.014979274219355944,0.011408640723108694,0.0275408809297746,0.12888768028724248,0.9916608083965935,0.02284619261164157,6,4,0.17320508075688773,2500,OLS_debias_iid,iid,False,5
4,7,7001,0,1,True,455,False,100,0.5607527797202628,2.5618564817123115,0.03070941310444787,0.0276631870653247,0.04841653150232183,0.1485573694278836,0.9889653474489093,0.015235662182148956,6,4,0.17320508075688773,2500,OLS_debias_iid,iid,False,5
5,2,2001,4,40001,True,125,False,100,0.0,0.846574948169291,0.021830360398659075,0.018926947378243145,0.03637304667257953,0.13190560031410833,0.9912664241318434,0.022978187196339324,6,4,0.17320508075688773,2500,OLS_debias_iid,iid,False,5
5,2,2001,3,30001,True,128,False,100,0.0,0.8521060878410935,0.014124772485909761,0.011196763011927749,0.026064677038752555,0.12322597281189267,0.992370118297446,0.022536531530273966,6,4,0.17320508075688773,2500,OLS_debias_iid,iid,False,5
4,8,8001,14,140001,True,223,False,100,0.2351047203257743,2.0506991143338382,0.04273340780112165,0.034029546794283196,0.07651099943420386,0.1522152341560189,0.9885504425320051,0.0150512911454824,6,4,0.17320508075688773,2500,OLS_debias_iid,iid,False,5
5,4,4001,18,180001,True,116,False,100,0.0,0.36995340790599585,0.014798736156899233,0.013092258617894065,0.02257026161958358,0.1258204702391782,0.992049365536357,0.02319330217083919,6,4,0.17320508075688773,2500,OLS_debias_iid,iid,False,5
4,7,7001,23,230001,True,298,False,100,0.12688486242682628,2.347334337886423,0.04718820914536795,0.035610117665905966,0.09852181732649193,0.14925724463591705,0.9887026453632605,0.015642954964493295,6,4,0.17320508075688773,2500,OLS_debias_iid,iid,False,5
4,1,1001,27,270001,True,458,False,100,0.17934803607106495,4.484200045000762,0.026551643595416192,0.02434306135696293,0.04134315158871913,0.1347982910619838,0.9908565592128842,0.015346569758456613,6,4,0.17320508075688773,2500,OLS_debias_iid,iid,False,5
5,4,4001,25,250001,True,116,False,100,0.0,0.34708710527047515,0.015598827057024006,0.012063436469545366,0.027558964125983604,0.12419236872494832,0.9922755630352483,0.022886528467130515,6,4,0.17320508075688773,2500,OLS_debias_iid,iid,False,5
3,6,6001,4,40001,True,645,False,100,0.44853827605602226,7.359808025881648,0.10284501812853765,0.08501369481727396,0.17277912722036284,0.1882682665776764,0.9823491121806573,0.007877494216553723,6,4,0.17320508075688773,2500,OLS_debias_iid,iid,False,5
5,4,4001,19,190001,True,119,False,100,0.0,0.38780542835593224,0.021690393290763364,0.01835399417916276,0.0340125018839636,0.13137137820687542,0.991331266683748,0.023011535906378357,6,4,0.17320508075688773,2500,OLS_debias_iid,iid,False,5
5,4,4001,24,240001,True,116,False,100,0.0,0.36591776786372066,0.01395956229230548,0.011765336567881314,0.021114996191424727,0.12944169690312995,0.9915881792919651,0.022638966138419366,6,4,0.17320508075688773,2500,OLS_debias_iid,iid,False,5
4,9,9001,8,80001,True,121,False,100,0.19071887809565044,1.8564075538888574,0.36252438218393435,0.23725166825461008,0.7491712498752032,0.8068030512456508,0.7735142921334794,0.015899082001820546,6,4,0.17320508075688773,2500,OLS_debias_iid,iid,False,5
5,4,4001,5,50001,True,153,False,100,0.0,0.4771541650407016,0.008866946387388134,0.008070789348997251,0.013228265418829547,0.12148720134449999,0.9925942257948556,0.021915672103793707,6,4,0.17320508075688773,2500,OLS_debias_iid,iid,False,5
5,4,4001,29,290001,True,117,False,100,0.0,0.34693582728505135,0.01436783410333009,0.011154252736630113,0.028823017259530296,0.12097938049024007,0.9926593235427132,0.022451291107860233,6,4,0.17320508075688773,2500,OLS_debias_iid,iid,False,5
5,4,4001,11,110001,True,143,False,100,0.0,0.44899035105481744,0.009768485774055183,0.007940233961494488,0.018834921351605766,0.12366416848169162,0.9923262614076125,0.0220969980635951,6,4,0.17320508075688773,2500,OLS_debias_iid,iid,False,5
5,4,4001,22,220001,True,139,False,100,0.0,0.4074668949469924,0.01511829927519481,0.01428659099824018,0.01991897502128056,0.12998025424539553,0.991520083557469,0.02237813925183666,6,4,0.17320508075688773,2500,OLS_debias_iid,iid,False,5
5,4,4001,9,90001,True,138,False,100,0.0,0.46006588032469153,0.0171916982534813,0.013873823107220786,0.027398500507849755,0.12413946044880568,0.9922744655185002,0.022095770460168293,6,4,0.17320508075688773,2500,OLS_debias_iid,iid,False,5
5,4,4001,15,150001,True,146,False,100,0.0,0.441478016320616,0.009478746364645817,0.007916450746690276,0.01759307981346847,0.12420061688542426,0.9922579567124813,0.02296631433171769,6,4,0.17320508075688773,2500,OLS_debias_iid,iid,False,5
4,8,8001,21,210001,True,492,False,100,0.660860856614927,2.075285125989467,0.051710090853118215,0.04074102070786989,0.10504983706159642,0.2078890149413205,0.9804585236014118,0.015413329323695647,6,4,0.17320508075688773,2500,OLS_debias_iid,iid,False,5
5,3,3001,19,190001,True,116,False,100,0.0,0.6004787045530975,0.02013632355988723,0.016612580528469763,0.035670709793958776,0.13285271235030013,0.9911408538539013,0.022587999697198814,6,4,0.17320508075688773,2500,OLS_debias_iid,iid,False,5
5,4,4001,28,280001,True,116,False,100,0.0,0.37634746078401804,0.01300011281070933,0.01003889974093906,0.027539047614130948,0.12348908239700343,0.9923469882742131,0.022342150009111373,6,4,0.17320508075688773,2500,OLS_debias_iid,iid,False,5
5,4,4001,1,10001,True,116,False,100,0.0,0.5361726339906454,0.011607567291740083,0.010062421084017843,0.017835991580633155,0.12626355584581345,0.9920178090615814,0.022908818650546073,6,4,0.17320508075688773,2500,OLS_debias_iid,iid,False,5
5,5,5001,4,40001,True,116,False,100,0.0,0.3517458913847804,0.021520692549126214,0.018699272432833813,0.036855355167262675,0.13073385845207508,0.9914163366544547,0.023590956870890547,6,4,0.17320508075688773,2500,OLS_debias_iid,iid,False,5
5,2,2001,17,170001,True,116,False,100,0.0,0.8287324476987123,0.01236439456490657,0.010522578766545556,0.020237925351251254,0.11946610455440769,0.9928401208846829,0.022624797408401735,6,4,0.17320508075688773,2500,OLS_debias_iid,iid,False,5
5,4,4001,20,200001,True,130,False,100,0.0,0.46049882704392076,0.00745417732274871,0.0066552023629078624,0.010973858601741493,0.12788048678852765,0.9917954938683002,0.022449999354180336,6,4,0.17320508075688773,2500,OLS_debias_iid,iid,False,5
5,3,3001,28,280001,True,192,False,100,0.0,0.5919324969872832,0.014812456457909918,0.011708104251487536,0.02927608751265014,0.12306564573211226,0.9924086810998632,0.021966469190066597,6,4,0.17320508075688773,2500,OLS_debias_iid,iid,False,5
5,5,5001,1,10001,True,116,False,100,0.0,0.38098357804119587,0.01204594956886212,0.010645141591821408,0.01841281916699217,0.12132970358754906,0.9926067172203611,0.023518339911496405,6,4,0.17320508075688773,2500,OLS_debias_iid,iid,False,5
4,9,9001,6,60001,True,355,False,100,0.40472568354906985,1.938734922092408,0.04674340874407348,0.04053121149731622,0.08980885004135224,0.15864543096505868,0.9876539330692342,0.015331203831664055,6,4,0.17320508075688773,2500,OLS_debias_iid,iid,False,5
5,5,5001,2,20001,True,116,False,100,0.0,0.37021298659965396,0.014729905988785666,0.012502375364204643,0.022200874401865096,0.13272778330275387,0.9911659383426381,0.02237416463664056,6,4,0.17320508075688773,2500,OLS_debias_iid,iid,False,5
5,4,4001,26,260001,True,140,False,100,0.0,0.42409325297921896,0.0135357543204976,0.011821317083556568,0.023009689149443863,0.12736445578088124,0.9918591117459314,0.022886194499508468,6,4,0.17320508075688773,2500,OLS_debias_iid,iid,False,5
5,5,5001,3,30001,True,117,False,100,0.0,0.379123501945287,0.013596548157408761,0.01195846463612722,0.022541675143255203,0.12407236111976286,0.9922797394431606,0.022405918213118103,6,4,0.17320508075688773,2500,OLS_debias_iid,iid,False,5
5,5,5001,5,50001,True,116,False,100,0.0,0.3748430130071938,0.009894636690798354,0.008761351763698383,0.017752627121561008,0.12412990123821227,0.9922713241199831,0.023243594684182516,6,4,0.17320508075688773,2500,OLS_debias_iid,iid,False,5
5,4,4001,6,60001,True,116,False,100,0.0,0.5400075567886233,0.022158389791913004,0.018846557234138566,0.03578867697499132,0.13606910385989718,0.9907002552052935,0.023261713178032203,6,4,0.17320508075688773,2500,OLS_debias_iid,iid,False,5
5,2,2001,29,290001,True,116,False,100,0.0,0.8049060921184719,0.01538749511534638,0.012345381364182064,0.03061494321708831,0.12658009137205942,0.9919707194548444,0.023043429050350887,6,4,0.17320508075688773,2500,OLS_debias_iid,iid,False,5
5,5,5001,14,140001,True,116,False,100,0.0,0.3417935138568282,0.018304442364247664,0.014747131156666671,0.03808625787979499,0.13050280241956985,0.9914484171379098,0.022338393285265646,6,4,0.17320508075688773,2500,OLS_debias_iid,iid,False,5
5,5,5001,16,160001,True,116,False,100,0.0,0.34661919763311744,0.014082601382513263,0.012064833718100826,0.024889671798856098,0.12413301676638791,0.9922673547212101,0.02283733208025367,6,4,0.17320508075688773,2500,OLS_debias_iid,iid,False,5
5,5,5001,7,70001,True,128,False,100,0.0,0.38018023408949375,0.01273241245025021,0.01109159536628101,0.019950227278832725,0.12645214780635208,0.9919662933962532,0.022922155145043508,6,4,0.17320508075688773,2500,OLS_debias_iid,iid,False,5
5,5,5001,18,180001,True,116,False,100,0.0,0.3537616962566972,0.011881699062709111,0.010154975279445923,0.021295283573371803,0.12393990756268339,0.9923009003855017,0.02244893868989705,6,4,0.17320508075688773,2500,OLS_debias_iid,iid,False,5
5,4,4001,3,30001,True,119,False,100,0.0,0.5901248008012772,0.015122021683000815,0.0130867436972028,0.02324850318035908,0.12248154971282929,0.9924673806294559,0.022549371385185042,6,4,0.17320508075688773,2500,OLS_debias_iid,iid,False,5
5,5,5001,10,100001,True,122,False,100,0.0,0.3905558679252863,0.01473006668420927,0.011787431057561549,0.02863625667113224,0.12753289131461265,0.9918367953747288,0.022277044789778083,6,4,0.17320508075688773,2500,OLS_debias_iid,iid,False,5
5,5,5001,9,90001,True,116,False,100,0.0,0.39817289309576154,0.014901866101504997,0.012225800797733574,0.023555597137447523,0.1254903943612544,0.992092796962124,0.02279689047283481,6,4,0.17320508075688773,2500,OLS_debias_iid,iid,False,5
4,7,7001,9,90001,True,443,False,100,0.5183949345481166,2.6426157322712243,0.03554782430902916,0.0305118699697285,0.05775362276488039,0.1583669989237243,0.9878876844432155,0.015120051821358305,6,4,0.17320508075688773,2500,OLS_debias_iid,iid,False,5
4,9,9001,21,210001,True,371,False,100,0.660860856614927,1.867788190022111,0.05641170640838653,0.04392537131042873,0.11419680039303264,0.21319920218609323,0.9799198217318414,0.015141311672315425,6,4,0.17320508075688773,2500,OLS_debias_iid,iid,False,5
5,5,5001,20,200001,True,116,False,100,0.0,0.36188510712236166,0.007078522684896844,0.006539801905763635,0.010188238220173737,0.12809829280851748,0.991762166058573,0.022258458165052154,6,4,0.17320508075688773,2500,OLS_debias_iid,iid,False,5
5,3,3001,9,90001,True,116,False,100,0.0,0.7888339799828827,0.01647739271286827,0.013468124154932771,0.024678037646446667,0.1249254143555547,0.9921711200662957,0.02270819323686733,6,4,0.17320508075688773,2500,OLS_debias_iid,iid,False,5
5,3,3001,10,100001,True,116,False,100,0.0,0.79200474685058,0.01331062295159759,0.01014447954219894,0.025627668032653417,0.12892409979705902,0.9916620297300925,0.02253390147137327,6,4,0.17320508075688773,2500,OLS_debias_iid,iid,False,5
5,5,5001,19,190001,True,117,False,100,0.0,0.37835192726925015,0.020382077642006897,0.017319685849607133,0.034618817593955055,0.13012703182588836,0.991496782871749,0.02236424680147075,6,4,0.17320508075688773,2500,OLS_debias_iid,iid,False,5
5,4,4001,21,210001,True,142,False,100,0.0,0.5552719160914421,0.010353759937425232,0.008820521301111299,0.019770213655509714,0.12261639273339216,0.9924409053025729,0.02316633380649359,6,4,0.17320508075688773,2500,OLS_debias_iid,iid,False,5
5,5,5001,26,260001,True,116,False,100,0.0,0.35309474216774106,0.013403116794466761,0.0120684248719162,0.021639077649007514,0.12598460945127798,0.9920312997056464,0.02214076004252359,6,4,0.17320508075688773,2500,OLS_debias_iid,iid,False,5
4,8,8001,6,60001,True,527,False,100,0.40472568354906985,2.3536260430701077,0.029187973848033563,0.02660078708368976,0.04216529953625603,0.14406949411515202,0.9895938265967068,0.015412132305804061,6,4,0.17320508075688773,2500,OLS_debias_iid,iid,False,5
5,5,5001,24,240001,True,124,False,100,0.0,0.3717228649184108,0.012746963155314492,0.011308998672468103,0.02153721056285917,0.12945894153105308,0.9915854243281781,0.022283701865523562,6,4,0.17320508075688773,2500,OLS_debias_iid,iid,False,5
5,5,5001,25,250001,True,116,False,100,0.0,0.3630445790477097,0.015539551445668499,0.010885767030586505,0.0329963247533825,0.1261586922018174,0.9920082683621038,0.022581982529536946,6,4,0.17320508075688773,2500,OLS_debias_iid,iid,False,5
5,5,5001,17,170001,True,141,False,100,0.0,0.42215138766914606,0.010917320581442859,0.009738051289204795,0.017421298755751987,0.12140464999451056,0.9926027231578138,0.022610671673891084,6,4,0.17320508075688773,2500,OLS_debias_iid,iid,False,5
5,5,5001,12,120001,True,116,False,100,0.0,0.4417633442208171,0.01726514678025533,0.013646838552153996,0.03486076938786155,0.12900194490888003,0.9916441884997004,0.023437313571688823,6,4,0.17320508075688773,2500,OLS_debias_iid,iid,False,5
5,3,3001,14,140001,True,117,False,100,0.0,0.8003685548901558,0.017375721323856022,0.014978663848216419,0.03054730362945459,0.12914659907174067,0.9916423587709435,0.02287653501607778,6,4,0.17320508075688773,2500,OLS_debias_iid,iid,False,5
5,5,5001,15,150001,True,116,False,100,0.0,0.44699468556791544,0.009332559479614803,0.007244337208610966,0.0185094292102364,0.12726237171630259,0.9918742362921193,0.022598444085778557,6,4,0.17320508075688773,2500,OLS_debias_iid,iid,False,5
5,5,5001,13,130001,True,119,False,100,0.0,0.457502709235996,0.012536084841438196,0.00937429180827282,0.025925490126134227,0.1308152406149946,0.9914074759713613,0.022575517646487832,6,4,0.17320508075688773,2500,OLS_debias_iid,iid,False,5
5,6,6001,1,10001,True,116,False,100,0.0,0.3716321070678532,0.01168791893145035,0.010315580126826185,0.02025456778940215,0.12257891225973698,0.9924515650956809,0.022706024989194187,6,4,0.17320508075688773,2500,OLS_debias_iid,iid,False,5
5,2,2001,27,270001,True,158,False,100,0.0,0.9345255056396127,0.01661899044970427,0.015790080086203667,0.021296156083776455,0.13360573352846528,0.9910353477023224,0.022190439785439105,6,4,0.17320508075688773,2500,OLS_debias_iid,iid,False,5
5,3,3001,20,200001,True,135,False,100,0.0,0.7847069399431348,0.008599246329857714,0.00809427066135198,0.011059170003506575,0.12855085528317178,0.9917084575535756,0.022499831075829927,6,4,0.17320508075688773,2500,OLS_debias_iid,iid,False,5
5,6,6001,3,30001,True,116,False,100,0.0,0.3783063469454646,0.013351516573435454,0.011028462347148165,0.02398785582711881,0.12521174114352676,0.9921278754752072,0.022468600695187746,6,4,0.17320508075688773,2500,OLS_debias_iid,iid,False,5
5,4,4001,7,70001,True,137,False,100,0.0,0.6601565890014172,0.01345341745528038,0.011544444028007342,0.02126868992569493,0.12692829599194638,0.9919050219661513,0.02322559135051577,6,4,0.17320508075688773,2500,OLS_debias_iid,iid,False,5
5,4,4001,14,140001,True,209,False,100,0.0,0.6372130867093801,0.01750522696495513,0.014574476143459483,0.034363439051079754,0.13187133187600852,0.9912682171786825,0.022883151065954333,6,4,0.17320508075688773,2500,OLS_debias_iid,iid,False,5
4,7,7001,21,210001,True,352,False,100,0.660860856614927,2.6297680460847914,0.02641202063509375,0.023274072494622544,0.04339370709477133,0.16719811952618102,0.9862622170046964,0.01584685239288891,6,4,0.17320508075688773,2500,OLS_debias_iid,iid,False,5
5,5,5001,11,110001,True,134,False,100,0.0,0.4891836969181895,0.0088782362369731,0.007461385991236322,0.01763498971988026,0.11973686608446461,0.9928050475556597,0.02260617358654211,6,4,0.17320508075688773,2500,OLS_debias_iid,iid,False,5
5,6,6001,0,1,True,126,False,100,0.0,0.4056531968526542,0.01572987536166315,0.01373140547015103,0.024407227764199457,0.12101557669476705,0.9926651533246371,0.02283387585034008,6,4,0.17320508075688773,2500,OLS_debias_iid,iid,False,5
4,7,7001,20,200001,True,243,False,100,0.8072554306744245,2.6494124229066074,0.047354269659912185,0.03449581709759008,0.1035514133229577,0.246419175818301,0.9737405150375353,0.015113600867521962,6,4,0.17320508075688773,2500,OLS_debias_iid,iid,False,5
5,6,6001,6,60001,True,117,False,100,0.0,0.3780814791098237,0.021551150269879416,0.01857930927986715,0.035712351355517064,0.13827265204479675,0.9904080495904048,0.02237242221074323,6,4,0.17320508075688773,2500,OLS_debias_iid,iid,False,5
5,7,7001,7,70001,True,116,False,100,0.0,0.22460548020899296,0.012309847437587276,0.01108408138101869,0.01907682274666825,0.11991436420015499,0.9927767380251808,0.022880157293202547,6,4,0.17320508075688773,2500,OLS_debias_iid,iid,False,5
5,6,6001,9,90001,True,116,False,100,0.0,0.3615116598084569,0.017794076710359652,0.014453152816965542,0.02783965496617892,0.12598828326218856,0.9920406267590349,0.022561315349745495,6,4,0.17320508075688773,2500,OLS_debias_iid,iid,False,5
5,6,6001,17,170001,True,116,False,100,0.0,0.3479169588536024,0.01075617038072513,0.008992730102334005,0.01986911932906468,0.1181139015833436,0.9930001122274014,0.022858661291498696,6,4,0.17320508075688773,2500,OLS_debias_iid,iid,False,5
5,6,6001,13,130001,True,116,False,100,0.0,0.37154300697147846,0.014940526773251197,0.011898099157625854,0.030880877237061212,0.13559933354355502,0.9907625561962088,0.022640397657993652,6,4,0.17320508075688773,2500,OLS_debias_iid,iid,False,5
5,4,4001,17,170001,True,124,False,100,0.0,0.6968451207503676,0.010179354236655955,0.009165929707686473,0.01563941329564756,0.11769612722445645,0.9930511623290962,0.022518630812200378,6,4,0.17320508075688773,2500,OLS_debias_iid,iid,False,5
5,6,6001,15,150001,True,116,False,100,0.0,0.36893168604001403,0.009766673724804158,0.007479884474522189,0.02129855922032139,0.12918472057111086,0.991621393721518,0.02265984191304519,6,4,0.17320508075688773,2500,OLS_debias_iid,iid,False,5
5,6,6001,18,180001,True,116,False,100,0.0,0.35215350799262524,0.01270284409471327,0.010656346369552955,0.021185145763950922,0.11885677336577556,0.9929101348545057,0.022457596779071467,6,4,0.17320508075688773,2500,OLS_debias_iid,iid,False,5
4,7,7001,28,280001,True,456,False,100,0.4175486758375928,2.615012033842504,0.029826705726774535,0.024176623590108064,0.050297079495558894,0.1498591183603667,0.989014017717144,0.015415575260637119,6,4,0.17320508075688773,2500,OLS_debias_iid,iid,False,5
5,6,6001,16,160001,True,116,False,100,0.0,0.37619276298210025,0.014282520323934733,0.011447187458607592,0.023850451747016915,0.1260935294351232,0.9920323188902168,0.022978020485096617,6,4,0.17320508075688773,2500,OLS_debias_iid,iid,False,5
4,6,6001,0,1,True,515,False,100,0.5607527797202628,3.339168095961213,0.043636716107507,0.03900435837106617,0.07898313721372428,0.16988451622117512,0.9862543998143967,0.015486625502048398,6,4,0.17320508075688773,2500,OLS_debias_iid,iid,False,5
5,6,6001,2,20001,True,150,False,100,0.0,0.46365153416991234,0.013756933494237553,0.01116287584770862,0.02328680273166111,0.1314970773153479,0.9913177311188641,0.022227047349537895,6,4,0.17320508075688773,2500,OLS_debias_iid,iid,False,5
5,6,6001,8,80001,True,135,False,100,0.0,0.42868488980457187,0.01105803524381022,0.009488735810700269,0.01755576069246923,0.12421533122299933,0.9922509931005402,0.022914131549986668,6,4,0.17320508075688773,2500,OLS_debias_iid,iid,False,5
5,5,5001,28,280001,True,160,False,100,0.0,0.5016117868945003,0.01375634448784798,0.010198269748271194,0.02845791157317058,0.1284410702302362,0.9917215488369118,0.023215796899059764,6,4,0.17320508075688773,2500,OLS_debias_iid,iid,False,5
5,6,6001,4,40001,True,116,False,100,0.0,0.483968046028167,0.021677698295979587,0.01952070950686734,0.03112944820983991,0.13171063006670866,0.9912836107900862,0.02243873422523989,6,4,0.17320508075688773,2500,OLS_debias_iid,iid,False,5
5,5,5001,29,290001,True,141,False,100,0.0,0.5035212133079767,0.01382688733378335,0.010859502047271758,0.027121690024082334,0.1252271554882904,0.9921286302526806,0.022596120519958428,6,4,0.17320508075688773,2500,OLS_debias_iid,iid,False,5
5,6,6001,12,120001,True,116,False,100,0.0,0.4323251727037132,0.01611022981749988,0.013518242843863151,0.03093274137631325,0.13079754324057905,0.9914139798994526,0.023037447263095773,6,4,0.17320508075688773,2500,OLS_debias_iid,iid,False,5
5,6,6001,29,290001,True,131,False,100,0.0,0.35575064178556204,0.0149124251510136,0.01122699648099766,0.029048666564958678,0.1271428218747275,0.991895537084263,0.02221153255699251,6,4,0.17320508075688773,2500,OLS_debias_iid,iid,False,5
5,5,5001,0,1,True,131,False,100,0.0,0.6843382730148733,0.0155162219165986,0.013584940449145632,0.026835966447835494,0.12347698324526149,0.9923479734501975,0.02261699284033896,6,4,0.17320508075688773,2500,OLS_debias_iid,iid,False,5
5,7,7001,5,50001,True,116,False,100,0.0,0.3472670940682292,0.012569484236259297,0.009940726887741046,0.022229456886818582,0.12195873988943669,0.992537928792232,0.022967891706956692,6,4,0.17320508075688773,2500,OLS_debias_iid,iid,False,5
5,4,4001,13,130001,True,116,False,100,0.0,0.7821890981867909,0.01194848815345131,0.008907566719884836,0.023712404063294983,0.1308492657758126,0.9914048656642872,0.022637629572481346,6,4,0.17320508075688773,2500,OLS_debias_iid,iid,False,5
5,7,7001,2,20001,True,148,False,100,0.0,0.3731419360265136,0.015419768404789739,0.011988814740564487,0.027758641323941912,0.13247248520283111,0.9911967959456217,0.02318608931488088,6,4,0.17320508075688773,2500,OLS_debias_iid,iid,False,5
5,6,6001,14,140001,True,145,False,100,0.0,0.4547604387626052,0.01679199455436044,0.01517815446830866,0.029561583419182778,0.13072385940781947,0.9914206604976252,0.022010037338880444,6,4,0.17320508075688773,2500,OLS_debias_iid,iid,False,5
5,5,5001,6,60001,True,116,False,100,0.0,0.6522308071143925,0.02345048820254984,0.019730924736195494,0.0401401366131073,0.1380044203868998,0.9904433622752488,0.022598914295163763,6,4,0.17320508075688773,2500,OLS_debias_iid,iid,False,5
5,7,7001,3,30001,True,116,False,100,0.0,0.37620803201571107,0.012497204272328762,0.009575834615804892,0.025209961949399888,0.12217384621173416,0.9925081019593445,0.022733115634051837,6,4,0.17320508075688773,2500,OLS_debias_iid,iid,False,5
5,6,6001,19,190001,True,127,False,100,0.0,0.4350063940510154,0.019668937934291433,0.016757583372552922,0.03001445654504455,0.1326661797379016,0.991166690998375,0.022316738038567246,6,4,0.17320508075688773,2500,OLS_debias_iid,iid,False,5
5,6,6001,20,200001,True,116,False,100,0.0,0.42728568986058235,0.0074605581911109786,0.0059587390689681136,0.014511561978008902,0.1313079554002939,0.991341289033354,0.02296365383571001,6,4,0.17320508075688773,2500,OLS_debias_iid,iid,False,5
5,7,7001,4,40001,True,116,False,100,0.0,0.3713659578934312,0.02208908359349416,0.019543761289715727,0.0330702036950883,0.1313948268421056,0.9913406979806733,0.022673793815409495,6,4,0.17320508075688773,2500,OLS_debias_iid,iid,False,5
5,3,3001,3,30001,True,138,False,100,0.0,1.0666867201216519,0.013373017388378445,0.011263500594638577,0.022800138140067417,0.12290420126387698,0.9924156379032921,0.02233996439710244,6,4,0.17320508075688773,2500,OLS_debias_iid,iid,False,5
5,5,5001,27,270001,True,198,False,100,0.0,0.5737698995508254,0.016838012820224384,0.015610875686943785,0.023691894907109098,0.1330828757769216,0.9911078501664831,0.022996722178154575,6,4,0.17320508075688773,2500,OLS_debias_iid,iid,False,5
5,7,7001,6,60001,True,116,False,100,0.0,0.37381416000425816,0.021145941824885994,0.017873596591460084,0.035623869508357685,0.1371632564745962,0.9905508206015468,0.02261307081536082,6,4,0.17320508075688773,2500,OLS_debias_iid,iid,False,5
5,6,6001,10,100001,True,146,False,100,0.0,0.5057787969708443,0.013006807105910668,0.009552512502732412,0.025859424991700478,0.12987428997956554,0.991522073557861,0.022467227454703583,6,4,0.17320508075688773,2500,OLS_debias_iid,iid,False,5
5,6,6001,26,260001,True,134,False,100,0.0,0.4320188951678574,0.01132955074016405,0.009815631353432608,0.020108777259726512,0.12756689943482555,0.9918312965900136,0.022573409610500923,6,4,0.17320508075688773,2500,OLS_debias_iid,iid,False,5
5,7,7001,10,100001,True,117,False,100,0.0,0.377495922613889,0.013683965117312211,0.010275593574774344,0.02539272764240816,0.12846030556748672,0.9917141791849834,0.02290775212524429,6,4,0.17320508075688773,2500,OLS_debias_iid,iid,False,5
5,7,7001,13,130001,True,116,False,100,0.0,0.3553346158005297,0.012776583992459277,0.009440888891534847,0.02637002718765118,0.1315285793073842,0.9913120790359363,0.021790562735560286,6,4,0.17320508075688773,2500,OLS_debias_iid,iid,False,5
6,0,1,0,1,True,0,False,100,0.0,0.004424316808581352,0.003242306269349628,0.0031052380023027064,0.004597515545941406,0.0,1.0,0.029969517188216686,6,4,0.17320508075688773,2500,OLS_debias_iid,iid,False,5
4,8,8001,8,80001,True,491,False,100,0.19071887809565044,2.57268457300961,0.035677755442593835,0.02908018162396242,0.06506844982200917,0.13636419562405283,0.9906955202073411,0.015176007776728348,6,4,0.17320508075688773,2500,OLS_debias_iid,iid,False,5
6,0,1,4,40001,True,0,False,100,0.0,0.003993181046098471,0.004697253996223242,0.003979746617676304,0.008719859284924589,0.0,1.0,0.030087922953988596,6,4,0.17320508075688773,2500,OLS_debias_iid,iid,False,5
6,0,1,1,10001,True,0,False,100,0.0,0.00706188939511776,0.004252038248013008,0.003854315049395455,0.007426960406764761,0.0,1.0,0.02972966711287811,6,4,0.17320508075688773,2500,OLS_debias_iid,iid,False,5
6,0,1,3,30001,True,0,False,100,0.0,0.006599681917577982,0.003647937741497767,0.0033167818465195957,0.006049303750834653,0.0,1.0,0.029001511790435655,6,4,0.17320508075688773,2500,OLS_debias_iid,iid,False,5
5,6,6001,25,250001,True,125,False,100,0.0,0.4459107439033687,0.016324087250492756,0.012733342022486995,0.02941314222413282,0.12548360577586978,0.9920963068912265,0.0220104577786247,6,4,0.17320508075688773,2500,OLS_debias_iid,iid,False,5
6,0,1,2,20001,True,0,False,100,0.0,0.005482889711856842,0.004167857315564389,0.003943305264673355,0.005797595652210823,0.0,1.0,0.029821539414170126,6,4,0.17320508075688773,2500,OLS_debias_iid,iid,False,5
6,0,1,6,60001,True,0,False,100,0.0,0.0033536748960614204,0.004614150287271499,0.004390884265448359,0.006094082789866933,0.0,1.0,0.029772325352019,6,4,0.17320508075688773,2500,OLS_debias_iid,iid,False,5
6,0,1,5,50001,True,0,False,100,0.0,0.005018013995140791,0.0038712664716037226,0.003786148113566488,0.004926914770254317,0.0,1.0,0.029464686111399747,6,4,0.17320508075688773,2500,OLS_debias_iid,iid,False,5
6,0,1,7,70001,True,0,False,100,0.0,0.003881651908159256,0.004013029774394017,0.003896640375871168,0.0051834296348067035,0.0,1.0,0.03091983630763035,6,4,0.17320508075688773,2500,OLS_debias_iid,iid,False,5
6,0,1,11,110001,True,0,False,100,0.0,0.0034584151580929756,0.005409814902249069,0.005154955749674301,0.007362187822948566,0.0,1.0,0.02948763310435898,6,4,0.17320508075688773,2500,OLS_debias_iid,iid,False,5
6,0,1,12,120001,True,0,False,100,0.0,0.0047543649561703205,0.00368996714152445,0.0034165243026745297,0.005419832681520694,0.0,1.0,0.029957397709139882,6,4,0.17320508075688773,2500,OLS_debias_iid,iid,False,5
6,0,1,13,130001,True,0,False,100,0.0,0.003916280809789896,0.004583614287810425,0.004150745072866732,0.008337879884456896,0.0,1.0,0.02977365847857169,6,4,0.17320508075688773,2500,OLS_debias_iid,iid,False,5
6,0,1,10,100001,True,0,False,100,0.0,0.00681449007242918,0.0046953656317334095,0.004322767605291635,0.007816363666064748,0.0,1.0,0.030073115411090805,6,4,0.17320508075688773,2500,OLS_debias_iid,iid,False,5
6,0,1,8,80001,True,0,False,100,0.0,0.005614949390292168,0.0037279154090312868,0.003089963267209076,0.007012111174800789,0.0,1.0,0.03005384249310297,6,4,0.17320508075688773,2500,OLS_debias_iid,iid,False,5
5,5,5001,23,230001,True,153,False,100,0.0,0.6246839677914977,0.026492100482661735,0.020629401738702535,0.05389677532416356,0.1446017793715242,0.9894896181740866,0.02240231889297487,6,4,0.17320508075688773,2500,OLS_debias_iid,iid,False,5
6,0,1,14,140001,True,0,False,100,0.0,0.005855987314134836,0.0041354824982151915,0.003849061757053044,0.006107739818883523,0.0,1.0,0.02996383072506442,6,4,0.17320508075688773,2500,OLS_debias_iid,iid,False,5
6,0,1,9,90001,True,0,False,100,0.0,0.012383819092065096,0.003978290328415617,0.003736016660658129,0.0060821892562888304,0.0,1.0,0.030280601531037017,6,4,0.17320508075688773,2500,OLS_debias_iid,iid,False,5
6,0,1,16,160001,True,0,False,100,0.0,0.005051083397120237,0.004028572959186149,0.0038494968315013734,0.0056318495987076,0.0,1.0,0.030362239808701928,6,4,0.17320508075688773,2500,OLS_debias_iid,iid,False,5
6,0,1,18,180001,True,0,False,100,0.0,0.006437812931835651,0.0039339059955592484,0.0039065724964888315,0.004634615956473758,0.0,1.0,0.02914718139408101,6,4,0.17320508075688773,2500,OLS_debias_iid,iid,False,5
6,0,1,19,190001,True,0,False,100,0.0,0.004759534727782011,0.004451650922633636,0.004335338869327754,0.0055206596948017194,0.0,1.0,0.029830868007890473,6,4,0.17320508075688773,2500,OLS_debias_iid,iid,False,5
6,0,1,15,150001,True,0,False,100,0.0,0.009774927981197834,0.004226025798351916,0.003982306856289117,0.005886007473994896,0.0,1.0,0.029863470761543307,6,4,0.17320508075688773,2500,OLS_debias_iid,iid,False,5
6,0,1,17,170001,True,0,False,100,0.0,0.008029682096093893,0.003717640821440349,0.0033525048456677503,0.006332428664336884,0.0,1.0,0.03012611295142009,6,4,0.17320508075688773,2500,OLS_debias_iid,iid,False,5
6,0,1,22,220001,True,0,False,100,0.0,0.0047027962282299995,0.00492811106405532,0.004191805584858404,0.009307195262348507,0.0,1.0,0.029540866301888662,6,4,0.17320508075688773,2500,OLS_debias_iid,iid,False,5
6,0,1,20,200001,True,0,False,100,0.0,0.006480691954493523,0.004024822174634562,0.003874506315817282,0.005872676447721121,0.0,1.0,0.029784215133029382,6,4,0.17320508075688773,2500,OLS_debias_iid,iid,False,5
5,7,7001,14,140001,True,125,False,100,0.0,0.3756385571323335,0.019135543073043094,0.015507065308799998,0.03736211887001365,0.13053553219543795,0.991448475671131,0.022089894168314167,6,4,0.17320508075688773,2500,OLS_debias_iid,iid,False,5
4,7,7001,3,30001,True,521,False,100,0.471121757448337,3.007019022013992,0.04274304759887318,0.03666814543950276,0.06963967020443944,0.16177268360364236,0.9875245441740554,0.01526579443359056,6,4,0.17320508075688773,2500,OLS_debias_iid,iid,False,5
5,7,7001,8,80001,True,134,False,100,0.0,0.4171816441230476,0.013360139367361898,0.011599098584080958,0.020473255047891135,0.127095564237726,0.9918868293246006,0.02253675562869455,6,4,0.17320508075688773,2500,OLS_debias_iid,iid,False,5
5,7,7001,18,180001,True,116,False,100,0.0,0.37050115363672376,0.01371936962727172,0.011743115287575072,0.022903184946921035,0.120266496255529,0.9927405907960665,0.022694385435212377,6,4,0.17320508075688773,2500,OLS_debias_iid,iid,False,5
6,0,1,23,230001,True,0,False,100,0.0,0.006352243945002556,0.00337683847037543,0.003116146591307495,0.004561962955977317,0.0,1.0,0.02998328386171969,6,4,0.17320508075688773,2500,OLS_debias_iid,iid,False,5
6,0,1,21,210001,True,0,False,100,0.0,0.013425641693174839,0.004484926604163822,0.004158681261523012,0.005940605627538162,0.0,1.0,0.02980932980021484,6,4,0.17320508075688773,2500,OLS_debias_iid,iid,False,5
6,0,1,27,270001,True,0,False,100,0.0,0.007648804225027561,0.005107829444439292,0.004766273714180906,0.006829085774868393,0.0,1.0,0.029954130152401916,6,4,0.17320508075688773,2500,OLS_debias_iid,iid,False,5
6,0,1,25,250001,True,0,False,100,0.0,0.008330788929015398,0.004042805167597996,0.003901393044418875,0.005474427555300027,0.0,1.0,0.03008616665356402,6,4,0.17320508075688773,2500,OLS_debias_iid,iid,False,5
6,0,1,26,260001,True,0,False,100,0.0,0.005057422909885645,0.0034975751700419356,0.0031478306720523932,0.005637566173339694,0.0,1.0,0.030149769931671268,6,4,0.17320508075688773,2500,OLS_debias_iid,iid,False,5
6,1,1001,1,10001,True,0,False,100,0.0,0.006242215167731047,0.004584323283369129,0.0043621944107926445,0.006554531448035294,0.0,1.0,0.029597014001345467,6,4,0.17320508075688773,2500,OLS_debias_iid,iid,False,5
6,0,1,29,290001,True,0,False,100,0.0,0.008597047068178654,0.0037576510851230656,0.0034881106264100076,0.006036206780844355,0.0,1.0,0.030380498622746097,6,4,0.17320508075688773,2500,OLS_debias_iid,iid,False,5
6,1,1001,0,1,True,0,False,100,0.0,0.006747280713170767,0.004037988569511085,0.0039478515679645144,0.005669269062879416,0.0,1.0,0.030208908677776043,6,4,0.17320508075688773,2500,OLS_debias_iid,iid,False,5
6,1,1001,8,80001,True,0,False,100,0.0,0.0029933881014585495,0.0035606708554671235,0.003104614994148615,0.00669160982644697,0.0,1.0,0.02917610561547843,6,4,0.17320508075688773,2500,OLS_debias_iid,iid,False,5
6,1,1001,6,60001,True,0,False,100,0.0,0.004751814994961023,0.00404632038289289,0.003920871025998077,0.0056401064851108055,0.0,1.0,0.03025756097102356,6,4,0.17320508075688773,2500,OLS_debias_iid,iid,False,5
6,1,1001,3,30001,True,0,False,100,0.0,0.00888816500082612,0.004082596807692958,0.003795354633934016,0.006220586516196133,0.0,1.0,0.03002713363951093,6,4,0.17320508075688773,2500,OLS_debias_iid,iid,False,5
6,0,1,24,240001,True,0,False,100,0.0,0.01367896981537342,0.004560261427979051,0.003997528705144376,0.007887150569185751,0.0,1.0,0.029863763653540782,6,4,0.17320508075688773,2500,OLS_debias_iid,iid,False,5
6,1,1001,2,20001,True,0,False,100,0.0,0.01132275816053152,0.003842344448645323,0.0036713161839239876,0.005580756202726398,0.0,1.0,0.029504941810380148,6,4,0.17320508075688773,2500,OLS_debias_iid,iid,False,5
6,1,1001,11,110001,True,0,False,100,0.0,0.0053209406323730946,0.00422896500083581,0.003996811357645561,0.006321109458829375,0.0,1.0,0.02959602339244023,6,4,0.17320508075688773,2500,OLS_debias_iid,iid,False,5
6,1,1001,4,40001,True,0,False,100,0.0,0.010033716913312674,0.004032782286454445,0.0038749898070708443,0.004984462320061393,0.0,1.0,0.029486624518323026,6,4,0.17320508075688773,2500,OLS_debias_iid,iid,False,5
6,1,1001,13,130001,True,0,False,100,0.0,0.0047484650276601315,0.004044339713029637,0.0038953390659281044,0.005166660931551736,0.0,1.0,0.029192243998912824,6,4,0.17320508075688773,2500,OLS_debias_iid,iid,False,5
6,1,1001,12,120001,True,0,False,100,0.0,0.004742495249956846,0.0032779391250519594,0.002773953085547702,0.006383988008354078,0.0,1.0,0.029279404052169486,6,4,0.17320508075688773,2500,OLS_debias_iid,iid,False,5
6,1,1001,7,70001,True,0,False,100,0.0,0.00561924884095788,0.0032923494204828195,0.0028982393381074274,0.005387792284738212,0.0,1.0,0.029829295936640198,6,4,0.17320508075688773,2500,OLS_debias_iid,iid,False,5
5,7,7001,23,230001,True,116,False,100,0.0,0.3711300501599908,0.026857856990265244,0.020710087988025896,0.05448054191813245,0.14599964544736888,0.9892866891353065,0.02240099903340702,6,4,0.17320508075688773,2500,OLS_debias_iid,iid,False,5
6,1,1001,9,90001,True,0,False,100,0.0,0.010277165099978447,0.00519742747861652,0.004795672302727256,0.008049258895462326,0.0,1.0,0.029048189345421537,6,4,0.17320508075688773,2500,OLS_debias_iid,iid,False,5
6,1,1001,16,160001,True,0,False,100,0.0,0.0030110282823443413,0.004026564624734079,0.003962597185180997,0.004666055149201811,0.0,1.0,0.029589510125728056,6,4,0.17320508075688773,2500,OLS_debias_iid,iid,False,5
6,1,1001,10,100001,True,0,False,100,0.0,0.010545672848820686,0.0032282000502630477,0.0030435074586625207,0.004962493247825375,0.0,1.0,0.029332564073925288,6,4,0.17320508075688773,2500,OLS_debias_iid,iid,False,5
6,1,1001,18,180001,True,0,False,100,0.0,0.0016735582612454891,0.0039671257052756575,0.0035952925652884596,0.006341604143284661,0.0,1.0,0.030356038642483592,6,4,0.17320508075688773,2500,OLS_debias_iid,iid,False,5
6,1,1001,19,190001,True,0,False,100,0.0,0.004798135254532099,0.003356115830956157,0.002969533226355549,0.006004403549596775,0.0,1.0,0.029923747907057163,6,4,0.17320508075688773,2500,OLS_debias_iid,iid,False,5
6,1,1001,20,200001,True,0,False,100,0.0,0.00667739100754261,0.003336179661528851,0.0031551441067722828,0.005149281266322564,0.0,1.0,0.029272388019370942,6,4,0.17320508075688773,2500,OLS_debias_iid,iid,False,5
5,7,7001,12,120001,True,135,False,100,0.0,0.42889586789533496,0.017928711097099936,0.014561079826475006,0.03507707165269156,0.12738866391790535,0.9918567974878694,0.022987892017266774,6,4,0.17320508075688773,2500,OLS_debias_iid,iid,False,5
6,1,1001,17,170001,True,0,False,100,0.0,0.008204169571399689,0.004032860197681045,0.003766925066626528,0.005723047936933397,0.0,1.0,0.030616428897171925,6,4,0.17320508075688773,2500,OLS_debias_iid,iid,False,5
6,1,1001,24,240001,True,0,False,100,0.0,0.006610711105167866,0.0029835769764389496,0.002808994106971569,0.00401069644595043,0.0,1.0,0.02999504932656804,6,4,0.17320508075688773,2500,OLS_debias_iid,iid,False,5
6,1,1001,21,210001,True,0,False,100,0.0,0.0053031411953270435,0.0036160107416886938,0.0034790317892071103,0.004943479760415464,0.0,1.0,0.029689653828634085,6,4,0.17320508075688773,2500,OLS_debias_iid,iid,False,5
6,1,1001,26,260001,True,0,False,100,0.0,0.004723816178739071,0.0034523444045954682,0.003233331410843622,0.005156607983650075,0.0,1.0,0.029752155702672974,6,4,0.17320508075688773,2500,OLS_debias_iid,iid,False,5
6,1,1001,22,220001,True,0,False,100,0.0,0.008214780129492283,0.003728395714408151,0.0036316638872822883,0.004726925316509976,0.0,1.0,0.029858625237553862,6,4,0.17320508075688773,2500,OLS_debias_iid,iid,False,5
6,1,1001,5,50001,True,0,False,100,0.0,0.024940297938883305,0.003264925036014645,0.0031985215648685753,0.003973987637729768,0.0,1.0,0.030298809463523885,6,4,0.17320508075688773,2500,OLS_debias_iid,iid,False,5
5,7,7001,29,290001,True,116,False,100,0.0,0.35049741994589567,0.014102141595085924,0.010626394298448692,0.025574654531268642,0.12634246527421206,0.9920086761999278,0.02252653697670162,6,4,0.17320508075688773,2500,OLS_debias_iid,iid,False,5
6,1,1001,15,150001,True,0,False,100,0.0,0.013734110165387392,0.0042073837542323436,0.0040623737962816086,0.0058875603165399895,0.0,1.0,0.029806561754162107,6,4,0.17320508075688773,2500,OLS_debias_iid,iid,False,5
6,1,1001,27,270001,True,0,False,100,0.0,0.005661369301378727,0.005960244450074323,0.005466555831621635,0.00794867604509401,0.0,1.0,0.030135409583467377,6,4,0.17320508075688773,2500,OLS_debias_iid,iid,False,5
5,7,7001,16,160001,True,116,False,100,0.0,0.4066900396719575,0.013095635598919098,0.011280571618361364,0.019400428649275984,0.12416588150166884,0.9922729703522482,0.0228169557429503,6,4,0.17320508075688773,2500,OLS_debias_iid,iid,False,5
5,6,6001,22,220001,True,141,False,100,0.0,0.5132005726918578,0.016113125304693988,0.014766436306740514,0.021552264753645984,0.13116107649644718,0.9913756149855942,0.022835995734113327,6,4,0.17320508075688773,2500,OLS_debias_iid,iid,False,5
6,2,2001,2,20001,True,0,False,100,0.0,0.005014284048229456,0.003851538813924908,0.003689982937074704,0.004827936081745423,0.0,1.0,0.030267583071034283,6,4,0.17320508075688773,2500,OLS_debias_iid,iid,False,5
6,2,2001,0,1,True,0,False,100,0.0,0.006410803180187941,0.004650182132685986,0.0040039431884909245,0.008197611904693342,0.0,1.0,0.03037515416815772,6,4,0.17320508075688773,2500,OLS_debias_iid,iid,False,5
6,2,2001,3,30001,True,0,False,100,0.0,0.005849876906722784,0.004401846075350488,0.004202141854683659,0.005921199226056906,0.0,1.0,0.02993186581800918,6,4,0.17320508075688773,2500,OLS_debias_iid,iid,False,5
4,5,5001,15,150001,True,371,False,100,0.656920831984897,3.7067353622987866,0.027601582308570086,0.022602284405907766,0.05561009302865291,0.16390277206906953,0.986690988019183,0.01558561686620491,6,4,0.17320508075688773,2500,OLS_debias_iid,iid,False,5
6,1,1001,23,230001,True,0,False,100,0.0,0.016509749926626682,0.0044507631126835465,0.0042520326264212085,0.006074084774923569,0.0,1.0,0.029384205504193357,6,4,0.17320508075688773,2500,OLS_debias_iid,iid,False,5
6,2,2001,10,100001,True,0,False,100,0.0,0.0038682008162140846,0.005233049014879001,0.005040078769415104,0.00700104669658099,0.0,1.0,0.029674831934756236,6,4,0.17320508075688773,2500,OLS_debias_iid,iid,False,5
6,2,2001,5,50001,True,0,False,100,0.0,0.008507198188453913,0.0030357196857279537,0.002826403032854218,0.003807125757989846,0.0,1.0,0.02945125344767029,6,4,0.17320508075688773,2500,OLS_debias_iid,iid,False,5
6,2,2001,9,90001,True,0,False,100,0.0,0.005549408961087465,0.0035554278760474276,0.0033330929924754765,0.005639518354127318,0.0,1.0,0.030242114010345166,6,4,0.17320508075688773,2500,OLS_debias_iid,iid,False,5
6,2,2001,12,120001,True,0,False,100,0.0,0.005153043195605278,0.0027168512514506183,0.002377556994327805,0.004810742809566829,0.0,1.0,0.029955868723504225,6,4,0.17320508075688773,2500,OLS_debias_iid,iid,False,5
6,2,2001,1,10001,True,0,False,100,0.0,0.013094824738800526,0.0036843080734388642,0.003330652700190126,0.006358008528680614,0.0,1.0,0.030485441317878077,6,4,0.17320508075688773,2500,OLS_debias_iid,iid,False,5
6,2,2001,7,70001,True,0,False,100,0.0,0.009743768721818924,0.00377055767849266,0.003660351487893246,0.005327076882028669,0.0,1.0,0.029617431498381915,6,4,0.17320508075688773,2500,OLS_debias_iid,iid,False,5
6,2,2001,6,60001,True,0,False,100,0.0,0.011677904985845089,0.004305701335891785,0.004072080348149348,0.005754183072642881,0.0,1.0,0.03007371859053701,6,4,0.17320508075688773,2500,OLS_debias_iid,iid,False,5
6,2,2001,8,80001,True,0,False,100,0.0,0.010872040875256062,0.004914162350441842,0.004683242689908102,0.006327127537579093,0.0,1.0,0.029947996272588023,6,4,0.17320508075688773,2500,OLS_debias_iid,iid,False,5
6,2,2001,11,110001,True,0,False,100,0.0,0.006245373748242855,0.0037315077380997127,0.0036368112064910554,0.004824097434559876,0.0,1.0,0.029988982201880735,6,4,0.17320508075688773,2500,OLS_debias_iid,iid,False,5
6,2,2001,18,180001,True,0,False,100,0.0,0.005936997011303902,0.004010100278452777,0.0037929249304268667,0.006222944217326162,0.0,1.0,0.030725554756018566,6,4,0.17320508075688773,2500,OLS_debias_iid,iid,False,5
6,2,2001,4,40001,True,0,False,100,0.0,0.018580105155706406,0.0027873936872984044,0.0026957981639977625,0.003664834299552455,0.0,1.0,0.02993659671346306,6,4,0.17320508075688773,2500,OLS_debias_iid,iid,False,5
6,2,2001,17,170001,True,0,False,100,0.0,0.007012729067355394,0.003696042456030191,0.0033018053125322805,0.006935395792905805,0.0,1.0,0.030183934440170458,6,4,0.17320508075688773,2500,OLS_debias_iid,iid,False,5
6,2,2001,13,130001,True,0,False,100,0.0,0.012785467319190502,0.004250762965157061,0.003848923887998654,0.006148522666521858,0.0,1.0,0.029667338263266778,6,4,0.17320508075688773,2500,OLS_debias_iid,iid,False,5
6,2,2001,20,200001,True,0,False,100,0.0,0.0032436870969831944,0.0030233624937330643,0.0027728322121928547,0.005063248395848944,0.0,1.0,0.029748314127235973,6,4,0.17320508075688773,2500,OLS_debias_iid,iid,False,5
6,2,2001,15,150001,True,0,False,100,0.0,0.010347743984311819,0.004541404144268645,0.004276052457677934,0.00721028436626604,0.0,1.0,0.029600308892218628,6,4,0.17320508075688773,2500,OLS_debias_iid,iid,False,5
6,2,2001,22,220001,True,0,False,100,0.0,0.004331628326326609,0.004186790146252195,0.003967280415297237,0.005488853368534902,0.0,1.0,0.029474347176363547,6,4,0.17320508075688773,2500,OLS_debias_iid,iid,False,5
6,2,2001,14,140001,True,0,False,100,0.0,0.01050439290702343,0.004285343360490642,0.004045184771306388,0.005597902255381443,0.0,1.0,0.02900379284967812,6,4,0.17320508075688773,2500,OLS_debias_iid,iid,False,5
6,2,2001,16,160001,True,0,False,100,0.0,0.009762948844581842,0.004774865403575843,0.004590935435450044,0.006693799930586804,0.0,1.0,0.03001470867930633,6,4,0.17320508075688773,2500,OLS_debias_iid,iid,False,5
6,2,2001,23,230001,True,0,False,100,0.0,0.007264057174324989,0.0045820817750445945,0.00421163454935664,0.0069261880172016696,0.0,1.0,0.02914594513909433,6,4,0.17320508075688773,2500,OLS_debias_iid,iid,False,5
5,4,4001,2,20001,True,116,False,100,0.0,0.9642490278929472,0.01600465768556115,0.013372385459539901,0.025722106322107686,0.1272641286887475,0.9918830487782024,0.022944554210121655,6,4,0.17320508075688773,2500,OLS_debias_iid,iid,False,5
6,2,2001,24,240001,True,0,False,100,0.0,0.0054807099513709545,0.004406150739922409,0.004120193403291826,0.006839816273758691,0.0,1.0,0.029503211431531715,6,4,0.17320508075688773,2500,OLS_debias_iid,iid,False,5
6,2,2001,21,210001,True,0,False,100,0.0,0.008062401320785284,0.004286227924962292,0.003910612919749792,0.00642685087413697,0.0,1.0,0.029707398257506498,6,4,0.17320508075688773,2500,OLS_debias_iid,iid,False,5
5,7,7001,9,90001,True,138,False,100,0.0,0.4719011140987277,0.01564886373745526,0.01350657142882667,0.02512603801342736,0.12311793273107273,0.9923972512995202,0.02252926858918666,6,4,0.17320508075688773,2500,OLS_debias_iid,iid,False,5
6,2,2001,27,270001,True,0,False,100,0.0,0.0073352959007024765,0.00392943117045749,0.003632005457273031,0.005922484074754665,0.0,1.0,0.029833949228884268,6,4,0.17320508075688773,2500,OLS_debias_iid,iid,False,5
6,2,2001,28,280001,True,0,False,100,0.0,0.0069934893399477005,0.005421096025287102,0.005306332947888741,0.007103562557239736,0.0,1.0,0.03043110445764853,6,4,0.17320508075688773,2500,OLS_debias_iid,iid,False,5
6,3,3001,5,50001,True,0,False,100,0.0,0.0034351451322436333,0.004649365656332069,0.00425523574326166,0.007333967156741232,0.0,1.0,0.030115190596266994,6,4,0.17320508075688773,2500,OLS_debias_iid,iid,False,5
5,8,8001,2,20001,True,116,False,100,0.0,0.369265204295516,0.015004269055325672,0.011917402273464897,0.025591486596086708,0.12848742030539104,0.9917160374972449,0.02287080381519238,6,4,0.17320508075688773,2500,OLS_debias_iid,iid,False,5
6,2,2001,29,290001,True,0,False,100,0.0,0.006534462329000235,0.003866922627014756,0.003737518929802341,0.00540457107240452,0.0,1.0,0.029191835499661197,6,4,0.17320508075688773,2500,OLS_debias_iid,iid,False,5
6,3,3001,3,30001,True,0,False,100,0.0,0.006482342723757029,0.005010627370691117,0.004327316483908494,0.007605579928973319,0.0,1.0,0.0298683859089624,6,4,0.17320508075688773,2500,OLS_debias_iid,iid,False,5
5,8,8001,5,50001,True,116,False,100,0.0,0.35822839429602027,0.010459445068085296,0.008894543818182965,0.019218097942344047,0.1209392134291798,0.9926643077159325,0.02258318384365636,6,4,0.17320508075688773,2500,OLS_debias_iid,iid,False,5
6,2,2001,26,260001,True,0,False,100,0.0,0.008910355158150196,0.0039108787415970915,0.0038131140732044627,0.005082806719348946,0.0,1.0,0.030254161768752626,6,4,0.17320508075688773,2500,OLS_debias_iid,iid,False,5
6,3,3001,2,20001,True,0,False,100,0.0,0.004688034765422344,0.00448455877976125,0.0043233871214940186,0.006369996193598993,0.0,1.0,0.02973248589058005,6,4,0.17320508075688773,2500,OLS_debias_iid,iid,False,5
6,3,3001,11,110001,True,0,False,100,0.0,0.0029894080944359303,0.00473048965050195,0.004283041405682138,0.008487396789156219,0.0,1.0,0.030018689289962673,6,4,0.17320508075688773,2500,OLS_debias_iid,iid,False,5
6,3,3001,0,1,True,0,False,100,0.0,0.011827753856778145,0.004346447292475584,0.004051065042471303,0.0063172019486173615,0.0,1.0,0.029782876061377805,6,4,0.17320508075688773,2500,OLS_debias_iid,iid,False,5
6,3,3001,13,130001,True,0,False,100,0.0,0.00331329507753253,0.004363995556690007,0.004020088320194575,0.006754346450488281,0.0,1.0,0.02924574677132067,6,4,0.17320508075688773,2500,OLS_debias_iid,iid,False,5
6,3,3001,6,60001,True,0,False,100,0.0,0.011039438657462597,0.004723032360524343,0.0044371953385168444,0.0071691984714199845,0.0,1.0,0.03068192487008484,6,4,0.17320508075688773,2500,OLS_debias_iid,iid,False,5
6,3,3001,8,80001,True,0,False,100,0.0,0.008833955973386765,0.004804827284361523,0.0044108107350386075,0.007002722814418432,0.0,1.0,0.02935669969092298,6,4,0.17320508075688773,2500,OLS_debias_iid,iid,False,5
6,3,3001,1,10001,True,0,False,100,0.0,0.009640139061957598,0.004955982793628795,0.0049088233973976405,0.005756162193148527,0.0,1.0,0.030852138560548876,6,4,0.17320508075688773,2500,OLS_debias_iid,iid,False,5
6,3,3001,9,90001,True,0,False,100,0.0,0.009097652975469828,0.0034233414884828825,0.003270100466586181,0.004403121739254561,0.0,1.0,0.02988775642500145,6,4,0.17320508075688773,2500,OLS_debias_iid,iid,False,5
6,3,3001,10,100001,True,0,False,100,0.0,0.0092717120423913,0.004071618168898426,0.004036118980087734,0.004729265068424135,0.0,1.0,0.029947351757371204,6,4,0.17320508075688773,2500,OLS_debias_iid,iid,False,5
6,3,3001,14,140001,True,0,False,100,0.0,0.006696491036564112,0.0040130679164423035,0.0034061798412705967,0.007819609124240337,0.0,1.0,0.029517768209122476,6,4,0.17320508075688773,2500,OLS_debias_iid,iid,False,5
6,3,3001,19,190001,True,0,False,100,0.0,0.0034135552123188972,0.0033013305055548526,0.003100776483515483,0.004963818814775232,0.0,1.0,0.02998519838210383,6,4,0.17320508075688773,2500,OLS_debias_iid,iid,False,5
6,2,2001,25,250001,True,0,False,100,0.0,0.021873400080949068,0.004102060529331157,0.003888127308275489,0.006234142065103047,0.0,1.0,0.029712192628547598,6,4,0.17320508075688773,2500,OLS_debias_iid,iid,False,5
6,3,3001,16,160001,True,0,False,100,0.0,0.008518747985363007,0.0035205776929018023,0.003403650954408145,0.004923390975487345,0.0,1.0,0.03008180478806182,6,4,0.17320508075688773,2500,OLS_debias_iid,iid,False,5
6,3,3001,12,120001,True,0,False,100,0.0,0.008895884733647108,0.004558851154978259,0.004208348112349217,0.006834214423421478,0.0,1.0,0.02953599653874485,6,4,0.17320508075688773,2500,OLS_debias_iid,iid,False,5
5,8,8001,13,130001,True,116,False,100,0.0,0.338842976372689,0.012933509528382844,0.009578913076084768,0.022278776398446925,0.13279906235164304,0.9911462527127983,0.02271693638411338,6,4,0.17320508075688773,2500,OLS_debias_iid,iid,False,5
6,3,3001,15,150001,True,0,False,100,0.0,0.007998041808605194,0.005272391181004506,0.005023481478420675,0.007657989855481459,0.0,1.0,0.030325971892711464,6,4,0.17320508075688773,2500,OLS_debias_iid,iid,False,5
6,3,3001,7,70001,True,0,False,100,0.0,0.009330081287771463,0.004997452707128701,0.0047432629655137564,0.007714350501916978,0.0,1.0,0.02964281959856827,6,4,0.17320508075688773,2500,OLS_debias_iid,iid,False,5
5,8,8001,10,100001,True,116,False,100,0.0,0.34620457189157605,0.013142878208354136,0.01041723869464453,0.025399852932087647,0.12737432023760456,0.9918493519236646,0.023454858614974507,6,4,0.17320508075688773,2500,OLS_debias_iid,iid,False,5
6,3,3001,26,260001,True,0,False,100,0.0,0.00319625623524189,0.003497604064063995,0.003127769322460996,0.00532123259772063,0.0,1.0,0.029806323381371912,6,4,0.17320508075688773,2500,OLS_debias_iid,iid,False,5
6,3,3001,21,210001,True,0,False,100,0.0,0.005302022211253643,0.0035238664995453617,0.0034578170913881043,0.004516970915345327,0.0,1.0,0.029585398692636402,6,4,0.17320508075688773,2500,OLS_debias_iid,iid,False,5
6,3,3001,23,230001,True,0,False,100,0.0,0.006228635087609291,0.004152130447232837,0.003883888810785042,0.005610488606252201,0.0,1.0,0.030399959721787946,6,4,0.17320508075688773,2500,OLS_debias_iid,iid,False,5
6,3,3001,18,180001,True,0,False,100,0.0,0.01108523877337575,0.004583219125456311,0.004002655513739557,0.007334902986889502,0.0,1.0,0.030232949566197015,6,4,0.17320508075688773,2500,OLS_debias_iid,iid,False,5
6,3,3001,24,240001,True,0,False,100,0.0,0.0068894801661372185,0.003841921578098786,0.0035330758383313086,0.00620834166679642,0.0,1.0,0.030262551664161804,6,4,0.17320508075688773,2500,OLS_debias_iid,iid,False,5
6,3,3001,22,220001,True,0,False,100,0.0,0.00868969690054655,0.0030936896340412324,0.002859361433704561,0.004713580327213011,0.0,1.0,0.0294103366701357,6,4,0.17320508075688773,2500,OLS_debias_iid,iid,False,5
6,0,1,28,280001,True,0,False,100,0.0,0.0824534478597343,0.00356313032029473,0.0034533345589473513,0.0052261468236544685,0.0,1.0,0.030268583805347304,6,4,0.17320508075688773,2500,OLS_debias_iid,iid,False,5
6,4,4001,4,40001,True,0,False,100,0.0,0.0032165958546102047,0.0057840380965263755,0.005120289381582679,0.008695648671389493,0.0,1.0,0.029922888935401966,6,4,0.17320508075688773,2500,OLS_debias_iid,iid,False,5
6,4,4001,5,50001,True,0,False,100,0.0,0.0030216979794204235,0.0036773045982487584,0.0036695683155193357,0.003972985921378747,0.0,1.0,0.029895551463586703,6,4,0.17320508075688773,2500,OLS_debias_iid,iid,False,5
6,3,3001,28,280001,True,0,False,100,0.0,0.006096736062318087,0.004503752273896371,0.004195129019981173,0.005975432802995549,0.0,1.0,0.0305564560487503,6,4,0.17320508075688773,2500,OLS_debias_iid,iid,False,5
6,4,4001,0,1,True,0,False,100,0.0,0.005658378824591637,0.0030804682456234537,0.002788669410437514,0.004627417462031107,0.0,1.0,0.030164974703867337,6,4,0.17320508075688773,2500,OLS_debias_iid,iid,False,5
6,4,4001,1,10001,True,0,False,100,0.0,0.002798209898173809,0.003970762189894454,0.0037188086769563856,0.006264890470664196,0.0,1.0,0.03072636324916108,6,4,0.17320508075688773,2500,OLS_debias_iid,iid,False,5
6,3,3001,17,170001,True,0,False,100,0.0,0.010891270823776722,0.0037864780050943336,0.003436087289448355,0.005914786657636419,0.0,1.0,0.029669880518265142,6,4,0.17320508075688773,2500,OLS_debias_iid,iid,False,5
6,3,3001,25,250001,True,0,False,100,0.0,0.011294067837297916,0.004051843484500591,0.003587933620931684,0.006515840488866685,0.0,1.0,0.029771903767374302,6,4,0.17320508075688773,2500,OLS_debias_iid,iid,False,5
6,4,4001,11,110001,True,0,False,100,0.0,0.0031183576211333275,0.0047490112595937285,0.004634744938812981,0.005822723329986309,0.0,1.0,0.029742710692518437,6,4,0.17320508075688773,2500,OLS_debias_iid,iid,False,5
6,4,4001,2,20001,True,0,False,100,0.0,0.008807346224784851,0.004997971781083331,0.004379613968782652,0.00759937240701744,0.0,1.0,0.029693290601780473,6,4,0.17320508075688773,2500,OLS_debias_iid,iid,False,5
5,7,7001,27,270001,True,137,False,100,0.0,0.4265939542092383,0.017467357841800424,0.015601311747090646,0.026016553181555425,0.13546390329840832,0.990795582028957,0.022279743788324265,6,4,0.17320508075688773,2500,OLS_debias_iid,iid,False,5
6,3,3001,27,270001,True,0,False,100,0.0,0.011935843154788017,0.003643688516940678,0.003350209478864575,0.005915394679400308,0.0,1.0,0.029746972396491322,6,4,0.17320508075688773,2500,OLS_debias_iid,iid,False,5
6,4,4001,15,150001,True,0,False,100,0.0,0.005814297124743462,0.0036338591327434965,0.0030242451136610177,0.007376628369554956,0.0,1.0,0.02967994745268528,6,4,0.17320508075688773,2500,OLS_debias_iid,iid,False,5
6,4,4001,3,30001,True,0,False,100,0.0,0.007931721862405539,0.004496932216502825,0.004260166530246207,0.006198749348025103,0.0,1.0,0.030105661643693906,6,4,0.17320508075688773,2500,OLS_debias_iid,iid,False,5
6,4,4001,13,130001,True,0,False,100,0.0,0.006913038901984692,0.003107326154007685,0.0030618172747726782,0.0037119685539296655,0.0,1.0,0.029942618200603253,6,4,0.17320508075688773,2500,OLS_debias_iid,iid,False,5
6,4,4001,18,180001,True,0,False,100,0.0,0.00320291705429554,0.004406167163124754,0.004328474514156352,0.0057097180229713175,0.0,1.0,0.029634594475007377,6,4,0.17320508075688773,2500,OLS_debias_iid,iid,False,5
6,4,4001,8,80001,True,0,False,100,0.0,0.00852649798616767,0.003854713419100979,0.0033551274219969164,0.006050553775080524,0.0,1.0,0.030253050722556896,6,4,0.17320508075688773,2500,OLS_debias_iid,iid,False,5
6,4,4001,6,60001,True,0,False,100,0.0,0.006106785032898188,0.0038992900833140437,0.0037149408471711665,0.005765798768014028,0.0,1.0,0.029951596531116325,6,4,0.17320508075688773,2500,OLS_debias_iid,iid,False,5
6,4,4001,12,120001,True,0,False,100,0.0,0.0072845472022891045,0.00451355659633192,0.004357517014219434,0.0057141786615567906,0.0,1.0,0.030994185485560075,6,4,0.17320508075688773,2500,OLS_debias_iid,iid,False,5
6,4,4001,7,70001,True,0,False,100,0.0,0.010161635931581259,0.004736899252676855,0.004598380262780542,0.005637713636043784,0.0,1.0,0.030317847934249808,6,4,0.17320508075688773,2500,OLS_debias_iid,iid,False,5
6,1,1001,29,290001,True,0,False,100,0.0,0.06202151672914624,0.005305672172277295,0.005133313562424642,0.0072900545397512955,0.0,1.0,0.02993483184892421,6,4,0.17320508075688773,2500,OLS_debias_iid,iid,False,5
6,4,4001,14,140001,True,0,False,100,0.0,0.010098815895617008,0.003366905893660758,0.0029254929825245197,0.005041149859324311,0.0,1.0,0.02978256475092295,6,4,0.17320508075688773,2500,OLS_debias_iid,iid,False,5
6,4,4001,9,90001,True,0,False,100,0.0,0.011443446390330791,0.0030353027740460275,0.0029006222546227194,0.004073669213516566,0.0,1.0,0.02904475912090929,6,4,0.17320508075688773,2500,OLS_debias_iid,iid,False,5
6,4,4001,20,200001,True,0,False,100,0.0,0.007388245780020952,0.00405356775303378,0.003693408109303501,0.006074919368331802,0.0,1.0,0.030164088022570833,6,4,0.17320508075688773,2500,OLS_debias_iid,iid,False,5
6,4,4001,16,160001,True,0,False,100,0.0,0.008017282001674175,0.004530236671254267,0.00437410581311531,0.005801086814886322,0.0,1.0,0.029824429286608244,6,4,0.17320508075688773,2500,OLS_debias_iid,iid,False,5
5,7,7001,26,260001,True,144,False,100,0.0,0.44124343805015087,0.013785022921674875,0.011431161617351887,0.025265793201280286,0.12472753557287888,0.9921904797847585,0.0225119701639084,6,4,0.17320508075688773,2500,OLS_debias_iid,iid,False,5
5,7,7001,20,200001,True,149,False,100,0.0,0.45833125291392207,0.007218636473041415,0.006173993977625279,0.011950792471331672,0.12814790451635785,0.9917551795542706,0.021999203045032042,6,4,0.17320508075688773,2500,OLS_debias_iid,iid,False,5
6,4,4001,28,280001,True,0,False,100,0.0,0.005418780725449324,0.003330071090533167,0.0030773794656523746,0.005005778120735886,0.0,1.0,0.029488320125686335,6,4,0.17320508075688773,2500,OLS_debias_iid,iid,False,5
6,4,4001,17,170001,True,0,False,100,0.0,0.011110349092632532,0.005366834958999088,0.005102532339002455,0.007619539326296724,0.0,1.0,0.029935881459778237,6,4,0.17320508075688773,2500,OLS_debias_iid,iid,False,5
6,4,4001,25,250001,True,0,False,100,0.0,0.0032836059108376503,0.0029271881936505264,0.002371835348540617,0.006061040913339394,0.0,1.0,0.029709406848795618,6,4,0.17320508075688773,2500,OLS_debias_iid,iid,False,5
6,5,5001,0,1,True,0,False,100,0.0,0.00349237397313118,0.0035778292366957574,0.0034085589952597708,0.005307055890909677,0.0,1.0,0.029627759086519257,6,4,0.17320508075688773,2500,OLS_debias_iid,iid,False,5
6,1,1001,28,280001,True,0,False,100,0.0,0.06471816683188081,0.003480659733361262,0.003175970841276817,0.004988183550130583,0.0,1.0,0.02986904322914123,6,4,0.17320508075688773,2500,OLS_debias_iid,iid,False,5
6,4,4001,27,270001,True,0,False,100,0.0,0.003154256846755743,0.004178927093142461,0.003952417829665437,0.006343342661139272,0.0,1.0,0.030560115625915672,6,4,0.17320508075688773,2500,OLS_debias_iid,iid,False,5
6,4,4001,29,290001,True,0,False,100,0.0,0.006031735800206661,0.005203373262363964,0.004918703439012173,0.00724012677937855,0.0,1.0,0.030134455113690548,6,4,0.17320508075688773,2500,OLS_debias_iid,iid,False,5
6,4,4001,19,190001,True,0,False,100,0.0,0.010884739924222231,0.003932904823234552,0.003662150684362729,0.005541296021824105,0.0,1.0,0.029721710707232746,6,4,0.17320508075688773,2500,OLS_debias_iid,iid,False,5
6,4,4001,23,230001,True,0,False,100,0.0,0.0075990138575434685,0.0033452750605307926,0.0032137476649541203,0.005060949846894383,0.0,1.0,0.030020964926894322,6,4,0.17320508075688773,2500,OLS_debias_iid,iid,False,5
6,5,5001,4,40001,True,0,False,100,0.0,0.005250192247331142,0.005672924514256824,0.0054411863247608395,0.007333463893968566,0.0,1.0,0.029762846448773382,6,4,0.17320508075688773,2500,OLS_debias_iid,iid,False,5
5,7,7001,0,1,True,152,False,100,0.0,0.5446587731130421,0.016756098020366466,0.013899311489482556,0.030392085675000104,0.12329897862203838,0.9923757793036312,0.022804005903543704,6,4,0.17320508075688773,2500,OLS_debias_iid,iid,False,5
6,5,5001,5,50001,True,0,False,100,0.0,0.005524340085685253,0.004890645645504155,0.004443947566618187,0.008475857455108189,0.0,1.0,0.029700376620199483,6,4,0.17320508075688773,2500,OLS_debias_iid,iid,False,5
6,4,4001,26,260001,True,0,False,100,0.0,0.004958454053848982,0.004585448952330623,0.004037714653263292,0.007370566324706904,0.0,1.0,0.030024209153246325,6,4,0.17320508075688773,2500,OLS_debias_iid,iid,False,5
6,4,4001,22,220001,True,0,False,100,0.0,0.0051096417009830475,0.004530015152090446,0.004181446643167248,0.007897052101025237,0.0,1.0,0.0299010104156719,6,4,0.17320508075688773,2500,OLS_debias_iid,iid,False,5
6,5,5001,2,20001,True,0,False,100,0.0,0.004614057019352913,0.005285176150085884,0.004989289166950664,0.007094881838136393,0.0,1.0,0.03000576196873194,6,4,0.17320508075688773,2500,OLS_debias_iid,iid,False,5
6,4,4001,24,240001,True,0,False,100,0.0,0.00716945668682456,0.0050985538202752865,0.004879613059059545,0.0069973875676185284,0.0,1.0,0.029565915355563594,6,4,0.17320508075688773,2500,OLS_debias_iid,iid,False,5
5,8,8001,4,40001,True,116,False,100,0.0,0.38889847975224257,0.021963880489826563,0.01904397546563271,0.03714583931427007,0.1306042563675151,0.9914320060829994,0.02250605569024865,6,4,0.17320508075688773,2500,OLS_debias_iid,iid,False,5
6,5,5001,12,120001,True,0,False,100,0.0,0.004200559109449387,0.005161306833338976,0.00481882744190821,0.007469807518513119,0.0,1.0,0.03021414442563546,6,4,0.17320508075688773,2500,OLS_debias_iid,iid,False,5
6,5,5001,10,100001,True,0,False,100,0.0,0.00500592403113842,0.003664867738463337,0.0035458541845734114,0.005153110184232383,0.0,1.0,0.02902940806936235,6,4,0.17320508075688773,2500,OLS_debias_iid,iid,False,5
6,5,5001,1,10001,True,0,False,100,0.0,0.007810642942786217,0.0030144213234063184,0.0029478271533681295,0.0036553579593370535,0.0,1.0,0.029405859203160252,6,4,0.17320508075688773,2500,OLS_debias_iid,iid,False,5
5,4,4001,4,40001,True,117,False,100,0.0,1.0018693241290748,0.024210846353032806,0.021265247980436146,0.03855407887238325,0.13008962153017226,0.9914952154645753,0.022009746492265603,6,4,0.17320508075688773,2500,OLS_debias_iid,iid,False,5
6,5,5001,6,60001,True,0,False,100,0.0,0.007789533119648695,0.003609538816897002,0.00355914859893564,0.004744000074481632,0.0,1.0,0.029809433534536134,6,4,0.17320508075688773,2500,OLS_debias_iid,iid,False,5
6,1,1001,14,140001,True,0,False,100,0.0,0.10704175801947713,0.004495211535565197,0.004173096275469668,0.006314442901677937,0.0,1.0,0.029700973990601346,6,4,0.17320508075688773,2500,OLS_debias_iid,iid,False,5
6,5,5001,9,90001,True,0,False,100,0.0,0.006576112005859613,0.004022834137838049,0.003939933399926596,0.0052283752078265385,0.0,1.0,0.030088260494001862,6,4,0.17320508075688773,2500,OLS_debias_iid,iid,False,5
6,3,3001,29,290001,True,0,False,100,0.0,0.012940315995365381,0.004855549425516929,0.004717558449947378,0.006179485802987745,0.0,1.0,0.030159307413497732,6,4,0.17320508075688773,2500,OLS_debias_iid,iid,False,5
6,5,5001,20,200001,True,0,False,100,0.0,0.0028730593621730804,0.006041774406760146,0.005699605921759175,0.008437824968455571,0.0,1.0,0.02965663805402985,6,4,0.17320508075688773,2500,OLS_debias_iid,iid,False,5
6,3,3001,20,200001,True,0,False,100,0.0,0.026958403177559376,0.004224256192534656,0.004126298928815861,0.005131221062538712,0.0,1.0,0.030717088806567563,6,4,0.17320508075688773,2500,OLS_debias_iid,iid,False,5
6,2,2001,19,190001,True,0,False,100,0.0,0.08385119773447514,0.002613243341867566,0.0024134413647442666,0.003071162765286622,0.0,1.0,0.030161236959250538,6,4,0.17320508075688773,2500,OLS_debias_iid,iid,False,5
6,6,6001,1,10001,True,0,False,100,0.0,0.0065991622395813465,0.0036258567531440144,0.00335209210535044,0.006112543349980774,0.0,1.0,0.029862099853097554,6,4,0.17320508075688773,2500,OLS_debias_iid,iid,False,5
6,5,5001,23,230001,True,0,False,100,0.0,0.00467912619933486,0.003719940620487813,0.003138922247121152,0.00631489086777997,0.0,1.0,0.03033518269481643,6,4,0.17320508075688773,2500,OLS_debias_iid,iid,False,5
6,5,5001,18,180001,True,0,False,100,0.0,0.005885266698896885,0.004067806463717059,0.00391874714232709,0.004865675816342573,0.0,1.0,0.029003117113808513,6,4,0.17320508075688773,2500,OLS_debias_iid,iid,False,5
5,8,8001,26,260001,True,116,False,100,0.0,0.3460500231012702,0.013311419255550336,0.011875125879536848,0.01859191687470294,0.12562549265521808,0.9920791773387313,0.02239148579072194,6,4,0.17320508075688773,2500,OLS_debias_iid,iid,False,5
5,8,8001,9,90001,True,126,False,100,0.0,0.38154872274026275,0.01641898442236923,0.014127526610650502,0.025978566594491364,0.12520725163782,0.992128667426625,0.02248217687278588,6,4,0.17320508075688773,2500,OLS_debias_iid,iid,False,5
6,5,5001,7,70001,True,0,False,100,0.0,0.009199663065373898,0.005569278264576803,0.005183977373685003,0.008023280544835653,0.0,1.0,0.02977025543655752,6,4,0.17320508075688773,2500,OLS_debias_iid,iid,False,5
6,5,5001,27,270001,True,0,False,100,0.0,0.006183534860610962,0.0025617100727565877,0.002372175137695926,0.0032950290758436297,0.0,1.0,0.03000086879877563,6,4,0.17320508075688773,2500,OLS_debias_iid,iid,False,5
6,5,5001,8,80001,True,0,False,100,0.0,0.00934950215741992,0.004179891670043905,0.003946164949843544,0.006489266668460087,0.0,1.0,0.029861456405625722,6,4,0.17320508075688773,2500,OLS_debias_iid,iid,False,5
6,6,6001,7,70001,True,0,False,100,0.0,0.010788350831717253,0.004152070162360876,0.003896692696236343,0.00578751724176059,0.0,1.0,0.029334550586917533,6,4,0.17320508075688773,2500,OLS_debias_iid,iid,False,5
6,5,5001,26,260001,True,0,False,100,0.0,0.006516232155263424,0.0033542856649845187,0.0030308073615917287,0.005223511119716149,0.0,1.0,0.030057378238022778,6,4,0.17320508075688773,2500,OLS_debias_iid,iid,False,5
6,5,5001,19,190001,True,0,False,100,0.0,0.008474527858197689,0.0033868636756369205,0.0032872632689288513,0.004885763911337149,0.0,1.0,0.0301728507482199,6,4,0.17320508075688773,2500,OLS_debias_iid,iid,False,5
5,7,7001,1,10001,True,149,False,100,0.0,0.5983818504028022,0.011798633705175155,0.010442290598689894,0.021042268150047748,0.12283485089825165,0.9924222631780293,0.0236085235547165,6,4,0.17320508075688773,2500,OLS_debias_iid,iid,False,5
6,5,5001,22,220001,True,0,False,100,0.0,0.008149529807269573,0.00431307645371367,0.004129203402022522,0.006592173252857173,0.0,1.0,0.029838592254595012,6,4,0.17320508075688773,2500,OLS_debias_iid,iid,False,5
6,5,5001,13,130001,True,0,False,100,0.0,0.006140314973890781,0.0035011948283837197,0.0032085629846802734,0.0054923296414755894,0.0,1.0,0.029954174245247305,6,4,0.17320508075688773,2500,OLS_debias_iid,iid,False,5
6,5,5001,25,250001,True,0,False,100,0.0,0.011131079401820898,0.004649957735458057,0.004501432884993127,0.006642092830504536,0.0,1.0,0.030195460219510032,6,4,0.17320508075688773,2500,OLS_debias_iid,iid,False,5
6,5,5001,17,170001,True,0,False,100,0.0,0.018831421621143818,0.005986795556250291,0.005445580242802207,0.009914368713172299,0.0,1.0,0.030251936538213682,6,4,0.17320508075688773,2500,OLS_debias_iid,iid,False,5
5,7,7001,28,280001,True,122,False,100,0.0,0.4926891326904297,0.013374194406228182,0.010049882666313112,0.02804405869614729,0.1232963908568088,0.9923896323912724,0.02286447862763197,6,4,0.17320508075688773,2500,OLS_debias_iid,iid,False,5
5,8,8001,0,1,True,116,False,100,0.0,0.4445173339918256,0.014086184451350176,0.011431345835145037,0.02759045649171693,0.12503900340907637,0.9921523837136835,0.022695001282856904,6,4,0.17320508075688773,2500,OLS_debias_iid,iid,False,5
6,6,6001,8,80001,True,0,False,100,0.0,0.004338459111750126,0.004477225311683886,0.004268167349671887,0.005919824270865748,0.0,1.0,0.03026161552507332,6,4,0.17320508075688773,2500,OLS_debias_iid,iid,False,5
6,6,6001,13,130001,True,0,False,100,0.0,0.011016969103366137,0.004294996426459411,0.0038043696633308197,0.007522029613684208,0.0,1.0,0.029113871440936624,6,4,0.17320508075688773,2500,OLS_debias_iid,iid,False,5
6,6,6001,15,150001,True,0,False,100,0.0,0.006228834856301546,0.004528598239766175,0.004330143296221737,0.006951098770066052,0.0,1.0,0.02910940088985419,6,4,0.17320508075688773,2500,OLS_debias_iid,iid,False,5
6,4,4001,21,210001,True,0,False,100,0.0,0.03869811771437526,0.004195810686267614,0.003761831877014092,0.007120168436017593,0.0,1.0,0.030029021314003694,6,4,0.17320508075688773,2500,OLS_debias_iid,iid,False,5
6,5,5001,11,110001,True,0,False,100,0.0,0.006671400740742683,0.003380296754881175,0.0031762564389670937,0.005554557665672695,0.0,1.0,0.029888128020941235,6,4,0.17320508075688773,2500,OLS_debias_iid,iid,False,5
5,9,9001,1,10001,True,116,False,100,0.0,0.34396469919010997,0.01026897515453523,0.008826092770076642,0.019240910584449534,0.12379683269164674,0.9922991064717441,0.02246827738493988,6,4,0.17320508075688773,2500,OLS_debias_iid,iid,False,5
5,8,8001,19,190001,True,116,False,100,0.0,0.3658115779981017,0.02241369118181667,0.01700716456902926,0.03843693530648182,0.13247298771960725,0.9911873968756604,0.021775920558163776,6,4,0.17320508075688773,2500,OLS_debias_iid,iid,False,5
6,6,6001,0,1,True,0,False,100,0.0,0.0036359429359436035,0.004128386627163053,0.0034893667423491217,0.008203842884960972,0.0,1.0,0.030777100678958946,6,4,0.17320508075688773,2500,OLS_debias_iid,iid,False,5
5,6,6001,5,50001,True,116,False,100,0.0,0.7412479668855667,0.01241127515756159,0.009932171898367769,0.02390076665178433,0.12100277930338292,0.9926556670215578,0.022839400485955775,6,4,0.17320508075688773,2500,OLS_debias_iid,iid,False,5
6,6,6001,12,120001,True,0,False,100,0.0,0.007172687910497189,0.004674275500048631,0.004429448144424424,0.006625730773476753,0.0,1.0,0.03009767977700308,6,4,0.17320508075688773,2500,OLS_debias_iid,iid,False,5
6,6,6001,3,30001,True,0,False,100,0.0,0.009175213053822517,0.004464942911008827,0.003970099965758815,0.007556290508108244,0.0,1.0,0.029504900380454103,6,4,0.17320508075688773,2500,OLS_debias_iid,iid,False,5
6,5,5001,28,280001,True,0,False,100,0.0,0.007180826738476753,0.003382092719455866,0.003118634874956625,0.005706216731751806,0.0,1.0,0.030128898979219106,6,4,0.17320508075688773,2500,OLS_debias_iid,iid,False,5
6,6,6001,14,140001,True,0,False,100,0.0,0.011893774382770061,0.004471855832929434,0.0042421368286606,0.005676066626813338,0.0,1.0,0.029913776030553344,6,4,0.17320508075688773,2500,OLS_debias_iid,iid,False,5
6,5,5001,29,290001,True,0,False,100,0.0,0.0036964830942451954,0.0034215224014623436,0.0033573655859149257,0.00427996263371364,0.0,1.0,0.02977680523356829,6,4,0.17320508075688773,2500,OLS_debias_iid,iid,False,5
6,5,5001,14,140001,True,0,False,100,0.0,0.009200282860547304,0.004240161966821842,0.0038452259266653563,0.007169403601257028,0.0,1.0,0.030145024433674193,6,4,0.17320508075688773,2500,OLS_debias_iid,iid,False,5
6,5,5001,21,210001,True,0,False,100,0.0,0.007096718065440655,0.003650024391579399,0.002952913176785846,0.006904065758793578,0.0,1.0,0.0296531350767824,6,4,0.17320508075688773,2500,OLS_debias_iid,iid,False,5
6,3,3001,4,40001,True,0,False,100,0.0,0.07122258003801107,0.0038268096480864057,0.0036225890069192823,0.004996919634269344,0.0,1.0,0.030625100946684188,6,4,0.17320508075688773,2500,OLS_debias_iid,iid,False,5
6,6,6001,10,100001,True,0,False,100,0.0,0.004006559960544109,0.004996485683841195,0.004754052664515535,0.006613052819783031,0.0,1.0,0.03046296317396534,6,4,0.17320508075688773,2500,OLS_debias_iid,iid,False,5
6,6,6001,5,50001,True,0,False,100,0.0,0.004615055862814188,0.0038348935244117356,0.0033260580881326264,0.007100036959647646,0.0,1.0,0.02959877381901205,6,4,0.17320508075688773,2500,OLS_debias_iid,iid,False,5
6,6,6001,24,240001,True,0,False,100,0.0,0.0035470337606966496,0.00493783417068768,0.004672848097646983,0.0072531431524328945,0.0,1.0,0.030255960407683608,6,4,0.17320508075688773,2500,OLS_debias_iid,iid,False,5
6,5,5001,16,160001,True,0,False,100,0.0,0.009643608704209328,0.005010289005282176,0.004459785457822001,0.008760250683576432,0.0,1.0,0.030435806797291902,6,4,0.17320508075688773,2500,OLS_debias_iid,iid,False,5
6,6,6001,4,40001,True,0,False,100,0.0,0.00652152206748724,0.004623121879933558,0.0042412846750424895,0.007486013361131164,0.0,1.0,0.03019245133184836,6,4,0.17320508075688773,2500,OLS_debias_iid,iid,False,5
4,9,9001,25,250001,True,358,False,100,0.0654718396519807,2.2154526417143643,0.026164048681054316,0.0230220857606717,0.040924216191730874,0.13019460558710402,0.9914905473547575,0.01578058261427018,6,4,0.17320508075688773,2500,OLS_debias_iid,iid,False,5
6,5,5001,24,240001,True,0,False,100,0.0,0.005122782196849585,0.003764440011544566,0.0036422785678391634,0.0051679352069877015,0.0,1.0,0.030155160706874802,6,4,0.17320508075688773,2500,OLS_debias_iid,iid,False,5
6,6,6001,26,260001,True,0,False,100,0.0,0.008605056907981634,0.004104559861588237,0.0040284777772437224,0.005310945049931503,0.0,1.0,0.029706322523191536,6,4,0.17320508075688773,2500,OLS_debias_iid,iid,False,5
6,7,7001,7,70001,True,0,False,100,0.0,0.006779969669878483,0.004423915426089283,0.004233125802715529,0.006441404655605036,0.0,1.0,0.029336369649673916,6,4,0.17320508075688773,2500,OLS_debias_iid,iid,False,5
6,5,5001,3,30001,True,0,False,100,0.0,0.01008630683645606,0.004836371705036702,0.004518047716676709,0.006310498252768362,0.0,1.0,0.02985705665424283,6,4,0.17320508075688773,2500,OLS_debias_iid,iid,False,5
6,4,4001,10,100001,True,0,False,100,0.0,0.043763990979641676,0.0033335640954976014,0.003035860095658324,0.005283306265148191,0.0,1.0,0.02972872517511214,6,4,0.17320508075688773,2500,OLS_debias_iid,iid,False,5
6,6,6001,17,170001,True,0,False,100,0.0,0.007711312733590603,0.004646895122264259,0.00428834372061027,0.007120385370953536,0.0,1.0,0.02993815502506373,6,4,0.17320508075688773,2500,OLS_debias_iid,iid,False,5
6,6,6001,16,160001,True,0,False,100,0.0,0.007669954095035791,0.005501293718182618,0.005334448277672075,0.007829825219511482,0.0,1.0,0.029998228176763644,6,4,0.17320508075688773,2500,OLS_debias_iid,iid,False,5
5,8,8001,12,120001,True,136,False,100,0.0,0.3954056929796934,0.017929111781956168,0.01516202308536993,0.031893149940283076,0.12688367803965236,0.9919328583867556,0.022719184616078903,6,4,0.17320508075688773,2500,OLS_debias_iid,iid,False,5
6,6,6001,9,90001,True,0,False,100,0.0,0.00440538814291358,0.00312789800663892,0.00284873851933108,0.0047613470670262465,0.0,1.0,0.029915129997280576,6,4,0.17320508075688773,2500,OLS_debias_iid,iid,False,5
6,6,6001,27,270001,True,0,False,100,0.0,0.010413393843919039,0.00565610330508166,0.005103858067229251,0.008144784599910852,0.0,1.0,0.03003281864951499,6,4,0.17320508075688773,2500,OLS_debias_iid,iid,False,5
6,6,6001,28,280001,True,0,False,100,0.0,0.010567203164100647,0.005018433937862082,0.0048334422876156686,0.0066211910314182216,0.0,1.0,0.0301964836852717,6,4,0.17320508075688773,2500,OLS_debias_iid,iid,False,5
6,5,5001,15,150001,True,0,False,100,0.0,0.010946959722787142,0.0036276802219242957,0.003376127528501638,0.005821890836688014,0.0,1.0,0.029565253110747182,6,4,0.17320508075688773,2500,OLS_debias_iid,iid,False,5
6,6,6001,23,230001,True,0,False,100,0.0,0.01207057200372219,0.0057591027811455696,0.005671330414959143,0.007104888017842456,0.0,1.0,0.03029110767366472,6,4,0.17320508075688773,2500,OLS_debias_iid,iid,False,5
5,9,9001,2,20001,True,116,False,100,0.0,0.3388672359287739,0.01464114361502645,0.012224886832276254,0.02380745375122966,0.12838577754239455,0.9917254753956654,0.02356639048268522,6,4,0.17320508075688773,2500,OLS_debias_iid,iid,False,5
6,6,6001,2,20001,True,0,False,100,0.0,0.008509926963597536,0.005228898823303359,0.005104227133226708,0.007137331102070449,0.0,1.0,0.030466205198176003,6,4,0.17320508075688773,2500,OLS_debias_iid,iid,False,5
6,7,7001,22,220001,True,0,False,100,0.0,0.01233314024284482,0.004268328392347557,0.0039799499932272634,0.005981375652598332,0.0,1.0,0.030467490404854664,6,4,0.17320508075688773,2500,OLS_debias_iid,iid,False,5
6,6,6001,6,60001,True,0,False,100,0.0,0.003742112312465906,0.003999987120182802,0.003807076962489105,0.0054269614712768284,0.0,1.0,0.03055955491026202,6,4,0.17320508075688773,2500,OLS_debias_iid,iid,False,5
6,7,7001,26,260001,True,0,False,100,0.0,0.011780643835663795,0.004154619555828643,0.003800856435299522,0.0060454872716277815,0.0,1.0,0.030615771851964648,6,4,0.17320508075688773,2500,OLS_debias_iid,iid,False,5
6,7,7001,11,110001,True,0,False,100,0.0,0.0035429438576102257,0.0035357912215257803,0.0032309009191288994,0.005528247309177328,0.0,1.0,0.02983754836489444,6,4,0.17320508075688773,2500,OLS_debias_iid,iid,False,5
6,6,6001,20,200001,True,0,False,100,0.0,0.007281535770744085,0.003802746663740277,0.003632813545460909,0.005411536838236681,0.0,1.0,0.030158473543295587,6,4,0.17320508075688773,2500,OLS_debias_iid,iid,False,5
6,6,6001,19,190001,True,0,False,100,0.0,0.01186525309458375,0.0035477415120865274,0.0032628355329050508,0.005437837716311637,0.0,1.0,0.0300979031748644,6,4,0.17320508075688773,2500,OLS_debias_iid,iid,False,5
6,7,7001,6,60001,True,0,False,100,0.0,0.0057845767587423325,0.004024537178987234,0.003895174218507519,0.005887225029321567,0.0,1.0,0.0293069951726223,6,4,0.17320508075688773,2500,OLS_debias_iid,iid,False,5
6,7,7001,10,100001,True,0,False,100,0.0,0.005050262901932001,0.002534240875440337,0.00224434162494098,0.003976380280993282,0.0,1.0,0.029911395254782428,6,4,0.17320508075688773,2500,OLS_debias_iid,iid,False,5
6,6,6001,21,210001,True,0,False,100,0.0,0.01134936697781086,0.00405429225979442,0.003438430345305383,0.007085239664432565,0.0,1.0,0.029436614708563506,6,4,0.17320508075688773,2500,OLS_debias_iid,iid,False,5
5,6,6001,27,270001,True,133,False,100,0.0,0.6565588261000812,0.015238966903511357,0.014534352666139031,0.020394164064054487,0.13734734072982457,0.9905214283387743,0.02239912255166858,6,4,0.17320508075688773,2500,OLS_debias_iid,iid,False,5
5,7,7001,17,170001,True,149,False,100,0.0,0.5647013657726347,0.009814959844333455,0.008073191629946632,0.017199649290598404,0.11924352423317562,0.9928643559199497,0.022903137411357147,6,4,0.17320508075688773,2500,OLS_debias_iid,iid,False,5
5,8,8001,29,290001,True,116,False,100,0.0,0.36416285997256637,0.016080112378627047,0.011933237480070481,0.03126349726974925,0.1243637657043586,0.9922373557099592,0.023098041371394783,6,4,0.17320508075688773,2500,OLS_debias_iid,iid,False,5
6,8,8001,0,1,True,0,False,100,0.0,0.003605013247579336,0.0034368054828199128,0.003089507534194477,0.0054163130364312745,0.0,1.0,0.02927075499420548,6,4,0.17320508075688773,2500,OLS_debias_iid,iid,False,5
6,7,7001,28,280001,True,0,False,100,0.0,0.015400357078760862,0.004836478794732114,0.004444500306950064,0.007829799685140006,0.0,1.0,0.03021384700610072,6,4,0.17320508075688773,2500,OLS_debias_iid,iid,False,5
6,7,7001,1,10001,True,0,False,100,0.0,0.010409534443169832,0.0043132626410917144,0.004243522082904149,0.005341202452825487,0.0,1.0,0.030719431362769785,6,4,0.17320508075688773,2500,OLS_debias_iid,iid,False,5
6,7,7001,15,150001,True,0,False,100,0.0,0.003380675334483385,0.005423065713972013,0.00534896477097137,0.006800803607722149,0.0,1.0,0.02980199400534096,6,4,0.17320508075688773,2500,OLS_debias_iid,iid,False,5
6,7,7001,14,140001,True,0,False,100,0.0,0.004917254205793142,0.003895791627306351,0.003651577937894675,0.00601423333907389,0.0,1.0,0.02983716200243805,6,4,0.17320508075688773,2500,OLS_debias_iid,iid,False,5
6,6,6001,11,110001,True,0,False,100,0.0,0.006610081996768713,0.004784967721586555,0.004458343405310552,0.007902133239719247,0.0,1.0,0.029543970548596313,6,4,0.17320508075688773,2500,OLS_debias_iid,iid,False,5
6,7,7001,9,90001,True,0,False,100,0.0,0.007003619335591793,0.003866207039712054,0.0036892641995373825,0.004946660890293405,0.0,1.0,0.0300529834897443,6,4,0.17320508075688773,2500,OLS_debias_iid,iid,False,5
5,6,6001,28,280001,True,116,False,100,0.0,0.6133209909312427,0.012939440698313062,0.008968032634871543,0.028761273669925178,0.12334545482251699,0.9923817324165052,0.02305354460931624,6,4,0.17320508075688773,2500,OLS_debias_iid,iid,False,5
6,7,7001,0,1,True,0,False,100,0.0,0.003197966143488884,0.00336854532075222,0.003254753136853457,0.004621798351277933,0.0,1.0,0.029507895881627142,6,4,0.17320508075688773,2500,OLS_debias_iid,iid,False,5
6,7,7001,5,50001,True,0,False,100,0.0,0.010323415044695139,0.00413003193836017,0.003923105130393835,0.005475897914538856,0.0,1.0,0.029899502375903227,6,4,0.17320508075688773,2500,OLS_debias_iid,iid,False,5
6,7,7001,4,40001,True,0,False,100,0.0,0.01023135520517826,0.003446313826551855,0.003179775738608692,0.005743240467103026,0.0,1.0,0.029878609271212078,6,4,0.17320508075688773,2500,OLS_debias_iid,iid,False,5
6,7,7001,24,240001,True,0,False,100,0.0,0.0037308731116354465,0.004119040504207505,0.00390659614267178,0.005194778345595575,0.0,1.0,0.03049040236455935,6,4,0.17320508075688773,2500,OLS_debias_iid,iid,False,5
6,8,8001,11,110001,True,0,False,100,0.0,0.0023689731024205685,0.0026354238833173143,0.0024302646810843527,0.0036114335612534546,0.0,1.0,0.029830634557342445,6,4,0.17320508075688773,2500,OLS_debias_iid,iid,False,5
6,7,7001,17,170001,True,0,False,100,0.0,0.0055700503289699554,0.003825811897315906,0.003559888018956245,0.0052053287195863215,0.0,1.0,0.029420759474013312,6,4,0.17320508075688773,2500,OLS_debias_iid,iid,False,5
6,6,6001,25,250001,True,0,False,100,0.0,0.009993607178330421,0.003616978870998254,0.0035244247965258344,0.004585864431246067,0.0,1.0,0.02979241551229287,6,4,0.17320508075688773,2500,OLS_debias_iid,iid,False,5
6,8,8001,7,70001,True,0,False,100,0.0,0.007382555864751339,0.005083325420467552,0.0046192983605336775,0.008113272061996092,0.0,1.0,0.030569009627318143,6,4,0.17320508075688773,2500,OLS_debias_iid,iid,False,5
6,8,8001,1,10001,True,0,False,100,0.0,0.0067170108668506145,0.003570074584943189,0.003337618732499536,0.005949512912193745,0.0,1.0,0.030149085093658753,6,4,0.17320508075688773,2500,OLS_debias_iid,iid,False,5
6,7,7001,8,80001,True,0,False,100,0.0,0.010667352005839348,0.004491796513792018,0.004230794771331133,0.006200851340924993,0.0,1.0,0.030115656121251413,6,4,0.17320508075688773,2500,OLS_debias_iid,iid,False,5
6,8,8001,6,60001,True,0,False,100,0.0,0.003578613977879286,0.004145317372122528,0.003685917944019229,0.006152204203172217,0.0,1.0,0.029746614445164757,6,4,0.17320508075688773,2500,OLS_debias_iid,iid,False,5
6,7,7001,16,160001,True,0,False,100,0.0,0.005282551050186157,0.0036125370898685417,0.0033793226222859824,0.005193340691986292,0.0,1.0,0.029570340973493182,6,4,0.17320508075688773,2500,OLS_debias_iid,iid,False,5
6,7,7001,12,120001,True,0,False,100,0.0,0.011942073237150908,0.0035896552477256588,0.003331539039089709,0.005914711943438582,0.0,1.0,0.02979174514265351,6,4,0.17320508075688773,2500,OLS_debias_iid,iid,False,5
6,8,8001,5,50001,True,0,False,100,0.0,0.009450810961425304,0.005762129041986008,0.005595600746691027,0.0070356265119179764,0.0,1.0,0.03004375074862662,6,4,0.17320508075688773,2500,OLS_debias_iid,iid,False,5
6,7,7001,13,130001,True,0,False,100,0.0,0.01194707304239273,0.004082030638692016,0.003696349582187073,0.007229503810281326,0.0,1.0,0.02993102387221707,6,4,0.17320508075688773,2500,OLS_debias_iid,iid,False,5
5,6,6001,11,110001,True,177,False,100,0.0,0.7222667848691344,0.00650306121034824,0.0052732986249203586,0.012832503672490446,0.11900002431665722,0.9929025735630567,0.022781782110378818,6,4,0.17320508075688773,2500,OLS_debias_iid,iid,False,5
6,6,6001,29,290001,True,0,False,100,0.0,0.0049675037153065205,0.003226872215659615,0.0029419304341405245,0.005060857296119011,0.0,1.0,0.02976393942190108,6,4,0.17320508075688773,2500,OLS_debias_iid,iid,False,5
6,7,7001,21,210001,True,0,False,100,0.0,0.006697121076285839,0.003464056761903409,0.003364655984357845,0.004664198484250615,0.0,1.0,0.030409033674049925,6,4,0.17320508075688773,2500,OLS_debias_iid,iid,False,5
6,7,7001,25,250001,True,0,False,100,0.0,0.007856782991439104,0.004783395525085143,0.004562581155234228,0.006591212393605666,0.0,1.0,0.03040946328837445,6,4,0.17320508075688773,2500,OLS_debias_iid,iid,False,5
6,8,8001,2,20001,True,0,False,100,0.0,0.011721214279532433,0.0044185131121525795,0.004277449458444125,0.005844611999857177,0.0,1.0,0.03021748670133771,6,4,0.17320508075688773,2500,OLS_debias_iid,iid,False,5
6,7,7001,29,290001,True,0,False,100,0.0,0.0036142230965197086,0.0032809780908797308,0.0030953562168476475,0.004246618096758306,0.0,1.0,0.030293032022379304,6,4,0.17320508075688773,2500,OLS_debias_iid,iid,False,5
6,6,6001,22,220001,True,0,False,100,0.0,0.0046431561931967735,0.004114402637192243,0.0038136969316044135,0.005911196773510204,0.0,1.0,0.02986240246916441,6,4,0.17320508075688773,2500,OLS_debias_iid,iid,False,5
6,8,8001,9,90001,True,0,False,100,0.0,0.009707419201731682,0.00405477168309703,0.003607915563029363,0.007016355727198058,0.0,1.0,0.030012521339565706,6,4,0.17320508075688773,2500,OLS_debias_iid,iid,False,5
6,8,8001,20,200001,True,0,False,100,0.0,0.006316483952105045,0.0038538659873203532,0.0036897583754479223,0.005644124676405491,0.0,1.0,0.029335238910621012,6,4,0.17320508075688773,2500,OLS_debias_iid,iid,False,5
5,8,8001,3,30001,True,116,False,100,0.0,0.4970013410784304,0.012495426736220153,0.010747432103891738,0.020415063495267217,0.12630572365183487,0.9919860275148419,0.02344686054957456,6,4,0.17320508075688773,2500,OLS_debias_iid,iid,False,5
6,8,8001,10,100001,True,0,False,100,0.0,0.009884707629680634,0.0033957222298644928,0.003152406384145268,0.004556650467025944,0.0,1.0,0.029911992018101363,6,4,0.17320508075688773,2500,OLS_debias_iid,iid,False,5
4,6,6001,11,110001,True,374,False,100,0.5823828496664981,3.512147583067417,0.022474130392718075,0.01745714503007083,0.046172161610611585,0.1573263132302704,0.9878117288559868,0.015485062156850918,6,4,0.17320508075688773,2500,OLS_debias_iid,iid,False,5
6,8,8001,16,160001,True,0,False,100,0.0,0.012231309898197651,0.004339625257568762,0.0039031123608092733,0.005615601343755018,0.0,1.0,0.029501924200676332,6,4,0.17320508075688773,2500,OLS_debias_iid,iid,False,5
6,7,7001,19,190001,True,0,False,100,0.0,0.004438338335603476,0.0037814155187547945,0.003514479676119288,0.005830350594359037,0.0,1.0,0.02997999955564065,6,4,0.17320508075688773,2500,OLS_debias_iid,iid,False,5
6,8,8001,12,120001,True,0,False,100,0.0,0.01219064136967063,0.003687292119758983,0.0035810763991012125,0.005187926457242091,0.0,1.0,0.02948759677148907,6,4,0.17320508075688773,2500,OLS_debias_iid,iid,False,5
6,7,7001,2,20001,True,0,False,100,0.0,0.009325412102043629,0.004955952472185381,0.004475320703693251,0.008756452027919985,0.0,1.0,0.030317640085960478,6,4,0.17320508075688773,2500,OLS_debias_iid,iid,False,5
6,7,7001,23,230001,True,0,False,100,0.0,0.004142129793763161,0.0041598582602265805,0.0040304740725296525,0.005485778043437757,0.0,1.0,0.029933525408340392,6,4,0.17320508075688773,2500,OLS_debias_iid,iid,False,5
6,7,7001,20,200001,True,0,False,100,0.0,0.00955413980409503,0.0028661708541035604,0.002757581088382885,0.004227528137300226,0.0,1.0,0.029654109183823642,6,4,0.17320508075688773,2500,OLS_debias_iid,iid,False,5
6,8,8001,25,250001,True,0,False,100,0.0,0.007413306273519993,0.004019995678945764,0.00352689004544237,0.006526666170015795,0.0,1.0,0.0296515849276927,6,4,0.17320508075688773,2500,OLS_debias_iid,iid,False,5
6,6,6001,18,180001,True,0,False,100,0.0,0.0076410239562392235,0.004635374613469385,0.003972510110571992,0.008972334159995524,0.0,1.0,0.03009985550235798,6,4,0.17320508075688773,2500,OLS_debias_iid,iid,False,5
6,8,8001,18,180001,True,0,False,100,0.0,0.0046872664242982864,0.003948901058440846,0.0035489806918796965,0.005796049580747881,0.0,1.0,0.029874384876386453,6,4,0.17320508075688773,2500,OLS_debias_iid,iid,False,5
6,7,7001,3,30001,True,0,False,100,0.0,0.017358972690999508,0.003197494097925561,0.0027741047938625394,0.006018031456777563,0.0,1.0,0.02988056864713925,6,4,0.17320508075688773,2500,OLS_debias_iid,iid,False,5
6,8,8001,17,170001,True,0,False,100,0.0,0.008975813630968332,0.0035961472005549334,0.0033044788583844915,0.005813392044667554,0.0,1.0,0.029667118836740274,6,4,0.17320508075688773,2500,OLS_debias_iid,iid,False,5
6,8,8001,8,80001,True,0,False,100,0.0,0.009627799037843943,0.004036731439379576,0.003951580844486075,0.0050984227144148225,0.0,1.0,0.029521862576729774,6,4,0.17320508075688773,2500,OLS_debias_iid,iid,False,5
6,8,8001,23,230001,True,0,False,100,0.0,0.0070825377479195595,0.004946650049566575,0.004810554769823275,0.005901726880702864,0.0,1.0,0.029625396552402556,6,4,0.17320508075688773,2500,OLS_debias_iid,iid,False,5
6,1,1001,25,250001,True,0,False,100,0.0,0.005255412310361862,0.004782033920636174,0.0044565734047237356,0.007911107104482213,0.0,1.0,0.029847804031797296,6,4,0.17320508075688773,2500,OLS_debias_iid,iid,False,5
6,8,8001,4,40001,True,0,False,100,0.0,0.014203785918653011,0.003515265511628827,0.003269317830485103,0.005767974007815844,0.0,1.0,0.030543278972239945,6,4,0.17320508075688773,2500,OLS_debias_iid,iid,False,5
6,8,8001,26,260001,True,0,False,100,0.0,0.010675232857465744,0.003765732580943777,0.003440082328704163,0.0057759701664649495,0.0,1.0,0.030224569812528267,6,4,0.17320508075688773,2500,OLS_debias_iid,iid,False,5
5,5,5001,22,220001,True,146,False,100,0.0,0.8301663082093,0.016875152668704135,0.015318108687664159,0.025344150684266136,0.13004872939442513,0.9915121673376462,0.0219754016203096,6,4,0.17320508075688773,2500,OLS_debias_iid,iid,False,5
6,9,9001,15,150001,True,0,False,100,0.0,0.004252489190548658,0.0038742069372592796,0.003730502799853289,0.005295512113235404,0.0,1.0,0.030144078986826254,6,4,0.17320508075688773,2500,OLS_debias_iid,iid,False,5
6,9,9001,11,110001,True,0,False,100,0.0,0.0036502829752862453,0.004166978638747884,0.0038962937303184592,0.006279216573927288,0.0,1.0,0.02952759593576149,6,4,0.17320508075688773,2500,OLS_debias_iid,iid,False,5
6,8,8001,21,210001,True,0,False,100,0.0,0.006264394614845514,0.00312961750683851,0.0030544365344785875,0.0040721256263480405,0.0,1.0,0.02998045676923993,6,4,0.17320508075688773,2500,OLS_debias_iid,iid,False,5
6,8,8001,15,150001,True,0,False,100,0.0,0.01100250007584691,0.004736064743611493,0.004378110867078898,0.006741431823189784,0.0,1.0,0.030760979302949847,6,4,0.17320508075688773,2500,OLS_debias_iid,iid,False,5
6,8,8001,14,140001,True,0,False,100,0.0,0.010834691114723682,0.004336487978222055,0.004095700320627825,0.006639152510466417,0.0,1.0,0.030251910774037924,6,4,0.17320508075688773,2500,OLS_debias_iid,iid,False,5
6,9,9001,1,10001,True,0,False,100,0.0,0.012383149936795235,0.00439161286934412,0.003979105295134314,0.007645199089616531,0.0,1.0,0.029695350435846295,6,4,0.17320508075688773,2500,OLS_debias_iid,iid,False,5
6,8,8001,24,240001,True,0,False,100,0.0,0.010114196687936783,0.0050648203544312945,0.004597201933331065,0.007547241166750145,0.0,1.0,0.029753614543149603,6,4,0.17320508075688773,2500,OLS_debias_iid,iid,False,5
5,8,8001,24,240001,True,116,False,100,0.0,0.3866974259726703,0.01592914338884072,0.014133142909577791,0.024339805556872172,0.1272403573733035,0.9918754960532681,0.022249812464652446,6,4,0.17320508075688773,2500,OLS_debias_iid,iid,False,5
6,9,9001,2,20001,True,0,False,100,0.0,0.009950896725058556,0.0045009572930832555,0.004120923605294318,0.007141408494091236,0.0,1.0,0.030463928484130952,6,4,0.17320508075688773,2500,OLS_debias_iid,iid,False,5
6,8,8001,19,190001,True,0,False,100,0.0,0.010132995899766684,0.00409218323306746,0.003815837950712322,0.005582614554358121,0.0,1.0,0.030233177299890945,6,4,0.17320508075688773,2500,OLS_debias_iid,iid,False,5
6,9,9001,4,40001,True,0,False,100,0.0,0.00967060960829258,0.004308466173320455,0.0040272613221290525,0.007335098590333451,0.0,1.0,0.02922109809990294,6,4,0.17320508075688773,2500,OLS_debias_iid,iid,False,5
6,9,9001,6,60001,True,0,False,100,0.0,0.0035360539332032204,0.0031946109217948137,0.003120759707491517,0.004131855421952759,0.0,1.0,0.030167370399692015,6,4,0.17320508075688773,2500,OLS_debias_iid,iid,False,5
5,7,7001,22,220001,True,137,False,100,0.0,0.5593799650669098,0.01633104560869375,0.014326660453961566,0.024373707567748468,0.1311063745563749,0.9913703785577384,0.022147833243290966,6,4,0.17320508075688773,2500,OLS_debias_iid,iid,False,5
6,7,7001,18,180001,True,0,False,100,0.0,0.0036003426648676395,0.0046046876229295635,0.003863025343424262,0.008961394283408232,0.0,1.0,0.030288476831472032,6,4,0.17320508075688773,2500,OLS_debias_iid,iid,False,5
6,8,8001,22,220001,True,0,False,100,0.0,0.014837822411209345,0.0037361173163069955,0.003227556070875956,0.006388622737311114,0.0,1.0,0.029424365780127006,6,4,0.17320508075688773,2500,OLS_debias_iid,iid,False,5
6,9,9001,25,250001,True,0,False,100,0.0,0.01282374607399106,0.0040928834297925785,0.003426375223537536,0.007230411813033578,0.0,1.0,0.02940204417904754,6,4,0.17320508075688773,2500,OLS_debias_iid,iid,False,5
6,9,9001,28,280001,True,0,False,100,0.0,0.0026624402962625027,0.00450892513644316,0.004265392517238225,0.0063628588966816646,0.0,1.0,0.029678210331948167,6,4,0.17320508075688773,2500,OLS_debias_iid,iid,False,5
6,8,8001,3,30001,True,0,False,100,0.0,0.011190118733793497,0.004815146245663374,0.00461665296398989,0.00655400805713062,0.0,1.0,0.029405986007294462,6,4,0.17320508075688773,2500,OLS_debias_iid,iid,False,5
6,9,9001,5,50001,True,0,False,100,0.0,0.007678314112126827,0.004624656829355507,0.004174292782985775,0.006793588437843574,0.0,1.0,0.029677270572783517,6,4,0.17320508075688773,2500,OLS_debias_iid,iid,False,5
6,7,7001,27,270001,True,0,False,100,0.0,0.003654052969068289,0.003330172897402629,0.0030705734185663015,0.005368880256062873,0.0,1.0,0.030326486545271467,6,4,0.17320508075688773,2500,OLS_debias_iid,iid,False,5
6,8,8001,29,290001,True,0,False,100,0.0,0.011222438421100378,0.002436775639971077,0.0023841985921263967,0.0033178883724395945,0.0,1.0,0.029686983349674755,6,4,0.17320508075688773,2500,OLS_debias_iid,iid,False,5
6,8,8001,13,130001,True,0,False,100,0.0,0.019372297916561365,0.003231162025963518,0.0027064423979745746,0.0061982538815422115,0.0,1.0,0.029545890746805713,6,4,0.17320508075688773,2500,OLS_debias_iid,iid,False,5
6,9,9001,8,80001,True,0,False,100,0.0,0.0125715178437531,0.004407272540844679,0.003831450517009562,0.008079577668698901,0.0,1.0,0.030582798376471338,6,4,0.17320508075688773,2500,OLS_debias_iid,iid,False,5
6,8,8001,28,280001,True,0,False,100,0.0,0.006491723004728556,0.0043382303636831385,0.004260779450255692,0.005443183019798835,0.0,1.0,0.030125642683330556,6,4,0.17320508075688773,2500,OLS_debias_iid,iid,False,5
6,9,9001,23,230001,True,0,False,100,0.0,0.0057533979415893555,0.003650830844871667,0.0035275046569477058,0.004889314373665948,0.0,1.0,0.030111585438037172,6,4,0.17320508075688773,2500,OLS_debias_iid,iid,False,5
6,9,9001,24,240001,True,0,False,100,0.0,0.00583025673404336,0.005466399818751016,0.00501298462179866,0.009468957961699895,0.0,1.0,0.030684028642093405,6,4,0.17320508075688773,2500,OLS_debias_iid,iid,False,5
6,9,9001,21,210001,True,0,False,100,0.0,0.006374093238264322,0.003298209549302112,0.0030798364374767426,0.004332211383689799,0.0,1.0,0.030573844514469702,6,4,0.17320508075688773,2500,OLS_debias_iid,iid,False,5
6,9,9001,16,160001,True,0,False,100,0.0,0.007454645819962025,0.004352844625288261,0.004296041233270197,0.005566600407983313,0.0,1.0,0.030481382386526024,6,4,0.17320508075688773,2500,OLS_debias_iid,iid,False,5
6,9,9001,20,200001,True,0,False,100,0.0,0.0067335511557757854,0.004947544247241781,0.0044312557759192866,0.007494308738387075,0.0,1.0,0.030373752402454806,6,4,0.17320508075688773,2500,OLS_debias_iid,iid,False,5
6,9,9001,19,190001,True,0,False,100,0.0,0.006960059050470591,0.0035916580383244688,0.0031814255200279377,0.005439237965904403,0.0,1.0,0.029000243179831756,6,4,0.17320508075688773,2500,OLS_debias_iid,iid,False,5
5,9,9001,9,90001,True,116,False,100,0.0,0.36071957601234317,0.016504032661224268,0.013588086339385122,0.028615450870321,0.12677224009359953,0.9919287371279937,0.023137537691721846,6,4,0.17320508075688773,2500,OLS_debias_iid,iid,False,5
6,9,9001,3,30001,True,0,False,100,0.0,0.011562444735318422,0.0033362260350194416,0.0031730125652496845,0.004332571944661176,0.0,1.0,0.03002449727911244,6,4,0.17320508075688773,2500,OLS_debias_iid,iid,False,5
6,9,9001,9,90001,True,0,False,100,0.0,0.011893243063241243,0.004822591696724189,0.0045441823754660896,0.006291885119317612,0.0,1.0,0.03007451037771005,6,4,0.17320508075688773,2500,OLS_debias_iid,iid,False,5
6,9,9001,26,260001,True,0,False,100,0.0,0.005048392806202173,0.0037917814655850967,0.0034967428416585195,0.005028170701208167,0.0,1.0,0.02949716689208374,6,4,0.17320508075688773,2500,OLS_debias_iid,iid,False,5
5,9,9001,16,160001,True,116,False,100,0.0,0.31204195180907845,0.014783822121579021,0.012691112831058225,0.024148253840960733,0.1224562666224556,0.9924755989561338,0.023335915415869036,6,4,0.17320508075688773,2500,OLS_debias_iid,iid,False,5
6,9,9001,18,180001,True,0,False,100,0.0,0.008507308084517717,0.004066200197148914,0.0037751810551082485,0.00677165582513951,0.0,1.0,0.029825225091384844,6,4,0.17320508075688773,2500,OLS_debias_iid,iid,False,5
6,9,9001,17,170001,True,0,False,100,0.0,0.005852417089045048,0.0034666382507009697,0.003228444707151393,0.0047819905585734165,0.0,1.0,0.02960911978586367,6,4,0.17320508075688773,2500,OLS_debias_iid,iid,False,5
6,9,9001,29,290001,True,0,False,100,0.0,0.007318887393921614,0.0038016801845381165,0.0035080605029277055,0.005486523291922544,0.0,1.0,0.03026871435782469,6,4,0.17320508075688773,2500,OLS_debias_iid,iid,False,5
6,8,8001,27,270001,True,0,False,100,0.0,0.018458025064319372,0.0038341336612515097,0.0035793081136259665,0.0063664431866067945,0.0,1.0,0.029683744174413978,6,4,0.17320508075688773,2500,OLS_debias_iid,iid,False,5
6,9,9001,27,270001,True,0,False,100,0.0,0.00865755695849657,0.004343465345112239,0.003919747783127685,0.007217692421083628,0.0,1.0,0.029801629899936285,6,4,0.17320508075688773,2500,OLS_debias_iid,iid,False,5
6,9,9001,10,100001,True,0,False,100,0.0,0.01284017600119114,0.005138593792615732,0.005063902538927175,0.00679382777305122,0.0,1.0,0.03011534780256103,6,4,0.17320508075688773,2500,OLS_debias_iid,iid,False,5
6,9,9001,7,70001,True,0,False,100,0.0,0.017782520037144423,0.0047779655937228195,0.004482995229460261,0.007327566426017109,0.0,1.0,0.029324464529091,6,4,0.17320508075688773,2500,OLS_debias_iid,iid,False,5
6,9,9001,22,220001,True,0,False,100,0.0,0.011446377262473106,0.0032971196849804533,0.003051753731812347,0.004990982382242905,0.0,1.0,0.0307960121369359,6,4,0.17320508075688773,2500,OLS_debias_iid,iid,False,5
6,9,9001,0,1,True,0,False,100,0.0,0.015206568874418736,0.004663172990560331,0.0042800771810537945,0.007175871539828698,0.0,1.0,0.030844673120209647,6,4,0.17320508075688773,2500,OLS_debias_iid,iid,False,5
6,9,9001,14,140001,True,0,False,100,0.0,0.009918997064232826,0.0040512410451269045,0.003976673805549755,0.005522603006160847,0.0,1.0,0.029998031666802774,6,4,0.17320508075688773,2500,OLS_debias_iid,iid,False,5
6,9,9001,12,120001,True,0,False,100,0.0,0.0061029247008264065,0.003926272266419965,0.003593160225724526,0.005789081936637896,0.0,1.0,0.02972117178057831,6,4,0.17320508075688773,2500,OLS_debias_iid,iid,False,5
5,8,8001,25,250001,True,120,False,100,0.0,0.4480212992057204,0.015355311616951084,0.012048006882186685,0.03079116811965543,0.12759540592952634,0.9918244341526947,0.022465803976247672,6,4,0.17320508075688773,2500,OLS_debias_iid,iid,False,5
5,5,5001,21,210001,True,116,False,100,0.0,0.8837283859029412,0.01002585155690687,0.008919552400554554,0.01680292913698336,0.12368597498636451,0.9923139314404653,0.022366909383759792,6,4,0.17320508075688773,2500,OLS_debias_iid,iid,False,5
4,9,9001,1,10001,True,418,False,100,0.4615715527439141,2.6290722913108766,0.03952266616915872,0.03128211078488627,0.07760714611013857,0.15500983794409895,0.9883877108903112,0.015634811564148227,6,4,0.17320508075688773,2500,OLS_debias_iid,iid,False,5
6,9,9001,13,130001,True,0,False,100,0.0,0.012155430857092142,0.0024284614453362885,0.002235102314224619,0.0034376214583914638,0.0,1.0,0.029969584293727047,6,4,0.17320508075688773,2500,OLS_debias_iid,iid,False,5
4,7,7001,17,170001,True,510,False,100,0.0907271436105882,3.094352763146162,0.021292221910306934,0.01891567510959043,0.032385693508862334,0.12482699249460606,0.9921792498952661,0.01522033382978332,6,4,0.17320508075688773,2500,OLS_debias_iid,iid,False,5
5,8,8001,27,270001,True,116,False,100,0.0,0.44074605125933886,0.016528678424269,0.01505814209515472,0.021440718052700536,0.13520654659113407,0.9908315444224195,0.02254466892512116,6,4,0.17320508075688773,2500,OLS_debias_iid,iid,False,5
5,9,9001,20,200001,True,132,False,100,0.0,0.31030537374317646,0.010226407076191215,0.008902252647528797,0.015596870250087165,0.13216844099929645,0.9912319436494906,0.022638278593768345,6,4,0.17320508075688773,2500,OLS_debias_iid,iid,False,5
5,4,4001,23,230001,True,167,False,100,0.0,1.0600439589470625,0.027021250753837864,0.020443024315040217,0.05495665042208414,0.1431954674985805,0.9897009382970253,0.02189523635933663,6,4,0.17320508075688773,2500,OLS_debias_iid,iid,False,5
5,8,8001,8,80001,True,124,False,100,0.0,0.5223743147216737,0.012592814232295317,0.010874122604889987,0.020563227810099675,0.12364643622605342,0.9923229112887825,0.022018029751253863,6,4,0.17320508075688773,2500,OLS_debias_iid,iid,False,5
5,7,7001,21,210001,True,149,False,100,0.0,0.5945003991946578,0.011637000164001442,0.010417306785533875,0.019459136319949954,0.12458472771961315,0.9922062891635359,0.022857465716032477,6,4,0.17320508075688773,2500,OLS_debias_iid,iid,False,5
4,8,8001,12,120001,True,343,False,100,0.1810077617924173,2.8114415891468525,0.0417703071441825,0.036227291833205146,0.06801962048685384,0.1447040821949303,0.9896056160879019,0.01538503264404587,6,4,0.17320508075688773,2500,OLS_debias_iid,iid,False,5
5,8,8001,18,180001,True,120,False,100,0.0,0.488833440002054,0.012559752967606388,0.011077834854633942,0.01946134722398425,0.1227444880860247,0.9924379558800713,0.022505660654002,6,4,0.17320508075688773,2500,OLS_debias_iid,iid,False,5
5,9,9001,6,60001,True,136,False,100,0.0,0.40140355890616775,0.0233333595268061,0.019602045941188983,0.03828525392284463,0.13306374583751204,0.9911127568603487,0.02319556003830534,6,4,0.17320508075688773,2500,OLS_debias_iid,iid,False,5
5,9,9001,0,1,True,129,False,100,0.0,0.4485229840502143,0.015879426556570334,0.014015490837418973,0.027557551490930775,0.12105064983838267,0.9926496318968243,0.02238359982689582,6,4,0.17320508075688773,2500,OLS_debias_iid,iid,False,5
5,4,4001,10,100001,True,147,False,100,0.0,1.1196710038930178,0.013781047466171075,0.011307194062450137,0.025320690616694258,0.12635257333152203,0.9919765508010708,0.02239621141282733,6,4,0.17320508075688773,2500,OLS_debias_iid,iid,False,5
5,8,8001,14,140001,True,124,False,100,0.0,0.5202734912745655,0.01631032959093534,0.013946043734591754,0.029163996456383255,0.13267932907069055,0.9911653808541189,0.021808132239004508,6,4,0.17320508075688773,2500,OLS_debias_iid,iid,False,5
5,8,8001,1,10001,True,148,False,100,0.0,0.5753324390389025,0.012082085348258841,0.010429734851248049,0.02100890585513798,0.12144473574033134,0.9925917722011793,0.021972705249381084,6,4,0.17320508075688773,2500,OLS_debias_iid,iid,False,5
4,7,7001,8,80001,True,336,False,100,0.19071887809565044,3.245974235702306,0.02413712359738536,0.02158316220115884,0.04060539571482763,0.1288722668877454,0.9916771485131928,0.015356840746435585,6,4,0.17320508075688773,2500,OLS_debias_iid,iid,False,5
5,9,9001,11,110001,True,123,False,100,0.0,0.40447696717455983,0.007706635672437851,0.006311295365573896,0.01524385662574886,0.12185892771598913,0.9925518620092714,0.022595426784848972,6,4,0.17320508075688773,2500,OLS_debias_iid,iid,False,5
5,9,9001,29,290001,True,117,False,100,0.0,0.31698219617828727,0.014760904751305183,0.01076322026338905,0.028255703002540353,0.12494725628762557,0.9921735369182023,0.022644876925047873,6,4,0.17320508075688773,2500,OLS_debias_iid,iid,False,5
5,8,8001,15,150001,True,116,False,100,0.0,0.5172702833078802,0.009815357494326084,0.007740949933742625,0.01986358037632511,0.12647722286133484,0.9919851004410586,0.02246682476847132,6,4,0.17320508075688773,2500,OLS_debias_iid,iid,False,5
5,9,9001,4,40001,True,145,False,100,0.0,0.42582886992022395,0.022671912351149376,0.018935310605095308,0.037253861481363136,0.12896992034908059,0.9916503378365135,0.02270039140308663,6,4,0.17320508075688773,2500,OLS_debias_iid,iid,False,5
5,9,9001,21,210001,True,116,False,100,0.0,0.3512501949444413,0.011374422814471366,0.01054201837287791,0.018987622620439452,0.12298339839446631,0.9924060418465552,0.022675385030085243,6,4,0.17320508075688773,2500,OLS_debias_iid,iid,False,5
4,9,9001,22,220001,True,407,False,100,0.36910701294536175,2.4497565710917115,0.023048666650589727,0.022457608721666748,0.0322289590965575,0.14046620719925967,0.9901395999328466,0.015269221738798066,6,4,0.17320508075688773,2500,OLS_debias_iid,iid,False,5
5,8,8001,22,220001,True,136,False,100,0.0,0.5060798139311373,0.01488872000782594,0.012854139420271103,0.024204162178291466,0.13079088470229336,0.9914128734615199,0.022688172350880866,6,4,0.17320508075688773,2500,OLS_debias_iid,iid,False,5
5,9,9001,18,180001,True,116,False,100,0.0,0.3657879182137549,0.01307153822036994,0.010858132176619281,0.021573109219570796,0.1215981412296984,0.9925875557342155,0.022496862848798628,6,4,0.17320508075688773,2500,OLS_debias_iid,iid,False,5
5,6,6001,23,230001,True,116,False,100,0.0,0.7653249907307327,0.027139812494654254,0.020727998037748233,0.055545619226620255,0.14403856173609852,0.989589317031033,0.023076834495101457,6,4,0.17320508075688773,2500,OLS_debias_iid,iid,False,5
5,4,4001,27,270001,True,132,False,100,0.0,1.0753169166855514,0.017314352071126825,0.01592745577162123,0.02682706362849912,0.13482286804985139,0.9908684949628803,0.02241430227280503,6,4,0.17320508075688773,2500,OLS_debias_iid,iid,False,5
4,8,8001,15,150001,True,515,False,100,0.656920831984897,2.803101411089301,0.056765146276477454,0.04335291355089219,0.10830063944474388,0.20549126140823665,0.9813088321449597,0.01584631186749113,6,4,0.17320508075688773,2500,OLS_debias_iid,iid,False,5
5,7,7001,24,240001,True,116,False,100,0.0,0.6518107601441443,0.013478256365704664,0.011516816633016182,0.022371775131757508,0.12936384264766113,0.991603287938214,0.022442058703950104,6,4,0.17320508075688773,2500,OLS_debias_iid,iid,False,5
5,9,9001,14,140001,True,130,False,100,0.0,0.41887333197519183,0.016194607133536012,0.013997336893292724,0.030244617183254347,0.13446960267353458,0.9909195266064432,0.023503324894756848,6,4,0.17320508075688773,2500,OLS_debias_iid,iid,False,5
5,7,7001,19,190001,True,116,False,100,0.0,0.6771418349817395,0.019149896270565372,0.015650916113564183,0.033367667576422094,0.13138894261910014,0.9913433763701424,0.022394952028544215,6,4,0.17320508075688773,2500,OLS_debias_iid,iid,False,5
5,9,9001,10,100001,True,167,False,100,0.0,0.45344939874485135,0.013209216401304912,0.010211992140183026,0.025156531832359413,0.12723487742290115,0.9918652591401905,0.022527036668003167,6,4,0.17320508075688773,2500,OLS_debias_iid,iid,False,5
5,6,6001,21,210001,True,116,False,100,0.0,0.7975080660544336,0.011598685967217283,0.009830164976111375,0.021977144258383124,0.12467824921971746,0.992190176977193,0.02272096914821779,6,4,0.17320508075688773,2500,OLS_debias_iid,iid,False,5
5,9,9001,12,120001,True,116,False,100,0.0,0.43869096599519253,0.016662036066301792,0.013852689529322856,0.030484211860560034,0.12894481149631334,0.991655094858728,0.02280507749441037,6,4,0.17320508075688773,2500,OLS_debias_iid,iid,False,5
5,9,9001,3,30001,True,135,False,100,0.0,0.48319652071222663,0.013029086545876234,0.010943813802066002,0.021130823992554573,0.12315400711583187,0.9923910994953923,0.02220289382145538,6,4,0.17320508075688773,2500,OLS_debias_iid,iid,False,5
5,8,8001,11,110001,True,120,False,100,0.0,0.5931546580977738,0.008180332631111243,0.006274877834403284,0.01691739498336988,0.12064353424216462,0.9926938286188897,0.022238440627506992,6,4,0.17320508075688773,2500,OLS_debias_iid,iid,False,5
5,9,9001,28,280001,True,116,False,100,0.0,0.3819466312415898,0.01622557455624363,0.013569880405371444,0.03067838163382494,0.12363689603440538,0.9923302873272103,0.0234894833475741,6,4,0.17320508075688773,2500,OLS_debias_iid,iid,False,5
5,8,8001,21,210001,True,146,False,100,0.0,0.5597119829617441,0.011654414946620551,0.010712778967940283,0.0175086481358734,0.12478731855065014,0.9921702727634494,0.022586637514160332,6,4,0.17320508075688773,2500,OLS_debias_iid,iid,False,5
5,8,8001,17,170001,True,116,False,100,0.0,0.576078143902123,0.010298771330878824,0.009319839336417878,0.01733689965813118,0.11832347000447341,0.9929732358230969,0.022566303705800483,6,4,0.17320508075688773,2500,OLS_debias_iid,iid,False,5
5,5,5001,8,80001,True,158,False,100,0.0,1.050057522021234,0.011056928644568271,0.0095390505537375,0.016924172965950533,0.12255315977500147,0.9924651209757713,0.022294810356709393,6,4,0.17320508075688773,2500,OLS_debias_iid,iid,False,5
5,7,7001,11,110001,True,120,False,100,0.0,0.7459893017075956,0.00783466018622016,0.006446794170750239,0.016163960289495818,0.11925901153315191,0.9928832634762627,0.02231174933980534,6,4,0.17320508075688773,2500,OLS_debias_iid,iid,False,5
5,8,8001,23,230001,True,116,False,100,0.0,0.5655549396760762,0.027205357872691217,0.020651409572117415,0.05695998076405744,0.14670443662796664,0.9891832165476154,0.022620440355420234,6,4,0.17320508075688773,2500,OLS_debias_iid,iid,False,5
5,7,7001,25,250001,True,131,False,100,0.0,0.6959910681471229,0.015063171789850284,0.011296978941326153,0.028281454956705882,0.12596293276124457,0.9920437289040254,0.022609819075068135,6,4,0.17320508075688773,2500,OLS_debias_iid,iid,False,5
5,6,6001,24,240001,True,152,False,100,0.0,0.8227658118121326,0.013995943819500239,0.01193807999008249,0.023667294427525333,0.12927407825318293,0.9916067918549738,0.022401207909130635,6,4,0.17320508075688773,2500,OLS_debias_iid,iid,False,5
4,8,8001,29,290001,True,443,False,100,0.08360142058104306,2.7662148200906813,0.03764073559890127,0.031279682868334026,0.06715273331390735,0.13473884444223905,0.9908838767547464,0.015593872780644393,6,4,0.17320508075688773,2500,OLS_debias_iid,iid,False,5
5,9,9001,22,220001,True,133,False,100,0.0,0.4289346970617771,0.01644859918078801,0.014839709133393086,0.024998928047273643,0.13252190025986701,0.9911828516709306,0.022891494417837378,6,4,0.17320508075688773,2500,OLS_debias_iid,iid,False,5
5,7,7001,15,150001,True,146,False,100,0.0,0.7383691975846887,0.0096651208209394,0.00757473616540492,0.02041144164949286,0.1242269006805261,0.9922570050168487,0.022612297628718487,6,4,0.17320508075688773,2500,OLS_debias_iid,iid,False,5
4,8,8001,27,270001,True,491,False,100,0.17934803607106495,2.81126054096967,0.06804499600018271,0.051112213459807876,0.13127623983130696,0.17395739387371736,0.98492951428915,0.015002663071775913,6,4,0.17320508075688773,2500,OLS_debias_iid,iid,False,5
5,9,9001,24,240001,True,116,False,100,0.0,0.4321491941809654,0.013401737318126295,0.011929438121309062,0.021188468749140967,0.1291794475246915,0.9916232932527335,0.022630154380742097,6,4,0.17320508075688773,2500,OLS_debias_iid,iid,False,5
5,9,9001,19,190001,True,116,False,100,0.0,0.4477733504027128,0.021536971191787366,0.016448737648722265,0.035719692283493795,0.1324060841227311,0.991197937459223,0.02308982065216831,6,4,0.17320508075688773,2500,OLS_debias_iid,iid,False,5
5,8,8001,16,160001,True,116,False,100,0.0,0.6184265441261232,0.013669733587950445,0.01171874932820033,0.0231300440313778,0.12506195565630657,0.9921537139185427,0.02310596309085574,6,4,0.17320508075688773,2500,OLS_debias_iid,iid,False,5
5,9,9001,26,260001,True,116,False,100,0.0,0.42691846191883087,0.01192829188918198,0.010552712833545143,0.01849373328394116,0.12448107074719826,0.99222497512354,0.02214898777858424,6,4,0.17320508075688773,2500,OLS_debias_iid,iid,False,5
5,9,9001,13,130001,True,116,False,100,0.0,0.4958192389458418,0.011718428048718902,0.009298173363910554,0.024115563763101283,0.13203864507458807,0.9912514485299081,0.021828454918635987,6,4,0.17320508075688773,2500,OLS_debias_iid,iid,False,5
5,9,9001,5,50001,True,142,False,100,0.0,0.5361404349096119,0.010527186755910422,0.008645628058757506,0.01802523081047423,0.12045408242476112,0.9927216739634295,0.02288236651416746,6,4,0.17320508075688773,2500,OLS_debias_iid,iid,False,5
5,9,9001,27,270001,True,116,False,100,0.0,0.43436401803046465,0.016172551252823554,0.014582565263714634,0.02522618950648201,0.13444899069443025,0.9909218179503607,0.022912522038254408,6,4,0.17320508075688773,2500,OLS_debias_iid,iid,False,5
5,8,8001,6,60001,True,126,False,100,0.0,0.6727577880956233,0.02309612713540932,0.019333604264895384,0.03995516104076958,0.13626705269751743,0.9906765419246486,0.02259900840588148,6,4,0.17320508075688773,2500,OLS_debias_iid,iid,False,5
4,6,6001,14,140001,True,481,False,100,0.2351047203257743,3.6581971659325063,0.048932279776965154,0.037649780946571225,0.08681566591439589,0.15617298433629107,0.9879579545275621,0.015381372903894708,6,4,0.17320508075688773,2500,OLS_debias_iid,iid,False,5
5,9,9001,15,150001,True,122,False,100,0.0,0.49296046094968915,0.009658255485638914,0.008100431807185548,0.01914737085833719,0.12621457110463613,0.9920053663827083,0.021524214033349653,6,4,0.17320508075688773,2500,OLS_debias_iid,iid,False,5
5,9,9001,7,70001,True,142,False,100,0.0,0.5456788958981633,0.012216884467926459,0.01052917914473088,0.01969575920819892,0.12417267911911817,0.992256464611595,0.023151076808060573,6,4,0.17320508075688773,2500,OLS_debias_iid,iid,False,5
5,8,8001,28,280001,True,116,False,100,0.0,0.5965009140782058,0.015569468375162697,0.01136433198039935,0.03328082724746759,0.1213733945864896,0.9926138326142494,0.022386866465449566,6,4,0.17320508075688773,2500,OLS_debias_iid,iid,False,5
5,9,9001,17,170001,True,149,False,100,0.0,0.4851382770575583,0.009606624770327586,0.006710308599386362,0.021857658059665434,0.11807109017421244,0.9930045630769386,0.023040528826989818,6,4,0.17320508075688773,2500,OLS_debias_iid,iid,False,5
5,8,8001,20,200001,True,116,False,100,0.0,0.6449657399207354,0.009265532321190713,0.008270862298597706,0.01412102176124027,0.128072937511745,0.9917644217052177,0.022588009923855734,6,4,0.17320508075688773,2500,OLS_debias_iid,iid,False,5
5,9,9001,8,80001,True,162,False,100,0.0,0.56224718503654,0.011746568041531688,0.009945209343516597,0.017383233170165255,0.12547446730977815,0.9920978806278347,0.0226984725005137,6,4,0.17320508075688773,2500,OLS_debias_iid,iid,False,5
4,7,7001,18,180001,True,497,False,100,0.32963908607068243,3.2741264812648296,0.04155114820279197,0.03538374255966303,0.0722655759128617,0.14786450989801161,0.9892503861496502,0.015643423145585058,6,4,0.17320508075688773,2500,OLS_debias_iid,iid,False,5
5,9,9001,23,230001,True,180,False,100,0.0,0.48211131896823645,0.02560021353271371,0.018091652582344585,0.05347363037357667,0.14481462418223842,0.9894646169083336,0.023096936194278817,6,4,0.17320508075688773,2500,OLS_debias_iid,iid,False,5
4,8,8001,22,220001,True,398,False,100,0.36910701294536175,2.9131630868650973,0.024033423354425123,0.023165601456141254,0.03434879382052489,0.13684522222511078,0.9906696458647168,0.015185915466791346,6,4,0.17320508075688773,2500,OLS_debias_iid,iid,False,5
5,1,1001,12,120001,True,140,False,100,0.0,1.9311946672387421,0.017763658292804924,0.015357948235322378,0.03006630180798754,0.1310829491241268,0.9913781681780359,0.023028382722060668,6,4,0.17320508075688773,2500,OLS_debias_iid,iid,False,5
5,9,9001,25,250001,True,182,False,100,0.0,0.5116101941093802,0.017022179781181906,0.013716963221153925,0.03247479981007332,0.1264641313729522,0.991968173162453,0.022902701422681734,6,4,0.17320508075688773,2500,OLS_debias_iid,iid,False,5
5,6,6001,7,70001,True,197,False,100,0.0,1.0343307168222964,0.010994238569421035,0.009122767156674419,0.020860941331182062,0.12348516610861998,0.9923405107177158,0.02240646220703748,6,4,0.17320508075688773,2500,OLS_debias_iid,iid,False,5
4,5,5001,16,160001,True,482,False,100,0.43112823898435315,4.1630675490014255,0.05443994041684266,0.04178086532667146,0.09555874479647831,0.17556909890745825,0.9854920582014757,0.015501657256383493,6,4,0.17320508075688773,2500,OLS_debias_iid,iid,False,5
5,8,8001,7,70001,True,184,False,100,0.0,0.7763977302238345,0.012640999649926583,0.010945671085135958,0.02324050764671434,0.12399761970388862,0.9922739384146299,0.02278177965994873,6,4,0.17320508075688773,2500,OLS_debias_iid,iid,False,5
4,7,7001,19,190001,True,480,False,100,0.060581507707597654,3.4094530222937465,0.034802465121499745,0.030381213517460075,0.06275254734897688,0.13814625637411826,0.9904035488620413,0.015748937786613886,6,4,0.17320508075688773,2500,OLS_debias_iid,iid,False,5
4,9,9001,29,290001,True,515,False,100,0.08360142058104306,2.6391545883379877,0.05441204529160412,0.04216932488260202,0.0983666870396578,0.15356202703543492,0.9881383955368248,0.015287917209483484,6,4,0.17320508075688773,2500,OLS_debias_iid,iid,False,5
4,9,9001,28,280001,True,393,False,100,0.4175486758375928,2.7086147209629416,0.033062635862053665,0.024306588311086258,0.06039221971507923,0.1480039626833628,0.9893758320438262,0.01521282183977769,6,4,0.17320508075688773,2500,OLS_debias_iid,iid,False,5
4,7,7001,6,60001,True,539,False,100,0.40472568354906985,3.778096330817789,0.0460328516333204,0.04048255739321899,0.08348479039411158,0.15832964309303763,0.9877510615406646,0.015827188649649354,6,4,0.17320508075688773,2500,OLS_debias_iid,iid,False,5
