n_known_src,init,init_seed,init_data,data_seed,converged,convergence_iteration,normalize_A,sn_ratio,Au_coherence,elapsed,A_err,A_err_angle_mean,A_err_angle_max,S_err_MSE,S_err_MCC,X_err,nsrc,nobs,sd_err,nreps,method,err_correlation_type,whiten_data,mu
0,0,1,27,270001,True,86,False,100,0.761282072897567,4.408018433023244,0.6905454704018613,0.7588849307073579,1.0669663236712972,1.2164743559666098,0.45569347974034347,0.0006518619167667354,13,8,0.570087712549569,2500,OLS_iid,iid,False,5
0,1,1001,9,90001,True,81,False,100,0.8702724024523968,4.423483803868294,0.6386071290294091,0.6846836017864205,0.9248079986464618,1.0839346173601596,0.5065766367068134,0.0007809800562236457,13,8,0.570087712549569,2500,OLS_iid,iid,False,5
0,1,1001,18,180001,True,84,False,100,0.8026105958628158,4.680269526317716,0.6199541832789676,0.6617582516231253,1.109691188800611,1.1143802864553796,0.5042874173194549,0.0006468806152496984,13,8,0.570087712549569,2500,OLS_iid,iid,False,5
0,1,1001,22,220001,True,85,False,100,0.7782072645093546,4.708066334016621,0.6189053146325572,0.6548052394517266,1.0198007369888828,1.1289460067945607,0.47754713956593936,0.0005761807480703149,13,8,0.570087712549569,2500,OLS_iid,iid,False,5
0,3,3001,28,280001,True,88,False,100,0.8304813982898617,4.637675469741225,0.665520424288675,0.724404415048802,0.9563190777988326,1.2989085001092013,0.48153973769144076,0.0005925333266999008,13,8,0.570087712549569,2500,OLS_iid,iid,False,5
0,1,1001,11,110001,True,87,False,100,0.7850213029027713,4.8121128086932,0.6414826321639315,0.6933031557151744,0.9681358097921757,1.176832667271685,0.45731516710686076,0.0006226038308808203,13,8,0.570087712549569,2500,OLS_iid,iid,False,5
0,0,1,16,160001,True,86,False,100,0.7794654686395939,4.816034338902682,0.6253774187969053,0.6689681229565548,0.8709102495789098,1.1627342515930439,0.44608258902657894,0.000626327450110225,13,8,0.570087712549569,2500,OLS_iid,iid,False,5
0,2,2001,13,130001,True,85,False,100,0.7622937846217469,4.792099401820451,0.6393720877746115,0.689801313653817,0.9464830098388451,1.0976978650168472,0.4760005829023999,0.000673730832409987,13,8,0.570087712549569,2500,OLS_iid,iid,False,5
0,1,1001,20,200001,True,87,False,100,0.7733262645639506,4.849270937032998,0.640568783007327,0.6938802911109877,1.1284349246862266,1.1351082071971594,0.46588094934580493,0.0005982520577679035,13,8,0.570087712549569,2500,OLS_iid,iid,False,5
0,1,1001,0,1,True,93,False,100,0.8105587581235081,4.861961578950286,0.6610540786991173,0.7187390946291085,0.9254392933989778,1.207352780423082,0.4133859519273907,0.0004191816117532446,13,8,0.570087712549569,2500,OLS_iid,iid,False,5
0,2,2001,22,220001,True,88,False,100,0.7782072645093546,4.809243201743811,0.6590704489913648,0.7168798442609938,1.1995729556948065,1.1270315776459559,0.4611212755566602,0.0005943998253765743,13,8,0.570087712549569,2500,OLS_iid,iid,False,5
0,1,1001,1,10001,True,88,False,100,0.8560040164143231,4.890778280328959,0.6936340611905352,0.7652429725780686,1.0906984003267648,1.3247055272260229,0.3325368144361169,0.0005641430129264168,13,8,0.570087712549569,2500,OLS_iid,iid,False,5
0,0,1,4,40001,True,88,False,100,0.6608952081777808,4.9033467839472,0.660929205026154,0.7166778631036175,1.0300022967806637,1.1502133998368034,0.42969324112844315,0.0005939954246294479,13,8,0.570087712549569,2500,OLS_iid,iid,False,5
0,2,2001,24,240001,True,85,False,100,0.8573263233675178,4.8611973649822176,0.6006446680029036,0.6268480398909718,1.0042624995123586,1.0949118913180567,0.4800596455042543,0.0005854922995887507,13,8,0.570087712549569,2500,OLS_iid,iid,False,5
0,2,2001,8,80001,True,86,False,100,0.7997861171102976,4.896062680054456,0.6759367976453674,0.7416513816186808,1.1336263179066668,1.1826670207213017,0.5138692196990798,0.0007134185102018872,13,8,0.570087712549569,2500,OLS_iid,iid,False,5
0,2,2001,21,210001,True,88,False,100,0.8574950378706654,4.873698040377349,0.6406343681457004,0.6905468820392829,1.0283808029625428,11.011510747114283,0.45775305063188687,0.0005364941389040828,13,8,0.570087712549569,2500,OLS_iid,iid,False,5
0,1,1001,29,290001,True,87,False,100,0.773436087093585,4.926943744067103,0.6285684562271298,0.6754700794967352,0.9097941341235445,1.0644537778089267,0.5282781582297432,0.0005264438746788315,13,8,0.570087712549569,2500,OLS_iid,iid,False,5
0,1,1001,25,250001,True,90,False,100,0.872121929754804,4.985732374712825,0.6378742385246983,0.6821633338225611,0.9306932023276956,1.1127602075956053,0.4515839542671686,0.0005308606976651514,13,8,0.570087712549569,2500,OLS_iid,iid,False,5
0,0,1,20,200001,True,88,False,100,0.7733262645639506,5.009326855186373,0.6188019508227954,0.6583965755802436,1.1863549795643047,1.175425900868479,0.48449642745214305,0.0005056219859644606,13,8,0.570087712549569,2500,OLS_iid,iid,False,5
0,1,1001,19,190001,True,90,False,100,0.7625645147987673,5.026363974902779,0.616400634061723,0.6536077440938729,1.0171973796253417,1.0929178090798153,0.49172740097085554,0.0005059088214945308,13,8,0.570087712549569,2500,OLS_iid,iid,False,5
0,2,2001,19,190001,True,90,False,100,0.7625645147987673,5.01157928770408,0.585283475928818,0.6121114532603762,0.956574841988755,1.0783008089991633,0.5312992519978693,0.00046163169591808726,13,8,0.570087712549569,2500,OLS_iid,iid,False,5
0,0,1,28,280001,True,91,False,100,0.8304813982898617,5.069215828087181,0.6647047031553597,0.7257969535592638,1.0800578025174703,1.2015213542326941,0.48022010659349423,0.0005399226537047969,13,8,0.570087712549569,2500,OLS_iid,iid,False,5
0,1,1001,14,140001,True,91,False,100,0.9490326339516414,5.086661135777831,0.5807935665995405,0.6052425112788814,0.900465577614672,1.1421962128583352,0.4728834272770447,0.0004576841051448321,13,8,0.570087712549569,2500,OLS_iid,iid,False,5
0,1,1001,27,270001,True,93,False,100,0.761282072897567,5.091925835236907,0.6170455194296594,0.6637041514635373,0.9611339703923888,1.148614092594884,0.525256005048054,0.00048210041551611697,13,8,0.570087712549569,2500,OLS_iid,iid,False,5
0,0,1,22,220001,True,92,False,100,0.7782072645093546,5.114549601916224,0.6617458530668919,0.7204832152469132,0.9754087774290481,1.2540887053905077,0.418638815120954,0.00047348193123097475,13,8,0.570087712549569,2500,OLS_iid,iid,False,5
0,3,3001,15,150001,True,92,False,100,0.8608639089928484,5.03857375215739,0.6312397932449689,0.6744777593447433,1.056059851080699,1.255461373906274,0.4520761074540792,0.00042184102330328584,13,8,0.570087712549569,2500,OLS_iid,iid,False,5
0,1,1001,17,170001,True,90,False,100,0.7107372773002439,5.1204911773093045,0.6287776054301105,0.6757549182121133,1.0581646936824982,1.1660435229638535,0.501446575772794,0.0005309644078991782,13,8,0.570087712549569,2500,OLS_iid,iid,False,5
0,2,2001,16,160001,True,90,False,100,0.7794654686395939,5.10988875804469,0.5827948866084062,0.596265931724171,0.9883481414576774,1.0314526122580443,0.49370344630039925,0.0005655372176187167,13,8,0.570087712549569,2500,OLS_iid,iid,False,5
0,4,4001,1,10001,True,90,False,100,0.8560040164143231,5.046698200050741,0.6501538257410111,0.6961743368992578,1.0002954549461989,1.213758329695115,0.423170775660914,0.0005097394054364193,13,8,0.570087712549569,2500,OLS_iid,iid,False,5
0,2,2001,20,200001,True,92,False,100,0.7733262645639506,5.116916615050286,0.6638084484161824,0.7211667578708766,1.031805811800607,1.7244388779116393,0.42202982212813533,0.0005144963361604537,13,8,0.570087712549569,2500,OLS_iid,iid,False,5
0,4,4001,3,30001,True,91,False,100,0.930410464698022,5.052248578052968,0.5966800588276135,0.6335764283623244,1.1079886092906,1.1171169550367883,0.48650840028564146,0.00044368792520881604,13,8,0.570087712549569,2500,OLS_iid,iid,False,5
0,0,1,1,10001,True,93,False,100,0.8560040164143231,5.172175092622638,0.6741309756141252,0.7321947369351078,0.9743271159217312,1.2488484107247417,0.416901934213256,0.00046660296581767826,13,8,0.570087712549569,2500,OLS_iid,iid,False,5
0,2,2001,10,100001,True,92,False,100,0.7324009293227647,5.152442163322121,0.6342489071466831,0.6729787562833253,0.9149325344530895,1.1197828196866824,0.4501761375246309,0.0005175461713557945,13,8,0.570087712549569,2500,OLS_iid,iid,False,5
0,2,2001,3,30001,True,92,False,100,0.930410464698022,5.209692386910319,0.6185852267151898,0.6448614796951256,1.1505657542403507,1.1161014725821856,0.4666641985561147,0.0004526962164573063,13,8,0.570087712549569,2500,OLS_iid,iid,False,5
0,3,3001,27,270001,True,95,False,100,0.761282072897567,5.127138026058674,0.6778961072234218,0.743170614859423,1.0166203241747946,1.1727103417993274,0.516453557282587,0.0005304615439537482,13,8,0.570087712549569,2500,OLS_iid,iid,False,5
0,2,2001,23,230001,True,99,False,100,0.6330496938935946,5.18607821688056,0.6390407289777232,0.695728251256981,1.0740255849839837,1.1896550379010948,0.4884687782647625,0.00041891512978523807,13,8,0.570087712549569,2500,OLS_iid,iid,False,5
0,1,1001,21,210001,True,92,False,100,0.8574950378706654,5.222728266846389,0.5626855134074917,0.578336746758854,0.9570812277823599,1.040993579089831,0.5276764855651324,0.00045930313099861315,13,8,0.570087712549569,2500,OLS_iid,iid,False,5
0,4,4001,0,1,True,94,False,100,0.8105587581235081,5.160631351172924,0.6391162806310555,0.6915628532038808,0.915184412521799,1.150100988566296,0.440464582056311,0.0004155186159306089,13,8,0.570087712549569,2500,OLS_iid,iid,False,5
0,0,1,6,60001,True,94,False,100,0.7277564511407666,5.274320343974978,0.6683274485911357,0.7282295849832392,0.9785280087742514,1.129198164825444,0.5021912046929755,0.0004680513670584062,13,8,0.570087712549569,2500,OLS_iid,iid,False,5
0,0,1,14,140001,True,95,False,100,0.9490326339516414,5.2819054261781275,0.6297072939052368,0.6767518115791026,0.9155576950431888,1.122697670574145,0.4611136287553155,0.0004086316330884854,13,8,0.570087712549569,2500,OLS_iid,iid,False,5
0,2,2001,0,1,True,90,False,100,0.8105587581235081,5.274761480744928,0.6218337832100809,0.671687070514811,0.9918810451038359,1.217233547671006,0.4461976945192587,0.0005138887327543957,13,8,0.570087712549569,2500,OLS_iid,iid,False,5
0,2,2001,18,180001,True,95,False,100,0.8026105958628158,5.240690569858998,0.6772688566891717,0.7412887366100773,0.9799642183289514,1.195437757997061,0.45699901136580967,0.0004955742809465122,13,8,0.570087712549569,2500,OLS_iid,iid,False,5
0,3,3001,25,250001,True,94,False,100,0.872121929754804,5.209177321288735,0.6336140403260723,0.6837685426561831,0.9036020984047373,1.8274113339116538,0.48007423918145686,0.00046584957864616647,13,8,0.570087712549569,2500,OLS_iid,iid,False,5
0,0,1,3,30001,True,89,False,100,0.930410464698022,5.307402552105486,0.6371274679620298,0.680170714664977,1.0553240003112125,2.685667317328931,0.3974710758051294,0.00045471724178444716,13,8,0.570087712549569,2500,OLS_iid,iid,False,5
0,3,3001,0,1,True,94,False,100,0.8105587581235081,5.247643688227981,0.6157529290974283,0.6616328584847,1.1617530858421468,1.2283536697321566,0.4948150105724271,0.00042583754952494316,13,8,0.570087712549569,2500,OLS_iid,iid,False,5
0,0,1,5,50001,True,94,False,100,0.7981756372625676,5.316061245277524,0.6901832447882633,0.7577404325212116,1.1363672288262026,3.2615528358653005,0.4545819174119664,0.0004883106213879266,13,8,0.570087712549569,2500,OLS_iid,iid,False,5
0,1,1001,10,100001,True,97,False,100,0.7324009293227647,5.315719297621399,0.667924727480077,0.7283137599266928,0.9573158399946516,1.2751752486146357,0.41200061035598706,0.00043034540557174454,13,8,0.570087712549569,2500,OLS_iid,iid,False,5
0,0,1,9,90001,True,97,False,100,0.8702724024523968,5.333943379111588,0.6154883567984484,0.651886210238379,0.9507343138153865,1.0450259814952745,0.5374155335057543,0.00048577389977968907,13,8,0.570087712549569,2500,OLS_iid,iid,False,5
0,2,2001,9,90001,True,87,False,100,0.8702724024523968,5.3324348400346935,0.6679087385548201,0.7361189885952455,1.0820057622515549,1.411785445778092,0.43840741791599636,0.000660808891873071,13,8,0.570087712549569,2500,OLS_iid,iid,False,5
0,0,1,21,210001,True,97,False,100,0.8574950378706654,5.365960394963622,0.6139177709171935,0.6552009379236081,1.1617642144808913,1.1106393844078244,0.5175774140250812,0.00035689988996884204,13,8,0.570087712549569,2500,OLS_iid,iid,False,5
0,2,2001,6,60001,True,96,False,100,0.7277564511407666,5.356521776877344,0.6208877604686593,0.6644913470935767,1.2772621802070885,1.179130618499275,0.49747417877371747,0.0005106836235773355,13,8,0.570087712549569,2500,OLS_iid,iid,False,5
0,2,2001,17,170001,True,90,False,100,0.7107372773002439,5.34096267586574,0.6913282811902767,0.7619263210927089,1.0892380230975869,1.2099628409264955,0.46908160306811614,0.0006479375443809476,13,8,0.570087712549569,2500,OLS_iid,iid,False,5
0,3,3001,24,240001,True,96,False,100,0.8573263233675178,5.285712585784495,0.6250929518596561,0.6628941540871521,0.9828462736971223,1.1927474586525884,0.4581037553309771,0.0004470079333761307,13,8,0.570087712549569,2500,OLS_iid,iid,False,5
0,1,1001,16,160001,True,96,False,100,0.7794654686395939,5.395360349677503,0.6650404486303774,0.7244925606594083,0.9048536771147976,1.2358938284007157,0.42352198165393207,0.0004398179167495775,13,8,0.570087712549569,2500,OLS_iid,iid,False,5
0,3,3001,5,50001,True,95,False,100,0.7981756372625676,5.3170233382843435,0.6824616028640007,0.7452951528774516,1.2668708732099856,1.330002415803834,0.46842449229577576,0.00048432587727250835,13,8,0.570087712549569,2500,OLS_iid,iid,False,5
0,0,1,2,20001,True,97,False,100,0.8085753953824047,5.40298544196412,0.6613282139308722,0.7152755219688943,0.91643345277013,1.2068438238016004,0.4787503947722703,0.0004113558679901864,13,8,0.570087712549569,2500,OLS_iid,iid,False,5
0,4,4001,5,50001,True,94,False,100,0.7981756372625676,5.278068785089999,0.628164923463556,0.6789488851580165,1.1729757996598151,1.0577710044632684,0.485000247213424,0.0005077894475649353,13,8,0.570087712549569,2500,OLS_iid,iid,False,5
0,1,1001,12,120001,True,98,False,100,0.9220615443211096,5.4077840759418905,0.5799303291266572,0.6099412640559934,1.1250001481494645,1.0684456325326648,0.540917391961348,0.0004476010792979076,13,8,0.570087712549569,2500,OLS_iid,iid,False,5
0,1,1001,13,130001,True,96,False,100,0.7622937846217469,5.408658748026937,0.6414061840562946,0.6886230275074261,0.9098024098559939,1.2015573605206573,0.4411705532180922,0.00047443295752756353,13,8,0.570087712549569,2500,OLS_iid,iid,False,5
0,2,2001,25,250001,True,97,False,100,0.872121929754804,5.351053428836167,0.6288362045799655,0.6712257784930373,1.1341719445587715,1.1640904764169373,0.4479146258192634,0.0004288008726024322,13,8,0.570087712549569,2500,OLS_iid,iid,False,5
0,0,1,15,150001,True,97,False,100,0.8608639089928484,5.41461712308228,0.6541212025674843,0.7104187914187293,0.9573484090795752,1.1973795960031877,0.4516416587854648,0.0004172853965025728,13,8,0.570087712549569,2500,OLS_iid,iid,False,5
0,0,1,25,250001,True,94,False,100,0.872121929754804,5.422507352661341,0.6561072256832693,0.7080877940774161,1.0326928353208027,1.2194343303537574,0.4744248504037056,0.00048701043904167635,13,8,0.570087712549569,2500,OLS_iid,iid,False,5
0,0,1,18,180001,True,98,False,100,0.8026105958628158,5.4297488876618445,0.6350798552677376,0.6795211877954621,1.0592385799309416,1.2630422323916757,0.4671009930827456,0.0003480601567187661,13,8,0.570087712549569,2500,OLS_iid,iid,False,5
0,0,1,19,190001,True,97,False,100,0.7625645147987673,5.437447949312627,0.6712817317074742,0.7329325975838039,0.9706876205181076,1.2585974234206376,0.40122217444664554,0.0003967061548449756,13,8,0.570087712549569,2500,OLS_iid,iid,False,5
0,3,3001,16,160001,True,97,False,100,0.7794654686395939,5.350930139888078,0.6872184677776402,0.7577953940746478,1.096334941658164,1.2945332005975192,0.42023194808653463,0.0004259605692060843,13,8,0.570087712549569,2500,OLS_iid,iid,False,5
0,3,3001,4,40001,True,96,False,100,0.6608952081777808,5.367582161910832,0.5968875374272237,0.6289036559367668,1.0820155293307718,1.4786024670292521,0.48849981422245264,0.0004416578245565138,13,8,0.570087712549569,2500,OLS_iid,iid,False,5
0,0,1,12,120001,True,98,False,100,0.9220615443211096,5.481067766901106,0.6630726848904871,0.7288623321214509,0.9120251504303627,1.3224940010713258,0.4581122538394244,0.0004799873877065483,13,8,0.570087712549569,2500,OLS_iid,iid,False,5
0,3,3001,8,80001,True,97,False,100,0.7997861171102976,5.427393666002899,0.65602963293084,0.7168444346513064,1.2806667419007673,1.2426039212056046,0.500478248227642,0.0004912411151451753,13,8,0.570087712549569,2500,OLS_iid,iid,False,5
0,0,1,26,260001,True,98,False,100,0.8425840216133976,5.500904866028577,0.6669114921327531,0.7278577854500946,1.0277766657532188,1.2715951521868687,0.41658661849703915,0.0003757289539354578,13,8,0.570087712549569,2500,OLS_iid,iid,False,5
0,0,1,23,230001,True,100,False,100,0.6330496938935946,5.502788150217384,0.6497267272550094,0.7059204497764449,1.1523653591950884,1.2809739623481855,0.4516815677169396,0.0003468912753293311,13,8,0.570087712549569,2500,OLS_iid,iid,False,5
0,3,3001,3,30001,True,96,False,100,0.930410464698022,5.439771152101457,0.6029498058555569,0.6410818655089703,1.012354972032972,1.1194793589026033,0.45845220295269706,0.00039968608912149356,13,8,0.570087712549569,2500,OLS_iid,iid,False,5
0,2,2001,15,150001,True,97,False,100,0.8608639089928484,5.472618251107633,0.6287602775333693,0.6739227269071986,1.2373799791000575,1.1782904339200342,0.4709876961483271,0.00037699667196295305,13,8,0.570087712549569,2500,OLS_iid,iid,False,5
0,2,2001,27,270001,True,98,False,100,0.761282072897567,5.451731679961085,0.6712440614850584,0.7329898205146534,0.9868631970245448,1.1977426884389264,0.473729875105613,0.0005388597338037753,13,8,0.570087712549569,2500,OLS_iid,iid,False,5
0,3,3001,19,190001,True,100,False,100,0.7625645147987673,5.42582036787644,0.6139506337711912,0.6460129814015586,0.893200124583359,1.1371227640832542,0.48805996536393725,0.00039113542508415974,13,8,0.570087712549569,2500,OLS_iid,iid,False,5
0,4,4001,2,20001,True,98,False,100,0.8085753953824047,5.40955095179379,0.6059278100585518,0.6496684786209616,1.2576318446082264,2.0173425538008156,0.5035024501748656,0.00040013120025944094,13,8,0.570087712549569,2500,OLS_iid,iid,False,5
0,3,3001,17,170001,True,99,False,100,0.7107372773002439,5.452791181858629,0.5862809947622072,0.6189152613418301,0.9528268922014399,1.0800486102400157,0.548943065769923,0.00046095593991425535,13,8,0.570087712549569,2500,OLS_iid,iid,False,5
0,4,4001,4,40001,True,98,False,100,0.6608952081777808,5.417613680008799,0.5884112887014029,0.6213581454757432,0.8534371731938984,1.0053938406257548,0.5302715685300762,0.00043503930956668323,13,8,0.570087712549569,2500,OLS_iid,iid,False,5
0,1,1001,26,260001,True,101,False,100,0.8425840216133976,5.553895330987871,0.6212881340499118,0.6592778620049636,1.0376998742802215,1.1888587288688919,0.4509988808592601,0.00030361854891063615,13,8,0.570087712549569,2500,OLS_iid,iid,False,5
0,1,1001,5,50001,True,100,False,100,0.7981756372625676,5.563371757976711,0.7202006443348584,0.8037872090582187,1.0516954921086132,1.306382099841797,0.43522537169480713,0.00042663972646125403,13,8,0.570087712549569,2500,OLS_iid,iid,False,5
0,3,3001,1,10001,True,96,False,100,0.8560040164143231,5.494139216840267,0.6225261828921237,0.656079656196607,1.0275295387521963,1.179315148223105,0.4747799793626728,0.0004013899712658991,13,8,0.570087712549569,2500,OLS_iid,iid,False,5
0,2,2001,2,20001,True,90,False,100,0.8085753953824047,5.544714360963553,0.6228227511165132,0.6687849685169086,0.9978115913126401,1.0720010607091408,0.49802608451053576,0.0005295219166625537,13,8,0.570087712549569,2500,OLS_iid,iid,False,5
0,2,2001,28,280001,True,88,False,100,0.8304813982898617,5.515674931928515,0.6373093731235872,0.6864579182093455,1.102922007437017,1.1928958147928859,0.49406099093735717,0.0006614029970478432,13,8,0.570087712549569,2500,OLS_iid,iid,False,5
0,2,2001,4,40001,True,92,False,100,0.6608952081777808,5.567946073133498,0.6125375189877074,0.6551742594490932,0.8112233430012106,1.080862896982993,0.5263226299297104,0.0005235226438357381,13,8,0.570087712549569,2500,OLS_iid,iid,False,5
0,1,1001,8,80001,True,103,False,100,0.7997861171102976,5.609344196971506,0.5909781798554725,0.6253537340043116,0.9763336775799408,1.071291064103639,0.5285062884559582,0.00039428659444891727,13,8,0.570087712549569,2500,OLS_iid,iid,False,5
0,3,3001,2,20001,True,97,False,100,0.8085753953824047,5.55828521726653,0.5227598784271449,0.5403193879208179,0.802196919334872,1.0146747876387125,0.566302076646088,0.000420115982945422,13,8,0.570087712549569,2500,OLS_iid,iid,False,5
0,2,2001,1,10001,True,104,False,100,0.8560040164143231,5.6282278639264405,0.6576730506954361,0.7135174977181842,0.9476380186518508,1.2140431672581895,0.43204564114292776,0.0003656319389605638,13,8,0.570087712549569,2500,OLS_iid,iid,False,5
0,0,1,24,240001,True,99,False,100,0.8573263233675178,5.632977098226547,0.5894472828753838,0.6193500648721646,0.8667925576710368,1.0425454754728007,0.5082702634355929,0.0003950683922191128,13,8,0.570087712549569,2500,OLS_iid,iid,False,5
0,1,1001,28,280001,True,93,False,100,0.8304813982898617,5.639721755869687,0.6357274508719674,0.6736755922952141,1.0781947136050303,1.241274965063399,0.4529378136317119,0.0005094527311749808,13,8,0.570087712549569,2500,OLS_iid,iid,False,5
0,3,3001,18,180001,True,100,False,100,0.8026105958628158,5.567770095076412,0.6055987923913609,0.6440482498915027,1.0447617630735864,1.1579550532628335,0.48766486258601244,0.00043756603527460796,13,8,0.570087712549569,2500,OLS_iid,iid,False,5
0,3,3001,13,130001,True,95,False,100,0.7622937846217469,5.5833263960666955,0.6344260512746074,0.6822499210379047,1.0688422216871118,1.2941443512102373,0.4238129155119289,0.00044276350854865375,13,8,0.570087712549569,2500,OLS_iid,iid,False,5
0,1,1001,15,150001,True,102,False,100,0.8608639089928484,5.66859974572435,0.6742671328030235,0.7359739922427213,1.0786787136330565,1.35387177150834,0.3804529710551361,0.00035667103714022994,13,8,0.570087712549569,2500,OLS_iid,iid,False,5
0,3,3001,26,260001,True,98,False,100,0.8425840216133976,5.588039619848132,0.614635075247849,0.6503640597036271,1.085206841174569,1.0837808927628525,0.47463012562045914,0.0003450549429664826,13,8,0.570087712549569,2500,OLS_iid,iid,False,5
0,2,2001,11,110001,True,103,False,100,0.7850213029027713,5.664257679134607,0.6161470052459479,0.6539924539726351,1.1821197203414415,1.1499433091353242,0.46909379597750556,0.0003865268687414372,13,8,0.570087712549569,2500,OLS_iid,iid,False,5
0,2,2001,12,120001,True,91,False,100,0.9220615443211096,5.674331941641867,0.6147982752191993,0.6530708952513925,0.9993057970631543,1.0709037641119077,0.5104277793338975,0.0005443298789155202,13,8,0.570087712549569,2500,OLS_iid,iid,False,5
0,3,3001,23,230001,True,102,False,100,0.6330496938935946,5.622507846914232,0.5953932348825406,0.6270882346987303,0.9584368420787062,1.1310041128172008,0.5015390933444797,0.00034441963793382257,13,8,0.570087712549569,2500,OLS_iid,iid,False,5
0,3,3001,9,90001,True,100,False,100,0.8702724024523968,5.682468750048429,0.610041970374114,0.6363923961016809,1.0524131930235106,1.6434860364297825,0.46537667784456727,0.0004038153123446669,13,8,0.570087712549569,2500,OLS_iid,iid,False,5
0,1,1001,7,70001,True,103,False,100,0.7527979598478249,5.763615261297673,0.5776704174007703,0.6030865366216601,1.056049671599486,1.0624481392888525,0.5397057287716471,0.0004056254973816243,13,8,0.570087712549569,2500,OLS_iid,iid,False,5
0,0,1,17,170001,True,91,False,100,0.7107372773002439,5.770205169916153,0.7090127841502504,0.7889834864853322,1.1226631881969897,1.3942579891180613,0.4326474599296803,0.0005794959456988437,13,8,0.570087712549569,2500,OLS_iid,iid,False,5
0,0,1,7,70001,True,104,False,100,0.7527979598478249,5.770505687687546,0.6854252684040208,0.7547582098040887,1.1263174565554481,1.3352775931683851,0.45891350797780134,0.00041700068070957155,13,8,0.570087712549569,2500,OLS_iid,iid,False,5
0,3,3001,22,220001,True,100,False,100,0.7782072645093546,5.678545069880784,0.576199770999986,0.5998766142856798,1.0326031593258742,1.1490520543576836,0.5391901156356621,0.00037541393608890095,13,8,0.570087712549569,2500,OLS_iid,iid,False,5
0,1,1001,6,60001,True,104,False,100,0.7277564511407666,5.777071098331362,0.6343283119470775,0.6880034269572524,0.9709194221407997,1.2610455354288832,0.4950874469346613,0.00033247444184931113,13,8,0.570087712549569,2500,OLS_iid,iid,False,5
0,1,1001,2,20001,True,91,False,100,0.8085753953824047,5.785711113363504,0.6582281893774985,0.7049830275145739,1.0366636471721495,1.1408043867152664,0.512157248587355,0.0004906471908969717,13,8,0.570087712549569,2500,OLS_iid,iid,False,5
0,0,1,8,80001,True,104,False,100,0.7997861171102976,5.796092993114144,0.6631022795686867,0.7193466113554938,1.1217843097553504,1.1589836371587938,0.48107783583879765,0.0003700352789388222,13,8,0.570087712549569,2500,OLS_iid,iid,False,5
0,1,1001,24,240001,True,103,False,100,0.8573263233675178,5.800747787579894,0.6269855998841031,0.6646357591550984,0.9959222439329032,1.1467856546283484,0.49346651953821813,0.0003538975393565916,13,8,0.570087712549569,2500,OLS_iid,iid,False,5
0,0,1,13,130001,True,99,False,100,0.7622937846217469,5.816840064711869,0.6747392318552368,0.7380901381291672,0.9610574387268662,1.2031234865205798,0.44992034234103595,0.00036108501443183385,13,8,0.570087712549569,2500,OLS_iid,iid,False,5
0,3,3001,20,200001,True,101,False,100,0.7733262645639506,5.752876212820411,0.5790007699119726,0.6083191644089327,0.8597097740530347,1.0888852830375013,0.5128343288706951,0.0004047070380752675,13,8,0.570087712549569,2500,OLS_iid,iid,False,5
0,2,2001,5,50001,True,106,False,100,0.7981756372625676,5.872020444367081,0.6261783398158897,0.6644190340219681,1.079113748931024,1.1912665845246513,0.42869447502307145,0.00036659862005617523,13,8,0.570087712549569,2500,OLS_iid,iid,False,5
0,2,2001,7,70001,True,100,False,100,0.7527979598478249,5.90031699789688,0.6541952468000783,0.7098199610364271,1.168069176442517,1.1344881374992446,0.49886330195684536,0.0005044005646935785,13,8,0.570087712549569,2500,OLS_iid,iid,False,5
0,3,3001,7,70001,True,107,False,100,0.7527979598478249,5.899557004217058,0.7397603322080105,0.8334731096742599,1.0639300614792506,1.4433202932884004,0.40670890890348177,0.0004150116625246693,13,8,0.570087712549569,2500,OLS_iid,iid,False,5
0,0,1,0,1,True,110,False,100,0.8105587581235081,5.9777653673663735,0.6281492743056322,0.672615274651734,0.973458529779119,1.176444184257065,0.43763469362349283,0.00029906498288168645,13,8,0.570087712549569,2500,OLS_iid,iid,False,5
0,0,1,29,290001,True,97,False,100,0.773436087093585,5.996804041322321,0.6477471072319978,0.7034647085936019,1.0725217196829762,1.1914773446410392,0.4600452090827901,0.00042899835017432784,13,8,0.570087712549569,2500,OLS_iid,iid,False,5
0,1,1001,4,40001,True,103,False,100,0.6608952081777808,6.007238793186843,0.6381187920741961,0.6868705558125606,1.0715028256403816,1.1398160892360538,0.49849480284472303,0.00035397793767947254,13,8,0.570087712549569,2500,OLS_iid,iid,False,5
0,3,3001,11,110001,True,97,False,100,0.7850213029027713,5.947392228059471,0.6148453675011455,0.6531418097671124,1.0906397087470983,1.175566633905312,0.48172703168890724,0.0004108453076512724,13,8,0.570087712549569,2500,OLS_iid,iid,False,5
0,1,1001,3,30001,True,108,False,100,0.930410464698022,6.040593617595732,0.5741455623028618,0.5870004221571693,1.081125842336158,1.1679463968916293,0.4819849311944772,0.00026930594016159973,13,8,0.570087712549569,2500,OLS_iid,iid,False,5
0,3,3001,14,140001,True,108,False,100,0.9490326339516414,6.0105033670552075,0.5675749766862305,0.5919707977848156,0.9705540663265678,1.2069587908545296,0.46267115359759686,0.00025673466151924384,13,8,0.570087712549569,2500,OLS_iid,iid,False,5
0,3,3001,12,120001,True,108,False,100,0.9220615443211096,6.087199802044779,0.6692938990268222,0.7288933076466724,1.2134516880247317,1.3115724071125203,0.4489896896128714,0.00030430798808786606,13,8,0.570087712549569,2500,OLS_iid,iid,False,5
0,2,2001,26,260001,True,110,False,100,0.8425840216133976,6.126068316400051,0.6197513110558027,0.6630456821846268,1.0553260525688986,1.203986317791558,0.4453772730983431,0.00020251962981315534,13,8,0.570087712549569,2500,OLS_iid,iid,False,5
0,3,3001,21,210001,True,111,False,100,0.8574950378706654,6.11227119108662,0.6656443171019992,0.7246416832315171,0.9455682690224739,1.2146016357117992,0.47466313825498724,0.00024920974289455264,13,8,0.570087712549569,2500,OLS_iid,iid,False,5
0,3,3001,10,100001,True,110,False,100,0.7324009293227647,6.160724562127143,0.6144560873884651,0.6553234671009646,0.9509081577156462,1.1108769681642654,0.5105242831423076,0.000324602253329783,13,8,0.570087712549569,2500,OLS_iid,iid,False,5
0,1,1001,23,230001,True,99,False,100,0.6330496938935946,6.228733402211219,0.6304535374516882,0.6759096938055034,1.1508545554600869,1.385394807419794,0.47390177861497335,0.0004621864961764615,13,8,0.570087712549569,2500,OLS_iid,iid,False,5
0,0,1,11,110001,True,112,False,100,0.7850213029027713,6.246190030127764,0.7037436757061389,0.7774800896638644,1.0017385214538392,1.404885015986494,0.4191148813996558,0.000253079936388641,13,8,0.570087712549569,2500,OLS_iid,iid,False,5
0,0,1,10,100001,True,112,False,100,0.7324009293227647,6.318213159684092,0.6396612180775677,0.6902059566665412,0.9357241700961072,1.1810307436404257,0.4454313748610192,0.00027822574471747367,13,8,0.570087712549569,2500,OLS_iid,iid,False,5
0,3,3001,29,290001,True,111,False,100,0.773436087093585,6.28175568766892,0.6464413465481164,0.6989777153947869,0.9300191123144738,1.3176526171808087,0.45757404791099493,0.00022780335122949457,13,8,0.570087712549569,2500,OLS_iid,iid,False,5
0,2,2001,14,140001,True,114,False,100,0.9490326339516414,6.400310174096376,0.6498046806017059,0.6963520212635858,0.9238532840726306,1.28768587730051,0.38799125121213024,0.0002497556519806804,13,8,0.570087712549569,2500,OLS_iid,iid,False,5
0,3,3001,6,60001,True,97,False,100,0.7277564511407666,6.384044838137925,0.6307428947922218,0.6752145471337703,1.163778942729699,1.1307480705054682,0.4869119617399343,0.00043725030618954,13,8,0.570087712549569,2500,OLS_iid,iid,False,5
0,2,2001,29,290001,True,110,False,100,0.773436087093585,6.454078762792051,0.6344434696717589,0.6765922503752025,1.0241309364777493,1.224582068864814,0.46080650239616955,0.00032048851467142355,13,8,0.570087712549569,2500,OLS_iid,iid,False,5
0,4,4001,6,60001,True,100,False,100,0.7277564511407666,6.616545823868364,0.5963754592256559,0.6256247710144293,1.039122395841867,1.0964749862282386,0.5308298078467413,0.00038685524482295067,13,8,0.570087712549569,2500,OLS_iid,iid,False,5
0,4,4001,7,70001,True,83,False,100,0.7527979598478249,4.233728002291173,0.6448478391215747,0.6880763321072606,0.9564885151654225,1.1089969946691605,0.4832793920005442,0.0007255184872371882,13,8,0.570087712549569,2500,OLS_iid,iid,False,5
0,4,4001,15,150001,True,89,False,100,0.8608639089928484,4.136145627126098,0.6182095768637762,0.6616180140085366,0.9487549407120958,1.0514902086147666,0.504636960260089,0.0005198785299943548,13,8,0.570087712549569,2500,OLS_iid,iid,False,5
0,6,6001,15,150001,True,88,False,100,0.8608639089928484,3.8324975832365453,0.6246496848019052,0.6741549060891592,0.925906022796131,1.1271758785641504,0.46001430819401445,0.0005474615602584043,13,8,0.570087712549569,2500,OLS_iid,iid,False,5
0,4,4001,9,90001,True,86,False,100,0.8702724024523968,4.767065153457224,0.6536283713988789,0.7028861848258573,1.076274581330179,1.2158189961760395,0.4426046325630514,0.0006293736999353397,13,8,0.570087712549569,2500,OLS_iid,iid,False,5
0,4,4001,8,80001,True,91,False,100,0.7997861171102976,5.055763770826161,0.6546914246735231,0.7060318237741853,1.0426811441935124,1.2467011522257545,0.46605159374294974,0.0005877548110148206,13,8,0.570087712549569,2500,OLS_iid,iid,False,5
0,4,4001,19,190001,True,84,False,100,0.7625645147987673,4.716302590910345,0.7062123598700297,0.7844824114504624,0.9757204189866586,5.7761074901567815,0.4065022722136425,0.0006838506160712018,13,8,0.570087712549569,2500,OLS_iid,iid,False,5
0,4,4001,11,110001,True,90,False,100,0.7850213029027713,4.906376521103084,0.6382645567926496,0.6906075149404634,1.1225193660253492,1.1893155907304416,0.49163133014778526,0.0004898982722330406,13,8,0.570087712549569,2500,OLS_iid,iid,False,5
0,4,4001,10,100001,True,85,False,100,0.7324009293227647,4.925169808324426,0.649826292183116,0.7033627639161601,1.0144496415829531,1.1663583657833538,0.3970149246468801,0.0006565449513159802,13,8,0.570087712549569,2500,OLS_iid,iid,False,5
0,5,5001,8,80001,True,82,False,100,0.7997861171102976,4.525884733069688,0.6735835596877568,0.7365198879285597,0.9188732304163656,1.1366486748552516,0.48498733346249207,0.0007899661187580433,13,8,0.570087712549569,2500,OLS_iid,iid,False,5
0,4,4001,24,240001,True,86,False,100,0.8573263233675178,4.712010353337973,0.5843551497061445,0.6139602152702964,1.1530224227635875,1.06466649807323,0.5263058842900806,0.0005642312816134413,13,8,0.570087712549569,2500,OLS_iid,iid,False,5
0,4,4001,18,180001,True,87,False,100,0.8026105958628158,4.838849576190114,0.6434345321316697,0.6965781617181394,0.9127915871878742,1.1074721388112767,0.4534642035125543,0.0006004620915624724,13,8,0.570087712549569,2500,OLS_iid,iid,False,5
0,4,4001,27,270001,True,84,False,100,0.761282072897567,4.695305231027305,0.6694651132086598,0.7323152624388747,0.906998293788501,1.1361858673121092,0.47987028973932083,0.0006902129074108355,13,8,0.570087712549569,2500,OLS_iid,iid,False,5
0,4,4001,25,250001,True,85,False,100,0.872121929754804,4.756454485002905,0.5602533734322486,0.582589173435031,0.9255434283229397,1.0521236383271892,0.5293928736631532,0.0006152459289468015,13,8,0.570087712549569,2500,OLS_iid,iid,False,5
0,6,6001,24,240001,True,87,False,100,0.8573263233675178,4.211643070913851,0.6336999984721734,0.6776594120283038,1.07434987247706,1.1177052116203965,0.4626115704364311,0.0005592765825825716,13,8,0.570087712549569,2500,OLS_iid,iid,False,5
0,4,4001,13,130001,True,90,False,100,0.7622937846217469,4.983854460064322,0.6568545093459336,0.7136325106289007,0.9688725810559605,1.1728315603580513,0.45548859461265123,0.0005122462121782018,13,8,0.570087712549569,2500,OLS_iid,iid,False,5
0,5,5001,7,70001,True,84,False,100,0.7527979598478249,4.67223596572876,0.6943378998254759,0.7658800821343169,1.0351596286463247,1.1963091926895202,0.4812149579737737,0.0007612732148823489,13,8,0.570087712549569,2500,OLS_iid,iid,False,5
0,4,4001,17,170001,True,90,False,100,0.7107372773002439,4.977185689844191,0.6943189297302739,0.7685192089011644,1.15893409291338,1.2717419271287855,0.4522304142156627,0.0005459135932037813,13,8,0.570087712549569,2500,OLS_iid,iid,False,5
0,4,4001,23,230001,True,89,False,100,0.6330496938935946,4.9093633578158915,0.65193245177865,0.7136787819746904,1.2034074417978604,1.2889018959688483,0.4570874376230164,0.0005561297999462031,13,8,0.570087712549569,2500,OLS_iid,iid,False,5
0,5,5001,12,120001,True,84,False,100,0.9220615443211096,4.674405859783292,0.6539597658685226,0.7016322697091043,1.0021818683579253,1.1188686569184085,0.503952830344153,0.000700485779074651,13,8,0.570087712549569,2500,OLS_iid,iid,False,5
0,4,4001,22,220001,True,91,False,100,0.7782072645093546,5.022651943843812,0.6087902675361437,0.6427238411034606,0.979875246664811,1.1351791121373904,0.46643814621385976,0.0005302089515541303,13,8,0.570087712549569,2500,OLS_iid,iid,False,5
0,5,5001,5,50001,True,88,False,100,0.7981756372625676,4.863326969090849,0.626669079627718,0.6714508310883057,0.8699098762273864,1.062593105770897,0.501339699440028,0.0006082770280368699,13,8,0.570087712549569,2500,OLS_iid,iid,False,5
0,6,6001,4,40001,True,95,False,100,0.6608952081777808,4.631430477835238,0.6032134589482291,0.6317316029134528,0.9055572656509506,1.0672920323118817,0.5145033903119255,0.00048563361496721356,13,8,0.570087712549569,2500,OLS_iid,iid,False,5
0,6,6001,10,100001,True,84,False,100,0.7324009293227647,4.616754380054772,0.6447048643331469,0.6971855969070082,1.0714708695498265,1.1763598587719442,0.4608848411994142,0.0006563287581020106,13,8,0.570087712549569,2500,OLS_iid,iid,False,5
0,6,6001,5,50001,True,83,False,100,0.7981756372625676,4.638437874149531,0.6352510110763694,0.6890126015861102,1.1941782217267263,4.316619505836585,0.4586445804340905,0.0007083072945881939,13,8,0.570087712549569,2500,OLS_iid,iid,False,5
0,6,6001,8,80001,True,84,False,100,0.7997861171102976,4.657169171143323,0.6540076340226497,0.7109051212241368,1.1118884432227882,1.2216455473626255,0.4518277914371319,0.0007617728433521035,13,8,0.570087712549569,2500,OLS_iid,iid,False,5
0,4,4001,16,160001,True,95,False,100,0.7794654686395939,5.247063961811364,0.6307404428972254,0.6796844301842084,0.9513211738737022,1.0747738047405322,0.5184034434830267,0.00046722554766059384,13,8,0.570087712549569,2500,OLS_iid,iid,False,5
0,4,4001,20,200001,True,94,False,100,0.7733262645639506,5.198693571146578,0.610875241632902,0.6445746366221552,0.8535202414452574,1.1048703910608337,0.48287596487434786,0.0004649669021073576,13,8,0.570087712549569,2500,OLS_iid,iid,False,5
0,5,5001,25,250001,True,84,False,100,0.872121929754804,4.747594042215496,0.6066409379150257,0.6375420865647137,1.017811117903615,1.052153507350187,0.5053491554570662,0.000698640560806607,13,8,0.570087712549569,2500,OLS_iid,iid,False,5
0,5,5001,29,290001,True,86,False,100,0.773436087093585,4.734898799099028,0.6213348609978695,0.6626221167120641,1.0219698636096233,1.1153704002681089,0.46787085795252675,0.0006302789902956263,13,8,0.570087712549569,2500,OLS_iid,iid,False,5
0,6,6001,12,120001,True,85,False,100,0.9220615443211096,4.696582750882953,0.6527059752461914,0.7017795411781956,1.037486628893757,1.1620689694993622,0.4288541513903047,0.0006434105372069861,13,8,0.570087712549569,2500,OLS_iid,iid,False,5
0,6,6001,17,170001,True,83,False,100,0.7107372773002439,4.637211003806442,0.6765000862155451,0.7404492325458296,0.9674873910128416,1.1874051959948884,0.4779278963298267,0.0007783754154785538,13,8,0.570087712549569,2500,OLS_iid,iid,False,5
0,5,5001,27,270001,True,85,False,100,0.761282072897567,4.7760130148380995,0.6723557877480614,0.7373698346374441,1.1522796732827585,1.2605788370247433,0.4585779903465348,0.0006826698128812793,13,8,0.570087712549569,2500,OLS_iid,iid,False,5
0,6,6001,22,220001,True,83,False,100,0.7782072645093546,4.642855021171272,0.6305821038340748,0.6696495107636077,0.9578502285938917,1.114991223161889,0.4791855393349463,0.0006643614782678358,13,8,0.570087712549569,2500,OLS_iid,iid,False,5
0,5,5001,24,240001,True,90,False,100,0.8573263233675178,4.87097177002579,0.5498331256973955,0.5598732274126836,0.9787710331442138,0.9910264528800184,0.5454718049736808,0.0005078188703192654,13,8,0.570087712549569,2500,OLS_iid,iid,False,5
0,5,5001,1,10001,True,93,False,100,0.8560040164143231,5.132945301942527,0.6358229119008135,0.6830915355505364,0.9022984746010986,1.1084526782950568,0.4927445318444975,0.00045798515542977387,13,8,0.570087712549569,2500,OLS_iid,iid,False,5
0,5,5001,2,20001,True,93,False,100,0.8085753953824047,5.1301304041408,0.6165543353609225,0.6570012884732842,1.0529447642007006,1.2096136258919907,0.5141960332793647,0.00047127801235327275,13,8,0.570087712549569,2500,OLS_iid,iid,False,5
0,6,6001,27,270001,True,81,False,100,0.761282072897567,4.675007815938443,0.5976127160148563,0.6322227751126811,0.9936294238668593,1.0076332490408322,0.5333904938260606,0.0007901990804261322,13,8,0.570087712549569,2500,OLS_iid,iid,False,5
0,6,6001,18,180001,True,82,False,100,0.8026105958628158,4.738536800723523,0.6068457337552802,0.6398828226812127,0.8810812669977148,1.079478164373906,0.4824524473767294,0.0007652473981429653,13,8,0.570087712549569,2500,OLS_iid,iid,False,5
0,4,4001,12,120001,True,98,False,100,0.9220615443211096,5.448772092815489,0.6337262569906865,0.6780065442093064,1.0422932111086691,1.1307715701704877,0.4803279042314281,0.00047516105540526874,13,8,0.570087712549569,2500,OLS_iid,iid,False,5
0,4,4001,14,140001,True,99,False,100,0.9490326339516414,5.468426023144275,0.5946382946433367,0.6305880924414529,0.9069609231985587,1.1299219169383805,0.46630454272970695,0.0003655193911004486,13,8,0.570087712549569,2500,OLS_iid,iid,False,5
0,5,5001,14,140001,True,91,False,100,0.9490326339516414,5.034521423280239,0.6262035149997229,0.6641167751194607,1.0981921736038704,1.2093023190020131,0.39269757387170845,0.000495184479892815,13,8,0.570087712549569,2500,OLS_iid,iid,False,5
0,5,5001,9,90001,True,93,False,100,0.8702724024523968,5.125161810778081,0.6924374423036168,0.7641004221956021,1.1618560168184588,1.3136063088065337,0.4370082639584564,0.0005385308655462798,13,8,0.570087712549569,2500,OLS_iid,iid,False,5
0,5,5001,28,280001,True,86,False,100,0.8304813982898617,4.929829102009535,0.5931070845053326,0.6199219053917454,1.1171235414451859,1.7233499903278333,0.5397252906185336,0.0006530195400872834,13,8,0.570087712549569,2500,OLS_iid,iid,False,5
0,6,6001,29,290001,True,85,False,100,0.773436087093585,4.724609057884663,0.6469506212148414,0.6927196556251278,0.9311460673455818,1.1564812620307015,0.42984759940759343,0.0005961565169562782,13,8,0.570087712549569,2500,OLS_iid,iid,False,5
0,6,6001,2,20001,True,89,False,100,0.8085753953824047,4.91891129501164,0.6826054372411864,0.7411808895336244,1.070643918066259,1.5066183383548395,0.4116638015352221,0.0005798747005704962,13,8,0.570087712549569,2500,OLS_iid,iid,False,5
0,4,4001,26,260001,True,96,False,100,0.8425840216133976,5.287925549782813,0.6227150765918726,0.6650934784383948,1.045085884186301,1.1943723093780816,0.4167102303927488,0.00041083522832413734,13,8,0.570087712549569,2500,OLS_iid,iid,False,5
0,6,6001,6,60001,True,89,False,100,0.7277564511407666,4.921735212672502,0.5683713038837983,0.5900738503870822,1.2518293796958722,1.0027121722249357,0.5676502196255593,0.0006243207203278236,13,8,0.570087712549569,2500,OLS_iid,iid,False,5
0,5,5001,0,1,True,95,False,100,0.8105587581235081,5.239684727974236,0.6298656857254845,0.6721016744138298,0.9763246963085651,1.14607143264828,0.45676478889821326,0.0004234513120288481,13,8,0.570087712549569,2500,OLS_iid,iid,False,5
0,5,5001,23,230001,True,93,False,100,0.6330496938935946,5.111572875175625,0.62043296269998,0.6606277668502033,0.9998265863242124,1.0692703150359915,0.5440466318434284,0.0004927204879153347,13,8,0.570087712549569,2500,OLS_iid,iid,False,5
0,4,4001,28,280001,True,96,False,100,0.8304813982898617,5.381153649184853,0.6234146872755266,0.6607053616834774,0.9547663838821947,1.8188099197851442,0.5243206173594348,0.0004881405527737604,13,8,0.570087712549569,2500,OLS_iid,iid,False,5
0,7,7001,2,20001,True,88,False,100,0.8085753953824047,4.833718405105174,0.6349556137798446,0.6795921257226409,1.1517973064586382,1.1378178533278154,0.5065056803821975,0.0005600254340026324,13,8,0.570087712549569,2500,OLS_iid,iid,False,5
0,5,5001,26,260001,True,92,False,100,0.8425840216133976,5.091957115102559,0.6184261558858004,0.6601705784484709,1.0882668680869667,1.4699547889394344,0.4959926087089859,0.00039454198951116565,13,8,0.570087712549569,2500,OLS_iid,iid,False,5
0,5,5001,22,220001,True,90,False,100,0.7782072645093546,5.1599987260997295,0.6740515135724446,0.7351596606306605,0.9558530804610372,1.3017510383467152,0.4534470615602952,0.0005817572293370977,13,8,0.570087712549569,2500,OLS_iid,iid,False,5
0,5,5001,11,110001,True,94,False,100,0.7850213029027713,5.26375958416611,0.6389694876644706,0.6875808170346303,0.9578157875228941,1.1480408052748137,0.47244196086878787,0.000461666737893715,13,8,0.570087712549569,2500,OLS_iid,iid,False,5
0,7,7001,19,190001,True,86,False,100,0.7625645147987673,4.704280563164502,0.6684938099503983,0.7306971945832484,1.2047165664224946,1.2204694636157933,0.438412414468899,0.0006241847267613039,13,8,0.570087712549569,2500,OLS_iid,iid,False,5
0,6,6001,14,140001,True,90,False,100,0.9490326339516414,5.020979687105864,0.6154453436342989,0.6622332140183502,1.2432476737750806,1.493810105995477,0.41961572015980597,0.00043172725882818986,13,8,0.570087712549569,2500,OLS_iid,iid,False,5
0,7,7001,11,110001,True,86,False,100,0.7850213029027713,4.80876975459978,0.6109470896594137,0.6491309893963588,1.0444513080053697,1.0977899558277089,0.5008515609413551,0.0005577134983887506,13,8,0.570087712549569,2500,OLS_iid,iid,False,5
0,7,7001,14,140001,True,86,False,100,0.9490326339516414,4.779050651006401,0.6220580861912112,0.6679243025032384,1.0884571833572165,1.144186985577395,0.435481436890887,0.0005422693231436076,13,8,0.570087712549569,2500,OLS_iid,iid,False,5
0,5,5001,13,130001,True,94,False,100,0.7622937846217469,5.314537286758423,0.6108352885970906,0.6478179709438554,0.9764177148705072,1.0605423687476094,0.5086657517101094,0.0004795688545297441,13,8,0.570087712549569,2500,OLS_iid,iid,False,5
0,6,6001,3,30001,True,94,False,100,0.930410464698022,5.160481232218444,0.5948736863032558,0.6262482943834539,0.9345427748332648,1.1339442801897563,0.4660600172055664,0.0003965177933021101,13,8,0.570087712549569,2500,OLS_iid,iid,False,5
0,4,4001,29,290001,True,100,False,100,0.773436087093585,5.4704961269162595,0.629398824490326,0.6693681352442614,0.988081491572879,1.1801136784844855,0.44297866427633265,0.00039757808314070883,13,8,0.570087712549569,2500,OLS_iid,iid,False,5
0,7,7001,13,130001,True,87,False,100,0.7622937846217469,4.80876794597134,0.6565947868443024,0.7130552443817118,0.9747181417550141,1.208722634027922,0.441714905854889,0.0006031604286778139,13,8,0.570087712549569,2500,OLS_iid,iid,False,5
0,5,5001,19,190001,True,96,False,100,0.7625645147987673,5.273591018747538,0.6979147493271661,0.7737437578670419,1.1057763212102285,1.244840689352237,0.4295032476740626,0.00044821829386305234,13,8,0.570087712549569,2500,OLS_iid,iid,False,5
0,6,6001,13,130001,True,92,False,100,0.7622937846217469,5.118048556149006,0.6491629171638367,0.7016068310371625,1.0238662619391712,1.1553761097843485,0.4863274555660976,0.000523794633396327,13,8,0.570087712549569,2500,OLS_iid,iid,False,5
0,5,5001,16,160001,True,97,False,100,0.7794654686395939,5.320196913089603,0.5827373503413475,0.6149909209102462,1.005741709730879,1.0470459616858323,0.5495054951015714,0.00044128160687507663,13,8,0.570087712549569,2500,OLS_iid,iid,False,5
0,7,7001,10,100001,True,86,False,100,0.7324009293227647,4.901121150236577,0.6262583692693109,0.6683400298937633,0.9677089685103025,1.1546012287103635,0.4672028693638049,0.0006141579194740785,13,8,0.570087712549569,2500,OLS_iid,iid,False,5
0,5,5001,4,40001,True,100,False,100,0.6608952081777808,5.470251779071987,0.6631144836231249,0.7184577949826276,1.066138071485931,1.2266181774868996,0.4917761321334926,0.000433545777493577,13,8,0.570087712549569,2500,OLS_iid,iid,False,5
0,4,4001,21,210001,True,103,False,100,0.8574950378706654,5.705523913726211,0.613180822345017,0.648182787502544,1.0332324612623542,1.2071860182069818,0.46208165789739186,0.00035797517710378364,13,8,0.570087712549569,2500,OLS_iid,iid,False,5
0,6,6001,7,70001,True,94,False,100,0.7527979598478249,5.225989361759275,0.6246152054207218,0.6694521822737649,0.8750889109469705,1.0515069586122243,0.5353579781082428,0.000524900608388934,13,8,0.570087712549569,2500,OLS_iid,iid,False,5
0,6,6001,11,110001,True,94,False,100,0.7850213029027713,5.22464561322704,0.6246183564944482,0.6678145554447258,0.9031933093364609,1.1330816503418566,0.4765477713933442,0.0004900755772489836,13,8,0.570087712549569,2500,OLS_iid,iid,False,5
0,6,6001,0,1,True,96,False,100,0.8105587581235081,5.283398293890059,0.6149452510461736,0.6510938057466137,0.9265454153231695,1.1039609050708483,0.5216017271654182,0.0003701043830575159,13,8,0.570087712549569,2500,OLS_iid,iid,False,5
0,5,5001,6,60001,True,101,False,100,0.7277564511407666,5.545649683568627,0.6445165954055321,0.6957794171277114,0.9341589675038466,1.168576078824116,0.4503155901786533,0.0004230466195032155,13,8,0.570087712549569,2500,OLS_iid,iid,False,5
0,6,6001,25,250001,True,95,False,100,0.872121929754804,5.162923102732748,0.6365939709566327,0.6847432228363188,1.0066586881096606,1.2334412394802368,0.42344834053407493,0.00047065185972505183,13,8,0.570087712549569,2500,OLS_iid,iid,False,5
0,5,5001,10,100001,True,100,False,100,0.7324009293227647,5.506024496164173,0.6365103863929277,0.6921577452073377,1.0630289743054786,1.2733399237319103,0.46431257194489045,0.0004007017422831213,13,8,0.570087712549569,2500,OLS_iid,iid,False,5
0,6,6001,19,190001,True,94,False,100,0.7625645147987673,5.240000016056001,0.6037512525407912,0.6267078806371618,1.0036333020715325,1.1342505416519775,0.49723540708712916,0.00047031504547237935,13,8,0.570087712549569,2500,OLS_iid,iid,False,5
0,5,5001,20,200001,True,99,False,100,0.7733262645639506,5.4465392688289285,0.6487173190115988,0.696621056586835,1.0076151132948485,1.2363049551441074,0.45563311520628946,0.0004126327732535921,13,8,0.570087712549569,2500,OLS_iid,iid,False,5
0,6,6001,9,90001,True,98,False,100,0.8702724024523968,5.385895343031734,0.5995160052584723,0.6279048975780158,1.0411623697946555,1.1998322451381873,0.5061862186547456,0.00039672781625482137,13,8,0.570087712549569,2500,OLS_iid,iid,False,5
0,7,7001,22,220001,True,89,False,100,0.7782072645093546,4.9699153364636,0.6523331383090332,0.6965925313643885,0.983844763694212,1.149669734312748,0.4781903269735326,0.000570682570301586,13,8,0.570087712549569,2500,OLS_iid,iid,False,5
0,7,7001,3,30001,True,94,False,100,0.930410464698022,5.18257798301056,0.6021697655381585,0.638806137801387,0.9759190611069112,1.0544389469205588,0.49005251092076896,0.00043194259604364954,13,8,0.570087712549569,2500,OLS_iid,iid,False,5
0,6,6001,23,230001,True,97,False,100,0.6330496938935946,5.288975202012807,0.6003960213638235,0.6385288302081864,1.0772120928544489,4.199373734768721,0.4978614769340032,0.0004516295287665143,13,8,0.570087712549569,2500,OLS_iid,iid,False,5
0,5,5001,18,180001,True,100,False,100,0.8026105958628158,5.556792349088937,0.6700487611046977,0.7320796577163092,1.0809900449168028,1.1643349923698243,0.4733153815856213,0.0004722670550229997,13,8,0.570087712549569,2500,OLS_iid,iid,False,5
0,8,8001,0,1,True,87,False,100,0.8105587581235081,4.818532499950379,0.6601004760117325,0.712013798320769,0.9025575790612687,1.1941603315234504,0.4245730851595579,0.0005372000238082134,13,8,0.570087712549569,2500,OLS_iid,iid,False,5
0,6,6001,16,160001,True,98,False,100,0.7794654686395939,5.370001583825797,0.6748485929930765,0.7399384643282325,1.0984666279345443,1.1748213758830892,0.4573381926780154,0.00042993392432554006,13,8,0.570087712549569,2500,OLS_iid,iid,False,5
0,7,7001,23,230001,True,90,False,100,0.6330496938935946,4.980777032673359,0.6937146270558209,0.7665413762959774,1.0460884099212484,1.1835593957493507,0.4600585006109429,0.0005442839429600512,13,8,0.570087712549569,2500,OLS_iid,iid,False,5
0,5,5001,21,210001,True,103,False,100,0.8574950378706654,5.603416983038187,0.692379945809713,0.765117270806672,1.02073552000826,1.2929022644713666,0.43423312983185025,0.00035004076180926,13,8,0.570087712549569,2500,OLS_iid,iid,False,5
0,5,5001,15,150001,True,102,False,100,0.8608639089928484,5.654139055870473,0.6262248114190345,0.6683108800761451,1.0555807431399802,1.1255091564703106,0.4889187489178656,0.0003591821377061145,13,8,0.570087712549569,2500,OLS_iid,iid,False,5
0,7,7001,9,90001,True,96,False,100,0.8702724024523968,5.245938600040972,0.6366805388528304,0.6868664446252842,1.034923369068364,1.0788721849006007,0.5204402687634855,0.0005038929929464614,13,8,0.570087712549569,2500,OLS_iid,iid,False,5
0,7,7001,5,50001,True,97,False,100,0.7981756372625676,5.290705299004912,0.6314414418490661,0.6773053867365187,1.0754384665570837,1.2681061698281175,0.47206740721444557,0.0004441027406265788,13,8,0.570087712549569,2500,OLS_iid,iid,False,5
0,5,5001,17,170001,True,102,False,100,0.7107372773002439,5.684893171302974,0.6929936486892682,0.7601371071218561,1.0038648465796753,1.2609102721770176,0.41347187247230066,0.0004549366566856281,13,8,0.570087712549569,2500,OLS_iid,iid,False,5
0,6,6001,20,200001,True,99,False,100,0.7733262645639506,5.455968528054655,0.657994722857683,0.7153904727154929,1.1137552074335313,1.1833932097351572,0.43343710875073926,0.00042379818295506817,13,8,0.570087712549569,2500,OLS_iid,iid,False,5
0,7,7001,20,200001,True,94,False,100,0.7733262645639506,5.19576641311869,0.6111991392366048,0.6485697466484907,0.8968711103703948,1.0887105958336696,0.48180032470582124,0.00044274886913958585,13,8,0.570087712549569,2500,OLS_iid,iid,False,5
0,7,7001,4,40001,True,88,False,100,0.6608952081777808,5.356483157258481,0.7027194672453312,0.784323509399994,0.9623382808457939,1.304644476885211,0.39618576686476625,0.0006322574678249974,13,8,0.570087712549569,2500,OLS_iid,iid,False,5
0,7,7001,12,120001,True,93,False,100,0.9220615443211096,5.311959575861692,0.6861253839343783,0.7549122549622165,1.0235761615242065,1.1776649564070065,0.47162340619338744,0.0005075171726104076,13,8,0.570087712549569,2500,OLS_iid,iid,False,5
0,7,7001,0,1,True,99,False,100,0.8105587581235081,5.4742806581780314,0.5799383227965429,0.6100179763421164,1.1243335503036431,1.0802854728049598,0.5226542837031257,0.0003532604681557455,13,8,0.570087712549569,2500,OLS_iid,iid,False,5
0,6,6001,26,260001,True,100,False,100,0.8425840216133976,5.531805868726224,0.6739356717673353,0.7380445631564545,1.07142136842674,1.168093229597311,0.4441472787709933,0.000403588648104847,13,8,0.570087712549569,2500,OLS_iid,iid,False,5
0,7,7001,1,10001,True,96,False,100,0.8560040164143231,5.512572875712067,0.5192858079708201,0.5268825569190541,0.9852127076865019,1.0118625130721812,0.5465750177377354,0.00037728553676955403,13,8,0.570087712549569,2500,OLS_iid,iid,False,5
0,7,7001,24,240001,True,97,False,100,0.8573263233675178,5.22659914707765,0.6609604006912335,0.7174968876483038,1.0195551819046882,1.1464150402113937,0.48610481106931314,0.0003998518812095037,13,8,0.570087712549569,2500,OLS_iid,iid,False,5
0,7,7001,26,260001,True,95,False,100,0.8425840216133976,5.187924311961979,0.6429448162960284,0.6947401017542053,0.9767088082238545,1.2001171428802904,0.42232664862257085,0.00038565937861256334,13,8,0.570087712549569,2500,OLS_iid,iid,False,5
0,5,5001,3,30001,True,111,False,100,0.930410464698022,6.042440863791853,0.6415590754907885,0.6892066758882653,1.0173848282965767,1.0891898229048844,0.4858213112853472,0.00026020440808722476,13,8,0.570087712549569,2500,OLS_iid,iid,False,5
0,7,7001,6,60001,True,97,False,100,0.7277564511407666,5.54772217804566,0.6627327493850299,0.7188069163268852,0.8959140111004191,1.2007942416676374,0.45284427077329575,0.00045905251729587746,13,8,0.570087712549569,2500,OLS_iid,iid,False,5
0,7,7001,17,170001,True,98,False,100,0.7107372773002439,5.4304195530712605,0.7055723616191859,0.7885637730127685,1.118178606748723,1.2557815797189291,0.460715989302724,0.0004943726203684221,13,8,0.570087712549569,2500,OLS_iid,iid,False,5
0,8,8001,2,20001,True,90,False,100,0.8085753953824047,5.06366722099483,0.6133772833954284,0.6531320367547876,1.0341700649475503,1.1170797550493248,0.4835830478702613,0.0005234474043044038,13,8,0.570087712549569,2500,OLS_iid,iid,False,5
0,8,8001,7,70001,True,91,False,100,0.7527979598478249,5.0172319849953055,0.6628838508961552,0.7244012049001651,1.0282337275732791,1.1751002907105443,0.4852680469612717,0.0005752161777298053,13,8,0.570087712549569,2500,OLS_iid,iid,False,5
0,7,7001,18,180001,True,100,False,100,0.8026105958628158,5.482265857048333,0.6493391223705405,0.7041161120325762,1.0690636405321652,1.2467380850619978,0.46441298375901263,0.0004325054643070473,13,8,0.570087712549569,2500,OLS_iid,iid,False,5
0,8,8001,8,80001,True,91,False,100,0.7997861171102976,4.994683946017176,0.659095690014854,0.7128566388723818,1.100732722040887,1.7107778171461656,0.4621929487117488,0.0005676006782650083,13,8,0.570087712549569,2500,OLS_iid,iid,False,5
0,7,7001,21,210001,True,99,False,100,0.8574950378706654,5.578995978925377,0.6782802735091185,0.745042063263781,1.1473165361850721,1.205645488968406,0.4502331323594549,0.0003769878551395237,13,8,0.570087712549569,2500,OLS_iid,iid,False,5
0,7,7001,28,280001,True,97,False,100,0.8304813982898617,5.450188841670752,0.6820881276048375,0.7489586939781082,1.1362541554412031,1.418025127341065,0.4661084507516847,0.00047853300723794837,13,8,0.570087712549569,2500,OLS_iid,iid,False,5
0,6,6001,1,10001,True,102,False,100,0.8560040164143231,6.083769828081131,0.6366360896975455,0.6858349971990463,0.9301081767798907,1.1686179942383903,0.44304443804994026,0.00033338120352483083,13,8,0.570087712549569,2500,OLS_iid,iid,False,5
0,7,7001,7,70001,True,94,False,100,0.7527979598478249,5.866288157645613,0.6283242777754819,0.6659925591876059,1.0118884732009872,1.1483953019782898,0.5012645874233441,0.0005189003146018449,13,8,0.570087712549569,2500,OLS_iid,iid,False,5
0,7,7001,16,160001,True,105,False,100,0.7794654686395939,5.789429463911802,0.6400202141984918,0.6945974613946184,1.1285319740694477,1.2600995454073534,0.46635403147156224,0.0003357498009523056,13,8,0.570087712549569,2500,OLS_iid,iid,False,5
0,6,6001,21,210001,True,100,False,100,0.8574950378706654,6.114102577324957,0.6774484769763205,0.7393794095706026,1.0351676038998314,1.2579125725992713,0.4398276653856199,0.00035468888418744145,13,8,0.570087712549569,2500,OLS_iid,iid,False,5
0,8,8001,11,110001,True,96,False,100,0.7850213029027713,5.260015382897109,0.6677340325180504,0.7246840192361798,1.0236208910426423,1.186453920316724,0.4542883737573006,0.000462993162419828,13,8,0.570087712549569,2500,OLS_iid,iid,False,5
0,7,7001,15,150001,True,99,False,100,0.8608639089928484,5.991244623903185,0.5867328417676244,0.6140572849298326,1.2608374151588162,1.1102032585971846,0.4505368725029871,0.00035157324834400415,13,8,0.570087712549569,2500,OLS_iid,iid,False,5
0,7,7001,27,270001,True,105,False,100,0.761282072897567,5.779393711127341,0.6157082598211594,0.6478677176692815,0.9707148104226871,1.1265764708533825,0.5120075266154835,0.00037258449612819324,13,8,0.570087712549569,2500,OLS_iid,iid,False,5
0,7,7001,29,290001,True,90,False,100,0.773436087093585,5.779292860999703,0.6478080003487013,0.6946850869870137,1.232954607422657,1.1614246202263891,0.48882440535569843,0.0005624613798277397,13,8,0.570087712549569,2500,OLS_iid,iid,False,5
0,8,8001,3,30001,True,102,False,100,0.930410464698022,5.692198225762695,0.5799904461694082,0.6068331135735197,0.8856961819593866,1.050188861366747,0.5018127033357334,0.0003049880131040848,13,8,0.570087712549569,2500,OLS_iid,iid,False,5
0,6,6001,28,280001,True,112,False,100,0.8304813982898617,6.302374991122633,0.674434397588553,0.7321110375818981,1.0042166703057638,1.1302295010954422,0.4487625926334152,0.0003661276184175893,13,8,0.570087712549569,2500,OLS_iid,iid,False,5
0,8,8001,4,40001,True,100,False,100,0.6608952081777808,5.751840579789132,0.6674937295484263,0.7326085833717771,0.9103816634520037,1.1808473327981908,0.46188943191494747,0.0003814870945153728,13,8,0.570087712549569,2500,OLS_iid,iid,False,5
0,8,8001,1,10001,True,108,False,100,0.8560040164143231,5.950455484911799,0.6435070640455001,0.6938685205712714,0.8480895820514832,1.1341296772540406,0.45202774627951037,0.0003206866701630971,13,8,0.570087712549569,2500,OLS_iid,iid,False,5
0,8,8001,5,50001,True,90,False,100,0.7981756372625676,5.832763283979148,0.6236356437955797,0.6667051943250433,1.2675415262478635,1.1733190350187106,0.5296057464582182,0.0005560366917942622,13,8,0.570087712549569,2500,OLS_iid,iid,False,5
0,8,8001,10,100001,True,86,False,100,0.7324009293227647,5.6540198172442615,0.6568169479076293,0.7114654384483584,0.9693936205404696,1.1566980949181567,0.41739523818369695,0.0006330473501176377,13,8,0.570087712549569,2500,OLS_iid,iid,False,5
0,7,7001,25,250001,True,114,False,100,0.872121929754804,6.412205102853477,0.6588041012930078,0.7133977550737355,0.9931163236426946,1.2283431411865255,0.4768202759345145,0.00027678899929410193,13,8,0.570087712549569,2500,OLS_iid,iid,False,5
0,8,8001,9,90001,True,84,False,100,0.8702724024523968,6.04188676783815,0.6027699359524827,0.6435083306549706,0.8806876625671292,1.0621904438289644,0.5265018909371478,0.000725049875053098,13,8,0.570087712549569,2500,OLS_iid,iid,False,5
0,8,8001,6,60001,True,98,False,100,0.7277564511407666,6.394969844259322,0.7063949002946788,0.7836323257506256,0.9262802685642784,1.282324093811123,0.45644503042506673,0.0004342809340738344,13,8,0.570087712549569,2500,OLS_iid,iid,False,5
0,7,7001,8,80001,True,102,False,100,0.7997861171102976,7.035810966044664,0.6178789867253538,0.6630650863531156,0.9651611413743628,1.1394374784403996,0.4983006777634479,0.00045599574213890166,13,8,0.570087712549569,2500,OLS_iid,iid,False,5
0,8,8001,13,130001,True,95,False,100,0.7622937846217469,6.1217630580067635,0.6519687094513923,0.7063510688289404,1.0837058916372126,1.1263678040824554,0.4928732658275056,0.00047002815054821684,13,8,0.570087712549569,2500,OLS_iid,iid,False,5
0,8,8001,14,140001,True,90,False,100,0.9490326339516414,4.3698373436927795,0.6444938809833043,0.6972999028524689,0.9414199272717617,1.2182352262704075,0.43235623507054616,0.0004502005655027936,13,8,0.570087712549569,2500,OLS_iid,iid,False,5
0,8,8001,12,120001,True,99,False,100,0.9220615443211096,7.269484693184495,0.6631278558185768,0.7221858622072154,1.1830306648334892,1.2918270599842392,0.4075665321576056,0.00042119895037075406,13,8,0.570087712549569,2500,OLS_iid,iid,False,5
0,8,8001,16,160001,True,94,False,100,0.7794654686395939,4.845160067081451,0.6277386886305067,0.6736642556407132,1.0799952731949487,1.1161456816136623,0.4860888446897542,0.0004646536061625337,13,8,0.570087712549569,2500,OLS_iid,iid,False,5
0,8,8001,15,150001,True,99,False,100,0.8608639089928484,5.312295663636178,0.6621572974086372,0.7213848126937965,0.9951719233903584,1.4516992730570806,0.4519384447047334,0.0003679412364461225,13,8,0.570087712549569,2500,OLS_iid,iid,False,5
1,0,1,8,80001,True,81,False,100,0.7997861171102976,3.8624201552011073,0.6518038865097315,0.6928452726678404,1.1131153331170776,1.2793853412008376,0.4964652931110182,0.0007432998684665841,13,8,0.570087712549569,2500,OLS_iid,iid,False,5
0,9,9001,5,50001,True,88,False,100,0.7981756372625676,4.329524161294103,0.639162843500346,0.6898084188213229,0.9092830383784096,1.1862862039126687,0.47714539903775244,0.0006196321067325185,13,8,0.570087712549569,2500,OLS_iid,iid,False,5
0,8,8001,20,200001,True,89,False,100,0.7733262645639506,4.768386164214462,0.602374272367163,0.6340588106378318,1.0722044735342866,1.1270652010676232,0.452026855190479,0.0005735252590474783,13,8,0.570087712549569,2500,OLS_iid,iid,False,5
0,9,9001,4,40001,True,81,False,100,0.6608952081777808,4.444985750131309,0.6891213885862997,0.757284705936969,0.968414602311209,1.1670838058642004,0.46381949172995773,0.0007420583688633066,13,8,0.570087712549569,2500,OLS_iid,iid,False,5
0,8,8001,27,270001,True,93,False,100,0.761282072897567,4.727035569027066,0.6783523944897752,0.7308098063376531,0.9524317188437418,1.1882557698358889,0.4779163900056581,0.0005067067121349017,13,8,0.570087712549569,2500,OLS_iid,iid,False,5
0,8,8001,18,180001,True,92,False,100,0.8026105958628158,5.080519811715931,0.6777217627734112,0.7406616531997506,1.070924654863485,1.2522279788553723,0.4305573514971753,0.0005216857598938863,13,8,0.570087712549569,2500,OLS_iid,iid,False,5
0,9,9001,19,190001,True,91,False,100,0.7625645147987673,4.315586656797677,0.6742281042027013,0.7429345051473651,1.0318095349574714,1.2311065835502135,0.4159345608076222,0.0005340457743170368,13,8,0.570087712549569,2500,OLS_iid,iid,False,5
1,0,1,9,90001,True,88,False,100,0.8702724024523968,4.094205636996776,0.6140732746818283,0.639208410588581,0.9592900554350839,1.1197870821980305,0.48375629980647955,0.00046738896620048627,13,8,0.570087712549569,2500,OLS_iid,iid,False,5
0,9,9001,7,70001,True,83,False,100,0.7527979598478249,4.582931278273463,0.6687915532278944,0.7240107048037281,1.0266075855827332,1.235079406729876,0.47969569383907096,0.0007802666837553059,13,8,0.570087712549569,2500,OLS_iid,iid,False,5
1,0,1,1,10001,True,91,False,100,0.8560040164143231,4.301319437101483,0.6064873509278418,0.623033788151517,1.0945265362267196,1.1545821281343653,0.5091181698328244,0.0004076438154864887,13,8,0.570087712549569,2500,OLS_iid,iid,False,5
1,0,1,7,70001,True,89,False,100,0.7527979598478249,4.219168173149228,0.6147528861877287,0.6417256076637174,0.9680307761158901,1.2234336144493925,0.49671100844384525,0.0005465452431402843,13,8,0.570087712549569,2500,OLS_iid,iid,False,5
0,8,8001,17,170001,True,96,False,100,0.7107372773002439,5.278495992068201,0.6640322213937625,0.7192906655730972,1.011881898879225,1.1785559098124216,0.5280200239660968,0.000500399598314957,13,8,0.570087712549569,2500,OLS_iid,iid,False,5
0,8,8001,26,260001,True,90,False,100,0.8425840216133976,4.967932380270213,0.6161906437449333,0.6577230608870794,1.2523216707999623,1.2534330485138587,0.45623909161558723,0.00044825703116254057,13,8,0.570087712549569,2500,OLS_iid,iid,False,5
1,0,1,4,40001,True,89,False,100,0.6608952081777808,4.283505002036691,0.6332211050194467,0.6666297470903572,1.0362303759008584,1.117665949969264,0.4702736697704055,0.000533958069092485,13,8,0.570087712549569,2500,OLS_iid,iid,False,5
1,0,1,18,180001,True,86,False,100,0.8026105958628158,4.160440681036562,0.6045640664931989,0.6279185354470532,0.8948585047680778,1.1324751731883123,0.48902762217116624,0.000548254967458854,13,8,0.570087712549569,2500,OLS_iid,iid,False,5
0,8,8001,22,220001,True,92,False,100,0.7782072645093546,5.074444829020649,0.5976334314906393,0.6280285336737705,0.8780866756134167,1.0570492046254854,0.4975045449780748,0.0004889790160289979,13,8,0.570087712549569,2500,OLS_iid,iid,False,5
1,0,1,13,130001,True,88,False,100,0.7622937846217469,4.222718546167016,0.6166691214511564,0.644535693062953,0.8834376049766252,1.2602720760366333,0.49397426385662935,0.0005082405245491902,13,8,0.570087712549569,2500,OLS_iid,iid,False,5
1,0,1,16,160001,True,88,False,100,0.7794654686395939,4.239711305592209,0.5620104254058463,0.5745841844076998,0.9232053097298532,1.0295421065937254,0.552700220304009,0.00048811820003728394,13,8,0.570087712549569,2500,OLS_iid,iid,False,5
1,0,1,19,190001,True,88,False,100,0.7625645147987673,4.214706956874579,0.6035968965594174,0.6252974482861778,1.0289126098948362,1.3565413803436244,0.4956426183783314,0.00046794197713559605,13,8,0.570087712549569,2500,OLS_iid,iid,False,5
0,9,9001,1,10001,True,99,False,100,0.8560040164143231,5.015185870230198,0.6054148803409883,0.6418530349425617,0.9353396414149453,1.138530652595288,0.4941877714628565,0.0003690361070673387,13,8,0.570087712549569,2500,OLS_iid,iid,False,5
1,0,1,10,100001,True,91,False,100,0.7324009293227647,4.335433315951377,0.6040952733042676,0.619203646007522,0.9048308475956499,1.1573751767554077,0.4721708032772874,0.0004053673436702059,13,8,0.570087712549569,2500,OLS_iid,iid,False,5
0,8,8001,24,240001,True,93,False,100,0.8573263233675178,5.174353905953467,0.5955854258089593,0.62827527173105,1.0301886158017777,1.1073048491705677,0.5086368815951191,0.0004208507787174068,13,8,0.570087712549569,2500,OLS_iid,iid,False,5
1,0,1,27,270001,True,89,False,100,0.761282072897567,4.1788651598617435,0.6234807024955497,0.6540720080947364,0.9837144415989209,1.1474970751333209,0.49257367456487455,0.0004678689078960911,13,8,0.570087712549569,2500,OLS_iid,iid,False,5
1,0,1,12,120001,True,92,False,100,0.9220615443211098,4.393299753777683,0.6629581381921209,0.7096864480493293,1.0327640011347987,1.2758053090782242,0.4213479332806724,0.0004431554831645922,13,8,0.570087712549569,2500,OLS_iid,iid,False,5
0,9,9001,0,1,True,91,False,100,0.8105587581235081,5.114026486873627,0.6642413193158071,0.7240302651556607,0.976882162970893,1.191722485946119,0.42249453682742416,0.0005224396333146828,13,8,0.570087712549569,2500,OLS_iid,iid,False,5
1,1,1001,13,130001,True,84,False,100,0.7622937846217469,3.986996764317155,0.6477476337694046,0.6780509172347225,1.0331899927876744,1.3961556787173535,0.41653734957752914,0.0005630197506154829,13,8,0.570087712549569,2500,OLS_iid,iid,False,5
0,9,9001,28,280001,True,85,False,100,0.8304813982898617,4.660991583019495,0.6581498348432377,0.7151429299525682,0.9826501642091904,1.2124462127879148,0.4630473966396643,0.0006247117714209009,13,8,0.570087712549569,2500,OLS_iid,iid,False,5
1,1,1001,5,50001,True,86,False,100,0.7981756372625676,4.124341716989875,0.599059904590589,0.6179606022349089,0.9094137197440755,1.0827398270189887,0.5266308917194126,0.0005381259784615903,13,8,0.570087712549569,2500,OLS_iid,iid,False,5
1,1,1001,6,60001,True,86,False,100,0.6786196318849731,4.118512202054262,0.6582642080628897,0.6981995535081021,1.0339665434019552,1.125017329673102,0.5151597608442117,0.00059250858936515,13,8,0.570087712549569,2500,OLS_iid,iid,False,5
1,1,1001,7,70001,True,86,False,100,0.7527979598478249,4.12215863307938,0.6422745336660685,0.670160368740363,1.086459459936218,9.504949295983364,0.5145354828326023,0.0005563851146646038,13,8,0.570087712549569,2500,OLS_iid,iid,False,5
1,0,1,28,280001,True,89,False,100,0.8304813982898617,4.248999885749072,0.6215866398307183,0.6472314359623916,1.0006867646327418,1.176749505626902,0.5027894369413938,0.0005205897491152155,13,8,0.570087712549569,2500,OLS_iid,iid,False,5
1,1,1001,4,40001,True,88,False,100,0.6608952081777808,4.164181111846119,0.6620365788384871,0.7067018345192044,1.1086857041604454,1.1877118528092978,0.4915175736056989,0.0005614793695271044,13,8,0.570087712549569,2500,OLS_iid,iid,False,5
0,8,8001,25,250001,True,96,False,100,0.872121929754804,5.269692678935826,0.5993414927688884,0.6281633830895097,1.0147708855634048,1.0567749121017356,0.5312141657202534,0.00045506120357408157,13,8,0.570087712549569,2500,OLS_iid,iid,False,5
1,0,1,17,170001,True,93,False,100,0.6831911616486906,4.440968570765108,0.6531846568514846,0.6918278242371204,1.146433475016551,1.3347759798227887,0.4438026667662858,0.00047559677427811754,13,8,0.570087712549569,2500,OLS_iid,iid,False,5
1,0,1,26,260001,True,89,False,100,0.8425840216133976,4.32985348906368,0.5990725979461644,0.6199128861174958,0.9841045450728112,1.1390109101373003,0.468703437082901,0.0004059167495418643,13,8,0.570087712549569,2500,OLS_iid,iid,False,5
0,9,9001,16,160001,True,99,False,100,0.7794654686395939,4.8689711461775005,0.6577096719479033,0.7081798776104923,0.9260848564541401,1.2190258037411503,0.44817846925203375,0.0004277207315438547,13,8,0.570087712549569,2500,OLS_iid,iid,False,5
0,8,8001,23,230001,True,98,False,100,0.6330496938935946,5.374165060929954,0.6050899264092378,0.6349964306756856,0.9640563239294527,1.1542235584155198,0.5177477244142672,0.00033570632676059483,13,8,0.570087712549569,2500,OLS_iid,iid,False,5
0,9,9001,8,80001,True,91,False,100,0.7997861171102976,5.015161470975727,0.6434764360590978,0.6969114551210522,0.8761068985040701,1.1538379630162752,0.4602217311521604,0.000594288681792891,13,8,0.570087712549569,2500,OLS_iid,iid,False,5
0,9,9001,6,60001,True,91,False,100,0.7277564511407666,5.0624039699323475,0.6485256776989847,0.6952134667768732,1.1096626918972994,1.1379676066166242,0.5014326338446038,0.0004986818937050146,13,8,0.570087712549569,2500,OLS_iid,iid,False,5
0,8,8001,21,210001,True,95,False,100,0.8574950378706654,5.479197500273585,0.638556853436314,0.682380191109094,0.9016499006511062,1.1574913449633137,0.4674680229049748,0.0004482645797654844,13,8,0.570087712549569,2500,OLS_iid,iid,False,5
0,9,9001,29,290001,True,88,False,100,0.773436087093585,4.83839422930032,0.5576568911961612,0.5610274749167329,0.9577681083302142,1.1003046831703345,0.4954301079698201,0.0005378155188120184,13,8,0.570087712549569,2500,OLS_iid,iid,False,5
0,8,8001,29,290001,True,97,False,100,0.773436087093585,5.328215183224529,0.6742021482080585,0.7427311498831555,0.9966001870008977,1.2866104171602935,0.4080705808440823,0.0004253273787958804,13,8,0.570087712549569,2500,OLS_iid,iid,False,5
1,1,1001,21,210001,True,85,False,100,0.8574950378706654,4.011863444931805,0.6222091867261949,0.6460935723023465,1.060536019063658,1.173497529328293,0.49776092000695016,0.0005765019526402838,13,8,0.570087712549569,2500,OLS_iid,iid,False,5
1,0,1,21,210001,True,91,False,100,0.8574950378706654,4.550294577144086,0.6490461258069099,0.6873851280036616,0.9733984283047161,1.1254634059262865,0.49144019299306935,0.00045075334128823517,13,8,0.570087712549569,2500,OLS_iid,iid,False,5
0,9,9001,25,250001,True,88,False,100,0.872121929754804,4.873030494898558,0.6439935536420043,0.6944346867604445,0.9834061619282545,1.1427701642229935,0.4838949364654845,0.0006015706546437619,13,8,0.570087712549569,2500,OLS_iid,iid,False,5
1,0,1,2,20001,True,100,False,100,0.6796067498128452,4.778028659988195,0.5660413599432844,0.5786457096557683,1.1972276150598447,1.039707805088531,0.5079874607105802,0.00037401774139119494,13,8,0.570087712549569,2500,OLS_iid,iid,False,5
1,1,1001,19,190001,True,84,False,100,0.7625645147987673,4.057707775384188,0.5936432328286795,0.6020977390196773,1.069389044969609,1.0903527687207186,0.5013912558195232,0.0005273510653866996,13,8,0.570087712549569,2500,OLS_iid,iid,False,5
1,0,1,3,30001,True,100,False,100,0.930410464698022,4.761662223841995,0.548045101413136,0.5369180804764896,0.9322355629011606,1.1647078708919436,0.49823793050921567,0.00020515498650712938,13,8,0.570087712549569,2500,OLS_iid,iid,False,5
0,9,9001,22,220001,True,91,False,100,0.7782072645093546,4.963262586854398,0.6448815654595283,0.6995065503655797,0.9826694930062235,1.2507974110802993,0.4244516777765489,0.000536203118036749,13,8,0.570087712549569,2500,OLS_iid,iid,False,5
0,9,9001,12,120001,True,93,False,100,0.9220615443211096,5.100512190256268,0.6618772159557452,0.7230234863767895,1.0551898950378384,1.174354772691773,0.4545714011154986,0.0005261051412927518,13,8,0.570087712549569,2500,OLS_iid,iid,False,5
1,1,1001,14,140001,True,89,False,100,0.9490326339516414,4.228982158005238,0.5915327562878332,0.6096383681198637,0.9642804425931504,1.096079660719447,0.49925160431834686,0.0004010488566465179,13,8,0.570087712549569,2500,OLS_iid,iid,False,5
1,1,1001,1,10001,True,95,False,100,0.8560040164143231,4.449677695054561,0.6737369670886971,0.7206590792426255,1.1082807197744415,1.26917010716732,0.4038262562930344,0.0003882497217634298,13,8,0.570087712549569,2500,OLS_iid,iid,False,5
1,1,1001,10,100001,True,91,False,100,0.7324009293227647,4.330349094700068,0.637302144027117,0.6704499576274043,0.9457119370296226,1.156605245678405,0.4592193608311985,0.00042113425520269923,13,8,0.570087712549569,2500,OLS_iid,iid,False,5
1,1,1001,9,90001,True,92,False,100,0.8702724024523968,4.343612794298679,0.6084563229239305,0.6329819520539647,0.9252497906167246,1.1232271992866731,0.5046690451973596,0.000413456767918006,13,8,0.570087712549569,2500,OLS_iid,iid,False,5
0,9,9001,2,20001,True,97,False,100,0.8085753953824047,5.3584798807278275,0.6222563585599702,0.6555277274841088,0.9261460139981159,1.1306200722108908,0.4992506549271552,0.0004120198075430012,13,8,0.570087712549569,2500,OLS_iid,iid,False,5
0,9,9001,11,110001,True,94,False,100,0.7850213029027713,5.163299340754747,0.6731378641900152,0.7361876293080502,1.109637809591332,1.2472499379372313,0.4543076007138145,0.000490188382867886,13,8,0.570087712549569,2500,OLS_iid,iid,False,5
1,0,1,23,230001,True,98,False,100,0.6305444089430801,4.648463017772883,0.6372735459430968,0.662098608975113,0.9849346245735683,1.2171984980990376,0.4432170783212693,0.00035087176521219444,13,8,0.570087712549569,2500,OLS_iid,iid,False,5
1,0,1,0,1,True,104,False,100,0.8105587581235081,5.001906611025333,0.5963293429594363,0.6158277299720445,1.0592083244557526,3.8062359485796837,0.47539937817377687,0.0002507188067963021,13,8,0.570087712549569,2500,OLS_iid,iid,False,5
1,1,1001,2,20001,True,94,False,100,0.6796067498128452,4.516737592872232,0.6298282148654466,0.664395095266326,1.068341459698217,1.1849344458585491,0.4189299339407922,0.0004301546197237565,13,8,0.570087712549569,2500,OLS_iid,iid,False,5
1,0,1,20,200001,True,99,False,100,0.7733262645639506,4.729188242927194,0.5417144289501906,0.5450037306128183,0.9339944227767732,1.0129999068005366,0.5203447710693215,0.0003253773410124853,13,8,0.570087712549569,2500,OLS_iid,iid,False,5
1,1,1001,25,250001,True,86,False,100,0.872121929754804,4.118197193834931,0.6100552153714545,0.6292643514752938,0.9430367218644182,1.2124556145894196,0.4705408314094024,0.000578504591876689,13,8,0.570087712549569,2500,OLS_iid,iid,False,5
0,9,9001,9,90001,True,96,False,100,0.8702724024523968,5.282932356931269,0.680282678646157,0.7449793860793036,0.9326500741200273,1.1878086012364384,0.4202797868377518,0.0005459410011597458,13,8,0.570087712549569,2500,OLS_iid,iid,False,5
1,1,1001,0,1,True,96,False,100,0.8105587581235081,4.588268558029085,0.5423968009687529,0.5536634069772908,0.965763229696828,1.0693435183059594,0.5144012584339441,0.0003249934491551914,13,8,0.570087712549569,2500,OLS_iid,iid,False,5
1,0,1,6,60001,True,96,False,100,0.6786196318849731,4.93959873681888,0.6089549490815463,0.6324182340475853,0.9616394459925532,1.2063327340625907,0.4927884081549536,0.00040407157843540557,13,8,0.570087712549569,2500,OLS_iid,iid,False,5
1,1,1001,11,110001,True,93,False,100,0.7850213029027712,4.465029116719961,0.6302374077640839,0.6621741019749545,0.9575890429516716,1.1639426636968708,0.4944426884791162,0.0004162186014620886,13,8,0.570087712549569,2500,OLS_iid,iid,False,5
0,9,9001,3,30001,True,98,False,100,0.930410464698022,5.479894814547151,0.6279805066846911,0.6693554421618366,1.1450610074390912,1.1240659614095283,0.5016907126306747,0.0003621800461581065,13,8,0.570087712549569,2500,OLS_iid,iid,False,5
1,0,1,15,150001,True,103,False,100,0.8608639089928485,4.85041830688715,0.6355083262605341,0.6703670497332476,1.1211147467390243,1.3533025362308173,0.43504446117762113,0.0002950012834265313,13,8,0.570087712549569,2500,OLS_iid,iid,False,5
1,0,1,11,110001,True,101,False,100,0.7850213029027712,4.888899563346058,0.5992322060804115,0.6238280213546828,1.0305689271259497,1.348146192687853,0.5076936470046634,0.0003121784891782559,13,8,0.570087712549569,2500,OLS_iid,iid,False,5
0,8,8001,19,190001,True,89,False,100,0.7625645147987673,5.825990515295416,0.6213431868773356,0.6682215475919547,1.1284742674992536,1.1963786432002337,0.4486899404842765,0.0005146947152418689,13,8,0.570087712549569,2500,OLS_iid,iid,False,5
1,0,1,5,50001,True,103,False,100,0.7981756372625676,5.03480747109279,0.5980497831625512,0.6226846525064923,0.8472446686466631,1.073852752219299,0.5368394606959646,0.0003317957213875273,13,8,0.570087712549569,2500,OLS_iid,iid,False,5
1,1,1001,22,220001,True,91,False,100,0.7782072645093546,4.34337991476059,0.6163641670053571,0.6427834414319613,0.9209514627261927,1.1485439410591447,0.4773156358802597,0.0004903598139535897,13,8,0.570087712549569,2500,OLS_iid,iid,False,5
1,1,1001,17,170001,True,93,False,100,0.6831911616486906,4.448082766961306,0.6387295456890432,0.6763540994909405,1.0419841773042473,1.1719920080610167,0.5147884804293555,0.0004167273019314372,13,8,0.570087712549569,2500,OLS_iid,iid,False,5
1,1,1001,20,200001,True,92,False,100,0.7733262645639506,4.394675713963807,0.5774126330057606,0.5849860881067316,0.9438640333349246,1.0693747334697272,0.5370925047114197,0.0004268877761106002,13,8,0.570087712549569,2500,OLS_iid,iid,False,5
1,0,1,14,140001,True,103,False,100,0.9490326339516414,4.993544226046652,0.557595374211229,0.5661509830297726,1.1274322067223603,1.2148506490758482,0.42366201350120275,0.00027917221427246257,13,8,0.570087712549569,2500,OLS_iid,iid,False,5
1,0,1,22,220001,True,101,False,100,0.7782072645093546,4.939138249959797,0.6391556369313942,0.6726046569284124,1.1973323063077732,1.1630339888304098,0.4891903240994877,0.0003381630833136002,13,8,0.570087712549569,2500,OLS_iid,iid,False,5
0,9,9001,17,170001,True,99,False,100,0.7107372773002439,5.40081966901198,0.6557279137630162,0.712999773883351,1.0643833717299946,1.197389474252424,0.47301289319065903,0.0004632491018893754,13,8,0.570087712549569,2500,OLS_iid,iid,False,5
1,1,1001,23,230001,True,90,False,100,0.6305444089430801,4.389541543088853,0.6122364976609271,0.6402253222215287,1.2246451493589183,1.21042683718387,0.48789205299934807,0.0004728002264954469,13,8,0.570087712549569,2500,OLS_iid,iid,False,5
1,1,1001,28,280001,True,90,False,100,0.8304813982898617,4.3396152053028345,0.6232692731521507,0.6493378087263041,1.2125429922131472,1.0845619276544236,0.5069283595187476,0.0004801972921612798,13,8,0.570087712549569,2500,OLS_iid,iid,False,5
1,1,1001,27,270001,True,92,False,100,0.761282072897567,4.397662991192192,0.6286230059736061,0.6598278407016973,0.8825876908502266,1.1406284173053358,0.46290414880789904,0.0004411018135008069,13,8,0.570087712549569,2500,OLS_iid,iid,False,5
0,9,9001,14,140001,True,101,False,100,0.9490326339516414,5.531437671743333,0.6303303487385162,0.667672539051887,0.9959668213037636,1.2040249561796608,0.43758920622310327,0.0003324572193864342,13,8,0.570087712549569,2500,OLS_iid,iid,False,5
1,1,1001,16,160001,True,84,False,100,0.7794654686395939,4.623589317779988,0.6885491184820499,0.7428649513157157,1.1261842460542708,1.404850731181013,0.40693802036932986,0.0005460439265960075,13,8,0.570087712549569,2500,OLS_iid,iid,False,5
0,9,9001,24,240001,True,98,False,100,0.8573263233675178,5.421686788555235,0.5922174601546842,0.6207696215579124,0.9682565591408446,1.0617517272117734,0.5084107355790626,0.0004043872036769721,13,8,0.570087712549569,2500,OLS_iid,iid,False,5
0,9,9001,18,180001,True,100,False,100,0.8026105958628158,5.498585692606866,0.6249161392521485,0.6717036996331119,1.1217388049326704,1.0580789524548828,0.4861909525931815,0.0004648361999761862,13,8,0.570087712549569,2500,OLS_iid,iid,False,5
1,0,1,25,250001,True,106,False,100,0.872121929754804,5.039864132646471,0.6553994059747414,0.6940259425936287,0.9804452236957266,1.1794328951202724,0.46026966699935185,0.0003154528506612738,13,8,0.570087712549569,2500,OLS_iid,iid,False,5
0,9,9001,10,100001,True,102,False,100,0.7324009293227647,5.692855250090361,0.6712618992822429,0.7347392208991655,1.181321883616917,1.194496353031605,0.45195121782059,0.0004322380862660042,13,8,0.570087712549569,2500,OLS_iid,iid,False,5
0,8,8001,28,280001,True,109,False,100,0.8304813982898617,6.013542043976486,0.6389515075282994,0.6904348106904961,1.009876592064257,1.2556831510487443,0.5050714272063437,0.0002971109256671453,13,8,0.570087712549569,2500,OLS_iid,iid,False,5
1,1,1001,29,290001,True,91,False,100,0.773436087093585,4.468816398642957,0.5203870185687479,0.5200961580792316,0.9100181791423205,0.991956044291574,0.5439968211800016,0.0003287801679990775,13,8,0.570087712549569,2500,OLS_iid,iid,False,5
1,0,1,24,240001,True,111,False,100,0.8573263233675178,5.217199708800763,0.5765798729187792,0.5887132540572353,1.0144547988743788,1.196484836580836,0.4969352238148064,0.00027165419551133474,13,8,0.570087712549569,2500,OLS_iid,iid,False,5
1,0,1,29,290001,True,107,False,100,0.773436087093585,5.179191849194467,0.5709873929108912,0.5957170220922033,1.0497833981508986,1.2115044110052728,0.5105787266236238,0.0002538178465449879,13,8,0.570087712549569,2500,OLS_iid,iid,False,5
0,9,9001,20,200001,True,100,False,100,0.7733262645639506,5.707789066247642,0.6107733704077348,0.6486077432425602,0.882879720854961,1.1745239995448054,0.44838541858465014,0.00038396656897281484,13,8,0.570087712549569,2500,OLS_iid,iid,False,5
1,1,1001,12,120001,True,105,False,100,0.9220615443211098,5.00648849690333,0.6141172338738906,0.6394855317962735,0.9156791235904859,1.1261501307787347,0.48642491814549027,0.0003157779395388303,13,8,0.570087712549569,2500,OLS_iid,iid,False,5
0,9,9001,15,150001,True,97,False,100,0.8608639089928484,5.822249753866345,0.6258794462538588,0.6615444233754924,1.0539983930824572,1.0797920133187278,0.4673339091898758,0.000388253859321471,13,8,0.570087712549569,2500,OLS_iid,iid,False,5
1,2,2001,7,70001,True,87,False,100,0.7527979598478249,4.245088295079768,0.6197850602814772,0.646985760639538,0.9189348729458301,1.1030560816033088,0.5387707138825798,0.0005595245031552679,13,8,0.570087712549569,2500,OLS_iid,iid,False,5
1,2,2001,8,80001,True,88,False,100,0.7997861171102976,4.275796371046454,0.5988089537451127,0.6245347301522097,1.2591083166533412,1.1407577823170754,0.5284768152941163,0.0005938621268709776,13,8,0.570087712549569,2500,OLS_iid,iid,False,5
0,9,9001,23,230001,True,105,False,100,0.6330496938935946,5.814912859816104,0.608310413231065,0.6381243877790145,0.9265216880969892,1.250143291194291,0.497618599750867,0.0003598877269503254,13,8,0.570087712549569,2500,OLS_iid,iid,False,5
1,1,1001,8,80001,True,114,False,100,0.7997861171102976,5.304206975735724,0.5983871102839707,0.6103543008428166,1.0229113295323757,1.0765580154428742,0.5487432262107635,0.00027110097636070824,13,8,0.570087712549569,2500,OLS_iid,iid,False,5
0,9,9001,13,130001,True,107,False,100,0.7622937846217469,6.112591458950192,0.6210294787356803,0.6563778845619026,0.8898505617218924,1.0954271415363546,0.47955188067919313,0.00037768352884091244,13,8,0.570087712549569,2500,OLS_iid,iid,False,5
0,9,9001,26,260001,True,101,False,100,0.8425840216133976,5.946977501735091,0.6125583791080252,0.6499916792456362,0.9153334182199906,1.0757845190548179,0.5013900398299325,0.00036563119006625955,13,8,0.570087712549569,2500,OLS_iid,iid,False,5
1,1,1001,15,150001,True,97,False,100,0.8608639089928485,5.290331121068448,0.5470706783697284,0.5462563110946984,1.0244683551464486,1.084031253039215,0.5249231837983553,0.000359641646208937,13,8,0.570087712549569,2500,OLS_iid,iid,False,5
1,1,1001,26,260001,True,107,False,100,0.8425840216133976,5.075318152084947,0.5772689414310856,0.5946040479455227,1.0654040263573847,1.159026659338715,0.45620175214016534,0.0002552356697608566,13,8,0.570087712549569,2500,OLS_iid,iid,False,5
1,1,1001,3,30001,True,116,False,100,0.930410464698022,5.512102458626032,0.5858561938238368,0.6023402881689787,0.9670445511355632,1.2128939826572196,0.40591857743575455,0.00018860894310562763,13,8,0.570087712549569,2500,OLS_iid,iid,False,5
1,2,2001,3,30001,True,100,False,100,0.930410464698022,4.790349255781621,0.656048608957773,0.6979644799273026,1.0992738820375125,1.344824997069165,0.3371188208865436,0.000267113862768649,13,8,0.570087712549569,2500,OLS_iid,iid,False,5
1,2,2001,9,90001,True,94,False,100,0.8702724024523968,4.4944232339039445,0.6236733390620863,0.6491694503885702,1.1067328283347142,1.610038280204738,0.4745704178636106,0.00039451324198298626,13,8,0.570087712549569,2500,OLS_iid,iid,False,5
1,2,2001,13,130001,True,91,False,100,0.7622937846217469,4.3575333980843425,0.608965642947945,0.6321644413734613,1.0503580054909891,1.13748981406456,0.48288382229914945,0.0004354889107198587,13,8,0.570087712549569,2500,OLS_iid,iid,False,5
1,2,2001,5,50001,True,99,False,100,0.7981756372625676,4.725510830059648,0.6571006410746584,0.6980430036157199,0.9837752573429029,1.2459886328567855,0.4577066015838473,0.00035941774906228925,13,8,0.570087712549569,2500,OLS_iid,iid,False,5
1,2,2001,6,60001,True,92,False,100,0.6786196318849731,4.704030924942344,0.6677591062052844,0.7137523778674024,1.0790999861540924,1.3931064781878184,0.4510203663657513,0.0004864270556970797,13,8,0.570087712549569,2500,OLS_iid,iid,False,5
1,1,1001,24,240001,True,96,False,100,0.8573263233675178,5.254273296799511,0.5757110974434403,0.578241467422012,1.310317332295269,1.2171022285240578,0.46473348304878687,0.0003781619935091092,13,8,0.570087712549569,2500,OLS_iid,iid,False,5
0,9,9001,27,270001,True,98,False,100,0.761282072897567,6.173349855002016,0.6200388087431457,0.6650176329630137,1.1242912186914622,1.120809610938191,0.5308836654242366,0.00046499701838005337,13,8,0.570087712549569,2500,OLS_iid,iid,False,5
1,2,2001,1,10001,True,90,False,100,0.8560040164143231,5.026798692066222,0.6519478971026563,0.6883420592477262,0.9566756117995486,1.2644306004517754,0.4532930793140135,0.00046575071492665457,13,8,0.570087712549569,2500,OLS_iid,iid,False,5
1,2,2001,10,100001,True,95,False,100,0.7324009293227647,4.651904731057584,0.6223150768865029,0.6486770517713248,1.095672560668047,1.2779572493399571,0.4327928689128471,0.0003742259708387869,13,8,0.570087712549569,2500,OLS_iid,iid,False,5
1,1,1001,18,180001,True,111,False,100,0.8026105958628158,5.466073600575328,0.6097131500311173,0.6280870512070995,1.2029802186078817,1.0997689480638848,0.5118129937791922,0.0002781020731446874,13,8,0.570087712549569,2500,OLS_iid,iid,False,5
1,2,2001,14,140001,True,94,False,100,0.9490326339516414,4.776859768200666,0.5767507220189276,0.5885786447920965,1.1080786998789522,1.0992687154188234,0.5239061279416966,0.0003247182552782083,13,8,0.570087712549569,2500,OLS_iid,iid,False,5
1,2,2001,11,110001,True,94,False,100,0.7850213029027712,4.9414302641525865,0.6028132344315775,0.6314558037736018,1.2078668544392257,3.9790728133145525,0.46975674066462964,0.00042003315649709593,13,8,0.570087712549569,2500,OLS_iid,iid,False,5
1,2,2001,18,180001,True,86,False,100,0.8026105958628158,4.224937148857862,0.5974813782843374,0.6180636682006627,0.9508624949370588,1.1057607669337532,0.5264777502733379,0.0005551293863551256,13,8,0.570087712549569,2500,OLS_iid,iid,False,5
1,2,2001,20,200001,True,90,False,100,0.7733262645639506,3.9666072502732277,0.650888817979867,0.6912845131688827,1.024717338924631,1.1943200280154997,0.444146117085515,0.0004915285455685894,13,8,0.570087712549569,2500,OLS_iid,iid,False,5
0,9,9001,21,210001,True,108,False,100,0.8574950378706654,6.801757990848273,0.6881325735671331,0.7585130843934883,0.9064038530096725,1.2481539339464045,0.4625364265610422,0.000329556680430454,13,8,0.570087712549569,2500,OLS_iid,iid,False,5
1,2,2001,12,120001,True,105,False,100,0.9220615443211098,5.04415940027684,0.6069508512891751,0.6339020475069544,0.8835977262037378,1.1673734727717935,0.47635786252477863,0.000294506860624305,13,8,0.570087712549569,2500,OLS_iid,iid,False,5
1,2,2001,17,170001,True,93,False,100,0.6831911616486906,4.50119227077812,0.5901292130923711,0.606555152059659,0.9329200009572104,1.0762785518526465,0.5222171386468993,0.00046252651264663374,13,8,0.570087712549569,2500,OLS_iid,iid,False,5
1,2,2001,15,150001,True,95,False,100,0.8608639089928485,4.846051180269569,0.6196523703642676,0.6385578874192734,0.9313016783177495,1.226928094939897,0.48032849871881456,0.00039649970106687944,13,8,0.570087712549569,2500,OLS_iid,iid,False,5
1,2,2001,16,160001,True,90,False,100,0.7794654686395939,5.208200948312879,0.6258859420776437,0.6551990117261771,1.1115103980687544,1.1615624377726947,0.5108883867393108,0.00048675650596106566,13,8,0.570087712549569,2500,OLS_iid,iid,False,5
1,2,2001,4,40001,True,113,False,100,0.6608952081777808,6.262042979244143,0.6090145358565257,0.6318703960499623,1.0221296059934675,1.1220948740693346,0.5317342754437687,0.0002520938498596542,13,8,0.570087712549569,2500,OLS_iid,iid,False,5
1,2,2001,0,1,True,109,False,100,0.8105587581235081,6.565887351054698,0.5785608643883743,0.5868751159574551,0.9956715866980551,1.016158842373429,0.5364882525270135,0.00025995330856141134,13,8,0.570087712549569,2500,OLS_iid,iid,False,5
1,2,2001,25,250001,True,99,False,100,0.872121929754804,4.086614754982293,0.6339373254557304,0.6526743850923977,1.0930328721925298,1.3083092123371667,0.42602881149898386,0.0003393241523845277,13,8,0.570087712549569,2500,OLS_iid,iid,False,5
1,2,2001,23,230001,True,96,False,100,0.6305444089430801,4.1972331600263715,0.5706718785486136,0.5813961259207935,0.9887467615761742,1.200273841780283,0.46952816880270615,0.00030906160236881223,13,8,0.570087712549569,2500,OLS_iid,iid,False,5
1,2,2001,22,220001,True,90,False,100,0.7782072645093546,4.349702066741884,0.6051416651683174,0.6243975118710873,1.0422942593329512,1.2919313276275286,0.47166337103774936,0.0004328242242305711,13,8,0.570087712549569,2500,OLS_iid,iid,False,5
1,2,2001,2,20001,True,110,False,100,0.6796067498128452,7.0201888252049685,0.6429863768753397,0.6754943393297708,1.1793104642116665,1.3092371361114183,0.5227069215409695,0.000287364290910198,13,8,0.570087712549569,2500,OLS_iid,iid,False,5
1,2,2001,29,290001,True,92,False,100,0.773436087093585,4.0945292338728905,0.5636647388592207,0.5773413691419831,0.8540907662602527,1.0337833769726992,0.5297149096561772,0.0003969321026377441,13,8,0.570087712549569,2500,OLS_iid,iid,False,5
1,2,2001,19,190001,True,93,False,100,0.7625645147987673,5.827665681950748,0.6102638311133005,0.6322214301274462,0.9439339961691446,1.1624525246617068,0.4683420349463164,0.00040395330649055616,13,8,0.570087712549569,2500,OLS_iid,iid,False,5
1,2,2001,28,280001,True,89,False,100,0.8304813982898617,4.270778408739716,0.5874640442245042,0.6009618361944231,0.9407614777154806,1.1106859946814545,0.5345448612512458,0.0004584937260625832,13,8,0.570087712549569,2500,OLS_iid,iid,False,5
1,3,3001,2,20001,True,90,False,100,0.6796067498128452,4.2368445177562535,0.6395725570102538,0.6763140710772593,0.9529337216587158,1.153958828232074,0.4998025231345542,0.00047899916051860803,13,8,0.570087712549569,2500,OLS_iid,iid,False,5
1,2,2001,24,240001,True,96,False,100,0.8573263233675178,4.552944416180253,0.6676153959230776,0.7113743992395345,1.10819854588638,1.1977109561927812,0.4476647474071557,0.0003661027628153021,13,8,0.570087712549569,2500,OLS_iid,iid,False,5
1,2,2001,27,270001,True,89,False,100,0.761282072897567,4.5099739343859255,0.6303090267183885,0.6575097271871775,0.9825450368892046,1.159687423613074,0.4797644813000341,0.0004796420469210176,13,8,0.570087712549569,2500,OLS_iid,iid,False,5
1,3,3001,18,180001,True,86,False,100,0.8026105958628158,4.061299717985094,0.664227711258715,0.7066363049982225,1.0618349237002622,1.2098169566214223,0.48224283376756305,0.0005665755566854301,13,8,0.570087712549569,2500,OLS_iid,iid,False,5
1,3,3001,4,40001,True,93,False,100,0.6608952081777808,4.370009812992066,0.5801415070980713,0.5945204129893453,0.922638206588556,1.023181234996257,0.5889082599064124,0.00044823683692815967,13,8,0.570087712549569,2500,OLS_iid,iid,False,5
1,3,3001,11,110001,True,90,False,100,0.7850213029027712,4.276045199949294,0.5970680327967378,0.6103496730999619,0.9781884451940569,1.162310715856175,0.5057125417348388,0.00044945021344523734,13,8,0.570087712549569,2500,OLS_iid,iid,False,5
1,3,3001,19,190001,True,86,False,100,0.7625645147987673,4.12759161228314,0.6212967479251842,0.6450147193296764,0.982291032377378,1.10392425515489,0.476035383027231,0.0005081485282923708,13,8,0.570087712549569,2500,OLS_iid,iid,False,5
1,3,3001,24,240001,True,86,False,100,0.8573263233675178,4.1208546929992735,0.6161330265005153,0.6410248686561896,1.02049510551386,1.1451677120920203,0.46264831374971654,0.0005020012093160679,13,8,0.570087712549569,2500,OLS_iid,iid,False,5
1,3,3001,13,130001,True,87,False,100,0.7622937846217469,4.280534714926034,0.59084870313148,0.6124115183696976,0.9247056973141924,1.209882449275419,0.4638353503222754,0.0005097250756348326,13,8,0.570087712549569,2500,OLS_iid,iid,False,5
1,3,3001,0,1,True,100,False,100,0.8105587581235081,4.589557627681643,0.6173227768885289,0.64087825986988,1.1365570702625434,1.2503759313658909,0.459761737905501,0.0003266310070535864,13,8,0.570087712549569,2500,OLS_iid,iid,False,5
1,4,4001,5,50001,True,85,False,100,0.7981756372625676,4.00041539222002,0.651918627799195,0.6923556787202081,1.158294547267774,1.2404145499681583,0.4875271292133319,0.0005741104428144404,13,8,0.570087712549569,2500,OLS_iid,iid,False,5
1,3,3001,29,290001,True,89,False,100,0.773436087093585,4.1084823668934405,0.6547824631287398,0.6884922563192372,0.9597983563803341,1.258829773392663,0.4373342770006363,0.00046434529213756865,13,8,0.570087712549569,2500,OLS_iid,iid,False,5
1,3,3001,8,80001,True,94,False,100,0.7997861171102976,4.430675639305264,0.5706240653575274,0.5926373950178255,0.8983063811194241,1.0044238005315336,0.5687237943267446,0.0004275977065432683,13,8,0.570087712549569,2500,OLS_iid,iid,False,5
1,3,3001,1,10001,True,97,False,100,0.8560040164143231,4.612675200682133,0.6089693257331528,0.6302616285629712,1.0213747952738323,1.1714796848635551,0.49219140673423545,0.0003116438339484995,13,8,0.570087712549569,2500,OLS_iid,iid,False,5
1,3,3001,10,100001,True,93,False,100,0.7324009293227647,4.442791766952723,0.6479348388392434,0.6847322373395848,1.0979689303742477,1.2159103820225088,0.44579506818239345,0.0004157991399153552,13,8,0.570087712549569,2500,OLS_iid,iid,False,5
1,3,3001,16,160001,True,91,False,100,0.7794654686395939,4.324235812295228,0.6015351415923078,0.6144803199186137,0.9243388316050936,1.097883007745374,0.5347131833030525,0.0004643021906875374,13,8,0.570087712549569,2500,OLS_iid,iid,False,5
1,3,3001,3,30001,True,97,False,100,0.930410464698022,4.600618853233755,0.593850269914378,0.6093998908874891,0.878050405823686,1.14513587039742,0.4831970279633775,0.00029801734875133345,13,8,0.570087712549569,2500,OLS_iid,iid,False,5
1,4,4001,4,40001,True,86,False,100,0.6608952081777808,4.09470452228561,0.6669886709595093,0.712213878035705,1.1377773135862124,1.2035250894315321,0.4876291949152696,0.0005704445985880636,13,8,0.570087712549569,2500,OLS_iid,iid,False,5
1,3,3001,20,200001,True,88,False,100,0.7733262645639506,4.274109003599733,0.6328522594796772,0.6640397819847438,0.9052782414395387,1.1357533282926804,0.4653481472496283,0.00048038080898023825,13,8,0.570087712549569,2500,OLS_iid,iid,False,5
1,4,4001,17,170001,True,83,False,100,0.6831911616486906,3.999545658007264,0.646767259010665,0.6807284628957994,0.9785042270783263,1.215664042129347,0.48474530198132365,0.000626352471693182,13,8,0.570087712549569,2500,OLS_iid,iid,False,5
1,4,4001,6,60001,True,87,False,100,0.6786196318849731,4.1074471259489655,0.6723023651095474,0.7142110704784385,0.9825420458774197,1.2335812283667713,0.4663719650294989,0.0005964686526747276,13,8,0.570087712549569,2500,OLS_iid,iid,False,5
1,3,3001,22,220001,True,98,False,100,0.7782072645093546,4.331245888024569,0.6461922918580526,0.6889335586536016,1.0068265276898645,1.345770007071333,0.44338030910074216,0.0003526527360735938,13,8,0.570087712549569,2500,OLS_iid,iid,False,5
1,4,4001,16,160001,True,85,False,100,0.7794654686395939,4.060365024954081,0.6059282064089941,0.6291674408453963,1.105466737000291,1.1608613294206818,0.4707706552324951,0.0005699083624737956,13,8,0.570087712549569,2500,OLS_iid,iid,False,5
1,3,3001,6,60001,True,94,False,100,0.6786196318849731,4.616592121310532,0.5429880715549293,0.5470827091238064,0.9396622838908065,0.9945556152378193,0.5580344604879,0.00047171202325095677,13,8,0.570087712549569,2500,OLS_iid,iid,False,5
1,3,3001,5,50001,True,98,False,100,0.7981756372625676,4.6081663756631315,0.6700988175666677,0.7160701776864273,1.0438684600748356,1.2870012727214386,0.4172259148016637,0.00037843206534435156,13,8,0.570087712549569,2500,OLS_iid,iid,False,5
1,4,4001,23,230001,True,85,False,100,0.6305444089430801,4.054042233154178,0.6445134936388736,0.6804820298611942,1.086159571418017,1.851919218785462,0.3631386450517046,0.0005217455461583815,13,8,0.570087712549569,2500,OLS_iid,iid,False,5
1,3,3001,15,150001,True,106,False,100,0.8608639089928485,4.501606557983905,0.6072855657474624,0.6533174095707582,0.9477301632751186,1.051223878126821,0.5205765776394673,0.0003053563449243468,13,8,0.570087712549569,2500,OLS_iid,iid,False,5
1,4,4001,0,1,True,92,False,100,0.8105587581235081,4.390127449296415,0.6033054381141969,0.6244429442426245,1.0182089877177023,1.1175824867685404,0.4666369180733534,0.00040608829561815016,13,8,0.570087712549569,2500,OLS_iid,iid,False,5
1,2,2001,26,260001,True,105,False,100,0.8425840216133976,5.0851594670675695,0.5636110724027141,0.562795348988988,1.002759539255145,1.125235296125759,0.4923008078801551,0.0002662827917240079,13,8,0.570087712549569,2500,OLS_iid,iid,False,5
1,4,4001,2,20001,True,90,False,100,0.6796067498128452,4.401616001036018,0.5995992614104179,0.616215713154137,1.1632983547412525,1.1394297150613495,0.4829485951022563,0.0005048446449765539,13,8,0.570087712549569,2500,OLS_iid,iid,False,5
1,3,3001,7,70001,True,99,False,100,0.7527979598478249,4.7806890602223575,0.5872727508807158,0.6017532754674823,0.9422718794043965,1.1427945639339747,0.5208476824044975,0.00037481119032609165,13,8,0.570087712549569,2500,OLS_iid,iid,False,5
1,3,3001,23,230001,True,95,False,100,0.6305444089430801,4.560967145953327,0.654486572022848,0.6917406291786202,1.0325616298324463,1.2182656552544138,0.4376241496795299,0.00034933203522899474,13,8,0.570087712549569,2500,OLS_iid,iid,False,5
1,3,3001,12,120001,True,97,False,100,0.9220615443211098,4.730686790775508,0.6013862599902963,0.626371371381397,0.9004181590225223,1.1190335573334746,0.4985079774545916,0.00038793632041513374,13,8,0.570087712549569,2500,OLS_iid,iid,False,5
1,4,4001,25,250001,True,89,False,100,0.872121929754804,4.221166347619146,0.6291181076571406,0.6607919069237553,1.109785206902046,1.2116962302096639,0.45066299193546816,0.00047518879268047034,13,8,0.570087712549569,2500,OLS_iid,iid,False,5
1,3,3001,27,270001,True,97,False,100,0.761282072897567,4.585863085929304,0.5416671493830448,0.5470559107305074,0.9857127292164746,0.9869165429304223,0.5808947419986381,0.00034290431762038886,13,8,0.570087712549569,2500,OLS_iid,iid,False,5
1,3,3001,28,280001,True,95,False,100,0.8304813982898617,4.588074138853699,0.6372923794712808,0.6671348975159065,1.1030856490638938,1.1196695823780967,0.5278845430181826,0.0004075666978449287,13,8,0.570087712549569,2500,OLS_iid,iid,False,5
1,3,3001,26,260001,True,98,False,100,0.8425840216133976,4.644892385229468,0.6452225214261017,0.686747613703289,1.0028273319002219,1.2698043112938975,0.40418356127314087,0.00037936372914045344,13,8,0.570087712549569,2500,OLS_iid,iid,False,5
1,2,2001,21,210001,True,112,False,100,0.8574950378706654,5.893297022208571,0.6687471771454018,0.7145727148485701,1.0996679542467114,1.37246311302506,0.443628637685403,0.00025506259568484717,13,8,0.570087712549569,2500,OLS_iid,iid,False,5
1,5,5001,7,70001,True,88,False,100,0.7527979598478249,4.158741434104741,0.6496284410982963,0.6855131423329932,1.0734597510886281,1.2763138500892552,0.4794694808952273,0.000529845273450109,13,8,0.570087712549569,2500,OLS_iid,iid,False,5
1,4,4001,7,70001,True,96,False,100,0.7527979598478249,4.542586336378008,0.6350127948153808,0.6643530104158964,1.0991657475343404,1.1758693735017005,0.49292095216752774,0.0004373667791217798,13,8,0.570087712549569,2500,OLS_iid,iid,False,5
1,3,3001,21,210001,True,101,False,100,0.8574950378706654,4.7633906421251595,0.633452264241927,0.6640752687637982,0.9437737344274466,1.1570938680119063,0.49434431346952373,0.00033868983056508923,13,8,0.570087712549569,2500,OLS_iid,iid,False,5
1,4,4001,27,270001,True,83,False,100,0.761282072897567,4.352357076946646,0.6710644761290471,0.7175170577602236,0.9408184127744796,1.2604902361392138,0.40107404665369445,0.000600672265882568,13,8,0.570087712549569,2500,OLS_iid,iid,False,5
1,3,3001,25,250001,True,100,False,100,0.872121929754804,4.773638342972845,0.6002518709396523,0.6165204443770538,0.9870617292297994,1.100168251341768,0.5089577660725545,0.0003680559736248001,13,8,0.570087712549569,2500,OLS_iid,iid,False,5
1,4,4001,29,290001,True,92,False,100,0.773436087093585,4.366627369076014,0.6449811369406209,0.6804141047336868,1.0887971336770172,1.17732749282028,0.4482238912942123,0.0004039959293981811,13,8,0.570087712549569,2500,OLS_iid,iid,False,5
1,4,4001,1,10001,True,100,False,100,0.8560040164143231,4.724103881046176,0.670156804503323,0.7145335479997249,1.0492690974268424,1.2714539366821416,0.4604481862787695,0.0002942322008686807,13,8,0.570087712549569,2500,OLS_iid,iid,False,5
1,4,4001,12,120001,True,97,False,100,0.9220615443211098,4.598149541765451,0.5778040665686096,0.5955116286882194,0.940701264333999,1.1463627725446672,0.5250796144985924,0.0003291802293616143,13,8,0.570087712549569,2500,OLS_iid,iid,False,5
1,4,4001,22,220001,True,94,False,100,0.7782072645093546,4.50958207808435,0.612368812580823,0.6346610772059145,1.1200253907112545,1.127832096282563,0.5015221016359651,0.0004178193278493849,13,8,0.570087712549569,2500,OLS_iid,iid,False,5
1,5,5001,18,180001,True,85,False,100,0.8026105958628158,4.07664979994297,0.6217319100807196,0.6511041131139812,1.1892637329196487,1.1931505358873498,0.4926060238597681,0.0005775450625158246,13,8,0.570087712549569,2500,OLS_iid,iid,False,5
1,3,3001,17,170001,True,95,False,100,0.6831911616486906,4.948908436112106,0.591663988005904,0.6099267686970794,1.1647201761359287,1.1965736392681448,0.5041374091916528,0.00042751092132789666,13,8,0.570087712549569,2500,OLS_iid,iid,False,5
1,5,5001,10,100001,True,85,False,100,0.7324009293227647,4.305614843033254,0.6080936078962964,0.6289452392442085,0.9187402580254324,1.157470585070132,0.46404653426542536,0.0005357236922382455,13,8,0.570087712549569,2500,OLS_iid,iid,False,5
1,5,5001,5,50001,True,92,False,100,0.7981756372625676,4.380410863086581,0.6247250977798092,0.65488366799595,1.1708076811829409,1.2205571326785474,0.4902043514332764,0.0004244426140984059,13,8,0.570087712549569,2500,OLS_iid,iid,False,5
1,4,4001,14,140001,True,98,False,100,0.9490326339516414,4.681639705318958,0.5334363091970429,0.5333408737523476,1.0297126606926592,1.0916372070140095,0.5186246823094214,0.0002996159924058479,13,8,0.570087712549569,2500,OLS_iid,iid,False,5
1,3,3001,9,90001,True,108,False,100,0.8702724024523968,5.156556222122163,0.5556888136043269,0.5650099884005271,1.0156501213455102,1.0042246228397393,0.5648618206542664,0.0002804247577677553,13,8,0.570087712549569,2500,OLS_iid,iid,False,5
1,5,5001,4,40001,True,92,False,100,0.6608952081777808,4.41654819669202,0.6783791907693648,0.7265204291819433,1.0276897107825227,1.3347917596829981,0.4345000075945616,0.0004748474856117134,13,8,0.570087712549569,2500,OLS_iid,iid,False,5
1,4,4001,21,210001,True,97,False,100,0.8574950378706654,4.590812217909843,0.6535669176367591,0.6857194681712196,1.0221205657578007,1.258454531880564,0.45861859712887104,0.00039410875085850574,13,8,0.570087712549569,2500,OLS_iid,iid,False,5
1,5,5001,9,90001,True,92,False,100,0.8702724024523968,4.3389172297902405,0.6397398048564145,0.6678320882270369,1.0061571621164256,1.2467280747680216,0.4237615391009919,0.00041993289489541025,13,8,0.570087712549569,2500,OLS_iid,iid,False,5
1,5,5001,2,20001,True,87,False,100,0.6796067498128452,4.489725489169359,0.6316057758115011,0.6638525005476077,0.9221411285620099,1.286261232091529,0.4040527549589763,0.0004961898013919324,13,8,0.570087712549569,2500,OLS_iid,iid,False,5
1,4,4001,10,100001,True,99,False,100,0.7324009293227647,4.75159376161173,0.6137197056492066,0.6396257910486132,1.0608366224017436,1.1566714629554087,0.5026833147595978,0.00029401113070838677,13,8,0.570087712549569,2500,OLS_iid,iid,False,5
1,4,4001,26,260001,True,96,False,100,0.8425840216133976,4.569565601181239,0.6133721867666629,0.6390942905816206,0.8866494103872433,1.2094641886488546,0.46035354877297846,0.0002810342299506875,13,8,0.570087712549569,2500,OLS_iid,iid,False,5
1,5,5001,17,170001,True,87,False,100,0.6831911616486906,4.245860279072076,0.6259591270325797,0.6601370191287221,0.8550036706465527,1.1218033064424444,0.46663402484433436,0.0005646614939900644,13,8,0.570087712549569,2500,OLS_iid,iid,False,5
1,4,4001,9,90001,True,102,False,100,0.8702724024523968,4.799474625848234,0.5989979881973518,0.6194316026131766,1.1405956069960193,1.066008071244735,0.5332468457039328,0.0003174233178306783,13,8,0.570087712549569,2500,OLS_iid,iid,False,5
1,5,5001,8,80001,True,93,False,100,0.7997861171102976,4.426354653201997,0.6776457201677815,0.7308784666291268,1.1082206451078929,1.2927159676363038,0.44843981453509435,0.0004716869170691357,13,8,0.570087712549569,2500,OLS_iid,iid,False,5
1,4,4001,8,80001,True,100,False,100,0.7997861171102976,4.827191683929414,0.6337406819823314,0.6670405935337644,1.0599057838500063,1.177951820275039,0.5274629807189102,0.0003786653926490207,13,8,0.570087712549569,2500,OLS_iid,iid,False,5
1,5,5001,16,160001,True,89,False,100,0.7794654686395939,4.295557870995253,0.6042352615352574,0.6213640536004091,1.0423283238056489,1.1504044764545247,0.4812107120671154,0.00047753171180730744,13,8,0.570087712549569,2500,OLS_iid,iid,False,5
1,4,4001,28,280001,True,98,False,100,0.8304813982898617,4.6291781649924815,0.5772660139487379,0.5918357041969254,0.9380331547349476,1.158743660631663,0.4791252718114935,0.0003638970817597782,13,8,0.570087712549569,2500,OLS_iid,iid,False,5
1,4,4001,13,130001,True,101,False,100,0.7622937846217469,4.864407430868596,0.6466002085682424,0.6773475849350542,0.9011730392530709,1.2674703800671272,0.4334340776810098,0.0003229914818836955,13,8,0.570087712549569,2500,OLS_iid,iid,False,5
1,5,5001,1,10001,True,98,False,100,0.8560040164143231,4.655296945944428,0.5595497209299944,0.5586031541035044,1.0813117704756325,1.0454518551546041,0.5169405258153186,0.00030495768848169257,13,8,0.570087712549569,2500,OLS_iid,iid,False,5
1,4,4001,18,180001,True,101,False,100,0.8026105958628158,4.8213827586732805,0.5932396334676676,0.6159723443474936,0.9993899824983543,2.294983421453104,0.5309532685583718,0.0003614950841784372,13,8,0.570087712549569,2500,OLS_iid,iid,False,5
1,4,4001,19,190001,True,97,False,100,0.7625645147987673,4.808032101020217,0.6073175407663653,0.6304950467842996,1.0417871853813052,1.132982767510428,0.4438360146756461,0.0003574718792910103,13,8,0.570087712549569,2500,OLS_iid,iid,False,5
1,4,4001,20,200001,True,100,False,100,0.7733262645639506,4.790478853974491,0.6561411031015856,0.6965951238712921,0.9447737846288922,1.2726176518074788,0.42795930572123275,0.0003439824965598454,13,8,0.570087712549569,2500,OLS_iid,iid,False,5
1,5,5001,21,210001,True,91,False,100,0.8574950378706654,4.218158821109682,0.6200770478122342,0.6457224169419965,1.1073800539268368,1.1989517557371856,0.5129770963798258,0.0004363596879231522,13,8,0.570087712549569,2500,OLS_iid,iid,False,5
1,5,5001,0,1,True,98,False,100,0.8105587581235081,4.700097274035215,0.623912590755568,0.6580849912722885,1.0643822878246594,1.2744183700235976,0.47532864112983403,0.00033197385825039247,13,8,0.570087712549569,2500,OLS_iid,iid,False,5
1,4,4001,15,150001,True,102,False,100,0.8608639089928485,4.889512099791318,0.5954890735054853,0.6146632101735957,0.9317270485069891,1.145099254546309,0.4587880607272879,0.00032366163083104657,13,8,0.570087712549569,2500,OLS_iid,iid,False,5
1,5,5001,11,110001,True,95,False,100,0.7850213029027712,4.5517013859935105,0.617994413024662,0.644175671206888,1.006213530626944,1.1126135990506354,0.5122864067545234,0.00034341009360968456,13,8,0.570087712549569,2500,OLS_iid,iid,False,5
1,4,4001,11,110001,True,100,False,100,0.7850213029027712,4.982847196981311,0.6090943105010966,0.6279681918719843,1.0317041577300774,1.1073930738874413,0.4778434384061378,0.00037291806011066126,13,8,0.570087712549569,2500,OLS_iid,iid,False,5
1,3,3001,14,140001,True,113,False,100,0.9490326339516414,5.355953640770167,0.5855471760575581,0.6123865840541206,1.0554963753567015,1.2497002817525076,0.46547433746356814,0.00020715555946473646,13,8,0.570087712549569,2500,OLS_iid,iid,False,5
1,5,5001,15,150001,True,94,False,100,0.8608639089928485,4.506404912099242,0.5669099511421365,0.5772274840086292,1.1104824545130936,1.4249443190558464,0.5111595037494107,0.0003520285340944383,13,8,0.570087712549569,2500,OLS_iid,iid,False,5
1,5,5001,22,220001,True,91,False,100,0.7782072645093546,4.303343350999057,0.6047734266178918,0.6205538445901483,0.9808149373209852,1.0729130598600267,0.5171352857955646,0.00044824820063062143,13,8,0.570087712549569,2500,OLS_iid,iid,False,5
1,5,5001,12,120001,True,96,False,100,0.9220615443211098,4.603116423822939,0.6307148093080521,0.6561557109049907,1.1650950791184298,1.3313291243447594,0.48148229409707105,0.0003955311100768637,13,8,0.570087712549569,2500,OLS_iid,iid,False,5
1,5,5001,19,190001,True,93,False,100,0.7625645147987673,4.511454093735665,0.5989834431539591,0.6103600786007026,1.1859234386837239,1.1854690883676173,0.4817468741521403,0.000408327144906876,13,8,0.570087712549569,2500,OLS_iid,iid,False,5
1,5,5001,26,260001,True,91,False,100,0.8425840216133976,4.3121277638711035,0.5639965717892147,0.5780891139038284,0.839342857055041,1.0822211692364554,0.4798264767138045,0.0004067037354435893,13,8,0.570087712549569,2500,OLS_iid,iid,False,5
1,4,4001,3,30001,True,102,False,100,0.930410464698022,5.31742729479447,0.6248552932426191,0.6539735293534528,1.0057580736931797,1.3174606011261176,0.4028071368200787,0.0002595070836832902,13,8,0.570087712549569,2500,OLS_iid,iid,False,5
1,5,5001,27,270001,True,89,False,100,0.761282072897567,4.369330117944628,0.6335625168670117,0.6690703693494979,1.1237244960260215,1.2317770961418344,0.42245339447885816,0.0004788967201122517,13,8,0.570087712549569,2500,OLS_iid,iid,False,5
1,5,5001,25,250001,True,88,False,100,0.872121929754804,4.472358281258494,0.5540053445751978,0.5595985277709837,0.9113344031591019,1.0339234053454385,0.5192749085550168,0.0004844774060287607,13,8,0.570087712549569,2500,OLS_iid,iid,False,5
1,5,5001,13,130001,True,101,False,100,0.7622937846217469,4.887622214388102,0.5964578910386996,0.6091920420065992,1.200001733911947,1.1177420464582406,0.48669590320343176,0.0003534821460752131,13,8,0.570087712549569,2500,OLS_iid,iid,False,5
1,6,6001,5,50001,True,88,False,100,0.7981756372625676,4.225151306949556,0.6389165289058664,0.6729122493347435,1.198637245200508,1.1794555269363742,0.4834173450032547,0.0005155840216980845,13,8,0.570087712549569,2500,OLS_iid,iid,False,5
1,5,5001,24,240001,True,90,False,100,0.8573263233675178,4.630864482372999,0.6497362617749797,0.6839974968977451,0.9180744518196075,1.1821562101970053,0.44484551476466744,0.00039533473699945523,13,8,0.570087712549569,2500,OLS_iid,iid,False,5
1,5,5001,28,280001,True,108,False,100,0.8304813982898617,4.50629781326279,0.6102107500229336,0.6325410887842623,0.9513221966063209,1.158431512158854,0.5270115653429587,0.00026105066013823073,13,8,0.570087712549569,2500,OLS_iid,iid,False,5
1,5,5001,29,290001,True,94,False,100,0.773436087093585,4.504660046193749,0.6355240789270027,0.6683694739582628,1.0202083370420991,1.2192819034792934,0.4748973735055721,0.00032327970895460134,13,8,0.570087712549569,2500,OLS_iid,iid,False,5
1,6,6001,3,30001,True,93,False,100,0.930410464698022,4.408494128845632,0.6016066007537452,0.6149714464422373,1.0399407045480704,1.1282690495594134,0.4706493623050671,0.0003325970313425038,13,8,0.570087712549569,2500,OLS_iid,iid,False,5
1,6,6001,8,80001,True,91,False,100,0.7997861171102976,4.317731300834566,0.6168433847162815,0.6502462748966019,1.1708797064989995,1.1594124512373336,0.5162282373737046,0.0005005952643282464,13,8,0.570087712549569,2500,OLS_iid,iid,False,5
1,5,5001,14,140001,True,93,False,100,0.9490326339516414,5.091525117866695,0.623374748360857,0.6529259303704807,1.0117227191261349,1.22580600387279,0.394428207610638,0.00037480115183949667,13,8,0.570087712549569,2500,OLS_iid,iid,False,5
1,5,5001,6,60001,True,109,False,100,0.6786196318849731,5.286509071011096,0.6181480998753489,0.6439442346290298,0.857561272261772,1.18320380069512,0.4720809887279718,0.0003083643003221234,13,8,0.570087712549569,2500,OLS_iid,iid,False,5
1,6,6001,0,1,True,97,False,100,0.8105587581235081,4.60793865704909,0.5775623340266113,0.5831690812432244,1.0811535408613175,1.1231581691147,0.4794290550252707,0.0003544510350466306,13,8,0.570087712549569,2500,OLS_iid,iid,False,5
1,6,6001,7,70001,True,85,False,100,0.7527979598478249,4.425310930237174,0.6135936170487527,0.6367929819672319,0.9590626229271796,1.0953640818982773,0.5122641041137809,0.0006500671780840905,13,8,0.570087712549569,2500,OLS_iid,iid,False,5
1,6,6001,6,60001,True,94,False,100,0.6786196318849731,4.56030581984669,0.6220175786250466,0.6474162690691141,1.0397576057257554,1.1603490850153617,0.5110934743483986,0.0004606371210486419,13,8,0.570087712549569,2500,OLS_iid,iid,False,5
1,4,4001,24,240001,True,117,False,100,0.8573263233675178,5.608906460925937,0.5916180111370425,0.6105567214884103,0.9487870051958442,1.1605137837546238,0.443314985547445,0.00021999641347237144,13,8,0.570087712549569,2500,OLS_iid,iid,False,5
1,5,5001,20,200001,True,104,False,100,0.7733262645639506,5.112528787925839,0.6194617348292828,0.6438166877368053,1.1321427941099869,1.1808784442364455,0.4672266235416655,0.0002866878731918211,13,8,0.570087712549569,2500,OLS_iid,iid,False,5
1,5,5001,3,30001,True,117,False,100,0.930410464698022,5.523112285882235,0.550251625493501,0.5574808141767214,0.8569224070199015,1.2124611950424664,0.4644325609120597,0.00016594448353302691,13,8,0.570087712549569,2500,OLS_iid,iid,False,5
1,6,6001,14,140001,True,93,False,100,0.9490326339516414,4.506401971913874,0.5764209456105573,0.593072899421671,1.212776529648644,1.1161867968762287,0.4666132237474021,0.000367331050655152,13,8,0.570087712549569,2500,OLS_iid,iid,False,5
1,6,6001,4,40001,True,102,False,100,0.6608952081777808,4.749303459189832,0.6754444125270878,0.7216333404578299,1.0088127883677316,1.218444118029202,0.5039601913799103,0.0003466022383496999,13,8,0.570087712549569,2500,OLS_iid,iid,False,5
1,6,6001,9,90001,True,88,False,100,0.8702724024523968,4.688940439373255,0.6137454995597098,0.6416287196957058,1.018148122841014,1.194578406532474,0.4750684259131475,0.000473975756964231,13,8,0.570087712549569,2500,OLS_iid,iid,False,5
1,6,6001,18,180001,True,88,False,100,0.8026105958628158,4.194252472836524,0.6616129883399866,0.7010961932071591,1.0840740607010662,1.2542109119898501,0.43308716541445946,0.0005664134369591328,13,8,0.570087712549569,2500,OLS_iid,iid,False,5
1,6,6001,2,20001,True,99,False,100,0.6796067498128452,4.926635146141052,0.6219192325856341,0.653297519219409,1.0622761229893865,1.133942639384733,0.5407951960646725,0.0003046680469323026,13,8,0.570087712549569,2500,OLS_iid,iid,False,5
1,6,6001,10,100001,True,87,False,100,0.7324009293227647,4.7797134961001575,0.5624622326557,0.572595127833385,0.8651986319802406,1.0893370071908095,0.47766307637409366,0.0005099198685668049,13,8,0.570087712549569,2500,OLS_iid,iid,False,5
1,6,6001,12,120001,True,96,False,100,0.9220615443211098,4.8050983739085495,0.5625845911591958,0.5693061633777154,1.290531044813898,1.0744061233321218,0.5478193150561389,0.0003834398564029967,13,8,0.570087712549569,2500,OLS_iid,iid,False,5
1,6,6001,15,150001,True,95,False,100,0.8608639089928485,4.518323841039091,0.5776483470933791,0.5785423972370964,1.022715860016523,1.011066068814922,0.5128157303925291,0.00039883683590029897,13,8,0.570087712549569,2500,OLS_iid,iid,False,5
1,6,6001,16,160001,True,92,False,100,0.7794654686395939,4.510717308614403,0.5654148984200131,0.5787476298156219,1.002684834458116,1.2300247196780056,0.5227917429712957,0.0004323193191388963,13,8,0.570087712549569,2500,OLS_iid,iid,False,5
1,6,6001,1,10001,True,97,False,100,0.8560040164143231,5.1981866946443915,0.5944279390163797,0.6145449302280949,1.222506740997523,1.23407801874273,0.4964579136728376,0.00038141625434256305,13,8,0.570087712549569,2500,OLS_iid,iid,False,5
1,6,6001,21,210001,True,90,False,100,0.8574950378706654,4.377160958014429,0.5758746066679115,0.5881977940307694,1.0106228572023346,1.1118695492205568,0.5480310633481534,0.0004667769606395409,13,8,0.570087712549569,2500,OLS_iid,iid,False,5
1,6,6001,11,110001,True,103,False,100,0.7850213029027712,5.102843481581658,0.5740170424899974,0.5829676929135514,1.0612907866197223,1.0987241631305136,0.5325153306089422,0.0003128250991733876,13,8,0.570087712549569,2500,OLS_iid,iid,False,5
1,6,6001,17,170001,True,83,False,100,0.6831911616486906,4.8957467009313405,0.6315151902089751,0.6646976449239226,0.9739095768345615,1.1489977463613157,0.4968234180887852,0.0006097837235193404,13,8,0.570087712549569,2500,OLS_iid,iid,False,5
1,6,6001,13,130001,True,107,False,100,0.7622937846217469,5.33003251766786,0.6198855172695681,0.6510120059974928,1.0527363418599713,1.2713999077402434,0.454682877299811,0.0003113989022630632,13,8,0.570087712549569,2500,OLS_iid,iid,False,5
1,6,6001,23,230001,True,86,False,100,0.6305444089430801,4.354168932884932,0.6291420539891668,0.6595082397669506,0.8901910927900099,1.1861809559385783,0.43773682353868165,0.0005483838103531081,13,8,0.570087712549569,2500,OLS_iid,iid,False,5
1,6,6001,19,190001,True,93,False,100,0.7625645147987673,5.068827351089567,0.6632951356852878,0.7052023432695399,1.0276310635252284,1.2498707122986357,0.3777022488192838,0.0003998454678713145,13,8,0.570087712549569,2500,OLS_iid,iid,False,5
1,5,5001,23,230001,True,113,False,100,0.6305444089430801,6.3621328747831285,0.5085097536985576,0.5061613695749971,1.168986793251591,1.0497159767061781,0.5689691610961155,0.0002428658641778406,13,8,0.570087712549569,2500,OLS_iid,iid,False,5
1,7,7001,0,1,True,90,False,100,0.8105587581235081,3.806452521122992,0.6834258447439334,0.7596640826460881,1.0251896760288706,7.987123675852383,0.4597967115695656,0.00046409642524529085,13,8,0.570087712549569,2500,OLS_iid,iid,False,5
1,6,6001,26,260001,True,92,False,100,0.8425840216133976,4.066792224999517,0.6034144693184782,0.6266417437730764,1.1514145296491858,1.182233707932406,0.4728008396828463,0.0003999795295950368,13,8,0.570087712549569,2500,OLS_iid,iid,False,5
1,6,6001,20,200001,True,114,False,100,0.7733262645639506,5.53870084695518,0.6041132327650517,0.6264472827687793,0.9307088921873589,1.2415221559575722,0.42723128125750626,0.00022946471144703385,13,8,0.570087712549569,2500,OLS_iid,iid,False,5
1,6,6001,25,250001,True,85,False,100,0.872121929754804,4.622806593775749,0.6202086574964435,0.6450365388184418,0.9625065670116257,1.1270291341327459,0.472447823489365,0.0005652507471320928,13,8,0.570087712549569,2500,OLS_iid,iid,False,5
1,6,6001,22,220001,True,114,False,100,0.7782072645093546,5.4866349240764976,0.578851846231961,0.5939134364825824,1.079852920899881,0.988401370433714,0.5668679414603798,0.00024131279372231794,13,8,0.570087712549569,2500,OLS_iid,iid,False,5
1,6,6001,27,270001,True,90,False,100,0.761282072897567,4.266296683810651,0.6519281676238275,0.6887236386422306,1.0347517301409095,1.2784375897043005,0.46665165638437506,0.00044310956323276925,13,8,0.570087712549569,2500,OLS_iid,iid,False,5
1,7,7001,24,240001,True,88,False,100,0.8573263233675178,3.558486982714385,0.6328395024002721,0.6628895274679301,1.005871404910014,1.161924435948636,0.46420895420396313,0.0004799684999015794,13,8,0.570087712549569,2500,OLS_iid,iid,False,5
1,7,7001,2,20001,True,87,False,100,0.6796067498128452,4.150062910746783,0.6286614217413113,0.670451631300907,0.8395568594858763,1.1971727416192506,0.4674737278428765,0.0005315413789102159,13,8,0.570087712549569,2500,OLS_iid,iid,False,5
1,7,7001,1,10001,True,87,False,100,0.8560040164143231,4.229311576113105,0.6425784324406548,0.6777086172779545,0.9999304676121239,1.2120176181471767,0.44596099197682926,0.0005119317730674724,13,8,0.570087712549569,2500,OLS_iid,iid,False,5
1,7,7001,8,80001,True,84,False,100,0.7997861171102976,3.952594936825335,0.6127395077417143,0.639819382392025,0.9926049534380643,1.06093409744534,0.5217671798404776,0.0006574292729487505,13,8,0.570087712549569,2500,OLS_iid,iid,False,5
1,7,7001,29,290001,True,92,False,100,0.773436087093585,3.688920058310032,0.6000766556168726,0.6202080074241736,0.9217997866096078,1.099856157645881,0.5153219680196446,0.00041449713329034117,13,8,0.570087712549569,2500,OLS_iid,iid,False,5
1,7,7001,3,30001,True,90,False,100,0.930410464698022,4.2370661166496575,0.6317409433688084,0.6657191003133226,1.0566541081344951,1.2795863563836238,0.40012171879871294,0.0003955160963258054,13,8,0.570087712549569,2500,OLS_iid,iid,False,5
1,7,7001,5,50001,True,87,False,100,0.7981756372625676,4.239169829990715,0.6650557554826988,0.7099387158795525,1.1125786045588273,1.287913921698565,0.4414268949305192,0.0005698337602070585,13,8,0.570087712549569,2500,OLS_iid,iid,False,5
1,7,7001,19,190001,True,84,False,100,0.7625645147987673,3.985027418937534,0.5631021092845181,0.5704828822766138,1.0251347894507434,1.0657278532069576,0.5190841066959563,0.0005413221440706979,13,8,0.570087712549569,2500,OLS_iid,iid,False,5
1,7,7001,13,130001,True,85,False,100,0.7622937846217469,4.061215607915074,0.593741068840402,0.6128195913739306,1.2632814840936004,1.1380977408938149,0.5245812510663356,0.0005776951878814062,13,8,0.570087712549569,2500,OLS_iid,iid,False,5
1,7,7001,11,110001,True,90,False,100,0.7850213029027712,4.125826585106552,0.583059487917384,0.5924895230514603,0.918425473878294,1.1042510296867876,0.5105531083094207,0.00047645306565902797,13,8,0.570087712549569,2500,OLS_iid,iid,False,5
1,7,7001,17,170001,True,84,False,100,0.6831911616486906,4.0545619977638125,0.6480383774487822,0.6856231305474305,0.8900619135930267,1.0985540150952189,0.5297537980411222,0.0005925716931064199,13,8,0.570087712549569,2500,OLS_iid,iid,False,5
1,7,7001,20,200001,True,86,False,100,0.7733262645639506,4.104441947769374,0.5868125207511937,0.6084700437698296,1.0343702765412899,1.1029120951878546,0.48346615864029335,0.0005058282356116534,13,8,0.570087712549569,2500,OLS_iid,iid,False,5
1,8,8001,23,230001,True,92,False,100,0.6305444089430801,3.498657690361142,0.6434236014428889,0.6792226012295877,0.9221399035159864,1.1569464815101216,0.46621891714281966,0.0004196689856470625,13,8,0.570087712549569,2500,OLS_iid,iid,False,5
1,7,7001,16,160001,True,89,False,100,0.7794654686395939,4.230814313981682,0.6603955192719991,0.7058886688649199,1.1922173788543824,1.7285854356390649,0.4768486400392031,0.0004569210401132857,13,8,0.570087712549569,2500,OLS_iid,iid,False,5
1,8,8001,7,70001,True,84,False,100,0.7527979598478249,3.8372589969076216,0.6569119373018033,0.6944017069117584,1.0701383369166413,1.1896699457849904,0.46106891749104656,0.0006555323029076711,13,8,0.570087712549569,2500,OLS_iid,iid,False,5
1,6,6001,29,290001,True,94,False,100,0.773436087093585,4.872382549569011,0.5657317370702147,0.5815786393541675,0.875620705910409,1.0522365608809745,0.5330954221901465,0.0003860134829412428,13,8,0.570087712549569,2500,OLS_iid,iid,False,5
1,7,7001,14,140001,True,92,False,100,0.9490326339516414,4.301165916956961,0.5915867170682295,0.610692980391489,0.9993023526882904,1.2578865982162597,0.4449227140574215,0.00038200812887897334,13,8,0.570087712549569,2500,OLS_iid,iid,False,5
1,7,7001,25,250001,True,88,False,100,0.872121929754804,4.146321558859199,0.6288754814706776,0.6570590492131456,0.9963530255364063,1.1899025807936436,0.5292071980048384,0.0004289320891280747,13,8,0.570087712549569,2500,OLS_iid,iid,False,5
1,7,7001,6,60001,True,95,False,100,0.6786196318849731,4.495670913718641,0.6027313224242783,0.621001756268538,1.016052800785542,1.0279152230671595,0.5690628874995866,0.0004209025529935761,13,8,0.570087712549569,2500,OLS_iid,iid,False,5
1,7,7001,18,180001,True,89,False,100,0.8026105958628158,4.2983280890621245,0.6027648305244693,0.62321222052981,0.8599433812579429,1.1012947745745474,0.5321941749508209,0.0005042640083814314,13,8,0.570087712549569,2500,OLS_iid,iid,False,5
1,7,7001,15,150001,True,93,False,100,0.8608639089928485,4.389788642060012,0.6040148370628086,0.6285901816258727,1.1680099470339491,1.1882525161729804,0.44953420090812957,0.00039507402395569385,13,8,0.570087712549569,2500,OLS_iid,iid,False,5
1,8,8001,2,20001,True,86,False,100,0.6796067498128452,4.086282777134329,0.6174040357235325,0.6484645875633185,0.9936020457258911,1.1289559800617586,0.5048734822715669,0.000538478846617337,13,8,0.570087712549569,2500,OLS_iid,iid,False,5
1,8,8001,0,1,True,87,False,100,0.8105587581235081,4.146095090080053,0.6611744736699363,0.7019319646832428,1.1316009175084427,1.4442307137223274,0.37297083237929035,0.0004711279770472726,13,8,0.570087712549569,2500,OLS_iid,iid,False,5
1,8,8001,19,190001,True,93,False,100,0.7625645147987673,3.7936637587845325,0.6573533328131911,0.6950221306280315,0.9946361623059029,1.152692674082019,0.47399633626832843,0.00044135497617222316,13,8,0.570087712549569,2500,OLS_iid,iid,False,5
1,6,6001,28,280001,True,109,False,100,0.8304813982898617,5.157593433745205,0.6206848277164991,0.6499248680658837,1.0454074639253454,1.14477728354538,0.5175125696907216,0.0002650357391529268,13,8,0.570087712549569,2500,OLS_iid,iid,False,5
1,8,8001,8,80001,True,85,False,100,0.7997861171102976,4.056317145936191,0.6055642828329665,0.6323128030910616,1.1782435080344567,1.13236788014176,0.5167567030994075,0.000617601656805153,13,8,0.570087712549569,2500,OLS_iid,iid,False,5
1,8,8001,3,30001,True,90,False,100,0.930410464698022,4.180784236174077,0.5641126128924226,0.5746737058356622,0.9041369955545349,1.1547037326048615,0.42322530934162805,0.00038808537438898724,13,8,0.570087712549569,2500,OLS_iid,iid,False,5
1,7,7001,21,210001,True,90,False,100,0.8574950378706654,4.4807593072764575,0.6502126199051527,0.6852540694022895,1.006520594742606,1.1561984479433338,0.5150525984410699,0.00047162149169983973,13,8,0.570087712549569,2500,OLS_iid,iid,False,5
1,8,8001,13,130001,True,84,False,100,0.7622937846217469,4.014097686856985,0.665545420332198,0.7093093751682619,1.1843419765116083,1.3112453025023825,0.4057591757052588,0.0006063426130290905,13,8,0.570087712549569,2500,OLS_iid,iid,False,5
1,7,7001,26,260001,True,91,False,100,0.8425840216133976,4.440566163975745,0.5295882343866837,0.5301437086585477,0.9738326486606488,1.0422341433549283,0.5502714632698781,0.00036109084995525944,13,8,0.570087712549569,2500,OLS_iid,iid,False,5
1,8,8001,17,170001,True,84,False,100,0.6831911616486906,3.9807916819117963,0.6423773376643878,0.6816726248765712,1.0161384549254069,1.2490110119166522,0.5063314629735177,0.0005941773681033904,13,8,0.570087712549569,2500,OLS_iid,iid,False,5
1,7,7001,9,90001,True,100,False,100,0.8702724024523968,4.758428778965026,0.6118954225987177,0.6352430659217178,0.8971365705309698,1.1529872555628242,0.4876591488903861,0.0003093064051546772,13,8,0.570087712549569,2500,OLS_iid,iid,False,5
1,7,7001,4,40001,True,107,False,100,0.6608952081777808,4.954150786157697,0.6310775858829567,0.6632036470431386,1.0818428589066054,1.2203456577451568,0.4859359928558127,0.00032187226964294985,13,8,0.570087712549569,2500,OLS_iid,iid,False,5
1,8,8001,6,60001,True,91,False,100,0.6786196318849731,4.268982512876391,0.6629477056093007,0.7148501580342506,1.2407267705894978,1.1560146600629022,0.4953568308310122,0.0005220673254569355,13,8,0.570087712549569,2500,OLS_iid,iid,False,5
1,8,8001,4,40001,True,91,False,100,0.6608952081777808,4.324216892011464,0.6267642383335046,0.6397442865513215,0.8538254667455989,1.1830142202438911,0.48458483563076477,0.00048826001285015916,13,8,0.570087712549569,2500,OLS_iid,iid,False,5
1,9,9001,8,80001,True,98,False,100,0.7997861171102976,3.8284389339387417,0.62104381222011,0.6534032744411298,1.1767070170494973,1.1840234249645334,0.5298386158273205,0.0004158944684880198,13,8,0.570087712549569,2500,OLS_iid,iid,False,5
1,8,8001,9,90001,True,90,False,100,0.8702724024523968,4.250419074203819,0.6819153168382452,0.7255208512728237,1.1193131748590488,2.3789783124009936,0.45007905437137175,0.0004897271042688157,13,8,0.570087712549569,2500,OLS_iid,iid,False,5
1,7,7001,27,270001,True,100,False,100,0.761282072897567,4.603594281245023,0.6144877553463876,0.6385784932007051,0.9704254131255065,1.165380782465948,0.4994694356997535,0.000355653482702093,13,8,0.570087712549569,2500,OLS_iid,iid,False,5
1,8,8001,15,150001,True,87,False,100,0.8608639089928485,4.190463412087411,0.5902720792568249,0.6059913006913715,0.8458184535042874,1.0831007651162732,0.4802724872947692,0.000492547579727741,13,8,0.570087712549569,2500,OLS_iid,iid,False,5
1,8,8001,10,100001,True,88,False,100,0.7324009293227647,4.302155849989504,0.6734457369673801,0.7230830380739095,1.0776468424056098,1.2527027728370466,0.39924282407795814,0.0005078230535823336,13,8,0.570087712549569,2500,OLS_iid,iid,False,5
1,7,7001,22,220001,True,97,False,100,0.7782072645093546,4.7334515997208655,0.6485511454986301,0.6959561131452323,1.1723333391310673,3.8970508011797005,0.4787451755180246,0.000391932432803855,13,8,0.570087712549569,2500,OLS_iid,iid,False,5
1,7,7001,23,230001,True,102,False,100,0.6305444089430801,4.761563736014068,0.5768896283377642,0.5943724964067251,0.9429691079517418,1.1064591024519204,0.4935852208277358,0.0003213909231474132,13,8,0.570087712549569,2500,OLS_iid,iid,False,5
1,7,7001,7,70001,True,105,False,100,0.7527979598478249,4.961748427711427,0.6033414290129447,0.6281671726414108,1.1744751399678188,1.1251116424110184,0.53120961338955,0.00035422370167879203,13,8,0.570087712549569,2500,OLS_iid,iid,False,5
1,8,8001,27,270001,True,87,False,100,0.761282072897567,4.111681723035872,0.540164155408482,0.5472503134113555,1.1758107354007998,1.0142965919719236,0.5532758427144021,0.0005019163243969932,13,8,0.570087712549569,2500,OLS_iid,iid,False,5
1,9,9001,4,40001,True,85,False,100,0.6608952081777808,4.03910950710997,0.6644605456086707,0.7083636480169524,1.1380190863778177,1.380887046322991,0.37824320519514204,0.000569151000491628,13,8,0.570087712549569,2500,OLS_iid,iid,False,5
1,8,8001,1,10001,True,98,False,100,0.8560040164143231,4.5793431350030005,0.6361059207676428,0.6700364518939727,0.9433347069112754,1.6346499818901543,0.44428796249741126,0.00034840264200796284,13,8,0.570087712549569,2500,OLS_iid,iid,False,5
1,7,7001,12,120001,True,106,False,100,0.9220615443211098,4.95406094705686,0.6102149104270838,0.6380362570088749,1.0785520919232094,1.0425692970701292,0.5407978037784353,0.0002890792798187869,13,8,0.570087712549569,2500,OLS_iid,iid,False,5
1,8,8001,25,250001,True,87,False,100,0.872121929754804,4.205905033741146,0.6687221024026444,0.7151055724376282,1.135954997393592,1.2739393060943542,0.43503215398046097,0.0004933122545553923,13,8,0.570087712549569,2500,OLS_iid,iid,False,5
1,8,8001,26,260001,True,91,False,100,0.8425840216133976,4.240412261337042,0.5667661186741066,0.5737571510452726,0.8887731451801489,1.1042783873167168,0.4945722565063371,0.0004110497666210298,13,8,0.570087712549569,2500,OLS_iid,iid,False,5
1,8,8001,20,200001,True,85,False,100,0.7733262645639506,4.293606995139271,0.6318708236110637,0.6686035314081779,1.228021932826624,1.2553020435532332,0.4816065177794011,0.0005309428429972237,13,8,0.570087712549569,2500,OLS_iid,iid,False,5
1,8,8001,16,160001,True,93,False,100,0.7794654686395939,4.393057877197862,0.614422092446556,0.6343816694055426,0.9415091194422751,1.1310802293689368,0.5173330836768277,0.00040791576525365934,13,8,0.570087712549569,2500,OLS_iid,iid,False,5
1,7,7001,10,100001,True,101,False,100,0.7324009293227647,5.092425451148301,0.6717691830460675,0.7227339020893642,1.1117317935151947,1.3923014243826477,0.40655844068438346,0.0003453951173525192,13,8,0.570087712549569,2500,OLS_iid,iid,False,5
1,8,8001,18,180001,True,90,False,100,0.8026105958628158,4.443570450879633,0.6456087147546747,0.6782348763653757,1.162740554280178,1.2132714578758341,0.4623164413087695,0.0004925577025986026,13,8,0.570087712549569,2500,OLS_iid,iid,False,5
1,8,8001,28,280001,True,92,False,100,0.8304813982898617,4.373338986653835,0.6433494773085472,0.6750765353889071,1.0997253266080693,1.160489819611258,0.492451504998074,0.0004855662410198043,13,8,0.570087712549569,2500,OLS_iid,iid,False,5
1,8,8001,12,120001,True,88,False,100,0.9220615443211098,4.61770981317386,0.5630115023195665,0.571459628273907,1.0591283229887676,1.0747382660677103,0.5511846229931,0.00045358824214726903,13,8,0.570087712549569,2500,OLS_iid,iid,False,5
1,9,9001,12,120001,True,92,False,100,0.9220615443211098,4.249459052924067,0.6513042511509484,0.6944440947918094,0.9613670503797894,1.1944757068345446,0.4513859193332832,0.0004527786931308867,13,8,0.570087712549569,2500,OLS_iid,iid,False,5
1,8,8001,11,110001,True,96,False,100,0.7850213029027712,4.6336974408477545,0.49725528987380474,0.5045391457530702,1.233096434544722,1.3704085956712682,0.5978088106288276,0.0003403208885379979,13,8,0.570087712549569,2500,OLS_iid,iid,False,5
1,9,9001,10,100001,True,90,False,100,0.7324009293227647,4.268344508018345,0.6280591630611494,0.6565223762153438,0.9649803235592436,1.1845999989656442,0.47429505864626115,0.00045465473287591965,13,8,0.570087712549569,2500,OLS_iid,iid,False,5
1,8,8001,24,240001,True,89,False,100,0.8573263233675178,4.4719824637286365,0.6050944075641984,0.6301710463296847,0.8430539393476999,1.1179921058927131,0.5018127034031342,0.00044576399333805066,13,8,0.570087712549569,2500,OLS_iid,iid,False,5
1,9,9001,7,70001,True,89,False,100,0.7527979598478249,4.340361777693033,0.6672156984920831,0.6990813615884773,0.9427430479353197,1.198581639556285,0.47448846321963223,0.0005748593810917645,13,8,0.570087712549569,2500,OLS_iid,iid,False,5
1,7,7001,28,280001,True,110,False,100,0.8304813982898617,5.036522227805108,0.5915739508892139,0.6115179118654045,1.0325355938668515,1.0513966165325028,0.5326669315646454,0.00026185692851203796,13,8,0.570087712549569,2500,OLS_iid,iid,False,5
1,6,6001,24,240001,True,114,False,100,0.8573263233675178,6.587405057158321,0.6446693739048648,0.6816150498444019,1.015655002678257,1.3066585842756722,0.40489388326989956,0.0002460284993624279,13,8,0.570087712549569,2500,OLS_iid,iid,False,5
1,9,9001,2,20001,True,94,False,100,0.6796067498128452,4.48793360311538,0.6328097316089081,0.6710579137538831,1.158992256845385,1.2858219197960992,0.483219748214799,0.0003579602414929566,13,8,0.570087712549569,2500,OLS_iid,iid,False,5
1,9,9001,5,50001,True,89,False,100,0.7981756372625676,4.469660231843591,0.6214840707566658,0.6509960972866479,1.360800961967147,1.5767433635127308,0.4860903517241068,0.0005195910754980737,13,8,0.570087712549569,2500,OLS_iid,iid,False,5
1,8,8001,14,140001,True,96,False,100,0.9490326339516414,4.769354056101292,0.5988953886734383,0.620114550084333,0.8474222796416249,1.1732764103963977,0.43505610432132896,0.00032329589045605435,13,8,0.570087712549569,2500,OLS_iid,iid,False,5
1,9,9001,16,160001,True,92,False,100,0.7794654686395939,4.365882954094559,0.5831744323149739,0.6196297159667202,0.7748814861138522,1.0720567668452372,0.5188132996479643,0.00040671429719613795,13,8,0.570087712549569,2500,OLS_iid,iid,False,5
1,9,9001,1,10001,True,96,False,100,0.8560040164143231,4.622538085095584,0.5851963979513547,0.6174545487142089,1.3169127101199296,1.4528836946584958,0.4828215562389435,0.0003134648260816589,13,8,0.570087712549569,2500,OLS_iid,iid,False,5
1,9,9001,3,30001,True,98,False,100,0.930410464698022,4.613211187068373,0.6165193457160087,0.6427047454278794,1.0150699058799755,1.2606747184916245,0.3974659479627089,0.0003211979253561306,13,8,0.570087712549569,2500,OLS_iid,iid,False,5
1,9,9001,20,200001,True,92,False,100,0.7733262645639506,4.407255979254842,0.6406981115940616,0.6779925153471502,0.9102212325795136,1.3352243007610027,0.44039488385125186,0.00043972079558214866,13,8,0.570087712549569,2500,OLS_iid,iid,False,5
1,9,9001,9,90001,True,92,False,100,0.8702724024523968,4.563202147837728,0.6162351713067772,0.6443263121804667,0.9443982594054456,1.1210905212394071,0.4966596086473429,0.0004952544963218281,13,8,0.570087712549569,2500,OLS_iid,iid,False,5
1,8,8001,21,210001,True,95,False,100,0.8574950378706654,4.761439066845924,0.6740851000961402,0.7274377469489146,1.0510376252393212,1.3348078032004969,0.4305425641489787,0.00038114703490095124,13,8,0.570087712549569,2500,OLS_iid,iid,False,5
1,9,9001,18,180001,True,93,False,100,0.8026105958628158,4.462519865948707,0.6511157575844746,0.692631957357321,1.1500313802145472,1.386326241887791,0.45301009222251376,0.0004336810594746092,13,8,0.570087712549569,2500,OLS_iid,iid,False,5
1,9,9001,15,150001,True,92,False,100,0.8608639089928485,4.551791286095977,0.6182142702587974,0.6337520356497188,0.9891649400069774,1.2100836435404683,0.4189710982521138,0.00044235392847402275,13,8,0.570087712549569,2500,OLS_iid,iid,False,5
2,0,1,7,70001,True,89,False,100,0.752797959847825,3.8842123583890498,0.6130667235768374,0.6198760269018396,1.141079194729628,1.197133681737966,0.4855482914045577,0.000429543871823964,13,8,0.570087712549569,2500,OLS_iid,iid,False,5
1,8,8001,22,220001,True,88,False,100,0.7782072645093546,4.849122527055442,0.5860493910582011,0.5987149208021758,1.161140986102848,1.1473589395287211,0.4821242476669738,0.0005169889881091606,13,8,0.570087712549569,2500,OLS_iid,iid,False,5
1,9,9001,19,190001,True,95,False,100,0.7625645147987673,4.536361122969538,0.5832101540797111,0.6029098722348079,1.036826885052324,1.1471110763003334,0.5033098444533619,0.00038802020426505115,13,8,0.570087712549569,2500,OLS_iid,iid,False,5
2,0,1,0,1,True,99,False,100,0.8105587581235082,4.166593964211643,0.5225159385502367,0.5016186596609846,0.8346005418426945,1.0783228710001596,0.5315837747295958,0.0002673744609926045,13,8,0.570087712549569,2500,OLS_iid,iid,False,5
2,0,1,11,110001,True,87,False,100,0.7850213029027712,3.7783145857974887,0.5875164216615731,0.5842750873245028,1.0484034775298827,1.1514915389789526,0.48768567028588605,0.0004379612084026942,13,8,0.570087712549569,2500,OLS_iid,iid,False,5
1,8,8001,5,50001,True,99,False,100,0.7981756372625676,5.2786336611025035,0.6227893154412567,0.6491110598286607,0.9428644084781955,1.2349718319511966,0.4772578159076439,0.00041742318543793095,13,8,0.570087712549569,2500,OLS_iid,iid,False,5
2,0,1,6,60001,True,96,False,100,0.6786196318849731,4.065926901996136,0.638730381154706,0.6686919105381967,1.080619692823489,1.3254111854235457,0.501399824921071,0.0003583077937384991,13,8,0.570087712549569,2500,OLS_iid,iid,False,5
2,0,1,5,50001,True,95,False,100,0.7981756372625675,4.0963670699857175,0.5473337596198022,0.5443833594138761,0.9969117754841512,1.105056477394188,0.5330568113487164,0.0003133993110760505,13,8,0.570087712549569,2500,OLS_iid,iid,False,5
2,0,1,3,30001,True,98,False,100,0.930410464698022,4.220149765256792,0.6422864951796092,0.6627544746988541,0.9907150970517165,1.275239318223722,0.41349834630814347,0.00023633256234372864,13,8,0.570087712549569,2500,OLS_iid,iid,False,5
2,0,1,13,130001,True,90,False,100,0.7622937846217469,3.8909655269235373,0.5769160286904639,0.5713399024082491,1.0530138422477227,1.2219719426844704,0.5006488197448942,0.00037092197843738756,13,8,0.570087712549569,2500,OLS_iid,iid,False,5
1,9,9001,6,60001,True,105,False,100,0.6786196318849731,4.9551732880063355,0.653667111079069,0.6916526770900142,0.9222227382402088,1.264219447088651,0.49015565735060296,0.0003220419972714023,13,8,0.570087712549569,2500,OLS_iid,iid,False,5
1,9,9001,24,240001,True,95,False,100,0.8573263233675178,4.555221689864993,0.6078898225275283,0.629012524410604,1.1209659622947377,1.217057938249928,0.4418524872322213,0.0003627619032723004,13,8,0.570087712549569,2500,OLS_iid,iid,False,5
1,9,9001,27,270001,True,92,False,100,0.761282072897567,4.4532291973009706,0.6451312280028054,0.6782499193299439,0.9569310286203762,1.2910083457586607,0.41757758587691846,0.0004300675373266608,13,8,0.570087712549569,2500,OLS_iid,iid,False,5
1,9,9001,28,280001,True,93,False,100,0.8304813982898617,4.472043314017355,0.5435421824544713,0.5419942531778619,0.997484599404557,1.0286181933675587,0.5583337621841856,0.00043719970126855347,13,8,0.570087712549569,2500,OLS_iid,iid,False,5
1,9,9001,17,170001,True,99,False,100,0.6831911616486906,4.859843855723739,0.6561493408839904,0.7086215806111582,1.0844529833456464,1.267639625980733,0.44692415190068124,0.00042048720359876777,13,8,0.570087712549569,2500,OLS_iid,iid,False,5
1,8,8001,29,290001,True,97,False,100,0.773436087093585,5.134876457042992,0.5725294534847859,0.5879642566610161,0.7958147869116425,1.0739702327561729,0.5196290358875787,0.00036055341099160425,13,8,0.570087712549569,2500,OLS_iid,iid,False,5
1,9,9001,14,140001,True,106,False,100,0.9490326339516414,4.996689620893449,0.5987420281998431,0.6172752225020945,0.8926417014050188,1.2025211039826968,0.4666723719630382,0.0002686660429061793,13,8,0.570087712549569,2500,OLS_iid,iid,False,5
1,9,9001,21,210001,True,102,False,100,0.8574950378706654,4.874551822897047,0.646632631036742,0.6808012164535134,0.8938723458907722,1.1901063357336812,0.47428259545875945,0.00036946065796853036,13,8,0.570087712549569,2500,OLS_iid,iid,False,5
1,9,9001,11,110001,True,106,False,100,0.7850213029027712,5.060671583283693,0.6549088154960888,0.6894508234767448,1.0856018283200863,2.2735467983373643,0.45011210845149147,0.00029417861542766,13,8,0.570087712549569,2500,OLS_iid,iid,False,5
2,0,1,10,100001,True,95,False,100,0.6838385837225557,4.279667882248759,0.5970705205070876,0.5996548108312667,1.0486462648189532,1.281240345441203,0.4462915268350203,0.0003148222230185898,13,8,0.570087712549569,2500,OLS_iid,iid,False,5
1,9,9001,0,1,True,111,False,100,0.8105587581235081,5.305658973753452,0.5554793250037189,0.5650510602331901,1.001551733195579,1.1093266045374257,0.5455796438927321,0.00022651225300448434,13,8,0.570087712549569,2500,OLS_iid,iid,False,5
2,0,1,4,40001,True,96,False,100,0.6608952081777808,4.492483007721603,0.602263242826184,0.607107998939109,0.9988652197930431,1.1450856240405813,0.546142880201346,0.00029262318550324606,13,8,0.570087712549569,2500,OLS_iid,iid,False,5
2,0,1,2,20001,True,99,False,100,0.6796067498128452,4.5891590509563684,0.5718973653655252,0.5660613896010258,0.9440714906971495,1.0433728136336857,0.5655633153503442,0.0003067793177461697,13,8,0.570087712549569,2500,OLS_iid,iid,False,5
1,9,9001,25,250001,True,97,False,100,0.872121929754804,4.900137529242784,0.6487215072856678,0.689756545914819,1.1843474676511203,2.8951051207439815,0.4554025051478116,0.0004118167856988771,13,8,0.570087712549569,2500,OLS_iid,iid,False,5
1,9,9001,13,130001,True,109,False,100,0.7622937846217469,5.257507641334087,0.6750714096255893,0.7216673198881964,0.9137891419779498,1.3650370831882779,0.38453394607391017,0.0002855079964208063,13,8,0.570087712549569,2500,OLS_iid,iid,False,5
2,0,1,1,10001,True,106,False,100,0.8560040164143231,4.661875274963677,0.5226332094458013,0.5131941502047065,0.8050713124073822,1.054643971245474,0.5357168019637055,0.00023870824170138042,13,8,0.570087712549569,2500,OLS_iid,iid,False,5
2,0,1,9,90001,True,102,False,100,0.8702724024523968,4.431036507245153,0.6264869196923141,0.6389852204186156,0.9568473986601532,1.3026484217591563,0.4690904778335257,0.00020632819782734327,13,8,0.570087712549569,2500,OLS_iid,iid,False,5
2,0,1,15,150001,True,101,False,100,0.8608639089928485,4.214381149969995,0.581347848059215,0.5884518875658471,1.04228463840589,1.2533761867901247,0.4538006052685581,0.00025089856855846604,13,8,0.570087712549569,2500,OLS_iid,iid,False,5
2,0,1,16,160001,True,94,False,100,0.7794654686395939,4.178190456237644,0.5506131136751299,0.5454167810740042,0.9002739750166491,1.0827182109428686,0.5231806009788011,0.000345060759972277,13,8,0.570087712549569,2500,OLS_iid,iid,False,5
2,0,1,12,120001,True,100,False,100,0.9220615443211099,4.349963364657015,0.5057067277091761,0.4908881359005765,1.0865977992178077,1.0186053975812073,0.5715112712595656,0.0003009300497926977,13,8,0.570087712549569,2500,OLS_iid,iid,False,5
1,9,9001,23,230001,True,107,False,100,0.6305444089430801,5.09253894072026,0.6290977488512335,0.648836031352067,0.9963800058119178,1.2430605122180298,0.4674925978896094,0.00024375461906239558,13,8,0.570087712549569,2500,OLS_iid,iid,False,5
2,0,1,8,80001,True,102,False,100,0.7443496716401711,4.531814848072827,0.5916034399004951,0.5997514005524327,1.1347980570263099,1.1406735908471792,0.542746534841436,0.0003068364870973654,13,8,0.570087712549569,2500,OLS_iid,iid,False,5
2,0,1,23,230001,True,92,False,100,0.6023814891064135,3.8803876880556345,0.5106644195786043,0.4961822340933145,1.00744560639668,0.9322812361136683,0.6044237629875499,0.00034579671340065083,13,8,0.570087712549569,2500,OLS_iid,iid,False,5
2,0,1,20,200001,True,90,False,100,0.7128310237994083,4.232813209295273,0.5751043003784878,0.5766131997006376,1.0258170851029946,1.1504404230343648,0.4989287960258689,0.0003823741249395266,13,8,0.570087712549569,2500,OLS_iid,iid,False,5
2,0,1,17,170001,True,85,False,100,0.6801505171902815,4.533398155122995,0.5411967876544667,0.5302499837157293,0.9182701193467043,1.037994947269186,0.5772406153275633,0.00047495361942614315,13,8,0.570087712549569,2500,OLS_iid,iid,False,5
1,9,9001,29,290001,True,106,False,100,0.773436087093585,5.19092573877424,0.6549834679573229,0.701660883152207,1.1593260306001594,1.2570585320043963,0.46718881565511095,0.00025142529078049506,13,8,0.570087712549569,2500,OLS_iid,iid,False,5
2,0,1,22,220001,True,100,False,100,0.7782072645093546,4.320530890021473,0.5203610184086928,0.5064831238897483,0.9481673972677684,0.9802174111750187,0.5817208848312408,0.00027943409540980653,13,8,0.570087712549569,2500,OLS_iid,iid,False,5
2,0,1,25,250001,True,90,False,100,0.872121929754804,3.9910051529295743,0.5677488154012668,0.5668417784196522,0.9568737267576162,1.1027803211318874,0.5012653135776535,0.000369140338951182,13,8,0.570087712549569,2500,OLS_iid,iid,False,5
2,0,1,14,140001,True,101,False,100,0.9490326339516414,4.7304019830189645,0.5532639883642636,0.5487124264523551,0.8251656985882773,1.1362059434435827,0.46814337560025926,0.00024062789364944477,13,8,0.570087712549569,2500,OLS_iid,iid,False,5
1,9,9001,26,260001,True,105,False,100,0.8425840216133976,5.559899445157498,0.633297254134655,0.6641135695641049,0.9408160080323686,1.2404334862752389,0.48630636882419553,0.00026056498299888164,13,8,0.570087712549569,2500,OLS_iid,iid,False,5
1,9,9001,22,220001,True,108,False,100,0.7782072645093546,5.801043814979494,0.6280878881611333,0.6510933870815485,1.0358564142181912,1.1582742709434188,0.48791268212164657,0.00028856601203752633,13,8,0.570087712549569,2500,OLS_iid,iid,False,5
2,0,1,21,210001,True,90,False,100,0.7431400910314013,4.708076164126396,0.6141532522561527,0.6220240700834823,1.0318561977405059,1.1979150234481952,0.4840016658478907,0.0004118378644797895,13,8,0.570087712549569,2500,OLS_iid,iid,False,5
2,0,1,28,280001,True,89,False,100,0.8304813982898618,3.9024146599695086,0.6077943418696358,0.6122153998825803,1.0283101130172336,1.1952711069382485,0.449688416840814,0.0004421368160655402,13,8,0.570087712549569,2500,OLS_iid,iid,False,5
2,0,1,19,190001,True,105,False,100,0.7625645147987673,4.861681480892003,0.6075750515186557,0.6092178654699338,1.1105573807552687,1.211354779975108,0.5018258945365998,0.00026117355024764385,13,8,0.570087712549569,2500,OLS_iid,iid,False,5
2,0,1,18,180001,True,101,False,100,0.7280983049752222,5.123397175222635,0.6648670931265035,0.6928328469347863,0.9288373228560299,1.41386074582334,0.401864806452439,0.0003099051806262155,13,8,0.570087712549569,2500,OLS_iid,iid,False,5
2,0,1,26,260001,True,101,False,100,0.8425840216133975,4.473573482129723,0.635190853356765,0.6519913344705732,1.1048259177696573,1.2963508271281023,0.4583664756758239,0.0002461351585546664,13,8,0.570087712549569,2500,OLS_iid,iid,False,5
2,1,1001,5,50001,True,89,False,100,0.7981756372625675,3.68463988089934,0.6170780401523885,0.6376425864229981,0.9677701103494182,1.2825850948198856,0.4587196001562688,0.0003894439696258077,13,8,0.570087712549569,2500,OLS_iid,iid,False,5
2,1,1001,0,1,True,93,False,100,0.8105587581235082,4.118305321782827,0.5433248016579117,0.5366277205165163,0.9806519634551086,1.1464402133220903,0.46158009860605403,0.0003282713692604818,13,8,0.570087712549569,2500,OLS_iid,iid,False,5
2,0,1,29,290001,True,97,False,100,0.7709399698521745,4.235253570135683,0.6140481246061784,0.6268124062763227,0.9126503817512643,1.1844367544106762,0.4982716328392641,0.0003255590850554637,13,8,0.570087712549569,2500,OLS_iid,iid,False,5
2,0,1,24,240001,True,105,False,100,0.8573263233675178,5.153423205949366,0.5754801620196821,0.5593958997615747,0.9608665164320973,1.364292282105114,0.39526551061883686,0.00019271929785583236,13,8,0.570087712549569,2500,OLS_iid,iid,False,5
2,1,1001,7,70001,True,89,False,100,0.752797959847825,4.0716106980107725,0.6341749339275221,0.6539902433465895,1.0795403284737826,1.3860015504902352,0.46755635936671996,0.00036795626382847107,13,8,0.570087712549569,2500,OLS_iid,iid,False,5
2,1,1001,12,120001,True,88,False,100,0.9220615443211099,3.8019639663398266,0.5863794004566941,0.5867708581162883,1.0069685911117947,1.0564511827782967,0.5757570684398776,0.00041543255779320684,13,8,0.570087712549569,2500,OLS_iid,iid,False,5
2,1,1001,2,20001,True,93,False,100,0.6796067498128452,4.386111229658127,0.6099366382341231,0.6156288358527539,0.91527979638151,1.1153110672971254,0.5439289939230332,0.0003459832461909583,13,8,0.570087712549569,2500,OLS_iid,iid,False,5
2,1,1001,8,80001,True,90,False,100,0.7443496716401711,4.0207670060917735,0.6403398116233816,0.6616099510115998,1.1198202065636962,1.2448338428139722,0.4786096899522056,0.0005031435989982404,13,8,0.570087712549569,2500,OLS_iid,iid,False,5
2,1,1001,15,150001,True,94,False,100,0.8608639089928485,3.8413429157808423,0.532665687377015,0.5182348077545269,1.0941071294611413,1.1407735597186923,0.4624247606698939,0.0002756483966121602,13,8,0.570087712549569,2500,OLS_iid,iid,False,5
2,1,1001,1,10001,True,101,False,100,0.8560040164143231,4.576636576093733,0.64368382168382,0.6609651531456422,1.024573316790902,1.398106619709811,0.4173605805878111,0.00028421853210657276,13,8,0.570087712549569,2500,OLS_iid,iid,False,5
2,1,1001,6,60001,True,99,False,100,0.6786196318849731,4.275005178060383,0.6146031551048494,0.6254824774341283,0.9362612335961337,1.1645166798430586,0.5136475129057883,0.0003219817360627899,13,8,0.570087712549569,2500,OLS_iid,iid,False,5
2,1,1001,9,90001,True,94,False,100,0.8702724024523968,4.110663831233978,0.6082028189108214,0.609323157117116,0.9831780545161664,1.2809961519112127,0.47802039741024127,0.00035633885098546297,13,8,0.570087712549569,2500,OLS_iid,iid,False,5
2,1,1001,22,220001,True,88,False,100,0.7782072645093546,3.789901847951114,0.6056831308061277,0.6104059793896002,1.0539907500042034,1.137718435231135,0.49088130190698903,0.00045575798377131375,13,8,0.570087712549569,2500,OLS_iid,iid,False,5
2,1,1001,28,280001,True,87,False,100,0.8304813982898618,3.6278598941862583,0.62380654511957,0.6339010458746647,1.0507865804475152,1.1770712630963869,0.5153041706746716,0.00045683319207611583,13,8,0.570087712549569,2500,OLS_iid,iid,False,5
2,1,1001,11,110001,True,96,False,100,0.7850213029027712,4.063227471895516,0.5555443025473126,0.5498068904252531,0.8956186487128146,1.0579875873910267,0.5354493993913932,0.0003297744209863736,13,8,0.570087712549569,2500,OLS_iid,iid,False,5
2,1,1001,23,230001,True,87,False,100,0.6023814891064135,3.7870613196864724,0.5992704517161294,0.6072385268665521,0.999348596391184,1.2966225485304426,0.5146551879522693,0.00046840922854288945,13,8,0.570087712549569,2500,OLS_iid,iid,False,5
2,2,2001,1,10001,True,91,False,100,0.8560040164143231,3.59332805685699,0.6268765058786111,0.6421364390111067,1.0091853167126095,1.2229666523200562,0.4401812928839975,0.00036813392949882126,13,8,0.570087712549569,2500,OLS_iid,iid,False,5
2,0,1,27,270001,True,118,False,100,0.761282072897567,5.275181286968291,0.586853687279433,0.5919611885824545,1.0414261377912015,1.313030828228378,0.41964349458701344,0.00017819740085379038,13,8,0.570087712549569,2500,OLS_iid,iid,False,5
2,1,1001,19,190001,True,95,False,100,0.7625645147987673,3.9745221799239516,0.5713729299094107,0.5681050273476926,1.0380056078095805,1.190332350294512,0.508655508700906,0.00031683609010984214,13,8,0.570087712549569,2500,OLS_iid,iid,False,5
2,1,1001,27,270001,True,89,False,100,0.761282072897567,3.8286441219970584,0.6320511204426436,0.6501745291075018,1.11002627306553,1.178096621428957,0.48746582074000594,0.0004034097539667258,13,8,0.570087712549569,2500,OLS_iid,iid,False,5
2,1,1001,21,210001,True,95,False,100,0.7431400910314013,3.992791019845754,0.5873964432619726,0.5886773161249321,1.200225578032779,1.2638999270802487,0.5170422732115559,0.0003030195098041701,13,8,0.570087712549569,2500,OLS_iid,iid,False,5
2,1,1001,4,40001,True,107,False,100,0.6608952081777808,4.71659260801971,0.6325166748405915,0.64857773075557,0.9866106315838371,1.3214902753140998,0.45976849575714956,0.00025504418047615367,13,8,0.570087712549569,2500,OLS_iid,iid,False,5
2,2,2001,7,70001,True,89,False,100,0.752797959847825,3.6233624881133437,0.6068128739859004,0.6119866780891673,1.1742750483473565,1.1536168858885532,0.5148587740861145,0.000431884237133014,13,8,0.570087712549569,2500,OLS_iid,iid,False,5
2,1,1001,10,100001,True,102,False,100,0.6838385837225557,4.401506811846048,0.5271257603816973,0.5138423733846362,0.9171316283963751,0.9843639466694172,0.5759489775013154,0.00027431374866153054,13,8,0.570087712549569,2500,OLS_iid,iid,False,5
2,1,1001,13,130001,True,99,False,100,0.7622937846217469,4.289421206805855,0.553901185574383,0.5440861158455542,0.9160407967592405,1.1827506408891468,0.4685795781379778,0.00029579527200880796,13,8,0.570087712549569,2500,OLS_iid,iid,False,5
2,1,1001,16,160001,True,91,False,100,0.7794654686395939,4.185252561699599,0.6449026669245376,0.6629493372398199,1.100885365760594,1.1859793324424266,0.4865393580516699,0.0004033490170301514,13,8,0.570087712549569,2500,OLS_iid,iid,False,5
2,1,1001,3,30001,True,97,False,100,0.930410464698022,4.863946724683046,0.5459770218658163,0.5310207964671416,1.06706563142779,1.1342527851041182,0.5046960091541799,0.0002120008968029206,13,8,0.570087712549569,2500,OLS_iid,iid,False,5
2,1,1001,24,240001,True,88,False,100,0.8573263233675178,4.06339733209461,0.6115000461335524,0.6130143535245204,1.201442373616854,2.096248640391018,0.4128309306338101,0.00039064689731879937,13,8,0.570087712549569,2500,OLS_iid,iid,False,5
2,2,2001,6,60001,True,90,False,100,0.6786196318849731,3.752617621794343,0.5730785027580466,0.5755144209335433,1.0159070828477264,1.080466628862361,0.5476610517548376,0.0004329460857327447,13,8,0.570087712549569,2500,OLS_iid,iid,False,5
2,1,1001,29,290001,True,94,False,100,0.7709399698521745,3.9438269939273596,0.5845326582538891,0.5887322921407891,1.0124854651834188,1.0882968408617977,0.5289277233771142,0.0003340943864292021,13,8,0.570087712549569,2500,OLS_iid,iid,False,5
2,2,2001,0,1,True,90,False,100,0.8105587581235082,3.9260264388285577,0.6279497535297827,0.650141180853734,1.073271732866818,1.3150217599915492,0.42402593202116096,0.0003768068090512871,13,8,0.570087712549569,2500,OLS_iid,iid,False,5
2,1,1001,20,200001,True,89,False,100,0.7128310237994083,4.186135065276176,0.5748793628678672,0.5781628218168655,1.0597996603819102,1.2079524417672254,0.4782345265014801,0.0003743860393662722,13,8,0.570087712549569,2500,OLS_iid,iid,False,5
2,1,1001,14,140001,True,107,False,100,0.9490326339516414,4.379850036930293,0.5841189168817411,0.5993101347672529,1.0842398196017617,1.252548945751211,0.45367649222178413,0.000199905783313161,13,8,0.570087712549569,2500,OLS_iid,iid,False,5
2,2,2001,10,100001,True,90,False,100,0.6838385837225557,3.7365752952173352,0.6115152402619816,0.6182869892655469,1.0430095171796943,1.2487086955892939,0.484517241381479,0.00032139885325662706,13,8,0.570087712549569,2500,OLS_iid,iid,False,5
2,2,2001,5,50001,True,92,False,100,0.7981756372625675,3.871210847981274,0.5569132916845375,0.5446786008445555,1.0579412764556855,1.1455584710915374,0.5113659749709011,0.0003339867501452821,13,8,0.570087712549569,2500,OLS_iid,iid,False,5
2,1,1001,17,170001,True,94,False,100,0.6801505171902815,4.306244358886033,0.5737288118255024,0.5662189936917149,1.1725274272882655,1.0984422009123527,0.5282106438340657,0.000349342664948045,13,8,0.570087712549569,2500,OLS_iid,iid,False,5
2,2,2001,9,90001,True,94,False,100,0.8702724024523968,3.8401048053056,0.543896068570071,0.5268550872850425,1.024462298494974,1.0883159275282452,0.5246535809755621,0.0003371566068050961,13,8,0.570087712549569,2500,OLS_iid,iid,False,5
2,1,1001,18,180001,True,96,False,100,0.7280983049752222,4.2735250177793205,0.5758489074062788,0.5715009520608733,1.1799207285041733,1.1279287423605149,0.5634393575279527,0.0003120313517003199,13,8,0.570087712549569,2500,OLS_iid,iid,False,5
2,2,2001,12,120001,True,89,False,100,0.9220615443211099,3.830808295868337,0.6008026100203842,0.610698141608323,1.1768114054150827,1.156065047516872,0.5466457838730752,0.00041090306294025447,13,8,0.570087712549569,2500,OLS_iid,iid,False,5
2,1,1001,26,260001,True,99,False,100,0.8425840216133975,4.210703118238598,0.6528882634211904,0.6769212711875823,1.001032665029763,1.2689123932292192,0.46437198268330443,0.0002521743075237709,13,8,0.570087712549569,2500,OLS_iid,iid,False,5
2,1,1001,25,250001,True,98,False,100,0.872121929754804,4.2329081180505455,0.5565515705186377,0.5567787902085649,1.186613714099551,1.0428752830052574,0.5601940544403056,0.0002612304481439624,13,8,0.570087712549569,2500,OLS_iid,iid,False,5
2,2,2001,17,170001,True,89,False,100,0.6801505171902815,3.7848513959906995,0.5550233539557975,0.5473318983529591,0.9979993489381033,1.0719174724047642,0.5907220067244546,0.000401240965387264,13,8,0.570087712549569,2500,OLS_iid,iid,False,5
2,2,2001,2,20001,True,96,False,100,0.6796067498128452,4.155264670960605,0.5936443771366796,0.5946391878039817,1.0219057971502319,1.1102507395261434,0.5347577647301821,0.0003370468610313515,13,8,0.570087712549569,2500,OLS_iid,iid,False,5
2,2,2001,13,130001,True,91,False,100,0.7622937846217469,3.952068191021681,0.5574684951535758,0.5509516088502766,0.9666073658444516,1.1053753623892846,0.5110724662181722,0.00036124871922146114,13,8,0.570087712549569,2500,OLS_iid,iid,False,5
2,2,2001,18,180001,True,90,False,100,0.7280983049752222,3.89232449606061,0.6189185147488354,0.6271275756825523,1.048003533170966,1.2042616026814639,0.49380028077594207,0.00044244266239361785,13,8,0.570087712549569,2500,OLS_iid,iid,False,5
2,2,2001,22,220001,True,90,False,100,0.7782072645093546,3.8472663098946214,0.6004996180827417,0.6074973851537011,0.9682969010199187,1.1179037720641036,0.516743364517846,0.00040705943711019226,13,8,0.570087712549569,2500,OLS_iid,iid,False,5
2,2,2001,20,200001,True,93,False,100,0.7128310237994083,4.073562773875892,0.5711104471916817,0.5696963797886057,1.0802922496084464,1.140721375557983,0.5065845835637511,0.0002830490038110887,13,8,0.570087712549569,2500,OLS_iid,iid,False,5
2,2,2001,28,280001,True,96,False,100,0.8304813982898618,3.849874101113528,0.5649653878756452,0.5497048047822939,1.1092341465591504,1.0908695902640402,0.5393220088909615,0.0003077027403600188,13,8,0.570087712549569,2500,OLS_iid,iid,False,5
2,2,2001,15,150001,True,95,False,100,0.8608639089928485,4.208207137417048,0.5426560202539578,0.5396922537923009,0.9847114711635818,1.2125857236839435,0.47457671704567067,0.0002579768998085331,13,8,0.570087712549569,2500,OLS_iid,iid,False,5
2,2,2001,4,40001,True,106,False,100,0.6608952081777808,4.460584591142833,0.6535862098113311,0.6768781688161198,1.0306676138433037,1.2657116478413473,0.4769186737682544,0.00025043580778503946,13,8,0.570087712549569,2500,OLS_iid,iid,False,5
2,2,2001,21,210001,True,94,False,100,0.7431400910314013,4.151650297921151,0.5842888083595635,0.5887448432511533,1.1576391939124373,1.1277733673691155,0.4929817264624857,0.00036086484801860956,13,8,0.570087712549569,2500,OLS_iid,iid,False,5
2,2,2001,27,270001,True,96,False,100,0.761282072897567,4.026207504794002,0.5572802533981842,0.5430663375651522,0.9782869557050016,1.2053496213275936,0.5155112933255238,0.0002920067039662211,13,8,0.570087712549569,2500,OLS_iid,iid,False,5
2,2,2001,23,230001,True,105,False,100,0.6023814891064135,4.2036539521068335,0.5935086371762744,0.59477234220469,1.077389516694108,1.327915024665545,0.4260555810615625,0.00021286720828140657,13,8,0.570087712549569,2500,OLS_iid,iid,False,5
2,2,2001,8,80001,True,103,False,100,0.7443496716401711,4.515115396119654,0.5919506062902612,0.6001338090420845,1.133360785938705,1.1868627457133931,0.5208557636268121,0.0003039207055713261,13,8,0.570087712549569,2500,OLS_iid,iid,False,5
2,2,2001,24,240001,True,94,False,100,0.8573263233675178,4.226147649809718,0.5420810512616947,0.5337634067161449,0.9433982370149555,1.2225115165577904,0.4333360155356633,0.00027115194123437545,13,8,0.570087712549569,2500,OLS_iid,iid,False,5
2,2,2001,19,190001,True,102,False,100,0.7625645147987673,4.372344554867595,0.6300158443937451,0.641842789881198,1.124229094238337,1.2968077491637213,0.48308818052646213,0.00025879589444104296,13,8,0.570087712549569,2500,OLS_iid,iid,False,5
2,3,3001,10,100001,True,89,False,100,0.6838385837225557,3.857732910197228,0.6345914185020868,0.6477100283772432,1.05896377231082,1.1827349700991274,0.48363327291707753,0.0004083283810291951,13,8,0.570087712549569,2500,OLS_iid,iid,False,5
2,3,3001,1,10001,True,94,False,100,0.8560040164143231,4.070624076295644,0.5732879679978359,0.5776990704130928,1.1326342165815277,1.1716744048650976,0.5023307760824218,0.00030939723517813206,13,8,0.570087712549569,2500,OLS_iid,iid,False,5
2,3,3001,0,1,True,95,False,100,0.8105587581235082,4.127609612420201,0.6541370503942827,0.6793598828166334,0.9702676316647494,1.2892034665118084,0.4050707738561774,0.0003209355061574383,13,8,0.570087712549569,2500,OLS_iid,iid,False,5
2,2,2001,11,110001,True,103,False,100,0.7850213029027712,4.596856670919806,0.6267628939947363,0.6387464367059053,1.1015663815342842,1.2745730049932538,0.47662645807907,0.0002153717165954956,13,8,0.570087712549569,2500,OLS_iid,iid,False,5
2,2,2001,3,30001,True,108,False,100,0.930410464698022,4.741763256024569,0.5625167998360966,0.5552597084753701,0.9661538880530239,1.2426849408046519,0.46196909412250053,0.0001530437761811985,13,8,0.570087712549569,2500,OLS_iid,iid,False,5
2,2,2001,29,290001,True,95,False,100,0.7709399698521745,4.174537193030119,0.5720386095675215,0.5688204202052618,1.0489798771318268,1.1032731944331229,0.5211964719968513,0.0003380076482014929,13,8,0.570087712549569,2500,OLS_iid,iid,False,5
2,3,3001,7,70001,True,92,False,100,0.752797959847825,4.040663035120815,0.6042819222977039,0.6106775661310581,0.9995309467131328,1.1683490058532497,0.5145323563910493,0.00039959264455878015,13,8,0.570087712549569,2500,OLS_iid,iid,False,5
2,3,3001,2,20001,True,96,False,100,0.6796067498128452,4.1885442468337715,0.5793248529835576,0.6034130839185181,0.9021552898250654,2.4306289974999213,0.5094266930747138,0.00028939631725951443,13,8,0.570087712549569,2500,OLS_iid,iid,False,5
2,2,2001,25,250001,True,100,False,100,0.872121929754804,4.367715400177985,0.5238523629364973,0.5027070791660537,1.1010661995358892,1.1107123853961873,0.5648354579712265,0.0002902294713784239,13,8,0.570087712549569,2500,OLS_iid,iid,False,5
2,2,2001,26,260001,True,92,False,100,0.8425840216133975,4.403592745773494,0.611341982093193,0.6212044044296265,1.078241287296074,1.2542034901085897,0.38829195424698765,0.00035278863919568167,13,8,0.570087712549569,2500,OLS_iid,iid,False,5
2,3,3001,20,200001,True,96,False,100,0.7128310237994083,3.855162200052291,0.5928337103898914,0.5999950737365614,1.1376342840733962,1.2429833325140993,0.47114280486635957,0.0003097752972048676,13,8,0.570087712549569,2500,OLS_iid,iid,False,5
2,3,3001,17,170001,True,87,False,100,0.6801505171902815,3.9404301699250937,0.6058556996034543,0.6118788439447113,0.9866289411137111,1.0992283727751482,0.5593634666883189,0.0004944644706344532,13,8,0.570087712549569,2500,OLS_iid,iid,False,5
2,3,3001,16,160001,True,91,False,100,0.7794654686395939,3.9755776510573924,0.6198981668060549,0.6314552542915555,1.035773202000561,1.144632554945982,0.5379886196149624,0.00038351947905897,13,8,0.570087712549569,2500,OLS_iid,iid,False,5
2,3,3001,3,30001,True,95,False,100,0.930410464698022,4.276173948310316,0.5940337020493588,0.5977053369644154,1.1015867128923547,1.2184949410546748,0.46639076256104117,0.00026150149863910063,13,8,0.570087712549569,2500,OLS_iid,iid,False,5
2,3,3001,13,130001,True,92,False,100,0.7622937846217469,4.042600749991834,0.5511087026708099,0.5386822509686101,1.042327612979575,1.0914293517857212,0.529536998978184,0.0003550529735793979,13,8,0.570087712549569,2500,OLS_iid,iid,False,5
2,2,2001,14,140001,True,99,False,100,0.9490326339516414,4.709586752112955,0.5674737748697818,0.5856847928770154,0.9119171462381614,1.2848152758831881,0.43536351037707577,0.00023103224478429163,13,8,0.570087712549569,2500,OLS_iid,iid,False,5
2,3,3001,21,210001,True,91,False,100,0.7431400910314013,3.9369095866568387,0.6128260974898102,0.621607944682248,1.0670271526975608,1.2271660245212004,0.4919317288204542,0.00038104779917071715,13,8,0.570087712549569,2500,OLS_iid,iid,False,5
2,3,3001,12,120001,True,95,False,100,0.9220615443211099,4.118862918112427,0.45217251306711864,0.4283140845339639,0.8751478390582076,0.9002765606684899,0.628550106896508,0.00032237577337237186,13,8,0.570087712549569,2500,OLS_iid,iid,False,5
2,3,3001,4,40001,True,99,False,100,0.6608952081777808,4.343477955088019,0.5964346202917207,0.5992707600879739,1.042633611282942,1.4446420085168634,0.5263288492764812,0.000256044204770547,13,8,0.570087712549569,2500,OLS_iid,iid,False,5
2,3,3001,11,110001,True,98,False,100,0.7850213029027712,4.231736186891794,0.6091886977438462,0.6111614569020903,0.9830793101777704,1.1484603455052573,0.5358402049416864,0.00025865629246261637,13,8,0.570087712549569,2500,OLS_iid,iid,False,5
2,3,3001,19,190001,True,93,False,100,0.7625645147987673,4.065263687167317,0.5045357334578463,0.4866000998873035,1.1429148487372096,1.0116313333735756,0.5655783617310258,0.00034369255158294017,13,8,0.570087712549569,2500,OLS_iid,iid,False,5
2,3,3001,15,150001,True,96,False,100,0.8608639089928485,4.1973701398819685,0.508830788729421,0.4848244866256952,0.8457270139135815,1.1043036532312573,0.4792711459714625,0.0003019504816213481,13,8,0.570087712549569,2500,OLS_iid,iid,False,5
2,3,3001,24,240001,True,91,False,100,0.8573263233675178,4.020154641009867,0.5483256757965951,0.5309643911487331,1.1361368780211025,1.120982004596343,0.4949740547995674,0.00030504664446867207,13,8,0.570087712549569,2500,OLS_iid,iid,False,5
2,3,3001,27,270001,True,97,False,100,0.761282072897567,3.9725742740556598,0.5804468940977853,0.594820350374608,1.0828066765722286,1.1209496844372322,0.512334592129604,0.0003089302511144362,13,8,0.570087712549569,2500,OLS_iid,iid,False,5
2,3,3001,18,180001,True,98,False,100,0.7280983049752222,4.222212439868599,0.6052700617366521,0.6124523541946693,1.0046492010039834,1.2566100682197303,0.4762956497078364,0.00030616257853038567,13,8,0.570087712549569,2500,OLS_iid,iid,False,5
2,3,3001,5,50001,True,104,False,100,0.7981756372625675,4.533389595802873,0.6061352235768345,0.6118966007023147,1.068063619073353,1.1748978267321837,0.5221217076748815,0.0002619388307726631,13,8,0.570087712549569,2500,OLS_iid,iid,False,5
2,4,4001,10,100001,True,85,False,100,0.6838385837225557,3.645150831900537,0.5630186387347185,0.551778084483119,1.1751422769946855,1.0969086846250633,0.5558127336350438,0.00043550579157445224,13,8,0.570087712549569,2500,OLS_iid,iid,False,5
2,3,3001,8,80001,True,105,False,100,0.7443496716401711,4.528334813658148,0.5781985942772754,0.5776735351467758,0.9760669888794249,1.101918863943367,0.5783472099634225,0.00025195016780331104,13,8,0.570087712549569,2500,OLS_iid,iid,False,5
2,4,4001,4,40001,True,93,False,100,0.6608952081777808,4.009766360279173,0.607330417615889,0.6344101375285086,1.0266485696879155,1.530554611801698,0.4744166154452717,0.0003481540957429491,13,8,0.570087712549569,2500,OLS_iid,iid,False,5
2,3,3001,23,230001,True,91,False,100,0.6023814891064135,4.317819470074028,0.6013143867555455,0.6152391271823716,0.9941233481371677,1.1785183162799513,0.4805339475057975,0.00039412824409461626,13,8,0.570087712549569,2500,OLS_iid,iid,False,5
2,4,4001,8,80001,True,85,False,100,0.7443496716401711,3.8951946147717535,0.5818236464879202,0.5882703490187956,0.9771646191113688,1.078326594344414,0.5579225199742323,0.0005156857290229526,13,8,0.570087712549569,2500,OLS_iid,iid,False,5
2,4,4001,7,70001,True,92,False,100,0.752797959847825,3.9378568287938833,0.5948524794946304,0.5957810423784493,0.9366693972568019,1.0768099495280206,0.5454960577067115,0.00039158028163606564,13,8,0.570087712549569,2500,OLS_iid,iid,False,5
2,3,3001,25,250001,True,102,False,100,0.872121929754804,4.2932260180823505,0.5289660966948229,0.5197873462854925,1.0066475811023927,1.0261197216584597,0.556659846103479,0.00028372912984029225,13,8,0.570087712549569,2500,OLS_iid,iid,False,5
2,4,4001,6,60001,True,95,False,100,0.6786196318849731,4.068553691729903,0.584220880756555,0.5836274180104882,1.1715585910851682,1.2145236675276019,0.5402032853614341,0.0003707265135935586,13,8,0.570087712549569,2500,OLS_iid,iid,False,5
2,4,4001,18,180001,True,88,False,100,0.7280983049752222,3.8211135901510715,0.6125930829797633,0.6265444000057923,1.1233743312421216,1.17169859431477,0.49523232109678067,0.0004591976227258225,13,8,0.570087712549569,2500,OLS_iid,iid,False,5
2,4,4001,0,1,True,102,False,100,0.8105587581235082,4.243212640285492,0.5104070700103623,0.5003626934043856,1.2063874347239394,1.1299177269658036,0.5434229297514449,0.00024002656957609867,13,8,0.570087712549569,2500,OLS_iid,iid,False,5
2,3,3001,9,90001,True,111,False,100,0.8702724024523968,4.78919460484758,0.6174172197866543,0.6319318420744946,0.9807362193713199,1.4051719162522665,0.44209861860300886,0.00022084991610931692,13,8,0.570087712549569,2500,OLS_iid,iid,False,5
2,3,3001,26,260001,True,101,False,100,0.8425840216133975,4.393188175745308,0.5767444227486945,0.5751765285517457,1.0700980959068742,1.1971279024531196,0.49733381049020303,0.00024552621351518316,13,8,0.570087712549569,2500,OLS_iid,iid,False,5
2,3,3001,6,60001,True,104,False,100,0.6786196318849731,4.924308963119984,0.5601493395309333,0.5595480346565398,0.8504599367701008,1.0353553995967482,0.5508562591860116,0.0002953253106749387,13,8,0.570087712549569,2500,OLS_iid,iid,False,5
2,2,2001,16,160001,True,125,False,100,0.7794654686395939,5.385357656981796,0.5477175287714036,0.5377063157673668,1.1337073607674262,1.1979835804452086,0.4914781719814401,0.00016348494335124424,13,8,0.570087712549569,2500,OLS_iid,iid,False,5
2,4,4001,1,10001,True,98,False,100,0.8560040164143231,4.377726503182203,0.6101598449658416,0.6184869318469299,1.076816443275082,1.2470133298909103,0.4683343824225231,0.00028438982002007297,13,8,0.570087712549569,2500,OLS_iid,iid,False,5
2,4,4001,21,210001,True,88,False,100,0.7431400910314013,3.7920721108093858,0.6039676212876081,0.6133600889941895,1.0292893472010978,1.1908629141933653,0.47529512386275025,0.00045304932707638585,13,8,0.570087712549569,2500,OLS_iid,iid,False,5
2,4,4001,13,130001,True,94,False,100,0.7622937846217469,4.08649639505893,0.5065058881419372,0.4904636823151719,0.8882224031274488,0.994263800364907,0.5750247406700569,0.00033083403204161633,13,8,0.570087712549569,2500,OLS_iid,iid,False,5
2,4,4001,12,120001,True,91,False,100,0.9220615443211099,4.128021508920938,0.4950045485172767,0.482155331037104,0.778342639917577,0.9553265872712889,0.6095648109933074,0.0003812717240480111,13,8,0.570087712549569,2500,OLS_iid,iid,False,5
2,4,4001,19,190001,True,93,False,100,0.7625645147987673,4.0432261363603175,0.5721362707576098,0.5702219692548788,1.075576401037415,1.2563759138295187,0.4592289608624336,0.00032289895560752227,13,8,0.570087712549569,2500,OLS_iid,iid,False,5
2,4,4001,2,20001,True,92,False,100,0.6796067498128452,4.443987017963082,0.5718091146394142,0.5679697966215489,0.9281691122169788,1.0668470774451386,0.5695928235888043,0.0003569259155642823,13,8,0.570087712549569,2500,OLS_iid,iid,False,5
2,4,4001,5,50001,True,99,False,100,0.7981756372625675,4.407704025041312,0.5741983673734313,0.5760323204566903,1.0934122533207895,1.072419103164732,0.5572903654550645,0.00032955305360894704,13,8,0.570087712549569,2500,OLS_iid,iid,False,5
2,3,3001,22,220001,True,105,False,100,0.7782072645093546,4.761286547873169,0.5470946906108083,0.5454693400163274,1.0477722960892772,1.2121735498910715,0.5371794500707615,0.00022602612138954666,13,8,0.570087712549569,2500,OLS_iid,iid,False,5
2,3,3001,28,280001,True,105,False,100,0.8304813982898618,4.569564660079777,0.6142877469641834,0.6242977285062377,1.0852987206552533,1.4138972517580055,0.49744158293601226,0.00022143301406572075,13,8,0.570087712549569,2500,OLS_iid,iid,False,5
2,3,3001,29,290001,True,107,False,100,0.7709399698521745,4.619608997832984,0.5784796598236306,0.5766290257237385,0.992360232635873,1.134154793793297,0.507231156824723,0.0002270869391356309,13,8,0.570087712549569,2500,OLS_iid,iid,False,5
2,4,4001,15,150001,True,104,False,100,0.8608639089928485,4.243994404096156,0.5979466745848797,0.5969120482642926,0.979206590271301,1.2566966056577904,0.42507380776854836,0.000239143006236268,13,8,0.570087712549569,2500,OLS_iid,iid,False,5
2,4,4001,17,170001,True,103,False,100,0.6801505171902815,4.2843049159273505,0.6182407260736358,0.6295706517846834,1.234206181976458,1.4030554870164185,0.4576338367740904,0.00030873187643001436,13,8,0.570087712549569,2500,OLS_iid,iid,False,5
2,4,4001,23,230001,True,92,False,100,0.6023814891064135,3.935363968834281,0.5736404944327552,0.5739396112794486,1.0207364206811815,1.156668456616467,0.5052072612167441,0.0003777393062168042,13,8,0.570087712549569,2500,OLS_iid,iid,False,5
2,4,4001,22,220001,True,88,False,100,0.7782072645093546,3.986794864758849,0.5644104191977841,0.5561408424333443,0.9897967010328591,1.0693060696803203,0.5497068018776893,0.00040934010401616787,13,8,0.570087712549569,2500,OLS_iid,iid,False,5
2,4,4001,9,90001,True,97,False,100,0.8702724024523968,4.485221903305501,0.5886987822326347,0.5957728685716926,1.0360087036228764,1.2941100267285912,0.5062829372625959,0.00029372289344256966,13,8,0.570087712549569,2500,OLS_iid,iid,False,5
2,4,4001,16,160001,True,95,False,100,0.7794654686395939,4.396351241040975,0.5801166427495457,0.5763426636978826,1.0115966840379458,1.0665697511524155,0.5313159779491262,0.00036601658350272394,13,8,0.570087712549569,2500,OLS_iid,iid,False,5
2,4,4001,20,200001,True,99,False,100,0.7128310237994083,4.3511000368744135,0.5869882959538322,0.5898185634293925,1.0397726507421179,1.1918837592783798,0.5032421373493217,0.00026477033071271974,13,8,0.570087712549569,2500,OLS_iid,iid,False,5
2,4,4001,3,30001,True,100,False,100,0.930410464698022,4.808668355923146,0.6290716862316564,0.6389787204202674,1.0305803972739411,1.226432595415441,0.42808001521060174,0.0002202542010248086,13,8,0.570087712549569,2500,OLS_iid,iid,False,5
2,4,4001,14,140001,True,108,False,100,0.9490326339516414,4.672553655225784,0.663922688022522,0.6928076757463919,0.9498795445757245,1.383802201396791,0.3825353762746604,0.00022160044941728487,13,8,0.570087712549569,2500,OLS_iid,iid,False,5
2,4,4001,28,280001,True,96,False,100,0.8304813982898618,4.06943170633167,0.6030347352470129,0.6083724274882543,0.9289683888300647,1.2181128082284507,0.4797891230052173,0.0003294553127812967,13,8,0.570087712549569,2500,OLS_iid,iid,False,5
2,3,3001,14,140001,True,134,False,100,0.9490326339516414,5.598821457941085,0.5583345276751956,0.5519899026517728,1.0090723649863629,1.0931529605552002,0.5299407778077996,0.00010609154514698074,13,8,0.570087712549569,2500,OLS_iid,iid,False,5
2,4,4001,11,110001,True,102,False,100,0.7850213029027712,4.990815246012062,0.5804316790560549,0.571515354193161,1.1151189753629922,1.158558033656748,0.4797839444151055,0.00027107624159699445,13,8,0.570087712549569,2500,OLS_iid,iid,False,5
2,4,4001,29,290001,True,94,False,100,0.7709399698521745,4.194179253652692,0.6101928731286588,0.6198919868290915,1.132358471675061,1.1041244993478272,0.5313596915523527,0.00035371074322268595,13,8,0.570087712549569,2500,OLS_iid,iid,False,5
2,5,5001,1,10001,True,97,False,100,0.8560040164143231,4.184772615786642,0.5825501921334825,0.5792868267675,1.1010081601957349,1.2003173016555624,0.44266301737165814,0.00028070269766708347,13,8,0.570087712549569,2500,OLS_iid,iid,False,5
2,4,4001,27,270001,True,94,False,100,0.761282072897567,4.4264293517917395,0.6513259544881669,0.675437351712096,1.003850339361161,1.2890897548902784,0.4080706964440017,0.00033412233564753696,13,8,0.570087712549569,2500,OLS_iid,iid,False,5
2,4,4001,26,260001,True,96,False,100,0.8425840216133975,4.5703250439837575,0.597543415543476,0.6037464327234529,0.9217981301720767,1.2026745153138425,0.4327775703407614,0.0002849720301865343,13,8,0.570087712549569,2500,OLS_iid,iid,False,5
2,5,5001,6,60001,True,93,False,100,0.6786196318849731,3.8198536187410355,0.5956722577361893,0.6174232940452846,1.0831042761687089,1.325564228570248,0.5486978410137281,0.0003578994811573496,13,8,0.570087712549569,2500,OLS_iid,iid,False,5
2,4,4001,25,250001,True,95,False,100,0.872121929754804,4.714401225093752,0.577900021574763,0.580041160734645,1.015152079317021,1.158060829627087,0.5143506663567188,0.0003165905163842214,13,8,0.570087712549569,2500,OLS_iid,iid,False,5
2,5,5001,4,40001,True,100,False,100,0.6608952081777808,4.009653160814196,0.6255088723130332,0.637766140406791,0.9956990968902775,1.2651257533063107,0.4358662494890159,0.00026732848314814215,13,8,0.570087712549569,2500,OLS_iid,iid,False,5
2,5,5001,11,110001,True,87,False,100,0.7850213029027712,3.5163010652177036,0.6376419280246229,0.6565864145834955,1.1396055510927805,1.246360483557906,0.4222972550982531,0.00044554480627919394,13,8,0.570087712549569,2500,OLS_iid,iid,False,5
2,5,5001,0,1,True,103,False,100,0.8105587581235082,4.451268292963505,0.6367447443409836,0.6574325926812802,1.0060524391963657,1.2005384344809766,0.47331470418780486,0.00024368274301565042,13,8,0.570087712549569,2500,OLS_iid,iid,False,5
2,4,4001,24,240001,True,111,False,100,0.8573263233675178,4.864598670043051,0.6341082624294929,0.6475586618710559,1.069004665988916,1.2643411924297387,0.4420386397335356,0.00018921967650301148,13,8,0.570087712549569,2500,OLS_iid,iid,False,5
2,5,5001,3,30001,True,97,False,100,0.930410464698022,4.2976068649441,0.5425613947341269,0.5280863060138359,0.968557151365241,1.1787877121346833,0.4846761187416625,0.00024210779186671926,13,8,0.570087712549569,2500,OLS_iid,iid,False,5
2,5,5001,9,90001,True,88,False,100,0.8702724024523968,3.7997249430045485,0.563728478352524,0.5602743025670955,1.0358931751061058,1.1826185222858188,0.5296504943470084,0.0004254157221010878,13,8,0.570087712549569,2500,OLS_iid,iid,False,5
2,5,5001,5,50001,True,101,False,100,0.7981756372625675,4.3654245170764625,0.6710921331814178,0.7122662540953686,1.0304040846399953,1.3837604374518944,0.4250858780539674,0.0002563155854220724,13,8,0.570087712549569,2500,OLS_iid,iid,False,5
2,5,5001,18,180001,True,87,False,100,0.7280983049752222,3.731272774748504,0.5867254861537613,0.591217411925376,0.8977358171505968,1.103093502111605,0.5148946493208931,0.0004533440750127326,13,8,0.570087712549569,2500,OLS_iid,iid,False,5
2,5,5001,16,160001,True,87,False,100,0.7794654686395939,3.7972304918803275,0.6045329347955893,0.6162148571004026,0.9584394880387168,1.2111641083061455,0.49001078677726784,0.00041445331947695825,13,8,0.570087712549569,2500,OLS_iid,iid,False,5
2,5,5001,10,100001,True,92,False,100,0.6838385837225557,4.023690303787589,0.6148779096543582,0.6223391304042735,1.0564783535645277,1.191003213489723,0.49497354282350425,0.00037010640340278425,13,8,0.570087712549569,2500,OLS_iid,iid,False,5
2,5,5001,17,170001,True,88,False,100,0.6801505171902815,3.878249663859606,0.5523388043244881,0.5474433065715627,1.1908327417689892,1.0786784529442097,0.5781692504905103,0.0004666261527969324,13,8,0.570087712549569,2500,OLS_iid,iid,False,5
2,5,5001,12,120001,True,91,False,100,0.9220615443211099,4.047120636329055,0.541323587242406,0.5329037227478222,0.9584139823852812,1.241979648309301,0.5459759664573226,0.0003843505190890957,13,8,0.570087712549569,2500,OLS_iid,iid,False,5
2,6,6001,6,60001,True,89,False,100,0.6786196318849731,3.5266623962670565,0.5783212742952957,0.5819237790626034,0.9657242677515193,1.1729635213398026,0.5174205356322206,0.00040095196609081453,13,8,0.570087712549569,2500,OLS_iid,iid,False,5
2,5,5001,14,140001,True,93,False,100,0.9490326339516414,4.062391188926995,0.6010993208472825,0.6076676364510102,0.8708133195792849,1.2103777506811366,0.4384746135717333,0.00033027686554156296,13,8,0.570087712549569,2500,OLS_iid,iid,False,5
2,5,5001,13,130001,True,94,False,100,0.7622937846217469,4.090810182038695,0.5711286064709133,0.5794216165465264,1.1100694189531017,1.4228749346518903,0.4469666953108213,0.0003396907862709429,13,8,0.570087712549569,2500,OLS_iid,iid,False,5
2,5,5001,20,200001,True,97,False,100,0.7128310237994083,4.036643935367465,0.6153997289691531,0.6307454164851237,0.9762088186973807,1.224608455615154,0.4618846418920251,0.00029515261900649534,13,8,0.570087712549569,2500,OLS_iid,iid,False,5
2,5,5001,15,150001,True,98,False,100,0.8608639089928485,4.202394042164087,0.5718552633084075,0.5731063783814367,1.0548906601248005,1.3210538165352068,0.4499334873277473,0.00024197723121474865,13,8,0.570087712549569,2500,OLS_iid,iid,False,5
2,6,6001,18,180001,True,83,False,100,0.7280983049752222,3.4822687450796366,0.6688459229542374,0.6967641106568878,0.9988590892389474,1.2693694528689121,0.4793880035030295,0.0005147826000249968,13,8,0.570087712549569,2500,OLS_iid,iid,False,5
2,5,5001,23,230001,True,90,False,100,0.6023814891064135,3.9965436719357967,0.5756347078860078,0.5733686815184199,0.8716573291680423,1.1880695517785673,0.46789302595576115,0.0003706013658769593,13,8,0.570087712549569,2500,OLS_iid,iid,False,5
2,5,5001,22,220001,True,93,False,100,0.7782072645093546,4.100477239117026,0.6154619661550903,0.6277537078951306,0.9576394087008379,1.1974014220104714,0.45546728886777804,0.0003541816358153011,13,8,0.570087712549569,2500,OLS_iid,iid,False,5
2,6,6001,9,90001,True,90,False,100,0.8702724024523968,3.834590246900916,0.5964062973375952,0.6072041292026328,1.2679967732838588,1.194317227975272,0.5362342066487866,0.000392149883999488,13,8,0.570087712549569,2500,OLS_iid,iid,False,5
2,5,5001,7,70001,True,93,False,100,0.752797959847825,4.558356014546007,0.5754157317295184,0.5720180660455009,1.0893733240599248,1.4441861442701471,0.5682394869917432,0.0003537657896870745,13,8,0.570087712549569,2500,OLS_iid,iid,False,5
2,5,5001,25,250001,True,99,False,100,0.872121929754804,4.087725106161088,0.5829093516554128,0.5795285748494738,1.1297121248035256,1.268448718877987,0.44512208970863737,0.00028405788274662677,13,8,0.570087712549569,2500,OLS_iid,iid,False,5
2,6,6001,11,110001,True,89,False,100,0.7850213029027712,3.8781897951848805,0.6504442590167492,0.6694014407873612,0.9859446805490735,1.2602102786728862,0.44853296666989695,0.00039672098178804597,13,8,0.570087712549569,2500,OLS_iid,iid,False,5
2,6,6001,3,30001,True,93,False,100,0.930410464698022,3.995496609713882,0.5667033257923529,0.5700915113059429,1.2188132613773073,1.168514554459682,0.48098417309643,0.0003020853687429373,13,8,0.570087712549569,2500,OLS_iid,iid,False,5
2,5,5001,29,290001,True,95,False,100,0.7709399698521745,4.139985046815127,0.5834354243396859,0.5873220632141114,0.9162798201315472,1.1198464434540745,0.5248117532915775,0.000308337209170858,13,8,0.570087712549569,2500,OLS_iid,iid,False,5
2,6,6001,14,140001,True,93,False,100,0.9490326339516414,3.9189252741634846,0.5823789882570976,0.5839123750270083,1.0206075702562116,1.1780111400658415,0.4708584566927495,0.00031108528109925917,13,8,0.570087712549569,2500,OLS_iid,iid,False,5
2,6,6001,17,170001,True,89,False,100,0.6801505171902815,3.8056539678946137,0.5103789563474521,0.4898275496435746,0.9061273147945097,0.9881088887791445,0.5942335763618961,0.0004150722880073773,13,8,0.570087712549569,2500,OLS_iid,iid,False,5
2,6,6001,16,160001,True,91,False,100,0.7794654686395939,3.8507770230062306,0.5400833808376497,0.5271813123094578,0.9216736254026031,0.9920496466544848,0.6118850477258106,0.00039237025330957293,13,8,0.570087712549569,2500,OLS_iid,iid,False,5
2,6,6001,7,70001,True,98,False,100,0.752797959847825,4.108567696996033,0.5737485069098768,0.5673911288189273,1.2949543850302034,1.267835837888801,0.5368446304007997,0.0003120992579936573,13,8,0.570087712549569,2500,OLS_iid,iid,False,5
2,5,5001,24,240001,True,99,False,100,0.8573263233675178,4.304717540740967,0.580051638265865,0.5781522795937835,0.9615329758478773,1.185068509276961,0.4667504762786179,0.00025076827463831676,13,8,0.570087712549569,2500,OLS_iid,iid,False,5
2,5,5001,8,80001,True,101,False,100,0.7443496716401711,4.762527148239315,0.5921977983305268,0.5974948091873121,1.2380356551396037,1.0966552047718372,0.5580237602279907,0.00029889518898492035,13,8,0.570087712549569,2500,OLS_iid,iid,False,5
2,5,5001,19,190001,True,102,False,100,0.7625645147987673,4.491681774146855,0.5634543647167699,0.5549733774703894,1.0949787133116873,1.3299788111665014,0.48272664968832046,0.000247816421307067,13,8,0.570087712549569,2500,OLS_iid,iid,False,5
2,5,5001,26,260001,True,101,False,100,0.8425840216133975,4.336649047210813,0.6106986463821119,0.6209928611250896,0.967992016445824,1.2275554972731177,0.4410571823499353,0.00028340051208512854,13,8,0.570087712549569,2500,OLS_iid,iid,False,5
2,6,6001,1,10001,True,97,False,100,0.8560040164143231,4.304328453261405,0.5694261259749136,0.5686556342483581,1.1729508454006032,1.182057093525178,0.48681819284891775,0.0003004207491574257,13,8,0.570087712549569,2500,OLS_iid,iid,False,5
2,6,6001,13,130001,True,94,False,100,0.7622937846217469,4.097091613803059,0.5587141661028626,0.5501158130067574,1.0140729934889627,1.227846077724772,0.4741631593717371,0.00033986705636415986,13,8,0.570087712549569,2500,OLS_iid,iid,False,5
2,5,5001,2,20001,True,106,False,100,0.6796067498128452,5.479451409075409,0.603930081392355,0.6094716688192914,1.046068227207554,1.275941555636533,0.5022330749963551,0.0002405296282843424,13,8,0.570087712549569,2500,OLS_iid,iid,False,5
2,6,6001,0,1,True,94,False,100,0.8105587581235082,4.3710369248874485,0.6473634678338013,0.6722533386175201,1.1242425059632963,1.3067425702550586,0.4193624482576146,0.0003446515112051267,13,8,0.570087712549569,2500,OLS_iid,iid,False,5
2,6,6001,21,210001,True,91,False,100,0.7431400910314013,3.823899928946048,0.5822994776371283,0.579644834731085,1.0715603730822862,1.1980582851776382,0.5079971213931217,0.0003332236064556515,13,8,0.570087712549569,2500,OLS_iid,iid,False,5
2,6,6001,8,80001,True,99,False,100,0.7443496716401711,4.357755605597049,0.6040390631264717,0.6076208708465441,0.9605237764829843,1.0925178983951687,0.5844578210742932,0.0003189813743701424,13,8,0.570087712549569,2500,OLS_iid,iid,False,5
2,6,6001,12,120001,True,98,False,100,0.9220615443211099,4.292940060142428,0.6285887227035537,0.6425074193128857,1.0499248760731787,1.2769164513696711,0.4692297697605518,0.00032127122799905793,13,8,0.570087712549569,2500,OLS_iid,iid,False,5
2,5,5001,27,270001,True,105,False,100,0.761282072897567,4.595848329830915,0.5734172166768505,0.5893193044616174,0.9687450245120053,1.114422662110548,0.5331234021965505,0.00023919991546776567,13,8,0.570087712549569,2500,OLS_iid,iid,False,5
2,6,6001,19,190001,True,97,False,100,0.7625645147987673,4.1657825098373,0.5306583325211855,0.522140580987007,0.8376972198596955,1.0406282300644139,0.5492430469967433,0.0003213330503770432,13,8,0.570087712549569,2500,OLS_iid,iid,False,5
2,6,6001,23,230001,True,91,False,100,0.6023814891064135,3.9440845819190145,0.6052025793969549,0.6169901438091602,0.9222137838807575,1.335989380078643,0.3879084659374443,0.0003339558278437992,13,8,0.570087712549569,2500,OLS_iid,iid,False,5
2,6,6001,10,100001,True,103,False,100,0.6838385837225557,4.472446330823004,0.5601843037291575,0.5534456274290269,1.0258338081527212,1.0971734864087739,0.5662466883130672,0.0002766347104653681,13,8,0.570087712549569,2500,OLS_iid,iid,False,5
2,6,6001,15,150001,True,104,False,100,0.8608639089928485,4.443008666392416,0.5989379342241811,0.6068280920061075,1.1160208236164886,1.2153205135635214,0.474839152882109,0.00022975781397334581,13,8,0.570087712549569,2500,OLS_iid,iid,False,5
2,6,6001,20,200001,True,95,False,100,0.7128310237994083,4.153644242789596,0.5989377131523633,0.6074456242484083,1.056176218882794,1.2454858944363039,0.42921630302207986,0.0003601203709825444,13,8,0.570087712549569,2500,OLS_iid,iid,False,5
2,6,6001,4,40001,True,103,False,100,0.6608952081777808,4.691953497007489,0.5798935475538046,0.5842782343252753,1.3002770975266185,1.2750675278220946,0.4965328371118845,0.0002467764039828649,13,8,0.570087712549569,2500,OLS_iid,iid,False,5
2,6,6001,5,50001,True,95,False,100,0.7981756372625675,4.6855097957886755,0.5914957397136336,0.5902493665266444,1.1033080645979187,1.0550916361641407,0.5407213829695947,0.000330718690616785,13,8,0.570087712549569,2500,OLS_iid,iid,False,5
2,6,6001,26,260001,True,93,False,100,0.8425840216133975,3.9817257449030876,0.6116756066745392,0.622770336075333,0.9552582829564519,1.233244308054085,0.45145001618722785,0.0003090930806826828,13,8,0.570087712549569,2500,OLS_iid,iid,False,5
2,6,6001,25,250001,True,91,False,100,0.872121929754804,4.089294234290719,0.5659850768741623,0.5674615144359437,1.2287429825958063,1.2166094275681525,0.5181052429555719,0.000324227638960141,13,8,0.570087712549569,2500,OLS_iid,iid,False,5
2,7,7001,4,40001,True,90,False,100,0.6608952081777808,3.9021057318896055,0.6259732725791713,0.6377068178102085,0.941529846970229,1.219647101810219,0.42159791505236827,0.0004062730609294091,13,8,0.570087712549569,2500,OLS_iid,iid,False,5
2,7,7001,8,80001,True,92,False,100,0.7443496716401711,3.863646435085684,0.6086479617055177,0.6195516793628665,1.0529254167799613,1.2786917312595927,0.49156963624233724,0.00043602401957622055,13,8,0.570087712549569,2500,OLS_iid,iid,False,5
2,6,6001,24,240001,True,94,False,100,0.8573263233675178,4.195530063007027,0.5762436673212568,0.5761070047430839,0.9192422506962503,1.1790972357955352,0.4465757081192679,0.0003321921278009787,13,8,0.570087712549569,2500,OLS_iid,iid,False,5
2,5,5001,28,280001,True,113,False,100,0.8304813982898618,4.985733005218208,0.5801419898640283,0.5751551956117547,0.9705200119966026,1.110864110991696,0.5385648462609717,0.00021289575073130668,13,8,0.570087712549569,2500,OLS_iid,iid,False,5
2,6,6001,27,270001,True,94,False,100,0.761282072897567,4.116884772665799,0.5936798045925361,0.6005291713155392,1.017763921104251,1.1866821829655854,0.5046925158673639,0.0003375202455511117,13,8,0.570087712549569,2500,OLS_iid,iid,False,5
2,6,6001,28,280001,True,96,False,100,0.8304813982898618,4.128201947081834,0.5906552254065333,0.5957030258084115,1.2729679863262242,1.2557731771349863,0.5424498882675045,0.00031122182473953603,13,8,0.570087712549569,2500,OLS_iid,iid,False,5
2,7,7001,2,20001,True,92,False,100,0.6796067498128452,4.085173435974866,0.5435826733648654,0.5251923682422136,0.99420949121308,1.0465548136227303,0.569821082398587,0.00037175382817379284,13,8,0.570087712549569,2500,OLS_iid,iid,False,5
2,7,7001,12,120001,True,88,False,100,0.9220615443211099,3.9004675750620663,0.5892460309731121,0.5913367224336472,1.0575858441365373,1.2146979797694177,0.4949710108193244,0.0004085541557055032,13,8,0.570087712549569,2500,OLS_iid,iid,False,5
2,7,7001,6,60001,True,94,False,100,0.6786196318849731,4.055494500789791,0.6238575785348824,0.639650420775285,0.9248731611289103,1.2460823672110093,0.47803394255857085,0.0003749515678055446,13,8,0.570087712549569,2500,OLS_iid,iid,False,5
2,6,6001,22,220001,True,100,False,100,0.7782072645093546,4.367109823971987,0.49744737306833586,0.4812677995103104,1.1623151346423342,1.029984053828392,0.5859112487373997,0.0002861724587221061,13,8,0.570087712549569,2500,OLS_iid,iid,False,5
2,7,7001,1,10001,True,95,False,100,0.8560040164143231,4.156004684977233,0.590616917258631,0.5875070354826181,1.021348662730125,1.195297905156233,0.46423485584842955,0.00032038100531173603,13,8,0.570087712549569,2500,OLS_iid,iid,False,5
2,6,6001,29,290001,True,96,False,100,0.7709399698521745,4.166995811276138,0.5641917397764775,0.5619549241214741,0.937870355297016,1.0874400415482568,0.5211237100997281,0.00030032529410810977,13,8,0.570087712549569,2500,OLS_iid,iid,False,5
2,7,7001,13,130001,True,90,False,100,0.7622937846217469,3.977403277065605,0.6050911238812996,0.6122628052394988,1.0684223100860248,1.2100304509161701,0.44255222741198547,0.00040892577464478075,13,8,0.570087712549569,2500,OLS_iid,iid,False,5
2,5,5001,21,210001,True,108,False,100,0.7431400910314013,5.23289665998891,0.48425387029593303,0.45494010628096704,0.971951563582669,0.9522248292990088,0.6173370719046718,0.00023226768553252403,13,8,0.570087712549569,2500,OLS_iid,iid,False,5
2,6,6001,2,20001,True,115,False,100,0.6796067498128452,5.055904459673911,0.6233789824937638,0.638211074989761,1.1542979389006787,1.2886237893035395,0.4967415541148794,0.00020113277169044218,13,8,0.570087712549569,2500,OLS_iid,iid,False,5
2,7,7001,3,30001,True,95,False,100,0.930410464698022,4.164939916692674,0.49409408444448505,0.47371870081122136,0.7312456742245067,1.011852177692961,0.5244997716377435,0.0002571696358266693,13,8,0.570087712549569,2500,OLS_iid,iid,False,5
2,7,7001,5,50001,True,94,False,100,0.7981756372625675,4.175587286241353,0.6069452827133972,0.6132488686940488,1.1215203410257832,1.2016055240281611,0.538214629873401,0.0003803749817548899,13,8,0.570087712549569,2500,OLS_iid,iid,False,5
2,7,7001,16,160001,True,92,False,100,0.7794654686395939,4.006075027864426,0.5666631092100578,0.5723784281554376,1.2436762473458065,1.2179562166545408,0.5084216748354194,0.00038660545281183945,13,8,0.570087712549569,2500,OLS_iid,iid,False,5
2,7,7001,23,230001,True,92,False,100,0.6023814891064135,3.8503646361641586,0.6138769423422326,0.6176938906080728,1.0154885411011818,1.2019975727840786,0.47443403080243696,0.0003414028994179904,13,8,0.570087712549569,2500,OLS_iid,iid,False,5
2,7,7001,22,220001,True,87,False,100,0.7782072645093546,3.880997753236443,0.5676072557428848,0.5567210124355235,0.9048407665418988,1.1066399817449026,0.5214128926154479,0.00046495952659795126,13,8,0.570087712549569,2500,OLS_iid,iid,False,5
2,7,7001,18,180001,True,94,False,100,0.7280983049752222,4.113722627982497,0.6193253445435166,0.6373379666568363,1.2450845523468992,1.4297952555598543,0.4734066768567292,0.0003323953823789223,13,8,0.570087712549569,2500,OLS_iid,iid,False,5
2,7,7001,9,90001,True,99,False,100,0.8702724024523968,4.325360753107816,0.6172218513819628,0.6285780691402741,1.083921019032043,1.2510412558647852,0.48419784860695375,0.00030357261780829183,13,8,0.570087712549569,2500,OLS_iid,iid,False,5
2,7,7001,7,70001,True,103,False,100,0.752797959847825,4.454204239882529,0.6339600272286959,0.6530747889271323,1.1374735388615607,1.139939280738712,0.5274291620796746,0.000321569136297464,13,8,0.570087712549569,2500,OLS_iid,iid,False,5
2,7,7001,27,270001,True,88,False,100,0.761282072897567,4.030304414220154,0.6534457863295488,0.6780452953395577,1.080179341632095,1.3546642364298447,0.3932657411409977,0.00038703033946191177,13,8,0.570087712549569,2500,OLS_iid,iid,False,5
2,7,7001,28,280001,True,89,False,100,0.8304813982898618,3.93010071804747,0.5673266627282513,0.5642946536378569,1.117797489595536,1.0863316477215095,0.5359686034564566,0.00040111238987626817,13,8,0.570087712549569,2500,OLS_iid,iid,False,5
2,7,7001,17,170001,True,100,False,100,0.6801505171902815,4.343690462876111,0.6267276968676906,0.6404197358946959,0.8981794681156594,1.244993102381066,0.4731602626947218,0.0003040726388863348,13,8,0.570087712549569,2500,OLS_iid,iid,False,5
2,8,8001,8,80001,True,84,False,100,0.7443496716401711,3.720964744221419,0.6323251983811897,0.6532611779099337,1.109042194194163,1.1770221409750992,0.5228713266993862,0.0005317000875721673,13,8,0.570087712549569,2500,OLS_iid,iid,False,5
2,7,7001,15,150001,True,99,False,100,0.8608639089928485,4.4180535157211125,0.5507203354958633,0.5376501112751622,0.9871973217930754,1.1183423871996043,0.4873069587594739,0.0002589428270864838,13,8,0.570087712549569,2500,OLS_iid,iid,False,5
2,7,7001,21,210001,True,95,False,100,0.7431400910314013,4.280946772079915,0.6493817512868458,0.6711934459701596,1.0935027208016475,1.2142576106777687,0.4993539051272222,0.00036808654981942225,13,8,0.570087712549569,2500,OLS_iid,iid,False,5
2,8,8001,5,50001,True,91,False,100,0.7981756372625675,3.9616236784495413,0.6226621246988382,0.6335664033223178,1.0688211959262963,1.2125271623362737,0.4665154600616546,0.00040039716462843684,13,8,0.570087712549569,2500,OLS_iid,iid,False,5
2,8,8001,4,40001,True,92,False,100,0.6608952081777808,3.990296758711338,0.60595725855006,0.6109909971469725,0.9518815925695154,1.9037721774136835,0.5242590733891633,0.00035923521177806856,13,8,0.570087712549569,2500,OLS_iid,iid,False,5
2,7,7001,0,1,True,112,False,100,0.8105587581235082,4.839699828997254,0.5764272190597958,0.5676964794885023,0.9102286075118019,1.173100761597054,0.4623733893599468,0.00021069147751769308,13,8,0.570087712549569,2500,OLS_iid,iid,False,5
2,8,8001,1,10001,True,96,False,100,0.8560040164143231,4.079950375016779,0.5738448605080049,0.5735253474187973,1.0960250765778623,1.1806916737434159,0.4594965621235243,0.00031349627190780245,13,8,0.570087712549569,2500,OLS_iid,iid,False,5
2,8,8001,18,180001,True,90,False,100,0.7280983049752222,3.7062638057395816,0.5705032512362256,0.5701431799707899,0.9864992745488359,1.0393358338256615,0.570051923202909,0.00038897665277225603,13,8,0.570087712549569,2500,OLS_iid,iid,False,5
2,7,7001,11,110001,True,108,False,100,0.7850213029027712,4.642070015892386,0.5354553546399273,0.5251952424927295,0.9644692074277176,1.0739651737076945,0.5499672350928694,0.0002421982323932676,13,8,0.570087712549569,2500,OLS_iid,iid,False,5
2,8,8001,0,1,True,92,False,100,0.8105587581235082,4.114771648775786,0.5649515345646425,0.5657392761503061,0.8111642293720965,1.0990655599531431,0.48103918586515,0.00038429978237273084,13,8,0.570087712549569,2500,OLS_iid,iid,False,5
2,7,7001,26,260001,True,93,False,100,0.8425840216133975,4.347223716322333,0.5913395665950321,0.5940533633217733,1.0272837597117168,1.2629992430463353,0.440128423159792,0.00027432838988219446,13,8,0.570087712549569,2500,OLS_iid,iid,False,5
2,7,7001,19,190001,True,98,False,100,0.7625645147987673,4.558669922873378,0.5901663645468117,0.5925835529592812,1.0836677155885943,1.231616214756266,0.45885091473621226,0.0002760809556969525,13,8,0.570087712549569,2500,OLS_iid,iid,False,5
2,8,8001,3,30001,True,91,False,100,0.930410464698022,4.154820433817804,0.5700151316871813,0.566107724233683,0.9295272470852917,1.1923062525479577,0.4264364003367857,0.00032829381773429267,13,8,0.570087712549569,2500,OLS_iid,iid,False,5
2,8,8001,21,210001,True,88,False,100,0.7431400910314013,3.6834429102018476,0.5965764399226599,0.6051399013137098,0.9777149497820427,1.2054244034302377,0.46092461487983,0.0004359951495341917,13,8,0.570087712549569,2500,OLS_iid,iid,False,5
2,7,7001,20,200001,True,102,False,100,0.7128310237994083,4.567282096948475,0.6568258878899544,0.6777064833191008,0.9452294598342998,4.77234518871692,0.47712653783185355,0.0002995686835671694,13,8,0.570087712549569,2500,OLS_iid,iid,False,5
2,7,7001,24,240001,True,99,False,100,0.8573263233675178,4.523092093877494,0.5636480362548582,0.5596310503203547,1.0431803337529215,1.183284709719662,0.5054668760442981,0.00024309286767812361,13,8,0.570087712549569,2500,OLS_iid,iid,False,5
2,7,7001,25,250001,True,103,False,100,0.872121929754804,4.517295008990914,0.5970256367915515,0.6075203838035829,1.024101230662184,1.2407225233263928,0.42264454713665417,0.00026172321299177027,13,8,0.570087712549569,2500,OLS_iid,iid,False,5
2,8,8001,11,110001,True,96,False,100,0.7850213029027712,4.043025427032262,0.5970298001683821,0.6019445418776155,0.8649890941951797,1.1627326314212387,0.5097822480300733,0.00030639416894325845,13,8,0.570087712549569,2500,OLS_iid,iid,False,5
2,8,8001,2,20001,True,97,False,100,0.6796067498128452,4.296232185792178,0.571379503439967,0.5727825778076904,1.1001482881090836,1.0753063206317177,0.5191221076633596,0.0003339825624364438,13,8,0.570087712549569,2500,OLS_iid,iid,False,5
2,8,8001,12,120001,True,95,False,100,0.9220615443211099,4.084621029905975,0.608025737449161,0.6189647201647651,1.0473960075584732,1.0995745764645972,0.5386840362014833,0.0003678584951534704,13,8,0.570087712549569,2500,OLS_iid,iid,False,5
2,7,7001,14,140001,True,114,False,100,0.9490326339516414,4.914008821826428,0.5657204266294893,0.5772789948643192,0.9332693072441602,1.1598090634672247,0.5056684493435717,0.00015468644164234435,13,8,0.570087712549569,2500,OLS_iid,iid,False,5
2,8,8001,7,70001,True,96,False,100,0.752797959847825,4.26814893912524,0.6342330954137768,0.6505113545142784,1.1074872025713385,1.3906201763892374,0.44908070245604464,0.00035923564253630076,13,8,0.570087712549569,2500,OLS_iid,iid,False,5
2,8,8001,22,220001,True,88,False,100,0.7782072645093546,3.9104371978901327,0.6437840289201853,0.665648886271456,1.109966979039993,1.213100041068098,0.4984053619458372,0.0004612915440325203,13,8,0.570087712549569,2500,OLS_iid,iid,False,5
2,8,8001,25,250001,True,93,False,100,0.872121929754804,3.903413782361895,0.597977851356682,0.6089596724652708,1.0908435324622303,1.3621506873761706,0.4964434376410706,0.000356246909140946,13,8,0.570087712549569,2500,OLS_iid,iid,False,5
2,8,8001,13,130001,True,95,False,100,0.7622937846217469,4.248439809307456,0.5756814131344505,0.5693991802228567,0.9029062353066626,1.090780249397804,0.5334977193979772,0.0003297470035092111,13,8,0.570087712549569,2500,OLS_iid,iid,False,5
2,7,7001,10,100001,True,119,False,100,0.6838385837225557,5.149323797319084,0.5575354433773945,0.5501447647420571,1.162796640367798,1.2186562970948307,0.4994097131017084,0.00019042508455661183,13,8,0.570087712549569,2500,OLS_iid,iid,False,5
2,8,8001,17,170001,True,97,False,100,0.6801505171902815,4.2332964348606765,0.6358981424934457,0.6616502341373454,1.2176108793244171,1.430444174201127,0.46276088569456936,0.0002862296393886096,13,8,0.570087712549569,2500,OLS_iid,iid,False,5
2,8,8001,14,140001,True,101,False,100,0.9490326339516414,4.321534781716764,0.5869849289008399,0.5880002745255061,0.9017396039954972,1.262428384882674,0.4369805615679635,0.0002415211813474564,13,8,0.570087712549569,2500,OLS_iid,iid,False,5
2,8,8001,20,200001,True,99,False,100,0.7128310237994083,4.317608641926199,0.6218704035637175,0.6374522547634156,1.1566562288842237,1.3853198692349658,0.414745958365188,0.0003024524499446279,13,8,0.570087712549569,2500,OLS_iid,iid,False,5
2,8,8001,15,150001,True,96,False,100,0.8608639089928485,4.462910933885723,0.6352132785102471,0.6692422535688808,0.963488032703366,1.409727607158599,0.4436884118437867,0.0003054802162421217,13,8,0.570087712549569,2500,OLS_iid,iid,False,5
2,8,8001,9,90001,True,109,False,100,0.8702724024523968,4.550827002618462,0.5751883577554272,0.5684798653462425,0.9276634979962299,1.6814057682304777,0.5426261415869803,0.0002301068368181321,13,8,0.570087712549569,2500,OLS_iid,iid,False,5
2,8,8001,10,100001,True,108,False,100,0.6838385837225557,4.560009132139385,0.5850703019114235,0.5865509984683517,1.0396679103733564,1.1539816575741582,0.5132344919465557,0.00021559272567944236,13,8,0.570087712549569,2500,OLS_iid,iid,False,5
2,8,8001,24,240001,True,97,False,100,0.8573263233675178,4.339234096929431,0.5015424812062544,0.48299999269636945,0.9075728953502971,0.9679624352384731,0.5653198212205877,0.00025417433369389025,13,8,0.570087712549569,2500,OLS_iid,iid,False,5
2,7,7001,29,290001,True,93,False,100,0.7709399698521745,4.962970177643001,0.6015008708470031,0.5966456741552436,0.8817468176358576,1.2577497324690607,0.443761118680648,0.00034488933384750994,13,8,0.570087712549569,2500,OLS_iid,iid,False,5
2,8,8001,23,230001,True,100,False,100,0.6023814891064135,4.409012334886938,0.6299713699287921,0.6478695682669819,1.0470704120411798,1.207234531478909,0.4527672995659657,0.0002891644813563994,13,8,0.570087712549569,2500,OLS_iid,iid,False,5
2,8,8001,19,190001,True,91,False,100,0.7625645147987673,4.557451782748103,0.6004542639471421,0.6043202559577586,1.1446336379762547,1.156557147113732,0.474159440068461,0.00037659923446794796,13,8,0.570087712549569,2500,OLS_iid,iid,False,5
2,8,8001,28,280001,True,96,False,100,0.8304813982898618,4.138218830805272,0.5564976498948648,0.5447461360053559,0.8852688625866744,1.1545088030171806,0.5279083915756544,0.0002984185303748702,13,8,0.570087712549569,2500,OLS_iid,iid,False,5
2,8,8001,16,160001,True,106,False,100,0.7794654686395939,4.655665073078126,0.5942843635684104,0.5985728184190486,1.004825069350138,1.2029829369986458,0.4619687593180714,0.00025242348313674236,13,8,0.570087712549569,2500,OLS_iid,iid,False,5
2,8,8001,29,290001,True,94,False,100,0.7709399698521745,4.046365472022444,0.5679538429768635,0.5538253621548741,1.0761549517055449,1.3736806184076635,0.5154624316642921,0.0003422492823601268,13,8,0.570087712549569,2500,OLS_iid,iid,False,5
2,8,8001,6,60001,True,106,False,100,0.6786196318849731,5.085074156988412,0.6265769627944427,0.6378270854090283,0.9337041827080348,1.2056851143308107,0.5116832507314727,0.00027369770616670805,13,8,0.570087712549569,2500,OLS_iid,iid,False,5
2,8,8001,26,260001,True,96,False,100,0.8425840216133975,4.601904774084687,0.5873240913584531,0.5891288616723661,1.0810654273791418,1.470718862612341,0.4727981491917433,0.00028351962467768673,13,8,0.570087712549569,2500,OLS_iid,iid,False,5
2,9,9001,6,60001,True,95,False,100,0.6786196318849731,3.934074107091874,0.5479139428212766,0.5378657158930356,1.120923951517267,1.040453432270693,0.6158726047460089,0.00035694645599433183,13,8,0.570087712549569,2500,OLS_iid,iid,False,5
2,9,9001,5,50001,True,88,False,100,0.7981756372625675,4.045540237799287,0.6447797883829091,0.6671247714395878,1.1313154822690341,1.339673385292911,0.40859134318719437,0.0004722860419576039,13,8,0.570087712549569,2500,OLS_iid,iid,False,5
2,9,9001,0,1,True,100,False,100,0.8105587581235082,4.343963941093534,0.5611894339744558,0.5661176006195634,0.9451436289317003,1.211700718644667,0.4919804915718601,0.00027994591064627386,13,8,0.570087712549569,2500,OLS_iid,iid,False,5
2,9,9001,10,100001,True,87,False,100,0.6838385837225557,3.944077530875802,0.6181938215077692,0.6288735970278796,1.0278144811687346,1.2059223253423517,0.4658292013398608,0.0004561177046865712,13,8,0.570087712549569,2500,OLS_iid,iid,False,5
2,9,9001,8,80001,True,101,False,100,0.7443496716401711,4.1164032174274325,0.6255688324619395,0.6389908759511328,1.0585182164961446,1.1939021733717072,0.5141876161886053,0.0003179450289336402,13,8,0.570087712549569,2500,OLS_iid,iid,False,5
2,8,8001,27,270001,True,94,False,100,0.761282072897567,4.805600369814783,0.5923391169042689,0.5972666656723079,1.0427005081971674,1.1837704455545766,0.47109049253296226,0.0003241980445976052,13,8,0.570087712549569,2500,OLS_iid,iid,False,5
2,9,9001,2,20001,True,100,False,100,0.6796067498128452,4.3433813359588385,0.6567036296796379,0.6803792142369574,1.0972220507821244,1.281276236256562,0.4537612284913168,0.0002967661346638053,13,8,0.570087712549569,2500,OLS_iid,iid,False,5
2,9,9001,9,90001,True,95,False,100,0.8702724024523968,4.190247593913227,0.5937664281536372,0.5975572663743137,0.9348402322830948,1.3148679695306202,0.4876420437255124,0.0003366066345098343,13,8,0.570087712549569,2500,OLS_iid,iid,False,5
2,9,9001,17,170001,True,87,False,100,0.6801505171902815,3.7455248460173607,0.5772938366385842,0.5840678573062321,1.1362898976350377,1.4286823694618396,0.524662798121144,0.00046131921123107996,13,8,0.570087712549569,2500,OLS_iid,iid,False,5
2,9,9001,3,30001,True,94,False,100,0.930410464698022,4.404941075947136,0.6182554803694867,0.6285359560738756,1.172102901367764,1.3548948810309687,0.3792864400667508,0.00026498501571789885,13,8,0.570087712549569,2500,OLS_iid,iid,False,5
2,9,9001,13,130001,True,94,False,100,0.7622937846217469,4.057547315955162,0.5306992906119513,0.515031949281195,0.9433986704797022,1.0387169899629218,0.5627870461742459,0.0003574007537788537,13,8,0.570087712549569,2500,OLS_iid,iid,False,5
3,0,1,7,70001,True,90,False,100,0.752797959847825,3.1520637227222323,0.5426431779408827,0.5205077585092964,1.058610549831184,1.1017560735783785,0.5736713339585268,0.0003675347979185565,13,8,0.570087712549569,2500,OLS_iid,iid,False,5
2,9,9001,4,40001,True,98,False,100,0.6608952081777808,4.479361018165946,0.5634962022001883,0.5457489398260655,0.9719889941463014,1.0671803973030045,0.5488790032276035,0.00025840455158618434,13,8,0.570087712549569,2500,OLS_iid,iid,False,5
3,0,1,2,20001,True,99,False,100,0.6796067498128452,3.3254817612469196,0.5602145367674706,0.5360506760503343,1.0034008866603983,1.1682245071429147,0.5594713875480649,0.0001816511808285698,13,8,0.570087712549569,2500,OLS_iid,iid,False,5
3,0,1,0,1,True,97,False,100,0.8105587581235082,3.43362732604146,0.5444621843434934,0.5251630160393892,0.8164224085925325,1.1287630078486997,0.504630524808654,0.0002491616460845053,13,8,0.570087712549569,2500,OLS_iid,iid,False,5
2,9,9001,7,70001,True,97,False,100,0.752797959847825,4.459599929396063,0.6299197729679316,0.6471012307523404,1.028517654802123,1.1874594408516062,0.511375978703112,0.00036974999580482776,13,8,0.570087712549569,2500,OLS_iid,iid,False,5
2,9,9001,25,250001,True,99,False,100,0.872121929754804,3.6314877667464316,0.5822453324036209,0.5867418140721283,0.9037690601659948,1.1858797342469451,0.47530583832739914,0.0002987820605787068,13,8,0.570087712549569,2500,OLS_iid,iid,False,5
2,9,9001,22,220001,True,88,False,100,0.7782072645093546,3.8089367826469243,0.5792752426621463,0.5815600714429789,0.9453442818281041,1.044783072730896,0.5635814609907571,0.000422351430869535,13,8,0.570087712549569,2500,OLS_iid,iid,False,5
2,9,9001,11,110001,True,99,False,100,0.7850213029027712,4.412954603787512,0.5440987281555397,0.5282956338119089,0.9405341013049885,1.1418948413825911,0.5360064125077885,0.0002526306437762294,13,8,0.570087712549569,2500,OLS_iid,iid,False,5
3,0,1,6,60001,True,93,False,100,0.6610017862656791,3.3798206159844995,0.6083035082857366,0.602431984517947,1.0971544334056493,1.1436029479946943,0.5760609402833176,0.00032000034386687586,13,8,0.570087712549569,2500,OLS_iid,iid,False,5
2,9,9001,23,230001,True,94,False,100,0.6023814891064135,3.8045939160510898,0.5790959563785728,0.5760623926251287,0.9928475899054352,1.2112621125376821,0.4635337418180658,0.0003671978254692201,13,8,0.570087712549569,2500,OLS_iid,iid,False,5
2,9,9001,12,120001,True,93,False,100,0.9220615443211099,4.387640497181565,0.549616261694437,0.5490283365674539,1.0653869780295018,1.0005449166104012,0.5742818388067712,0.00037454367002792254,13,8,0.570087712549569,2500,OLS_iid,iid,False,5
2,9,9001,1,10001,True,107,False,100,0.8560040164143231,4.821480669081211,0.5997966305730482,0.6060492002978963,1.0810843724973092,1.254002156707442,0.4499600242096976,0.0002421108954030763,13,8,0.570087712549569,2500,OLS_iid,iid,False,5
2,9,9001,20,200001,True,89,False,100,0.7128310237994083,4.048673423938453,0.6144015824849814,0.6263085149905574,1.0357625630721394,1.2252514531795808,0.4379333000577693,0.0004176749765720194,13,8,0.570087712549569,2500,OLS_iid,iid,False,5
2,9,9001,21,210001,True,92,False,100,0.7431400910314013,3.9788434160873294,0.6449591967404009,0.6683342897300317,1.145599799256635,1.279579730795091,0.5328967730644283,0.00032395672049572355,13,8,0.570087712549569,2500,OLS_iid,iid,False,5
3,0,1,8,80001,True,94,False,100,0.7443496716401711,3.4824494337663054,0.6002760192428206,0.6178216397182497,1.040793831500287,1.240930453087223,0.5612445061730421,0.00032414704943182403,13,8,0.570087712549569,2500,OLS_iid,iid,False,5
3,0,1,10,100001,True,95,False,100,0.6838385837225557,3.4697843198664486,0.5687426465675895,0.5446110486376009,0.9423834211774801,1.1678022406899689,0.5225952266675892,0.0002768921751679555,13,8,0.570087712549569,2500,OLS_iid,iid,False,5
3,0,1,4,40001,True,98,False,100,0.6497839792320272,3.5715972441248596,0.5535149022169655,0.5333682445259933,0.8815962661506226,1.1759899304713273,0.4981470354397243,0.0002430892127161365,13,8,0.570087712549569,2500,OLS_iid,iid,False,5
2,9,9001,18,180001,True,96,False,100,0.7280983049752222,4.188110109884292,0.5626290103551185,0.5585668730187165,1.1104721319084294,0.9911528911828774,0.5971289353894306,0.00036908175467664393,13,8,0.570087712549569,2500,OLS_iid,iid,False,5
2,9,9001,14,140001,True,100,False,100,0.9490326339516414,4.372478934004903,0.5763331422315829,0.576155176975212,1.0522955010749717,1.133861109555968,0.5077570784286007,0.00023843078703762946,13,8,0.570087712549569,2500,OLS_iid,iid,False,5
3,0,1,11,110001,True,98,False,100,0.7850213029027712,3.5966475321911275,0.5355148946611096,0.5056560580023362,1.0045579121615265,1.1535032995347125,0.5686861574139451,0.00021825453739099938,13,8,0.570087712549569,2500,OLS_iid,iid,False,5
3,0,1,13,130001,True,97,False,100,0.7622937846217469,3.5400684042833745,0.5382268105384402,0.5148122410826217,0.8672753330712166,1.093266628253392,0.5442156061458775,0.0002504384685460674,13,8,0.570087712549569,2500,OLS_iid,iid,False,5
3,0,1,19,190001,True,92,False,100,0.7625645147987673,3.355638291221112,0.616626081968979,0.6121221378367496,1.002465383301732,1.21223431078515,0.5183965594556684,0.00029948417543941656,13,8,0.570087712549569,2500,OLS_iid,iid,False,5
3,0,1,18,180001,True,93,False,100,0.7280983049752222,3.3943459461443126,0.6108301771926797,0.6023531830219857,0.9967119825058411,1.2449452390324558,0.5198113772928952,0.0003222345488600307,13,8,0.570087712549569,2500,OLS_iid,iid,False,5
3,0,1,12,120001,True,96,False,100,0.9220615443211099,3.584634863771498,0.503519002977835,0.4728266801334425,0.955515243606845,1.0033243970096826,0.586008593760497,0.0002650982948570234,13,8,0.570087712549569,2500,OLS_iid,iid,False,5
2,9,9001,28,280001,True,90,False,100,0.8304813982898618,3.9403664898127317,0.5644660082257664,0.5640552061253886,1.1476338476565746,1.4457958528323798,0.4793570522464074,0.00043697292602827516,13,8,0.570087712549569,2500,OLS_iid,iid,False,5
2,9,9001,19,190001,True,100,False,100,0.7625645147987673,4.320084942970425,0.5590066935563612,0.550782169933083,1.2362298159751826,1.184745399171948,0.4840282399526937,0.0002964687872880704,13,8,0.570087712549569,2500,OLS_iid,iid,False,5
3,0,1,3,30001,True,105,False,100,0.930410464698022,3.8132603098638356,0.5246252815333824,0.49569735520039526,0.9417197783908198,1.2953954094742295,0.47131859273525273,0.00017352415560249298,13,8,0.570087712549569,2500,OLS_iid,iid,False,5
3,0,1,17,170001,True,97,False,100,0.6801505171902815,3.580078138038516,0.5935063432928621,0.5840895046889624,1.1698893258368135,1.1827657045617639,0.5084754731548358,0.0002634791035680313,13,8,0.570087712549569,2500,OLS_iid,iid,False,5
3,0,1,14,140001,True,97,False,100,0.8270582201433913,3.7219335469417274,0.49910602600797455,0.471674585453996,0.833092241122052,1.0502932492056185,0.5503454153709215,0.00022105952099825982,13,8,0.570087712549569,2500,OLS_iid,iid,False,5
3,0,1,21,210001,True,96,False,100,0.7431400910314013,3.468687437940389,0.5941881040804938,0.5847754865311341,1.0286591014012612,1.239441446862373,0.48239664590242465,0.00029283679439888585,13,8,0.570087712549569,2500,OLS_iid,iid,False,5
2,9,9001,27,270001,True,97,False,100,0.761282072897567,4.1745107639580965,0.6072390855573512,0.6257408101726377,0.9397591538295756,1.2645045542014552,0.4212527504246456,0.0003104291582216647,13,8,0.570087712549569,2500,OLS_iid,iid,False,5
3,0,1,23,230001,True,95,False,100,0.6023814891064135,3.4533965941518545,0.5462331890535437,0.5227522348015019,1.057407142095128,1.1200362217914943,0.538711309356327,0.00027156491011569637,13,8,0.570087712549569,2500,OLS_iid,iid,False,5
2,9,9001,24,240001,True,101,False,100,0.8573263233675178,4.392473510932177,0.5060227836708663,0.4766329007918483,0.9897967829461869,1.0467923019200958,0.5258139579789574,0.00020302367720977793,13,8,0.570087712549569,2500,OLS_iid,iid,False,5
3,0,1,27,270001,True,95,False,100,0.761282072897567,3.4506255760788918,0.5871744058009135,0.583431591864988,1.0488578415558734,1.4812808298188656,0.47309215166836144,0.0002800877863025939,13,8,0.570087712549569,2500,OLS_iid,iid,False,5
3,0,1,5,50001,True,113,False,100,0.7981756372625675,4.059739829041064,0.4207138235998661,0.3853606752558967,0.7977843925014816,0.9061463948563393,0.6644050566990903,0.00018123993693722987,13,8,0.570087712549569,2500,OLS_iid,iid,False,5
3,0,1,24,240001,True,96,False,100,0.8573263233675178,3.506263030692935,0.5615699071380146,0.5398716729215562,0.9799798786985789,1.2571044302074228,0.4312057841013739,0.000262946374822381,13,8,0.570087712549569,2500,OLS_iid,iid,False,5
3,0,1,20,200001,True,100,False,100,0.7128310237994083,3.6796686188317835,0.5718612096263491,0.5591796575831727,1.1604677871670983,1.1592073412287778,0.4859152317060909,0.00024079409095193217,13,8,0.570087712549569,2500,OLS_iid,iid,False,5
2,9,9001,29,290001,True,94,False,100,0.7709399698521745,4.276112709194422,0.558286787542945,0.5514741975281561,0.9693063672919827,1.210495598496984,0.4696084503956868,0.0002841763642915998,13,8,0.570087712549569,2500,OLS_iid,iid,False,5
3,0,1,25,250001,True,94,False,100,0.872121929754804,3.5352208209224045,0.5622482881818374,0.5407676410320049,1.147345527411568,1.1554065513013592,0.515321340352777,0.0002898944263499634,13,8,0.570087712549569,2500,OLS_iid,iid,False,5
3,1,1001,5,50001,True,90,False,100,0.7981756372625675,3.3111402802169323,0.5876461038553029,0.5774217059422487,1.0749115942276457,1.2231586737623275,0.5096471011652391,0.0003348746449946584,13,8,0.570087712549569,2500,OLS_iid,iid,False,5
3,0,1,22,220001,True,100,False,100,0.7782072645093546,3.693334844894707,0.4656285223129343,0.4229759211118281,0.8160785696819264,0.9304205387126115,0.6423653029704407,0.00022982119099848597,13,8,0.570087712549569,2500,OLS_iid,iid,False,5
2,9,9001,15,150001,True,107,False,100,0.8608639089928485,4.93471613433212,0.5499049005246749,0.5397127230107766,1.0662727044975298,1.2126465126634498,0.48409447935490096,0.0001632590722442126,13,8,0.570087712549569,2500,OLS_iid,iid,False,5
3,0,1,1,10001,True,116,False,100,0.8560040164143231,4.3561541377566755,0.5339719908696943,0.5128120601948829,1.1753125526483434,1.2496562345087758,0.49829872478000264,0.00013862210744154438,13,8,0.570087712549569,2500,OLS_iid,iid,False,5
3,0,1,29,290001,True,97,False,100,0.7672738920630345,3.5475228470750153,0.601614394127542,0.59474207301999,0.9483809239429252,1.1591020581354523,0.536392154407738,0.00025377997887690584,13,8,0.570087712549569,2500,OLS_iid,iid,False,5
3,0,1,15,150001,True,99,False,100,0.8385438887050922,4.04875240335241,0.49172272634114217,0.4686957949442282,0.8876785284744365,1.8148164349207083,0.5522433445857862,0.00022855332688692719,13,8,0.570087712549569,2500,OLS_iid,iid,False,5
3,0,1,9,90001,True,99,False,100,0.8702724024523968,4.262114926241338,0.5837807626308635,0.5653876013338563,0.9782583710315541,1.3336990653898435,0.4998105879493483,0.00023627016155280964,13,8,0.570087712549569,2500,OLS_iid,iid,False,5
3,1,1001,1,10001,True,98,False,100,0.8560040164143231,3.5831856848672032,0.5389970370477785,0.5401683885423495,0.9083865126992682,1.3019267478122072,0.4691402798931049,0.00024023669702471402,13,8,0.570087712549569,2500,OLS_iid,iid,False,5
3,1,1001,0,1,True,99,False,100,0.8105587581235082,3.6442635590210557,0.5707936261411964,0.5454969626218676,0.9699889107393527,1.1808987154370387,0.4987914488021329,0.0002198016079852846,13,8,0.570087712549569,2500,OLS_iid,iid,False,5
2,9,9001,26,260001,True,111,False,100,0.8425840216133975,4.625024097040296,0.5615882702561215,0.5603504611260315,0.9278487572550831,1.134481556810787,0.5385026607492538,0.00018976860916478206,13,8,0.570087712549569,2500,OLS_iid,iid,False,5
2,9,9001,16,160001,True,108,False,100,0.7794654686395939,5.062582248821855,0.5409096262298818,0.5276748336093321,1.3076904024841138,0.9722946317322737,0.5706079708812394,0.000226490206972142,13,8,0.570087712549569,2500,OLS_iid,iid,False,5
3,1,1001,12,120001,True,100,False,100,0.9220615443211099,3.5229361350648105,0.544549975468368,0.5177360517527025,0.8923523299796438,1.155120141094961,0.5236886365796676,0.00019854080710085737,13,8,0.570087712549569,2500,OLS_iid,iid,False,5
3,1,1001,14,140001,True,95,False,100,0.8270582201433913,3.4969127932563424,0.58730358452118,0.581460913277451,1.0555381896520624,1.2559987324432207,0.48893174110034854,0.0002598697191840025,13,8,0.570087712549569,2500,OLS_iid,iid,False,5
3,0,1,16,160001,True,116,False,100,0.7794654686395939,4.207515901885927,0.5378800540762124,0.5094905791209037,1.0723342420391038,1.0681389441147433,0.5587197171495554,0.00016573788152617126,13,8,0.570087712549569,2500,OLS_iid,iid,False,5
3,1,1001,3,30001,True,101,False,100,0.930410464698022,3.6910692821256816,0.5354152515483911,0.5191592273998187,1.1471206403073677,1.2135447124230592,0.42058909879454226,0.00017681524808162407,13,8,0.570087712549569,2500,OLS_iid,iid,False,5
3,1,1001,9,90001,True,100,False,100,0.8702724024523968,3.6492904908955097,0.5401414761157768,0.5138979074815061,1.068491316858958,1.209992316244318,0.5070684192558264,0.0002296733184502429,13,8,0.570087712549569,2500,OLS_iid,iid,False,5
3,0,1,28,280001,True,96,False,100,0.8304813982898618,3.8820308349095285,0.5422023695969463,0.5150888909696663,1.1172842276509594,1.0985637085807167,0.5477037041044601,0.0003159151561876723,13,8,0.570087712549569,2500,OLS_iid,iid,False,5
3,1,1001,17,170001,True,99,False,100,0.6801505171902815,3.4787321123294532,0.5496332906618242,0.5176103760273599,1.0468730106765316,1.0991336544315575,0.5456855437330798,0.0002463402551793687,13,8,0.570087712549569,2500,OLS_iid,iid,False,5
3,1,1001,6,60001,True,100,False,100,0.6610017862656791,3.731948279775679,0.5177041443580495,0.5158102541134435,0.9552802864372119,1.147149115116165,0.5890428479023363,0.0002457906136922638,13,8,0.570087712549569,2500,OLS_iid,iid,False,5
3,1,1001,10,100001,True,101,False,100,0.6838385837225557,3.7148070908151567,0.5292725340516582,0.4969238241591882,1.0334485341972024,1.194837824149869,0.5039148146937267,0.0002369610660032417,13,8,0.570087712549569,2500,OLS_iid,iid,False,5
3,1,1001,7,70001,True,103,False,100,0.752797959847825,3.750256340019405,0.5109729090840723,0.48198585940299155,1.1518820573820634,1.031466202769415,0.6147204459125544,0.0002459805682125588,13,8,0.570087712549569,2500,OLS_iid,iid,False,5
3,1,1001,2,20001,True,104,False,100,0.6796067498128452,3.8152037439867854,0.5451604846704425,0.5244952623150358,0.8775109652487473,1.1323785730241531,0.5353681345837467,0.0002091219054173362,13,8,0.570087712549569,2500,OLS_iid,iid,False,5
3,1,1001,13,130001,True,99,False,100,0.7622937846217469,3.6933281240053475,0.5307549882552932,0.5025891034840406,0.9456776424184679,1.320135704533695,0.5351740202801538,0.0002324012073954318,13,8,0.570087712549569,2500,OLS_iid,iid,False,5
3,1,1001,19,190001,True,96,False,100,0.7625645147987673,3.514364209957421,0.5856373963541454,0.5685294965168611,0.9556517073806168,1.300924099477164,0.42617500294244615,0.0002464876766068493,13,8,0.570087712549569,2500,OLS_iid,iid,False,5
3,1,1001,18,180001,True,101,False,100,0.7280983049752222,3.600449883379042,0.5622857515771417,0.5457126116142172,0.8586127265421927,1.1594441396826969,0.5105241343645645,0.00024332852220269933,13,8,0.570087712549569,2500,OLS_iid,iid,False,5
3,0,1,26,260001,True,105,False,100,0.7526449899579917,4.099615254905075,0.6158791185738995,0.6076149262627885,0.9171046356421293,1.3074872877336614,0.4804833325742205,0.00018486615339073355,13,8,0.570087712549569,2500,OLS_iid,iid,False,5
3,1,1001,16,160001,True,103,False,100,0.7794654686395939,3.7370019308291376,0.5746017078195548,0.5552041543529107,1.06551899796766,1.1929367527673886,0.5326400805676029,0.0002155238044624773,13,8,0.570087712549569,2500,OLS_iid,iid,False,5
3,1,1001,20,200001,True,101,False,100,0.7128310237994083,3.602992343250662,0.5153921488855325,0.4839183256331863,0.9009757019740713,1.1015303021970455,0.518317911073636,0.00023559141438954208,13,8,0.570087712549569,2500,OLS_iid,iid,False,5
3,1,1001,15,150001,True,105,False,100,0.8385438887050922,3.8700457559898496,0.5594189779169143,0.538936529830792,1.0865606064668134,1.1722315030012644,0.5138913616687606,0.0001629665796598157,13,8,0.570087712549569,2500,OLS_iid,iid,False,5
3,1,1001,25,250001,True,94,False,100,0.872121929754804,3.4582960070110857,0.5959133538237567,0.5889204027650413,1.2766037839964177,1.2295783484099174,0.4971814044001485,0.0002716355435612563,13,8,0.570087712549569,2500,OLS_iid,iid,False,5
3,1,1001,22,220001,True,97,False,100,0.7782072645093546,3.583738291170448,0.5641088777319433,0.546591412327616,1.025860754121865,1.3701338164714492,0.48587297728516604,0.00023862061601200856,13,8,0.570087712549569,2500,OLS_iid,iid,False,5
3,1,1001,28,280001,True,97,False,100,0.8304813982898618,3.465970708988607,0.55577267999262,0.5256094726322951,0.9811725948935969,1.120120851150928,0.5842771053519413,0.00027345105937247083,13,8,0.570087712549569,2500,OLS_iid,iid,False,5
3,2,2001,8,80001,True,93,False,100,0.7443496716401711,3.3678915668278933,0.5409594687360665,0.5167611375205806,0.9012180752881486,1.0065949141625408,0.6218206440005982,0.0002988141916298468,13,8,0.570087712549569,2500,OLS_iid,iid,False,5
3,2,2001,2,20001,True,95,False,100,0.6796067498128452,3.500554566271603,0.5326745619132925,0.5052986051014451,1.0684639577096586,1.0631066183401572,0.5770818859324369,0.0002852037209847186,13,8,0.570087712549569,2500,OLS_iid,iid,False,5
3,2,2001,1,10001,True,98,False,100,0.8560040164143231,3.5242479047738016,0.5525632747417778,0.5396709609274459,0.9622202381275627,1.200788297620636,0.4718125049715501,0.00021593963773767412,13,8,0.570087712549569,2500,OLS_iid,iid,False,5
3,2,2001,3,30001,True,97,False,100,0.930410464698022,3.53194018593058,0.5767334399174021,0.5660133270914776,1.106614467127967,1.3633884173026742,0.31887591373692376,0.00019893901423252857,13,8,0.570087712549569,2500,OLS_iid,iid,False,5
3,1,1001,23,230001,True,102,False,100,0.6023814891064135,3.752593941986561,0.5563271388067067,0.5348836927923183,1.072990876291144,1.182060374786898,0.5516597451269802,0.00020596863865659688,13,8,0.570087712549569,2500,OLS_iid,iid,False,5
3,2,2001,12,120001,True,90,False,100,0.9220615443211099,3.3307285509072244,0.5797535645213248,0.5669914141160024,1.0772639857964657,1.3966264373868749,0.5403961085740365,0.00033580169874051195,13,8,0.570087712549569,2500,OLS_iid,iid,False,5
3,1,1001,8,80001,True,115,False,100,0.7443496716401711,4.251059170346707,0.5660951080480762,0.5638136805318179,1.1020218637195558,1.0956905468748008,0.5631956890523477,0.00017722968082267303,13,8,0.570087712549569,2500,OLS_iid,iid,False,5
3,1,1001,4,40001,True,119,False,100,0.6497839792320272,4.357712977100164,0.4944676174452278,0.4587682439337589,0.8336453924024337,1.1134478382248576,0.5692556154760685,0.000124969294208849,13,8,0.570087712549569,2500,OLS_iid,iid,False,5
3,2,2001,10,100001,True,93,False,100,0.6838385837225557,3.4206399051472545,0.5739306612348611,0.5591917323108082,1.3171502079008532,1.210028989693154,0.5550934143237163,0.00029939305337831794,13,8,0.570087712549569,2500,OLS_iid,iid,False,5
3,1,1001,21,210001,True,107,False,100,0.7431400910314013,3.9012840380892158,0.6036536561188316,0.5965142765877847,1.147182781933401,1.2361627549624121,0.5236153315110378,0.00020921292166506714,13,8,0.570087712549569,2500,OLS_iid,iid,False,5
3,1,1001,24,240001,True,108,False,100,0.8573263233675178,3.901148089207709,0.5274717553234272,0.4950305402989465,1.0446197161738688,1.0816880204249064,0.5426650115524082,0.00015290099891464726,13,8,0.570087712549569,2500,OLS_iid,iid,False,5
3,2,2001,5,50001,True,108,False,100,0.7981756372625675,3.6806961810216308,0.5116562865390967,0.47991095499440484,1.0522896842528588,1.130887947337972,0.5532048712548484,0.00019288620335179384,13,8,0.570087712549569,2500,OLS_iid,iid,False,5
3,2,2001,13,130001,True,99,False,100,0.7622937846217469,3.5135819651186466,0.5516439985899362,0.5300093178786565,0.9936619001743062,1.1343620084924235,0.5293489084788545,0.00025020268791609544,13,8,0.570087712549569,2500,OLS_iid,iid,False,5
3,1,1001,26,260001,True,104,False,100,0.7526449899579917,3.896437364630401,0.475021077697081,0.43333645839556545,0.8427250559814837,1.1358185222186976,0.5239268669633377,0.0001746666374158438,13,8,0.570087712549569,2500,OLS_iid,iid,False,5
3,1,1001,29,290001,True,103,False,100,0.7672738920630345,3.794721960555762,0.49740704388293044,0.4738559721823383,0.8028551661636485,1.0533722856712646,0.5280962348140872,0.00022187320808577936,13,8,0.570087712549569,2500,OLS_iid,iid,False,5
3,1,1001,11,110001,True,116,False,100,0.7850213029027712,4.421516248956323,0.5819300599464704,0.5669912803640401,1.1622383216175696,1.390438368239735,0.5024575660277283,0.00014325886116779861,13,8,0.570087712549569,2500,OLS_iid,iid,False,5
3,2,2001,16,160001,True,94,False,100,0.7794654686395939,3.49232643796131,0.5783044124868508,0.5639249437099333,0.8988180516795146,1.1978732072668845,0.4779176922079838,0.0002716470340056203,13,8,0.570087712549569,2500,OLS_iid,iid,False,5
3,1,1001,27,270001,True,94,False,100,0.761282072897567,3.981952282600105,0.5748491761124618,0.5652442871250145,1.000677014554734,1.1610397662565775,0.5436331133359009,0.00027955148306737886,13,8,0.570087712549569,2500,OLS_iid,iid,False,5
3,2,2001,14,140001,True,98,False,100,0.8270582201433913,3.5953802820295095,0.5369089405176233,0.5076601556095184,1.1318381575230043,1.1277926502436013,0.5365549550710069,0.00023708418067186146,13,8,0.570087712549569,2500,OLS_iid,iid,False,5
3,2,2001,7,70001,True,88,False,100,0.752797959847825,3.8344039781950414,0.6449306450335001,0.6529490260168738,1.1186889607137946,1.352264294271587,0.4631466585413609,0.0003885360934813786,13,8,0.570087712549569,2500,OLS_iid,iid,False,5
3,2,2001,18,180001,True,94,False,100,0.7280983049752222,3.5108619071543217,0.5535659717193487,0.5341242200393459,0.995519036691949,1.1335683232741105,0.5436205364062229,0.0002921058114860835,13,8,0.570087712549569,2500,OLS_iid,iid,False,5
3,2,2001,6,60001,True,100,False,100,0.6610017862656791,3.8439709856174886,0.57897749824463,0.5598316506521279,1.0172813831324747,1.1462152963526,0.5868279147618339,0.0002260327783874077,13,8,0.570087712549569,2500,OLS_iid,iid,False,5
3,2,2001,23,230001,True,90,False,100,0.6023814891064135,3.2769516110420227,0.5195530826306084,0.48759124190272823,0.9615647190597957,1.0269276901728142,0.5860432698017447,0.0002969061583956501,13,8,0.570087712549569,2500,OLS_iid,iid,False,5
3,2,2001,0,1,True,108,False,100,0.8105587581235082,3.9645467358641326,0.5700289595792192,0.5533702143503392,1.0921712182477992,1.2836981593273404,0.49312239274754777,0.0001830202176204633,13,8,0.570087712549569,2500,OLS_iid,iid,False,5
3,2,2001,4,40001,True,109,False,100,0.6497839792320272,3.965188701171428,0.560647913906864,0.5349600625371056,1.0365380375103,1.2039377519834977,0.5243162449962334,0.00018084943783721076,13,8,0.570087712549569,2500,OLS_iid,iid,False,5
3,2,2001,21,210001,True,96,False,100,0.7431400910314013,3.4590433118864894,0.5306197801583907,0.5021742611217138,1.002005265236621,1.0947098297384588,0.5465673717685121,0.00026983827293831274,13,8,0.570087712549569,2500,OLS_iid,iid,False,5
3,2,2001,20,200001,True,95,False,100,0.7128310237994083,3.5222097099758685,0.489552418426564,0.48388958138812704,0.7442071367605245,1.0079115141721477,0.5960675920579268,0.0002601390583579473,13,8,0.570087712549569,2500,OLS_iid,iid,False,5
3,2,2001,17,170001,True,103,False,100,0.6801505171902815,3.652435895986855,0.5214530664674485,0.4914483002144126,0.8560905302736624,1.1412749829787336,0.567626901242275,0.00019962325448510685,13,8,0.570087712549569,2500,OLS_iid,iid,False,5
3,2,2001,22,220001,True,96,False,100,0.7782072645093546,3.525477924849838,0.6157278647908905,0.6076656053842078,1.0769161712874042,1.3135997467316796,0.46957575258978335,0.000274822877535671,13,8,0.570087712549569,2500,OLS_iid,iid,False,5
3,2,2001,15,150001,True,101,False,100,0.8385438887050922,3.759706248063594,0.4733181826278565,0.430851927774988,1.0856216788585753,1.0225279841914108,0.5457184121651808,0.00020877155478352368,13,8,0.570087712549569,2500,OLS_iid,iid,False,5
3,2,2001,25,250001,True,93,False,100,0.872121929754804,3.4079239717684686,0.5544710729797956,0.537494297760011,0.989628814604276,1.0995720114483878,0.5699763900091745,0.0002754964317391947,13,8,0.570087712549569,2500,OLS_iid,iid,False,5
3,2,2001,9,90001,True,100,False,100,0.8702724024523968,4.052835462149233,0.5047413068781339,0.4780095562668301,0.8112143494484837,1.1334684161211552,0.5375173290739459,0.00019320820406486692,13,8,0.570087712549569,2500,OLS_iid,iid,False,5
3,2,2001,11,110001,True,96,False,100,0.7850213029027712,3.9978016819804907,0.4957330290208667,0.4634031918639795,0.9443726950887606,1.0780949858482818,0.5515209323554775,0.0002453756732814241,13,8,0.570087712549569,2500,OLS_iid,iid,False,5
3,2,2001,24,240001,True,96,False,100,0.8573263233675178,3.6618894143030047,0.5569221489271399,0.537932370335895,0.8690432892789615,1.124332148710136,0.5208260765185627,0.00025032296572634306,13,8,0.570087712549569,2500,OLS_iid,iid,False,5
3,2,2001,19,190001,True,107,False,100,0.7625645147987673,3.952361749019474,0.5401290744051559,0.5123547931117398,1.1387602377118362,1.1647868337552656,0.5316912843441566,0.00017598766805299295,13,8,0.570087712549569,2500,OLS_iid,iid,False,5
3,2,2001,26,260001,True,103,False,100,0.7526449899579917,3.7436108607798815,0.5193180008277144,0.48136399990824985,0.9548076648710785,1.111954344515155,0.565472144570129,0.00018146960875165056,13,8,0.570087712549569,2500,OLS_iid,iid,False,5
3,3,3001,5,50001,True,89,False,100,0.7981756372625675,3.321490380913019,0.597581169388429,0.5872922962910737,1.063213555299964,1.204186491501194,0.5085530157245265,0.0003778961973093339,13,8,0.570087712549569,2500,OLS_iid,iid,False,5
3,2,2001,27,270001,True,93,False,100,0.761282072897567,3.6587951579131186,0.5695831344718073,0.5600001990494041,1.1984339431062307,1.2757949549127083,0.44257567915171786,0.0002967050537011131,13,8,0.570087712549569,2500,OLS_iid,iid,False,5
3,3,3001,2,20001,True,96,False,100,0.6796067498128452,3.6400675806216896,0.6023428178005393,0.5934740232797864,1.0894127293168816,1.2372624273406885,0.5008525554287259,0.0002554158104248874,13,8,0.570087712549569,2500,OLS_iid,iid,False,5
3,3,3001,6,60001,True,100,False,100,0.6610017862656791,3.3887584577314556,0.5398489830593024,0.5141534845692024,1.035889150580841,1.175193081347827,0.567486438315959,0.00020594363688793106,13,8,0.570087712549569,2500,OLS_iid,iid,False,5
3,2,2001,28,280001,True,98,False,100,0.8304813982898618,3.745956033002585,0.6073936769251439,0.6003310500972359,1.168827091459091,1.273520539158961,0.4865620306998858,0.00023348295582357803,13,8,0.570087712549569,2500,OLS_iid,iid,False,5
3,3,3001,0,1,True,97,False,100,0.8105587581235082,3.815833989996463,0.5731309410319048,0.5499315501586994,1.0548417772899037,2.8230727376127733,0.49564430673930077,0.00023845002181385925,13,8,0.570087712549569,2500,OLS_iid,iid,False,5
3,3,3001,1,10001,True,103,False,100,0.8560040164143231,3.8383386782370508,0.5338657359312008,0.5037317546402184,0.99132098653526,1.1237699872186662,0.5073883892311108,0.0001744242439601438,13,8,0.570087712549569,2500,OLS_iid,iid,False,5
3,3,3001,8,80001,True,93,False,100,0.7443496716401711,3.4797845440916717,0.5450986228234653,0.5237960242167771,1.0030060091585298,1.0289037032733548,0.6065006960122934,0.0002797644233188348,13,8,0.570087712549569,2500,OLS_iid,iid,False,5
3,3,3001,17,170001,True,96,False,100,0.6801505171902815,3.2250644266605377,0.6005379954259799,0.5944208010883465,1.117025123029988,1.3287395534240416,0.4530479418006075,0.0002883194994352623,13,8,0.570087712549569,2500,OLS_iid,iid,False,5
3,2,2001,29,290001,True,107,False,100,0.7672738920630345,3.997474873904139,0.5997491961998053,0.589209292946786,0.9418388212294809,1.440677205960266,0.4979092095122666,0.00013202089788458707,13,8,0.570087712549569,2500,OLS_iid,iid,False,5
3,3,3001,16,160001,True,95,False,100,0.7794654686395939,3.346390950959176,0.5406911657941863,0.5155545173313304,1.0845511611645238,1.0552914434904284,0.5873286847979219,0.00027889179430655117,13,8,0.570087712549569,2500,OLS_iid,iid,False,5
3,3,3001,10,100001,True,97,False,100,0.6838385837225557,3.5768032632768154,0.5194119899136954,0.4933741746529496,1.3637701511663343,1.3051589212955403,0.48657882170407235,0.00024740843553797544,13,8,0.570087712549569,2500,OLS_iid,iid,False,5
3,3,3001,15,150001,True,94,False,100,0.8385438887050922,3.5556809548288584,0.5565557707332801,0.535670992038451,0.9139055640732991,1.139981389175891,0.49897570244916734,0.00026955285299628076,13,8,0.570087712549569,2500,OLS_iid,iid,False,5
3,3,3001,9,90001,True,93,False,100,0.8702724024523968,3.7545911869965494,0.5671132034709128,0.549331259833271,0.9840698455762246,1.242631794704492,0.45007576970221636,0.00026641438735694283,13,8,0.570087712549569,2500,OLS_iid,iid,False,5
3,3,3001,4,40001,True,103,False,100,0.6497839792320272,3.9760401980020106,0.5714090721510524,0.5539402398088537,1.0737387898624466,1.1849073799050909,0.5125820605765882,0.00021927589834683258,13,8,0.570087712549569,2500,OLS_iid,iid,False,5
3,3,3001,22,220001,True,94,False,100,0.7782072645093546,3.347288175020367,0.5499192895161182,0.5303840441029573,1.040861798330173,1.1889243668988612,0.5421242308144716,0.000272772266022766,13,8,0.570087712549569,2500,OLS_iid,iid,False,5
3,3,3001,19,190001,True,95,False,100,0.7625645147987673,3.5021272841840982,0.5605197001495531,0.5430289451430856,1.2621145988640463,1.111611870916824,0.5236164103096369,0.0002466159566365978,13,8,0.570087712549569,2500,OLS_iid,iid,False,5
3,3,3001,11,110001,True,98,False,100,0.7850213029027712,3.748700362164527,0.5016839627173169,0.4700538337886397,0.9067513653026167,1.076798827130344,0.5331243734257061,0.0002340297653772528,13,8,0.570087712549569,2500,OLS_iid,iid,False,5
3,3,3001,26,260001,True,92,False,100,0.7526449899579917,3.353840653784573,0.5386825655812946,0.5066780318716819,1.0778134949697946,1.1555467205244807,0.5284137911088151,0.0002938781834707351,13,8,0.570087712549569,2500,OLS_iid,iid,False,5
3,3,3001,20,200001,True,96,False,100,0.7128310237994083,3.5374700729735196,0.5031420293241685,0.4761104914594769,0.834417729177456,1.0811074380569845,0.5236337571343503,0.00025856664738069794,13,8,0.570087712549569,2500,OLS_iid,iid,False,5
3,3,3001,25,250001,True,92,False,100,0.872121929754804,3.4258504547178745,0.5208617868826633,0.496264759733667,0.8180940045845957,1.0272838202979007,0.5699762157224404,0.0002957964760516001,13,8,0.570087712549569,2500,OLS_iid,iid,False,5
3,3,3001,13,130001,True,104,False,100,0.7622937846217469,3.8175307167693973,0.5535681432505762,0.5346431412496229,0.8859599637459814,1.143111266759123,0.5146537744528599,0.00021628279328989546,13,8,0.570087712549569,2500,OLS_iid,iid,False,5
3,3,3001,3,30001,True,128,False,100,0.930410464698022,4.366066231857985,0.5611047255894523,0.5458558479546837,1.2110334010577277,1.2670864485145725,0.4260603176301113,0.00010518142899755194,13,8,0.570087712549569,2500,OLS_iid,iid,False,5
3,3,3001,23,230001,True,97,False,100,0.6023814891064135,3.524420544039458,0.5460985489171503,0.5229453914281794,1.3267897081479383,1.320515813684213,0.5158000013366922,0.0002655831416988289,13,8,0.570087712549569,2500,OLS_iid,iid,False,5
3,3,3001,29,290001,True,94,False,100,0.7672738920630345,3.4011545940302312,0.5949853750197901,0.5884385596684533,1.0922022860942624,1.2376829541306447,0.4983167555296152,0.0002941060890171006,13,8,0.570087712549569,2500,OLS_iid,iid,False,5
3,3,3001,7,70001,True,103,False,100,0.752797959847825,4.156044634990394,0.5985085868609427,0.5921634039914051,1.150674730212304,1.2112971480592085,0.5505458699400553,0.00024533530514469815,13,8,0.570087712549569,2500,OLS_iid,iid,False,5
3,3,3001,28,280001,True,96,False,100,0.8304813982898618,3.538348427042365,0.5051884503113844,0.4772297370147405,1.0036984402475804,1.0379320947491613,0.556839082619241,0.0002653282687243732,13,8,0.570087712549569,2500,OLS_iid,iid,False,5
3,3,3001,24,240001,True,98,False,100,0.8573263233675178,3.590767716988921,0.6056423280366491,0.5998865356824946,1.0580230061232,1.324206159249111,0.4131006139348776,0.00024712797364532586,13,8,0.570087712549569,2500,OLS_iid,iid,False,5
3,3,3001,14,140001,True,104,False,100,0.8270582201433913,3.9179557710886,0.5725411832197916,0.5536753914522995,0.92559628801206,1.2299581889924092,0.4504029586248439,0.00019167204354806017,13,8,0.570087712549569,2500,OLS_iid,iid,False,5
3,4,4001,7,70001,True,88,False,100,0.752797959847825,3.2944241180084646,0.5059366788952707,0.47848841319461893,0.9634167487253921,0.9939744018031591,0.5925745946431759,0.00037192083358756294,13,8,0.570087712549569,2500,OLS_iid,iid,False,5
3,4,4001,6,60001,True,92,False,100,0.6610017862656791,3.4038532632403076,0.6186678984839107,0.6137485367481924,1.0514605965931791,1.206348771392797,0.5623633908166845,0.00028884614921128037,13,8,0.570087712549569,2500,OLS_iid,iid,False,5
3,4,4001,9,90001,True,95,False,100,0.8702724024523968,3.371733648236841,0.5373701124966568,0.5143139420790024,1.1140962613927137,1.1656284413575575,0.5124470956077668,0.0002803886024325579,13,8,0.570087712549569,2500,OLS_iid,iid,False,5
3,4,4001,8,80001,True,92,False,100,0.7443496716401711,3.37969711702317,0.5411662350269981,0.5152817105469528,0.959050618588844,1.0076911119167855,0.6004913038089679,0.0003586771372120847,13,8,0.570087712549569,2500,OLS_iid,iid,False,5
3,3,3001,18,180001,True,90,False,100,0.7280983049752222,3.926783713977784,0.5929032385608239,0.5803719251812176,0.9685994538675505,1.1679967710320487,0.5508963815018185,0.0003228632544289789,13,8,0.570087712549569,2500,OLS_iid,iid,False,5
3,4,4001,0,1,True,101,False,100,0.8105587581235082,3.674695807043463,0.5023822925807793,0.47770890210843386,0.8121173683683734,1.0669898988365907,0.548093683291098,0.0001822195184591333,13,8,0.570087712549569,2500,OLS_iid,iid,False,5
3,4,4001,1,10001,True,100,False,100,0.8560040164143231,3.6631798739545047,0.47521644853288986,0.4408304904223404,0.8810793455171834,1.0741767401510653,0.5020216267389096,0.00022807107681824216,13,8,0.570087712549569,2500,OLS_iid,iid,False,5
3,4,4001,13,130001,True,94,False,100,0.7622937846217469,3.445214136969298,0.58310196599454,0.5690711846656625,1.001956762661503,1.3444321000051345,0.40272936596475545,0.00026512621179701934,13,8,0.570087712549569,2500,OLS_iid,iid,False,5
3,4,4001,2,20001,True,103,False,100,0.6796067498128452,3.745567545760423,0.5764536730196484,0.5695945430211331,1.104091295197859,1.5678924713960627,0.4732228478394663,0.00020272119820603774,13,8,0.570087712549569,2500,OLS_iid,iid,False,5
3,4,4001,5,50001,True,97,False,100,0.7981756372625675,3.6272767181508243,0.6221680028678915,0.6478682452292914,0.9947424408397352,1.258952337714549,0.5426839092251655,0.0002835565074524044,13,8,0.570087712549569,2500,OLS_iid,iid,False,5
3,4,4001,10,100001,True,94,False,100,0.6838385837225557,3.549713249783963,0.5332592037792482,0.5078298300156551,0.9858022657756188,1.1285966056277479,0.5119986363447872,0.00028273361799236016,13,8,0.570087712549569,2500,OLS_iid,iid,False,5
3,4,4001,11,110001,True,98,False,100,0.7850213029027712,3.5458135902881622,0.5787787892118015,0.5643894301121609,1.0147917185753161,1.2888691397540912,0.4291956181775499,0.0002617572050575543,13,8,0.570087712549569,2500,OLS_iid,iid,False,5
3,3,3001,27,270001,True,106,False,100,0.761282072897567,3.882986037991941,0.519119826193112,0.4949656725657464,0.8934393435357948,1.1405462033619043,0.5166387588002802,0.0001857628161706612,13,8,0.570087712549569,2500,OLS_iid,iid,False,5
3,3,3001,12,120001,True,114,False,100,0.9220615443211099,4.363272693939507,0.6058717131313524,0.6001592586022354,1.0272964588980338,1.1870343869965105,0.5777414529351274,0.00016742085133920073,13,8,0.570087712549569,2500,OLS_iid,iid,False,5
3,4,4001,18,180001,True,92,False,100,0.7280983049752222,3.392202970571816,0.5504993285157724,0.5545090209671626,0.8336322947963086,1.1149757854284648,0.5512631725698982,0.00030072712357069977,13,8,0.570087712549569,2500,OLS_iid,iid,False,5
3,4,4001,4,40001,True,102,False,100,0.6497839792320272,3.7837947038933635,0.555241250447579,0.5342624831913368,0.8402097658212004,1.166809369191912,0.5581040371239645,0.00019645647231578231,13,8,0.570087712549569,2500,OLS_iid,iid,False,5
3,4,4001,16,160001,True,95,False,100,0.7794654686395939,3.5155824311077595,0.5485113641128657,0.5248487030699092,1.0212918912025122,1.1010456625025555,0.5149386705342415,0.00027495097981597205,13,8,0.570087712549569,2500,OLS_iid,iid,False,5
3,3,3001,21,210001,True,99,False,100,0.7431400910314013,4.14308725297451,0.4837166054115282,0.45374629179879283,0.7748861025766792,1.0107121752017534,0.6070198804157226,0.0002257338920886633,13,8,0.570087712549569,2500,OLS_iid,iid,False,5
3,4,4001,23,230001,True,94,False,100,0.6023814891064135,3.4083329886198044,0.5704287558655001,0.5491070054653419,1.0245969936047699,1.1774170524790812,0.4862270123887621,0.00025300053599754737,13,8,0.570087712549569,2500,OLS_iid,iid,False,5
3,4,4001,14,140001,True,100,False,100,0.8270582201433913,3.6715615107677877,0.5763858257506942,0.5613753466632837,1.0846523679789506,1.2529019657284224,0.4748851889998047,0.00019980479610359587,13,8,0.570087712549569,2500,OLS_iid,iid,False,5
3,4,4001,17,170001,True,99,False,100,0.6801505171902815,3.6216209013946354,0.5644965242396744,0.5455252436748187,0.8614824406095664,1.1534038314179043,0.5421183160600819,0.0002039171119571305,13,8,0.570087712549569,2500,OLS_iid,iid,False,5
3,4,4001,22,220001,True,97,False,100,0.7782072645093546,3.526031890884042,0.5671632970530397,0.5390328720366309,0.9747920698055756,1.15638855164759,0.5146586567774637,0.0002546950061662123,13,8,0.570087712549569,2500,OLS_iid,iid,False,5
3,4,4001,19,190001,True,98,False,100,0.7625645147987673,3.566203343681991,0.5854549001278625,0.5739326329429948,1.0443903538057953,1.4459599840690365,0.4637166952797016,0.0002210804795269591,13,8,0.570087712549569,2500,OLS_iid,iid,False,5
3,4,4001,20,200001,True,98,False,100,0.7128310237994083,3.5857072663493454,0.5742752285868237,0.5523211030989452,0.9473849423856876,1.2779468975107355,0.45599596948103754,0.0002337007326233501,13,8,0.570087712549569,2500,OLS_iid,iid,False,5
3,4,4001,27,270001,True,95,False,100,0.761282072897567,3.5183382388204336,0.5855278462394565,0.5729345504793637,1.0146593122264103,1.1920315746902272,0.4789841040330726,0.000276279306788687,13,8,0.570087712549569,2500,OLS_iid,iid,False,5
3,4,4001,28,280001,True,95,False,100,0.8304813982898618,3.481103503610939,0.5978639412713933,0.5832431782193424,0.9728953782944233,1.2751580264287299,0.4587515843753097,0.00027406986123120657,13,8,0.570087712549569,2500,OLS_iid,iid,False,5
3,5,5001,4,40001,True,98,False,100,0.6497839792320272,3.4261398520320654,0.5267900502005125,0.49574226063596843,0.8647404630084826,1.067853118832229,0.5584687095046009,0.0002560228724401159,13,8,0.570087712549569,2500,OLS_iid,iid,False,5
3,4,4001,3,30001,True,116,False,100,0.930410464698022,4.19885982805863,0.5187839066529926,0.49917981107484527,0.8416869231709313,1.1995572938216057,0.4589338230347809,9.641306454116184e-05,13,8,0.570087712549569,2500,OLS_iid,iid,False,5
3,5,5001,7,70001,True,96,False,100,0.752797959847825,3.3883012421429157,0.6002859540558977,0.5936563345306833,1.1209584206036216,1.2577406777524507,0.43499383011732806,0.00031829835522513203,13,8,0.570087712549569,2500,OLS_iid,iid,False,5
3,5,5001,8,80001,True,93,False,100,0.7443496716401711,3.3770553772337735,0.5949040421572998,0.5870502387349827,0.997675348952509,1.1575480678021026,0.5558457482937966,0.0002991730023449522,13,8,0.570087712549569,2500,OLS_iid,iid,False,5
3,5,5001,0,1,True,103,False,100,0.8105587581235082,3.593292127829045,0.565333351325048,0.5497654198789497,1.1279160626948315,1.1714625979567648,0.4740288036557326,0.00021791909476686936,13,8,0.570087712549569,2500,OLS_iid,iid,False,5
3,4,4001,29,290001,True,98,False,100,0.7672738920630345,3.6119838948361576,0.5673886430368127,0.5490788095114272,0.9768012931163904,1.1704812707731522,0.47905175047110776,0.0002570928559191206,13,8,0.570087712549569,2500,OLS_iid,iid,False,5
3,5,5001,3,30001,True,100,False,100,0.930410464698022,3.596147266216576,0.5217173884161892,0.49688717802367416,0.8499914897110479,1.117893157702662,0.4937137011893524,0.00018135207610153016,13,8,0.570087712549569,2500,OLS_iid,iid,False,5
3,4,4001,21,210001,True,109,False,100,0.7431400910314013,3.8739728261716664,0.5355308590292974,0.5048412455465289,1.1393533559063578,1.3353819144018773,0.5736910664213193,0.00018591223799438472,13,8,0.570087712549569,2500,OLS_iid,iid,False,5
3,4,4001,15,150001,True,101,False,100,0.8385438887050922,4.087015191093087,0.5510608842309823,0.5299373646870489,0.9453210184412506,1.2562280302999735,0.4717453423405272,0.00017955125087842764,13,8,0.570087712549569,2500,OLS_iid,iid,False,5
3,5,5001,16,160001,True,97,False,100,0.7794654686395939,3.4105911618098617,0.5567749196421998,0.534074193057787,0.9941649546923778,1.1083282732444804,0.5277216828539939,0.0002790026107464362,13,8,0.570087712549569,2500,OLS_iid,iid,False,5
3,5,5001,9,90001,True,96,False,100,0.8702724024523968,3.5425742040388286,0.4796400598435786,0.44867599414751197,0.9394384202984604,1.0161241961364695,0.5800696731245738,0.00027735546921173925,13,8,0.570087712549569,2500,OLS_iid,iid,False,5
3,5,5001,18,180001,True,94,False,100,0.7280983049752222,3.423022896051407,0.5354124132426878,0.5089513495201298,1.1866775070609985,1.1083748342335213,0.5529194812761395,0.00032127479306806356,13,8,0.570087712549569,2500,OLS_iid,iid,False,5
3,4,4001,24,240001,True,107,False,100,0.8573263233675178,4.014354725833982,0.49363045360387403,0.46663242661914384,0.7993981588726061,1.0061181533639385,0.6064959255981546,0.00018132710390706097,13,8,0.570087712549569,2500,OLS_iid,iid,False,5
3,5,5001,17,170001,True,96,False,100,0.6801505171902815,3.5320638148114085,0.4736904261219159,0.4413239395088795,0.9777864779625096,0.9518850172742898,0.6228881862678127,0.0002789018396970527,13,8,0.570087712549569,2500,OLS_iid,iid,False,5
3,5,5001,5,50001,True,106,False,100,0.7981756372625675,3.8668946297839284,0.5549014149032687,0.5371161618311583,1.0850562085627553,1.1483319752521248,0.5431226075073665,0.00021337911605665244,13,8,0.570087712549569,2500,OLS_iid,iid,False,5
3,5,5001,22,220001,True,96,False,100,0.7782072645093546,3.5077530811540782,0.5968885074412249,0.5856768607883894,0.9509071543274726,1.2563118724382196,0.44911474701251874,0.000255498065282318,13,8,0.570087712549569,2500,OLS_iid,iid,False,5
3,5,5001,6,60001,True,101,False,100,0.6610017862656791,3.864735916722566,0.5982800827892751,0.5935259527264398,0.9991718913134625,1.344739337028294,0.4933950219220636,0.00022610800456855103,13,8,0.570087712549569,2500,OLS_iid,iid,False,5
3,5,5001,10,100001,True,105,False,100,0.6838385837225557,3.797768188174814,0.5609352277876531,0.5383109862047022,0.9962788768531756,1.1424116819105765,0.5540205153569719,0.00019343507891161457,13,8,0.570087712549569,2500,OLS_iid,iid,False,5
3,5,5001,14,140001,True,102,False,100,0.8270582201433913,3.70952163124457,0.4997213390820014,0.47731972622678,1.0632116246703003,1.0114700880057945,0.5764625234808108,0.00018122623861419138,13,8,0.570087712549569,2500,OLS_iid,iid,False,5
3,5,5001,2,20001,True,94,False,100,0.6796067498128452,4.031355136074126,0.5483316224332516,0.5253685254126064,0.9236341872694899,1.3306666659369137,0.46925936182666145,0.00030074463461473666,13,8,0.570087712549569,2500,OLS_iid,iid,False,5
3,5,5001,15,150001,True,105,False,100,0.8385438887050922,3.7803403199650347,0.5790512595885443,0.5516367302350902,0.9366283881775024,1.2731761545563605,0.43822749758981916,0.00016087183776866579,13,8,0.570087712549569,2500,OLS_iid,iid,False,5
3,4,4001,25,250001,True,115,False,100,0.872121929754804,4.227078381925821,0.5709580497303391,0.5520044594575139,1.0749545253631385,1.2203230374144203,0.4978641422588571,0.00016732066255817357,13,8,0.570087712549569,2500,OLS_iid,iid,False,5
3,5,5001,26,260001,True,97,False,100,0.7526449899579917,3.45177233684808,0.5545316010178403,0.5361168866348188,1.039343309429639,1.1967450673313726,0.48231360269255347,0.00024667809117159394,13,8,0.570087712549569,2500,OLS_iid,iid,False,5
3,5,5001,19,190001,True,97,False,100,0.7625645147987673,3.734134023077786,0.559548245807984,0.5356043399645244,0.9857803689943139,1.2281672997197783,0.4816315615252562,0.0002593382023561239,13,8,0.570087712549569,2500,OLS_iid,iid,False,5
3,5,5001,12,120001,True,95,False,100,0.9220615443211099,3.853415064048022,0.560841479270894,0.5382956002929601,0.9825404136517141,1.1637873716836091,0.5436322160086686,0.0002754338401159099,13,8,0.570087712549569,2500,OLS_iid,iid,False,5
3,4,4001,12,120001,True,130,False,100,0.9220615443211099,4.696913929190487,0.6431251519055328,0.6493835797158687,1.1566981183511618,1.4091393465971893,0.4730457434381366,0.00012061640493411842,13,8,0.570087712549569,2500,OLS_iid,iid,False,5
3,5,5001,28,280001,True,95,False,100,0.8304813982898618,3.480749157257378,0.511711684818602,0.48333735115218357,1.1865796439549066,1.2315303358847554,0.6017616503775737,0.00028964659438130666,13,8,0.570087712549569,2500,OLS_iid,iid,False,5
3,6,6001,7,70001,True,91,False,100,0.752797959847825,3.3336710878647864,0.5596624955276703,0.5383836727396137,1.0815701803504798,1.3644485574182812,0.5689584388368265,0.0003194790571298322,13,8,0.570087712549569,2500,OLS_iid,iid,False,5
3,5,5001,21,210001,True,102,False,100,0.7431400910314013,3.8499690499156713,0.5744873390613652,0.5532802885437192,0.9612902648166906,1.3687208967898337,0.5145647946987362,0.00022507667434944887,13,8,0.570087712549569,2500,OLS_iid,iid,False,5
3,6,6001,6,60001,True,100,False,100,0.6610017862656791,3.4227887289598584,0.6006268609515513,0.5936826164341498,1.0693038999018198,1.3209039689017452,0.5145849891068816,0.0002669384190614204,13,8,0.570087712549569,2500,OLS_iid,iid,False,5
3,6,6001,10,100001,True,92,False,100,0.6838385837225557,3.3610533787868917,0.5390332476401134,0.5116959045646273,1.035731443934002,1.0433170100019855,0.592586558623236,0.0003026210440462628,13,8,0.570087712549569,2500,OLS_iid,iid,False,5
3,5,5001,23,230001,True,107,False,100,0.6023814891064135,3.8711160691455007,0.5445785875758115,0.5327431354949718,1.2598310190126116,1.4828367220397554,0.5348720764492606,0.00017705013552528538,13,8,0.570087712549569,2500,OLS_iid,iid,False,5
3,6,6001,20,200001,True,96,False,100,0.7128310237994083,3.204488513059914,0.5544095041496365,0.5330802782060589,1.0921857937548287,1.1693409762823403,0.5012766451815409,0.00027117742075593877,13,8,0.570087712549569,2500,OLS_iid,iid,False,5
3,6,6001,9,90001,True,94,False,100,0.8702724024523968,3.428297006059438,0.5673406657290033,0.5496592442094101,1.1888319596809749,1.2124991288952116,0.5296849586593633,0.00026504286906683304,13,8,0.570087712549569,2500,OLS_iid,iid,False,5
3,5,5001,24,240001,True,106,False,100,0.8573263233675178,3.879356674849987,0.5322071325035703,0.5060100310357252,0.9384779786827959,1.1820629395024598,0.47402597212964787,0.0001672578465003518,13,8,0.570087712549569,2500,OLS_iid,iid,False,5
3,6,6001,0,1,True,99,False,100,0.8105587581235082,3.665381657425314,0.5511867127459329,0.561290415605952,1.008832465421872,1.2667573005832493,0.46387415571868146,0.00023406138565613532,13,8,0.570087712549569,2500,OLS_iid,iid,False,5
3,5,5001,25,250001,True,104,False,100,0.872121929754804,3.867315976880491,0.5606977174219798,0.5392777026693697,1.2023097980186983,1.0499591211597243,0.5686609654799725,0.00020701704913224681,13,8,0.570087712549569,2500,OLS_iid,iid,False,5
3,6,6001,1,10001,True,98,False,100,0.8560040164143231,3.6924957809969783,0.5440244020335354,0.5305931956416143,1.0870400997809757,1.4626563858146435,0.4637371833474546,0.00022398529113768303,13,8,0.570087712549569,2500,OLS_iid,iid,False,5
3,5,5001,20,200001,True,112,False,100,0.7128310237994083,4.093421512749046,0.591490179958771,0.5799165920055702,1.1756522485946457,1.3161624574704065,0.4947954724279288,0.00013644224342535568,13,8,0.570087712549569,2500,OLS_iid,iid,False,5
3,5,5001,27,270001,True,98,False,100,0.761282072897567,3.8209595209918916,0.550920788259605,0.5289753235825416,1.0399043073429253,1.126336280185229,0.5169341629474953,0.00025079308445365465,13,8,0.570087712549569,2500,OLS_iid,iid,False,5
3,6,6001,8,80001,True,100,False,100,0.7443496716401711,3.537776491139084,0.5887259886630085,0.5789472524149344,1.0550956716721607,2.212380400414563,0.5511702601352773,0.0002493285798633181,13,8,0.570087712549569,2500,OLS_iid,iid,False,5
3,6,6001,2,20001,True,101,False,100,0.6796067498128452,3.7390757761895657,0.5857033711381618,0.5740124710604209,1.1834621216816408,1.2602197563251825,0.4676214777810378,0.000249265397005934,13,8,0.570087712549569,2500,OLS_iid,iid,False,5
3,6,6001,12,120001,True,98,False,100,0.9220615443211099,3.5545684630051255,0.49779332007675975,0.45878577451052105,0.9435756084550334,0.9780912707850167,0.6157483975976785,0.00025159934607027175,13,8,0.570087712549569,2500,OLS_iid,iid,False,5
3,5,5001,11,110001,True,116,False,100,0.7850213029027712,4.386906274128705,0.5673438917443867,0.5434394750751417,1.004937565706777,1.2915766878172954,0.4804064257392257,0.00014273616709926425,13,8,0.570087712549569,2500,OLS_iid,iid,False,5
3,6,6001,4,40001,True,102,False,100,0.6497839792320272,3.8169113215990365,0.5876342517488691,0.5670855655547494,1.1377707412676688,1.1266268437785008,0.5345047312302068,0.0002442862680909692,13,8,0.570087712549569,2500,OLS_iid,iid,False,5
3,6,6001,5,50001,True,103,False,100,0.7981756372625675,3.7974717398174107,0.43762360162573166,0.39209310194795227,1.0838717032715404,3.394522671086468,0.6370680072021042,0.00020205204020929847,13,8,0.570087712549569,2500,OLS_iid,iid,False,5
3,6,6001,24,240001,True,94,False,100,0.8573263233675178,3.4377987338230014,0.5925609594667754,0.5810499633443583,1.0960054747033419,1.3461273588209157,0.41608323802782776,0.00027156170952821295,13,8,0.570087712549569,2500,OLS_iid,iid,False,5
3,5,5001,13,130001,True,122,False,100,0.7622937846217469,4.452447163872421,0.5204219735425365,0.49551219688444903,1.2203206985697244,1.2506307602974471,0.5754218589733637,9.623696461053379e-05,13,8,0.570087712549569,2500,OLS_iid,iid,False,5
3,4,4001,26,260001,True,133,False,100,0.7526449899579917,4.86369613558054,0.6060099805213899,0.5989717401437462,1.1176818660847023,1.3720835594565683,0.5015127076056008,9.046433331472815e-05,13,8,0.570087712549569,2500,OLS_iid,iid,False,5
3,6,6001,22,220001,True,95,False,100,0.7782072645093546,3.547585006803274,0.5537307209763718,0.5321329581253026,0.9527333198852181,1.1369151436257638,0.5017563538259682,0.0002618030293985562,13,8,0.570087712549569,2500,OLS_iid,iid,False,5
3,6,6001,21,210001,True,97,False,100,0.7431400910314013,3.5633421558886766,0.5089442514917759,0.47613107187947734,0.920840615098959,1.0237993822236038,0.5970608929556371,0.0003061356208542422,13,8,0.570087712549569,2500,OLS_iid,iid,False,5
3,6,6001,28,280001,True,94,False,100,0.8304813982898618,3.4388148770667613,0.572111962269779,0.5519180201509537,0.9425239908005748,1.1488705404023956,0.5319424949979956,0.0002808996886737633,13,8,0.570087712549569,2500,OLS_iid,iid,False,5
3,6,6001,14,140001,True,99,False,100,0.8270582201433913,3.711672104895115,0.5564035478941934,0.5340545624280826,0.9379941735068968,1.13288773428993,0.5272374646292564,0.0001819228179403489,13,8,0.570087712549569,2500,OLS_iid,iid,False,5
3,6,6001,3,30001,True,110,False,100,0.930410464698022,4.0248994450084865,0.5171328528125406,0.4973883609952438,1.2130040160943523,1.172800998287372,0.41374626171301665,0.0001187266548315852,13,8,0.570087712549569,2500,OLS_iid,iid,False,5
3,6,6001,19,190001,True,99,False,100,0.7625645147987673,3.641502889804542,0.5862404735167456,0.5690220236753385,1.0321374968942125,1.1642180533390885,0.547309283442071,0.0002275838708258618,13,8,0.570087712549569,2500,OLS_iid,iid,False,5
3,6,6001,25,250001,True,97,False,100,0.872121929754804,3.657716835848987,0.5227164127747048,0.4954033626418186,0.9252189150211881,1.0678371351764504,0.5547408933480893,0.00025856502251313273,13,8,0.570087712549569,2500,OLS_iid,iid,False,5
3,6,6001,23,230001,True,102,False,100,0.6023814891064135,3.705573281273246,0.5851624443160919,0.5689769033642572,0.9772257114387264,1.1492712766361817,0.5679460784311015,0.0002110243926833961,13,8,0.570087712549569,2500,OLS_iid,iid,False,5
3,5,5001,1,10001,True,123,False,100,0.8560040164143231,4.945961158722639,0.5350949286185298,0.5146381102661954,0.9136306510255165,1.149535926596196,0.5176637715470028,0.00012283125404787934,13,8,0.570087712549569,2500,OLS_iid,iid,False,5
3,6,6001,27,270001,True,106,False,100,0.761282072897567,3.600384432822466,0.62303164293971,0.6254325755250334,1.1085060680936492,1.3137261004086032,0.4522281145170389,0.0001902353105249991,13,8,0.570087712549569,2500,OLS_iid,iid,False,5
3,6,6001,16,160001,True,105,False,100,0.7794654686395939,3.9006413528695703,0.5402936438587974,0.5128016799313626,1.014918728449514,1.2298518500035744,0.48149388111142744,0.00019694308947309586,13,8,0.570087712549569,2500,OLS_iid,iid,False,5
3,5,5001,29,290001,True,120,False,100,0.7672738920630345,4.28467784402892,0.5697819703095773,0.5511066039988696,1.061019898252177,1.2290252065745317,0.5124097951961406,0.0001530435045741235,13,8,0.570087712549569,2500,OLS_iid,iid,False,5
3,6,6001,15,150001,True,98,False,100,0.8385438887050922,3.977362818084657,0.5482975800772187,0.5328115162993823,0.9826715352380953,1.1402355635584567,0.5058709347782597,0.00025678048186923594,13,8,0.570087712549569,2500,OLS_iid,iid,False,5
3,7,7001,0,1,True,98,False,100,0.8105587581235082,3.6456614187918603,0.5986434202157949,0.5893579255534076,0.9715556548193738,1.2092014867641117,0.49990038532513054,0.0002207206637749426,13,8,0.570087712549569,2500,OLS_iid,iid,False,5
3,6,6001,17,170001,True,93,False,100,0.6801505171902815,3.9072534730657935,0.5913067749951555,0.578750164365557,1.0496874130015712,1.2196056515745002,0.5126979650778019,0.000295006018571616,13,8,0.570087712549569,2500,OLS_iid,iid,False,5
3,6,6001,18,180001,True,105,False,100,0.7280983049752222,3.932649799156934,0.5387399060507331,0.5151213064610443,0.997718557001243,1.0650920901841379,0.5914766031018857,0.00021453285089693662,13,8,0.570087712549569,2500,OLS_iid,iid,False,5
3,6,6001,13,130001,True,104,False,100,0.7622937846217469,4.0903257061727345,0.5468329887771629,0.5252619365869008,0.8907931100038742,1.1981542671009626,0.4599711427335034,0.00021149971258097562,13,8,0.570087712549569,2500,OLS_iid,iid,False,5
3,6,6001,11,110001,True,103,False,100,0.7850213029027712,4.132622912991792,0.5622843297908963,0.5365632023580004,0.9910639075290602,1.1892956459016721,0.5396938328117001,0.00019743354591090744,13,8,0.570087712549569,2500,OLS_iid,iid,False,5
3,7,7001,2,20001,True,94,False,100,0.6796067498128452,3.4848957150243223,0.5309378131799973,0.5026144222521907,1.0479830533256846,1.0456012245526913,0.5819952010717326,0.0002788353327811729,13,8,0.570087712549569,2500,OLS_iid,iid,False,5
3,6,6001,26,260001,True,94,False,100,0.7526449899579917,3.890644240193069,0.5466523232490782,0.5129724492501235,1.0468757250934204,1.2911044354280108,0.49174491730647246,0.0002681327809076261,13,8,0.570087712549569,2500,OLS_iid,iid,False,5
3,7,7001,6,60001,True,93,False,100,0.6610017862656791,3.430274670943618,0.5489985948707153,0.528096064592043,0.9268819196933937,1.0803146293750676,0.5674024336512139,0.0003034405053373508,13,8,0.570087712549569,2500,OLS_iid,iid,False,5
3,7,7001,12,120001,True,93,False,100,0.9220615443211099,3.1640674117952585,0.5524316791206662,0.5347426627792207,1.22177431164066,1.1393210206480493,0.554613790516656,0.0002940570734470983,13,8,0.570087712549569,2500,OLS_iid,iid,False,5
3,6,6001,29,290001,True,107,False,100,0.7672738920630345,3.9085200428962708,0.5653516580908701,0.5495583437074424,1.1814356706160354,1.2431505783914267,0.4946129256162191,0.00017272654783171296,13,8,0.570087712549569,2500,OLS_iid,iid,False,5
3,7,7001,8,80001,True,95,False,100,0.7443496716401711,3.4794532558880746,0.5574095549667517,0.5413912237624662,0.8602479254167128,1.0767808380093142,0.5803786914970844,0.00031733294900374183,13,8,0.570087712549569,2500,OLS_iid,iid,False,5
3,7,7001,7,70001,True,93,False,100,0.752797959847825,3.5386286047287285,0.6014282367465446,0.5887073606542278,0.9832445959651079,1.2148156126719267,0.5503814566116055,0.0003202052937997188,13,8,0.570087712549569,2500,OLS_iid,iid,False,5
3,7,7001,3,30001,True,98,False,100,0.930410464698022,3.666363209951669,0.5434313368184904,0.5265899066149012,1.1534974006345693,1.1577052684293814,0.47698764352448614,0.0002032428526594476,13,8,0.570087712549569,2500,OLS_iid,iid,False,5
3,7,7001,4,40001,True,102,False,100,0.6497839792320272,3.8254628870636225,0.5277726630248112,0.5015980394076549,1.0164778067642466,1.1940026375336172,0.492527682416414,0.00024204393246138344,13,8,0.570087712549569,2500,OLS_iid,iid,False,5
3,7,7001,5,50001,True,96,False,100,0.7981756372625675,3.8203208660706878,0.5557048777711958,0.5380324290739069,0.9133408477360341,1.0684027793198938,0.5599691662741364,0.000276379090774946,13,8,0.570087712549569,2500,OLS_iid,iid,False,5
3,7,7001,11,110001,True,99,False,100,0.7850213029027712,3.6325024077668786,0.5184016520291072,0.48920867323801376,0.8011444965893264,1.0847996907984945,0.5012907990861738,0.0002353685936142977,13,8,0.570087712549569,2500,OLS_iid,iid,False,5
3,7,7001,18,180001,True,93,False,100,0.7280983049752222,3.411234365776181,0.5232911140693071,0.49653363815770296,0.9502795645962392,1.0327406422734309,0.5758318427802251,0.00031440885539409704,13,8,0.570087712549569,2500,OLS_iid,iid,False,5
3,7,7001,13,130001,True,96,False,100,0.7622937846217469,3.647022777236998,0.6042772088309519,0.5875812793341744,1.0086306725032588,1.4767043268711029,0.4829199699610296,0.00026148964133874356,13,8,0.570087712549569,2500,OLS_iid,iid,False,5
3,7,7001,16,160001,True,94,False,100,0.7794654686395939,3.4442950640805066,0.5290741735908148,0.5090427416396966,1.1366698968901767,2.2791355556313135,0.5586758783389661,0.00027502288858462665,13,8,0.570087712549569,2500,OLS_iid,iid,False,5
3,7,7001,19,190001,True,97,False,100,0.7625645147987673,3.45424717804417,0.512264656706083,0.48285332615898874,0.9074151799784826,1.0321214320099563,0.5909986370412739,0.00023138739433916394,13,8,0.570087712549569,2500,OLS_iid,iid,False,5
3,7,7001,23,230001,True,92,False,100,0.6023814891064135,3.3556256610900164,0.5644955645215216,0.5447496093793864,0.9235237302329158,1.1496729988733354,0.4903623916435885,0.00029368286692953947,13,8,0.570087712549569,2500,OLS_iid,iid,False,5
3,7,7001,10,100001,True,106,False,100,0.6838385837225557,3.8815391790121794,0.575841454592929,0.558999354610793,1.0017270302200116,1.3293206889591302,0.4103332148787799,0.00018520373719790612,13,8,0.570087712549569,2500,OLS_iid,iid,False,5
3,7,7001,17,170001,True,95,False,100,0.6801505171902815,3.5378714110702276,0.61170957335004,0.6047626197412747,1.100947445095449,1.2370263411407318,0.515863620717598,0.0002738015646341336,13,8,0.570087712549569,2500,OLS_iid,iid,False,5
3,7,7001,14,140001,True,104,False,100,0.8270582201433913,3.769522503018379,0.5448532171742813,0.520955491475114,0.9266525559439274,1.2419065958452205,0.49261673581893495,0.00015771625510998725,13,8,0.570087712549569,2500,OLS_iid,iid,False,5
3,7,7001,20,200001,True,98,False,100,0.7128310237994083,3.582605170086026,0.5520634617059912,0.532753700724431,1.0704042107768865,1.186141967403755,0.5492798910001033,0.00022365538919277386,13,8,0.570087712549569,2500,OLS_iid,iid,False,5
3,7,7001,15,150001,True,102,False,100,0.8385438887050922,3.7957416232675314,0.4938179707919144,0.4472734775210731,0.9746569216830904,1.408258759051375,0.5482423468533872,0.00016721189493617064,13,8,0.570087712549569,2500,OLS_iid,iid,False,5
3,7,7001,29,290001,True,91,False,100,0.7672738920630345,3.4078419618308544,0.6202456900950347,0.6183992913909919,1.1258478802628606,1.34062843793712,0.4438005503224658,0.00032277218992135195,13,8,0.570087712549569,2500,OLS_iid,iid,False,5
3,7,7001,28,280001,True,95,False,100,0.8304813982898618,3.4747545518912375,0.5638722538456373,0.5333869943336794,1.194845670038508,1.16544089079339,0.5534035114869345,0.00024688803563865794,13,8,0.570087712549569,2500,OLS_iid,iid,False,5
3,7,7001,24,240001,True,93,False,100,0.8573263233675178,3.5787363685667515,0.4880109542673621,0.45699105348273444,0.8692636609918283,1.0110881864952415,0.5679491808184688,0.00026482347497235325,13,8,0.570087712549569,2500,OLS_iid,iid,False,5
3,7,7001,25,250001,True,100,False,100,0.872121929754804,3.628237180877477,0.6096257555977805,0.6077097775716537,1.1665544400070083,1.2925884261689806,0.5292938600813136,0.00021902483031664257,13,8,0.570087712549569,2500,OLS_iid,iid,False,5
3,7,7001,26,260001,True,96,False,100,0.7526449899579917,3.6685656630434096,0.5552155418639323,0.5267543403042715,0.892089924189741,1.296986343351249,0.49437255206593755,0.00021603849435350612,13,8,0.570087712549569,2500,OLS_iid,iid,False,5
3,8,8001,12,120001,True,90,False,100,0.9220615443211099,3.318822372239083,0.6063695146607342,0.5955375278898971,1.0603655564498,1.399958046933792,0.4147574024516598,0.00032568582345779667,13,8,0.570087712549569,2500,OLS_iid,iid,False,5
3,7,7001,22,220001,True,105,False,100,0.7782072645093546,3.8569527668878436,0.5852635186410974,0.5710891650129493,1.1405607667007787,1.2849248956927666,0.4724198312368418,0.0001973424975216626,13,8,0.570087712549569,2500,OLS_iid,iid,False,5
3,7,7001,1,10001,True,100,False,100,0.8560040164143231,4.7453033099882305,0.559069250433564,0.5630277630622698,0.8860617285305034,1.197618049934164,0.4587688479584939,0.0002057455914518067,13,8,0.570087712549569,2500,OLS_iid,iid,False,5
3,8,8001,4,40001,True,99,False,100,0.6497839792320272,3.61742649320513,0.5543068215106691,0.5289278014216894,1.0573939890355837,1.0528083013690885,0.5971253315407411,0.00023165072338688785,13,8,0.570087712549569,2500,OLS_iid,iid,False,5
3,8,8001,8,80001,True,97,False,100,0.7443496716401711,3.542258507106453,0.6285229655840702,0.6282799237198561,1.0373174395666853,1.2894425559657958,0.5254378197680525,0.00024773736726266336,13,8,0.570087712549569,2500,OLS_iid,iid,False,5
3,7,7001,27,270001,True,105,False,100,0.761282072897567,3.874841189943254,0.5857319089222115,0.57603743978516,1.0600345476060968,1.24558724677659,0.48761040668618555,0.000199483465796757,13,8,0.570087712549569,2500,OLS_iid,iid,False,5
3,8,8001,6,60001,True,98,False,100,0.6610017862656791,3.669559195637703,0.5248852992301932,0.5023358118724216,1.0104735837002063,1.008279557692042,0.6044338108338272,0.0002678603026330159,13,8,0.570087712549569,2500,OLS_iid,iid,False,5
3,8,8001,15,150001,True,96,False,100,0.8385438887050922,3.482435043901205,0.6021937773406804,0.5906570698003736,1.0190685907421921,1.3346620451815683,0.42872847360255834,0.0002624902175379621,13,8,0.570087712549569,2500,OLS_iid,iid,False,5
3,8,8001,0,1,True,102,False,100,0.8105587581235082,3.8189502670429647,0.545006629192282,0.5269391334239057,0.848845993229677,1.1898166070288583,0.4900565451521529,0.00020576647978262495,13,8,0.570087712549569,2500,OLS_iid,iid,False,5
3,8,8001,3,30001,True,103,False,100,0.930410464698022,3.8398639569059014,0.5753846699911845,0.5571214676794345,1.0736456126584684,1.3349827249130908,0.3880074620362609,0.0001850586821784234,13,8,0.570087712549569,2500,OLS_iid,iid,False,5
3,8,8001,13,130001,True,97,False,100,0.7622937846217469,3.5565056391060352,0.5306743040442071,0.5036461477233669,0.9084464392285589,1.1733265599888836,0.4876551551635532,0.00026942489594884613,13,8,0.570087712549569,2500,OLS_iid,iid,False,5
3,7,7001,9,90001,True,127,False,100,0.8702724024523968,4.5927493730559945,0.5794325923248718,0.5628344260768715,0.9665780961476095,1.2353996661103828,0.46903654281161655,0.00011854411563727675,13,8,0.570087712549569,2500,OLS_iid,iid,False,5
3,8,8001,21,210001,True,92,False,100,0.7431400910314013,3.392877875827253,0.5740573555305484,0.5580189731868015,1.0850269315043246,1.2147428029091163,0.49906139295665675,0.0003436214412643426,13,8,0.570087712549569,2500,OLS_iid,iid,False,5
3,8,8001,7,70001,True,101,False,100,0.752797959847825,3.851759606041014,0.5478583149597679,0.5554509439693426,0.9491320557904818,1.3722615838926915,0.5717192325924476,0.00025997794832215837,13,8,0.570087712549569,2500,OLS_iid,iid,False,5
3,8,8001,18,180001,True,97,False,100,0.7280983049752222,3.588737462181598,0.566322832606809,0.5525858859985453,1.11132820569028,1.1854848071664779,0.47736138712887827,0.0002802320425981709,13,8,0.570087712549569,2500,OLS_iid,iid,False,5
3,8,8001,22,220001,True,94,False,100,0.7782072645093546,3.4584814556874335,0.5148826235188928,0.4845438704931043,0.9369658482864676,1.0430795366344374,0.5860148266519284,0.0002554622805422155,13,8,0.570087712549569,2500,OLS_iid,iid,False,5
3,7,7001,21,210001,True,96,False,100,0.7431400910314013,4.2811080501414835,0.5854179886240581,0.5737727641792639,0.973812243479269,1.2024547948253417,0.5346462792130732,0.0002781699229276368,13,8,0.570087712549569,2500,OLS_iid,iid,False,5
3,8,8001,5,50001,True,105,False,100,0.7981756372625675,3.9201694042421877,0.5219373652420841,0.49585855358570624,1.0891382064622246,0.9959690679085285,0.5962344250429596,0.00021405326274021182,13,8,0.570087712549569,2500,OLS_iid,iid,False,5
3,8,8001,24,240001,True,93,False,100,0.8573263233675178,3.4317075996659696,0.5603713342950589,0.5425901086803897,1.0760957768793251,1.0926436429402628,0.5655041965672337,0.00028646605388036434,13,8,0.570087712549569,2500,OLS_iid,iid,False,5
3,8,8001,17,170001,True,99,False,100,0.6801505171902815,3.6624870598316193,0.5555508579294027,0.5337290625264605,0.9226531710127631,1.1345246327991574,0.514518586132896,0.00024407495304245463,13,8,0.570087712549569,2500,OLS_iid,iid,False,5
3,8,8001,11,110001,True,104,False,100,0.7850213029027712,3.799799532163888,0.5880922613701026,0.5779544960903602,1.032796868091088,1.6526422717173657,0.4751437315804082,0.00020484752807291545,13,8,0.570087712549569,2500,OLS_iid,iid,False,5
3,8,8001,20,200001,True,101,False,100,0.7128310237994083,3.676306813955307,0.5926552079322425,0.5938798643050279,0.943094296780196,2.2538707616566116,0.4013704030744634,0.00024854842264469666,13,8,0.570087712549569,2500,OLS_iid,iid,False,5
3,8,8001,26,260001,True,97,False,100,0.7526449899579917,3.4963501067832112,0.5153225455220367,0.4806510740581112,0.8947749038632064,1.082069606505084,0.5585611256470264,0.00023347664730495845,13,8,0.570087712549569,2500,OLS_iid,iid,False,5
3,8,8001,9,90001,True,106,False,100,0.8702724024523968,3.9679416702128947,0.585791690802353,0.565742127067601,1.0683055752456552,1.2087781323485394,0.47837668085564866,0.00020607632864547983,13,8,0.570087712549569,2500,OLS_iid,iid,False,5
3,8,8001,29,290001,True,97,False,100,0.7672738920630345,3.4691186053678393,0.6080860549835291,0.6028778990247352,1.0243157529261129,1.3281442997334179,0.47728055442870304,0.0002683880836547237,13,8,0.570087712549569,2500,OLS_iid,iid,False,5
3,8,8001,1,10001,True,96,False,100,0.8560040164143231,4.254961729981005,0.5880696415199808,0.5777640151199643,1.0386146413598358,1.2710821641505592,0.4783484817206528,0.0002458241565149183,13,8,0.570087712549569,2500,OLS_iid,iid,False,5
3,9,9001,0,1,True,95,False,100,0.8105587581235082,3.498813167680055,0.5932516764167651,0.5925920444078229,1.1944256170825476,1.3602108463077414,0.47476050216334886,0.0002649519272172774,13,8,0.570087712549569,2500,OLS_iid,iid,False,5
3,8,8001,10,100001,True,111,False,100,0.6838385837225557,4.044229798018932,0.4776098922755285,0.4333717214412483,0.9656442965672092,0.9494722772264789,0.6343698430739961,0.00016496830175235285,13,8,0.570087712549569,2500,OLS_iid,iid,False,5
3,9,9001,7,70001,True,89,False,100,0.752797959847825,3.3857750608585775,0.6268465030942612,0.6266330566412421,1.0930991516678317,1.254634971338845,0.5231373592076402,0.0003854875170369076,13,8,0.570087712549569,2500,OLS_iid,iid,False,5
3,8,8001,19,190001,True,104,False,100,0.7625645147987673,3.966169463004917,0.5845893710289394,0.5599802387956335,0.9991041176199671,1.2099035981598454,0.5529214824198123,0.00020729469959256317,13,8,0.570087712549569,2500,OLS_iid,iid,False,5
3,9,9001,5,50001,True,95,False,100,0.7981756372625675,3.50913760997355,0.5534373221233188,0.530762248599794,0.893209096052531,1.0570807308409997,0.5924352938500135,0.000279352854261699,13,8,0.570087712549569,2500,OLS_iid,iid,False,5
3,9,9001,4,40001,True,99,False,100,0.6497839792320272,3.623155369888991,0.5521586119457871,0.5282524858846374,0.8620874774006932,1.1338613367483839,0.5595194794008246,0.00024151379533255204,13,8,0.570087712549569,2500,OLS_iid,iid,False,5
3,8,8001,14,140001,True,114,False,100,0.8270582201433913,4.154383346904069,0.589030652484753,0.5900112673366288,1.1869736914150553,1.3639573457379992,0.44472235856856573,0.0001391020600382371,13,8,0.570087712549569,2500,OLS_iid,iid,False,5
3,9,9001,28,280001,True,97,False,100,0.8304813982898618,2.875779781024903,0.4469060394525642,0.411267565605416,0.7116441466044898,0.9459651265633632,0.6104732172763498,0.00027036850679975,13,8,0.570087712549569,2500,OLS_iid,iid,False,5
3,9,9001,6,60001,True,96,False,100,0.6610017862656791,3.5184622392989695,0.49217309318305935,0.45776420820452723,0.8237524812491094,0.9307421606101067,0.6343527508495427,0.00030700335128050076,13,8,0.570087712549569,2500,OLS_iid,iid,False,5
3,9,9001,10,100001,True,94,False,100,0.6838385837225557,3.4375561559572816,0.559136333694166,0.5380947945234239,1.006863837208689,1.1468153512047885,0.5214064112165434,0.0002953212353750134,13,8,0.570087712549569,2500,OLS_iid,iid,False,5
3,9,9001,12,120001,True,93,False,100,0.9220615443211099,3.372346012853086,0.549925700441317,0.5303397070025488,0.8904271362296363,1.0724408351290737,0.5457827869624505,0.00028662357426210587,13,8,0.570087712549569,2500,OLS_iid,iid,False,5
3,8,8001,2,20001,True,100,False,100,0.6796067498128452,4.532106325961649,0.5374864483171069,0.5160904756834512,0.9476336543267768,1.1052135637713776,0.5435039182855488,0.00022714438719163775,13,8,0.570087712549569,2500,OLS_iid,iid,False,5
3,9,9001,3,30001,True,101,False,100,0.930410464698022,3.714566122740507,0.5240977249574857,0.5016916460910381,0.9540468619716242,1.20284260810239,0.46872581746479314,0.00016125681870693192,13,8,0.570087712549569,2500,OLS_iid,iid,False,5
3,9,9001,1,10001,True,106,False,100,0.8560040164143231,3.818046662956476,0.5545498287968504,0.5269515736778488,1.1354192019232061,1.1652008785662136,0.4737673191867865,0.00016526869031952595,13,8,0.570087712549569,2500,OLS_iid,iid,False,5
3,9,9001,13,130001,True,96,False,100,0.7622937846217469,3.4382468410767615,0.590586573037195,0.580299163589733,1.231065285191332,1.3293693201019454,0.46492631200825424,0.00028021918706394084,13,8,0.570087712549569,2500,OLS_iid,iid,False,5
3,8,8001,23,230001,True,110,False,100,0.6023814891064135,4.064251233823597,0.5233712034151221,0.5034796697230763,1.0586842907241025,1.2519348035847173,0.5081052034968172,0.00017321746884939272,13,8,0.570087712549569,2500,OLS_iid,iid,False,5
3,8,8001,28,280001,True,106,False,100,0.8304813982898618,3.9986190758645535,0.5170027579397615,0.48374560992146937,0.9955108424551071,1.0641456604726254,0.5678371063069909,0.00021164275847860553,13,8,0.570087712549569,2500,OLS_iid,iid,False,5
3,9,9001,9,90001,True,101,False,100,0.8702724024523968,3.6967589878477156,0.4735135970119718,0.4348533654311487,0.9574397505842387,0.9680819485548569,0.6016199318593694,0.00020361764132967278,13,8,0.570087712549569,2500,OLS_iid,iid,False,5
3,8,8001,27,270001,True,111,False,100,0.761282072897567,4.045070250984281,0.5674466097018557,0.5525125275355539,0.8596124539109881,1.2509748086154777,0.4673372692516087,0.00016795851774327984,13,8,0.570087712549569,2500,OLS_iid,iid,False,5
3,9,9001,2,20001,True,111,False,100,0.6796067498128452,3.9345773751847446,0.6111622296514503,0.6076220784093466,1.1250488447612292,1.3739170978303736,0.44476235689177424,0.00018309626976431063,13,8,0.570087712549569,2500,OLS_iid,iid,False,5
3,9,9001,21,210001,True,95,False,100,0.7431400910314013,3.4169063232839108,0.49399280685537617,0.46035738146970356,1.139757675500382,1.0144529525552963,0.5740117700872502,0.0002803713310823016,13,8,0.570087712549569,2500,OLS_iid,iid,False,5
3,9,9001,14,140001,True,96,False,100,0.8270582201433913,3.569237851072103,0.5285960817579893,0.5027735046709683,0.9979785073056924,1.1374826272812175,0.5045017102556606,0.00022943116066293174,13,8,0.570087712549569,2500,OLS_iid,iid,False,5
4,0,1,1,10001,True,104,False,100,0.8560040164143231,3.1131184711121023,0.5159694009937068,0.4772950888239921,1.1557975453300444,1.2303001660001534,0.4664534669484594,0.00016339777451553522,13,8,0.570087712549569,2500,OLS_iid,iid,False,5
4,0,1,7,70001,True,99,False,100,0.752797959847825,3.0574278659187257,0.548201310380343,0.5133649711403094,1.0856558825579348,1.084723132287111,0.6191627165978415,0.00020099212562787292,13,8,0.570087712549569,2500,OLS_iid,iid,False,5
3,9,9001,25,250001,True,92,False,100,0.872121929754804,3.337526828981936,0.5502401647805328,0.5405646558395254,1.114688165374889,1.3510858149508584,0.5528660955135445,0.0003166429363434073,13,8,0.570087712549569,2500,OLS_iid,iid,False,5
3,8,8001,25,250001,True,121,False,100,0.872121929754804,4.2206981224007905,0.5205392042820733,0.5051077825246237,0.99162384053699,1.107988424857392,0.5551319631095839,0.00013005695180574972,13,8,0.570087712549569,2500,OLS_iid,iid,False,5
4,0,1,5,50001,True,97,False,100,0.7981756372625675,3.1267025768756866,0.5836929105101513,0.5577583592796427,1.1885828498137065,1.4003608072476192,0.5235215653886238,0.0002126940891155587,13,8,0.570087712549569,2500,OLS_iid,iid,False,5
3,9,9001,16,160001,True,97,False,100,0.7794654686395939,3.5900337416678667,0.5102697062747942,0.4831727929120403,0.8117451033251402,1.0302541223122057,0.5660460705589807,0.00023862457746652002,13,8,0.570087712549569,2500,OLS_iid,iid,False,5
3,9,9001,23,230001,True,95,False,100,0.6023814891064135,3.477157133631408,0.4354616041028802,0.39630888910165896,0.8582856334807168,0.9440945330670651,0.613342104712446,0.00020945923203611466,13,8,0.570087712549569,2500,OLS_iid,iid,False,5
3,9,9001,15,150001,True,101,False,100,0.8385438887050922,3.6255657114088535,0.5952380105073036,0.5846799957597558,1.0745034923048071,1.4544268499665716,0.442616721039216,0.00019048282160695184,13,8,0.570087712549569,2500,OLS_iid,iid,False,5
3,9,9001,19,190001,True,96,False,100,0.7625645147987673,3.5416532810777426,0.5034539089470645,0.47611419969003776,1.1266148443724147,1.0291499932470694,0.5608455530003286,0.00023941059298571447,13,8,0.570087712549569,2500,OLS_iid,iid,False,5
4,0,1,6,60001,True,101,False,100,0.6355162989249991,3.1207137028686702,0.4569372206986167,0.41645550557892985,0.7238797639670739,0.9668619849065543,0.6395220680145273,0.0001813593983581447,13,8,0.570087712549569,2500,OLS_iid,iid,False,5
4,0,1,0,1,True,102,False,100,0.8105587581235082,3.214677586220205,0.49816760930603604,0.4530657841422153,1.1433955619744571,1.0747651437918235,0.6043447774979709,0.00016662820572900733,13,8,0.570087712549569,2500,OLS_iid,iid,False,5
3,8,8001,16,160001,True,94,False,100,0.7794654686395939,4.5683078691363335,0.48644792203661597,0.4524551068954444,0.8169123822296028,1.0228495302588332,0.5741641961518685,0.0002684734319117811,13,8,0.570087712549569,2500,OLS_iid,iid,False,5
4,0,1,9,90001,True,109,False,100,0.8702724024523968,3.174272194970399,0.5523509172641166,0.5195262414908712,0.932889934441614,1.186689070562122,0.5364073863212763,0.00010719412060030584,13,8,0.570087712549569,2500,OLS_iid,iid,False,5
4,0,1,10,100001,True,100,False,100,0.6838385837225557,3.13573034806177,0.4955104414874191,0.45245909480335816,1.0651213303209832,1.4527289337114238,0.5925752310696323,0.00017863813857710244,13,8,0.570087712549569,2500,OLS_iid,iid,False,5
4,0,1,4,40001,True,101,False,100,0.6497839792320272,3.2468467713333666,0.5652837878549811,0.529577486437295,0.9622378837353859,1.235534903423885,0.5236301339971697,0.00019704793943320595,13,8,0.570087712549569,2500,OLS_iid,iid,False,5
3,9,9001,22,220001,True,97,False,100,0.7782072645093546,3.607063971925527,0.5920817976895787,0.580893819514944,0.9816282305189503,1.2724431482095568,0.47823534822085695,0.00026770319545209873,13,8,0.570087712549569,2500,OLS_iid,iid,False,5
4,0,1,8,80001,True,104,False,100,0.7443496716401711,3.231548418290913,0.5062261148449633,0.4532424942207824,1.0457485661287047,1.2745844264545805,0.6376808559590424,0.00017400230032477019,13,8,0.570087712549569,2500,OLS_iid,iid,False,5
3,9,9001,26,260001,True,95,False,100,0.7526449899579917,3.5270852027460933,0.5226647517367421,0.49587251380425124,0.9698576039951656,1.020596390979328,0.5789282476059718,0.00023955142751800053,13,8,0.570087712549569,2500,OLS_iid,iid,False,5
3,9,9001,24,240001,True,97,False,100,0.8573263233675178,3.5993257919326425,0.5469102519785841,0.523509953419895,0.983853526581242,1.1855052599127585,0.46920589827438935,0.00024185896242292788,13,8,0.570087712549569,2500,OLS_iid,iid,False,5
4,0,1,2,20001,True,105,False,100,0.6796067498128452,3.3415531581267715,0.44155050292339526,0.3898880359016582,0.9231640001131672,1.008095748682242,0.6243668434080207,0.00014462522564597533,13,8,0.570087712549569,2500,OLS_iid,iid,False,5
4,0,1,17,170001,True,99,False,100,0.6675444134378812,3.0593030909076333,0.5451765141718253,0.509359506488141,1.0723234804976294,1.2045329000164589,0.5034405253986121,0.00020306693634405298,13,8,0.570087712549569,2500,OLS_iid,iid,False,5
4,0,1,16,160001,True,99,False,100,0.7794654686395939,3.065724693238735,0.5417394143789134,0.5025393696695465,0.9522609532519661,1.1787831649391924,0.5376144117649846,0.00019797706197557737,13,8,0.570087712549569,2500,OLS_iid,iid,False,5
4,0,1,3,30001,True,106,False,100,0.930410464698022,3.346743108239025,0.4983836137991985,0.46814724743018843,0.9521857616820175,1.2779486274273537,0.38551758725148716,0.00010886817535251554,13,8,0.570087712549569,2500,OLS_iid,iid,False,5
4,0,1,27,270001,True,98,False,100,0.6557385688505591,2.883146326057613,0.5828004697029037,0.5568322569423654,1.0184303090993265,1.2982514865980401,0.47935695381175386,0.0002123675570638473,13,8,0.570087712549569,2500,OLS_iid,iid,False,5
4,0,1,13,130001,True,102,False,100,0.7622937846217469,3.1939653041772544,0.5051070851562913,0.45835403396449154,0.9294513510302371,1.1187952949259032,0.5491864035843276,0.00016489237936006417,13,8,0.570087712549569,2500,OLS_iid,iid,False,5
3,9,9001,8,80001,True,111,False,100,0.7443496716401711,4.118625840172172,0.5966891137902262,0.6122383054750127,1.1681123227864911,1.2779250728752118,0.5812266020552561,0.00019792791847374403,13,8,0.570087712549569,2500,OLS_iid,iid,False,5
3,9,9001,17,170001,True,105,False,100,0.6801505171902815,3.8533124439418316,0.5449598407212033,0.5223772821843349,1.047834678020357,1.1451267474681148,0.5509706670619491,0.0001934745795536834,13,8,0.570087712549569,2500,OLS_iid,iid,False,5
4,0,1,11,110001,True,102,False,100,0.5678632878441714,3.2773865279741585,0.5568117623122167,0.5072053241859618,1.0383224251950827,6.3688101634784005,0.4735986818934136,0.0001585856818405965,13,8,0.570087712549569,2500,OLS_iid,iid,False,5
3,9,9001,29,290001,True,95,False,100,0.7672738920630345,3.5087271030060947,0.6331329816329555,0.6368194634508282,1.0565162668389712,1.3979498502400012,0.4265027247746332,0.00028467833647337386,13,8,0.570087712549569,2500,OLS_iid,iid,False,5
3,9,9001,18,180001,True,93,False,100,0.7280983049752222,3.875265816692263,0.5448517380622943,0.525616539942496,1.2134015938008897,1.1831658063514996,0.5234854481040573,0.00030826671361882464,13,8,0.570087712549569,2500,OLS_iid,iid,False,5
4,0,1,15,150001,True,104,False,100,0.8385438887050922,3.2125356132164598,0.4006488528780021,0.34343330431641506,0.9323777835011153,0.9531302643729419,0.5821644281514382,0.000148522014950189,13,8,0.570087712549569,2500,OLS_iid,iid,False,5
4,0,1,18,180001,True,101,False,100,0.7280983049752222,3.146709155291319,0.5431281340021082,0.5039916266717381,1.2015816261683463,1.3023513388930557,0.5085352434082799,0.00019019964060038198,13,8,0.570087712549569,2500,OLS_iid,iid,False,5
4,0,1,12,120001,True,108,False,100,0.718277789532749,3.3924364601261914,0.4556784047026653,0.3978937155447213,1.0743530642449046,0.9739057336824124,0.6391968916325292,0.00013802127994363067,13,8,0.570087712549569,2500,OLS_iid,iid,False,5
4,0,1,19,190001,True,97,False,100,0.7625645147987673,3.2367452969774604,0.5451203053245198,0.5074242311482448,1.070397437729469,1.2635754159390964,0.48536912205044414,0.00021699439164136707,13,8,0.570087712549569,2500,OLS_iid,iid,False,5
3,9,9001,20,200001,True,104,False,100,0.7128310237994083,3.9655553670600057,0.5288770999496388,0.4980620063900496,1.2453839007782312,1.192581960132404,0.5496276632223677,0.00019067156617205914,13,8,0.570087712549569,2500,OLS_iid,iid,False,5
4,1,1001,9,90001,True,100,False,100,0.8702724024523968,2.755896056070924,0.5569137949245629,0.5200744196197593,1.0951660793516333,1.1455842874073348,0.5693649609939126,0.00017206343961881148,13,8,0.570087712549569,2500,OLS_iid,iid,False,5
4,0,1,20,200001,True,108,False,100,0.6860152209043175,3.316172151826322,0.46389439665782667,0.4152550227002622,0.9247143530786267,1.0873010974152064,0.5518224586575778,0.00010824805710372733,13,8,0.570087712549569,2500,OLS_iid,iid,False,5
4,0,1,14,140001,True,113,False,100,0.8225905807664781,3.472287500742823,0.5716534375945889,0.5428567469712806,1.1152073851886908,1.3184734055032108,0.474423368505432,9.852709197136135e-05,13,8,0.570087712549569,2500,OLS_iid,iid,False,5
4,0,1,29,290001,True,100,False,100,0.7672738920630345,3.1116434424184263,0.5218524410822387,0.48448906628480126,1.2167189250221178,1.2315848553399582,0.5265606170239692,0.00018358822329682053,13,8,0.570087712549569,2500,OLS_iid,iid,False,5
4,0,1,21,210001,True,105,False,100,0.7431400910314013,3.338444051798433,0.5520041552013836,0.5112830854402627,0.967987118845701,2.029678636065904,0.5338557289061551,0.00014491089067122532,13,8,0.570087712549569,2500,OLS_iid,iid,False,5
3,9,9001,11,110001,True,96,False,100,0.7850213029027712,4.317297724075615,0.5383455061634287,0.5056830453643457,1.1140629151330765,1.2103672364105986,0.4718968701516781,0.00024172963732140321,13,8,0.570087712549569,2500,OLS_iid,iid,False,5
4,0,1,24,240001,True,101,False,100,0.8573263233675178,3.2643088372424245,0.5567361586531755,0.522126605502953,0.9844329755948276,1.166963236259745,0.5461864849398492,0.00018297154475806242,13,8,0.570087712549569,2500,OLS_iid,iid,False,5
4,0,1,22,220001,True,109,False,100,0.7782072645093546,3.368016195949167,0.5229051426648083,0.4874037652419559,1.3988028468868998,1.3626903357723408,0.5460492725141439,0.00015012518641649417,13,8,0.570087712549569,2500,OLS_iid,iid,False,5
4,0,1,23,230001,True,108,False,100,0.6023814891064135,3.3723921733908355,0.522807695501183,0.4858180000821945,1.3789607426539263,1.2882441757353533,0.5751977635678808,0.0001442975391615317,13,8,0.570087712549569,2500,OLS_iid,iid,False,5
4,0,1,28,280001,True,103,False,100,0.8304813982898618,3.2212346959859133,0.5591853157943584,0.5183495306351642,0.9666475347404044,1.3869807782041785,0.4969314644888933,0.00019007911172198288,13,8,0.570087712549569,2500,OLS_iid,iid,False,5
3,9,9001,27,270001,True,96,False,100,0.761282072897567,3.9819446629844606,0.5372592195175722,0.5175682551916414,1.0102134129378073,1.1609209364470288,0.5046418379758814,0.0002718480167206226,13,8,0.570087712549569,2500,OLS_iid,iid,False,5
4,1,1001,5,50001,True,98,False,100,0.7981756372625675,3.1170699200592935,0.5223314170466953,0.48502397635850597,1.2760693903229223,1.1560884685440436,0.5974494366510181,0.00020122621831410693,13,8,0.570087712549569,2500,OLS_iid,iid,False,5
4,1,1001,6,60001,True,98,False,100,0.6355162989249991,3.1241491558030248,0.5631378978856031,0.5264456879497323,1.139878430992595,1.3337181479203144,0.47833518208403486,0.00022953065577650667,13,8,0.570087712549569,2500,OLS_iid,iid,False,5
4,1,1001,4,40001,True,100,False,100,0.6497839792320272,3.190123764332384,0.5551620100995597,0.5122226461598497,0.890351975168919,1.2679838287094065,0.4993321082466243,0.00019991092913398004,13,8,0.570087712549569,2500,OLS_iid,iid,False,5
4,1,1001,7,70001,True,98,False,100,0.752797959847825,3.110361141618341,0.5948908662446118,0.5696386847318875,1.0629591170709054,1.4236844121999832,0.4902449357434878,0.00022275428734076162,13,8,0.570087712549569,2500,OLS_iid,iid,False,5
4,0,1,25,250001,True,110,False,100,0.872121929754804,3.419948201160878,0.4550072417017264,0.40935934488862846,0.8324244337298834,1.0426017213893126,0.5896506672112165,0.00010630045296941042,13,8,0.570087712549569,2500,OLS_iid,iid,False,5
4,1,1001,10,100001,True,97,False,100,0.6838385837225557,3.1012372518889606,0.5405089565245759,0.49561801469744726,1.1223754273981503,1.1739793395768972,0.5590770040198882,0.00017560351201964503,13,8,0.570087712549569,2500,OLS_iid,iid,False,5
4,1,1001,1,10001,True,107,False,100,0.8560040164143231,3.345451088156551,0.5275308182583525,0.4871659980418129,1.1118413589464995,1.2142183258365025,0.47356459271471496,0.00014066743217690518,13,8,0.570087712549569,2500,OLS_iid,iid,False,5
4,1,1001,0,1,True,101,False,100,0.8105587581235082,3.3732163570821285,0.4997147264729106,0.4588170218181403,1.026701412569705,1.0539908162600808,0.5838668497691487,0.0001705548455735096,13,8,0.570087712549569,2500,OLS_iid,iid,False,5
4,1,1001,8,80001,True,100,False,100,0.7443496716401711,3.2386355130001903,0.5654151284753908,0.5313111212615225,1.0330129695980887,1.2275194977164638,0.5515768236062717,0.00018702269059595638,13,8,0.570087712549569,2500,OLS_iid,iid,False,5
4,1,1001,2,20001,True,101,False,100,0.6796067498128452,3.3974694409407675,0.574110808975107,0.5386726013498829,1.0750486031372999,1.3582338366340518,0.4502569768669036,0.00017331301366313722,13,8,0.570087712549569,2500,OLS_iid,iid,False,5
4,1,1001,12,120001,True,99,False,100,0.718277789532749,3.166945249773562,0.5229835192050374,0.47071353110670755,1.0149245370271547,1.230613480984542,0.5923171263196727,0.0001903599046479671,13,8,0.570087712549569,2500,OLS_iid,iid,False,5
4,1,1001,11,110001,True,107,False,100,0.5678632878441714,3.3051488059572875,0.5397950347554084,0.5016018659183652,0.9804464246394176,1.2916721146794086,0.5088734483194992,0.00011438789951400593,13,8,0.570087712549569,2500,OLS_iid,iid,False,5
4,1,1001,13,130001,True,103,False,100,0.7622937846217469,3.2849938198924065,0.505221415328988,0.4530492847573501,0.9808265915779063,1.124666614583833,0.5450637213509238,0.00016433301523231084,13,8,0.570087712549569,2500,OLS_iid,iid,False,5
4,1,1001,3,30001,True,114,False,100,0.930410464698022,3.6773997861891985,0.428284487634938,0.38415940404619037,0.7230711639895875,1.1524676204018895,0.48053267994962784,7.594996871798364e-05,13,8,0.570087712549569,2500,OLS_iid,iid,False,5
4,1,1001,14,140001,True,98,False,100,0.8225905807664781,3.2384331952780485,0.5829649226690684,0.557811003041137,1.2049763389218044,1.3392572011750228,0.4594131172175302,0.0001821484249360817,13,8,0.570087712549569,2500,OLS_iid,iid,False,5
4,1,1001,16,160001,True,99,False,100,0.7794654686395939,3.1508694626390934,0.5031009347374711,0.46820775354068805,0.8111714026283825,1.1340190676139903,0.5520786291636051,0.00017126164590597866,13,8,0.570087712549569,2500,OLS_iid,iid,False,5
4,1,1001,24,240001,True,99,False,100,0.8573263233675178,2.897844223305583,0.49963060097596856,0.4577358854463411,0.8481329935233409,1.1182576930010788,0.5327121051054349,0.0001810791120868244,13,8,0.570087712549569,2500,OLS_iid,iid,False,5
4,0,1,26,260001,True,107,False,100,0.7526449899579917,4.103690824005753,0.5391060156213567,0.5028270235958628,0.9222064207921166,1.3136404084995632,0.4546383657837842,0.00011780588307632176,13,8,0.570087712549569,2500,OLS_iid,iid,False,5
4,1,1001,22,220001,True,105,False,100,0.7782072645093546,3.2318282248452306,0.5261606010823009,0.481503519216934,0.9335146340845599,1.2545144221837727,0.48433677908915584,0.00015012163913115883,13,8,0.570087712549569,2500,OLS_iid,iid,False,5
4,1,1001,21,210001,True,104,False,100,0.7431400910314013,3.261649197898805,0.5147285221315563,0.47382669745009554,0.9075854249114403,1.200448707269671,0.4964494719080296,0.00013883554954540988,13,8,0.570087712549569,2500,OLS_iid,iid,False,5
4,1,1001,25,250001,True,101,False,100,0.872121929754804,3.133339746389538,0.5552699056312492,0.5229759882398527,1.0117153451121095,1.3213658020276569,0.4359528023287178,0.00017296188083738598,13,8,0.570087712549569,2500,OLS_iid,iid,False,5
4,1,1001,28,280001,True,100,False,100,0.8304813982898618,3.111166336107999,0.48477470241414433,0.4295169884255172,0.8772363618920768,1.0533237774634059,0.5985671669830896,0.00017086842071175324,13,8,0.570087712549569,2500,OLS_iid,iid,False,5
4,1,1001,20,200001,True,108,False,100,0.6860152209043175,3.424447026103735,0.5322668086607426,0.4951057164634554,0.9009978762215963,1.2172140219636882,0.5131015156573904,0.00010906227242118704,13,8,0.570087712549569,2500,OLS_iid,iid,False,5
4,1,1001,15,150001,True,112,False,100,0.8385438887050922,3.7372337291017175,0.5665070012690819,0.5324732686072784,0.936302800417039,1.405061041747265,0.35708500241178526,0.00011193513218345146,13,8,0.570087712549569,2500,OLS_iid,iid,False,5
4,1,1001,29,290001,True,101,False,100,0.7672738920630345,3.225550893228501,0.5216832928305867,0.4751040122222206,0.9234329601127059,1.1895314776698003,0.47974109876812016,0.0001612486733061961,13,8,0.570087712549569,2500,OLS_iid,iid,False,5
4,1,1001,26,260001,True,106,False,100,0.7526449899579917,3.3076720968820155,0.5754970929598249,0.5435897067562723,1.0452803709251388,1.2508172509783095,0.5103297941818392,0.00013544702659436199,13,8,0.570087712549569,2500,OLS_iid,iid,False,5
4,1,1001,23,230001,True,109,False,100,0.6023814891064135,3.468359521124512,0.5390381924968738,0.49487779818515343,1.084355113228843,1.3180769331702507,0.5315796322071207,0.00011652964522090139,13,8,0.570087712549569,2500,OLS_iid,iid,False,5
4,1,1001,17,170001,True,106,False,100,0.6675444134378812,3.6058502523228526,0.5611736615530533,0.5198955789992618,1.0708342904169672,1.4957675336596497,0.3994331344069638,0.00011255700256986878,13,8,0.570087712549569,2500,OLS_iid,iid,False,5
4,2,2001,5,50001,True,96,False,100,0.7981756372625675,2.9779599807225168,0.5507096604039525,0.5145001353905005,1.0425074188233818,1.1878537240823297,0.548915455597168,0.0002325816016559434,13,8,0.570087712549569,2500,OLS_iid,iid,False,5
4,2,2001,0,1,True,103,False,100,0.8105587581235082,3.236612857785076,0.4898173601657132,0.44393597162002724,1.1358382825697608,1.0064177190718508,0.6358355122455778,0.00017101423403611277,13,8,0.570087712549569,2500,OLS_iid,iid,False,5
4,2,2001,2,20001,True,102,False,100,0.6796067498128452,3.150344126857817,0.5267813667687004,0.48590729143539674,1.0096826570441846,1.2118646452757766,0.4803040387027747,0.0001777072967221256,13,8,0.570087712549569,2500,OLS_iid,iid,False,5
4,1,1001,27,270001,True,99,False,100,0.6557385688505591,3.399475796148181,0.5414717033601412,0.5111604978183514,1.1985543397660816,1.2529500894050565,0.5090345765421549,0.0001956588112810659,13,8,0.570087712549569,2500,OLS_iid,iid,False,5
4,2,2001,7,70001,True,97,False,100,0.752797959847825,3.020339817740023,0.5729522058830906,0.5423444451010002,1.0507355838914347,1.2466933876263053,0.5458097640606712,0.0002345931093226718,13,8,0.570087712549569,2500,OLS_iid,iid,False,5
4,2,2001,24,240001,True,102,False,100,0.8573263233675178,2.6332671721465886,0.4314140855177512,0.3758609625819165,1.0091180393438628,0.9023194113487413,0.6661952495573158,0.00017262731372089574,13,8,0.570087712549569,2500,OLS_iid,iid,False,5
4,2,2001,6,60001,True,100,False,100,0.6355162989249991,3.0799583639018238,0.4336116453509371,0.3856139020433917,0.9235649548749809,0.9413469958276575,0.6493210085686437,0.00020550618905213662,13,8,0.570087712549569,2500,OLS_iid,iid,False,5
4,2,2001,8,80001,True,99,False,100,0.7443496716401711,3.0389164770022035,0.5473046608547415,0.5125879233862902,1.058772643939188,1.1721551485226904,0.5805257121915424,0.0002086890634648923,13,8,0.570087712549569,2500,OLS_iid,iid,False,5
4,1,1001,19,190001,True,120,False,100,0.7625645147987673,3.7548563447780907,0.5252192014339698,0.4833414897294469,0.9258294333574979,1.2844683953492546,0.5058692524957773,9.928005213788445e-05,13,8,0.570087712549569,2500,OLS_iid,iid,False,5
4,2,2001,12,120001,True,101,False,100,0.718277789532749,3.0994206559844315,0.4718785253561723,0.41965184375144116,1.0825278154290818,0.9963415383884501,0.6331623321371667,0.00018328961243866283,13,8,0.570087712549569,2500,OLS_iid,iid,False,5
4,2,2001,25,250001,True,102,False,100,0.872121929754804,2.811152284964919,0.5170745164808087,0.5133602986855078,1.0518773470029297,2.6682273588268632,0.5593841524930421,0.00016177386652399458,13,8,0.570087712549569,2500,OLS_iid,iid,False,5
4,2,2001,3,30001,True,109,False,100,0.930410464698022,3.345998015254736,0.4934630361786082,0.45010405236305906,0.9573599360901959,1.1581048262328337,0.4600039722596846,0.00011087862690762807,13,8,0.570087712549569,2500,OLS_iid,iid,False,5
4,2,2001,4,40001,True,106,False,100,0.6497839792320272,3.380659529939294,0.4994098737996194,0.45305932999368664,1.105628646395546,1.1214923990089838,0.5793292773134148,0.00015071197288800967,13,8,0.570087712549569,2500,OLS_iid,iid,False,5
4,2,2001,14,140001,True,101,False,100,0.8225905807664781,3.184192709159106,0.5274438382985174,0.4914755599863629,0.9202977106827068,1.1973206859108803,0.49439175428057996,0.00018531010359247048,13,8,0.570087712549569,2500,OLS_iid,iid,False,5
4,2,2001,17,170001,True,100,False,100,0.6675444134378812,3.094359683804214,0.5028498220788011,0.4466840862213463,1.0503331048666227,1.0767142287963498,0.6124434455696888,0.0001683213050131257,13,8,0.570087712549569,2500,OLS_iid,iid,False,5
4,2,2001,11,110001,True,101,False,100,0.5678632878441714,3.2599470601417124,0.5593560821273134,0.5205547037060954,1.0966750834871286,1.259088153016554,0.5202228197921372,0.00019531579932550335,13,8,0.570087712549569,2500,OLS_iid,iid,False,5
4,2,2001,1,10001,True,107,False,100,0.8560040164143231,3.5723996572196484,0.5485984274800273,0.5231254356780666,1.1120496696019713,1.4159685588937017,0.4033463946129204,0.00014104442260252735,13,8,0.570087712549569,2500,OLS_iid,iid,False,5
4,1,1001,18,180001,True,129,False,100,0.7280983049752222,4.062120380811393,0.5949915447860107,0.5665022196172727,1.1546627247364483,1.4071664589127633,0.4678164317380793,9.138245505004978e-05,13,8,0.570087712549569,2500,OLS_iid,iid,False,5
4,2,2001,20,200001,True,100,False,100,0.6860152209043175,3.116727003827691,0.5429088098151083,0.5061620274276354,1.0652522616584066,1.2565600120774745,0.5122245858564566,0.00017782827483092025,13,8,0.570087712549569,2500,OLS_iid,iid,False,5
4,2,2001,9,90001,True,100,False,100,0.8702724024523968,3.3997892742045224,0.5421478796139654,0.5001075456806271,0.8914721463487539,1.1853947604858002,0.5317362157010612,0.00018576118386121282,13,8,0.570087712549569,2500,OLS_iid,iid,False,5
4,2,2001,10,100001,True,107,False,100,0.6838385837225557,3.400475018657744,0.5055628904202856,0.45773515233029965,0.9175044724875426,1.32929634133686,0.557222534655518,0.00014629652624835728,13,8,0.570087712549569,2500,OLS_iid,iid,False,5
4,2,2001,21,210001,True,102,False,100,0.7431400910314013,3.1574181728065014,0.5395835395879608,0.5012711740282738,0.9395978737843353,1.2525184910788834,0.4547168413682097,0.00018032517022237169,13,8,0.570087712549569,2500,OLS_iid,iid,False,5
4,2,2001,26,260001,True,97,False,100,0.7526449899579917,3.0115961246192455,0.4967823840817344,0.44968357487196686,0.9567814240657118,1.1588460507662879,0.5322389374883227,0.00019808945268283897,13,8,0.570087712549569,2500,OLS_iid,iid,False,5
4,2,2001,22,220001,True,102,False,100,0.7782072645093546,3.167233956977725,0.4951868099889052,0.439684694971113,0.9875755349810539,1.121269702437719,0.5753309965596849,0.0001877483294141162,13,8,0.570087712549569,2500,OLS_iid,iid,False,5
4,2,2001,16,160001,True,105,False,100,0.7794654686395939,3.266256022732705,0.5238847231575858,0.4743758731285439,0.9037234425172261,1.1722963159523647,0.5051790621469414,0.0001573580317986127,13,8,0.570087712549569,2500,OLS_iid,iid,False,5
4,2,2001,15,150001,True,107,False,100,0.8385438887050922,3.289826112333685,0.5035364408947655,0.456385842714974,1.0462144902376926,1.0421208153214598,0.5804857506014646,0.00013543331877255836,13,8,0.570087712549569,2500,OLS_iid,iid,False,5
4,2,2001,19,190001,True,106,False,100,0.7625645147987673,3.263533042743802,0.5073721094476292,0.4594759964957541,1.0338888204106402,1.1918218910438012,0.5151198476487555,0.00015380562376202,13,8,0.570087712549569,2500,OLS_iid,iid,False,5
4,3,3001,12,120001,True,96,False,100,0.718277789532749,2.666904534678906,0.5715975002320159,0.5381481153895838,0.9228846847504772,1.2544921581303388,0.4913990537736507,0.00021244906951499014,13,8,0.570087712549569,2500,OLS_iid,iid,False,5
4,2,2001,29,290001,True,99,False,100,0.7672738920630345,3.0443093152716756,0.5589555126372363,0.522766573134077,1.0195362262883996,1.2828612295756294,0.4643140734899347,0.00017022569745747104,13,8,0.570087712549569,2500,OLS_iid,iid,False,5
4,2,2001,27,270001,True,100,False,100,0.6557385688505591,3.168064411729574,0.5720663140974356,0.5443244911006485,1.0569427035658354,1.2401233679835515,0.5276044516211432,0.00020128284412581645,13,8,0.570087712549569,2500,OLS_iid,iid,False,5
4,3,3001,5,50001,True,95,False,100,0.7981756372625675,2.954003185033798,0.5835175329075329,0.5542689868292032,1.0438663281117448,1.3166494828550104,0.5059048619127793,0.0002352513036375565,13,8,0.570087712549569,2500,OLS_iid,iid,False,5
4,2,2001,13,130001,True,113,False,100,0.7622937846217469,3.5663628638722003,0.47747651320455237,0.4341569200985749,1.2037194907250814,1.4890260028499045,0.5386915514183472,0.00010503311076377902,13,8,0.570087712549569,2500,OLS_iid,iid,False,5
4,2,2001,28,280001,True,103,False,100,0.8304813982898618,3.2170053776353598,0.4731583097207266,0.4286287622059166,0.9060440065280154,1.0639551476966314,0.560505808697846,0.00016150873458537068,13,8,0.570087712549569,2500,OLS_iid,iid,False,5
4,3,3001,7,70001,True,98,False,100,0.752797959847825,3.0175750702619553,0.5185465477831033,0.4680762723820787,1.068622822340632,1.0715713184165312,0.622641475127804,0.00018926447145262948,13,8,0.570087712549569,2500,OLS_iid,iid,False,5
4,3,3001,8,80001,True,98,False,100,0.7443496716401711,3.020137320738286,0.48419996174620206,0.4327301110777918,0.9403635801110696,3.767604223444658,0.6609265298459686,0.00020412069531852492,13,8,0.570087712549569,2500,OLS_iid,iid,False,5
4,2,2001,23,230001,True,102,False,100,0.6023814891064135,3.4195631737820804,0.5453849767593418,0.5054146674781305,1.167161905748525,1.2679933146565585,0.511177092270854,0.00017904380222058734,13,8,0.570087712549569,2500,OLS_iid,iid,False,5
4,3,3001,10,100001,True,103,False,100,0.6838385837225557,3.0027157040312886,0.5331647680679281,0.48856121638645517,1.0850356188251173,1.3432228922483478,0.43461695337656103,0.00016940764069505013,13,8,0.570087712549569,2500,OLS_iid,iid,False,5
4,3,3001,4,40001,True,102,False,100,0.6497839792320272,3.108898642938584,0.5800205341643424,0.5466156023259294,1.0843862611008839,1.2254856713758953,0.5460240200647154,0.00017441169320146335,13,8,0.570087712549569,2500,OLS_iid,iid,False,5
4,3,3001,2,20001,True,104,False,100,0.6796067498128452,3.1731600328348577,0.5271987020236959,0.4999689869257264,1.0687585327721165,1.972282642707793,0.5453512645151837,0.00016936422356805036,13,8,0.570087712549569,2500,OLS_iid,iid,False,5
4,3,3001,18,180001,True,96,False,100,0.7280983049752222,2.9328407058492303,0.548206249526096,0.5102289977957413,1.0123240994789477,1.1768691275564,0.5658179086311661,0.00020377818982030336,13,8,0.570087712549569,2500,OLS_iid,iid,False,5
4,3,3001,17,170001,True,100,False,100,0.6675444134378812,3.0733873951248825,0.535542357331194,0.4965371695929778,0.934611598882708,1.2018262142681555,0.4817239968245652,0.00018405851549591374,13,8,0.570087712549569,2500,OLS_iid,iid,False,5
4,3,3001,6,60001,True,117,False,100,0.6355162989249991,3.3802814329974353,0.5391613982388097,0.5020986108590846,1.032536058243605,1.2330570335539486,0.5814516283232719,0.00011350639158591636,13,8,0.570087712549569,2500,OLS_iid,iid,False,5
4,3,3001,24,240001,True,96,False,100,0.8573263233675178,3.0127315572462976,0.556991830952842,0.5251018988579965,0.9893054657275484,1.4495065028433372,0.5405714922463836,0.0001861927068985389,13,8,0.570087712549569,2500,OLS_iid,iid,False,5
4,4,4001,0,1,True,97,False,100,0.8105587581235082,2.9813333856873214,0.5553782065015299,0.5354444335866065,1.0803457669159886,1.2890259899203653,0.4702993988485455,0.00018764814464598546,13,8,0.570087712549569,2500,OLS_iid,iid,False,5
4,3,3001,20,200001,True,99,False,100,0.6860152209043175,3.074972841888666,0.49719313657920966,0.4571962319271939,1.1822784245698539,1.209557091099744,0.47712392218939365,0.00017320544445634313,13,8,0.570087712549569,2500,OLS_iid,iid,False,5
4,3,3001,23,230001,True,98,False,100,0.6023814891064135,3.0537799736484885,0.5300155355874799,0.4904910739312865,0.9721170172488243,1.3020813324843266,0.5035635821256962,0.0001765904048140824,13,8,0.570087712549569,2500,OLS_iid,iid,False,5
4,3,3001,13,130001,True,103,False,100,0.7622937846217469,3.2730486909858882,0.49759118946785924,0.4494942646882673,0.9668390680025105,1.1057425964922363,0.5296966374586095,0.00015029395755181133,13,8,0.570087712549569,2500,OLS_iid,iid,False,5
4,4,4001,18,180001,True,99,False,100,0.7280983049752222,2.7978611062280834,0.5054048073697033,0.4642750066545473,0.9842257573430363,1.0947591661003768,0.5660028654132306,0.00017894181696579965,13,8,0.570087712549569,2500,OLS_iid,iid,False,5
4,3,3001,27,270001,True,98,False,100,0.6557385688505591,3.083205679897219,0.5891285747678476,0.5763276611586164,1.1547933901470702,8.765049034685223,0.4603429872216325,0.00019556621444553386,13,8,0.570087712549569,2500,OLS_iid,iid,False,5
4,4,4001,7,70001,True,95,False,100,0.752797959847825,2.931483286898583,0.6191534305944283,0.5983693972534657,1.0458739438896596,1.401198606992551,0.4869573478154659,0.00022615268099861853,13,8,0.570087712549569,2500,OLS_iid,iid,False,5
4,3,3001,3,30001,True,114,False,100,0.930410464698022,3.536553801037371,0.4567668924901347,0.4147097205288826,0.8684048231712781,1.1343858229188202,0.47194727016485516,8.928191192562497e-05,13,8,0.570087712549569,2500,OLS_iid,iid,False,5
4,3,3001,29,290001,True,101,False,100,0.7672738920630345,3.100598245859146,0.540049295339089,0.5008244917232457,0.9994966674748689,1.230725000007616,0.5046995269666169,0.00016571583856745913,13,8,0.570087712549569,2500,OLS_iid,iid,False,5
4,3,3001,9,90001,True,104,False,100,0.8702724024523968,3.461924809962511,0.4830690709927253,0.4395050402182257,0.9344459822344862,1.020225583776856,0.5895008502200064,0.0001628806605393612,13,8,0.570087712549569,2500,OLS_iid,iid,False,5
4,2,2001,18,180001,True,104,False,100,0.7280983049752222,4.009614841546863,0.4993380405275211,0.45468064314439327,0.8073939557281019,1.1293974340458757,0.5531552170322842,0.00017070722038978273,13,8,0.570087712549569,2500,OLS_iid,iid,False,5
4,4,4001,2,20001,True,100,False,100,0.6796067498128452,3.095969161950052,0.5654279566769135,0.5219355843855268,1.0210681283864143,1.6350628824126727,0.4352292773910556,0.00018816251985882118,13,8,0.570087712549569,2500,OLS_iid,iid,False,5
4,3,3001,28,280001,True,101,False,100,0.8304813982898618,3.174992778804153,0.5479256935313126,0.5081989881124898,1.1990550104362505,1.3128308735039267,0.5181194440962605,0.00016991282644532432,13,8,0.570087712549569,2500,OLS_iid,iid,False,5
4,3,3001,15,150001,True,110,False,100,0.8385438887050922,3.384248892776668,0.5209640701183699,0.4801098821937494,1.0163889730424094,1.3358355050905537,0.4326348213770742,9.883968029477419e-05,13,8,0.570087712549569,2500,OLS_iid,iid,False,5
4,3,3001,1,10001,True,118,False,100,0.8560040164143231,3.6829590937122703,0.5521316826549577,0.512697195802888,0.9210258698536011,1.3307845097618842,0.47602302071432084,8.566064223180432e-05,13,8,0.570087712549569,2500,OLS_iid,iid,False,5
4,4,4001,4,40001,True,100,False,100,0.6497839792320272,3.1327439113520086,0.5996228022725876,0.5709875038886174,1.0945963614219267,1.336806624298307,0.5059596317546782,0.00017561573106121518,13,8,0.570087712549569,2500,OLS_iid,iid,False,5
4,4,4001,12,120001,True,94,False,100,0.718277789532749,3.0347645790316164,0.5696265787464728,0.5367542207685283,1.123116221247155,1.3587242826263288,0.5161598962227969,0.00023344233758427322,13,8,0.570087712549569,2500,OLS_iid,iid,False,5
4,4,4001,5,50001,True,100,False,100,0.7981756372625675,3.112282946705818,0.5431279731276536,0.5087589423066133,1.0364849126257747,1.2896686637802728,0.5386011256786731,0.00017748642297077245,13,8,0.570087712549569,2500,OLS_iid,iid,False,5
4,4,4001,8,80001,True,97,False,100,0.7443496716401711,3.055542530026287,0.5732107755637323,0.5433402064935205,1.153464377018253,1.2870634495953155,0.5216378523545429,0.00020366118721552837,13,8,0.570087712549569,2500,OLS_iid,iid,False,5
4,4,4001,11,110001,True,99,False,100,0.5678632878441714,3.055877367965877,0.6072459729205729,0.5779201562141556,1.1311680098399508,1.4509422277164006,0.4226782367531859,0.0001896060895470937,13,8,0.570087712549569,2500,OLS_iid,iid,False,5
4,3,3001,26,260001,True,102,False,100,0.7526449899579917,3.2796479798853397,0.5220461399572356,0.47921258849273,1.2027709391715715,1.164180416474787,0.603708724049654,0.0001521519625675043,13,8,0.570087712549569,2500,OLS_iid,iid,False,5
4,3,3001,14,140001,True,101,False,100,0.8225905807664781,3.487442425917834,0.49257965016500455,0.44985516212313176,0.9310850769920088,1.1017142676131586,0.5841080066988026,0.00016037048957273414,13,8,0.570087712549569,2500,OLS_iid,iid,False,5
4,3,3001,11,110001,True,108,False,100,0.5678632878441714,3.562227705027908,0.5004521953765054,0.45204980097764624,1.0718782781357272,1.1478891088676704,0.6055522537010071,0.0001306460340367328,13,8,0.570087712549569,2500,OLS_iid,iid,False,5
4,4,4001,13,130001,True,98,False,100,0.7622937846217469,3.093109822832048,0.49481421687089133,0.4437403931083085,0.9976365507639674,1.0564129213622933,0.5874039759200609,0.0001719627069331592,13,8,0.570087712549569,2500,OLS_iid,iid,False,5
4,3,3001,22,220001,True,103,False,100,0.7782072645093546,3.3642090358771384,0.5869649282934452,0.5586439257146448,0.9751612665681461,1.4182059795234432,0.4593161879703863,0.00017686417744881488,13,8,0.570087712549569,2500,OLS_iid,iid,False,5
4,4,4001,17,170001,True,100,False,100,0.6675444134378812,3.1209184019826353,0.5243123847972246,0.4830282615503202,0.8460280510661737,1.134011962807551,0.5379150454076337,0.00017014229285644696,13,8,0.570087712549569,2500,OLS_iid,iid,False,5
4,4,4001,15,150001,True,101,False,100,0.8385438887050922,3.1240403573028743,0.5453826032614396,0.5057830293743059,1.0691422222861648,1.5483868087395969,0.4699566757309282,0.0001527327810100572,13,8,0.570087712549569,2500,OLS_iid,iid,False,5
4,4,4001,9,90001,True,100,False,100,0.8702724024523968,3.200103708077222,0.57928005412127,0.546241891488948,0.9315099398974758,1.2796360410346574,0.4996488792633772,0.00020244812748024274,13,8,0.570087712549569,2500,OLS_iid,iid,False,5
4,3,3001,25,250001,True,109,False,100,0.872121929754804,3.470364424865693,0.490375786192413,0.44311462253655304,0.8707371873465479,1.0398005531486467,0.6130966621216694,0.00012084770674751409,13,8,0.570087712549569,2500,OLS_iid,iid,False,5
4,4,4001,10,100001,True,103,False,100,0.6838385837225557,3.2676500119268894,0.5272887309822739,0.4878817826470089,1.15561064415018,1.2354105928002073,0.5487818881710967,0.00016807891519134174,13,8,0.570087712549569,2500,OLS_iid,iid,False,5
4,4,4001,19,190001,True,100,False,100,0.7625645147987673,3.132567621767521,0.5782988771308641,0.540570821757145,1.0300308215272562,1.3092633250523678,0.4702959562925224,0.000171375889714369,13,8,0.570087712549569,2500,OLS_iid,iid,False,5
4,4,4001,16,160001,True,104,False,100,0.7794654686395939,3.2500465563498437,0.5943489661427088,0.5560150097727299,1.140276437392651,1.412879299821788,0.4745993743655546,0.00012340009220732312,13,8,0.570087712549569,2500,OLS_iid,iid,False,5
4,3,3001,19,190001,True,117,False,100,0.7625645147987673,3.599011075217277,0.5217160734028796,0.4773542850361052,0.9704485032730835,1.2672821345821255,0.47142408709231354,9.6281429598565e-05,13,8,0.570087712549569,2500,OLS_iid,iid,False,5
4,4,4001,23,230001,True,100,False,100,0.6023814891064135,3.102625571191311,0.598395239312287,0.5673198618897348,1.0854805116891484,2.0368897462611275,0.41823651221115904,0.00019293341686987578,13,8,0.570087712549569,2500,OLS_iid,iid,False,5
4,3,3001,16,160001,True,121,False,100,0.7794654686395939,3.7081620008684695,0.478925511879312,0.4304919901329852,0.9758350742493908,1.1109309964089027,0.5568608254081946,9.977929732289023e-05,13,8,0.570087712549569,2500,OLS_iid,iid,False,5
4,4,4001,14,140001,True,103,False,100,0.8225905807664781,3.3335232799872756,0.572614386347989,0.543395240339281,1.0222860088640706,1.23902906128131,0.5155507544023504,0.00014986343813005329,13,8,0.570087712549569,2500,OLS_iid,iid,False,5
4,3,3001,21,210001,True,117,False,100,0.7431400910314013,3.6238422049209476,0.575324170248679,0.5653615046371088,1.2439151151924275,1.5342983757400726,0.46692461691347986,9.812347730469194e-05,13,8,0.570087712549569,2500,OLS_iid,iid,False,5
4,4,4001,26,260001,True,98,False,100,0.7526449899579917,3.064784249290824,0.5209796926844497,0.4782376805788163,1.1624648252146694,1.2307031932675496,0.4956532875460804,0.00019350726021145887,13,8,0.570087712549569,2500,OLS_iid,iid,False,5
4,4,4001,3,30001,True,115,False,100,0.930410464698022,3.5618739468045533,0.555609172660269,0.5202854693182654,1.1225001774756667,1.4159337535129344,0.36210071756143,8.263288563563925e-05,13,8,0.570087712549569,2500,OLS_iid,iid,False,5
4,3,3001,0,1,True,113,False,100,0.8105587581235082,4.172082352917641,0.5938492207667769,0.5791498312896979,1.1902354362240766,1.3435264490939647,0.45010955061105423,0.00012017229805325815,13,8,0.570087712549569,2500,OLS_iid,iid,False,5
4,4,4001,27,270001,True,99,False,100,0.6557385688505591,3.149107815697789,0.5313659461235546,0.49322545774996474,0.9126520241054552,1.2508163830751606,0.49159456399603507,0.00017855550774288197,13,8,0.570087712549569,2500,OLS_iid,iid,False,5
4,5,5001,7,70001,True,96,False,100,0.752797959847825,3.010561983566731,0.5344544169578197,0.4920172326167575,1.1675761792964041,1.1847249683632102,0.6056827089532286,0.00022430059163267412,13,8,0.570087712549569,2500,OLS_iid,iid,False,5
4,4,4001,24,240001,True,104,False,100,0.8573263233675178,3.2646745750680566,0.5522948557258935,0.5112917606994398,1.0445876571113577,1.3522111034029753,0.4441097144175218,0.00010984537555012803,13,8,0.570087712549569,2500,OLS_iid,iid,False,5
4,4,4001,28,280001,True,103,False,100,0.8304813982898618,3.1632573790848255,0.510674999782898,0.4655349544500418,1.0513964278249088,1.1625626861006628,0.5344900512640024,0.00018519384023208177,13,8,0.570087712549569,2500,OLS_iid,iid,False,5
4,4,4001,6,60001,True,111,False,100,0.6355162989249991,3.593924312852323,0.5002445581012426,0.45980996808325464,1.0472937624350624,0.9994209035280277,0.6214704465528581,0.0001481704253740246,13,8,0.570087712549569,2500,OLS_iid,iid,False,5
4,4,4001,21,210001,True,110,False,100,0.7431400910314013,3.3910069609992206,0.5420981521286781,0.5038957748378141,1.143474694726811,1.3968168559410348,0.47592683157953697,0.00010142864478487671,13,8,0.570087712549569,2500,OLS_iid,iid,False,5
4,5,5001,10,100001,True,113,False,100,0.6838385837225557,2.9813246871344745,0.5222304700512436,0.4770998907777756,0.9022589312468852,1.27165889029553,0.5040334743708885,0.00010501339053123194,13,8,0.570087712549569,2500,OLS_iid,iid,False,5
4,4,4001,29,290001,True,102,False,100,0.7672738920630345,3.193961603567004,0.6023813655049208,0.5770216994465915,1.0342809894143772,1.4064733334750812,0.4187734288249938,0.00016213797268990312,13,8,0.570087712549569,2500,OLS_iid,iid,False,5
4,5,5001,3,30001,True,102,False,100,0.930410464698022,3.130386028904468,0.43696103373439804,0.38923929952143277,0.8809860172175387,1.0520774824021266,0.5274158294820609,0.0001249620167591655,13,8,0.570087712549569,2500,OLS_iid,iid,False,5
4,4,4001,20,200001,True,112,False,100,0.6860152209043175,3.434187761042267,0.514728040938045,0.4740848442674667,1.0453336778265763,1.2157139018509346,0.5337266466969433,0.00010834463261546945,13,8,0.570087712549569,2500,OLS_iid,iid,False,5
4,4,4001,25,250001,True,109,False,100,0.872121929754804,3.4010596750304103,0.5535115018901855,0.5162188118540526,0.9829499076375898,1.431225621833162,0.4029021326878022,0.00011563440225707136,13,8,0.570087712549569,2500,OLS_iid,iid,False,5
4,5,5001,4,40001,True,103,False,100,0.6497839792320272,3.2217853921465576,0.5411019377814221,0.4984011187797399,0.9150057430226521,1.1661866599816308,0.5375451273013554,0.00016683830592718437,13,8,0.570087712549569,2500,OLS_iid,iid,False,5
4,5,5001,8,80001,True,103,False,100,0.7443496716401711,3.184558645822108,0.5351196920975664,0.49483424928959197,0.9954145159988437,1.186664166314487,0.5538805184611526,0.00018991942580434432,13,8,0.570087712549569,2500,OLS_iid,iid,False,5
4,5,5001,11,110001,True,99,False,100,0.5678632878441714,3.132994409184903,0.5763136768690967,0.541096872312666,1.015468120329947,1.3082205960094662,0.5138618193000752,0.00019361958823242392,13,8,0.570087712549569,2500,OLS_iid,iid,False,5
4,5,5001,9,90001,True,101,False,100,0.8702724024523968,3.2396477358415723,0.5340941066456038,0.4940458846644892,0.931005283353837,1.2082345539113182,0.48333134766668917,0.00018066624024576865,13,8,0.570087712549569,2500,OLS_iid,iid,False,5
4,5,5001,6,60001,True,97,False,100,0.6355162989249991,3.3311840780079365,0.5369048466405533,0.49986057065865724,1.140070556158192,1.2094732738415432,0.5540540670599329,0.00021937883375931587,13,8,0.570087712549569,2500,OLS_iid,iid,False,5
4,5,5001,13,130001,True,103,False,100,0.7622937846217469,3.1769115049391985,0.4977683098995435,0.45610163156148176,0.8226284138533408,1.1610923730355454,0.4993471916969783,0.00016996722096104642,13,8,0.570087712549569,2500,OLS_iid,iid,False,5
4,4,4001,22,220001,True,113,False,100,0.7782072645093546,3.6708841458894312,0.5752865985120171,0.5411204368902376,1.2103411602560439,1.3194239079261036,0.4938000007570012,0.00012681132571028253,13,8,0.570087712549569,2500,OLS_iid,iid,False,5
4,5,5001,15,150001,True,98,False,100,0.8385438887050922,3.1729420349001884,0.5362299967192179,0.49275666035458254,1.0589354067358103,1.217498695079308,0.48863784654383846,0.00016828841876835398,13,8,0.570087712549569,2500,OLS_iid,iid,False,5
4,4,4001,1,10001,True,103,False,100,0.8560040164143231,4.025793978944421,0.43773295429121273,0.3912741526404599,0.8123084199380214,1.0559085823672096,0.5137786468106115,0.00015683187829481184,13,8,0.570087712549569,2500,OLS_iid,iid,False,5
4,5,5001,0,1,True,103,False,100,0.8105587581235082,3.554415534250438,0.5274934258674493,0.48549430814436284,1.0596635667643728,1.3955948907089337,0.578757416219897,0.0001553590926788278,13,8,0.570087712549569,2500,OLS_iid,iid,False,5
4,5,5001,25,250001,True,96,False,100,0.872121929754804,2.616020094137639,0.4392659193267707,0.39961473730085034,0.6832247169526096,0.9110414091147858,0.6574165032443611,0.00019293910792811544,13,8,0.570087712549569,2500,OLS_iid,iid,False,5
4,5,5001,1,10001,True,111,False,100,0.8560040164143231,3.618871712125838,0.5534339407479912,0.5218936016325946,1.1912513055675213,1.3698194551305167,0.4477198774115283,9.432615559765147e-05,13,8,0.570087712549569,2500,OLS_iid,iid,False,5
4,5,5001,18,180001,True,104,False,100,0.7280983049752222,3.172035180963576,0.5302852577067496,0.49299557615352935,1.1875382936626049,1.6852846126322814,0.47954686313424744,0.0001600752385011999,13,8,0.570087712549569,2500,OLS_iid,iid,False,5
4,5,5001,17,170001,True,99,False,100,0.6675444134378812,3.180928303860128,0.5300538453351537,0.484810742292202,1.1037729174001432,1.1993131374272765,0.5751239197293158,0.00017634543620252287,13,8,0.570087712549569,2500,OLS_iid,iid,False,5
4,5,5001,22,220001,True,103,False,100,0.7782072645093546,2.9719310579821467,0.532119044557153,0.49276993835238436,0.9256367845527286,1.1669163082751595,0.5373052436113432,0.0001764305299311028,13,8,0.570087712549569,2500,OLS_iid,iid,False,5
4,5,5001,19,190001,True,102,False,100,0.7625645147987673,3.1898551252670586,0.5054480091103708,0.4578038456217761,1.1325074587113577,1.1698419697514124,0.5487714993453189,0.00016988477793520223,13,8,0.570087712549569,2500,OLS_iid,iid,False,5
4,5,5001,14,140001,True,112,False,100,0.8225905807664781,3.564386968035251,0.5078453138933247,0.4629863209986947,0.9864465728439571,1.5152955150303864,0.5291729671891308,0.00010011605468924376,13,8,0.570087712549569,2500,OLS_iid,iid,False,5
4,5,5001,20,200001,True,104,False,100,0.6860152209043175,3.306972071994096,0.5748162327861007,0.5614412055107753,1.2234323747775244,1.4073461351158,0.39307319782933825,0.00016293566791937845,13,8,0.570087712549569,2500,OLS_iid,iid,False,5
4,5,5001,26,260001,True,102,False,100,0.7526449899579917,2.981643624138087,0.5807907538879047,0.5672315851902063,1.003400033194418,1.3745950339571675,0.433304348866171,0.00015875320071250383,13,8,0.570087712549569,2500,OLS_iid,iid,False,5
4,5,5001,5,50001,True,106,False,100,0.7981756372625675,3.9117570989765227,0.5347337499274911,0.49334108948051103,0.893687161857922,1.2039257963405963,0.5495853879685737,0.00015205802311237063,13,8,0.570087712549569,2500,OLS_iid,iid,False,5
4,5,5001,16,160001,True,117,False,100,0.7794654686395939,3.661971903871745,0.48566438627937947,0.4557218143392341,0.9195078110343919,1.1885966053466315,0.5626806205349789,9.200586257436001e-05,13,8,0.570087712549569,2500,OLS_iid,iid,False,5
4,5,5001,24,240001,True,102,False,100,0.8573263233675178,3.159876984078437,0.4700610902834356,0.4213254924120432,0.8284435695315325,0.9662261995787661,0.6313460454164678,0.00015509853933192428,13,8,0.570087712549569,2500,OLS_iid,iid,False,5
4,5,5001,21,210001,True,100,False,100,0.7431400910314013,3.4695977112278342,0.5961515984858581,0.5714987919031809,1.050963950873507,1.7373372570324848,0.4259763986403396,0.00017078693984292167,13,8,0.570087712549569,2500,OLS_iid,iid,False,5
4,5,5001,28,280001,True,98,False,100,0.8304813982898618,3.0724924402311444,0.5182776719290676,0.47356614189664126,1.099239265289474,1.2260228874247376,0.5365675836009645,0.00019720752523908586,13,8,0.570087712549569,2500,OLS_iid,iid,False,5
4,5,5001,12,120001,True,113,False,100,0.718277789532749,3.8848579241894186,0.6437639045982185,0.6369579685167467,1.3543104108798776,1.6907877130625633,0.4231089052001505,0.0001615994934049789,13,8,0.570087712549569,2500,OLS_iid,iid,False,5
4,6,6001,6,60001,True,97,False,100,0.6355162989249991,2.9393361769616604,0.556850854062414,0.5256850202155756,1.015105907445389,1.234455392221,0.5536517998814532,0.00023606768645403577,13,8,0.570087712549569,2500,OLS_iid,iid,False,5
4,6,6001,8,80001,True,94,False,100,0.7443496716401711,2.9158141859807074,0.5805978654009444,0.5491759347415827,1.015274898012649,1.2071973453253415,0.5695760730605745,0.00025162414476435224,13,8,0.570087712549569,2500,OLS_iid,iid,False,5
4,5,5001,2,20001,True,114,False,100,0.6796067498128452,4.213118950370699,0.4772019195476256,0.42811229103613246,0.9090928570259063,1.0553194310925524,0.5570468542741854,0.00012043817933334565,13,8,0.570087712549569,2500,OLS_iid,iid,False,5
4,5,5001,27,270001,True,105,False,100,0.6557385688505591,3.295871715992689,0.5718457845885363,0.5465747589521238,1.0852944507503404,1.5633533678503748,0.46752420984423515,0.00015390695134220753,13,8,0.570087712549569,2500,OLS_iid,iid,False,5
4,6,6001,14,140001,True,100,False,100,0.8225905807664781,2.838753754273057,0.5182554201442732,0.4801035264354573,1.0257396021477785,1.191125737270603,0.5178453261867004,0.00016985170109023545,13,8,0.570087712549569,2500,OLS_iid,iid,False,5
4,6,6001,7,70001,True,94,False,100,0.752797959847825,3.0669593140482903,0.5931174013636907,0.566066011956064,0.9985392650232711,1.2095988631594317,0.588282175359195,0.0002647942434128808,13,8,0.570087712549569,2500,OLS_iid,iid,False,5
4,6,6001,10,100001,True,98,False,100,0.6838385837225557,3.026042995043099,0.5391269145197443,0.49706992911018044,1.013424896420314,1.2977762591749313,0.4741717890674507,0.0001897353352502111,13,8,0.570087712549569,2500,OLS_iid,iid,False,5
4,6,6001,5,50001,True,98,False,100,0.7981756372625675,3.1062323437072337,0.5742036566716872,0.5408740062804562,1.0508743423949423,1.2415049336423252,0.5184101740582947,0.00020806512834879563,13,8,0.570087712549569,2500,OLS_iid,iid,False,5
4,6,6001,2,20001,True,102,False,100,0.6796067498128452,3.188164848368615,0.5397653018406607,0.5017025415926809,1.1015200242846326,1.2179321360290665,0.4991578242962286,0.00016938030129412738,13,8,0.570087712549569,2500,OLS_iid,iid,False,5
4,6,6001,4,40001,True,103,False,100,0.6497839792320272,3.1652085529640317,0.5561240813465822,0.5163350016437003,0.9114093307131311,1.2534766445357757,0.5293322634876437,0.00018576852457781072,13,8,0.570087712549569,2500,OLS_iid,iid,False,5
4,6,6001,1,10001,True,104,False,100,0.8560040164143231,3.2415994610637426,0.49957790598320506,0.4491029680319907,0.8404086676293016,1.3879994882379778,0.5361956001723367,0.00014549847827288436,13,8,0.570087712549569,2500,OLS_iid,iid,False,5
4,5,5001,23,230001,True,101,False,100,0.6023814891064135,3.6033777110278606,0.4185968693149369,0.36261883552915586,1.0382341239458819,0.9674811394966751,0.6219232911399453,0.00016815378610688406,13,8,0.570087712549569,2500,OLS_iid,iid,False,5
4,6,6001,3,30001,True,105,False,100,0.930410464698022,3.2576654381118715,0.517115883356046,0.48120180572138843,1.0222284763765832,1.2352716979864544,0.41015475961989495,0.00011744603236663591,13,8,0.570087712549569,2500,OLS_iid,iid,False,5
4,6,6001,11,110001,True,103,False,100,0.5678632878441714,3.1849707229994237,0.51915041427807,0.47568640694570835,0.9710753670273418,1.1618571761403327,0.57466860173855,0.00017648016178378333,13,8,0.570087712549569,2500,OLS_iid,iid,False,5
4,6,6001,12,120001,True,99,False,100,0.718277789532749,3.1628645109012723,0.5164685422673154,0.4739411529325622,0.9043056710626789,1.1291590898545283,0.5647513189819693,0.00019888410984536802,13,8,0.570087712549569,2500,OLS_iid,iid,False,5
4,6,6001,9,90001,True,102,False,100,0.8702724024523968,3.242699061986059,0.6108411067814654,0.5887667924202676,1.1940234907755876,1.4126549918477016,0.4141466474360897,0.00018040327781735467,13,8,0.570087712549569,2500,OLS_iid,iid,False,5
4,6,6001,15,150001,True,101,False,100,0.8385438887050922,3.1356233591213822,0.5076943803206118,0.46683710543643325,0.9411774231099284,1.1645616911678087,0.5126263614840535,0.00015626414066134006,13,8,0.570087712549569,2500,OLS_iid,iid,False,5
4,6,6001,13,130001,True,104,False,100,0.7622937846217469,3.225933270994574,0.451557431751095,0.40493031072925917,0.8138691578580094,1.0457815494431535,0.5752094357458343,0.0001481060989529404,13,8,0.570087712549569,2500,OLS_iid,iid,False,5
4,6,6001,18,180001,True,101,False,100,0.7280983049752222,3.0995239350013435,0.5076610957352711,0.46472523787487857,1.2331591606645649,1.1747598627646147,0.5709178547968157,0.00018774509353765116,13,8,0.570087712549569,2500,OLS_iid,iid,False,5
4,6,6001,21,210001,True,99,False,100,0.7431400910314013,3.1120148398913443,0.5332968157797146,0.4942632255648821,1.0159111542288632,1.3884864685693652,0.47264232443454507,0.0001764958866173376,13,8,0.570087712549569,2500,OLS_iid,iid,False,5
4,6,6001,20,200001,True,101,False,100,0.6860152209043175,3.1434372602961957,0.5338364931982819,0.49329271830464044,1.0351761961234895,1.1814571830369185,0.5199492082244958,0.00017519806543213524,13,8,0.570087712549569,2500,OLS_iid,iid,False,5
4,6,6001,19,190001,True,101,False,100,0.7625645147987673,3.167399436701089,0.5680756774232116,0.5352122525196464,1.0170436829405909,1.2412525834908505,0.5057434820793086,0.00017240903155167,13,8,0.570087712549569,2500,OLS_iid,iid,False,5
4,6,6001,22,220001,True,100,False,100,0.7782072645093546,3.149591803085059,0.5870445205928803,0.5591678850017656,1.15178754863474,1.4629689207161585,0.41787653326868507,0.00018780663058457408,13,8,0.570087712549569,2500,OLS_iid,iid,False,5
4,6,6001,27,270001,True,99,False,100,0.6557385688505591,3.087687405757606,0.5432113221756147,0.5179412131819991,1.3440202090066289,1.3766786837881622,0.48761511520081086,0.0001964919145149343,13,8,0.570087712549569,2500,OLS_iid,iid,False,5
4,6,6001,25,250001,True,103,False,100,0.872121929754804,3.1369365798309445,0.48295099802194297,0.4316944968612128,1.1016161398771789,1.2609329434407666,0.5409272063337736,0.00017213379353789716,13,8,0.570087712549569,2500,OLS_iid,iid,False,5
4,6,6001,28,280001,True,107,False,100,0.8304813982898618,3.110785319004208,0.5765256093740765,0.5448954221684019,1.049557497340698,1.3296491965231054,0.4486491493553846,0.00014090430355497108,13,8,0.570087712549569,2500,OLS_iid,iid,False,5
4,6,6001,26,260001,True,101,False,100,0.7526449899579917,3.1583778960630298,0.5614924620673549,0.5346995238904282,1.0621849576184217,1.2477146738170324,0.49828736032837817,0.00018697812194306548,13,8,0.570087712549569,2500,OLS_iid,iid,False,5
4,7,7001,2,20001,True,102,False,100,0.6796067498128452,3.1387038761749864,0.4644589272862549,0.42196899111095426,0.916100522949096,1.0306728574643662,0.5720886356145525,0.00016997794386914032,13,8,0.570087712549569,2500,OLS_iid,iid,False,5
4,7,7001,7,70001,True,95,False,100,0.752797959847825,2.941532680299133,0.5872617047312381,0.5591811565905507,1.0576059092671612,1.2977257610856956,0.6035934398433962,0.0002475088059365485,13,8,0.570087712549569,2500,OLS_iid,iid,False,5
4,6,6001,29,290001,True,99,False,100,0.7672738920630345,3.217843452002853,0.45760301629110245,0.40872793379833683,0.8438136459507701,0.9929330103836338,0.6149030772921487,0.0001657936278029118,13,8,0.570087712549569,2500,OLS_iid,iid,False,5
4,7,7001,1,10001,True,110,False,100,0.8560040164143231,3.177776957862079,0.5655715356831958,0.543815743242271,1.0192834642708384,1.3347779904771138,0.4522436135428398,0.0001121008280196766,13,8,0.570087712549569,2500,OLS_iid,iid,False,5
4,7,7001,4,40001,True,101,False,100,0.6497839792320272,3.105067071970552,0.5335253334021057,0.49113283576374045,0.9114441345030329,1.1446519319143875,0.5653962300452052,0.00017756783443709896,13,8,0.570087712549569,2500,OLS_iid,iid,False,5
4,6,6001,23,230001,True,99,False,100,0.6023814891064135,3.3309667091816664,0.4490703766334878,0.3986382244699251,1.1946589621774573,1.1386428257267174,0.6462217408668646,0.00017086990893917008,13,8,0.570087712549569,2500,OLS_iid,iid,False,5
4,7,7001,5,50001,True,99,False,100,0.7981756372625675,3.1256151059642434,0.518207243330713,0.47775283204456104,0.829394397006234,1.0563351892778077,0.6007026781068353,0.00021726408348292484,13,8,0.570087712549569,2500,OLS_iid,iid,False,5
4,7,7001,0,1,True,107,False,100,0.8105587581235082,3.2870523938909173,0.5081842694053619,0.4671893098001702,1.100724975428102,1.2275352908598276,0.5684529680174051,0.00011419862653931912,13,8,0.570087712549569,2500,OLS_iid,iid,False,5
4,6,6001,0,1,True,124,False,100,0.8105587581235082,4.058750526979566,0.5033167412018998,0.47870621683999165,0.9077026823845908,1.4439149536326468,0.5261345827779742,8.695957908355385e-05,13,8,0.570087712549569,2500,OLS_iid,iid,False,5
4,6,6001,16,160001,True,102,False,100,0.7794654686395939,3.6661835722625256,0.6019645727381728,0.5781734668499963,1.1508347044575755,1.7363969847469143,0.3986041472688842,0.00018766126731968304,13,8,0.570087712549569,2500,OLS_iid,iid,False,5
4,7,7001,10,100001,True,105,False,100,0.6838385837225557,3.1448255889117718,0.49805682800621653,0.4541693350259204,1.211230821394263,1.1483713175805683,0.598395668931219,0.00011157262485214387,13,8,0.570087712549569,2500,OLS_iid,iid,False,5
4,7,7001,12,120001,True,100,False,100,0.718277789532749,3.1050303019583225,0.49296275770396336,0.44637598362909625,0.9978005116922696,1.076424935010427,0.6113211998358298,0.00018100960110031976,13,8,0.570087712549569,2500,OLS_iid,iid,False,5
4,7,7001,22,220001,True,103,False,100,0.7782072645093546,2.740029877051711,0.5407726863247627,0.4984752533801355,1.0304836895334697,1.238079150344687,0.5130733345180513,0.00016746398022963451,13,8,0.570087712549569,2500,OLS_iid,iid,False,5
4,7,7001,6,60001,True,104,False,100,0.6355162989249991,3.245458411052823,0.5666863286575206,0.577441961128451,0.9781626943082181,1.6632706172357563,0.508518831949923,0.00019294652952456452,13,8,0.570087712549569,2500,OLS_iid,iid,False,5
4,7,7001,13,130001,True,101,False,100,0.7622937846217469,3.0653902450576425,0.5408256890953864,0.5056607359064519,0.9480390390959086,1.232984941848627,0.48504364194095306,0.0001876245269593905,13,8,0.570087712549569,2500,OLS_iid,iid,False,5
4,6,6001,24,240001,True,100,False,100,0.8573263233675178,3.5918310787528753,0.4991205961917583,0.45097631973085,1.0391493401308267,1.1556535964457457,0.5703909186775541,0.00017324559012204825,13,8,0.570087712549569,2500,OLS_iid,iid,False,5
4,5,5001,29,290001,True,106,False,100,0.7672738920630345,4.187249626033008,0.5072192288545748,0.45920002255938785,1.0848754689271713,1.0695379517633068,0.577544410631448,0.00012604285497240574,13,8,0.570087712549569,2500,OLS_iid,iid,False,5
4,7,7001,11,110001,True,106,False,100,0.5678632878441714,3.25729325087741,0.5326352227476296,0.4907123979654714,1.0031853077227832,1.2085552542945854,0.5388857082090349,0.00015575986159382983,13,8,0.570087712549569,2500,OLS_iid,iid,False,5
4,7,7001,8,80001,True,108,False,100,0.7443496716401711,3.324638137128204,0.5884537786598515,0.5594978234895915,1.0095090199326624,1.4418359803598886,0.5027568667730269,0.00014393942703702325,13,8,0.570087712549569,2500,OLS_iid,iid,False,5
4,7,7001,9,90001,True,102,False,100,0.8702724024523968,3.378514615818858,0.5471083279306771,0.5020666299154712,1.0338369266881895,1.2381964947461068,0.5093620946373651,0.0001894073267595691,13,8,0.570087712549569,2500,OLS_iid,iid,False,5
4,7,7001,18,180001,True,100,False,100,0.7280983049752222,3.0439292485825717,0.4575154637570948,0.39509970981249803,1.0349598508779916,1.2431851941724301,0.6216845983440132,0.0001767448266533119,13,8,0.570087712549569,2500,OLS_iid,iid,False,5
4,7,7001,15,150001,True,102,False,100,0.8385438887050922,3.164512008894235,0.4417996697586831,0.39623145885438554,0.8673293341168962,1.0842687844663723,0.5308651434834738,0.00013804467740916284,13,8,0.570087712549569,2500,OLS_iid,iid,False,5
4,7,7001,20,200001,True,103,False,100,0.6860152209043175,3.0814880919642746,0.41552591219457186,0.3586212941594845,0.7215012847692077,0.9487223905022079,0.6352449106935114,0.0001816809974754393,13,8,0.570087712549569,2500,OLS_iid,iid,False,5
4,7,7001,21,210001,True,105,False,100,0.7431400910314013,3.1013168110512197,0.511571344924144,0.4730208926963876,0.9942844899510314,1.1565163334221542,0.5311867570730473,0.000156590500420875,13,8,0.570087712549569,2500,OLS_iid,iid,False,5
4,8,8001,12,120001,True,94,False,100,0.718277789532749,2.8172477479092777,0.5619169455835099,0.5223435090968691,0.9661260646710632,1.2156328162412826,0.5388144964575304,0.00023600078855012772,13,8,0.570087712549569,2500,OLS_iid,iid,False,5
4,7,7001,24,240001,True,99,False,100,0.8573263233675178,3.080158893018961,0.5640464931481668,0.5491737959261114,0.9832601199168621,1.2629601967601203,0.5239297717558641,0.0001889530825766522,13,8,0.570087712549569,2500,OLS_iid,iid,False,5
4,7,7001,17,170001,True,102,False,100,0.6675444134378812,3.2046545930206776,0.5508287216506297,0.513656128145699,1.0123615352494162,1.192479064549329,0.5318304385655753,0.00015860062664991748,13,8,0.570087712549569,2500,OLS_iid,iid,False,5
4,8,8001,4,40001,True,96,False,100,0.6497839792320272,2.987105092033744,0.5236920319564641,0.487700637578787,0.9649114803099076,1.2313760034910641,0.47273526965126716,0.00021068882275782904,13,8,0.570087712549569,2500,OLS_iid,iid,False,5
4,7,7001,25,250001,True,101,False,100,0.872121929754804,3.1164032258093357,0.5248482292986975,0.4886885468514486,0.9540374841970586,1.106525690946986,0.564399870533066,0.00017997154200309425,13,8,0.570087712549569,2500,OLS_iid,iid,False,5
4,8,8001,0,1,True,101,False,100,0.8105587581235082,3.1149944770149887,0.500531721053504,0.46547869239440903,1.227755950634608,1.1667266665479794,0.6105595494176934,0.0001614585948728051,13,8,0.570087712549569,2500,OLS_iid,iid,False,5
4,8,8001,10,100001,True,98,False,100,0.6838385837225557,3.0020343782380223,0.5512289858055144,0.515431234165083,0.9723411395388943,1.2182850285044318,0.5105106423734906,0.00018708064649689994,13,8,0.570087712549569,2500,OLS_iid,iid,False,5
4,7,7001,27,270001,True,103,False,100,0.6557385688505591,3.1936135459691286,0.5080945033869299,0.4671358360432874,0.9613822656178849,1.1259535186746261,0.5173318039418139,0.00017504488689345515,13,8,0.570087712549569,2500,OLS_iid,iid,False,5
4,8,8001,6,60001,True,102,False,100,0.6355162989249991,3.1183537910692394,0.4848914621451635,0.4359756658277422,1.0616640315518608,1.0980526409054685,0.5783913218480649,0.00016082823277849688,13,8,0.570087712549569,2500,OLS_iid,iid,False,5
4,8,8001,5,50001,True,99,False,100,0.7981756372625675,3.1300041619688272,0.4724872635914753,0.4238365922468657,0.8398849974574211,0.9738141820688756,0.6500480589423128,0.00017024159477658273,13,8,0.570087712549569,2500,OLS_iid,iid,False,5
4,7,7001,23,230001,True,106,False,100,0.6023814891064135,3.315741455182433,0.40902562290629935,0.3602222922601648,0.8245849004357364,0.9774167633094878,0.5863168962938636,0.00014564326346925131,13,8,0.570087712549569,2500,OLS_iid,iid,False,5
4,8,8001,2,20001,True,101,False,100,0.6796067498128452,3.1836960231885314,0.5881386744966377,0.5589400371163408,1.1640117096132863,1.322516905396001,0.46948054458127697,0.0001793273356449799,13,8,0.570087712549569,2500,OLS_iid,iid,False,5
4,8,8001,1,10001,True,104,False,100,0.8560040164143231,3.2041593161411583,0.5094970998028677,0.4711143976041955,0.8339536338713378,1.239221069903885,0.4395464398149996,0.00013992451079136242,13,8,0.570087712549569,2500,OLS_iid,iid,False,5
4,8,8001,9,90001,True,100,False,100,0.8702724024523968,3.1002934789285064,0.576386161969162,0.5426000744526115,1.0306190472769814,1.4022402509336496,0.48560992335318776,0.00019037586843156928,13,8,0.570087712549569,2500,OLS_iid,iid,False,5
4,8,8001,7,70001,True,101,False,100,0.752797959847825,3.1685218177735806,0.5269343709418336,0.4862310421001693,0.9840555189468693,0.993736419983186,0.6574642659274496,0.00018443683000528318,13,8,0.570087712549569,2500,OLS_iid,iid,False,5
4,8,8001,13,130001,True,102,False,100,0.7622937846217469,3.063692848198116,0.56175653809169,0.5241914812424988,1.0643204484114395,1.2180610848645967,0.5241619570099435,0.00018089218330245312,13,8,0.570087712549569,2500,OLS_iid,iid,False,5
4,7,7001,29,290001,True,105,False,100,0.7672738920630345,3.252204278949648,0.5272549564279224,0.48770730771729204,1.0211716325842626,1.2514598559953132,0.5045108475875535,0.00015671658434501933,13,8,0.570087712549569,2500,OLS_iid,iid,False,5
4,8,8001,18,180001,True,97,False,100,0.7280983049752222,2.985223526135087,0.5630033276507765,0.5326381447781194,1.115324058496039,1.2963590602344346,0.5022273873362896,0.00019881404227221653,13,8,0.570087712549569,2500,OLS_iid,iid,False,5
4,8,8001,15,150001,True,98,False,100,0.8385438887050922,3.0396385421045125,0.46524115224306245,0.41911878195133734,1.1008938263378094,1.064886576862247,0.5590116661558483,0.00016717686660524858,13,8,0.570087712549569,2500,OLS_iid,iid,False,5
4,7,7001,14,140001,True,111,False,100,0.8225905807664781,3.538555635139346,0.547738623354322,0.5135190120991971,0.9226893833342599,1.2559377944499215,0.49374360814423607,0.00011179434353553199,13,8,0.570087712549569,2500,OLS_iid,iid,False,5
4,8,8001,19,190001,True,97,False,100,0.7625645147987673,3.00922345276922,0.5297261248672814,0.48643291487627643,0.9491673810342166,1.155020354104062,0.5403010492045113,0.00019713335309348197,13,8,0.570087712549569,2500,OLS_iid,iid,False,5
4,7,7001,3,30001,True,108,False,100,0.930410464698022,4.007852474693209,0.49586095553732856,0.4548921406794222,0.9625605945375143,1.2369409649472285,0.4387127673913383,0.00010213669179980102,13,8,0.570087712549569,2500,OLS_iid,iid,False,5
4,8,8001,24,240001,True,100,False,100,0.8573263233675178,3.0009014569222927,0.569621444469669,0.5597906970051043,1.1914152251501486,1.352905550193618,0.42116551177272055,0.00018331004252406395,13,8,0.570087712549569,2500,OLS_iid,iid,False,5
4,8,8001,8,80001,True,98,False,100,0.7443496716401711,3.3027259251102805,0.53488694997604,0.49621589813812866,1.0317111827325078,1.192936726621068,0.5938180288095665,0.00021383925038080594,13,8,0.570087712549569,2500,OLS_iid,iid,False,5
4,7,7001,28,280001,True,109,False,100,0.8304813982898618,3.4348278869874775,0.5389562261250173,0.49110679273469443,1.0143437878779533,1.196926315780222,0.4975376351944802,0.0001321843505276768,13,8,0.570087712549569,2500,OLS_iid,iid,False,5
4,7,7001,26,260001,True,102,False,100,0.7526449899579917,3.483828063122928,0.5379977439689438,0.4991610441889976,0.9267262231588014,1.1032796847774944,0.5768523008206118,0.00017137510960353193,13,8,0.570087712549569,2500,OLS_iid,iid,False,5
4,8,8001,21,210001,True,102,False,100,0.7431400910314013,3.055380952078849,0.5179041269301202,0.4751903420911259,1.0072862490177341,1.144591567370795,0.5120283467239183,0.000163537794890855,13,8,0.570087712549569,2500,OLS_iid,iid,False,5
4,7,7001,19,190001,True,117,False,100,0.7625645147987673,3.598247710149735,0.503063878880171,0.45755251440491385,0.8819864889360025,1.1326186370220914,0.5785015586371434,0.00010256040571637244,13,8,0.570087712549569,2500,OLS_iid,iid,False,5
4,7,7001,16,160001,True,110,False,100,0.7794654686395939,3.640096740797162,0.5776409534275865,0.5751331178469334,0.9698779054035731,1.9526369933639236,0.43405405909870964,0.00011930701491660014,13,8,0.570087712549569,2500,OLS_iid,iid,False,5
4,9,9001,5,50001,True,93,False,100,0.7981756372625675,2.92559708096087,0.6132137249087762,0.5988860798679769,1.0205816497584694,1.3363900001392646,0.5006917682609404,0.0002550621715808592,13,8,0.570087712549569,2500,OLS_iid,iid,False,5
4,9,9001,4,40001,True,99,False,100,0.6497839792320272,2.951806291937828,0.5635954276273539,0.5240405243721663,0.9854663114990271,1.2346509023670706,0.5234944655963064,0.0001936657924831875,13,8,0.570087712549569,2500,OLS_iid,iid,False,5
4,8,8001,20,200001,True,103,False,100,0.6860152209043175,3.2188452892005444,0.5004715744474082,0.4613847671293531,1.3478504184555573,1.2197323685575303,0.5395802282079152,0.00015481564257736668,13,8,0.570087712549569,2500,OLS_iid,iid,False,5
4,9,9001,6,60001,True,97,False,100,0.6355162989249991,2.996119637042284,0.5913592247825238,0.5739630545603542,1.2485817465320568,1.6678099672648057,0.5056659372985357,0.00022256852369805958,13,8,0.570087712549569,2500,OLS_iid,iid,False,5
4,8,8001,16,160001,True,106,False,100,0.7794654686395939,3.313579485286027,0.48758125147515075,0.438935830406079,0.94218225161855,1.2989403401844777,0.44024516713005474,0.00011572538422992513,13,8,0.570087712549569,2500,OLS_iid,iid,False,5
4,8,8001,27,270001,True,98,False,100,0.6557385688505591,3.0855711828917265,0.5477497599959849,0.5267730492666934,0.9066262325846048,1.2883459124701013,0.543275330299769,0.0002072981942377334,13,8,0.570087712549569,2500,OLS_iid,iid,False,5
4,6,6001,17,170001,True,150,False,100,0.6675444134378812,4.631289925891906,0.417167876639251,0.3671420750123239,0.9214462254490301,0.9585779229072153,0.6339965014442962,5.3459775455920286e-05,13,8,0.570087712549569,2500,OLS_iid,iid,False,5
4,8,8001,3,30001,True,116,False,100,0.930410464698022,3.6025634431280196,0.5472359478951256,0.5196982524808609,1.050662391676818,1.4404392615451904,0.38791944467803213,7.183189044940687e-05,13,8,0.570087712549569,2500,OLS_iid,iid,False,5
4,9,9001,2,20001,True,103,False,100,0.6796067498128452,3.1123034628108144,0.5063623889502297,0.4722669787566247,1.02350797500087,1.0443048352561286,0.5809773082397209,0.0001457825133913242,13,8,0.570087712549569,2500,OLS_iid,iid,False,5
4,8,8001,23,230001,True,104,False,100,0.6023814891064135,3.2728365268558264,0.5503513069063496,0.5091211397357787,0.9698783654558607,1.230096865771372,0.5003270332106475,0.00017473207524732113,13,8,0.570087712549569,2500,OLS_iid,iid,False,5
4,8,8001,29,290001,True,102,False,100,0.7672738920630345,3.2016629120334983,0.5898660100705774,0.5646592317538852,1.0358854028161268,1.321609063259958,0.48182308294350523,0.00017257050340029992,13,8,0.570087712549569,2500,OLS_iid,iid,False,5
4,8,8001,17,170001,True,100,False,100,0.6675444134378812,3.4492672430351377,0.6072061749393562,0.5877875147785624,1.0643562541732328,1.4518840657335628,0.392811217132353,0.00019574505085394819,13,8,0.570087712549569,2500,OLS_iid,iid,False,5
4,8,8001,22,220001,True,104,False,100,0.7782072645093546,3.3593457671813667,0.5046455446675866,0.4590482168819439,1.0058402195883718,1.2242579257345505,0.4880071357279428,0.000156879039504908,13,8,0.570087712549569,2500,OLS_iid,iid,False,5
4,8,8001,14,140001,True,102,False,100,0.8225905807664781,3.582732578739524,0.4591356102407682,0.4089294060906003,0.9849948448169314,1.068977099269984,0.5758990022400668,0.00016191596091010005,13,8,0.570087712549569,2500,OLS_iid,iid,False,5
4,9,9001,7,70001,True,102,False,100,0.752797959847825,3.120986789930612,0.5623878673572205,0.5262109249544958,1.0320322081734163,1.1797883737717454,0.5401556279435855,0.00017947995496055133,13,8,0.570087712549569,2500,OLS_iid,iid,False,5
4,9,9001,11,110001,True,98,False,100,0.5678632878441714,2.991927534341812,0.5610219646532681,0.5172624771154967,1.0367654672833126,1.203587587891876,0.5736783988488456,0.00019114407654627862,13,8,0.570087712549569,2500,OLS_iid,iid,False,5
4,8,8001,25,250001,True,109,False,100,0.872121929754804,3.377235099673271,0.5304126740989892,0.4929037383017159,0.9298630826947556,1.2921595801243067,0.4730746740089454,0.000114101650484369,13,8,0.570087712549569,2500,OLS_iid,iid,False,5
4,9,9001,3,30001,True,107,False,100,0.930410464698022,3.314594693016261,0.5006948346685943,0.4622359121099148,0.9436403101447561,1.2453606957483112,0.4079917456233644,0.00011275382140983377,13,8,0.570087712549569,2500,OLS_iid,iid,False,5
4,9,9001,0,1,True,110,False,100,0.8105587581235082,3.4133925111964345,0.6119243177111884,0.5921890282647293,0.9765812462044692,1.4490588793804178,0.4282299959736057,0.00013214558111072455,13,8,0.570087712549569,2500,OLS_iid,iid,False,5
4,9,9001,10,100001,True,100,False,100,0.6838385837225557,3.168554976582527,0.52309867678707,0.4781509247333824,0.9075308910639001,1.2038704204267217,0.5063104198260909,0.0001620467313860887,13,8,0.570087712549569,2500,OLS_iid,iid,False,5
4,9,9001,1,10001,True,104,False,100,0.8560040164143231,3.431015714071691,0.5007899169644581,0.4549684829221307,0.9268423366841715,1.1872013589517076,0.4912407572922668,0.00013065267345154706,13,8,0.570087712549569,2500,OLS_iid,iid,False,5
4,9,9001,21,210001,True,101,False,100,0.7431400910314013,2.958985498175025,0.6113755036192693,0.6120306180746671,0.9238381641483447,1.4732076890230492,0.449918867176392,0.00016898717889318203,13,8,0.570087712549569,2500,OLS_iid,iid,False,5
4,9,9001,19,190001,True,96,False,100,0.7625645147987673,3.0062820953316987,0.5534373186879402,0.5163764468416441,0.9769435583677805,1.3382090799541946,0.43300329580176133,0.00020014113027003256,13,8,0.570087712549569,2500,OLS_iid,iid,False,5
4,8,8001,28,280001,True,113,False,100,0.8304813982898618,3.5408701449632645,0.5229696738698646,0.4828819818937776,1.2070526680820732,1.8415983454941436,0.4703636328016446,0.00011296162698105894,13,8,0.570087712549569,2500,OLS_iid,iid,False,5
4,9,9001,8,80001,True,110,False,100,0.7443496716401711,3.453496201429516,0.5889846464666897,0.5600762387691032,1.0065475616348345,1.2617443514074764,0.5187941938008381,0.00016209000578859466,13,8,0.570087712549569,2500,OLS_iid,iid,False,5
4,9,9001,20,200001,True,99,False,100,0.6860152209043175,3.1231020470149815,0.5268684212264573,0.48690495248111954,0.8987418771524855,1.162688360427844,0.5372587057987271,0.00018531202641662565,13,8,0.570087712549569,2500,OLS_iid,iid,False,5
4,8,8001,11,110001,True,110,False,100,0.5678632878441714,4.046136223711073,0.4873867295250278,0.4434413352899247,1.0322402804409077,1.175046474283161,0.5579108698317738,0.0001074639289128976,13,8,0.570087712549569,2500,OLS_iid,iid,False,5
4,9,9001,18,180001,True,103,False,100,0.7280983049752222,3.2460354138165712,0.5058046759606875,0.4567206732926642,0.9403540722938353,1.0716835123534458,0.6156661417993825,0.00015636161434278432,13,8,0.570087712549569,2500,OLS_iid,iid,False,5
4,9,9001,17,170001,True,105,False,100,0.6675444134378812,3.3192805498838425,0.4953020636782871,0.4512805814552685,0.8890760883210805,1.0630127057510879,0.6151536577883944,0.00014413387899243066,13,8,0.570087712549569,2500,OLS_iid,iid,False,5
4,9,9001,28,280001,True,107,False,100,0.8304813982898618,2.863013339228928,0.5399503414367083,0.5027432714278866,1.0851880108483525,1.3155195704860547,0.49697754946351186,0.0001287919906099186,13,8,0.570087712549569,2500,OLS_iid,iid,False,5
4,9,9001,22,220001,True,102,False,100,0.7782072645093546,3.222652133088559,0.5005568079512187,0.45738680610582133,0.9489781961721855,1.119863386770292,0.540618357865988,0.00017599318432624233,13,8,0.570087712549569,2500,OLS_iid,iid,False,5
4,8,8001,26,260001,True,96,False,100,0.7526449899579917,3.815463850274682,0.5466531740801986,0.5138920741863082,1.0354557506680817,1.1793010622056965,0.5684458298490647,0.00020847071095492353,13,8,0.570087712549569,2500,OLS_iid,iid,False,5
4,9,9001,14,140001,True,113,False,100,0.8225905807664781,3.483675552997738,0.5064823594500609,0.4640877483200375,0.974193667184646,1.120448499722145,0.5613853516882031,9.746165942607959e-05,13,8,0.570087712549569,2500,OLS_iid,iid,False,5
5,0,1,7,70001,True,104,False,100,0.752797959847825,2.7206790540367365,0.5672554798396745,0.5167291065427185,0.9997703598324978,1.335855024665498,0.5029279728463558,0.00012959112971286374,13,8,0.570087712549569,2500,OLS_iid,iid,False,5
4,9,9001,24,240001,True,101,False,100,0.8573263233675178,3.1828924361616373,0.5179080347169287,0.468937241314598,1.0542727556144849,1.2527041239958585,0.4719639758337803,0.0001680378781529565,13,8,0.570087712549569,2500,OLS_iid,iid,False,5
4,9,9001,27,270001,True,101,False,100,0.6557385688505591,3.1019449909217656,0.47811140348764564,0.4536849816993749,0.7117267014472116,1.0855063441880632,0.559790943346375,0.00018686864828359152,13,8,0.570087712549569,2500,OLS_iid,iid,False,5
4,9,9001,16,160001,True,117,False,100,0.7794654686395939,3.601388200186193,0.4505528530542713,0.3970115304513939,0.8961528924511577,1.0135501135624292,0.5875761137127286,0.0001010144697572662,13,8,0.570087712549569,2500,OLS_iid,iid,False,5
4,9,9001,9,90001,True,108,False,100,0.8702724024523968,3.77743375627324,0.5274627048497366,0.493322131956879,1.089995245840517,1.3453148525372922,0.5322638481787648,0.00012052863041848343,13,8,0.570087712549569,2500,OLS_iid,iid,False,5
4,9,9001,15,150001,True,117,False,100,0.8385438887050922,3.6190135539509356,0.5163863360315544,0.4708665162638142,0.8827562922485501,1.2986354785976393,0.41144882711945235,9.430718905988604e-05,13,8,0.570087712549569,2500,OLS_iid,iid,False,5
4,9,9001,12,120001,True,98,False,100,0.718277789532749,3.694464318919927,0.5987743066639893,0.5829938414516851,1.044690185530539,1.4450365046470082,0.4368878335699993,0.00022505034988785195,13,8,0.570087712549569,2500,OLS_iid,iid,False,5
5,0,1,10,100001,True,111,False,100,0.6838385837225557,2.771514526102692,0.4879990747083411,0.4238839724025843,0.9184134874669683,1.178342209900039,0.552685152117316,8.87413150522873e-05,13,8,0.570087712549569,2500,OLS_iid,iid,False,5
5,0,1,1,10001,True,113,False,100,0.8560040164143231,2.976773342117667,0.46218823172548945,0.3948404651843592,0.9475889960167148,1.639803415173786,0.5282863591081325,7.891797739638207e-05,13,8,0.570087712549569,2500,OLS_iid,iid,False,5
4,9,9001,26,260001,True,100,False,100,0.7526449899579917,3.1960542760789394,0.5071786340480391,0.466737317644435,0.9539829624056098,1.12605762850065,0.5429002597810716,0.00017309993345520418,13,8,0.570087712549569,2500,OLS_iid,iid,False,5
5,0,1,3,30001,True,113,False,100,0.930410464698022,2.9432247229851782,0.544270818794737,0.49117410202856837,1.1475509932989694,1.4992732635133719,0.33627300746207345,6.916344063118131e-05,13,8,0.570087712549569,2500,OLS_iid,iid,False,5
5,0,1,6,60001,True,109,False,100,0.6355162989249991,2.8567950120195746,0.5554966827317813,0.5046551498079659,0.9982971153744964,1.2837247360121502,0.582148462582992,0.00010772619149765257,13,8,0.570087712549569,2500,OLS_iid,iid,False,5
5,0,1,2,20001,True,112,False,100,0.6481448255893074,3.006061573047191,0.5173446077759659,0.46248078934159026,0.9328560175693422,1.2001542162331207,0.5703992880830087,9.610328238723836e-05,13,8,0.570087712549569,2500,OLS_iid,iid,False,5
4,9,9001,13,130001,True,101,False,100,0.7622937846217469,3.697113050147891,0.48818282357776693,0.44426947842381714,0.8743737506834768,1.0687509836777767,0.5670539342054934,0.0001725420400166597,13,8,0.570087712549569,2500,OLS_iid,iid,False,5
5,0,1,0,1,True,112,False,100,0.8105587581235082,3.105925112962723,0.5398139554290377,0.48330003633734064,1.0211065430365365,1.354000608878967,0.45940218958636914,8.163718738900399e-05,13,8,0.570087712549569,2500,OLS_iid,iid,False,5
4,9,9001,29,290001,True,101,False,100,0.7672738920630345,3.1547899884171784,0.5436665605397183,0.5066520400415607,1.092519320588424,1.2413501867545298,0.5167153555227264,0.0001636428535422849,13,8,0.570087712549569,2500,OLS_iid,iid,False,5
5,0,1,12,120001,True,110,False,100,0.718277789532749,2.888409367762506,0.5975918617976256,0.5510519938636157,1.004093924729392,1.4976587680314821,0.4842375045949182,0.00011015664680746004,13,8,0.570087712549569,2500,OLS_iid,iid,False,5
5,0,1,9,90001,True,112,False,100,0.8702724024523968,2.932381180115044,0.4984297689393308,0.4784748930946092,0.959050043897642,1.2390287481260622,0.5729151097017311,9.846688353939505e-05,13,8,0.570087712549569,2500,OLS_iid,iid,False,5
4,9,9001,23,230001,True,101,False,100,0.6023814891064135,3.5111222909763455,0.5397076576514154,0.4983904328080875,1.0482128293554243,1.176924715428766,0.5293216330617915,0.00017197500591263585,13,8,0.570087712549569,2500,OLS_iid,iid,False,5
5,0,1,11,110001,True,113,False,100,0.5452943238107938,2.9489668803289533,0.5507463532417586,0.49518476215108187,0.9241222373334919,1.2784339176812243,0.5406590349788518,0.00010631933469417518,13,8,0.570087712549569,2500,OLS_iid,iid,False,5
5,0,1,4,40001,True,110,False,100,0.6497839792320272,3.1213726522400975,0.5918101905532841,0.5442387137856927,1.0155368780620602,1.4581115445571857,0.4840123838982592,9.968693717144741e-05,13,8,0.570087712549569,2500,OLS_iid,iid,False,5
5,0,1,13,130001,True,112,False,100,0.7622937846217469,2.942079839296639,0.5553253897440995,0.4986529669243423,1.1336805569460608,4.214959719377664,0.49799735264220985,9.280754185614214e-05,13,8,0.570087712549569,2500,OLS_iid,iid,False,5
5,0,1,16,160001,True,107,False,100,0.7794654686395939,2.844932716805488,0.5129858404801941,0.45042285735945514,0.9743274625349156,1.293563841882107,0.45939969239605793,9.958879396220873e-05,13,8,0.570087712549569,2500,OLS_iid,iid,False,5
5,0,1,17,170001,True,108,False,100,0.6675444134378812,2.8414646820165217,0.4709118312438896,0.40842360043659937,1.0261465195281054,1.0923627460092646,0.6222817790978438,9.911044271105132e-05,13,8,0.570087712549569,2500,OLS_iid,iid,False,5
5,0,1,15,150001,True,110,False,100,0.6532913944757328,2.925146482884884,0.4560192270002467,0.3941098365142064,0.9790811743208898,1.1096916045761591,0.5684365345366027,8.513952716971756e-05,13,8,0.570087712549569,2500,OLS_iid,iid,False,5
5,0,1,19,190001,True,107,False,100,0.6700104930430736,2.8304567569866776,0.5035572220297831,0.43883254240510183,0.9412337857535458,1.1395562840230165,0.6080933124566708,0.00010451609202827199,13,8,0.570087712549569,2500,OLS_iid,iid,False,5
5,0,1,18,180001,True,109,False,100,0.7280983049752222,2.942625166848302,0.49726448794691075,0.4316192174891417,1.1021144632272268,1.1580600206180307,0.5498800161592226,8.41379408652223e-05,13,8,0.570087712549569,2500,OLS_iid,iid,False,5
5,0,1,20,200001,True,108,False,100,0.6590887302757289,2.838285706937313,0.4647975676412603,0.40050139754319936,0.9557243858260447,1.1224870305521792,0.5807307471483754,8.87397058961201e-05,13,8,0.570087712549569,2500,OLS_iid,iid,False,5
4,9,9001,25,250001,True,102,False,100,0.872121929754804,3.6928479089401662,0.54722756310678,0.5315426299165409,1.1022690437831397,1.5920463124502122,0.5451510129181681,0.0001663682804167563,13,8,0.570087712549569,2500,OLS_iid,iid,False,5
5,0,1,21,210001,True,111,False,100,0.7431400910314013,2.907253128942102,0.45082972954152434,0.3869517694354275,0.9024503039867616,1.0539104517159186,0.6067132723265991,8.620274834901667e-05,13,8,0.570087712549569,2500,OLS_iid,iid,False,5
5,0,1,28,280001,True,110,False,100,0.8304813982898618,2.7736742068082094,0.5374633577946304,0.4791220208943226,0.9454676024049846,2.0761169696796298,0.469265943273157,9.50663650628506e-05,13,8,0.570087712549569,2500,OLS_iid,iid,False,5
5,0,1,24,240001,True,108,False,100,0.8573263233675178,2.882946689147502,0.5026365127149364,0.44045412764331915,1.0834661458595807,1.236930270551206,0.5797254797308683,0.00010228671193311628,13,8,0.570087712549569,2500,OLS_iid,iid,False,5
5,0,1,14,140001,True,115,False,100,0.7565004818916076,3.2445711586624384,0.5099074912349043,0.4696045831010021,1.0416522750841244,1.2189304671534653,0.5243276904307481,8.515946498040311e-05,13,8,0.570087712549569,2500,OLS_iid,iid,False,5
5,0,1,5,50001,True,114,False,100,0.7981756372625675,3.4810407739132643,0.5140996506039208,0.4487493250630711,1.2100591201130653,1.1549245287884904,0.6293066175062004,0.00010178916919212661,13,8,0.570087712549569,2500,OLS_iid,iid,False,5
5,0,1,8,80001,True,107,False,100,0.7378021846205323,3.399236163124442,0.5278866658930683,0.474555716789137,0.9089714945582221,1.2189921522092515,0.5918704311845114,0.00011589476721990608,13,8,0.570087712549569,2500,OLS_iid,iid,False,5
5,0,1,22,220001,True,112,False,100,0.7782072645093546,2.9676814349368215,0.5678437928011335,0.5196369102783607,1.0692006531566207,1.4282013393234565,0.4351343435191981,9.947029339433635e-05,13,8,0.570087712549569,2500,OLS_iid,iid,False,5
5,0,1,29,290001,True,109,False,100,0.7672738920630345,2.8556099757552147,0.5591516765515248,0.5154221321470425,1.0170808999154624,1.6454528296196669,0.3806298479053506,8.532002046760294e-05,13,8,0.570087712549569,2500,OLS_iid,iid,False,5
5,0,1,26,260001,True,112,False,100,0.7526449899579917,2.9389731185510755,0.4351493366187833,0.3697829911324379,1.164606152856021,1.0010058300619842,0.6564341936930136,8.364881460055298e-05,13,8,0.570087712549569,2500,OLS_iid,iid,False,5
5,0,1,27,270001,True,111,False,100,0.6557385688505591,2.927700384054333,0.4201973531984626,0.36721413361606287,1.1956951631775083,1.055607207760044,0.6419162221652859,9.008454411007605e-05,13,8,0.570087712549569,2500,OLS_iid,iid,False,5
5,0,1,25,250001,True,109,False,100,0.8712557646081711,3.0275686350651085,0.5049766194375738,0.44927214772288376,1.018745009183817,1.2521162231810772,0.5029532246971631,9.590918554741557e-05,13,8,0.570087712549569,2500,OLS_iid,iid,False,5
5,1,1001,7,70001,True,107,False,100,0.752797959847825,2.801900550723076,0.4474684666226919,0.3809681716870911,1.194597776011192,1.0302255139938077,0.6907121701822516,0.00010992997172691608,13,8,0.570087712549569,2500,OLS_iid,iid,False,5
5,1,1001,4,40001,True,110,False,100,0.6497839792320272,2.8761144033633173,0.5174419225519306,0.45284927988644835,1.091845778079082,1.2859956623428137,0.5247476078936237,8.862015511506478e-05,13,8,0.570087712549569,2500,OLS_iid,iid,False,5
5,0,1,23,230001,True,115,False,100,0.6023814891064135,3.1764176161959767,0.4729887314495113,0.40404856156231556,0.8826856735269678,1.151256528660764,0.5613669337016612,9.236103302055441e-05,13,8,0.570087712549569,2500,OLS_iid,iid,False,5
5,1,1001,0,1,True,108,False,100,0.8105587581235082,2.9869149308651686,0.49263559077603697,0.43433868670866826,0.9562493927698882,1.1983982563320672,0.5174280281048418,8.674482665631085e-05,13,8,0.570087712549569,2500,OLS_iid,iid,False,5
5,1,1001,1,10001,True,115,False,100,0.8560040164143231,3.019696437753737,0.4944464206230209,0.4254883011117737,0.9803631423765333,1.2727505581983607,0.49010545751391377,8.810015478491623e-05,13,8,0.570087712549569,2500,OLS_iid,iid,False,5
5,1,1001,12,120001,True,106,False,100,0.718277789532749,2.815392830874771,0.526269187541686,0.47353311870838216,0.963462435821507,1.1798800402815512,0.6493471511558732,0.00010203399139168794,13,8,0.570087712549569,2500,OLS_iid,iid,False,5
5,1,1001,6,60001,True,109,False,100,0.6355162989249991,2.9799887449480593,0.607347131764022,0.5684888488510084,1.0203051618758443,1.4706588398413434,0.5035512879347018,0.00011431506827162244,13,8,0.570087712549569,2500,OLS_iid,iid,False,5
5,1,1001,10,100001,True,110,False,100,0.6838385837225557,2.8637534780427814,0.47580185227185035,0.42766543556774717,1.1418627199103961,1.3843245631977807,0.5867334956852763,8.911199350326929e-05,13,8,0.570087712549569,2500,OLS_iid,iid,False,5
5,1,1001,11,110001,True,110,False,100,0.5452943238107938,2.8673443286679685,0.468899535471678,0.4058710391176843,0.9726645297918757,1.0056785903709526,0.6521546948184093,9.475158094332491e-05,13,8,0.570087712549569,2500,OLS_iid,iid,False,5
5,1,1001,8,80001,True,106,False,100,0.7378021846205323,2.9425344578921795,0.4811533703764474,0.42335010561542563,0.9747993633296215,1.1486574910622367,0.5644189081952113,0.00012083180473828368,13,8,0.570087712549569,2500,OLS_iid,iid,False,5
5,1,1001,14,140001,True,111,False,100,0.7565004818916076,2.862610226031393,0.4192635658235924,0.3561290357899806,1.0485580505860863,1.0056998165879592,0.6386654639847061,8.119518120564131e-05,13,8,0.570087712549569,2500,OLS_iid,iid,False,5
5,1,1001,13,130001,True,111,False,100,0.7622937846217469,2.918780097272247,0.5355692131552038,0.48143783968962034,1.0411779881969063,1.3944255679786464,0.5253741124763172,9.512870026566867e-05,13,8,0.570087712549569,2500,OLS_iid,iid,False,5
5,1,1001,17,170001,True,109,False,100,0.6675444134378812,2.8458361816592515,0.48118524162494863,0.41621045704572024,0.9956895263012969,1.1163650000995158,0.5913447045362223,9.184901604007634e-05,13,8,0.570087712549569,2500,OLS_iid,iid,False,5
5,1,1001,18,180001,True,108,False,100,0.7280983049752222,2.83123539108783,0.510138892742604,0.4535316640410883,0.8751095412041869,1.1753995294809894,0.5805360881283709,9.766637316385391e-05,13,8,0.570087712549569,2500,OLS_iid,iid,False,5
5,1,1001,5,50001,True,110,False,100,0.7981756372625675,3.18921517720446,0.4522679784373624,0.38297003090382226,1.1361566115783246,1.0518918063409617,0.6295489711871485,9.369168873592264e-05,13,8,0.570087712549569,2500,OLS_iid,iid,False,5
5,1,1001,2,20001,True,113,False,100,0.6481448255893074,3.238143492024392,0.5120730546456713,0.4568945856821861,1.1694854866659488,1.213544301238458,0.5905374800502314,9.57397298783502e-05,13,8,0.570087712549569,2500,OLS_iid,iid,False,5
5,1,1001,3,30001,True,123,False,100,0.930410464698022,3.25231153331697,0.48831022235206134,0.42930890687326995,0.9793237803800334,1.2960216781896567,0.4354986095735841,6.605985524927709e-05,13,8,0.570087712549569,2500,OLS_iid,iid,False,5
5,1,1001,9,90001,True,113,False,100,0.8702724024523968,3.0677727167494595,0.5309617239807829,0.46667391498228233,0.9837202533740809,1.3981897868089623,0.47078166939695665,0.00010236903859568703,13,8,0.570087712549569,2500,OLS_iid,iid,False,5
5,1,1001,20,200001,True,110,False,100,0.6590887302757289,2.957068156916648,0.5547899831337082,0.49919578124494496,1.0110838203184693,1.4074756087691274,0.4543110250670762,9.704200629367996e-05,13,8,0.570087712549569,2500,OLS_iid,iid,False,5
5,1,1001,23,230001,True,115,False,100,0.6023814891064135,2.832901972811669,0.4107172915415761,0.33911902584300874,0.7624530066652996,1.0008565004850987,0.6075642581761891,9.271154167951217e-05,13,8,0.570087712549569,2500,OLS_iid,iid,False,5
5,1,1001,22,220001,True,110,False,100,0.7782072645093546,2.8896794486790895,0.5015127777035124,0.4499705745086651,1.3528291560061887,1.464193356246235,0.5171182874078422,9.202489071235762e-05,13,8,0.570087712549569,2500,OLS_iid,iid,False,5
5,1,1001,19,190001,True,106,False,100,0.6700104930430736,3.0112854773178697,0.4804280065117134,0.41978001807226406,0.9545852900404057,1.0938360131930795,0.6258431997388538,0.00010274600581300555,13,8,0.570087712549569,2500,OLS_iid,iid,False,5
5,1,1001,15,150001,True,112,False,100,0.6532913944757328,3.153371623251587,0.4958835207514626,0.4348212665768048,0.9689687508741447,1.261857506394007,0.5097548203796876,8.667409099340227e-05,13,8,0.570087712549569,2500,OLS_iid,iid,False,5
5,1,1001,21,210001,True,113,False,100,0.7431400910314013,2.9674811768345535,0.4482891215429162,0.3912696548415081,1.3914804206335323,1.200223878041656,0.5921577084815953,8.22032571454739e-05,13,8,0.570087712549569,2500,OLS_iid,iid,False,5
5,1,1001,27,270001,True,110,False,100,0.6557385688505591,2.8818622999824584,0.47419526946871043,0.42089747323328014,0.987566862687352,1.1784502140628192,0.5125463515458123,9.45249188922445e-05,13,8,0.570087712549569,2500,OLS_iid,iid,False,5
5,1,1001,26,260001,True,110,False,100,0.7526449899579917,2.913596535101533,0.48362228054748896,0.4254025114124265,1.0117488121784886,1.1820184637274205,0.5410047232721039,9.603205685724323e-05,13,8,0.570087712549569,2500,OLS_iid,iid,False,5
5,1,1001,24,240001,True,108,False,100,0.8573263233675178,2.979846263770014,0.4854351991853926,0.4226854085546486,0.9561149920081816,1.1220795296777801,0.6251632545388144,9.334154675113509e-05,13,8,0.570087712549569,2500,OLS_iid,iid,False,5
5,2,2001,7,70001,True,103,False,100,0.752797959847825,2.7505090730264783,0.571723591430603,0.5293375053135976,0.997262087161308,2.378730358796544,0.5052986205742198,0.0001238447225735742,13,8,0.570087712549569,2500,OLS_iid,iid,False,5
5,1,1001,16,160001,True,112,False,100,0.7794654686395939,3.295404592063278,0.4150526819259081,0.34188670506508395,1.0957223500570419,1.015704341500414,0.6107321650759933,9.066654948775497e-05,13,8,0.570087712549569,2500,OLS_iid,iid,False,5
5,1,1001,25,250001,True,110,False,100,0.8712557646081711,3.019163698889315,0.5160193601139765,0.45084348998849383,1.0125518853673616,1.1867441332170436,0.5584193880894115,9.436570992196375e-05,13,8,0.570087712549569,2500,OLS_iid,iid,False,5
5,2,2001,6,60001,True,109,False,100,0.6355162989249991,2.8046215241774917,0.548206662184297,0.4977662089897717,1.1556439176807562,1.2919487412522423,0.5832271040733591,0.00011100605852399648,13,8,0.570087712549569,2500,OLS_iid,iid,False,5
5,1,1001,28,280001,True,112,False,100,0.8304813982898618,2.9869150537997484,0.5085371294787752,0.44831689303892663,1.081007649367119,4.4461924510881925,0.5520787546239946,0.0001011539290927312,13,8,0.570087712549569,2500,OLS_iid,iid,False,5
5,2,2001,0,1,True,109,False,100,0.8105587581235082,2.9055401529185474,0.4615602327067601,0.4233039732664427,0.7772303478613541,1.0390824353142927,0.6182315323361147,8.428055402040324e-05,13,8,0.570087712549569,2500,OLS_iid,iid,False,5
5,2,2001,2,20001,True,109,False,100,0.6481448255893074,2.873629916459322,0.5127914686857494,0.4841384418925841,0.8079754467827897,1.1884269372189207,0.6090396069133912,8.513148257638397e-05,13,8,0.570087712549569,2500,OLS_iid,iid,False,5
5,1,1001,29,290001,True,113,False,100,0.7672738920630345,2.915588525123894,0.4329416214569219,0.3694548158925859,1.0573169464214582,1.102314530663695,0.5688025328778237,7.965042506376194e-05,13,8,0.570087712549569,2500,OLS_iid,iid,False,5
5,2,2001,5,50001,True,107,False,100,0.7981756372625675,2.8652585949748755,0.474236074215557,0.41004187391480074,0.8287263559830477,1.0844152506536535,0.6034364291226776,0.00010478848836150903,13,8,0.570087712549569,2500,OLS_iid,iid,False,5
5,2,2001,13,130001,True,113,False,100,0.7622937846217469,2.80254946090281,0.5049401834205723,0.4462406110176153,0.906767105004183,1.2201994914229224,0.5251247659463262,9.565239536296358e-05,13,8,0.570087712549569,2500,OLS_iid,iid,False,5
5,2,2001,8,80001,True,105,False,100,0.7378021846205323,2.8776423670351505,0.5233549246710424,0.4686387230144809,1.0366582622058476,1.2069713947943566,0.5980018927729358,0.00011778651089741298,13,8,0.570087712549569,2500,OLS_iid,iid,False,5
5,2,2001,10,100001,True,109,False,100,0.6838385837225557,2.9000390116125345,0.5573369163135463,0.506051540369429,0.9140854277786103,1.4146056644793474,0.46555946097280687,9.18213076641188e-05,13,8,0.570087712549569,2500,OLS_iid,iid,False,5
5,2,2001,12,120001,True,107,False,100,0.718277789532749,2.8503421409986913,0.4682763439559189,0.4077829361477756,0.8792311413892774,0.9998970214316735,0.6565113968843299,9.603796788119301e-05,13,8,0.570087712549569,2500,OLS_iid,iid,False,5
5,2,2001,4,40001,True,113,False,100,0.6497839792320272,2.9548174128867686,0.48034090637070465,0.41282961238914473,1.2082892521005506,15.127345368510857,0.5906941586353622,9.120388644212099e-05,13,8,0.570087712549569,2500,OLS_iid,iid,False,5
5,2,2001,9,90001,True,111,False,100,0.8702724024523968,2.932088844012469,0.44819107713360384,0.38373244288445996,0.9463426908131464,1.0933956944744894,0.5612686706198666,9.379233137189497e-05,13,8,0.570087712549569,2500,OLS_iid,iid,False,5
5,2,2001,3,30001,True,114,False,100,0.930410464698022,3.0494210543110967,0.4670757087769261,0.4051954872131204,1.0370315475858056,1.2380588528236647,0.4760296125425616,6.285900287644186e-05,13,8,0.570087712549569,2500,OLS_iid,iid,False,5
5,2,2001,20,200001,True,110,False,100,0.6590887302757289,2.8057611910626292,0.5429643559585353,0.49753562058359385,0.9676445952536249,1.4412855531737014,0.4486871001223313,9.395794911123976e-05,13,8,0.570087712549569,2500,OLS_iid,iid,False,5
5,2,2001,11,110001,True,111,False,100,0.5452943238107938,2.943813688121736,0.5492689360116326,0.5141967399439399,1.0362923002192304,1.3231956007232422,0.5472019492745344,0.00010917610672735028,13,8,0.570087712549569,2500,OLS_iid,iid,False,5
5,2,2001,14,140001,True,112,False,100,0.7565004818916076,2.943483244627714,0.5023903312282236,0.44181269440843046,1.1127114053410563,1.267566580007743,0.5516772214150422,9.385969348211083e-05,13,8,0.570087712549569,2500,OLS_iid,iid,False,5
5,2,2001,18,180001,True,110,False,100,0.7280983049752222,2.873084811028093,0.4153748196435741,0.3516760746284263,0.8082230549633751,0.9363164276145212,0.6784468604597067,8.595269113594511e-05,13,8,0.570087712549569,2500,OLS_iid,iid,False,5
5,2,2001,24,240001,True,108,False,100,0.8573263233675178,2.7855216078460217,0.5228865492717651,0.4672405654939809,0.9589914821403152,1.1611230641339108,0.6227933254949731,9.464981006140779e-05,13,8,0.570087712549569,2500,OLS_iid,iid,False,5
5,2,2001,21,210001,True,112,False,100,0.7431400910314013,2.903691332321614,0.5251378788875993,0.4688835833494823,1.0015396680942423,1.3201136568371337,0.46694739134658725,9.073324917264642e-05,13,8,0.570087712549569,2500,OLS_iid,iid,False,5
5,2,2001,16,160001,True,111,False,100,0.7794654686395939,2.9929092843085527,0.4840688183454116,0.41025712519812657,0.9666624650392717,1.1740311650351802,0.5161327836846061,8.79691921632948e-05,13,8,0.570087712549569,2500,OLS_iid,iid,False,5
5,2,2001,26,260001,True,108,False,100,0.7526449899579917,2.8479405432008207,0.518096551723045,0.4638911582157198,0.9800395745109151,1.2168058617639295,0.5418284914527378,9.39119653664297e-05,13,8,0.570087712549569,2500,OLS_iid,iid,False,5
5,2,2001,28,280001,True,109,False,100,0.8304813982898618,2.839750616811216,0.48512259300297705,0.42146633425272384,0.9140752793864595,1.160751997204525,0.5603226687260701,9.5624862280104e-05,13,8,0.570087712549569,2500,OLS_iid,iid,False,5
5,2,2001,23,230001,True,110,False,100,0.6023814891064135,2.946580123156309,0.4829505776242139,0.423037411499459,1.0246253621864598,1.181720862480483,0.5305163510123492,8.975801029335015e-05,13,8,0.570087712549569,2500,OLS_iid,iid,False,5
5,2,2001,19,190001,True,109,False,100,0.6700104930430736,3.031046556774527,0.5497307867913537,0.4981863395728228,1.2637218432545765,1.4667990422507953,0.5583532374355542,0.00010512017766290153,13,8,0.570087712549569,2500,OLS_iid,iid,False,5
5,2,2001,25,250001,True,108,False,100,0.8712557646081711,2.9009735020808876,0.4907831637916545,0.447276586754306,1.0761865166975157,1.2468604282838878,0.5362175138217786,9.088091292424301e-05,13,8,0.570087712549569,2500,OLS_iid,iid,False,5
5,2,2001,17,170001,True,110,False,100,0.6675444134378812,3.0645314981229603,0.4771154829709239,0.4119749954867433,0.9803540049425993,1.1890297208294793,0.5314997326910417,9.767007278114617e-05,13,8,0.570087712549569,2500,OLS_iid,iid,False,5
5,3,3001,0,1,True,107,False,100,0.8105587581235082,2.8376386230811477,0.5460976738810752,0.49314888722619177,0.9514572066733368,1.401555798859309,0.423361349602615,9.248266203864001e-05,13,8,0.570087712549569,2500,OLS_iid,iid,False,5
5,3,3001,2,20001,True,107,False,100,0.6481448255893074,2.872880409937352,0.5316860629415731,0.4797837156101058,0.8775623762406295,1.251516846748573,0.535220881346865,9.624378980943134e-05,13,8,0.570087712549569,2500,OLS_iid,iid,False,5
5,2,2001,29,290001,True,110,False,100,0.7672738920630345,2.9106140681542456,0.4959804083235895,0.457281553481904,0.7727162180280023,1.2548371194916195,0.4992195018952614,8.463352245843146e-05,13,8,0.570087712549569,2500,OLS_iid,iid,False,5
5,2,2001,15,150001,True,111,False,100,0.6532913944757328,3.1919467668049037,0.4915314805882036,0.42644930921020613,1.1141141317539662,1.2215180541050428,0.5511478540647885,8.549734326002983e-05,13,8,0.570087712549569,2500,OLS_iid,iid,False,5
5,2,2001,27,270001,True,110,False,100,0.6557385688505591,2.9681764217093587,0.5548512937796433,0.5137664647253248,0.9439134843633227,1.3652511214992562,0.4753872818477102,9.814963995844366e-05,13,8,0.570087712549569,2500,OLS_iid,iid,False,5
5,3,3001,1,10001,True,111,False,100,0.8560040164143231,2.9223438259214163,0.4488810257215813,0.38819827771395915,0.7992361576757223,1.0885144879612196,0.5672475556072134,8.240312232871408e-05,13,8,0.570087712549569,2500,OLS_iid,iid,False,5
5,3,3001,8,80001,True,108,False,100,0.7378021846205323,2.783898869995028,0.4905782382266265,0.4298672492469478,0.8897884290265899,1.3537572412265768,0.5517298857560736,0.00011111759855923946,13,8,0.570087712549569,2500,OLS_iid,iid,False,5
5,2,2001,1,10001,True,114,False,100,0.8560040164143231,3.461147637106478,0.4943536390331378,0.47238458603793065,0.8682366580709893,1.4753580433383928,0.47397506001473877,9.436493311553716e-05,13,8,0.570087712549569,2500,OLS_iid,iid,False,5
5,3,3001,10,100001,True,107,False,100,0.6838385837225557,2.7787998490966856,0.5412945780607687,0.4833936225677451,0.9379970351880426,1.3364055619314468,0.492447395894377,0.00010052984607975964,13,8,0.570087712549569,2500,OLS_iid,iid,False,5
5,2,2001,22,220001,True,109,False,100,0.7782072645093546,3.212362959049642,0.5407536877540217,0.489071178932569,1.120194401453602,1.317464546866289,0.5464866976851132,9.038499218763897e-05,13,8,0.570087712549569,2500,OLS_iid,iid,False,5
5,3,3001,7,70001,True,106,False,100,0.752797959847825,2.953513885848224,0.5269708803210116,0.4737162501017048,0.9940712298664561,1.1925898338884386,0.6032994934691589,0.00011389995215530808,13,8,0.570087712549569,2500,OLS_iid,iid,False,5
5,3,3001,11,110001,True,107,False,100,0.5452943238107938,2.8470491701737046,0.5417114760002889,0.4850049087788096,0.9894935273514155,1.2525347472746176,0.5762099583941328,0.00010247468029453703,13,8,0.570087712549569,2500,OLS_iid,iid,False,5
5,3,3001,5,50001,True,117,False,100,0.7981756372625675,3.057027022819966,0.48180695693460723,0.4247148948600914,1.093251319126217,1.2351418708581363,0.5711468959104795,0.00010108622130525227,13,8,0.570087712549569,2500,OLS_iid,iid,False,5
5,3,3001,9,90001,True,108,False,100,0.8702724024523968,2.969003325328231,0.4926379012339665,0.4319617147496245,1.0941741405791456,1.2185255488261353,0.5070407673269364,9.79187705193735e-05,13,8,0.570087712549569,2500,OLS_iid,iid,False,5
5,3,3001,6,60001,True,107,False,100,0.6355162989249991,3.103213645052165,0.6064212211484621,0.569849694463264,1.1737673251264926,1.625853953448702,0.41640703259673256,0.00011509435687340346,13,8,0.570087712549569,2500,OLS_iid,iid,False,5
5,3,3001,13,130001,True,107,False,100,0.7622937846217469,2.9244203907437623,0.5387694514917102,0.48172990705345364,0.9658852464916616,1.3333111782777607,0.4911195157801121,9.924626485364725e-05,13,8,0.570087712549569,2500,OLS_iid,iid,False,5
5,3,3001,3,30001,True,115,False,100,0.930410464698022,3.167886144015938,0.5136021856116524,0.4845370959042978,1.2344661238760382,8.892161598024018,0.36885204203966426,6.761182979405583e-05,13,8,0.570087712549569,2500,OLS_iid,iid,False,5
5,4,4001,7,70001,True,103,False,100,0.752797959847825,2.3606463689357042,0.5494423524635584,0.4993650317129268,0.9903890267614226,1.3097028068311256,0.5115881918866552,0.00012192326162098181,13,8,0.570087712549569,2500,OLS_iid,iid,False,5
5,3,3001,14,140001,True,111,False,100,0.7565004818916076,2.975196447223425,0.5383969690829603,0.48412998014770375,1.0691263168749647,1.345224142089334,0.4912902064399161,9.308546942083084e-05,13,8,0.570087712549569,2500,OLS_iid,iid,False,5
5,3,3001,4,40001,True,110,False,100,0.6497839792320272,3.264746523927897,0.47054339130810824,0.4084685625653036,0.8654427847583397,1.1553569338995224,0.5518311114330936,8.950776597970341e-05,13,8,0.570087712549569,2500,OLS_iid,iid,False,5
5,3,3001,15,150001,True,112,False,100,0.6532913944757328,3.0020149601623416,0.5170257244757539,0.47510654290566107,0.8883385821438058,1.2301760130815544,0.5072947479165455,8.914654258288665e-05,13,8,0.570087712549569,2500,OLS_iid,iid,False,5
5,3,3001,17,170001,True,111,False,100,0.6675444134378812,2.9436254510656,0.48377117508871365,0.42009669828097085,1.0711353276260906,1.1423632231526373,0.5865646238653756,8.616340068702717e-05,13,8,0.570087712549569,2500,OLS_iid,iid,False,5
5,4,4001,3,30001,True,113,False,100,0.930410464698022,2.5483590341173112,0.42655464917483527,0.3661718498309332,0.7860201061411057,1.1035683873434752,0.5316855817455296,6.0890500164894054e-05,13,8,0.570087712549569,2500,OLS_iid,iid,False,5
5,3,3001,16,160001,True,111,False,100,0.7794654686395939,3.052384119015187,0.5162298682506423,0.4599070135304784,1.351423031392254,1.4501816523688302,0.45719308232979844,0.00010275553424763469,13,8,0.570087712549569,2500,OLS_iid,iid,False,5
5,3,3001,20,200001,True,111,False,100,0.6590887302757289,2.956001576036215,0.49239264253699316,0.43249602447802743,0.9832242291616916,1.249049628752289,0.4784485323796551,8.61574871728768e-05,13,8,0.570087712549569,2500,OLS_iid,iid,False,5
5,3,3001,12,120001,True,107,False,100,0.718277789532749,3.25980939110741,0.4478411488533692,0.3867954741878797,0.919128924723668,0.9230973339226298,0.6990460593296168,9.532023871560688e-05,13,8,0.570087712549569,2500,OLS_iid,iid,False,5
5,3,3001,18,180001,True,113,False,100,0.7280983049752222,3.046386145055294,0.508365764309637,0.45123384280761775,0.9699923487635571,1.1063542415778762,0.6153054163191539,9.647037904722522e-05,13,8,0.570087712549569,2500,OLS_iid,iid,False,5
5,3,3001,22,220001,True,110,False,100,0.7782072645093546,2.9529272499494255,0.5335421511643093,0.48550995256608764,1.4686727650433498,1.5571473708741868,0.5017559663962152,9.750478988380578e-05,13,8,0.570087712549569,2500,OLS_iid,iid,False,5
5,3,3001,23,230001,True,112,False,100,0.6023814891064135,2.9312726971693337,0.5257324821269028,0.4762173566445998,1.3170521755669822,1.488481050653685,0.5534889510791619,9.541412735206622e-05,13,8,0.570087712549569,2500,OLS_iid,iid,False,5
5,3,3001,19,190001,True,107,False,100,0.6700104930430736,3.079851406160742,0.486113694059114,0.4201185661504897,0.9073188959700301,1.170057440199473,0.5564050752638681,0.00010531663203769426,13,8,0.570087712549569,2500,OLS_iid,iid,False,5
5,3,3001,26,260001,True,106,False,100,0.7526449899579917,2.812248070258647,0.4398039576519876,0.378605595518801,1.2544725632710187,1.1587879068952125,0.5800055783327926,8.815585964796867e-05,13,8,0.570087712549569,2500,OLS_iid,iid,False,5
5,3,3001,21,210001,True,110,False,100,0.7431400910314013,3.019205017015338,0.5407796513324239,0.4884562358067696,1.1232617101530904,2.168246166114348,0.47460373834484954,8.685431128330861e-05,13,8,0.570087712549569,2500,OLS_iid,iid,False,5
5,4,4001,6,60001,True,109,False,100,0.6355162989249991,2.7674368070438504,0.47744116620203103,0.4223592370251197,0.9940888035003691,1.05210516703925,0.6459100147332029,9.967504835088956e-05,13,8,0.570087712549569,2500,OLS_iid,iid,False,5
5,3,3001,25,250001,True,109,False,100,0.8712557646081711,2.9515762496739626,0.5603744908104914,0.5067821150959717,1.0396873130589372,1.335910589393578,0.5142113789659746,9.818620385739093e-05,13,8,0.570087712549569,2500,OLS_iid,iid,False,5
5,4,4001,8,80001,True,107,False,100,0.7378021846205323,2.8126909169368446,0.5318812931222066,0.4736833302782669,0.9350101691140206,1.2794928536703307,0.5183472447832558,0.0001125262502886025,13,8,0.570087712549569,2500,OLS_iid,iid,False,5
5,4,4001,5,50001,True,106,False,100,0.7981756372625675,2.8343445789068937,0.5247677807285179,0.4698926888593124,1.115999079644265,1.2598642897650167,0.613910401770174,0.00010209527649763448,13,8,0.570087712549569,2500,OLS_iid,iid,False,5
5,3,3001,24,240001,True,107,False,100,0.8573263233675178,3.119665278121829,0.5255639023736415,0.4591562213194797,1.0179556989198504,7.429099581742284,0.48287511140170414,9.961422066966212e-05,13,8,0.570087712549569,2500,OLS_iid,iid,False,5
5,4,4001,2,20001,True,110,False,100,0.6481448255893074,2.922727923374623,0.5238868972700936,0.4683240239782639,1.1794840693719195,1.235683550931233,0.5637044320867151,9.504589458893919e-05,13,8,0.570087712549569,2500,OLS_iid,iid,False,5
5,4,4001,4,40001,True,110,False,100,0.6497839792320272,2.919891696423292,0.5809958462495777,0.5293172899035681,1.1091725241697383,1.6361104283188515,0.43734944756144456,9.597626588877822e-05,13,8,0.570087712549569,2500,OLS_iid,iid,False,5
5,4,4001,12,120001,True,108,False,100,0.718277789532749,2.8167995950207114,0.4972830165319254,0.4352610785318769,0.9994975021739201,1.1130502062299972,0.6050180230539874,0.00010472348257160249,13,8,0.570087712549569,2500,OLS_iid,iid,False,5
5,4,4001,1,10001,True,110,False,100,0.8560040164143231,3.0189278377220035,0.46221185235598616,0.4084869473298095,0.9011727830756591,1.2125084852062118,0.5319400449819454,8.150806208698066e-05,13,8,0.570087712549569,2500,OLS_iid,iid,False,5
5,4,4001,13,130001,True,110,False,100,0.7622937846217469,2.8938035583123565,0.4713985538364182,0.4069458916619946,1.077780449409266,1.1095013738866268,0.5598250122597401,9.089887157506276e-05,13,8,0.570087712549569,2500,OLS_iid,iid,False,5
5,4,4001,11,110001,True,111,False,100,0.5452943238107938,2.934422442689538,0.4792847779502467,0.41875428465405096,1.2139581175182625,1.1584894908149557,0.6014358641377087,0.00010290125301137313,13,8,0.570087712549569,2500,OLS_iid,iid,False,5
5,3,3001,27,270001,True,109,False,100,0.6557385688505591,3.138729149941355,0.4675468991846639,0.40744745603112664,1.1047081822056566,1.0694633693008526,0.6036157251340897,9.9551942051162e-05,13,8,0.570087712549569,2500,OLS_iid,iid,False,5
5,4,4001,16,160001,True,108,False,100,0.7794654686395939,2.907296364195645,0.5467147532537239,0.5080683004185591,1.0557249861287934,1.4096321429414165,0.4644224527502482,8.958751172572146e-05,13,8,0.570087712549569,2500,OLS_iid,iid,False,5
5,4,4001,18,180001,True,110,False,100,0.7280983049752222,2.881431913934648,0.5367999835894668,0.5001420410418118,1.4507775323413623,2.77861483947436,0.4757158955829374,0.00010441640029661085,13,8,0.570087712549569,2500,OLS_iid,iid,False,5
5,4,4001,10,100001,True,113,False,100,0.6838385837225557,3.085566421970725,0.4873658941117696,0.4212536478652788,1.1139985845722606,1.1868444043347175,0.5414394462840568,9.308891630843982e-05,13,8,0.570087712549569,2500,OLS_iid,iid,False,5
5,4,4001,9,90001,True,110,False,100,0.8702724024523968,3.1873384239152074,0.5200309942741115,0.461566633453278,1.0818404967571138,1.3005825705864127,0.5080404279273687,9.595626032240612e-05,13,8,0.570087712549569,2500,OLS_iid,iid,False,5
5,4,4001,0,1,True,115,False,100,0.8105587581235082,3.258144024759531,0.4902800239264137,0.4296070579497891,0.9316830802219668,1.2532607386798005,0.5054657486970323,8.232999731939388e-05,13,8,0.570087712549569,2500,OLS_iid,iid,False,5
5,4,4001,17,170001,True,112,False,100,0.6675444134378812,3.005505961831659,0.4969881805098217,0.4324491437476517,1.1483880931987345,1.1701481762557115,0.5558843186043603,9.216637998735706e-05,13,8,0.570087712549569,2500,OLS_iid,iid,False,5
5,4,4001,14,140001,True,110,False,100,0.7565004818916076,3.0653106491081417,0.5510586095716841,0.4953315855859669,1.1141705565201228,2.0096110251303907,0.46843436399798566,9.602018919413588e-05,13,8,0.570087712549569,2500,OLS_iid,iid,False,5
5,4,4001,23,230001,True,111,False,100,0.6023814891064135,2.938368362840265,0.5373526489933838,0.48028315569920493,1.1404346389455016,1.7342127087315136,0.4509410120191033,9.749126542291846e-05,13,8,0.570087712549569,2500,OLS_iid,iid,False,5
5,4,4001,19,190001,True,110,False,100,0.6700104930430736,3.1045075757429004,0.45248153685975906,0.40558258549321907,0.7772556462950189,1.4786116955622803,0.6160487811484487,9.801000589889939e-05,13,8,0.570087712549569,2500,OLS_iid,iid,False,5
5,4,4001,22,220001,True,111,False,100,0.7782072645093546,3.0078217247501016,0.5316899438405261,0.4894836400580585,0.8899924299025416,1.2245750443226275,0.5613744799636381,8.917221962858166e-05,13,8,0.570087712549569,2500,OLS_iid,iid,False,5
5,4,4001,20,200001,True,109,False,100,0.6590887302757289,3.1126614823006094,0.39840477655093287,0.3352141618233482,0.9728000991783237,0.9271381621727155,0.6785576568653253,9.022173398627046e-05,13,8,0.570087712549569,2500,OLS_iid,iid,False,5
5,4,4001,15,150001,True,112,False,100,0.6532913944757328,3.1865416788496077,0.4546795003833481,0.39603225377902407,0.9216056446219942,1.0923457605135254,0.5754919244156169,8.165968327554516e-05,13,8,0.570087712549569,2500,OLS_iid,iid,False,5
5,4,4001,25,250001,True,109,False,100,0.8712557646081711,2.8710848139598966,0.4999904944936475,0.4416534679178899,0.840758525653813,1.2462265092883085,0.4916491877110635,9.302111516642173e-05,13,8,0.570087712549569,2500,OLS_iid,iid,False,5
5,3,3001,29,290001,True,109,False,100,0.7672738920630345,3.4134372221305966,0.5261688809602242,0.4723021743861145,0.9713179155663845,1.2571688568799648,0.4806696718931428,9.026965740424141e-05,13,8,0.570087712549569,2500,OLS_iid,iid,False,5
5,5,5001,2,20001,True,108,False,100,0.6481448255893074,2.792936099227518,0.5143866249534456,0.46291133514440774,1.2316969625963137,1.3230652373697727,0.5238926405377821,9.389973094720125e-05,13,8,0.570087712549569,2500,OLS_iid,iid,False,5
5,4,4001,21,210001,True,120,False,100,0.7431400910314013,3.1300696469843388,0.5027259858207715,0.43484051505524035,0.996555673602466,1.174217683832686,0.5615641929832862,8.809572642255944e-05,13,8,0.570087712549569,2500,OLS_iid,iid,False,5
5,4,4001,26,260001,True,109,False,100,0.7526449899579917,2.9694542912766337,0.5455918745411571,0.4932498964070947,0.9913182576148445,1.40168341555046,0.4233108381596457,9.08395513550534e-05,13,8,0.570087712549569,2500,OLS_iid,iid,False,5
5,5,5001,11,110001,True,108,False,100,0.5452943238107938,2.588613911997527,0.5088888404073513,0.44219092622054745,1.0628864485473637,1.234043730675793,0.5732003835229242,9.303572933217974e-05,13,8,0.570087712549569,2500,OLS_iid,iid,False,5
5,3,3001,28,280001,True,111,False,100,0.8304813982898618,3.5735558308660984,0.5257031277256525,0.4697535494666267,0.9374571923250279,1.2466211191369814,0.5383670204535858,0.00010224279932056364,13,8,0.570087712549569,2500,OLS_iid,iid,False,5
5,4,4001,24,240001,True,108,False,100,0.8573263233675178,3.0476972251199186,0.4691677903874474,0.4019376261850909,0.9487445317234623,1.129677484039382,0.5590496814572575,9.5309001207805e-05,13,8,0.570087712549569,2500,OLS_iid,iid,False,5
5,4,4001,27,270001,True,110,False,100,0.6557385688505591,2.982980057131499,0.5090483788519503,0.4588499345924459,1.0222797812820492,1.1750120397450308,0.5460741792289108,9.827113432608303e-05,13,8,0.570087712549569,2500,OLS_iid,iid,False,5
5,5,5001,7,70001,True,106,False,100,0.752797959847825,2.7803929960355163,0.46119809832510045,0.40342944657730756,1.279667542234828,1.1067552586148366,0.6266852048152314,0.00011500222352954488,13,8,0.570087712549569,2500,OLS_iid,iid,False,5
5,5,5001,0,1,True,112,False,100,0.8105587581235082,2.9873509127646685,0.5465538312774346,0.49553741781024907,1.230474962854927,1.7042548878764374,0.4442009778162913,7.687892914647179e-05,13,8,0.570087712549569,2500,OLS_iid,iid,False,5
5,5,5001,3,30001,True,115,False,100,0.930410464698022,2.966562273912132,0.4407439505509125,0.3885570643920468,1.0089572025943945,1.2897233833678985,0.49626896916820795,6.296697360863128e-05,13,8,0.570087712549569,2500,OLS_iid,iid,False,5
5,5,5001,9,90001,True,108,False,100,0.8702724024523968,2.793789272662252,0.48206271374692344,0.4190070127043812,1.046687997031209,1.1208647545147565,0.5588214447516322,9.813956106734156e-05,13,8,0.570087712549569,2500,OLS_iid,iid,False,5
5,4,4001,29,290001,True,109,False,100,0.7672738920630345,3.0722567662596703,0.4970348323712472,0.4352396533282396,1.0139751902839675,1.2674561483289537,0.47005151654279786,8.49932283302111e-05,13,8,0.570087712549569,2500,OLS_iid,iid,False,5
5,5,5001,4,40001,True,114,False,100,0.6497839792320272,3.0177137977443635,0.4770282013031513,0.408220281778366,1.051822730386649,1.2107096481736643,0.5026387293770639,9.561200105024646e-05,13,8,0.570087712549569,2500,OLS_iid,iid,False,5
5,5,5001,5,50001,True,111,False,100,0.7981756372625675,3.0027003339491785,0.43795014895218376,0.3683012413689338,1.0634166294745668,1.0198771127259554,0.6135745464212463,0.00010245461059314043,13,8,0.570087712549569,2500,OLS_iid,iid,False,5
5,5,5001,8,80001,True,107,False,100,0.7378021846205323,2.899971940089017,0.524227092683101,0.48848347990909363,1.0404002256878326,1.323204318855138,0.4964829887832685,0.0001278029412900684,13,8,0.570087712549569,2500,OLS_iid,iid,False,5
5,5,5001,6,60001,True,106,False,100,0.6355162989249991,2.976153849158436,0.5369456800337111,0.47840534758728726,0.9593086075782332,1.2116935763603038,0.5926546586560772,0.00011158123699754663,13,8,0.570087712549569,2500,OLS_iid,iid,False,5
5,5,5001,14,140001,True,107,False,100,0.7565004818916076,2.8054075529798865,0.4821454860328703,0.4109784823764049,0.8767506074661895,1.1170874011677687,0.5979251802828508,9.34033715467307e-05,13,8,0.570087712549569,2500,OLS_iid,iid,False,5
5,5,5001,10,100001,True,108,False,100,0.6838385837225557,2.905748315155506,0.4867638340446978,0.4288500612917724,1.0873794971601587,1.3119935728111216,0.5724288408197273,9.83116537953793e-05,13,8,0.570087712549569,2500,OLS_iid,iid,False,5
5,4,4001,28,280001,True,110,False,100,0.8304813982898618,3.2432316900230944,0.4614142743307749,0.39554169397842665,1.2148072824164398,1.0980152458729764,0.5943770349020848,9.743258310374308e-05,13,8,0.570087712549569,2500,OLS_iid,iid,False,5
5,5,5001,12,120001,True,109,False,100,0.718277789532749,2.934496022295207,0.4528921963997943,0.39491205688225234,1.1415162986937555,1.0452582935575012,0.6705697168844451,9.703557786290646e-05,13,8,0.570087712549569,2500,OLS_iid,iid,False,5
5,5,5001,18,180001,True,108,False,100,0.7280983049752222,2.8260879716835916,0.49685989676681597,0.4346535769519155,1.1271734921149987,1.2467450165265395,0.5450394325600714,9.081111657295606e-05,13,8,0.570087712549569,2500,OLS_iid,iid,False,5
5,5,5001,16,160001,True,109,False,100,0.7794654686395939,2.880045293830335,0.52705554515647,0.4599789197869387,0.9961760215172959,40.46744789439905,0.5411873321368259,9.861005854921214e-05,13,8,0.570087712549569,2500,OLS_iid,iid,False,5
5,5,5001,19,190001,True,113,False,100,0.6700104930430736,2.863733631093055,0.4078453888536635,0.33354595410249566,0.7872836995928453,0.9748785382667724,0.6257449094963558,9.841106187034257e-05,13,8,0.570087712549569,2500,OLS_iid,iid,False,5
5,5,5001,1,10001,True,110,False,100,0.8560040164143231,3.3332592328079045,0.46432897990051164,0.404235548232546,1.3323793423638166,1.3846532068200497,0.5729221412644325,8.1132718218384e-05,13,8,0.570087712549569,2500,OLS_iid,iid,False,5
5,5,5001,17,170001,True,107,False,100,0.6675444134378812,2.9096100660972297,0.5017080600842834,0.4432300934989207,1.2577099978236455,1.2840577718677324,0.572824596475722,0.00010215320584086307,13,8,0.570087712549569,2500,OLS_iid,iid,False,5
5,5,5001,13,130001,True,111,False,100,0.7622937846217469,2.995142451953143,0.43185666640628173,0.3672323984652964,0.8751874270177575,1.078223876944496,0.5642284562046855,9.561482503908258e-05,13,8,0.570087712549569,2500,OLS_iid,iid,False,5
5,5,5001,15,150001,True,110,False,100,0.6532913944757328,2.9801355092786252,0.48410454861801916,0.42650357130466454,0.8645509263637853,1.1328873502481236,0.5893508887973213,8.630805322166824e-05,13,8,0.570087712549569,2500,OLS_iid,iid,False,5
5,5,5001,22,220001,True,108,False,100,0.7782072645093546,2.877583913039416,0.41273177404959155,0.35771366141830757,0.6806026981875003,1.0018074013721618,0.6197511009126824,8.603493439878093e-05,13,8,0.570087712549569,2500,OLS_iid,iid,False,5
5,5,5001,24,240001,True,106,False,100,0.8573263233675178,2.8288830197416246,0.5101580855801794,0.4529208964054662,0.892362132541875,1.2795212607221704,0.4729815211736171,9.488848030789069e-05,13,8,0.570087712549569,2500,OLS_iid,iid,False,5
5,5,5001,23,230001,True,111,False,100,0.6023814891064135,2.9620827278122306,0.43055944971634524,0.36902822476173386,0.8330742675813644,1.00217631964968,0.6247040837726678,8.996486157684705e-05,13,8,0.570087712549569,2500,OLS_iid,iid,False,5
5,5,5001,29,290001,True,108,False,100,0.7672738920630345,2.8331670481711626,0.48881699456201916,0.42457807752838855,1.2096539168699816,1.263771985445044,0.5016020640203681,8.946076654010734e-05,13,8,0.570087712549569,2500,OLS_iid,iid,False,5
5,6,6001,7,70001,True,102,False,100,0.752797959847825,2.7341973152942955,0.5727731824846715,0.5195227062845784,1.1124880822212115,1.5486427446869468,0.5360220500875037,0.00012261420169401774,13,8,0.570087712549569,2500,OLS_iid,iid,False,5
5,5,5001,27,270001,True,110,False,100,0.6557385688505591,2.902749987784773,0.47586721569219825,0.42449177222050444,1.1154394287727039,1.186548880246602,0.5515695133595171,9.053941783008955e-05,13,8,0.570087712549569,2500,OLS_iid,iid,False,5
5,5,5001,26,260001,True,110,False,100,0.7526449899579917,2.9409682219848037,0.5111974291911507,0.4488782543059336,0.8988637430339923,1.201217203023061,0.5274202283209259,9.341718857377036e-05,13,8,0.570087712549569,2500,OLS_iid,iid,False,5
5,6,6001,24,240001,True,105,False,100,0.8573263233675178,2.488162600900978,0.46032588149783926,0.3956689627296836,0.9389595389754707,0.9851652824923547,0.6570550159898487,0.00010458485426367217,13,8,0.570087712549569,2500,OLS_iid,iid,False,5
5,5,5001,21,210001,True,111,False,100,0.7431400910314013,3.1726860059425235,0.482428415648754,0.4235856222576165,1.05717183068592,1.1792291744765884,0.5322385929895639,9.16835869243913e-05,13,8,0.570087712549569,2500,OLS_iid,iid,False,5
5,5,5001,25,250001,True,111,False,100,0.8712557646081711,3.0089352359063923,0.4978279999364644,0.43982380548118605,1.0181377114540902,1.3426787505140145,0.5404309313750675,9.82948645821784e-05,13,8,0.570087712549569,2500,OLS_iid,iid,False,5
5,5,5001,28,280001,True,107,False,100,0.8304813982898618,2.962131307926029,0.49315658094682596,0.4331613715606525,0.8486217001263858,1.1520721165223131,0.5760272376565558,9.999889637104541e-05,13,8,0.570087712549569,2500,OLS_iid,iid,False,5
5,6,6001,8,80001,True,111,False,100,0.7378021846205323,2.8036237969063222,0.44896747767497175,0.38896249622990237,1.133012720988404,0.9887374851465518,0.682738563778789,0.00010759639388883571,13,8,0.570087712549569,2500,OLS_iid,iid,False,5
5,6,6001,2,20001,True,113,False,100,0.6481448255893074,2.8864791546948254,0.5056640365846364,0.4527327872790284,0.9074604113554183,1.2148088637789323,0.5277971730630371,9.717838822574539e-05,13,8,0.570087712549569,2500,OLS_iid,iid,False,5
5,6,6001,6,60001,True,109,False,100,0.6355162989249991,2.839623508043587,0.48169731933818566,0.4226367123310763,0.9384599192447771,1.0161695040430059,0.6687787547545837,0.0001083029848296075,13,8,0.570087712549569,2500,OLS_iid,iid,False,5
5,6,6001,10,100001,True,109,False,100,0.6838385837225557,2.855433305259794,0.515701477076495,0.45610694696079346,0.9453814775362782,1.2918524707656645,0.4749284181792075,0.00010187862404348478,13,8,0.570087712549569,2500,OLS_iid,iid,False,5
5,6,6001,4,40001,True,109,False,100,0.6497839792320272,2.8914450062438846,0.5663300723808368,0.5101855944330692,0.9227045006991117,1.4364912744508689,0.461404320134063,9.75572677818914e-05,13,8,0.570087712549569,2500,OLS_iid,iid,False,5
5,6,6001,0,1,True,111,False,100,0.8105587581235082,2.9989499230869114,0.5022785595164772,0.44400870680564675,1.078961961253001,1.2005129883186254,0.5472387240245535,8.421271790732419e-05,13,8,0.570087712549569,2500,OLS_iid,iid,False,5
5,6,6001,9,90001,True,110,False,100,0.8702724024523968,2.869668805040419,0.46380880612623254,0.40130839383461636,0.9402004187081112,1.0803813341820199,0.5848268343252301,8.8111117747433e-05,13,8,0.570087712549569,2500,OLS_iid,iid,False,5
5,6,6001,19,190001,True,107,False,100,0.6700104930430736,2.6969909532926977,0.4818839435109611,0.4221076989315264,0.919329144489998,1.0817485295723206,0.6167184847642292,0.00010432032244841491,13,8,0.570087712549569,2500,OLS_iid,iid,False,5
5,5,5001,20,200001,True,110,False,100,0.6590887302757289,3.298622620757669,0.48587173517536264,0.4255245100923218,0.8875140495467404,1.1726445813326323,0.5369561531385552,9.292276861870311e-05,13,8,0.570087712549569,2500,OLS_iid,iid,False,5
5,6,6001,5,50001,True,109,False,100,0.7981756372625675,2.933450570795685,0.5194088194142853,0.45209648475512537,1.016659921139213,1.2093005337355769,0.5718765339101892,9.87989488326862e-05,13,8,0.570087712549569,2500,OLS_iid,iid,False,5
5,6,6001,11,110001,True,109,False,100,0.5452943238107938,2.8730102591216564,0.5176158491149848,0.4603019167255326,1.1785700444679106,1.312472894992255,0.5602477676465475,0.00010365926954144196,13,8,0.570087712549569,2500,OLS_iid,iid,False,5
5,6,6001,1,10001,True,113,False,100,0.8560040164143231,3.1262562358751893,0.5291965339892969,0.470638682630013,1.0955338445165785,1.306614281630332,0.5148460545071105,8.57820338220635e-05,13,8,0.570087712549569,2500,OLS_iid,iid,False,5
5,6,6001,15,150001,True,109,False,100,0.6532913944757328,2.9096415149979293,0.47620305664898205,0.4423898385181443,0.9857066866232495,1.4946584017751658,0.5229514527145218,8.426078491053235e-05,13,8,0.570087712549569,2500,OLS_iid,iid,False,5
5,6,6001,16,160001,True,110,False,100,0.7794654686395939,2.903946289792657,0.5322929472768511,0.47304592057202555,0.9517391057306991,1.3054619512188146,0.4962516958143002,9.51369384080136e-05,13,8,0.570087712549569,2500,OLS_iid,iid,False,5
5,6,6001,12,120001,True,108,False,100,0.718277789532749,2.9823865117505193,0.47063916891520063,0.4131609365556651,1.280256642156645,1.0723988580168675,0.6954737921606055,0.00010645342074051607,13,8,0.570087712549569,2500,OLS_iid,iid,False,5
5,6,6001,3,30001,True,113,False,100,0.930410464698022,3.110089411959052,0.5043963098576361,0.45004967004797475,0.9621203113978211,1.3198254063789396,0.4058239040951116,6.470644192719295e-05,13,8,0.570087712549569,2500,OLS_iid,iid,False,5
5,6,6001,14,140001,True,112,False,100,0.7565004818916076,2.976793594658375,0.465786745103786,0.4103484015885771,0.9565238424556572,1.3125776908427123,0.5670769319911074,8.874193740307337e-05,13,8,0.570087712549569,2500,OLS_iid,iid,False,5
5,6,6001,21,210001,True,110,False,100,0.7431400910314013,2.867263332940638,0.5550633453770667,0.5040286745961304,1.0898722274842076,1.4265274043367082,0.4513047202789493,9.252819014482497e-05,13,8,0.570087712549569,2500,OLS_iid,iid,False,5
5,6,6001,18,180001,True,110,False,100,0.7280983049752222,2.9585018469952047,0.5061646152040571,0.43873214374991687,1.0632561973097112,1.4466840318762209,0.511583634952925,9.53776551863978e-05,13,8,0.570087712549569,2500,OLS_iid,iid,False,5
5,6,6001,22,220001,True,111,False,100,0.7782072645093546,2.9064106810837984,0.49626141575271715,0.446376173820862,1.1036586001488957,1.659809723012995,0.48285032630237656,8.697538670556948e-05,13,8,0.570087712549569,2500,OLS_iid,iid,False,5
5,6,6001,23,230001,True,110,False,100,0.6023814891064135,2.8967141550965607,0.5241739365000722,0.4592546707553326,0.9885905246760305,1.4041431456355364,0.48768249458509916,9.169748332071372e-05,13,8,0.570087712549569,2500,OLS_iid,iid,False,5
5,6,6001,25,250001,True,108,False,100,0.8712557646081711,2.7993688699789345,0.551692889143259,0.4959286818864259,1.0950669821928634,1.6675324278519361,0.5251025077682276,9.194625320133727e-05,13,8,0.570087712549569,2500,OLS_iid,iid,False,5
5,6,6001,20,200001,True,111,False,100,0.6590887302757289,2.9750698478892446,0.4646615073353899,0.3988071646094772,0.9499014599084002,1.1368993948344732,0.5463248108689334,8.946917075033592e-05,13,8,0.570087712549569,2500,OLS_iid,iid,False,5
5,6,6001,17,170001,True,112,False,100,0.6675444134378812,3.1068056477233768,0.600080251765617,0.5618918742719513,1.1376921721271094,1.6241178228617694,0.42136482858206836,0.00010679077002470607,13,8,0.570087712549569,2500,OLS_iid,iid,False,5
5,6,6001,26,260001,True,109,False,100,0.7526449899579917,2.893417161423713,0.5221523921335169,0.4659501435902541,1.1497162395883282,1.1999241518834036,0.5668696246594507,9.637162586003569e-05,13,8,0.570087712549569,2500,OLS_iid,iid,False,5
5,6,6001,27,270001,True,112,False,100,0.6557385688505591,2.934416202828288,0.5224336717776482,0.4725937871645716,1.0351532055573758,1.2563491830150884,0.5288119578104453,0.00010148851996632544,13,8,0.570087712549569,2500,OLS_iid,iid,False,5
5,6,6001,29,290001,True,109,False,100,0.7672738920630345,2.9214888429269195,0.5163928550714494,0.45595672350536864,0.9678628226560424,1.2368875569541844,0.5525531538141957,8.799625606405424e-05,13,8,0.570087712549569,2500,OLS_iid,iid,False,5
5,7,7001,6,60001,True,108,False,100,0.6355162989249991,2.85227577900514,0.5031654466771671,0.45005803012435996,0.766665296126026,1.0945005534745047,0.6168552047985636,0.00010959770639976542,13,8,0.570087712549569,2500,OLS_iid,iid,False,5
5,7,7001,0,1,True,111,False,100,0.8105587581235082,2.9457419249229133,0.4972977715637011,0.4410054344677803,0.8109780158718649,1.2485085891036038,0.47105682674053057,8.149831791014946e-05,13,8,0.570087712549569,2500,OLS_iid,iid,False,5
5,7,7001,8,80001,True,106,False,100,0.7378021846205323,2.843634286429733,0.4847847046370325,0.42019064903882053,0.9483325320986538,1.0953041333479305,0.635838768937495,0.00011330524750185034,13,8,0.570087712549569,2500,OLS_iid,iid,False,5
5,7,7001,7,70001,True,107,False,100,0.752797959847825,2.85148865589872,0.4723184837691158,0.4042592613306046,1.1609035853493936,1.102332147685051,0.6569781672872512,0.00011866200022768951,13,8,0.570087712549569,2500,OLS_iid,iid,False,5
5,6,6001,13,130001,True,112,False,100,0.7622937846217469,3.3172667468898,0.5372827810313359,0.48003587789514246,0.9773055487113561,1.3626327738048039,0.4967327303594274,9.448314678862139e-05,13,8,0.570087712549569,2500,OLS_iid,iid,False,5
5,6,6001,28,280001,True,111,False,100,0.8304813982898618,3.0206993049941957,0.525143956344504,0.46702902753550407,1.0913315543165822,1.3097035614224515,0.5248688025642502,9.601220247139199e-05,13,8,0.570087712549569,2500,OLS_iid,iid,False,5
5,7,7001,5,50001,True,109,False,100,0.7981756372625675,2.9133055969141424,0.5342991470891891,0.471695917494099,0.8828410497139645,1.2774602511820474,0.5033675452939275,9.727039173216497e-05,13,8,0.570087712549569,2500,OLS_iid,iid,False,5
6,0,1,0,1,True,32,False,100,0.8105587581235082,0.764761904720217,0.4867245355151914,0.4084040046230192,1.0130920765407359,1.5650941889748538,0.5475548626103183,0.06554601125664711,13,8,0.570087712549569,2500,OLS_iid,iid,False,5
5,7,7001,2,20001,True,111,False,100,0.6481448255893074,3.039712636731565,0.4359690986202254,0.3741857245724742,1.0811724912808083,1.0419665555961388,0.6461367048623936,8.510783425347884e-05,13,8,0.570087712549569,2500,OLS_iid,iid,False,5
5,7,7001,1,10001,True,113,False,100,0.8560040164143231,3.0478152837604284,0.5079484968491659,0.446319072292325,1.0864208474136248,5.923164762895501,0.4779075186526856,7.848069155651341e-05,13,8,0.570087712549569,2500,OLS_iid,iid,False,5
5,7,7001,4,40001,True,114,False,100,0.6497839792320272,3.045524693094194,0.5124617342398774,0.46317151784452437,1.1288061932637103,1.408176381082214,0.4914437761803825,8.764707086859525e-05,13,8,0.570087712549569,2500,OLS_iid,iid,False,5
5,7,7001,9,90001,True,111,False,100,0.8702724024523968,3.001250415109098,0.4975860148952968,0.4340274919159842,0.8752683219893875,1.21143120476007,0.5166187571583953,9.544307728316639e-05,13,8,0.570087712549569,2500,OLS_iid,iid,False,5
5,7,7001,12,120001,True,110,False,100,0.718277789532749,2.9130932888947427,0.5258192651310468,0.46944844233828087,1.211264924998715,1.2972390779718546,0.5666869343619534,0.00010504728688019309,13,8,0.570087712549569,2500,OLS_iid,iid,False,5
6,0,1,4,40001,True,35,False,100,0.6497839792320272,0.8305691052228212,0.42754107322155055,0.3599246942399846,1.431448400660655,1.4532616138017989,0.5913095299461243,0.06675405224099643,13,8,0.570087712549569,2500,OLS_iid,iid,False,5
5,7,7001,3,30001,True,116,False,100,0.930410464698022,3.142560760024935,0.49528857359633194,0.43587078596337697,0.8473751240865537,1.338685084818398,0.3722421312644593,6.117890267799666e-05,13,8,0.570087712549569,2500,OLS_iid,iid,False,5
6,0,1,14,140001,True,32,False,100,0.7565004818916076,0.7650495818816125,0.46962965452773725,0.38393958269231054,1.0883020021606236,0.9800733375171145,0.6456880606628083,0.061745404209049545,13,8,0.570087712549569,2500,OLS_iid,iid,False,5
5,7,7001,10,100001,True,115,False,100,0.6838385837225557,3.040424421429634,0.5362499151197007,0.48064303570758354,1.0989621993899967,1.3819920050481564,0.48169908759731705,9.568828547829939e-05,13,8,0.570087712549569,2500,OLS_iid,iid,False,5
6,0,1,8,80001,True,33,False,100,0.7378021846205323,0.8738212687894702,0.4953157271299343,0.42575793765945086,0.9850094625791389,1.2195847603990675,0.5331054982728191,0.06323275860217281,13,8,0.570087712549569,2500,OLS_iid,iid,False,5
5,7,7001,11,110001,True,118,False,100,0.5452943238107938,3.0765190119855106,0.4524619524314435,0.3941073274364075,0.8551029185644444,1.0114117964492388,0.6364818079813451,9.537252952346266e-05,13,8,0.570087712549569,2500,OLS_iid,iid,False,5
6,0,1,12,120001,True,34,False,100,0.718277789532749,0.8209880390204489,0.43430697063128776,0.3528407781877681,1.016019481337551,1.001683769744986,0.5883397907938113,0.06371323882002855,13,8,0.570087712549569,2500,OLS_iid,iid,False,5
6,0,1,3,30001,True,37,False,100,0.930410464698022,0.9597824630327523,0.40930762414511435,0.3389141463152103,0.811587002629029,0.9969635068661697,0.565098159449481,0.07255492438318334,13,8,0.570087712549569,2500,OLS_iid,iid,False,5
6,0,1,2,20001,True,42,False,100,0.6481448255893074,0.9800724661909044,0.49882343821498387,0.42626563701645703,1.0247990721309987,1.42860781679074,0.5255361835396662,0.06408915217222452,13,8,0.570087712549569,2500,OLS_iid,iid,False,5
6,0,1,17,170001,True,33,False,100,0.6675444134378812,0.8304820349439979,0.46469929442950264,0.3901381789621246,0.9058491699562004,1.0658330179168067,0.5800981444750599,0.062161574587043716,13,8,0.570087712549569,2500,OLS_iid,iid,False,5
5,7,7001,18,180001,True,108,False,100,0.7280983049752222,2.911740758921951,0.5511174235503093,0.5011191104395579,1.006340276264043,1.4533759362514922,0.45579267858808753,0.0001008000373215121,13,8,0.570087712549569,2500,OLS_iid,iid,False,5
5,7,7001,13,130001,True,112,False,100,0.7622937846217469,3.0086261578835547,0.3915641087575394,0.30623210001032924,0.9271704325917558,0.9361070514993364,0.654879735911293,8.935829869787189e-05,13,8,0.570087712549569,2500,OLS_iid,iid,False,5
6,0,1,29,290001,True,34,False,100,0.7672738920630345,0.6108333170413971,0.41879558521265065,0.34370772063866695,0.9921647858904015,1.011491946341307,0.5776109882124729,0.06891780659370347,13,8,0.570087712549569,2500,OLS_iid,iid,False,5
6,0,1,18,180001,True,36,False,100,0.7280983049752222,0.8503618207760155,0.4506753948129908,0.3727189122361831,1.0078214839586923,1.0268557137991925,0.5797318914626075,0.06266892620390666,13,8,0.570087712549569,2500,OLS_iid,iid,False,5
5,7,7001,17,170001,True,109,False,100,0.6675444134378812,2.922406426165253,0.4291656028106902,0.3657990487374032,0.8076570850959076,0.9782929190026047,0.6568326665760477,9.275084549547266e-05,13,8,0.570087712549569,2500,OLS_iid,iid,False,5
5,7,7001,15,150001,True,112,False,100,0.6532913944757328,3.0126749873161316,0.4786321792763375,0.4179609857042387,0.8918683780174265,1.079386780688217,0.6096463412342279,8.756152923533764e-05,13,8,0.570087712549569,2500,OLS_iid,iid,False,5
6,0,1,16,160001,True,36,False,100,0.6213926441787622,0.8693803232163191,0.5092725497533531,0.43205839133069873,1.0825193993616917,1.327339804005673,0.39592655772871793,0.06543024085214746,13,8,0.570087712549569,2500,OLS_iid,iid,False,5
5,7,7001,16,160001,True,110,False,100,0.7794654686395939,2.9323480799794197,0.5161545759878818,0.45345839984452485,0.9967865798940595,1.3031146633176727,0.4860297092246631,9.086583361933235e-05,13,8,0.570087712549569,2500,OLS_iid,iid,False,5
6,0,1,13,130001,True,35,False,100,0.7622937846217469,0.9121466721408069,0.47521301661394316,0.39062614729101747,0.8585370186890608,1.7614297485862198,0.5772978055467491,0.06566994583135899,13,8,0.570087712549569,2500,OLS_iid,iid,False,5
5,7,7001,14,140001,True,114,False,100,0.7565004818916076,3.042594124097377,0.566206790376045,0.5128985414131327,1.1647988104715514,1.4285346469950304,0.45296414783219546,9.161733363436447e-05,13,8,0.570087712549569,2500,OLS_iid,iid,False,5
6,0,1,19,190001,True,32,False,100,0.6700104930430736,0.7713025039993227,0.4093331995369441,0.32833657380969533,0.9519262586870404,0.8900108633828082,0.6583303485050492,0.06422785306176343,13,8,0.570087712549569,2500,OLS_iid,iid,False,5
5,7,7001,19,190001,True,108,False,100,0.6700104930430736,2.9247520184144378,0.5494014428176511,0.4967926362030652,1.2346320917112301,1.2498338275298346,0.5967317390899027,0.00010710400199270804,13,8,0.570087712549569,2500,OLS_iid,iid,False,5
6,0,1,10,100001,True,34,False,100,0.6838385837225557,1.0036943634040654,0.46242543900728944,0.380444819983207,0.9787492039752231,1.097984580038577,0.5360753584259157,0.0671800558546267,13,8,0.570087712549569,2500,OLS_iid,iid,False,5
6,0,1,21,210001,True,35,False,100,0.7431400910314013,0.828036705031991,0.42447060939119463,0.34405501559262314,0.8209174876526235,0.9028133733319709,0.6628520895784727,0.07046001201779176,13,8,0.570087712549569,2500,OLS_iid,iid,False,5
6,0,1,9,90001,True,37,False,100,0.8702724024523968,1.0361479418352246,0.42910135708364744,0.34464563625653505,0.8428626864449589,0.9231313077712724,0.6548897816207152,0.06497872011535824,13,8,0.570087712549569,2500,OLS_iid,iid,False,5
6,0,1,20,200001,True,36,False,100,0.6590887302757289,0.8499591751024127,0.45888520602350047,0.36921417869417983,0.8813134983059325,1.1463438097128262,0.6281669963001716,0.06029187875661362,13,8,0.570087712549569,2500,OLS_iid,iid,False,5
6,0,1,24,240001,True,33,False,100,0.8573263233675178,0.7878716057166457,0.4317466666562806,0.3583686089883038,0.9612515112354433,1.0151716553113304,0.5988142546251496,0.06183440208767893,13,8,0.570087712549569,2500,OLS_iid,iid,False,5
6,0,1,22,220001,True,36,False,100,0.7782072645093546,0.8383849840611219,0.5116987461941709,0.43975639829642943,1.0454126158322457,1.292876261618736,0.42016962271838626,0.06349402788826096,13,8,0.570087712549569,2500,OLS_iid,iid,False,5
6,0,1,7,70001,True,32,False,100,0.5246864878925127,1.090562589932233,0.477192304438481,0.3968918583333885,0.9819721653751541,0.9681474539296822,0.668108228612233,0.059489343001344744,13,8,0.570087712549569,2500,OLS_iid,iid,False,5
5,7,7001,26,260001,True,110,False,100,0.7526449899579917,2.779729331843555,0.5537850426137036,0.5042047439296125,0.9925547652296333,1.4882535595086646,0.3611036924577474,9.646557313716347e-05,13,8,0.570087712549569,2500,OLS_iid,iid,False,5
6,0,1,23,230001,True,37,False,100,0.5902109172571883,0.8664307971484959,0.3992395096846834,0.3239662257429252,0.9721330369244948,0.8980308594493678,0.6777968362424117,0.06486321813166551,13,8,0.570087712549569,2500,OLS_iid,iid,False,5
6,0,1,27,270001,True,32,False,100,0.6557385688505591,0.7645518961362541,0.4641746256220206,0.3949406313418112,1.111163684993781,1.0885836093041326,0.5551952638785077,0.06575108013565312,13,8,0.570087712549569,2500,OLS_iid,iid,False,5
6,0,1,1,10001,True,51,False,100,0.7952954463559883,1.2163089760579169,0.38063400721589985,0.3027537494452745,0.8898860642657911,0.8712725134381988,0.6651203391993307,0.0663353154819001,13,8,0.570087712549569,2500,OLS_iid,iid,False,5
6,0,1,25,250001,True,35,False,100,0.7700272617889334,0.8257894022390246,0.5033608716457736,0.42222856343476334,0.9770175464566762,1.1715963785399008,0.5637538536331953,0.0617163059937099,13,8,0.570087712549569,2500,OLS_iid,iid,False,5
5,8,8001,2,20001,True,111,False,100,0.6481448255893074,2.728018411900848,0.43602506395115553,0.37898982962979105,0.8711883726124673,1.0458527096398202,0.5816783152737977,8.868861460258634e-05,13,8,0.570087712549569,2500,OLS_iid,iid,False,5
5,7,7001,23,230001,True,112,False,100,0.6023814891064135,2.936655505094677,0.5147693502044267,0.45585615316168276,0.8670400752901479,1.188275333835045,0.5475801405359932,9.442610438383244e-05,13,8,0.570087712549569,2500,OLS_iid,iid,False,5
6,0,1,15,150001,True,46,False,100,0.6532913944757328,1.0874272151850164,0.4098800515010212,0.3302927608573222,0.9332081116477945,0.9166790431940088,0.6645562720613746,0.06200434390701528,13,8,0.570087712549569,2500,OLS_iid,iid,False,5
6,1,1001,0,1,True,35,False,100,0.8105587581235082,0.8199792471714318,0.4655493260723105,0.39159088648605933,1.2816560353891,1.0661346501343927,0.6273616716252046,0.06643439763235022,13,8,0.570087712549569,2500,OLS_iid,iid,False,5
6,0,1,5,50001,True,37,False,100,0.7981756372625675,1.2168533019721508,0.48940909557656165,0.4221411557410313,1.0843037690977435,1.159386268066383,0.5341247955746316,0.06650144174486956,13,8,0.570087712549569,2500,OLS_iid,iid,False,5
5,7,7001,22,220001,True,111,False,100,0.7782072645093546,3.036656041163951,0.45345497954788,0.39050036283831546,0.9408760653886227,1.0854060294588472,0.5925657256939407,9.21285454112204e-05,13,8,0.570087712549569,2500,OLS_iid,iid,False,5
5,8,8001,7,70001,True,102,False,100,0.752797959847825,2.7012090696953237,0.544326949765321,0.48896400786409977,1.041799801199354,1.2928008352069262,0.544434788154003,0.00012533043960392915,13,8,0.570087712549569,2500,OLS_iid,iid,False,5
5,7,7001,24,240001,True,111,False,100,0.8573263233675178,3.022207743022591,0.532519517076606,0.4923687484231788,1.1020770940535871,1.6797312960499569,0.5947608379357127,9.728134569522733e-05,13,8,0.570087712549569,2500,OLS_iid,iid,False,5
5,8,8001,0,1,True,109,False,100,0.8105587581235082,2.892387048806995,0.48622696362274404,0.42351542987797774,1.0613269618534302,1.2563688154612747,0.4849827608545112,8.355378466086537e-05,13,8,0.570087712549569,2500,OLS_iid,iid,False,5
6,1,1001,8,80001,True,31,False,100,0.7378021846205323,0.735663800034672,0.5253485672447811,0.4538130914403372,0.9548438817458592,1.2761764157185844,0.49055908324629277,0.06608065523602823,13,8,0.570087712549569,2500,OLS_iid,iid,False,5
5,7,7001,28,280001,True,111,False,100,0.8304813982898618,2.9468777468428016,0.49685988907545614,0.4338200305572032,0.9832520535564963,1.1424894697777026,0.5650984708097673,9.44853066015208e-05,13,8,0.570087712549569,2500,OLS_iid,iid,False,5
5,8,8001,5,50001,True,108,False,100,0.7981756372625675,2.842062948271632,0.5380553571594348,0.4832820366085832,1.1720191434800193,1.2602396400540543,0.5219989705137131,0.0001102472675361462,13,8,0.570087712549569,2500,OLS_iid,iid,False,5
5,7,7001,29,290001,True,113,False,100,0.7672738920630345,2.9513530116528273,0.5177685246135142,0.4598544823363827,1.0987795225861712,1.2550535342037956,0.47500897719333623,8.699217027263221e-05,13,8,0.570087712549569,2500,OLS_iid,iid,False,5
5,7,7001,27,270001,True,112,False,100,0.6557385688505591,2.9721916099078953,0.4860976558867905,0.4303241189725134,1.002173690174497,1.5023222102603024,0.6100645346963627,8.263607653583828e-05,13,8,0.570087712549569,2500,OLS_iid,iid,False,5
5,7,7001,25,250001,True,116,False,100,0.8712557646081711,3.076884930022061,0.4731590618161902,0.41006235327888674,1.1851829340319473,1.4716333902554593,0.5289892776309197,9.484613595302353e-05,13,8,0.570087712549569,2500,OLS_iid,iid,False,5
6,1,1001,5,50001,True,33,False,100,0.7981756372625675,0.7813437459990382,0.4359954984020855,0.35182724157799583,0.9081285725744531,1.0378705386748501,0.549233553418193,0.06473113269682622,13,8,0.570087712549569,2500,OLS_iid,iid,False,5
6,0,1,26,260001,True,42,False,100,0.7526449899579917,1.045048383064568,0.48169774400651527,0.40026150062659577,1.0064000938286823,1.0335358663029184,0.5971248383762139,0.0674644139038871,13,8,0.570087712549569,2500,OLS_iid,iid,False,5
6,1,1001,12,120001,True,30,False,100,0.718277789532749,0.7179828272201121,0.4796404372925363,0.40264002288631734,1.0360344389839444,1.1117623750956844,0.5192183277769773,0.06312740773683706,13,8,0.570087712549569,2500,OLS_iid,iid,False,5
5,7,7001,21,210001,True,111,False,100,0.7431400910314013,3.2449589972384274,0.519649711724545,0.4587426563198512,1.267896340445393,1.197221567754416,0.5792727239600013,9.372325303921284e-05,13,8,0.570087712549569,2500,OLS_iid,iid,False,5
5,8,8001,6,60001,True,105,False,100,0.6355162989249991,2.862932537216693,0.49901753414305944,0.4746436158619108,0.8790379243335872,1.1720765506726964,0.6340314204845217,0.00010706578634098345,13,8,0.570087712549569,2500,OLS_iid,iid,False,5
6,0,1,11,110001,True,55,False,100,0.5452943238107938,1.3607736960984766,0.4603698681402307,0.40318948346335515,1.1784462345774724,1.7861089972982942,0.6073606403475663,0.06338979496408235,13,8,0.570087712549569,2500,OLS_iid,iid,False,5
6,1,1001,3,30001,True,39,False,100,0.930410464698022,0.9131754338741302,0.4097939235600724,0.3276812295051583,0.8338550163098216,0.9945202026756947,0.5516104574378641,0.06735529995342081,13,8,0.570087712549569,2500,OLS_iid,iid,False,5
6,1,1001,6,60001,True,36,False,100,0.6355162989249991,0.8679643240757287,0.4749177226265312,0.3998434850387891,0.9993266600628337,1.3140555352636396,0.5900384032087106,0.06229853857551692,13,8,0.570087712549569,2500,OLS_iid,iid,False,5
5,8,8001,4,40001,True,108,False,100,0.6497839792320272,2.9589634030126035,0.5128628884462083,0.4514196884453421,0.9853158736413675,1.187107421139616,0.5708701161084652,8.623565456639844e-05,13,8,0.570087712549569,2500,OLS_iid,iid,False,5
5,8,8001,10,100001,True,109,False,100,0.6838385837225557,2.851379156112671,0.5030636069505882,0.4426837712920594,1.1148628496760895,1.3155083457599543,0.4848689586151914,8.988577579212702e-05,13,8,0.570087712549569,2500,OLS_iid,iid,False,5
5,7,7001,20,200001,True,115,False,100,0.6590887302757289,3.315785327926278,0.4850895936886824,0.4237954017337131,0.9252312167337088,1.2136592468349063,0.5306264716838525,8.605324103461993e-05,13,8,0.570087712549569,2500,OLS_iid,iid,False,5
5,8,8001,11,110001,True,108,False,100,0.5452943238107938,2.822708528023213,0.4418398832230425,0.37670590075275384,0.8569573325164097,1.006400693501546,0.6476962626923592,9.59738668500417e-05,13,8,0.570087712549569,2500,OLS_iid,iid,False,5
6,1,1001,10,100001,True,34,False,100,0.6838385837225557,0.8515619109384716,0.45286683570498476,0.3714499919940216,1.0924904826546358,1.0234930454480202,0.5952193288159072,0.06332627893906141,13,8,0.570087712549569,2500,OLS_iid,iid,False,5
5,8,8001,3,30001,True,113,False,100,0.930410464698022,3.0612808209843934,0.4807579702253052,0.4200338254208348,0.8655323388606191,1.231808412796466,0.5011962595707932,6.152103596671142e-05,13,8,0.570087712549569,2500,OLS_iid,iid,False,5
6,1,1001,14,140001,True,34,False,100,0.7565004818916076,0.8442532583139837,0.45447316201907423,0.3793991748855353,1.1565236075301364,1.0785982578207698,0.5688196570808726,0.0626816857763596,13,8,0.570087712549569,2500,OLS_iid,iid,False,5
5,8,8001,1,10001,True,113,False,100,0.8560040164143231,3.1254499428905547,0.46744067502483194,0.4004236974715999,1.0383088810031784,1.1414599043300733,0.5237351964121166,8.183377592857495e-05,13,8,0.570087712549569,2500,OLS_iid,iid,False,5
5,8,8001,8,80001,True,105,False,100,0.7378021846205323,2.959918966051191,0.47931137897243603,0.4229646693045499,0.9347333965641234,1.0217067523190893,0.6571861367787343,0.00011332945414404457,13,8,0.570087712549569,2500,OLS_iid,iid,False,5
6,1,1001,20,200001,True,32,False,100,0.6590887302757289,0.7170697138644755,0.4636505967146046,0.3834665315177413,0.9414919654828467,1.109574107669143,0.5090203783273664,0.06789014548980776,13,8,0.570087712549569,2500,OLS_iid,iid,False,5
6,1,1001,15,150001,True,35,False,100,0.6532913944757328,0.8225948759354651,0.4435294928986218,0.36177829421396407,0.9556240759722705,1.1219798414306397,0.5913195333939093,0.06696149147967305,13,8,0.570087712549569,2500,OLS_iid,iid,False,5
6,1,1001,4,40001,True,43,False,100,0.6497839792320272,1.0440761907957494,0.46508449921942463,0.38839379787247513,1.1886430712439335,1.0275485342572246,0.5629899245440877,0.06714463770985911,13,8,0.570087712549569,2500,OLS_iid,iid,False,5
6,1,1001,13,130001,True,35,False,100,0.7622937846217469,0.9091621059924364,0.42757999724555984,0.3396314308153277,1.12268668463016,1.0268563173681842,0.5655630341997367,0.06319845804569865,13,8,0.570087712549569,2500,OLS_iid,iid,False,5
5,8,8001,12,120001,True,107,False,100,0.718277789532749,2.927466127090156,0.44741165584176085,0.3846798223341889,0.8466682582227266,1.0105068793939078,0.639624421876797,0.00010254162648518324,13,8,0.570087712549569,2500,OLS_iid,iid,False,5
6,1,1001,24,240001,True,33,False,100,0.8573263233675178,0.7763905841857195,0.4136187944067761,0.3386376217496289,0.9199477368388156,0.906637554752595,0.6370717961775566,0.0655297736189353,13,8,0.570087712549569,2500,OLS_iid,iid,False,5
6,1,1001,19,190001,True,36,False,100,0.6700104930430736,0.839752062689513,0.5008158287336324,0.4238007611534001,1.1011147947050421,1.1451710227355096,0.6123129091010284,0.06265805286002131,13,8,0.570087712549569,2500,OLS_iid,iid,False,5
5,8,8001,13,130001,True,111,False,100,0.7622937846217469,2.938943888992071,0.5285187309155348,0.4690565715259044,0.8279399697074693,1.3491743168545725,0.5033687944653967,8.654697142318932e-05,13,8,0.570087712549569,2500,OLS_iid,iid,False,5
6,1,1001,18,180001,True,37,False,100,0.7280983049752222,0.8649996081367135,0.4561994883410496,0.3733902145998105,1.1398394084481112,6.410354881466306,0.5497002563687616,0.06497302754139862,13,8,0.570087712549569,2500,OLS_iid,iid,False,5
6,1,1001,16,160001,True,34,False,100,0.6213926441787622,0.9273617048747838,0.44317665299637715,0.36180452022827125,1.0211892431835106,0.9223556344372837,0.6883201328643437,0.06113544309376523,13,8,0.570087712549569,2500,OLS_iid,iid,False,5
6,1,1001,17,170001,True,36,False,100,0.6675444134378812,0.8910406557843089,0.43051262712433064,0.35445066352490645,0.9374202275206126,1.0119067267158144,0.5661846717832982,0.06652011370723196,13,8,0.570087712549569,2500,OLS_iid,iid,False,5
5,8,8001,9,90001,True,112,False,100,0.8702724024523968,3.1015122081153095,0.455571679526399,0.4030801387824716,1.4577591664647427,1.7062889375403374,0.6241878862817367,9.23481696973875e-05,13,8,0.570087712549569,2500,OLS_iid,iid,False,5
5,8,8001,17,170001,True,109,False,100,0.6675444134378812,2.9183533978648484,0.5230601175256245,0.4626742294710761,1.1896582105667868,1.3085196377726385,0.5215376204860865,9.70118474165337e-05,13,8,0.570087712549569,2500,OLS_iid,iid,False,5
6,1,1001,21,210001,True,35,False,100,0.7431400910314013,0.897540105972439,0.4354670513947279,0.36602219257033597,1.0905065272408843,1.0881654928589553,0.6048109565925259,0.06642428717332294,13,8,0.570087712549569,2500,OLS_iid,iid,False,5
5,8,8001,14,140001,True,114,False,100,0.7565004818916076,3.0003718622028828,0.49022178362953345,0.4237729932333992,1.0219926625754563,1.1637454084807515,0.5784748219569099,8.27334501161743e-05,13,8,0.570087712549569,2500,OLS_iid,iid,False,5
6,2,2001,10,100001,True,31,False,100,0.6838385837225557,0.7275176732800901,0.4934923065207185,0.41040913026272235,1.0918808676568994,1.1355869721880534,0.5452344437827257,0.06509415798932501,13,8,0.570087712549569,2500,OLS_iid,iid,False,5
6,1,1001,23,230001,True,37,False,100,0.5902109172571883,0.8715638071298599,0.4981243606209273,0.4242899393698315,1.0746374608876288,1.2099396383645498,0.501343049130634,0.06264813408191991,13,8,0.570087712549569,2500,OLS_iid,iid,False,5
5,8,8001,15,150001,True,109,False,100,0.6532913944757328,3.010702431667596,0.5142614938842581,0.4726631982200877,0.913930013621633,1.3000237787985989,0.48258025736819365,8.145052710686133e-05,13,8,0.570087712549569,2500,OLS_iid,iid,False,5
6,2,2001,4,40001,True,34,False,100,0.6497839792320272,0.7973417118191719,0.40348028127499846,0.3255953560936658,0.8635289093097636,0.8813344764884296,0.6715211423731634,0.06676411823226036,13,8,0.570087712549569,2500,OLS_iid,iid,False,5
6,2,2001,2,20001,True,31,False,100,0.6481448255893074,0.8215240552090108,0.5038995539335349,0.4337831114085725,1.2253112804214257,1.2441373897315728,0.4679192566254207,0.06824720003467245,13,8,0.570087712549569,2500,OLS_iid,iid,False,5
6,2,2001,5,50001,True,34,False,100,0.7981756372625675,0.8332625832408667,0.48318181169799096,0.4094214735626252,1.0419076866236205,1.0426130983818418,0.5963899789726927,0.06473504931721585,13,8,0.570087712549569,2500,OLS_iid,iid,False,5
6,2,2001,15,150001,True,32,False,100,0.6532913944757328,0.7357374089770019,0.4437233737779773,0.37021730390273316,1.0026028170252297,1.1633356981690746,0.5399300235837265,0.06269136160099247,13,8,0.570087712549569,2500,OLS_iid,iid,False,5
5,8,8001,20,200001,True,109,False,100,0.6590887302757289,2.8992497357539833,0.39884543445996906,0.3426050473033281,0.6376614538006061,0.9560192546838935,0.6451848694522768,8.671818917962763e-05,13,8,0.570087712549569,2500,OLS_iid,iid,False,5
6,2,2001,6,60001,True,30,False,100,0.6355162989249991,0.8293253039009869,0.49083214715171314,0.41956665893356165,0.9223070193551485,1.1059684906391438,0.544260095808018,0.0656280265837657,13,8,0.570087712549569,2500,OLS_iid,iid,False,5
5,8,8001,16,160001,True,112,False,100,0.7794654686395939,3.0177412070333958,0.5477495213105898,0.4894306160875591,0.9497779324712493,1.2773752785691461,0.5297885115368112,9.194487285826317e-05,13,8,0.570087712549569,2500,OLS_iid,iid,False,5
6,1,1001,27,270001,True,34,False,100,0.6557385688505591,0.876758387312293,0.4986114139920172,0.4257582572555648,1.3472496034597559,1.074891994075164,0.6030931498073404,0.06739015883232898,13,8,0.570087712549569,2500,OLS_iid,iid,False,5
6,1,1001,2,20001,True,58,False,100,0.6481448255893074,1.3586689927615225,0.44884965847459607,0.37659023070932274,0.9424259047112497,1.005368224211333,0.6067048774764456,0.0691555647751108,13,8,0.570087712549569,2500,OLS_iid,iid,False,5
5,8,8001,21,210001,True,111,False,100,0.7431400910314013,2.922378646209836,0.5173776535373599,0.49043344950701334,1.018509411410254,1.3639764223261523,0.4977663942813879,9.377985758894145e-05,13,8,0.570087712549569,2500,OLS_iid,iid,False,5
6,2,2001,16,160001,True,31,False,100,0.6213926441787622,0.7502271770499647,0.43656114190503065,0.35778433252531,0.9957244281907459,0.8594486064240486,0.7177680875890738,0.06097587512524744,13,8,0.570087712549569,2500,OLS_iid,iid,False,5
6,2,2001,7,70001,True,31,False,100,0.5246864878925127,0.8542925901710987,0.5117365851534017,0.4354157212569575,1.1123137543943158,1.1469030708554853,0.590623458366184,0.06064913577682146,13,8,0.570087712549569,2500,OLS_iid,iid,False,5
6,1,1001,26,260001,True,32,False,100,0.7526449899579917,0.9305226597934961,0.49443156579387915,0.4138609867351689,1.2265235282777602,1.346052812509432,0.44925481117388916,0.06742595528220936,13,8,0.570087712549569,2500,OLS_iid,iid,False,5
6,2,2001,0,1,True,34,False,100,0.8105587581235082,0.8933914178051054,0.48304462594720404,0.43173432809631035,0.8725474123600294,1.1015955107135806,0.5895982498678839,0.06643760782137481,13,8,0.570087712549569,2500,OLS_iid,iid,False,5
5,8,8001,27,270001,True,107,False,100,0.6557385688505591,2.8053336832672358,0.5102025443065682,0.4598180108088981,1.0501741120776307,2.093183888544122,0.5075918478570918,9.394385707579032e-05,13,8,0.570087712549569,2500,OLS_iid,iid,False,5
5,8,8001,28,280001,True,107,False,100,0.8304813982898618,2.8041653418913484,0.4609627422835098,0.39435514672150973,0.9203614921962895,1.1455262826753045,0.5487545402401839,0.00010313776726929375,13,8,0.570087712549569,2500,OLS_iid,iid,False,5
6,2,2001,14,140001,True,34,False,100,0.7565004818916076,0.8056349279358983,0.43580140041341847,0.3578559460583097,1.018044301076517,1.2845152405764966,0.5978522343007426,0.06385391514374973,13,8,0.570087712549569,2500,OLS_iid,iid,False,5
5,8,8001,18,180001,True,109,False,100,0.7280983049752222,2.997106006834656,0.5672318344610443,0.5197522653144135,1.0596740507956008,1.4411765657300686,0.4721583282135784,0.00010399086451505763,13,8,0.570087712549569,2500,OLS_iid,iid,False,5
6,2,2001,1,10001,True,38,False,100,0.7952954463559883,0.9362964946776628,0.49350633953121553,0.4118818250783908,1.122416242130519,1.181355086476964,0.5296396408120755,0.06498885048876846,13,8,0.570087712549569,2500,OLS_iid,iid,False,5
6,1,1001,22,220001,True,39,False,100,0.7782072645093546,1.0323918010108173,0.5112676195810599,0.4432249535061914,1.078197522721081,1.1782879836448923,0.50486965362936,0.06661059642435198,13,8,0.570087712549569,2500,OLS_iid,iid,False,5
6,2,2001,17,170001,True,34,False,100,0.6675444134378812,0.8162483959458768,0.45393129047299274,0.3750115104649756,1.126295286400773,1.071874965978568,0.6088981413017577,0.06532815153147274,13,8,0.570087712549569,2500,OLS_iid,iid,False,5
6,2,2001,9,90001,True,39,False,100,0.8702724024523968,0.9246278558857739,0.399725137020811,0.34164865625381197,0.8600314589722206,0.871430162937867,0.7185207229382399,0.06499036348653037,13,8,0.570087712549569,2500,OLS_iid,iid,False,5
6,2,2001,18,180001,True,35,False,100,0.7280983049752222,0.8217091527767479,0.4108926837315604,0.32932796195402525,0.8371881828399931,0.8964075819597797,0.6679188116948387,0.059038028183474214,13,8,0.570087712549569,2500,OLS_iid,iid,False,5
5,8,8001,25,250001,True,109,False,100,0.8712557646081711,2.8758854558691382,0.4482480832900435,0.3913992731725872,0.9058407329135895,1.0322853044206481,0.6066905769764077,8.496621587997229e-05,13,8,0.570087712549569,2500,OLS_iid,iid,False,5
6,2,2001,13,130001,True,38,False,100,0.7622937846217469,0.8720009126700461,0.48120911759167206,0.40544861892597833,0.8584279142371202,1.1473283150897093,0.5052608956797321,0.06384980515363657,13,8,0.570087712549569,2500,OLS_iid,iid,False,5
6,2,2001,8,80001,True,34,False,100,0.7378021846205323,0.9443537429906428,0.4777654306783361,0.39887414713349423,0.9334210040490802,1.0366472418558665,0.6397162563968551,0.06626461994112977,13,8,0.570087712549569,2500,OLS_iid,iid,False,5
6,1,1001,29,290001,True,43,False,100,0.7672738920630345,0.9959016130305827,0.37448606876229285,0.29884682016054265,0.7865782121785545,0.8990572755418534,0.6370281007157218,0.06934202246118436,13,8,0.570087712549569,2500,OLS_iid,iid,False,5
6,2,2001,3,30001,True,35,False,100,0.930410464698022,0.9907140340656042,0.4814056145348809,0.40544226599853767,0.9851167858819947,1.2072731372293177,0.4671403563161591,0.07063892276315564,13,8,0.570087712549569,2500,OLS_iid,iid,False,5
6,2,2001,23,230001,True,36,False,100,0.5902109172571883,0.7934346827678382,0.47396197697433207,0.3898432263042082,0.9481222923277668,1.0512086861866887,0.5667621916822763,0.06434186604453077,13,8,0.570087712549569,2500,OLS_iid,iid,False,5
6,1,1001,11,110001,True,53,False,100,0.5452943238107938,1.3568169567734003,0.4974507484149378,0.4234911763607186,0.8848880150355901,1.1375433390116676,0.5335326217454928,0.06468574170826177,13,8,0.570087712549569,2500,OLS_iid,iid,False,5
6,2,2001,19,190001,True,33,False,100,0.6700104930430736,0.8720606733113527,0.4330778123092698,0.35074288773670664,0.90997431618695,0.9064511871066576,0.7013638338022071,0.0616608926738346,13,8,0.570087712549569,2500,OLS_iid,iid,False,5
6,2,2001,29,290001,True,31,False,100,0.7672738920630345,0.7360249869525433,0.42954101085925844,0.3466052989919205,1.0415065407657984,0.9584650729273573,0.6559642028676185,0.06733158215634868,13,8,0.570087712549569,2500,OLS_iid,iid,False,5
6,0,1,28,280001,True,69,False,100,0.8304813982898618,1.6461989348754287,0.46226800653988037,0.3820380548024062,1.0161352037911804,0.9693948119531391,0.6586248322140834,0.06527649700034308,13,8,0.570087712549569,2500,OLS_iid,iid,False,5
5,9,9001,0,1,True,111,False,100,0.8105587581235082,2.8753115218132734,0.5563373770440044,0.5049651973898845,1.1535310244877492,1.5247655071545985,0.4018459718240937,9.219101023660769e-05,13,8,0.570087712549569,2500,OLS_iid,iid,False,5
6,2,2001,24,240001,True,34,False,100,0.8573263233675178,0.8484964747913182,0.43462566913400447,0.3540053433831458,1.0732375397666951,0.917514725812815,0.6922456121373071,0.061694519408170445,13,8,0.570087712549569,2500,OLS_iid,iid,False,5
6,2,2001,22,220001,True,32,False,100,0.7782072645093546,0.8885912648402154,0.4620522480562194,0.3866801963675598,1.130127074605225,0.9955467957409464,0.6416557244741854,0.06495084386045999,13,8,0.570087712549569,2500,OLS_iid,iid,False,5
6,2,2001,21,210001,True,39,False,100,0.7431400910314013,0.9118170151486993,0.5020177331606304,0.42119617311915636,1.0061674854725062,2.039797497805371,0.5573125398881882,0.060360961343792686,13,8,0.570087712549569,2500,OLS_iid,iid,False,5
5,8,8001,19,190001,True,107,False,100,0.6700104930430736,3.114717497024685,0.4872233878476877,0.4251409744632661,0.9322447437314271,1.1676342078644868,0.5568527802909814,0.0001039087216590107,13,8,0.570087712549569,2500,OLS_iid,iid,False,5
5,8,8001,29,290001,True,109,False,100,0.7672738920630345,2.990337258670479,0.4934192396463411,0.4296236530073569,1.061096562364849,1.1458570196315838,0.5888487746750783,8.033507455573619e-05,13,8,0.570087712549569,2500,OLS_iid,iid,False,5
5,9,9001,4,40001,True,108,False,100,0.6497839792320272,2.8622628822922707,0.4826352885954911,0.41508136101384696,0.9403952094428172,1.2575304658093458,0.5717611304473152,9.022411018603507e-05,13,8,0.570087712549569,2500,OLS_iid,iid,False,5
5,9,9001,7,70001,True,106,False,100,0.752797959847825,2.8280252083204687,0.4486903234912615,0.3902525689795234,1.2556420400312807,0.9664883037339311,0.7273535277935834,0.0001043424313754139,13,8,0.570087712549569,2500,OLS_iid,iid,False,5
5,8,8001,23,230001,True,117,False,100,0.6023814891064135,3.0569051541388035,0.4637210104269676,0.39537128577220587,0.9064228184710187,1.021987782011922,0.640933062780018,8.920881649406443e-05,13,8,0.570087712549569,2500,OLS_iid,iid,False,5
6,2,2001,27,270001,True,35,False,100,0.6557385688505591,0.8697572606615722,0.45411860859704756,0.3791336520543353,0.914488824480308,0.9991678512445527,0.5997863463317464,0.0650233508468835,13,8,0.570087712549569,2500,OLS_iid,iid,False,5
6,3,3001,1,10001,True,34,False,100,0.7952954463559883,0.799150827806443,0.4466943516102369,0.36792665183737844,1.0416646657141322,1.0228210892258127,0.6007638585090068,0.06385650571060542,13,8,0.570087712549569,2500,OLS_iid,iid,False,5
5,9,9001,2,20001,True,109,False,100,0.6481448255893074,2.93689434370026,0.4711663583302626,0.4092057067953784,1.0141669444456558,1.141410904138702,0.5814841074165772,9.102423196736311e-05,13,8,0.570087712549569,2500,OLS_iid,iid,False,5
6,3,3001,6,60001,True,31,False,100,0.6355162989249991,0.787915444932878,0.5213716999594095,0.4482545902508678,1.225511407890343,1.2045789185904563,0.572467550594394,0.06326997445180996,13,8,0.570087712549569,2500,OLS_iid,iid,False,5
5,9,9001,5,50001,True,111,False,100,0.7981756372625675,2.9014159380458295,0.5405618427282172,0.48367760172516194,1.064514667903816,1.282521574318115,0.5355933682211435,0.00010683963852856792,13,8,0.570087712549569,2500,OLS_iid,iid,False,5
6,3,3001,10,100001,True,31,False,100,0.6838385837225557,0.7353638121858239,0.4430160463304123,0.3641019460143578,0.9816526969108264,0.9085040462633897,0.6796455993252325,0.06453288963276022,13,8,0.570087712549569,2500,OLS_iid,iid,False,5
6,3,3001,12,120001,True,30,False,100,0.718277789532749,0.7257112371735275,0.4883527295906286,0.411887566715247,0.9680502956414794,1.1319237832069633,0.5650227109442959,0.06402384947541698,13,8,0.570087712549569,2500,OLS_iid,iid,False,5
5,8,8001,26,260001,True,111,False,100,0.7526449899579917,3.10074328398332,0.5042597209515336,0.44891758806427834,1.038042130160396,1.1167163492153436,0.6215305282612325,8.985823356785351e-05,13,8,0.570087712549569,2500,OLS_iid,iid,False,5
6,2,2001,20,200001,True,34,False,100,0.6590887302757289,1.0202655252069235,0.46690224425589866,0.38581273660705323,1.1439803695530475,1.1189385329423147,0.5534651277242033,0.06581016901080851,13,8,0.570087712549569,2500,OLS_iid,iid,False,5
5,9,9001,1,10001,True,113,False,100,0.8560040164143231,3.0606004847213626,0.4711209573419405,0.4057528851978401,0.9460468754045596,1.2904909004558123,0.5276363808032651,8.079622016036614e-05,13,8,0.570087712549569,2500,OLS_iid,iid,False,5
5,9,9001,12,120001,True,109,False,100,0.718277789532749,2.840110493823886,0.5253042050101995,0.49668924746935517,1.0293908011113069,1.7073623546340275,0.5646276013834391,0.00010953819604918034,13,8,0.570087712549569,2500,OLS_iid,iid,False,5
6,3,3001,9,90001,True,35,False,100,0.8702724024523968,0.8248043991625309,0.4840005988115043,0.3924891321600454,0.9299773920819472,1.1619053866695073,0.592499963683089,0.060502604676249634,13,8,0.570087712549569,2500,OLS_iid,iid,False,5
6,3,3001,16,160001,True,34,False,100,0.6213926441787622,0.7645662459544837,0.4669252841815922,0.3923035092134085,1.0666963360214314,1.1577295625602744,0.5882551645302778,0.0652003593981685,13,8,0.570087712549569,2500,OLS_iid,iid,False,5
5,9,9001,10,100001,True,108,False,100,0.6838385837225557,2.899636222049594,0.524927558884659,0.4660034507894166,0.9285283470868987,1.2798192213361095,0.4687766248958503,9.68726824453629e-05,13,8,0.570087712549569,2500,OLS_iid,iid,False,5
5,9,9001,6,60001,True,105,False,100,0.6355162989249991,3.0108624012209475,0.4910134177627108,0.4305356596887956,0.972064621934723,1.1500476133397655,0.6032298227620352,0.00010452601527958136,13,8,0.570087712549569,2500,OLS_iid,iid,False,5
6,2,2001,26,260001,True,41,False,100,0.7526449899579917,1.0450667729601264,0.4016394796715,0.3292446625675488,0.869688259063516,0.9254163681616091,0.6263033255513079,0.06500406631423583,13,8,0.570087712549569,2500,OLS_iid,iid,False,5
5,9,9001,9,90001,True,108,False,100,0.8702724024523968,2.944546174723655,0.4507320413084479,0.386108547637473,0.8715988691107522,1.0600321126087597,0.5964527936695679,9.430918242204925e-05,13,8,0.570087712549569,2500,OLS_iid,iid,False,5
6,1,1001,7,70001,True,70,False,100,0.5246864878925127,1.6916755624115467,0.35039462981825087,0.27532649833172534,1.0295301243167987,0.7264866120483878,0.7708199669543198,0.060033024076198455,13,8,0.570087712549569,2500,OLS_iid,iid,False,5
5,9,9001,3,30001,True,117,False,100,0.930410464698022,3.0790827716700733,0.4633501763842557,0.4095849191314761,0.9380982426308981,1.2206035092194631,0.43950066496028256,6.154046377939439e-05,13,8,0.570087712549569,2500,OLS_iid,iid,False,5
6,3,3001,8,80001,True,34,False,100,0.7378021846205323,0.8871585456654429,0.46089109750960444,0.3817046934516016,1.1239293428096702,1.0335269978008037,0.6569614962004414,0.058318834514899845,13,8,0.570087712549569,2500,OLS_iid,iid,False,5
6,3,3001,19,190001,True,31,False,100,0.6700104930430736,0.7994727962650359,0.5383573956373467,0.464435644792746,1.0117759435924765,1.1540699528962326,0.5898929365465678,0.06223453058959844,13,8,0.570087712549569,2500,OLS_iid,iid,False,5
5,8,8001,24,240001,True,107,False,100,0.8573263233675178,3.2406763900071383,0.5215786425775285,0.4648627088178972,0.9553112065002096,1.1594587110842178,0.5776947293718464,0.00010505527281152945,13,8,0.570087712549569,2500,OLS_iid,iid,False,5
6,3,3001,4,40001,True,36,False,100,0.6497839792320272,0.9605036182329059,0.4093495815044581,0.3328743875830887,0.9283139960079498,0.8835838868065323,0.6620366223504001,0.06828615700521619,13,8,0.570087712549569,2500,OLS_iid,iid,False,5
5,9,9001,18,180001,True,107,False,100,0.7280983049752222,2.7985036871396005,0.5230337881087478,0.46590260604606054,1.0279346880995663,1.4810336538972977,0.49103097954531816,9.890013159978645e-05,13,8,0.570087712549569,2500,OLS_iid,iid,False,5
6,3,3001,21,210001,True,33,False,100,0.7431400910314013,0.7770012896507978,0.4262289026587863,0.3496384804445211,0.9972284268293794,0.9389548666214343,0.6383070485151122,0.06602445126148818,13,8,0.570087712549569,2500,OLS_iid,iid,False,5
6,3,3001,14,140001,True,32,False,100,0.7565004818916076,0.8644479620270431,0.5240032013214432,0.4758678840147323,0.9534474313947132,1.2482161120779305,0.4854763747466984,0.06116624183488741,13,8,0.570087712549569,2500,OLS_iid,iid,False,5
5,9,9001,11,110001,True,106,False,100,0.5452943238107938,2.965586352162063,0.49824974761197754,0.4403053319907761,0.8340202314944487,1.1421049358165716,0.5812238134784693,0.00010061872969235997,13,8,0.570087712549569,2500,OLS_iid,iid,False,5
5,8,8001,22,220001,True,112,False,100,0.7782072645093546,3.3637246168218553,0.47393284909026434,0.41762596428445,1.0930054482622318,1.1439979503081625,0.6002723227244853,8.669033903766413e-05,13,8,0.570087712549569,2500,OLS_iid,iid,False,5
5,9,9001,8,80001,True,104,False,100,0.7378021846205323,3.0239235390909016,0.5372074052186125,0.4851002566505189,0.982449257646276,1.2167717783270815,0.5966487265681777,0.00011916927244101103,13,8,0.570087712549569,2500,OLS_iid,iid,False,5
5,9,9001,17,170001,True,108,False,100,0.6675444134378812,2.8447447391226888,0.48142658328768795,0.417015157873033,0.9340337385338211,1.1713065716285311,0.5068213152768333,9.451632240593475e-05,13,8,0.570087712549569,2500,OLS_iid,iid,False,5
6,3,3001,20,200001,True,35,False,100,0.6590887302757289,0.8449803018011153,0.4513377185645184,0.3812090255013786,1.000821886625804,1.3319447450527655,0.5342188217560365,0.0673437096519809,13,8,0.570087712549569,2500,OLS_iid,iid,False,5
5,9,9001,14,140001,True,110,False,100,0.7565004818916076,2.908184447325766,0.4719290892857093,0.4082950268245019,1.185921588662255,1.1648521617487755,0.5710595325500452,9.429578994565577e-05,13,8,0.570087712549569,2500,OLS_iid,iid,False,5
6,1,1001,1,10001,True,81,False,100,0.7952954463559883,1.9118954367004335,0.3929935629700646,0.3253065229236186,0.9851026857815806,0.815171703778038,0.6734265037593482,0.06650862736155143,13,8,0.570087712549569,2500,OLS_iid,iid,False,5
6,3,3001,22,220001,True,34,False,100,0.7782072645093546,0.8095962470397353,0.4990039860609428,0.42509215465367084,0.941091940250418,1.2310712132909933,0.44757899413565394,0.06580136916944417,13,8,0.570087712549569,2500,OLS_iid,iid,False,5
6,3,3001,26,260001,True,31,False,100,0.7526449899579917,0.7714948020875454,0.46705230789968416,0.39202397144624246,1.0749884266128311,1.0408608291896069,0.5608184051323282,0.06681950395753397,13,8,0.570087712549569,2500,OLS_iid,iid,False,5
6,3,3001,18,180001,True,39,False,100,0.7280983049752222,0.8931894097477198,0.38695752279922235,0.3148840566963524,0.6391793024609456,0.8730815923264064,0.6568486308542153,0.06255907015899936,13,8,0.570087712549569,2500,OLS_iid,iid,False,5
5,9,9001,20,200001,True,108,False,100,0.6590887302757289,2.7824354809708893,0.47272359652710877,0.41000416978488513,0.8626585056187489,1.1344681899204878,0.5587039667754896,9.118174869510687e-05,13,8,0.570087712549569,2500,OLS_iid,iid,False,5
6,3,3001,15,150001,True,35,False,100,0.6532913944757328,0.9322690670378506,0.40015188748475944,0.3285593420243869,0.7266084591044911,0.946285995666463,0.6057902490310431,0.06442867430059093,13,8,0.570087712549569,2500,OLS_iid,iid,False,5
6,3,3001,11,110001,True,35,False,100,0.5452943238107938,0.9707814683206379,0.4591809513931862,0.37539243764072183,1.072153626780871,0.9705330591584209,0.6519465510003796,0.06719197208231927,13,8,0.570087712549569,2500,OLS_iid,iid,False,5
5,9,9001,13,130001,True,110,False,100,0.7622937846217469,2.9821969429031014,0.5715196753060301,0.5197648571945161,1.0975044695088796,1.5372303546858013,0.46455836578138426,9.53660322961999e-05,13,8,0.570087712549569,2500,OLS_iid,iid,False,5
6,3,3001,25,250001,True,36,False,100,0.7700272617889334,0.8319843630306423,0.5284903930014199,0.4523128663381421,0.9494349397079274,1.288476690721231,0.48233331593405876,0.06065527984618766,13,8,0.570087712549569,2500,OLS_iid,iid,False,5
6,3,3001,24,240001,True,38,False,100,0.8573263233675178,0.8550896248780191,0.41692893442437334,0.33939954009636014,0.9386922146704617,0.9406934914085526,0.6137583034310606,0.06612844644154967,13,8,0.570087712549569,2500,OLS_iid,iid,False,5
5,9,9001,25,250001,True,110,False,100,0.8712557646081711,2.7756145927123725,0.5304523324612563,0.4709128752384478,1.1289737008385978,2.443437968748971,0.4948042112311548,9.740493904813026e-05,13,8,0.570087712549569,2500,OLS_iid,iid,False,5
5,9,9001,16,160001,True,115,False,100,0.7794654686395939,2.9697862188331783,0.44889928549419705,0.3800696467670417,1.1504773133802983,1.0824357512771887,0.6055380452116415,8.095645012834942e-05,13,8,0.570087712549569,2500,OLS_iid,iid,False,5
6,3,3001,17,170001,True,39,False,100,0.6675444134378812,0.9646029160358012,0.4998129253096423,0.42136993013672913,0.9854921173752671,1.1305224365916562,0.6043390213023895,0.06652599435396776,13,8,0.570087712549569,2500,OLS_iid,iid,False,5
6,3,3001,2,20001,True,42,False,100,0.6481448255893074,1.1095233629457653,0.4372795826748792,0.36526211930378494,1.0069607286188067,0.9992153795588755,0.6236732858480869,0.068648553319315,13,8,0.570087712549569,2500,OLS_iid,iid,False,5
5,9,9001,22,220001,True,110,False,100,0.7782072645093546,2.817296040710062,0.5173937952899103,0.4629605902262413,0.9020803529489384,1.3000544397408031,0.4660545488870682,9.309087960667566e-05,13,8,0.570087712549569,2500,OLS_iid,iid,False,5
6,0,1,6,60001,True,107,False,100,0.6355162989249991,2.4642535061575472,0.3117834049246876,0.24544246898145977,0.6345438948656463,0.6746355584581157,0.7968115665223846,0.06333877487701811,13,8,0.570087712549569,2500,OLS_iid,iid,False,5
5,9,9001,15,150001,True,111,False,100,0.6532913944757328,3.0134396511130035,0.5283006970959869,0.47062073647627234,1.0885472605368982,1.3019749925868833,0.5570131933712452,8.613078851826861e-05,13,8,0.570087712549569,2500,OLS_iid,iid,False,5
6,4,4001,0,1,True,34,False,100,0.8105587581235082,0.7896099118515849,0.4613484976910857,0.41226719173633825,1.0900548724673504,1.1867605758264275,0.6257674695935986,0.062147132971397595,13,8,0.570087712549569,2500,OLS_iid,iid,False,5
6,2,2001,28,280001,True,51,False,100,0.8304813982898618,1.2226602057926357,0.4469989558161098,0.3682539204957948,0.7918208922238879,0.9911408381719033,0.6096578685264681,0.06320127790498227,13,8,0.570087712549569,2500,OLS_iid,iid,False,5
5,9,9001,24,240001,True,108,False,100,0.8573263233675178,2.8312298231758177,0.49040065440915587,0.4333958740771987,1.1257647830530404,1.2076140179265222,0.5457513665523865,9.091765495391345e-05,13,8,0.570087712549569,2500,OLS_iid,iid,False,5
6,1,1001,28,280001,True,67,False,100,0.8304813982898618,1.5251979720778763,0.35803734083828515,0.2759548542328533,1.1015564066648404,0.7728911894445772,0.7501170443702067,0.06256051335417508,13,8,0.570087712549569,2500,OLS_iid,iid,False,5
6,3,3001,13,130001,True,37,False,100,0.7622937846217469,1.036137011833489,0.4768027985676356,0.397860651326221,0.9692237837321953,1.0569797940796968,0.6048516932682454,0.07255003268883675,13,8,0.570087712549569,2500,OLS_iid,iid,False,5
6,4,4001,6,60001,True,32,False,100,0.6355162989249991,0.7572052730247378,0.39651507847259476,0.3216689160727416,0.8791381272623364,0.8306709613040449,0.7160973059976979,0.05902071331209304,13,8,0.570087712549569,2500,OLS_iid,iid,False,5
6,4,4001,9,90001,True,32,False,100,0.8702724024523968,0.7448990792036057,0.5444827317217086,0.47090622345696265,1.113765225944978,1.2021016350372538,0.549534987942055,0.060655994383873625,13,8,0.570087712549569,2500,OLS_iid,iid,False,5
6,4,4001,7,70001,True,32,False,100,0.5246864878925127,0.7739737532101572,0.49185711755642886,0.41797505108150046,1.0631465469509551,1.020585414993162,0.6607104138855282,0.059720070714986945,13,8,0.570087712549569,2500,OLS_iid,iid,False,5
6,4,4001,1,10001,True,34,False,100,0.7952954463559883,0.8437309428118169,0.47447391876641937,0.3908351704075986,1.1541890902736804,1.0666617013946305,0.5755257672050748,0.06592978922442773,13,8,0.570087712549569,2500,OLS_iid,iid,False,5
6,3,3001,27,270001,True,33,False,100,0.6557385688505591,0.9551036590710282,0.4669530744101449,0.3940633818342483,1.0118186009531327,0.9766312160608968,0.6263095756987622,0.07098997058612677,13,8,0.570087712549569,2500,OLS_iid,iid,False,5
6,4,4001,2,20001,True,38,False,100,0.6481448255893074,0.864572421181947,0.5257486105478292,0.4573317275166083,1.10869840987257,1.336668997148673,0.4440540458691363,0.06372851758158633,13,8,0.570087712549569,2500,OLS_iid,iid,False,5
6,3,3001,3,30001,True,57,False,100,0.930410464698022,1.2296584122814238,0.505771739823833,0.4317129113932284,1.0834649824132863,1.265279807933505,0.40880767094675613,0.06843704888863936,13,8,0.570087712549569,2500,OLS_iid,iid,False,5
6,4,4001,16,160001,True,31,False,100,0.6213926441787622,0.7493438431993127,0.43650173702169115,0.34148979679913016,0.9606896841014162,0.8837203069980547,0.6882874499790413,0.06130453161658645,13,8,0.570087712549569,2500,OLS_iid,iid,False,5
6,4,4001,8,80001,True,36,False,100,0.7378021846205323,0.8211710280738771,0.463724281603635,0.383319509190773,0.9317050896087548,0.9783184263420203,0.6371141308847307,0.0643681673320937,13,8,0.570087712549569,2500,OLS_iid,iid,False,5
5,9,9001,27,270001,True,108,False,100,0.6557385688505591,2.861943125259131,0.4981892124853051,0.4479460607879477,0.9905831004826312,1.2525799235613548,0.49409999740675303,9.178572003524631e-05,13,8,0.570087712549569,2500,OLS_iid,iid,False,5
6,4,4001,14,140001,True,33,False,100,0.7565004818916076,0.7750637638382614,0.48825984155196167,0.40546460354437375,0.9753484024158399,1.1759040936152647,0.513293018804327,0.06470119787299015,13,8,0.570087712549569,2500,OLS_iid,iid,False,5
6,3,3001,29,290001,True,32,False,100,0.7672738920630345,0.9291453710757196,0.45746919139450914,0.40221574160501306,0.8229743100088704,1.1085825446332682,0.5428702373193816,0.06700178611097435,13,8,0.570087712549569,2500,OLS_iid,iid,False,5
6,4,4001,15,150001,True,34,False,100,0.6532913944757328,0.7948396811261773,0.4395550446207919,0.36468487116039855,0.946332218525766,0.954227417131781,0.6266023002600025,0.06970615227098265,13,8,0.570087712549569,2500,OLS_iid,iid,False,5
6,3,3001,5,50001,True,56,False,100,0.7981756372625675,1.275203068740666,0.5291606564907569,0.46583331577838266,1.4677376297288034,1.4457641814286382,0.4643618860075928,0.06414557998952482,13,8,0.570087712549569,2500,OLS_iid,iid,False,5
6,3,3001,23,230001,True,38,False,100,0.5902109172571883,1.07034298684448,0.4779132028727477,0.39907910931586515,0.9732464170790178,7.651886069432639,0.6010521837573688,0.06659884112878553,13,8,0.570087712549569,2500,OLS_iid,iid,False,5
5,9,9001,21,210001,True,111,False,100,0.7431400910314013,3.0251551000401378,0.5429773804150471,0.49201058166185174,1.1427128823910089,1.361760372929104,0.5022691203673906,8.649333234378494e-05,13,8,0.570087712549569,2500,OLS_iid,iid,False,5
6,4,4001,10,100001,True,38,False,100,0.6838385837225557,0.8787108408287168,0.4869119705986057,0.40385508163634687,1.1017643418969136,1.205341267109736,0.565974161536245,0.06379516000342728,13,8,0.570087712549569,2500,OLS_iid,iid,False,5
6,4,4001,21,210001,True,37,False,100,0.7431400910314013,0.8149684746749699,0.4130799038406024,0.3370300905933939,0.9770005394568932,0.9136642975860322,0.6366643259203515,0.06760088245712022,13,8,0.570087712549569,2500,OLS_iid,iid,False,5
6,4,4001,25,250001,True,35,False,100,0.7700272617889334,0.7968338057398796,0.48927579224696494,0.4096665442984519,0.8972455386136665,1.047007057582973,0.5995630561767141,0.06308537495919386,13,8,0.570087712549569,2500,OLS_iid,iid,False,5
6,4,4001,23,230001,True,33,False,100,0.5902109172571883,0.8148830160498619,0.5001365601593861,0.4232019257699813,1.1338988821483975,1.07793969264934,0.6502877621756957,0.06337119568468413,13,8,0.570087712549569,2500,OLS_iid,iid,False,5
6,4,4001,29,290001,True,34,False,100,0.7672738920630345,0.7838557660579681,0.4916912656036618,0.4151231037159369,1.0219093345393921,1.2116549451609753,0.4580603866608858,0.06735089540183899,13,8,0.570087712549569,2500,OLS_iid,iid,False,5
6,4,4001,13,130001,True,34,False,100,0.7622937846217469,0.8732575830072165,0.466525053855415,0.3871249685602175,1.0626615641063353,1.0372744838517263,0.5779588773428098,0.06349243937167692,13,8,0.570087712549569,2500,OLS_iid,iid,False,5
6,3,3001,0,1,True,57,False,100,0.8105587581235082,1.3972167139872909,0.34643289694957685,0.2760549437521689,0.7881149325008074,0.7892649585753609,0.710876978108633,0.06507879117595694,13,8,0.570087712549569,2500,OLS_iid,iid,False,5
6,4,4001,5,50001,True,37,False,100,0.7981756372625675,0.9541764562018216,0.44266782920030606,0.3562937302057051,0.9857119569526042,0.9557165256756976,0.6546592407886391,0.06029367115351627,13,8,0.570087712549569,2500,OLS_iid,iid,False,5
6,4,4001,20,200001,True,32,False,100,0.6590887302757289,0.8403369979932904,0.4107422439693326,0.3318354074910086,0.7955471966746339,0.9462134591804302,0.6331563760592829,0.06410970857791089,13,8,0.570087712549569,2500,OLS_iid,iid,False,5
6,4,4001,27,270001,True,32,False,100,0.6557385688505591,0.8034117752686143,0.4895328118430547,0.4159334719844626,0.9697407031841663,1.1292525647362452,0.5380378717338715,0.06306371080571443,13,8,0.570087712549569,2500,OLS_iid,iid,False,5
5,9,9001,29,290001,True,109,False,100,0.7672738920630345,2.881241235882044,0.5372439505444916,0.4771116145285249,1.266009743177924,1.4104583155057142,0.45861204386448673,9.293282063814083e-05,13,8,0.570087712549569,2500,OLS_iid,iid,False,5
6,5,5001,14,140001,True,31,False,100,0.7565004818916076,0.6949661150574684,0.454487098899011,0.38138135716932686,0.942591592615785,1.0259196007510887,0.5779043279838991,0.06692063488448051,13,8,0.570087712549569,2500,OLS_iid,iid,False,5
6,4,4001,26,260001,True,35,False,100,0.7526449899579917,0.8211216870695353,0.4959686684515294,0.41980916832001647,0.9283049833366775,1.2124608254009506,0.4430604480828535,0.07133130025143855,13,8,0.570087712549569,2500,OLS_iid,iid,False,5
5,9,9001,26,260001,True,109,False,100,0.7526449899579917,3.006186746992171,0.49109441078017585,0.4369108813176595,1.0915318402658147,1.1161253906463555,0.6237223419745311,8.990588877170418e-05,13,8,0.570087712549569,2500,OLS_iid,iid,False,5
6,4,4001,3,30001,True,36,False,100,0.930410464698022,1.0149063961580396,0.39384254485805453,0.3192669855017176,0.8289652924005965,0.9694430477925253,0.5767198042960595,0.06627537444212185,13,8,0.570087712549569,2500,OLS_iid,iid,False,5
5,9,9001,28,280001,True,110,False,100,0.8304813982898618,2.91853708634153,0.5013735370679528,0.4403817086643787,0.9979076925377028,1.1475678733983754,0.5895265618357698,9.110697958100358e-05,13,8,0.570087712549569,2500,OLS_iid,iid,False,5
6,4,4001,24,240001,True,34,False,100,0.8573263233675178,0.8730346350930631,0.43987846621794935,0.3651550363164779,0.9457723832478723,0.9513811043029373,0.6401426334830902,0.06897561749109433,13,8,0.570087712549569,2500,OLS_iid,iid,False,5
5,9,9001,19,190001,True,110,False,100,0.6700104930430736,3.197513794992119,0.4720187565973959,0.4084285890132767,0.9182515798686067,1.0096862902484243,0.6779603972263214,9.699045641018114e-05,13,8,0.570087712549569,2500,OLS_iid,iid,False,5
6,3,3001,28,280001,True,43,False,100,0.8304813982898618,1.1338979043066502,0.43804189609030453,0.36247949645663124,0.9574162404119038,0.9326751036855183,0.6778826250220912,0.06351518611828799,13,8,0.570087712549569,2500,OLS_iid,iid,False,5
6,5,5001,15,150001,True,32,False,100,0.6532913944757328,0.7445467109791934,0.44564680226774356,0.37324389709384576,0.8646584120497641,1.0080412645545924,0.5976413017573062,0.06397274363890149,13,8,0.570087712549569,2500,OLS_iid,iid,False,5
6,1,1001,9,90001,True,92,False,100,0.8702724024523968,2.175212385132909,0.3789936291986438,0.30019739596879735,0.8434349304880987,0.8343657510644241,0.6871111580512387,0.06391813674922758,13,8,0.570087712549569,2500,OLS_iid,iid,False,5
6,5,5001,20,200001,True,31,False,100,0.6590887302757289,0.7084715901874006,0.4678930812798153,0.38454192860580844,0.9251766843522129,1.308195061846001,0.5824970914236907,0.07006923180383184,13,8,0.570087712549569,2500,OLS_iid,iid,False,5
6,2,2001,11,110001,True,78,False,100,0.5452943238107938,1.7228787601925433,0.38958542800399776,0.30881842240354956,1.01394315103423,0.9608750281739998,0.6577146930960222,0.06972452625708746,13,8,0.570087712549569,2500,OLS_iid,iid,False,5
6,5,5001,8,80001,True,35,False,100,0.7378021846205323,0.8263844167813659,0.4538189371895615,0.37402477285631003,0.8498668154364883,1.0192197704958912,0.5951811159291606,0.06705684938933361,13,8,0.570087712549569,2500,OLS_iid,iid,False,5
6,4,4001,19,190001,True,34,False,100,0.6700104930430736,0.9730678698979318,0.4464229819268966,0.3618944381780873,1.0096176772583103,1.1098454763829362,0.5646429634684356,0.061840684525352456,13,8,0.570087712549569,2500,OLS_iid,iid,False,5
6,5,5001,4,40001,True,34,False,100,0.6497839792320272,0.8649113778956234,0.4774435606702127,0.39504299234934065,0.9723781411719756,1.1074105772693201,0.5217195447279337,0.07096766517621768,13,8,0.570087712549569,2500,OLS_iid,iid,False,5
6,5,5001,12,120001,True,32,False,100,0.718277789532749,0.8302415069192648,0.48080468096793555,0.40610893911761237,1.2416656861033795,1.0876835763215935,0.659547507093465,0.06517353274106807,13,8,0.570087712549569,2500,OLS_iid,iid,False,5
6,5,5001,13,130001,True,34,False,100,0.7622937846217469,0.8265172149986029,0.4477030472817062,0.3680990495786116,0.9510450937699867,1.0471505957726117,0.5875473168417903,0.06662597441981291,13,8,0.570087712549569,2500,OLS_iid,iid,False,5
6,5,5001,0,1,True,38,False,100,0.8105587581235082,0.9181558261625469,0.4337435479192885,0.36554432542337456,1.4120650800750019,1.2851649780164685,0.5780561835818012,0.06792085451353999,13,8,0.570087712549569,2500,OLS_iid,iid,False,5
6,5,5001,9,90001,True,36,False,100,0.8702724024523968,0.8773764418438077,0.5063235945368297,0.4211871809380269,0.9484209795488426,1.1747305581390943,0.5204736739154228,0.06726409050755291,13,8,0.570087712549569,2500,OLS_iid,iid,False,5
5,9,9001,23,230001,True,113,False,100,0.6023814891064135,3.2190175880678,0.4414649699008902,0.3783381872814587,1.3269973660996894,1.1483472287111103,0.5842416702718979,8.6338988256569e-05,13,8,0.570087712549569,2500,OLS_iid,iid,False,5
6,4,4001,28,280001,True,37,False,100,0.8304813982898618,0.9826811458915472,0.5366434679042156,0.46133415147678863,1.0497199345993176,1.5150346296098565,0.4713842998488896,0.06582155701920808,13,8,0.570087712549569,2500,OLS_iid,iid,False,5
6,5,5001,2,20001,True,40,False,100,0.6481448255893074,0.9446915299631655,0.42948625259868023,0.35033318303710226,0.9474067297200228,1.0300926754065063,0.5723254838712902,0.06528634594771136,13,8,0.570087712549569,2500,OLS_iid,iid,False,5
6,5,5001,24,240001,True,31,False,100,0.8573263233675178,0.7682418469339609,0.47728676873244213,0.4040259254203505,0.9110642826640246,1.153367460504851,0.5137154401433388,0.0654113946593366,13,8,0.570087712549569,2500,OLS_iid,iid,False,5
6,5,5001,21,210001,True,33,False,100,0.7431400910314013,0.796395958866924,0.46343778818089937,0.4266750845938547,1.0189703586066416,4.920951044091558,0.6067292040836085,0.0705751296288339,13,8,0.570087712549569,2500,OLS_iid,iid,False,5
6,4,4001,22,220001,True,39,False,100,0.7782072645093546,1.037821517791599,0.48430561669299116,0.41150685889138006,0.9698097516032271,1.057440001574604,0.6213938245663707,0.06400767736642256,13,8,0.570087712549569,2500,OLS_iid,iid,False,5
6,6,6001,0,1,True,31,False,100,0.8105587581235082,0.7297168457880616,0.5360655803413361,0.4646085459047813,0.9951838720097245,1.2389032805190598,0.5091253005463786,0.06587018546487154,13,8,0.570087712549569,2500,OLS_iid,iid,False,5
6,4,4001,11,110001,True,44,False,100,0.5452943238107938,1.119489355944097,0.3428981679078224,0.2773547826508055,0.7253821071426871,0.8101541591969293,0.7046539674646838,0.0645495834433978,13,8,0.570087712549569,2500,OLS_iid,iid,False,5
6,5,5001,11,110001,True,37,False,100,0.5452943238107938,0.917438430711627,0.42872554794914736,0.3437380972220472,1.1116917514393438,0.9974560917696296,0.6008269074677458,0.0640464319738615,13,8,0.570087712549569,2500,OLS_iid,iid,False,5
6,5,5001,19,190001,True,30,False,100,0.6700104930430736,0.8408109052106738,0.43220269621829893,0.347836338289203,1.1378014119151123,0.9783550085306392,0.6107374919419212,0.06380076520126593,13,8,0.570087712549569,2500,OLS_iid,iid,False,5
6,4,4001,18,180001,True,43,False,100,0.7280983049752222,1.0801913496106863,0.472898448016838,0.3944721161747361,0.8998900429685162,1.056084227531276,0.5728133717229377,0.06374853834774445,13,8,0.570087712549569,2500,OLS_iid,iid,False,5
6,5,5001,23,230001,True,32,False,100,0.5902109172571883,0.8012537718750536,0.45255804999723254,0.37695160280648393,0.767073265889063,1.0428838679718306,0.564480596057693,0.06413367477012691,13,8,0.570087712549569,2500,OLS_iid,iid,False,5
6,5,5001,1,10001,True,37,False,100,0.7952954463559883,0.9973530718125403,0.42472869942289515,0.3444458808776745,1.3129470935116718,1.0487847618561694,0.6211123343370737,0.0654893479981713,13,8,0.570087712549569,2500,OLS_iid,iid,False,5
6,5,5001,18,180001,True,31,False,100,0.7280983049752222,0.859183113090694,0.49569284242506106,0.4153340960712519,1.0563415550294093,1.0703072482534248,0.6054161284348206,0.06130308895028177,13,8,0.570087712549569,2500,OLS_iid,iid,False,5
6,5,5001,27,270001,True,32,False,100,0.6557385688505591,0.7843519132584333,0.486797902004734,0.416744876161741,1.011458530598542,1.1862899609933408,0.48206434241587665,0.0629402566627618,13,8,0.570087712549569,2500,OLS_iid,iid,False,5
6,2,2001,12,120001,True,83,False,100,0.718277789532749,1.854347061831504,0.36574084920694366,0.28872544452356175,1.0869632122673436,0.7537266478333449,0.771412830324647,0.06105515356413317,13,8,0.570087712549569,2500,OLS_iid,iid,False,5
6,5,5001,10,100001,True,31,False,100,0.6838385837225557,0.9523630500771105,0.4981862335086138,0.42188512470042383,1.1474916369934696,1.1578717550335154,0.5551777640360571,0.06411560087958337,13,8,0.570087712549569,2500,OLS_iid,iid,False,5
6,5,5001,26,260001,True,32,False,100,0.7526449899579917,0.8058883962221444,0.41799070244693454,0.34223699103368455,0.881384827267351,0.9248822764832211,0.6563247774608622,0.06525350054688142,13,8,0.570087712549569,2500,OLS_iid,iid,False,5
6,5,5001,16,160001,True,30,False,100,0.6213926441787622,0.9074530880898237,0.5040272401209922,0.4245642562263289,1.0758188688569839,1.0544830477888283,0.6138989123543711,0.06526175411113762,13,8,0.570087712549569,2500,OLS_iid,iid,False,5
6,5,5001,22,220001,True,35,False,100,0.7782072645093546,0.8495662868954241,0.42333189380216696,0.3530950299142082,0.8023661124688343,0.9150793875433365,0.6509076703374895,0.06453922246008306,13,8,0.570087712549569,2500,OLS_iid,iid,False,5
6,5,5001,3,30001,True,33,False,100,0.930410464698022,1.038730091881007,0.4202976437133619,0.34664016019690014,1.0429429557813892,0.9567327933648729,0.5930090746123329,0.0686627865184133,13,8,0.570087712549569,2500,OLS_iid,iid,False,5
6,5,5001,7,70001,True,30,False,100,0.5246864878925127,1.0320578729733825,0.5025070226610101,0.4278903472328093,1.0230111610462778,1.1252106050858266,0.6088568197669246,0.060860074475562485,13,8,0.570087712549569,2500,OLS_iid,iid,False,5
6,5,5001,25,250001,True,34,False,100,0.7700272617889334,0.8736550807952881,0.4705825203345338,0.3795491054252362,0.9577992831474487,1.2585449946661764,0.6212208598809098,0.06560046674629982,13,8,0.570087712549569,2500,OLS_iid,iid,False,5
6,6,6001,4,40001,True,33,False,100,0.6497839792320272,0.7756059300154448,0.43685710331460426,0.3642294101303269,0.7948528407253723,1.0203217718804238,0.5539595540295085,0.06949259039906538,13,8,0.570087712549569,2500,OLS_iid,iid,False,5
6,6,6001,14,140001,True,32,False,100,0.7565004818916076,0.7385617578402162,0.47200894660897996,0.41145258620496783,0.8963824849477555,1.1532281436600296,0.515695218317493,0.06495721788065198,13,8,0.570087712549569,2500,OLS_iid,iid,False,5
6,6,6001,9,90001,True,34,False,100,0.8702724024523968,0.7747021168470383,0.5375166449261936,0.45867813685837133,0.9489987266174609,1.2983666128146303,0.4920588281665577,0.06680463269230513,13,8,0.570087712549569,2500,OLS_iid,iid,False,5
6,6,6001,7,70001,True,30,False,100,0.5246864878925127,0.8029089490883052,0.5309224036863196,0.45880085991752895,1.1244399268572607,1.2053856215561183,0.5725076153772376,0.062371610361336594,13,8,0.570087712549569,2500,OLS_iid,iid,False,5
6,6,6001,16,160001,True,30,False,100,0.6213926441787622,0.7492020148783922,0.5348876286889697,0.45731312724841877,1.072375876272431,1.270934047759846,0.4762388919846964,0.064631773891098,13,8,0.570087712549569,2500,OLS_iid,iid,False,5
6,6,6001,26,260001,True,31,False,100,0.7526449899579917,0.7107088430784643,0.4943648086824244,0.4205332640666057,0.9202175019741863,1.1615054687639599,0.514372126812742,0.06707025635616148,13,8,0.570087712549569,2500,OLS_iid,iid,False,5
6,4,4001,17,170001,True,49,False,100,0.6675444134378812,1.250283061992377,0.5272172700132534,0.4543846500387291,1.0118282523294622,1.2402771719888517,0.48840210746783613,0.06768321918398441,13,8,0.570087712549569,2500,OLS_iid,iid,False,5
6,1,1001,25,250001,True,101,False,100,0.7700272617889334,2.188906740397215,0.2698388850102983,0.19980842204326313,0.684901734562802,0.6401816771620871,0.7978946285883657,0.06320769877885414,13,8,0.570087712549569,2500,OLS_iid,iid,False,5
6,6,6001,1,10001,True,35,False,100,0.7952954463559883,0.9211356118321419,0.4889920653254465,0.412210512369437,0.9728985317732717,1.0536264031451492,0.6090454141093635,0.0689502348210487,13,8,0.570087712549569,2500,OLS_iid,iid,False,5
6,6,6001,13,130001,True,32,False,100,0.7622937846217469,0.8245177511125803,0.42594324660727506,0.3349207809513378,0.978124651254767,0.8961196324391301,0.6705291086370622,0.06578391963697673,13,8,0.570087712549569,2500,OLS_iid,iid,False,5
6,6,6001,3,30001,True,38,False,100,0.930410464698022,0.8857075371779501,0.4448824591986964,0.3519814340078441,1.1017363230685067,1.0075616171764892,0.566009996857827,0.06775956188500577,13,8,0.570087712549569,2500,OLS_iid,iid,False,5
6,6,6001,24,240001,True,32,False,100,0.8573263233675178,0.7542251357808709,0.4369552712834163,0.36305974297819193,0.9461470249886281,0.9525975998612297,0.6499418484468272,0.06339721995022714,13,8,0.570087712549569,2500,OLS_iid,iid,False,5
6,6,6001,23,230001,True,33,False,100,0.5902109172571883,0.7908253618516028,0.4543717856872603,0.3735243510899192,1.0894226767023938,1.025495673077204,0.5922087018067995,0.06089845374295978,13,8,0.570087712549569,2500,OLS_iid,iid,False,5
6,6,6001,29,290001,True,32,False,100,0.7672738920630345,0.7572271833196282,0.5163727877913038,0.43621685325006554,1.0705793461738735,1.216727479780531,0.49596726859582135,0.0635470377927619,13,8,0.570087712549569,2500,OLS_iid,iid,False,5
6,6,6001,12,120001,True,35,False,100,0.718277789532749,0.8510101363062859,0.4387148956747406,0.3558726679657944,0.940024579105253,1.0803916487297742,0.5200687420858089,0.06412269134825234,13,8,0.570087712549569,2500,OLS_iid,iid,False,5
6,6,6001,11,110001,True,33,False,100,0.5452943238107938,0.8602306339889765,0.49333328067938714,0.4180416695112546,0.9132170392162414,1.0736862865690517,0.5891359289308581,0.06415328346244306,13,8,0.570087712549569,2500,OLS_iid,iid,False,5
6,5,5001,17,170001,True,47,False,100,0.6675444134378812,1.1103751962073147,0.46627108786423593,0.38812730529714146,1.1349956859808534,1.0590961952317395,0.5970411334317017,0.06409121476577213,13,8,0.570087712549569,2500,OLS_iid,iid,False,5
6,6,6001,27,270001,True,31,False,100,0.6557385688505591,0.7941786157898605,0.4623929174355467,0.38953226825533055,0.8939224971523076,1.0271780708439464,0.5722116668377513,0.0654257151155568,13,8,0.570087712549569,2500,OLS_iid,iid,False,5
6,6,6001,20,200001,True,33,False,100,0.6590887302757289,0.8415092597715557,0.40528049173908354,0.3256808800455597,0.91237970376729,0.8874601109207053,0.665346664395074,0.06288896063039734,13,8,0.570087712549569,2500,OLS_iid,iid,False,5
6,2,2001,25,250001,True,79,False,100,0.7700272617889334,1.9659379767253995,0.3200221140368903,0.24910140157737304,0.7009113315373809,0.7060771769007391,0.7695165499923607,0.06267102599908772,13,8,0.570087712549569,2500,OLS_iid,iid,False,5
6,6,6001,8,80001,True,33,False,100,0.7378021846205323,0.9200712712481618,0.5088114733120231,0.4328964130053258,1.1594002675441266,1.1310289648691378,0.6194050495401396,0.06756848633429893,13,8,0.570087712549569,2500,OLS_iid,iid,False,5
6,6,6001,18,180001,True,31,False,100,0.7280983049752222,0.8608359703794122,0.4391762330122555,0.3568197856527065,0.8406978608324301,0.9363251595789205,0.6609442209783211,0.0646365478904218,13,8,0.570087712549569,2500,OLS_iid,iid,False,5
6,7,7001,6,60001,True,30,False,100,0.6355162989249991,0.7411419972777367,0.49532486837218853,0.42038116961819416,0.9071209427953167,1.1470220133462665,0.5505581583133965,0.06380821742242983,13,8,0.570087712549569,2500,OLS_iid,iid,False,5
6,6,6001,2,20001,True,33,False,100,0.6481448255893074,0.9982525049708784,0.45689905923864194,0.3880129609235024,0.9993388703451386,1.0995855714935954,0.5181657965098944,0.06259998835127054,13,8,0.570087712549569,2500,OLS_iid,iid,False,5
6,6,6001,19,190001,True,32,False,100,0.6700104930430736,0.8661149092949927,0.42958578522281926,0.3402464848419123,0.9642279055317824,0.9944999950442386,0.6025672370641463,0.06279865728757501,13,8,0.570087712549569,2500,OLS_iid,iid,False,5
6,6,6001,5,50001,True,41,False,100,0.7981756372625675,0.9658877961337566,0.5143406146132896,0.44225539680912507,0.9897173548790168,1.15598691807034,0.561654840781784,0.061675458768840306,13,8,0.570087712549569,2500,OLS_iid,iid,False,5
6,6,6001,6,60001,True,39,False,100,0.6355162989249991,0.9703626818954945,0.4666015539043556,0.39071112570926825,1.0055606316233525,1.1388026294981644,0.5413371241708085,0.06031475428369707,13,8,0.570087712549569,2500,OLS_iid,iid,False,5
6,6,6001,17,170001,True,30,False,100,0.6675444134378812,0.9179865173064172,0.41613886761148067,0.33692922870422604,0.876044693077613,0.9216495528779498,0.6432817969577144,0.06438810180082281,13,8,0.570087712549569,2500,OLS_iid,iid,False,5
6,6,6001,22,220001,True,35,False,100,0.7782072645093546,0.9095254722051322,0.420973682911215,0.34878819545839956,0.8643353155090913,0.9472238351744063,0.6047517943173103,0.06267789450620836,13,8,0.570087712549569,2500,OLS_iid,iid,False,5
6,3,3001,7,70001,True,80,False,100,0.5246864878925127,1.8926478549838066,0.33438689322132703,0.2525774845344517,0.8413662393663909,0.6780927993599547,0.8013113765331072,0.05995953453466243,13,8,0.570087712549569,2500,OLS_iid,iid,False,5
6,5,5001,5,50001,True,54,False,100,0.7981756372625675,1.3025636970996857,0.39770285842839065,0.32373622206683067,0.7678998948577996,0.9618175997310976,0.6083544795614301,0.06862426932534507,13,8,0.570087712549569,2500,OLS_iid,iid,False,5
6,7,7001,5,50001,True,35,False,100,0.7981756372625675,0.8242281433194876,0.4571294092147567,0.38000237493811756,0.8659702388896711,1.0334277612453466,0.590063539873869,0.06602690963080306,13,8,0.570087712549569,2500,OLS_iid,iid,False,5
6,4,4001,4,40001,True,62,False,100,0.6497839792320272,1.5448041409254074,0.38752522095662534,0.30589501115954654,0.9260773636628478,0.8911986620720554,0.6394886226731054,0.06745484704239332,13,8,0.570087712549569,2500,OLS_iid,iid,False,5
6,5,5001,29,290001,True,34,False,100,0.7672738920630345,1.1168606062419713,0.4228988697730025,0.3408176123080341,1.0433227112327164,0.9601444524965694,0.6503746028868586,0.06810050938678819,13,8,0.570087712549569,2500,OLS_iid,iid,False,5
6,7,7001,8,80001,True,33,False,100,0.7378021846205323,0.8418673370033503,0.4453049345129736,0.3704532511218584,0.9597489379782637,0.9180679625726607,0.6893354918157938,0.06471659629269998,13,8,0.570087712549569,2500,OLS_iid,iid,False,5
6,6,6001,28,280001,True,39,False,100,0.8304813982898618,0.9224971919320524,0.4280269712262098,0.33785521851100264,0.9441156792721072,1.893036551476909,0.6803232410968635,0.06265465625907937,13,8,0.570087712549569,2500,OLS_iid,iid,False,5
6,7,7001,0,1,True,36,False,100,0.8105587581235082,0.9129481669515371,0.43944703718359174,0.3653096154032773,0.8836922659155872,0.9830243799245422,0.6014701145558643,0.06422378979535476,13,8,0.570087712549569,2500,OLS_iid,iid,False,5
6,7,7001,21,210001,True,34,False,100,0.7431400910314013,0.7619816861115396,0.50244725938632,0.45199826542142973,1.2005026914212433,2.1110674188500616,0.5214546001392465,0.06628539106644207,13,8,0.570087712549569,2500,OLS_iid,iid,False,5
6,6,6001,15,150001,True,42,False,100,0.6532913944757328,0.9960201126523316,0.4431052014652423,0.36678572797386155,1.0863828471452495,1.0140007703128404,0.5891108264903652,0.0688354018644863,13,8,0.570087712549569,2500,OLS_iid,iid,False,5
6,7,7001,9,90001,True,37,False,100,0.8702724024523968,0.852432506158948,0.407760228374445,0.3298042263419506,0.7900330920731756,0.9223830165405253,0.6497603549535836,0.06720447396091708,13,8,0.570087712549569,2500,OLS_iid,iid,False,5
6,7,7001,4,40001,True,34,False,100,0.6497839792320272,0.8843927881680429,0.5101189186883455,0.4286194003399071,1.1160619964183882,1.2083475762847193,0.5664542263575709,0.06986529261955352,13,8,0.570087712549569,2500,OLS_iid,iid,False,5
6,7,7001,11,110001,True,34,False,100,0.5452943238107938,0.8362321308813989,0.522890165680739,0.45027340656642684,1.015991116762901,1.2351960760375567,0.5114352528238493,0.06479844694476039,13,8,0.570087712549569,2500,OLS_iid,iid,False,5
6,7,7001,12,120001,True,33,False,100,0.718277789532749,0.8348854212090373,0.43545718559788976,0.35794306225870215,0.946105137813364,0.9231327272667615,0.6515283487665037,0.06229777930808558,13,8,0.570087712549569,2500,OLS_iid,iid,False,5
6,7,7001,13,130001,True,32,False,100,0.7622937846217469,0.8370963837951422,0.49973700465763354,0.43456251943970214,1.0891563450426325,1.5256399627147916,0.4791294169223275,0.06835704467605132,13,8,0.570087712549569,2500,OLS_iid,iid,False,5
6,7,7001,7,70001,True,35,False,100,0.5246864878925127,0.8748821909539402,0.41108853167276316,0.33737661603272423,0.9053675702752052,0.8594064377172094,0.7018796416502676,0.06081786410735359,13,8,0.570087712549569,2500,OLS_iid,iid,False,5
6,7,7001,24,240001,True,32,False,100,0.8573263233675178,0.7516872161068022,0.5177938227334505,0.4424530274431536,1.2167863991787014,1.3419397003398355,0.5306495693865493,0.0665965302613556,13,8,0.570087712549569,2500,OLS_iid,iid,False,5
6,7,7001,14,140001,True,37,False,100,0.7565004818916076,0.8491773498244584,0.46416065833319475,0.3914381664073553,0.9453628869024657,1.467751238884766,0.5778378460197333,0.06119790784775523,13,8,0.570087712549569,2500,OLS_iid,iid,False,5
6,7,7001,26,260001,True,33,False,100,0.7526449899579917,0.74921412486583,0.39396131369603565,0.3193410862894014,0.7113253695051213,0.8255220978100446,0.7113069070269263,0.0667012216768815,13,8,0.570087712549569,2500,OLS_iid,iid,False,5
6,7,7001,16,160001,True,33,False,100,0.6213926441787622,0.8466697693802416,0.508583501260628,0.43081119425990533,1.016896728231548,1.127454307914603,0.579405758272241,0.0625464909631524,13,8,0.570087712549569,2500,OLS_iid,iid,False,5
6,8,8001,0,1,True,33,False,100,0.8105587581235082,0.7211987017653883,0.4437000027834373,0.3944387212502042,0.8304498676291618,1.155544148033605,0.556204456098151,0.06484401021358449,13,8,0.570087712549569,2500,OLS_iid,iid,False,5
6,7,7001,15,150001,True,35,False,100,0.6532913944757328,0.8577319639734924,0.3360046318681939,0.2752681207448728,0.608031955043245,0.7634234046263598,0.7271978532836441,0.06576041539473736,13,8,0.570087712549569,2500,OLS_iid,iid,False,5
6,7,7001,2,20001,True,35,False,100,0.6481448255893074,0.9531060750596225,0.45042844766336326,0.380002494994364,1.2194037796865715,1.0140080022586309,0.6167114450252819,0.06726304380341477,13,8,0.570087712549569,2500,OLS_iid,iid,False,5
6,7,7001,1,10001,True,35,False,100,0.7952954463559883,0.9643455273471773,0.44708852524259984,0.38493025694832156,0.7457834972853038,1.3360110277365431,0.612543783181268,0.06603486204603914,13,8,0.570087712549569,2500,OLS_iid,iid,False,5
6,7,7001,19,190001,True,37,False,100,0.6700104930430736,0.84943851782009,0.421636954852519,0.3406195953491717,0.8495881283399676,0.9151159726220728,0.6705465751733056,0.06454121237173781,13,8,0.570087712549569,2500,OLS_iid,iid,False,5
6,7,7001,27,270001,True,33,False,100,0.6557385688505591,0.7768595712259412,0.4323238943475651,0.35896679909374396,1.0303696183423523,1.120811850186662,0.6086188510102206,0.06774867147281342,13,8,0.570087712549569,2500,OLS_iid,iid,False,5
6,7,7001,20,200001,True,38,False,100,0.6590887302757289,0.8665246162563562,0.3955176601154798,0.32072338920721194,0.8192833862670104,0.9602822647023226,0.5651553199865493,0.06978895689623767,13,8,0.570087712549569,2500,OLS_iid,iid,False,5
6,7,7001,18,180001,True,36,False,100,0.7280983049752222,0.9025892461650074,0.4288938869787634,0.3456039370570493,1.1055059315819005,0.9000446258457604,0.6541756698759544,0.0664412560204697,13,8,0.570087712549569,2500,OLS_iid,iid,False,5
6,8,8001,8,80001,True,31,False,100,0.7378021846205323,0.7335206759162247,0.4000580493523532,0.32125298718792955,0.8582700061053602,0.8464143939011398,0.6913951056520885,0.06540551722711167,13,8,0.570087712549569,2500,OLS_iid,iid,False,5
6,8,8001,6,60001,True,32,False,100,0.6355162989249991,0.7486914792098105,0.516058852170728,0.4438520536886422,1.052392366537335,1.1048294003597987,0.5922377575795625,0.06561735771482351,13,8,0.570087712549569,2500,OLS_iid,iid,False,5
6,8,8001,7,70001,True,30,False,100,0.5246864878925127,0.7493942528963089,0.494197061437344,0.4185160864550308,1.1652436457292537,1.094209908019101,0.6383684369899747,0.06419096974320193,13,8,0.570087712549569,2500,OLS_iid,iid,False,5
6,5,5001,6,60001,True,63,False,100,0.6355162989249991,1.4840948497876525,0.31955283318632643,0.25422088237225665,0.6783770985057516,0.6784220844274655,0.7925222402144986,0.06220663056782546,13,8,0.570087712549569,2500,OLS_iid,iid,False,5
6,8,8001,16,160001,True,30,False,100,0.6213926441787622,0.7282818472012877,0.5197013547894699,0.4697779635114475,0.9856229751355681,1.5422424705182822,0.4061635385402687,0.06314262275309222,13,8,0.570087712549569,2500,OLS_iid,iid,False,5
6,8,8001,3,30001,True,34,False,100,0.930410464698022,0.8131261286325753,0.43965729445804896,0.36441454839875537,1.2521590007544094,1.2060414886410056,0.4872361385344309,0.06876252163536546,13,8,0.570087712549569,2500,OLS_iid,iid,False,5
6,8,8001,1,10001,True,35,False,100,0.7952954463559883,0.8311833990737796,0.4738903611661369,0.3929835010920779,0.9601270909189981,1.1443130825557277,0.5176950670535756,0.06219395399360378,13,8,0.570087712549569,2500,OLS_iid,iid,False,5
6,7,7001,25,250001,True,38,False,100,0.7700272617889334,0.8821163452230394,0.4251505069018749,0.341828624177581,0.99916764447386,2.0521341178308385,0.6527136102169432,0.06292325614270919,13,8,0.570087712549569,2500,OLS_iid,iid,False,5
6,8,8001,12,120001,True,32,False,100,0.718277789532749,0.7782188402488828,0.5106236788191757,0.4352717550413683,0.9206194236113188,1.2126770718563264,0.49953251598273185,0.06209994936697776,13,8,0.570087712549569,2500,OLS_iid,iid,False,5
6,8,8001,14,140001,True,32,False,100,0.7565004818916076,0.7680900590494275,0.4996550180352135,0.4161368574951479,0.9982557564922505,2.1190559484377767,0.5711266333708063,0.06040926372408203,13,8,0.570087712549569,2500,OLS_iid,iid,False,5
6,8,8001,19,190001,True,31,False,100,0.6700104930430736,0.7459247298538685,0.4990462266299543,0.43241597470486315,1.1034949371486658,1.8305063749088413,0.538759263013725,0.06611043982159273,13,8,0.570087712549569,2500,OLS_iid,iid,False,5
6,8,8001,10,100001,True,34,False,100,0.6838385837225557,0.8275058278813958,0.46243470972150796,0.37590567332120356,1.0420723893846635,1.0367923211008745,0.5974493501241812,0.06686544228568049,13,8,0.570087712549569,2500,OLS_iid,iid,False,5
6,8,8001,25,250001,True,32,False,100,0.7700272617889334,0.7285881550051272,0.4589527652116432,0.3644638191189414,0.9783306205019847,0.9788158309152023,0.6587295194015462,0.06267748745165481,13,8,0.570087712549569,2500,OLS_iid,iid,False,5
6,8,8001,4,40001,True,36,False,100,0.6497839792320272,0.861953740939498,0.4499036909987851,0.3744363176219726,1.2930464566589828,1.2517134359207769,0.5238599601937294,0.06367335088334265,13,8,0.570087712549569,2500,OLS_iid,iid,False,5
6,8,8001,18,180001,True,34,False,100,0.7280983049752222,0.8298678500577807,0.5066231392751168,0.42924492279950444,0.9370630412283826,1.1833472484575136,0.5240676553229754,0.06324316168544271,13,8,0.570087712549569,2500,OLS_iid,iid,False,5
6,8,8001,17,170001,True,34,False,100,0.6675444134378812,0.8574801362119615,0.5075136540835338,0.4346869644176205,0.9741512894718499,1.1838716189999263,0.5390968262262753,0.06714267531461955,13,8,0.570087712549569,2500,OLS_iid,iid,False,5
6,8,8001,2,20001,True,34,False,100,0.6481448255893074,0.9410276678390801,0.5166086179792633,0.4495568442337872,1.2326217926273424,1.288258435304818,0.5356963949076888,0.06966203275368146,13,8,0.570087712549569,2500,OLS_iid,iid,False,5
6,8,8001,21,210001,True,34,False,100,0.7431400910314013,0.8191961417905986,0.43289301219404697,0.3606426980939081,0.7794261580991405,0.9448650352630071,0.6324407472185447,0.06556225660539965,13,8,0.570087712549569,2500,OLS_iid,iid,False,5
6,8,8001,20,200001,True,33,False,100,0.6590887302757289,0.8543628500774503,0.47532023191305484,0.3942404795260929,1.0250056452851117,1.1710307795615336,0.531544290212611,0.06387328045013292,13,8,0.570087712549569,2500,OLS_iid,iid,False,5
6,6,6001,21,210001,True,38,False,100,0.7431400910314013,1.2672904198989272,0.5482732809201097,0.4786280978698013,1.1296291233355524,1.264081929979102,0.4363149609744467,0.07121222648892986,13,8,0.570087712549569,2500,OLS_iid,iid,False,5
6,8,8001,26,260001,True,36,False,100,0.7526449899579917,0.8138150139711797,0.4533766541271705,0.3743401897950356,1.0231414865077213,0.9391168807382024,0.638292304467954,0.06173441316632502,13,8,0.570087712549569,2500,OLS_iid,iid,False,5
6,8,8001,27,270001,True,31,False,100,0.6557385688505591,0.8159994068555534,0.5137624386239106,0.44602781238207745,1.1393286545889472,1.2660016635374727,0.48583498934409153,0.06370823077481547,13,8,0.570087712549569,2500,OLS_iid,iid,False,5
6,7,7001,29,290001,True,35,False,100,0.7672738920630345,1.0071835261769593,0.474524568684418,0.39836975117887313,0.922657558853196,1.0190398769568954,0.5987802425804387,0.06390272015459794,13,8,0.570087712549569,2500,OLS_iid,iid,False,5
6,9,9001,6,60001,True,29,False,100,0.6355162989249991,0.7266536401584744,0.4986237433487177,0.4260861286377952,1.155191024881181,1.215866760355098,0.5735400977983361,0.0667962172000263,13,8,0.570087712549569,2500,OLS_iid,iid,False,5
6,9,9001,8,80001,True,31,False,100,0.7378021846205323,0.7293462487868965,0.5018786409827131,0.4266170020284602,0.9561392870887088,1.145101424480016,0.5485867549819958,0.06438213187625855,13,8,0.570087712549569,2500,OLS_iid,iid,False,5
7,0,1,1,10001,True,27,False,100,0.7952954463559883,0.5843846220523119,0.36871692623031577,0.2806325624914656,0.9439854376119585,0.9685533635083945,0.6094206337639667,0.11303203833590163,13,8,0.570087712549569,2500,OLS_iid,iid,False,5
6,7,7001,23,230001,True,41,False,100,0.5902109172571883,1.0911748250946403,0.43046059019222604,0.40285833872545396,1.1093285345130948,1.4298115678912064,0.6606271493257493,0.06480929013889736,13,8,0.570087712549569,2500,OLS_iid,iid,False,5
6,8,8001,15,150001,True,33,False,100,0.6532913944757328,0.9462670679204166,0.44748160780660556,0.37323931700382357,0.9862070756854303,1.0025773968751894,0.5904875613246056,0.06505230567377872,13,8,0.570087712549569,2500,OLS_iid,iid,False,5
6,9,9001,7,70001,True,32,False,100,0.5246864878925127,0.7685885848477483,0.484460143354258,0.4029447435281209,0.9574728798907789,1.0239532770268218,0.6861665839863205,0.06327105012330277,13,8,0.570087712549569,2500,OLS_iid,iid,False,5
6,8,8001,9,90001,True,38,False,100,0.8702724024523968,0.9860102301463485,0.4188477592627988,0.3252275872053191,0.9215272330876593,0.9261028071189585,0.6285718702640386,0.06600185350891838,13,8,0.570087712549569,2500,OLS_iid,iid,False,5
7,0,1,18,180001,True,25,False,100,0.7280983049752222,0.48319089598953724,0.4532400377267659,0.35574816868804826,0.9947689075009183,1.0536705013666021,0.6423851697756509,0.11583492023533735,13,8,0.570087712549569,2500,OLS_iid,iid,False,5
7,0,1,6,60001,True,25,False,100,0.6355162989249991,0.5595592549070716,0.4644415008218168,0.36642281277316485,1.1511014053886304,1.2340307252618385,0.5641686822489317,0.1106026977118669,13,8,0.570087712549569,2500,OLS_iid,iid,False,5
6,9,9001,11,110001,True,32,False,100,0.5452943238107938,0.764204319100827,0.5199156283880613,0.44228811861671186,0.9703107329552421,1.250918874877131,0.549860678608508,0.06198556923112112,13,8,0.570087712549569,2500,OLS_iid,iid,False,5
7,0,1,7,70001,True,28,False,100,0.5246864878925127,0.5625530406832695,0.39357905737076954,0.30116084808864696,0.8109631183950646,0.8079056505362542,0.7405104966659879,0.10511889424675035,13,8,0.570087712549569,2500,OLS_iid,iid,False,5
6,9,9001,22,220001,True,31,False,100,0.7782072645093546,0.7269955868832767,0.5221585138750771,0.45965083427347064,1.2091746958633758,1.1786351814143519,0.5652969185594287,0.06312140286021524,13,8,0.570087712549569,2500,OLS_iid,iid,False,5
6,8,8001,22,220001,True,36,False,100,0.7782072645093546,0.9316683309152722,0.3915928175961988,0.3225621192659575,1.079202762093113,0.9272087961538792,0.6651051861384317,0.06116443397803573,13,8,0.570087712549569,2500,OLS_iid,iid,False,5
6,9,9001,4,40001,True,32,False,100,0.6497839792320272,0.8180989809334278,0.4808578090813827,0.4081860888048119,1.3613785960145444,1.1302630339568014,0.5858067518623391,0.0704487196828309,13,8,0.570087712549569,2500,OLS_iid,iid,False,5
6,9,9001,3,30001,True,33,False,100,0.930410464698022,0.8443537671118975,0.42578529965214196,0.35176430167190453,0.8541033932838525,1.0394937648242248,0.525382391681175,0.06853333484567747,13,8,0.570087712549569,2500,OLS_iid,iid,False,5
6,8,8001,24,240001,True,36,False,100,0.8573263233675178,0.918294854927808,0.4829012591346005,0.40625057358185634,0.9849622863905002,1.1500884527898265,0.5300963884308972,0.06425750126512708,13,8,0.570087712549569,2500,OLS_iid,iid,False,5
6,9,9001,0,1,True,35,False,100,0.8105587581235082,0.862516907043755,0.4278883333997248,0.3492472742666235,1.0198416413367695,0.9121039111547413,0.673662685457545,0.06226172629653921,13,8,0.570087712549569,2500,OLS_iid,iid,False,5
6,8,8001,11,110001,True,34,False,100,0.5452943238107938,1.019463341217488,0.4783380202084765,0.40095482220939577,0.9771066255927118,1.0364427124839093,0.6188642596601329,0.06507429567235483,13,8,0.570087712549569,2500,OLS_iid,iid,False,5
6,9,9001,19,190001,True,31,False,100,0.6700104930430736,0.7752893432043493,0.4747257481416968,0.39216454776243226,1.0311671929279136,1.066853796570101,0.6180465077779502,0.06085845888150632,13,8,0.570087712549569,2500,OLS_iid,iid,False,5
6,7,7001,17,170001,True,45,False,100,0.6675444134378812,1.2246861797757447,0.461491189243719,0.40943769716448336,1.114348990371673,1.024844217239466,0.6133150588541788,0.06538694570269633,13,8,0.570087712549569,2500,OLS_iid,iid,False,5
6,9,9001,23,230001,True,31,False,100,0.5902109172571883,0.7543369862250984,0.5046955396012043,0.4326380153196864,1.1315132733506654,1.7888744174277476,0.4804722293340032,0.06088891384688848,13,8,0.570087712549569,2500,OLS_iid,iid,False,5
6,9,9001,24,240001,True,32,False,100,0.8573263233675178,0.7445908011868596,0.4733607815259943,0.400150875357754,1.1950483145470372,1.6176018786550481,0.5406987843916684,0.06443839233292865,13,8,0.570087712549569,2500,OLS_iid,iid,False,5
6,8,8001,23,230001,True,42,False,100,0.5902109172571883,0.9590320787392557,0.4905002159254726,0.4182588135245169,1.1986457230881193,1.4603536246133062,0.5778027399380595,0.06490932040225696,13,8,0.570087712549569,2500,OLS_iid,iid,False,5
6,8,8001,29,290001,True,36,False,100,0.7672738920630345,0.9197170431725681,0.49663870544550176,0.4236656418960888,0.94135696068735,1.2292945358340333,0.4541735101940015,0.062150865023919186,13,8,0.570087712549569,2500,OLS_iid,iid,False,5
6,9,9001,12,120001,True,31,False,100,0.718277789532749,0.82510667713359,0.46408685546750206,0.3901595281579988,1.0671577369999938,1.028317461999899,0.6448531312587537,0.06203074974979411,13,8,0.570087712549569,2500,OLS_iid,iid,False,5
6,9,9001,16,160001,True,34,False,100,0.6213926441787622,0.8058172264136374,0.41024348837215796,0.32641915392096127,0.8560908969925981,0.8667828442711224,0.6858837598912544,0.06344516079410337,13,8,0.570087712549569,2500,OLS_iid,iid,False,5
6,9,9001,1,10001,True,36,False,100,0.7952954463559883,0.9037542170844972,0.45534826235900283,0.37486229422030404,1.0042326088031432,1.0460329000695257,0.576603920895428,0.069001909854599,13,8,0.570087712549569,2500,OLS_iid,iid,False,5
7,0,1,10,100001,True,31,False,100,0.6838385837225557,0.6046930751763284,0.47985793045517566,0.3832156567148771,1.0764052643574398,1.1734206203969781,0.5922352557444186,0.11149271623690907,13,8,0.570087712549569,2500,OLS_iid,iid,False,5
7,0,1,23,230001,True,26,False,100,0.5902109172571883,0.532307025976479,0.47999075797812846,0.3830101569484831,1.0593666254114247,1.0692789542894523,0.637036999638357,0.11047999923104754,13,8,0.570087712549569,2500,OLS_iid,iid,False,5
6,9,9001,10,100001,True,32,False,100,0.6838385837225557,0.8525423547253013,0.45585603724927803,0.37689562752813727,1.1601965498617979,1.039727478059698,0.670017252673561,0.06396504118274254,13,8,0.570087712549569,2500,OLS_iid,iid,False,5
7,0,1,15,150001,True,27,False,100,0.6532913944757328,0.5832247911021113,0.46787902362761924,0.37589460434534594,1.0624344258013352,1.0998376807974577,0.5404569427031628,0.11336752837381202,13,8,0.570087712549569,2500,OLS_iid,iid,False,5
7,0,1,9,90001,True,25,False,100,0.6443683002655874,0.6279979441314936,0.4988628762738659,0.4176955311202904,0.9536536908754992,1.1474373847208565,0.597503955112831,0.10682528514062997,13,8,0.570087712549569,2500,OLS_iid,iid,False,5
6,9,9001,20,200001,True,31,False,100,0.6590887302757289,0.8289659461006522,0.43498988217278933,0.35242230307258704,1.0603274386832684,0.9971989157778871,0.5711403018249543,0.06412712173608794,13,8,0.570087712549569,2500,OLS_iid,iid,False,5
6,9,9001,2,20001,True,36,False,100,0.6481448255893074,0.9250046331435442,0.3846707672111639,0.3082840279352398,0.9485965695195213,0.9039732398317725,0.6675484285691878,0.06340031046967387,13,8,0.570087712549569,2500,OLS_iid,iid,False,5
7,0,1,20,200001,True,26,False,100,0.6590887302757289,0.5783872990868986,0.42506395956026954,0.32423176345801114,0.9772047265467355,0.9845332595952634,0.6279640037860915,0.11352326744635216,13,8,0.570087712549569,2500,OLS_iid,iid,False,5
7,0,1,2,20001,True,33,False,100,0.5694174310539274,0.7023994969204068,0.40789932175186044,0.3312790239543997,0.9586409742347352,0.9468146290385185,0.6432135668791527,0.11137278089382471,13,8,0.570087712549569,2500,OLS_iid,iid,False,5
6,8,8001,13,130001,True,47,False,100,0.7622937846217469,1.0989393251948059,0.46683125697802513,0.39273917942556097,0.9152990729392239,1.111628037644088,0.5639813153818213,0.06278891397981379,13,8,0.570087712549569,2500,OLS_iid,iid,False,5
7,0,1,3,30001,True,32,False,100,0.930410464698022,0.7097066007554531,0.34647785140791404,0.25596028437948054,1.0322897066258883,0.9322127782341223,0.5987353541624744,0.11496836656650337,13,8,0.570087712549569,2500,OLS_iid,iid,False,5
6,6,6001,10,100001,True,54,False,100,0.6838385837225557,1.5210247547365725,0.3272308214601582,0.2545932494349969,0.7403620525715153,0.7197726835835506,0.7529206320970289,0.06516805851460732,13,8,0.570087712549569,2500,OLS_iid,iid,False,5
6,7,7001,22,220001,True,52,False,100,0.7782072645093546,1.2413682509213686,0.5061440396618173,0.43374545117047525,1.1705628828316257,1.1319136362677829,0.5164542944896274,0.06515176394823559,13,8,0.570087712549569,2500,OLS_iid,iid,False,5
6,9,9001,27,270001,True,33,False,100,0.6557385688505591,0.7940311175771058,0.48100370522439295,0.4080035640241843,0.9898478439876058,1.0838276972382779,0.5582113674282116,0.06075747020425915,13,8,0.570087712549569,2500,OLS_iid,iid,False,5
7,0,1,8,80001,True,31,False,100,0.7378021846205323,0.6915419222787023,0.4400247172282637,0.35790041278130585,1.2157815936016738,1.264923967528777,0.6039698403512451,0.10969783162369906,13,8,0.570087712549569,2500,OLS_iid,iid,False,5
7,0,1,19,190001,True,25,False,100,0.6700104930430736,0.6196977482177317,0.3820154737632432,0.2854347317536685,0.8694704807350269,0.8553706678600129,0.7069817282429556,0.1081010958902207,13,8,0.570087712549569,2500,OLS_iid,iid,False,5
6,9,9001,21,210001,True,37,False,100,0.7431400910314013,0.8678403748199344,0.4438217770162474,0.36632474734126486,0.898461324469945,0.9813117230822924,0.6174006105215862,0.07406285724432635,13,8,0.570087712549569,2500,OLS_iid,iid,False,5
6,9,9001,14,140001,True,34,False,100,0.7565004818916076,0.898000261746347,0.41834935851363914,0.3441043203836973,1.1052223839182536,0.9349711023837228,0.6971023414160438,0.06472682920996088,13,8,0.570087712549569,2500,OLS_iid,iid,False,5
7,0,1,13,130001,True,30,False,100,0.7622937846217469,0.6745689231902361,0.4482845487772245,0.3520230243071263,0.8930314780440975,1.1752536544555088,0.4547769762237445,0.1095126871506955,13,8,0.570087712549569,2500,OLS_iid,iid,False,5
6,8,8001,28,280001,True,42,False,100,0.8304813982898618,1.0347080933861434,0.46594784813117246,0.3871312763645184,1.1385472631875744,1.1027629059143067,0.5663987181443091,0.06434116900801155,13,8,0.570087712549569,2500,OLS_iid,iid,False,5
6,9,9001,26,260001,True,35,False,100,0.7526449899579917,0.8561904858797789,0.3880822203573083,0.31645730008803,0.9127995811900732,0.8478139118325089,0.6948615490054504,0.06405042160632089,13,8,0.570087712549569,2500,OLS_iid,iid,False,5
7,0,1,27,270001,True,33,False,100,0.6548752527436544,0.6197010278701782,0.3777488119304707,0.2838523665551808,0.9342503609041984,0.8684031834024162,0.6913494226884617,0.11233030329202445,13,8,0.570087712549569,2500,OLS_iid,iid,False,5
7,1,1001,7,70001,True,25,False,100,0.5246864878925127,0.569561786018312,0.4269123084254402,0.3248256032200287,1.0218667659630205,0.9455075748861584,0.6748582080128446,0.10878366553566123,13,8,0.570087712549569,2500,OLS_iid,iid,False,5
7,1,1001,2,20001,True,30,False,100,0.5694174310539274,0.5891532651148736,0.46977477863921446,0.3797263590873736,1.0881152783090648,1.0766493330980598,0.5954673470862037,0.11186643379675938,13,8,0.570087712549569,2500,OLS_iid,iid,False,5
7,0,1,16,160001,True,28,False,100,0.6213926441787622,0.719477916136384,0.35636252378730815,0.25747506083308,1.1350288067400554,0.8741189394634922,0.7020440463393207,0.10959853994043811,13,8,0.570087712549569,2500,OLS_iid,iid,False,5
7,0,1,28,280001,True,32,False,100,0.8304813982898618,0.632960916031152,0.3135993877643245,0.22695179823483438,0.6953186777385457,0.7588827131749816,0.7073990913872935,0.1252699391074101,13,8,0.570087712549569,2500,OLS_iid,iid,False,5
6,7,7001,3,30001,True,66,False,100,0.930410464698022,1.4789022812619805,0.4966736811279415,0.42540586387581314,0.92255544932571,1.1722975422769097,0.44763551289709913,0.06918039442244267,13,8,0.570087712549569,2500,OLS_iid,iid,False,5
6,9,9001,18,180001,True,35,False,100,0.7280983049752222,0.9661341640166938,0.4549744952849069,0.36818844850361465,1.061319389522803,1.1496960098806333,0.5837716418384183,0.06477977788818355,13,8,0.570087712549569,2500,OLS_iid,iid,False,5
7,0,1,5,50001,True,33,False,100,0.7981756372625675,0.7919491240754724,0.40727262895221256,0.3196595877651334,0.8361205037307597,0.9747526073148217,0.6124156093655896,0.10990712732330071,13,8,0.570087712549569,2500,OLS_iid,iid,False,5
6,9,9001,9,90001,True,32,False,100,0.8702724024523968,1.0056754066608846,0.456862417280354,0.37915888439333495,0.8868860205527768,1.032781944811642,0.5768985146348987,0.06504262476249645,13,8,0.570087712549569,2500,OLS_iid,iid,False,5
7,0,1,26,260001,True,29,False,100,0.5627541537636492,0.6561432559974492,0.44177438226747456,0.3485206465797686,0.943437028336422,1.0891868568717327,0.5347388365211653,0.10885148960452966,13,8,0.570087712549569,2500,OLS_iid,iid,False,5
7,1,1001,6,60001,True,25,False,100,0.6355162989249991,0.6106948889791965,0.47001350040431206,0.3781491739101964,0.9183831426442813,1.110789235900774,0.5973339197288817,0.11400171698191425,13,8,0.570087712549569,2500,OLS_iid,iid,False,5
7,1,1001,23,230001,True,26,False,100,0.5902109172571883,0.5116949849762022,0.48344806864797407,0.38726597854436523,1.0795978155035768,1.1596653755092665,0.6163944245771845,0.10370171442183286,13,8,0.570087712549569,2500,OLS_iid,iid,False,5
7,0,1,22,220001,True,27,False,100,0.6775365161035468,0.7292705387808383,0.4714644696544354,0.382713027879808,1.0152833686236309,1.0318445648352046,0.6573565695834371,0.11030209032275147,13,8,0.570087712549569,2500,OLS_iid,iid,False,5
7,1,1001,20,200001,True,28,False,100,0.6590887302757289,0.5694548678584397,0.41018156795382504,0.31517662535974095,0.7351026819044156,1.0411373631505791,0.5401883864173652,0.11187314657413967,13,8,0.570087712549569,2500,OLS_iid,iid,False,5
6,9,9001,28,280001,True,37,False,100,0.8304813982898618,0.9004776929505169,0.4728205592315713,0.39246188918665487,0.9143506673654298,0.9916808057586506,0.6407100735632966,0.0676999544655752,13,8,0.570087712549569,2500,OLS_iid,iid,False,5
6,6,6001,25,250001,True,64,False,100,0.7700272617889334,1.5730440518818796,0.32856651316756413,0.26309916496666175,0.6285422375786104,0.7138911956348831,0.7523488102712809,0.06332030885045888,13,8,0.570087712549569,2500,OLS_iid,iid,False,5
7,1,1001,22,220001,True,28,False,100,0.6775365161035468,0.5384336388669908,0.4189323143371106,0.33194725072668346,1.3561713253743557,1.0690967132831404,0.6558438918370674,0.10534298917463202,13,8,0.570087712549569,2500,OLS_iid,iid,False,5
6,9,9001,17,170001,True,42,False,100,0.6675444134378812,1.0088618230074644,0.49208672949954374,0.43003707892540954,0.9245233840861166,1.3052757196175062,0.5511210658696946,0.06482058863919542,13,8,0.570087712549569,2500,OLS_iid,iid,False,5
7,1,1001,4,40001,True,33,False,100,0.6497839792320272,0.6405330672860146,0.45552786118578104,0.36437510598215267,0.9558835141029297,1.11179563184674,0.5228375038892779,0.10987632582883118,13,8,0.570087712549569,2500,OLS_iid,iid,False,5
7,0,1,12,120001,True,27,False,100,0.718277789532749,0.7991409581154585,0.4257994251621877,0.3242947881751833,0.817483046326179,0.9973555945042314,0.6021457143299592,0.11137351906461772,13,8,0.570087712549569,2500,OLS_iid,iid,False,5
7,1,1001,10,100001,True,26,False,100,0.6838385837225557,0.6424552919343114,0.3415647828163479,0.24882922776815236,0.9236236923512459,0.7513038580182282,0.7616340404479428,0.11192671819250513,13,8,0.570087712549569,2500,OLS_iid,iid,False,5
7,1,1001,3,30001,True,30,False,100,0.930410464698022,0.6671420107595623,0.44852123496120117,0.3548951609148858,1.0983821841608201,1.1833597236405293,0.43342781977738776,0.12503891872426226,13,8,0.570087712549569,2500,OLS_iid,iid,False,5
6,4,4001,12,120001,True,87,False,100,0.718277789532749,2.186423748265952,0.19581140867123892,0.16057391726056064,0.3598122308657848,0.5452808809747626,0.851525315864249,0.0656765661773062,13,8,0.570087712549569,2500,OLS_iid,iid,False,5
7,1,1001,26,260001,True,27,False,100,0.5627541537636492,0.5377208841964602,0.3240870654118835,0.24695822800563208,0.7165881348304955,0.7473124968430206,0.745953353433395,0.11544460627636367,13,8,0.570087712549569,2500,OLS_iid,iid,False,5
7,1,1001,12,120001,True,33,False,100,0.718277789532749,0.6718889437615871,0.37308413337223467,0.2807859003151123,0.8822818314599621,0.7711996586962422,0.7497547057859529,0.11035431771372782,13,8,0.570087712549569,2500,OLS_iid,iid,False,5
7,1,1001,15,150001,True,28,False,100,0.6532913944757328,0.6574497460387647,0.3661416676148476,0.27985953413877984,0.8346115444337899,0.8483554066319975,0.7061561532664311,0.109348383107272,13,8,0.570087712549569,2500,OLS_iid,iid,False,5
7,1,1001,8,80001,True,35,False,100,0.7378021846205323,0.7177398377098143,0.4139196963208387,0.3278515931613465,1.022674594574344,0.9107281599414657,0.6926759873337233,0.11046904451597218,13,8,0.570087712549569,2500,OLS_iid,iid,False,5
7,1,1001,1,10001,True,25,False,100,0.7952954463559883,0.7363320551812649,0.42465388627985207,0.32716777863713464,0.9281065614322405,1.0751616389630207,0.5373995919100722,0.10800343672037857,13,8,0.570087712549569,2500,OLS_iid,iid,False,5
6,9,9001,15,150001,True,33,False,100,0.6532913944757328,1.1051803366281092,0.4448104225862156,0.36933298735443,0.9658915825515842,1.080234230350422,0.5211731928667828,0.06590469779687837,13,8,0.570087712549569,2500,OLS_iid,iid,False,5
7,0,1,21,210001,True,36,False,100,0.7431400910314013,0.8336256500333548,0.43292780243232293,0.3418041611573744,1.0102767927559235,1.0226600531179697,0.6078352634728987,0.11441811266447034,13,8,0.570087712549569,2500,OLS_iid,iid,False,5
7,1,1001,25,250001,True,29,False,100,0.7621655752320462,0.6055773482657969,0.4477862919687724,0.35382703083077427,1.0571888872557702,1.078590717595135,0.6061023258441042,0.10965260957304053,13,8,0.570087712549569,2500,OLS_iid,iid,False,5
7,1,1001,18,180001,True,30,False,100,0.7280983049752222,0.6843048180453479,0.4476347284260332,0.35605492648796744,0.8616136473938789,1.0771791847168648,0.5600630455042092,0.1082623977544114,13,8,0.570087712549569,2500,OLS_iid,iid,False,5
7,2,2001,12,120001,True,25,False,100,0.718277789532749,0.44845262495800853,0.44682782373635765,0.35108928200782547,1.0318517770693176,1.067711948794685,0.5849442281934124,0.10687624079077203,13,8,0.570087712549569,2500,OLS_iid,iid,False,5
7,1,1001,16,160001,True,34,False,100,0.6213926441787622,0.6956155803054571,0.4220945887616921,0.31969277652269723,0.9823355942384603,0.9300887723295768,0.6681859220292146,0.1080772703853272,13,8,0.570087712549569,2500,OLS_iid,iid,False,5
6,8,8001,5,50001,True,60,False,100,0.7981756372625675,1.3806180520914495,0.41917975767601034,0.3345779651905311,1.0663921205864606,0.9129796794786246,0.6688134062816148,0.06838027257264458,13,8,0.570087712549569,2500,OLS_iid,iid,False,5
7,2,2001,0,1,True,29,False,100,0.6390713786786839,0.5889518968760967,0.3939861106166459,0.30457798557418,0.8847662607044798,0.944747629245628,0.6437834928954104,0.11285426779983418,13,8,0.570087712549569,2500,OLS_iid,iid,False,5
7,1,1001,27,270001,True,28,False,100,0.6548752527436544,0.6347155421972275,0.376940721257104,0.28987626911268155,0.7996817094493992,0.8491157818843799,0.6852575714286145,0.11074689639647178,13,8,0.570087712549569,2500,OLS_iid,iid,False,5
7,2,2001,6,60001,True,27,False,100,0.6355162989249991,0.5589128499850631,0.4486854107231981,0.3564928580968542,1.0364709812990547,1.1742198235368486,0.6573518049001278,0.10542352904917832,13,8,0.570087712549569,2500,OLS_iid,iid,False,5
6,9,9001,29,290001,True,40,False,100,0.7672738920630345,1.0464585316367447,0.40935750039403274,0.3341724498567815,0.8903425734665471,1.0096525451397775,0.5555613801162332,0.06608262264767374,13,8,0.570087712549569,2500,OLS_iid,iid,False,5
7,2,2001,11,110001,True,25,False,100,0.5452943238107938,0.506059548817575,0.4001074669604973,0.312597212123204,0.9623357305895833,0.9036889185389837,0.6614108127808268,0.10491243614517544,13,8,0.570087712549569,2500,OLS_iid,iid,False,5
7,0,1,4,40001,True,49,False,100,0.6497839792320272,0.9931369950063527,0.39571417510119244,0.30852114781521434,1.185073404310103,1.033004165228092,0.5960444520068421,0.11450735960503576,13,8,0.570087712549569,2500,OLS_iid,iid,False,5
7,2,2001,4,40001,True,33,False,100,0.6497839792320272,0.608731472864747,0.4632904260215609,0.36935972477862694,1.0267512353893369,1.2084746116382854,0.46180837833774685,0.10935182651612335,13,8,0.570087712549569,2500,OLS_iid,iid,False,5
7,1,1001,29,290001,True,27,False,100,0.5567230085850808,0.6397067629732192,0.41315777352069594,0.34352788697776493,0.722313252573006,0.9727956583313512,0.6006979807931283,0.11583502809710715,13,8,0.570087712549569,2500,OLS_iid,iid,False,5
7,2,2001,18,180001,True,25,False,100,0.7280983049752222,0.4875229918397963,0.4794601387934727,0.38371752364299183,1.2420418603032293,1.1695631406285167,0.5863407186652457,0.10755891217193946,13,8,0.570087712549569,2500,OLS_iid,iid,False,5
6,9,9001,25,250001,True,37,False,100,0.7700272617889334,1.1323924558237195,0.4874183141720483,0.41030568364187814,0.8891407132372154,1.0439220293392186,0.6123393041058137,0.06870841322801274,13,8,0.570087712549569,2500,OLS_iid,iid,False,5
7,1,1001,13,130001,True,41,False,100,0.7622937846217469,0.788663029205054,0.4700895042956776,0.3856427303648768,1.4306188256727461,1.427403716864007,0.48936753242978964,0.11373839631896049,13,8,0.570087712549569,2500,OLS_iid,iid,False,5
7,2,2001,9,90001,True,28,False,100,0.6443683002655874,0.5955039761029184,0.45479361191842094,0.3623147980481654,0.9424855990655074,0.9998082751111722,0.6828813028241266,0.10644470671159702,13,8,0.570087712549569,2500,OLS_iid,iid,False,5
7,2,2001,14,140001,True,29,False,100,0.7565004818916076,0.5739772729575634,0.4645871873432646,0.3707057513897362,1.0029560055779179,1.1246370604275644,0.5323589218991889,0.11379102633015818,13,8,0.570087712549569,2500,OLS_iid,iid,False,5
7,2,2001,15,150001,True,29,False,100,0.6532913944757328,0.5680402088910341,0.3745985364688655,0.2925798216525078,0.6927688015068456,0.9440618448896645,0.6000248099485465,0.11228410933360976,13,8,0.570087712549569,2500,OLS_iid,iid,False,5
7,2,2001,19,190001,True,28,False,100,0.6700104930430736,0.5401815338991582,0.38105809401688756,0.2892200388420175,0.9694777860454364,0.8669719640565864,0.6784475500704706,0.11306394039516961,13,8,0.570087712549569,2500,OLS_iid,iid,False,5
7,2,2001,17,170001,True,27,False,100,0.6675444134378812,0.577764683868736,0.46547888516909003,0.3678535600822971,1.0690651614581659,1.0903377688860363,0.6380652616840091,0.10879844694112994,13,8,0.570087712549569,2500,OLS_iid,iid,False,5
7,2,2001,8,80001,True,26,False,100,0.7378021846205323,0.6469496572390199,0.5063236633894972,0.4184210914128931,1.152518976402999,1.3114651857761865,0.43141499749404555,0.10961203012889151,13,8,0.570087712549569,2500,OLS_iid,iid,False,5
7,3,3001,6,60001,True,25,False,100,0.6355162989249991,0.49020006228238344,0.47259238943774506,0.37199247981526273,0.9297180575579009,1.2285050856260449,0.6069719575016527,0.10603542276949597,13,8,0.570087712549569,2500,OLS_iid,iid,False,5
7,2,2001,3,30001,True,39,False,100,0.930410464698022,0.7548175919800997,0.393397308710783,0.3020841663688244,0.9593322578891565,0.9966440121916302,0.5363975454407713,0.11805293689248417,13,8,0.570087712549569,2500,OLS_iid,iid,False,5
7,0,1,29,290001,True,48,False,100,0.5567230085850808,0.9746623476967216,0.29118692914173305,0.2013181085920372,0.9727992031075455,0.7212272000913593,0.7517825773254593,0.11105885912672488,13,8,0.570087712549569,2500,OLS_iid,iid,False,5
7,2,2001,13,130001,True,31,False,100,0.7622937846217469,0.6419543260708451,0.43370420488073563,0.34084806356037584,1.0579526474377614,1.3447692103541187,0.5042027762815969,0.1192615231634029,13,8,0.570087712549569,2500,OLS_iid,iid,False,5
7,1,1001,0,1,True,27,False,100,0.6390713786786839,0.9740100628696382,0.4034410516519955,0.3101266123733926,1.0587986218450158,0.9676714464412205,0.6755517856710266,0.10841934935038426,13,8,0.570087712549569,2500,OLS_iid,iid,False,5
6,9,9001,13,130001,True,44,False,100,0.7622937846217469,1.333540956955403,0.4215184005191282,0.382223297463823,0.9565998696265121,1.224987923958814,0.6252111260888441,0.06772041082537016,13,8,0.570087712549569,2500,OLS_iid,iid,False,5
7,2,2001,21,210001,True,28,False,100,0.7431400910314013,0.6107415081933141,0.38916343821748567,0.3037118486631021,1.1353283654347743,0.9923014515789356,0.6403167194709255,0.11515359587685384,13,8,0.570087712549569,2500,OLS_iid,iid,False,5
7,3,3001,9,90001,True,27,False,100,0.6443683002655874,0.5389230046421289,0.4344822425619282,0.3371499198664054,0.9074193049736363,0.9511879599542249,0.6759162373708095,0.10883028417885521,13,8,0.570087712549569,2500,OLS_iid,iid,False,5
7,3,3001,15,150001,True,26,False,100,0.6532913944757328,0.5231161057017744,0.5111986335029263,0.4177186359832626,1.0129267122398011,1.2155432690614603,0.5642770516303243,0.1153252185252575,13,8,0.570087712549569,2500,OLS_iid,iid,False,5
7,3,3001,10,100001,True,25,False,100,0.6838385837225557,0.5347001766785979,0.4113222638282645,0.31278454611588496,0.9679083027353113,0.9877367754077059,0.5741812973240902,0.11554433336135873,13,8,0.570087712549569,2500,OLS_iid,iid,False,5
7,2,2001,23,230001,True,25,False,100,0.5902109172571883,0.6035021138377488,0.45945854620129056,0.3589217163887865,0.8520050710788224,1.1652601695971734,0.5031270314079844,0.10769435025823418,13,8,0.570087712549569,2500,OLS_iid,iid,False,5
7,2,2001,26,260001,True,28,False,100,0.5627541537636492,0.6073006852529943,0.4344686624604154,0.33909759680915114,0.9487204474357077,1.086731865105566,0.5286789806742244,0.10924634903351334,13,8,0.570087712549569,2500,OLS_iid,iid,False,5
7,3,3001,12,120001,True,26,False,100,0.718277789532749,0.5410753670148551,0.46267637744733986,0.3742249157608578,1.0832592239009953,2.1892809485150395,0.5247542163866826,0.10922870915922954,13,8,0.570087712549569,2500,OLS_iid,iid,False,5
7,3,3001,19,190001,True,26,False,100,0.6700104930430736,0.5209276140667498,0.4533510877537725,0.3579753039403561,0.9183105876003552,1.0468949426371805,0.6265402340541304,0.10886102035116221,13,8,0.570087712549569,2500,OLS_iid,iid,False,5
7,3,3001,1,10001,True,30,False,100,0.7952954463559883,0.5943425549194217,0.46152789628079705,0.38728668775553854,1.113419952099447,1.1304841390103577,0.6204388892918042,0.11292156477320016,13,8,0.570087712549569,2500,OLS_iid,iid,False,5
7,2,2001,27,270001,True,28,False,100,0.6548752527436544,0.6338834576308727,0.3556965937747259,0.2738771670223722,0.8946114969226172,0.8613780772407639,0.6626071728875899,0.10752795642832971,13,8,0.570087712549569,2500,OLS_iid,iid,False,5
7,3,3001,23,230001,True,25,False,100,0.5902109172571883,0.5158144240267575,0.4790257848814329,0.38548655692245837,1.0767004932363609,1.66465512076914,0.5505900887164533,0.10730125664014795,13,8,0.570087712549569,2500,OLS_iid,iid,False,5
7,3,3001,20,200001,True,27,False,100,0.6590887302757289,0.5512877688743174,0.43153689811381185,0.33882830388250657,0.9259389942378193,0.9645440379301199,0.6223334150694849,0.11208662487320159,13,8,0.570087712549569,2500,OLS_iid,iid,False,5
7,2,2001,7,70001,True,38,False,100,0.5246864878925127,0.7998543819412589,0.3413112608188741,0.2490346256154283,1.0101312392660884,0.7338178933712413,0.7677111840701442,0.10636937859875079,13,8,0.570087712549569,2500,OLS_iid,iid,False,5
7,3,3001,5,50001,True,28,False,100,0.7981756372625675,0.6110864952206612,0.42632912014358076,0.3398065752760855,0.7924821028940345,1.106447232115885,0.5159443129562499,0.11123235374511514,13,8,0.570087712549569,2500,OLS_iid,iid,False,5
7,0,1,14,140001,True,54,False,100,0.7565004818916076,1.1708147283643484,0.3675034948779871,0.2792974614439588,1.1293313267805942,0.8695195069175181,0.7198801958402568,0.11128720991480541,13,8,0.570087712549569,2500,OLS_iid,iid,False,5
7,1,1001,5,50001,True,28,False,100,0.7981756372625675,1.0467573390342295,0.43062911053670544,0.33421673257522444,0.9214425993338589,0.9707644689805925,0.6436470900358375,0.11077419702875377,13,8,0.570087712549569,2500,OLS_iid,iid,False,5
7,4,4001,1,10001,True,28,False,100,0.7952954463559883,0.529912494122982,0.38919624290294746,0.30332137476593923,0.6973174306300216,0.8972802647382722,0.6460370208805164,0.10729066490131381,13,8,0.570087712549569,2500,OLS_iid,iid,False,5
7,2,2001,10,100001,True,40,False,100,0.6838385837225557,0.7744198092259467,0.33695925077065614,0.25760798075808744,0.6486607781226859,0.7508428868706822,0.7498384779821762,0.10984398392859852,13,8,0.570087712549569,2500,OLS_iid,iid,False,5
7,3,3001,14,140001,True,26,False,100,0.7565004818916076,0.6205890108831227,0.4135487919469701,0.31452319367574966,1.116582114112816,0.9418169669055351,0.635617398644095,0.11036743559335718,13,8,0.570087712549569,2500,OLS_iid,iid,False,5
7,2,2001,20,200001,True,28,False,100,0.6590887302757289,0.7078695348463953,0.4295928853290608,0.3364319005187436,0.9338875225829666,1.039366685994573,0.5681976023953245,0.10842527245204628,13,8,0.570087712549569,2500,OLS_iid,iid,False,5
7,3,3001,18,180001,True,28,False,100,0.7280983049752222,0.609691125806421,0.44395895035049454,0.3491082276728016,1.2026955949620775,1.011115541764552,0.6777281875773551,0.11184341573216944,13,8,0.570087712549569,2500,OLS_iid,iid,False,5
7,3,3001,8,80001,True,34,False,100,0.7378021846205323,0.6448882427066565,0.39542701292777416,0.30283477599145114,1.1023024708114613,0.9262479517945107,0.6971655497889384,0.10936935224142309,13,8,0.570087712549569,2500,OLS_iid,iid,False,5
7,2,2001,16,160001,True,25,False,100,0.6213926441787622,0.761571868788451,0.45266746625287496,0.35672529765830036,1.2179923420969525,1.1417903943899919,0.5747818918953701,0.10976012856843904,13,8,0.570087712549569,2500,OLS_iid,iid,False,5
7,2,2001,2,20001,True,47,False,100,0.5694174310539274,0.9129343759268522,0.3641451675579012,0.28124176037324883,0.978376482212707,0.888973300844973,0.7044606696928669,0.11078050067965041,13,8,0.570087712549569,2500,OLS_iid,iid,False,5
7,4,4001,5,50001,True,29,False,100,0.7981756372625675,0.5208639139309525,0.4137609679228499,0.32441025791987876,0.7940089790891891,0.9773624344821373,0.6191200167002843,0.11068140204327435,13,8,0.570087712549569,2500,OLS_iid,iid,False,5
7,2,2001,25,250001,True,27,False,100,0.7621655752320462,0.7194033260457218,0.5145391205446053,0.4213888754781224,1.1378307745067784,1.1796607253026028,0.5845570787931721,0.10604183207581332,13,8,0.570087712549569,2500,OLS_iid,iid,False,5
7,0,1,25,250001,True,54,False,100,0.7621655752320462,1.1535173719748855,0.3057119919388578,0.21373679303137175,0.7048747838342451,0.6318566610732866,0.8094815061195715,0.10396086404682646,13,8,0.570087712549569,2500,OLS_iid,iid,False,5
7,3,3001,4,40001,True,35,False,100,0.6497839792320272,0.6989786541089416,0.36200115368130265,0.2691758169274584,0.8806314519358933,0.8525825850578039,0.6590721639397968,0.10852596706805352,13,8,0.570087712549569,2500,OLS_iid,iid,False,5
7,3,3001,26,260001,True,26,False,100,0.5627541537636492,0.6092212698422372,0.4745288344540814,0.383809653194572,1.0229570008171907,1.1555277664968886,0.5407770510582671,0.1153669938082121,13,8,0.570087712549569,2500,OLS_iid,iid,False,5
7,3,3001,22,220001,True,25,False,100,0.6775365161035468,0.6253932351246476,0.47396117789977354,0.38706964941595845,1.049111011831128,1.163520567225403,0.5463156373696121,0.10610266248236971,13,8,0.570087712549569,2500,OLS_iid,iid,False,5
7,4,4001,10,100001,True,25,False,100,0.6838385837225557,0.5117758340202272,0.39251503342481153,0.29997011683602576,1.154053743482863,1.2613338833046144,0.7040874376891999,0.11093760468980227,13,8,0.570087712549569,2500,OLS_iid,iid,False,5
7,3,3001,25,250001,True,28,False,100,0.7621655752320462,0.6151082837022841,0.43274508438938825,0.36773129382369335,0.923564656225255,1.3016329826598334,0.6141233621024612,0.11125754928127463,13,8,0.570087712549569,2500,OLS_iid,iid,False,5
7,3,3001,16,160001,True,32,False,100,0.6213926441787622,0.6653300751931965,0.3844694724586075,0.29495385185628037,0.811054549267252,0.8228661634003641,0.7208020335196629,0.10928861008549114,13,8,0.570087712549569,2500,OLS_iid,iid,False,5
7,4,4001,11,110001,True,26,False,100,0.5452943238107938,0.5385429570451379,0.38667279737799415,0.2832405101025604,0.9811958733782339,1.053235125135232,0.6100175126602952,0.10467769266828696,13,8,0.570087712549569,2500,OLS_iid,iid,False,5
7,1,1001,11,110001,True,59,False,100,0.5452943238107938,1.139075243845582,0.23928004350952495,0.17820927868668887,0.6351596947335606,0.5851006272502008,0.8314451025242394,0.10892626322608151,13,8,0.570087712549569,2500,OLS_iid,iid,False,5
7,3,3001,2,20001,True,31,False,100,0.5694174310539274,0.7717035398818552,0.3573074101749288,0.2763120501059854,0.9163294666888703,0.7930493588160888,0.724213527837272,0.10925530673715728,13,8,0.570087712549569,2500,OLS_iid,iid,False,5
7,0,1,17,170001,True,58,False,100,0.6675444134378812,1.2994471821002662,0.2824452744055119,0.21296703817085502,0.736796381676707,0.6421656990682202,0.7945949953758467,0.10855915403235762,13,8,0.570087712549569,2500,OLS_iid,iid,False,5
7,2,2001,22,220001,True,40,False,100,0.6775365161035468,0.821473685093224,0.3339592352322777,0.25635357078788756,0.7117921866088477,0.746888835069727,0.7743233586554453,0.10964136641686245,13,8,0.570087712549569,2500,OLS_iid,iid,False,5
7,4,4001,4,40001,True,32,False,100,0.6497839792320272,0.6262203170917928,0.4338582661923765,0.34184715153289547,1.1379950311684928,1.0354568168039302,0.597459250284083,0.11137982375351266,13,8,0.570087712549569,2500,OLS_iid,iid,False,5
7,4,4001,13,130001,True,29,False,100,0.7622937846217469,0.583367669954896,0.3608765420128822,0.2738467272581988,0.8180700102470105,0.8176521470805262,0.6918033048000126,0.11233155612608316,13,8,0.570087712549569,2500,OLS_iid,iid,False,5
7,3,3001,11,110001,True,29,False,100,0.5452943238107938,0.7526268088258803,0.3910104784619037,0.2977472080369791,0.9875367932873799,0.8275290898053068,0.6981837559619907,0.1106210822282992,13,8,0.570087712549569,2500,OLS_iid,iid,False,5
7,4,4001,15,150001,True,28,False,100,0.6532913944757328,0.5833217301405966,0.4381546370303615,0.3466229790005544,0.9126624820263272,1.086013202368939,0.5646984769875352,0.11699714178835911,13,8,0.570087712549569,2500,OLS_iid,iid,False,5
7,2,2001,29,290001,True,25,False,100,0.5567230085850808,0.7982644340954721,0.41465913638454943,0.32230283425952155,0.8281697337625399,0.9726728101530053,0.6197904504858368,0.11202615125973268,13,8,0.570087712549569,2500,OLS_iid,iid,False,5
7,2,2001,5,50001,True,52,False,100,0.7981756372625675,0.993904079310596,0.34390311283297664,0.25376283977966574,0.953056465885699,0.7328182548643793,0.7548227465592293,0.10995429746954888,13,8,0.570087712549569,2500,OLS_iid,iid,False,5
7,4,4001,25,250001,True,26,False,100,0.7621655752320462,0.5505118840374053,0.35516303454851933,0.2727150611460582,0.6371176776985366,0.7968519221788849,0.7169759252552858,0.10830071951664556,13,8,0.570087712549569,2500,OLS_iid,iid,False,5
7,4,4001,23,230001,True,27,False,100,0.5902109172571883,0.5640853089280427,0.4580632904234854,0.3552237601038547,1.035714982812512,1.1498424799700826,0.6220719916049983,0.10828757982647103,13,8,0.570087712549569,2500,OLS_iid,iid,False,5
7,4,4001,26,260001,True,28,False,100,0.5627541537636492,0.5569419153034687,0.383080007479398,0.2927773216491396,1.2428662278482308,1.1345903965309472,0.5967126264552869,0.11291701942828507,13,8,0.570087712549569,2500,OLS_iid,iid,False,5
7,1,1001,28,280001,True,58,False,100,0.8304813982898618,1.0874732341617346,0.3162053383365219,0.22809745898436606,0.863779761092243,0.7850293976752344,0.712706009260856,0.11006436788275512,13,8,0.570087712549569,2500,OLS_iid,iid,False,5
7,4,4001,8,80001,True,28,False,100,0.7378021846205323,0.6438504909165204,0.43151788036919153,0.350823963507409,0.9995037755567434,1.2486103827217834,0.5788829695622036,0.10886888011433667,13,8,0.570087712549569,2500,OLS_iid,iid,False,5
7,5,5001,9,90001,True,26,False,100,0.6443683002655874,0.49267530208453536,0.4798358465483165,0.3786654505015426,1.0420977267195606,1.1611080969774021,0.5696307020741468,0.10962478790014998,13,8,0.570087712549569,2500,OLS_iid,iid,False,5
7,4,4001,7,70001,True,28,False,100,0.5246864878925127,0.6734625617973506,0.41743034465817536,0.31054892516196453,1.0699139066088794,0.9304963824263185,0.7171917153044438,0.10350603290742232,13,8,0.570087712549569,2500,OLS_iid,iid,False,5
7,4,4001,14,140001,True,26,False,100,0.7565004818916076,0.6515327109955251,0.4004097240160978,0.30383176660033684,1.077977660944837,0.8312741383434742,0.6966174081600686,0.11174623209215606,13,8,0.570087712549569,2500,OLS_iid,iid,False,5
7,0,1,11,110001,True,69,False,100,0.5452943238107938,1.4369875560514629,0.21427986159509446,0.1606205620042377,0.46912738162716544,0.5697751003949157,0.8425222586290064,0.10514061777861329,13,8,0.570087712549569,2500,OLS_iid,iid,False,5
7,4,4001,20,200001,True,28,False,100,0.6590887302757289,0.6378961377777159,0.42397325116360174,0.32844720827960155,0.8817739420204603,0.9473959311058175,0.6660721984603994,0.10686004407017048,13,8,0.570087712549569,2500,OLS_iid,iid,False,5
7,3,3001,21,210001,True,34,False,100,0.7431400910314013,0.825749462004751,0.4076022310539084,0.3169672293178992,0.8963864840299935,0.9284443767501488,0.6434615355601553,0.11684087178466007,13,8,0.570087712549569,2500,OLS_iid,iid,False,5
7,4,4001,27,270001,True,32,False,100,0.6548752527436544,0.6271554897539318,0.47344441437380247,0.3889840331861921,1.0543332459023724,2.022844670609125,0.573320488527025,0.10976888870673213,13,8,0.570087712549569,2500,OLS_iid,iid,False,5
7,5,5001,20,200001,True,25,False,100,0.6590887302757289,0.47796750720590353,0.4446740012276768,0.3469729085939873,1.0848363266352175,1.1765360983406017,0.5081115059657731,0.11518306711049184,13,8,0.570087712549569,2500,OLS_iid,iid,False,5
7,2,2001,1,10001,True,58,False,100,0.7952954463559883,1.136597212869674,0.27632180972042863,0.19413637872093284,0.8251024980382484,0.6295367866745917,0.7976713066083145,0.10901758795647873,13,8,0.570087712549569,2500,OLS_iid,iid,False,5
7,4,4001,28,280001,True,29,False,100,0.8304813982898618,0.6446314249187708,0.39245054993485873,0.29238633189409824,1.2367110739440705,1.5540413212935797,0.6166729155155971,0.10970874457674312,13,8,0.570087712549569,2500,OLS_iid,iid,False,5
7,3,3001,29,290001,True,41,False,100,0.5567230085850808,0.8029744881205261,0.42667623786846326,0.34795096885908117,0.985557998688397,1.0211393147286005,0.6596099137077555,0.11581340259749263,13,8,0.570087712549569,2500,OLS_iid,iid,False,5
7,5,5001,3,30001,True,27,False,100,0.930410464698022,0.5913479081355035,0.39857670242194615,0.31645298337939953,0.9188089762143479,1.0039880496039904,0.5295196554914776,0.11644720653903312,13,8,0.570087712549569,2500,OLS_iid,iid,False,5
7,5,5001,5,50001,True,30,False,100,0.7981756372625675,0.5932316626422107,0.37581013691203663,0.2961569187759061,0.7338314181966081,0.849372608461715,0.690733426421328,0.10942139469119713,13,8,0.570087712549569,2500,OLS_iid,iid,False,5
7,4,4001,6,60001,True,28,False,100,0.6355162989249991,0.7500492292456329,0.4021956153505822,0.310588030366386,1.0870847695351198,0.8334745751076017,0.7119830101660272,0.10409521066252314,13,8,0.570087712549569,2500,OLS_iid,iid,False,5
7,4,4001,9,90001,True,30,False,100,0.6443683002655874,0.7393049821257591,0.4322761987486139,0.3324512648918504,1.0760190447210207,1.003415191639182,0.6956846716285052,0.10803141321326937,13,8,0.570087712549569,2500,OLS_iid,iid,False,5
7,1,1001,21,210001,True,64,False,100,0.7431400910314013,1.2714939881116152,0.34661818014249046,0.26047544540672185,1.1519601684602114,1.1201357568024293,0.6569461309152373,0.11618313161737415,13,8,0.570087712549569,2500,OLS_iid,iid,False,5
7,5,5001,1,10001,True,27,False,100,0.7952954463559883,0.6425179722718894,0.5011280301143893,0.4097396534569274,1.1361091851403375,1.148470345540262,0.5776898618235756,0.10895766171038788,13,8,0.570087712549569,2500,OLS_iid,iid,False,5
7,5,5001,22,220001,True,25,False,100,0.6775365161035468,0.4880635580047965,0.43988220660343474,0.353660382151468,0.8590050587717538,1.046291888486843,0.5685374828805136,0.1085374705951511,13,8,0.570087712549569,2500,OLS_iid,iid,False,5
7,4,4001,22,220001,True,26,False,100,0.6775365161035468,0.737328237388283,0.4681852949184081,0.4004593661591365,0.9001411972350669,1.0511935463794113,0.6019203983815428,0.11056776159973819,13,8,0.570087712549569,2500,OLS_iid,iid,False,5
7,2,2001,28,280001,True,50,False,100,0.8304813982898618,1.000415498856455,0.44580292330956134,0.349653952218195,1.007715536930071,1.0910308817555618,0.6224518409758177,0.11384026266158521,13,8,0.570087712549569,2500,OLS_iid,iid,False,5
7,4,4001,19,190001,True,36,False,100,0.6700104930430736,0.7511461600661278,0.4416060397904191,0.354821847385278,0.9814196531585118,1.1241416788187617,0.5460754041089487,0.10887301877953295,13,8,0.570087712549569,2500,OLS_iid,iid,False,5
7,4,4001,29,290001,True,37,False,100,0.5567230085850808,0.6832254864275455,0.42059601888202136,0.32644092223556215,1.1223257046072652,1.0609828435292485,0.6303555750906799,0.11551071106766021,13,8,0.570087712549569,2500,OLS_iid,iid,False,5
7,4,4001,21,210001,True,33,False,100,0.7431400910314013,0.7472331700846553,0.42500526329610505,0.3352591397999104,1.061229623726767,1.0648742379903846,0.5352052356105172,0.1162538318945547,13,8,0.570087712549569,2500,OLS_iid,iid,False,5
7,3,3001,27,270001,True,39,False,100,0.6548752527436544,0.8980440120212734,0.34664829672063247,0.26185669781399695,0.9533895967783184,0.7424096531658405,0.7557157131075182,0.11120777771697321,13,8,0.570087712549569,2500,OLS_iid,iid,False,5
7,5,5001,7,70001,True,26,False,100,0.5246864878925127,0.6681032530032098,0.46677806815036826,0.3713522053006257,1.025398997779217,1.0133440732232706,0.6677765934179813,0.10758773379846052,13,8,0.570087712549569,2500,OLS_iid,iid,False,5
7,4,4001,3,30001,True,42,False,100,0.930410464698022,0.860254633706063,0.32135699674189866,0.25259302559349384,0.6008606197098972,0.8146764611378429,0.6916218456622752,0.11266473769249412,13,8,0.570087712549569,2500,OLS_iid,iid,False,5
7,3,3001,0,1,True,37,False,100,0.6390713786786839,1.020178965292871,0.3352787579149873,0.2606976909941989,0.5985118493095012,0.7778201566366082,0.7300853275367531,0.1134286958768083,13,8,0.570087712549569,2500,OLS_iid,iid,False,5
7,4,4001,12,120001,True,28,False,100,0.718277789532749,0.8079365799203515,0.4658272840226798,0.3614086333963591,0.9286489586333784,1.2833921609037087,0.5181684988201524,0.10956882278970609,13,8,0.570087712549569,2500,OLS_iid,iid,False,5
7,5,5001,23,230001,True,25,False,100,0.5902109172571883,0.543542368337512,0.4528251069340092,0.3539569934108912,0.9082378193630062,1.028615326946673,0.6682499289809966,0.10885442549698542,13,8,0.570087712549569,2500,OLS_iid,iid,False,5
7,5,5001,8,80001,True,29,False,100,0.7378021846205323,0.6913824533112347,0.44196975811989975,0.35533327384041524,1.1980831039885158,1.209768324676302,0.636282622623352,0.10774603617287697,13,8,0.570087712549569,2500,OLS_iid,iid,False,5
7,3,3001,13,130001,True,43,False,100,0.7622937846217469,0.9963406301103532,0.404620062450648,0.3141697299928525,1.3441767579154438,1.131381280303402,0.6067164918764006,0.11320264358408486,13,8,0.570087712549569,2500,OLS_iid,iid,False,5
7,5,5001,17,170001,True,30,False,100,0.6675444134378812,0.6285425699315965,0.3922593341462189,0.2998065767923647,0.9392885896036267,0.84303467058904,0.7047616305416632,0.11147395995636279,13,8,0.570087712549569,2500,OLS_iid,iid,False,5
7,2,2001,24,240001,True,49,False,100,0.8573263233675178,1.076937914825976,0.3568203718582363,0.2648313484183695,0.9073380844672743,0.7721865927162198,0.7247235402299305,0.10968627378303725,13,8,0.570087712549569,2500,OLS_iid,iid,False,5
7,0,1,24,240001,True,69,False,100,0.8573263233675178,1.5191023186780512,0.19400360869170652,0.14521414370448757,0.5082154562792138,0.5648424562863751,0.8339878315839728,0.10992121300138738,13,8,0.570087712549569,2500,OLS_iid,iid,False,5
7,3,3001,3,30001,True,52,False,100,0.930410464698022,1.0700029586441815,0.29895565866249957,0.21466283881861073,0.7556151228010063,0.7609852047294806,0.6999127864179022,0.11567913488158452,13,8,0.570087712549569,2500,OLS_iid,iid,False,5
7,1,1001,9,90001,True,77,False,100,0.6443683002655874,1.4692766559310257,0.3461361784129666,0.2558287612233034,1.0758177058764504,0.7548618122139158,0.7644546179986417,0.10817545300660658,13,8,0.570087712549569,2500,OLS_iid,iid,False,5
7,6,6001,0,1,True,29,False,100,0.6390713786786839,0.5345035190694034,0.44100848907064255,0.34984404346494574,0.8859806383610723,0.9732926350323731,0.6361586745724332,0.10853496056535289,13,8,0.570087712549569,2500,OLS_iid,iid,False,5
7,6,6001,10,100001,True,25,False,100,0.6838385837225557,0.499702877830714,0.41036698960462215,0.3126876103645626,0.9939988122311904,1.0196425669863651,0.5533015853788934,0.11176534925750993,13,8,0.570087712549569,2500,OLS_iid,iid,False,5
6,7,7001,28,280001,True,100,False,100,0.8304813982898618,2.1926156212575734,0.3321386818473781,0.25295096407291745,1.1037830195770055,0.684426741473555,0.754216761635676,0.06386394456590305,13,8,0.570087712549569,2500,OLS_iid,iid,False,5
7,5,5001,29,290001,True,28,False,100,0.5567230085850808,0.5622146539390087,0.3947134878238886,0.3025491928168005,0.8548258073227641,0.9058001076871558,0.6679991048612446,0.11273050720944598,13,8,0.570087712549569,2500,OLS_iid,iid,False,5
7,6,6001,1,10001,True,26,False,100,0.7952954463559883,0.5607564249075949,0.3952546414570791,0.32729715685672733,0.9924526803274075,1.2546672172212607,0.657296866597122,0.11031087173482158,13,8,0.570087712549569,2500,OLS_iid,iid,False,5
6,7,7001,10,100001,True,101,False,100,0.6838385837225557,2.3504858282394707,0.266433834149768,0.20322620199205013,0.5417028731041237,0.6227448176180111,0.8050379679401704,0.06491523026706882,13,8,0.570087712549569,2500,OLS_iid,iid,False,5
7,6,6001,4,40001,True,27,False,100,0.6497839792320272,0.5482555716298521,0.47969218928253365,0.38456016149315625,1.090072337694241,1.1921906811501952,0.505437915570841,0.11289900672698525,13,8,0.570087712549569,2500,OLS_iid,iid,False,5
7,6,6001,6,60001,True,26,False,100,0.6355162989249991,0.5461191590875387,0.46758462880680574,0.3773512679556148,1.1429279233517688,1.188058668541166,0.5830222384347278,0.10820982310818468,13,8,0.570087712549569,2500,OLS_iid,iid,False,5
7,5,5001,18,180001,True,34,False,100,0.7280983049752222,0.7105175047181547,0.4089481145758917,0.3150215786510762,0.836147358118222,0.9230538014294725,0.6707490250444383,0.11054971521658186,13,8,0.570087712549569,2500,OLS_iid,iid,False,5
7,1,1001,17,170001,True,78,False,100,0.6675444134378812,1.4815626610070467,0.2773663284495697,0.19956639815764912,0.873721141452744,0.6844370449430408,0.7792657465231955,0.10712599888479502,13,8,0.570087712549569,2500,OLS_iid,iid,False,5
7,5,5001,25,250001,True,25,False,100,0.7621655752320462,0.6287873880937696,0.45660991683467794,0.3611348604891862,1.0007125321797954,1.0197047994824826,0.6358124313979486,0.10993880589625613,13,8,0.570087712549569,2500,OLS_iid,iid,False,5
7,6,6001,16,160001,True,26,False,100,0.6213926441787622,0.4994002808816731,0.4960820923873312,0.39921111100421897,0.9126981420833701,1.2858878536213758,0.4642380171380656,0.10777120376306266,13,8,0.570087712549569,2500,OLS_iid,iid,False,5
7,5,5001,28,280001,True,30,False,100,0.8304813982898618,0.6028577089309692,0.4784996318888316,0.3819358707423592,0.9694905760421839,1.229942598193919,0.4639013690508249,0.11276225402866426,13,8,0.570087712549569,2500,OLS_iid,iid,False,5
7,5,5001,13,130001,True,28,False,100,0.7622937846217469,0.7642437489703298,0.4326323534521561,0.341627343361373,1.1075811782155762,1.0450101927166724,0.5592629312074769,0.11237468254583216,13,8,0.570087712549569,2500,OLS_iid,iid,False,5
6,5,5001,28,280001,True,122,False,100,0.8304813982898618,2.7083903048187494,0.3445859149930252,0.2614784809625896,1.143962202857916,0.7662934508891007,0.7530276769852116,0.06519195744269686,13,8,0.570087712549569,2500,OLS_iid,iid,False,5
7,1,1001,24,240001,True,77,False,100,0.8573263233675178,1.4385269139893353,0.3850690923808633,0.2910047979727981,1.1266070732744753,0.8365822251930286,0.7069863562622539,0.11220216906236496,13,8,0.570087712549569,2500,OLS_iid,iid,False,5
7,6,6001,7,70001,True,24,False,100,0.5246864878925127,0.5765424631536007,0.4523112530255454,0.35280187577366323,1.1683850478356297,1.1328794935653335,0.6014964214462213,0.10537147879223749,13,8,0.570087712549569,2500,OLS_iid,iid,False,5
7,6,6001,20,200001,True,26,False,100,0.6590887302757289,0.5051668859086931,0.3661466515870226,0.2677311903922222,0.9109215563248695,0.8319582560079365,0.6976550258893005,0.11146048735702616,13,8,0.570087712549569,2500,OLS_iid,iid,False,5
7,5,5001,21,210001,True,30,False,100,0.7431400910314013,0.6924641253426671,0.3106258242600921,0.2342457125563291,0.8499689269069363,0.7863871267493008,0.7051336371995863,0.11294663908540784,13,8,0.570087712549569,2500,OLS_iid,iid,False,5
7,6,6001,15,150001,True,27,False,100,0.6532913944757328,0.550756452139467,0.45629682956931106,0.3788254784912481,0.9635922663747623,1.3072672951663495,0.45524376590391796,0.11081543115464647,13,8,0.570087712549569,2500,OLS_iid,iid,False,5
7,6,6001,13,130001,True,27,False,100,0.7622937846217469,0.561000123154372,0.37589614482990547,0.28640371882917576,0.7844398015627965,0.8977800354723663,0.6400968852794655,0.11591813675089359,13,8,0.570087712549569,2500,OLS_iid,iid,False,5
7,6,6001,14,140001,True,26,False,100,0.7565004818916076,0.5548158013261855,0.4421394865328379,0.3534400716358672,1.1941623365524046,3.3290843958705154,0.5888620235738157,0.10921861111309313,13,8,0.570087712549569,2500,OLS_iid,iid,False,5
7,4,4001,24,240001,True,40,False,100,0.8573263233675178,0.9323583249934018,0.3647390253623228,0.27290022269718467,0.8202905499484144,0.8049082895275994,0.7163085344756261,0.11150047112274919,13,8,0.570087712549569,2500,OLS_iid,iid,False,5
7,5,5001,27,270001,True,28,False,100,0.6548752527436544,0.6644586310721934,0.4061429530887549,0.31790544023995415,0.9544037742485371,0.9791817927778824,0.5772751311874754,0.1148960554432551,13,8,0.570087712549569,2500,OLS_iid,iid,False,5
7,6,6001,9,90001,True,25,False,100,0.6443683002655874,0.6015563788823783,0.4145736553422202,0.3175185847102906,1.0046056057635953,0.9267314099114952,0.679318441076089,0.1085776925992761,13,8,0.570087712549569,2500,OLS_iid,iid,False,5
6,9,9001,5,50001,True,85,False,100,0.7981756372625675,2.0252627483569086,0.3849626757250248,0.3098681707186233,1.1118708247314366,0.8880017222883653,0.6719761546627797,0.06623575318668079,13,8,0.570087712549569,2500,OLS_iid,iid,False,5
7,6,6001,23,230001,True,28,False,100,0.5902109172571883,0.5229858378879726,0.43261725510052634,0.3206888838535101,1.0630526344594577,1.2736248264342616,0.6738065938428592,0.10985085376156885,13,8,0.570087712549569,2500,OLS_iid,iid,False,5
7,3,3001,24,240001,True,55,False,100,0.8573263233675178,1.117131203878671,0.21950116688616456,0.1705408255604208,0.4422240913497226,0.5923520579392448,0.8211970764167802,0.10952375324067229,13,8,0.570087712549569,2500,OLS_iid,iid,False,5
7,6,6001,18,180001,True,28,False,100,0.7280983049752222,0.5605667768977582,0.4674837958715317,0.3719792462699131,0.8741094270760718,1.018978650201015,0.6205608650667219,0.10960190142559081,13,8,0.570087712549569,2500,OLS_iid,iid,False,5
7,6,6001,24,240001,True,27,False,100,0.8573263233675178,0.5597300133667886,0.4297786161179527,0.33728739948490877,0.8940123670585532,0.9732335246717426,0.6374259734127606,0.10713523457923893,13,8,0.570087712549569,2500,OLS_iid,iid,False,5
7,1,1001,14,140001,True,87,False,100,0.7565004818916076,1.6148735769093037,0.24024422731572861,0.17894983243492335,0.6498901975484688,0.6097221328635648,0.8152281794405262,0.11408592353952195,13,8,0.570087712549569,2500,OLS_iid,iid,False,5
7,5,5001,19,190001,True,31,False,100,0.6700104930430736,0.8336171805858612,0.3538454297968759,0.2706679651577161,0.851281155057547,0.7451388749821181,0.7689608628803125,0.10677144742578171,13,8,0.570087712549569,2500,OLS_iid,iid,False,5
7,6,6001,11,110001,True,28,False,100,0.5452943238107938,0.6695754718966782,0.3726855930229077,0.28665042571013694,0.9479726325605454,0.9362524338517493,0.6027989068641132,0.110832564999206,13,8,0.570087712549569,2500,OLS_iid,iid,False,5
7,6,6001,29,290001,True,27,False,100,0.5567230085850808,0.561614019330591,0.37076980978716406,0.2844849976217095,0.8157236770061771,0.9541484424274392,0.6071258824496071,0.11443507553321376,13,8,0.570087712549569,2500,OLS_iid,iid,False,5
7,1,1001,19,190001,True,79,False,100,0.6700104930430736,1.6095341080799699,0.14893908947089624,0.12166501324252801,0.2326687566916742,0.5077636292079588,0.8692656996377904,0.10771546050128496,13,8,0.570087712549569,2500,OLS_iid,iid,False,5
7,4,4001,0,1,True,50,False,100,0.6390713786786839,1.1698084962554276,0.4579334322592013,0.36372938927359794,1.0467038297195752,1.2541757892485055,0.448984189810886,0.11335473749572429,13,8,0.570087712549569,2500,OLS_iid,iid,False,5
7,0,1,0,1,True,92,False,100,0.6390713786786839,1.9425214091315866,0.19425655701879013,0.1445582074354346,0.5221207283883161,0.5744191041631531,0.829560153309846,0.10508754812705076,13,8,0.570087712549569,2500,OLS_iid,iid,False,5
7,5,5001,11,110001,True,48,False,100,0.5452943238107938,0.9221684150397778,0.2988536381251403,0.21629148919601301,0.7720075491244297,0.6483755592142083,0.792906943146733,0.1098343792506409,13,8,0.570087712549569,2500,OLS_iid,iid,False,5
7,3,3001,7,70001,True,60,False,100,0.5246864878925127,1.2827468807809055,0.2395278181919702,0.16497867696931667,0.6710546305389308,0.5410130945814225,0.8575198669884397,0.10746518972840734,13,8,0.570087712549569,2500,OLS_iid,iid,False,5
7,6,6001,8,80001,True,30,False,100,0.7378021846205323,0.7286231853067875,0.5010867394059901,0.4091295760704053,0.9514861154745671,1.3136882954741493,0.4274545662003151,0.11154830072493946,13,8,0.570087712549569,2500,OLS_iid,iid,False,5
7,5,5001,10,100001,True,26,False,100,0.6838385837225557,0.9655747078359127,0.4309405690031856,0.3359278575698781,0.9222812679377678,1.2007985761614857,0.664720642714292,0.1109192889082996,13,8,0.570087712549569,2500,OLS_iid,iid,False,5
7,7,7001,23,230001,True,24,False,100,0.5902109172571883,0.4641513442620635,0.4752981928468147,0.3791739202916214,0.9256040737034416,1.033879530861668,0.6490403426343164,0.1090915124432499,13,8,0.570087712549569,2500,OLS_iid,iid,False,5
7,7,7001,16,160001,True,26,False,100,0.6213926441787622,0.5207344051450491,0.42994648558817167,0.3331728478587991,1.1327357523082289,0.9933134360279038,0.6228663393586574,0.11015679653489287,13,8,0.570087712549569,2500,OLS_iid,iid,False,5
7,7,7001,5,50001,True,27,False,100,0.7981756372625675,0.6039890795946121,0.4045874124581579,0.31409332921786487,1.10557373830186,0.9527911983563891,0.6369847340094994,0.10713326870618008,13,8,0.570087712549569,2500,OLS_iid,iid,False,5
7,6,6001,2,20001,True,29,False,100,0.5694174310539274,0.7714708922430873,0.4346278659995956,0.34018460526199157,1.0199511378463504,1.0688218319024692,0.5781135425164611,0.11333896275673251,13,8,0.570087712549569,2500,OLS_iid,iid,False,5
7,6,6001,22,220001,True,26,False,100,0.6775365161035468,0.6684450712054968,0.4497394944628515,0.36089476493333117,1.1689918046349348,0.9934300786328635,0.6382828168278691,0.1063200870299656,13,8,0.570087712549569,2500,OLS_iid,iid,False,5
7,6,6001,26,260001,True,30,False,100,0.5627541537636492,0.6473552039824426,0.3452283895064958,0.254103761496126,1.0159977945696934,0.7835326154676744,0.7219291762235596,0.11384852407270118,13,8,0.570087712549569,2500,OLS_iid,iid,False,5
7,5,5001,15,150001,True,45,False,100,0.6532913944757328,0.9631628869101405,0.31963208448578595,0.2501613128187937,0.6465918353864357,0.7395968988519043,0.7494344840065922,0.11182712153300363,13,8,0.570087712549569,2500,OLS_iid,iid,False,5
7,7,7001,10,100001,True,27,False,100,0.6838385837225557,0.5714955916628242,0.5041142988397359,0.41475159215010965,1.2938018823630597,1.3819404815179783,0.44381093900976193,0.112270515989981,13,8,0.570087712549569,2500,OLS_iid,iid,False,5
7,6,6001,28,280001,True,29,False,100,0.8304813982898618,0.6592247020453215,0.41223434920326507,0.30988933155992615,0.9631167779194614,1.7037874844371907,0.6356812128656703,0.10744649221649213,13,8,0.570087712549569,2500,OLS_iid,iid,False,5
7,7,7001,8,80001,True,26,False,100,0.7378021846205323,0.5871960301883519,0.394397766058703,0.3085639372347134,0.8910255167577505,0.9037436081179462,0.6646669835904753,0.1112245519468339,13,8,0.570087712549569,2500,OLS_iid,iid,False,5
7,5,5001,0,1,True,55,False,100,0.6390713786786839,1.0681853941641748,0.25538626358219507,0.19405864558150354,0.6214360242459751,0.6455412301611417,0.7896540502129312,0.11184588762663333,13,8,0.570087712549569,2500,OLS_iid,iid,False,5
7,7,7001,7,70001,True,29,False,100,0.5246864878925127,0.6112289042212069,0.34967343482780033,0.24713822504324176,0.795037866424498,0.7708502874490096,0.7448457259156772,0.1040032690790761,13,8,0.570087712549569,2500,OLS_iid,iid,False,5
7,7,7001,19,190001,True,29,False,100,0.6700104930430736,0.5591957969591022,0.4364240889234181,0.34077889781965537,0.9321345417965088,1.0122744071692746,0.6129232111964128,0.10886513914632764,13,8,0.570087712549569,2500,OLS_iid,iid,False,5
7,7,7001,3,30001,True,34,False,100,0.930410464698022,0.6813318901695311,0.4291787300538256,0.34189793746966196,0.9639122020418437,1.0788260169617518,0.5227699698402537,0.11983346431815757,13,8,0.570087712549569,2500,OLS_iid,iid,False,5
7,7,7001,11,110001,True,28,False,100,0.5452943238107938,0.6100355139933527,0.4433661415874103,0.35011581016279514,1.0010517731961446,0.946495396893945,0.6702251259467963,0.1062740692957096,13,8,0.570087712549569,2500,OLS_iid,iid,False,5
7,7,7001,26,260001,True,26,False,100,0.5627541537636492,0.52417564811185,0.3394482726565633,0.25711917531818035,0.8570065503759124,0.7798426622516441,0.7258345236452834,0.1125486852077983,13,8,0.570087712549569,2500,OLS_iid,iid,False,5
7,5,5001,26,260001,True,33,False,100,0.5627541537636492,0.9181602760218084,0.29537571113224914,0.2241379379460184,0.7349098208190556,0.7045416229721204,0.7603873165535298,0.11139503416004809,13,8,0.570087712549569,2500,OLS_iid,iid,False,5
7,5,5001,2,20001,True,48,False,100,0.5694174310539274,1.102494646795094,0.4365579712018965,0.34165934103399626,0.9388288528672002,1.0740623649891903,0.5773880956074225,0.11357940544225055,13,8,0.570087712549569,2500,OLS_iid,iid,False,5
7,7,7001,18,180001,True,30,False,100,0.7280983049752222,0.6302373372018337,0.34686366843035177,0.26186065351645615,0.7558471346321617,0.7763898858745276,0.7296075422888858,0.11018273969032445,13,8,0.570087712549569,2500,OLS_iid,iid,False,5
7,5,5001,4,40001,True,45,False,100,0.6497839792320272,1.113459771964699,0.47644184424309455,0.3845433775379494,1.098313099759424,1.1603169861627138,0.5378730365759862,0.11214597679138756,13,8,0.570087712549569,2500,OLS_iid,iid,False,5
7,7,7001,24,240001,True,27,False,100,0.8573263233675178,0.602953917812556,0.4243380284408254,0.32882865127846767,1.07256742593667,0.9453580239181053,0.6460120041149932,0.1103712965021195,13,8,0.570087712549569,2500,OLS_iid,iid,False,5
7,7,7001,13,130001,True,28,False,100,0.7622937846217469,0.6752520981244743,0.44345431240091543,0.34825962503167845,1.0112841999169695,1.2577503288056449,0.5084749872631894,0.11592806625519092,13,8,0.570087712549569,2500,OLS_iid,iid,False,5
7,8,8001,9,90001,True,27,False,100,0.6443683002655874,0.4978069323115051,0.4117142774227326,0.31623637139476696,0.8180665343990823,0.9206648119220427,0.6775181195849549,0.10842836132528864,13,8,0.570087712549569,2500,OLS_iid,iid,False,5
7,8,8001,15,150001,True,25,False,100,0.6532913944757328,0.48779257107526064,0.40266100073730804,0.3131228076219173,0.8816103755281723,0.8998016634951073,0.6742407568288455,0.10642676188401647,13,8,0.570087712549569,2500,OLS_iid,iid,False,5
7,8,8001,1,10001,True,25,False,100,0.7952954463559883,0.5801330050453544,0.2799127117010615,0.20532505416378952,0.7301725801337167,0.6679470492149253,0.8011158714068295,0.10917558332350297,13,8,0.570087712549569,2500,OLS_iid,iid,False,5
7,7,7001,14,140001,True,36,False,100,0.7565004818916076,0.6976198949851096,0.3498192798123536,0.27868703170896875,1.4097868155906892,1.4079432409420252,0.7346756098000942,0.11391914051003696,13,8,0.570087712549569,2500,OLS_iid,iid,False,5
7,8,8001,14,140001,True,26,False,100,0.7565004818916076,0.5234887939877808,0.3622521768560974,0.2724830749644884,0.807506201882041,0.8296878511373279,0.6999022697483451,0.11281619097623188,13,8,0.570087712549569,2500,OLS_iid,iid,False,5
7,7,7001,22,220001,True,29,False,100,0.6775365161035468,0.67221804196015,0.46844065774441085,0.37961374586320695,1.021134299899662,1.1392847508260333,0.5393806513756539,0.1105982900620285,13,8,0.570087712549569,2500,OLS_iid,iid,False,5
7,8,8001,8,80001,True,28,False,100,0.7378021846205323,0.5513938469812274,0.36328953075595805,0.28302174281972986,0.7022505546709854,0.8195975633552756,0.7095097932958678,0.10972149984343005,13,8,0.570087712549569,2500,OLS_iid,iid,False,5
7,4,4001,16,160001,True,68,False,100,0.6213926441787622,1.3089401479810476,0.2940117586418581,0.21050729910287674,0.6784078415061512,0.6380181063834487,0.805526919943476,0.11006046690849193,13,8,0.570087712549569,2500,OLS_iid,iid,False,5
7,8,8001,10,100001,True,28,False,100,0.6838385837225557,0.5549363596364856,0.4434961301618958,0.35231518787025834,0.9795430910244008,1.5040414937866806,0.5337656297288463,0.10702776933762982,13,8,0.570087712549569,2500,OLS_iid,iid,False,5
7,8,8001,3,30001,True,29,False,100,0.930410464698022,0.6143682799302042,0.38228144815998594,0.2911602333425986,1.011683821950329,0.9456351808108452,0.6121964240318636,0.11658327309470647,13,8,0.570087712549569,2500,OLS_iid,iid,False,5
7,8,8001,24,240001,True,25,False,100,0.8573263233675178,0.49889033380895853,0.4248328981625602,0.33486709789118235,1.0784250839629053,1.2262738611594008,0.6277587449436591,0.10932371333463974,13,8,0.570087712549569,2500,OLS_iid,iid,False,5
7,7,7001,6,60001,True,42,False,100,0.6355162989249991,0.8259683698415756,0.37214483143632404,0.27490781054505237,1.0230289029159683,0.839070356550306,0.7227355045717241,0.10698184801307042,13,8,0.570087712549569,2500,OLS_iid,iid,False,5
7,6,6001,12,120001,True,50,False,100,0.718277789532749,0.9577695392072201,0.33470645491873235,0.24346316063145418,0.8424148646576716,0.7893987650934223,0.7519805028735561,0.1085835766924332,13,8,0.570087712549569,2500,OLS_iid,iid,False,5
7,7,7001,27,270001,True,33,False,100,0.6548752527436544,0.676784816198051,0.4663688684834216,0.38111684229625997,1.2558174623786884,1.0911851305325602,0.5654964388201748,0.1096465448009564,13,8,0.570087712549569,2500,OLS_iid,iid,False,5
7,7,7001,12,120001,True,28,False,100,0.718277789532749,0.7806661413051188,0.35748411333601,0.26560651073766717,0.7887984318605026,0.8489037331289015,0.6930139177647288,0.10575395540805343,13,8,0.570087712549569,2500,OLS_iid,iid,False,5
7,8,8001,0,1,True,29,False,100,0.6390713786786839,0.6733812233433127,0.4232718873824331,0.3580766171829911,0.9397280410502354,1.3776412748504387,0.626195908776712,0.10976693581772447,13,8,0.570087712549569,2500,OLS_iid,iid,False,5
7,8,8001,18,180001,True,28,False,100,0.7280983049752222,0.5713542327284813,0.41302709648207653,0.31158531898005887,1.1545582849337044,1.533480196427064,0.6610049141050341,0.11094256619348714,13,8,0.570087712549569,2500,OLS_iid,iid,False,5
7,8,8001,23,230001,True,25,False,100,0.5902109172571883,0.5534189222380519,0.46015450779701145,0.3701664004068713,1.2390572191553968,2.3813544479847164,0.6077764248816131,0.11022969768490908,13,8,0.570087712549569,2500,OLS_iid,iid,False,5
7,8,8001,25,250001,True,25,False,100,0.7621655752320462,0.5463160369545221,0.42751626335554915,0.3387403606279803,0.777920422007592,0.9310510816685872,0.6668283495115183,0.10873601362025521,13,8,0.570087712549569,2500,OLS_iid,iid,False,5
7,4,4001,17,170001,True,62,False,100,0.6675444134378812,1.3874494400806725,0.291985203905195,0.2027505042362766,0.7236566468608531,0.6828899281952029,0.786798595863686,0.10981307725121182,13,8,0.570087712549569,2500,OLS_iid,iid,False,5
7,8,8001,5,50001,True,29,False,100,0.7981756372625675,0.7133259829133749,0.47858699704222174,0.3919188368823987,1.0566935055584485,1.3479925208549481,0.47874966021093496,0.11072220776348975,13,8,0.570087712549569,2500,OLS_iid,iid,False,5
7,4,4001,18,180001,True,64,False,100,0.7280983049752222,1.4133097887970507,0.3342819126590999,0.24479689824848538,0.8468724507697277,0.78233778848291,0.7249831183800234,0.11002421537709271,13,8,0.570087712549569,2500,OLS_iid,iid,False,5
7,7,7001,21,210001,True,37,False,100,0.7431400910314013,0.8040693700313568,0.3616434317672904,0.27190351633798665,0.8576373072884995,0.887556746329662,0.6488201306626357,0.11204827788075504,13,8,0.570087712549569,2500,OLS_iid,iid,False,5
7,6,6001,5,50001,True,55,False,100,0.7981756372625675,1.0734877418726683,0.3587523121750079,0.27425833213701134,0.9478725791555913,0.7813296669657146,0.7144866006404568,0.10903662526967023,13,8,0.570087712549569,2500,OLS_iid,iid,False,5
7,8,8001,22,220001,True,24,False,100,0.6775365161035468,0.6114404927939177,0.4669712827818961,0.3780457592599441,0.9411478651324335,1.0277912054039546,0.6419867071748612,0.10924864775214471,13,8,0.570087712549569,2500,OLS_iid,iid,False,5
7,8,8001,16,160001,True,29,False,100,0.6213926441787622,0.6427011811174452,0.43366949524145776,0.3362152987557988,0.850924121302511,1.1060956907918469,0.534624081863511,0.1078485772051441,13,8,0.570087712549569,2500,OLS_iid,iid,False,5
7,5,5001,6,60001,True,69,False,100,0.6355162989249991,1.323428884614259,0.20973226430596859,0.1645521824480832,0.3681804825365697,0.5446452157917486,0.8556456531289749,0.10894067661437955,13,8,0.570087712549569,2500,OLS_iid,iid,False,5
7,8,8001,21,210001,True,32,False,100,0.7431400910314013,0.6336591504514217,0.39256930571254356,0.30180137653168426,1.0964654573627077,0.9842613982028888,0.594675560506154,0.11653442758190899,13,8,0.570087712549569,2500,OLS_iid,iid,False,5
7,8,8001,11,110001,True,29,False,100,0.5452943238107938,0.6961945663206279,0.34911405160872694,0.2602457237678912,0.9605493477761389,0.7544795350258092,0.7609526157535375,0.10981015142790189,13,8,0.570087712549569,2500,OLS_iid,iid,False,5
7,5,5001,14,140001,True,51,False,100,0.7565004818916076,1.3024400789290667,0.19853709014508053,0.15063968890213505,0.5087424971774231,0.5978331279733103,0.8191145951806483,0.11124360974456986,13,8,0.570087712549569,2500,OLS_iid,iid,False,5
7,9,9001,16,160001,True,25,False,100,0.6213926441787622,0.5231847460381687,0.4934741468956808,0.40962258818381475,1.118276273582505,1.8839724924089774,0.5073175648673813,0.10935540285335874,13,8,0.570087712549569,2500,OLS_iid,iid,False,5
7,9,9001,1,10001,True,27,False,100,0.7952954463559883,0.5871556899510324,0.43426506939543463,0.34206566511037184,1.0621531313679524,1.1330259440066848,0.5308343382656877,0.10927914344172682,13,8,0.570087712549569,2500,OLS_iid,iid,False,5
7,7,7001,0,1,True,27,False,100,0.6390713786786839,0.9825789872556925,0.4641706745466541,0.374132681578407,0.9681923907043968,1.0657473808992914,0.5967621248671682,0.11118190762708621,13,8,0.570087712549569,2500,OLS_iid,iid,False,5
7,8,8001,26,260001,True,27,False,100,0.5627541537636492,0.6166372518055141,0.46276533443875884,0.36055460302795217,1.1069041479633244,1.4851707897252673,0.5665361093006367,0.11352375805824588,13,8,0.570087712549569,2500,OLS_iid,iid,False,5
7,8,8001,17,170001,True,29,False,100,0.6675444134378812,0.6775940898805857,0.37193188628896995,0.2902646788305995,0.6857083365552904,0.8314119459089837,0.7216264189170579,0.1098531192718688,13,8,0.570087712549569,2500,OLS_iid,iid,False,5
8,0,1,5,50001,True,24,False,100,0.7981756372625675,0.398502582218498,0.36370897090876975,0.2616725747174141,1.3888242226190988,1.1740311293169472,0.599978918995234,0.149877256549006,13,8,0.570087712549569,2500,OLS_iid,iid,False,5
7,9,9001,9,90001,True,27,False,100,0.6443683002655874,0.5627717501483858,0.43498685289149164,0.33691770951603783,1.2198779085183187,0.9786043344003711,0.6406061859901259,0.10736741608466273,13,8,0.570087712549569,2500,OLS_iid,iid,False,5
7,9,9001,3,30001,True,28,False,100,0.930410464698022,0.5907212933525443,0.3149043665205511,0.23736339224363703,0.7544085212222579,0.8640997774320686,0.632230364947946,0.1142548285789147,13,8,0.570087712549569,2500,OLS_iid,iid,False,5
8,0,1,6,60001,True,24,False,100,0.6355162989249991,0.4061380526982248,0.27614629346317077,0.18408028065913348,0.7331446214544629,0.6497152207603739,0.8073272852708492,0.14764049527430606,13,8,0.570087712549569,2500,OLS_iid,iid,False,5
7,8,8001,6,60001,True,34,False,100,0.6355162989249991,0.7773117767646909,0.3223181682638663,0.23325400250941913,1.0131273758478112,0.6857581393167416,0.7865907583187458,0.10793036586500504,13,8,0.570087712549569,2500,OLS_iid,iid,False,5
7,8,8001,27,270001,True,30,False,100,0.6548752527436544,0.6332671730779111,0.44039238016634963,0.3522018258952561,1.0385782791631795,1.0934161188840166,0.5646485469110112,0.11013096199876035,13,8,0.570087712549569,2500,OLS_iid,iid,False,5
8,0,1,16,160001,True,20,False,100,0.5478028847764859,0.3585046431981027,0.40194457935315187,0.29201639950886815,1.0611862233829559,0.9059123027008911,0.7076318770611328,0.1473932762393209,13,8,0.570087712549569,2500,OLS_iid,iid,False,5
7,9,9001,8,80001,True,28,False,100,0.7378021846205323,0.599475045222789,0.4218338532555528,0.32401140539940515,0.9485321143166905,1.0503680852410957,0.5516375749670469,0.1130247232856215,13,8,0.570087712549569,2500,OLS_iid,iid,False,5
7,9,9001,18,180001,True,30,False,100,0.7280983049752222,0.5616216976195574,0.4601995487817285,0.36393917550682087,0.8194525967419519,1.0998347078185853,0.5551346600672794,0.11153931047124975,13,8,0.570087712549569,2500,OLS_iid,iid,False,5
7,9,9001,2,20001,True,30,False,100,0.5694174310539274,0.635065158829093,0.4673087779648682,0.37684912787298247,0.9382623381605394,1.0390730705607878,0.616448516645712,0.11463594718281843,13,8,0.570087712549569,2500,OLS_iid,iid,False,5
7,9,9001,22,220001,True,26,False,100,0.6775365161035468,0.5657855360768735,0.44323772317569143,0.35308156748335395,1.0583856212597187,1.1425321648516018,0.6090189281055648,0.10756297239084536,13,8,0.570087712549569,2500,OLS_iid,iid,False,5
8,0,1,4,40001,True,28,False,100,0.6434745812917716,0.46483131777495146,0.36971855578456886,0.26862584954841934,0.8994930068694773,0.946656607633059,0.6502496200607987,0.15260646636012754,13,8,0.570087712549569,2500,OLS_iid,iid,False,5
8,0,1,10,100001,True,25,False,100,0.6838385837225557,0.43251995788887143,0.3308600384735904,0.230561460266671,0.9112657521602834,0.797149376867241,0.7387738444598178,0.15089900939211637,13,8,0.570087712549569,2500,OLS_iid,iid,False,5
7,9,9001,0,1,True,35,False,100,0.6390713786786839,0.6770807527936995,0.3993075922582934,0.315697469708493,0.7346803964843446,0.9232721866766829,0.6464106579210904,0.10574347436583284,13,8,0.570087712549569,2500,OLS_iid,iid,False,5
7,6,6001,25,250001,True,47,False,100,0.7621655752320462,1.091884259134531,0.3715030527173735,0.2683393012172751,1.0904617281640714,1.2606914345272908,0.7514793526295566,0.10644741965034397,13,8,0.570087712549569,2500,OLS_iid,iid,False,5
7,8,8001,29,290001,True,36,False,100,0.5567230085850808,0.6873977836221457,0.43245015681277993,0.34199859243159886,1.2442202926269976,1.063229702222567,0.5503441097927044,0.11311539587982194,13,8,0.570087712549569,2500,OLS_iid,iid,False,5
8,0,1,11,110001,True,21,False,100,0.5452943238107938,0.45426334999501705,0.442614009598854,0.32783784804808264,0.969831329561633,1.2591711157757204,0.45550761647861115,0.1486790993662463,13,8,0.570087712549569,2500,OLS_iid,iid,False,5
7,9,9001,15,150001,True,28,False,100,0.6532913944757328,0.6250224770046771,0.42713035375889186,0.344152854547782,1.2627985454691295,1.299095245816594,0.5816932201069788,0.11458315928677687,13,8,0.570087712549569,2500,OLS_iid,iid,False,5
7,9,9001,17,170001,True,28,False,100,0.6675444134378812,0.6072500650770962,0.4436845099404701,0.34773908837509626,1.074029703435965,1.061411851007511,0.5621124128964855,0.11096611728970433,13,8,0.570087712549569,2500,OLS_iid,iid,False,5
7,9,9001,7,70001,True,28,False,100,0.5246864878925127,0.6696041719987988,0.48475786523030695,0.3918257140132878,1.0696706009910697,1.2087779646440777,0.5452004102790805,0.10370383529716451,13,8,0.570087712549569,2500,OLS_iid,iid,False,5
8,0,1,13,130001,True,27,False,100,0.7622937846217469,0.46191708091646433,0.39623147719408697,0.28908115744358376,1.2453363876599346,1.0025918522093826,0.5916637793205654,0.1512999775875703,13,8,0.570087712549569,2500,OLS_iid,iid,False,5
7,3,3001,28,280001,True,80,False,100,0.8304813982898618,1.6890562330372632,0.199522112462771,0.14316014403795235,0.472435677706033,0.5859299593722395,0.8193174236255617,0.11486619737543265,13,8,0.570087712549569,2500,OLS_iid,iid,False,5
8,0,1,25,250001,True,21,False,100,0.7621655752320462,0.38254774641245604,0.412481428475665,0.30410996286592035,0.8797021721555743,0.9774824566504353,0.6679190964576296,0.14694262922603005,13,8,0.570087712549569,2500,OLS_iid,iid,False,5
7,9,9001,26,260001,True,28,False,100,0.5627541537636492,0.5941220670938492,0.3629509346181352,0.2736038838322989,0.9413635639409597,0.7935550653989994,0.7192025164642385,0.11171690539672172,13,8,0.570087712549569,2500,OLS_iid,iid,False,5
8,0,1,23,230001,True,22,False,100,0.5698607146438263,0.42251043673604727,0.4261834004738403,0.3125196606071699,1.0161431320469703,1.0928511198530315,0.6056538810103997,0.14325759188087228,13,8,0.570087712549569,2500,OLS_iid,iid,False,5
8,0,1,27,270001,True,23,False,100,0.6548752527436544,0.3903816849924624,0.3814430916416158,0.27189237117693393,1.0510237174511738,0.9243150474734791,0.6667229615800773,0.15325677199584553,13,8,0.570087712549569,2500,OLS_iid,iid,False,5
8,0,1,20,200001,True,25,False,100,0.5199905400817861,0.45481076603755355,0.38295007512257323,0.2783719218679464,1.2364556892878367,0.9138024127795383,0.6506284667466476,0.14284434703220572,13,8,0.570087712549569,2500,OLS_iid,iid,False,5
7,5,5001,24,240001,True,66,False,100,0.8573263233675178,1.3436788278631866,0.2032485890330506,0.15054449231657216,0.4172430210618542,0.5752852115447274,0.8275880402544035,0.1098107328234456,13,8,0.570087712549569,2500,OLS_iid,iid,False,5
8,0,1,9,90001,True,22,False,100,0.4781193988631633,0.5177067979238927,0.4134800075005145,0.30196136182818006,0.8682986771438598,1.0077733163377847,0.6342615859523316,0.14565979391344364,13,8,0.570087712549569,2500,OLS_iid,iid,False,5
8,0,1,2,20001,True,31,False,100,0.5694174310539274,0.5782873188145459,0.3362505594532274,0.22784601461318016,0.9968615530921691,0.757832636607455,0.7353901325430149,0.15027718388438857,13,8,0.570087712549569,2500,OLS_iid,iid,False,5
7,9,9001,4,40001,True,36,False,100,0.6497839792320272,0.7265132912434638,0.41624599924350575,0.32126372505716777,1.271860287935638,0.9077057381431035,0.6377860896978449,0.11264425623057482,13,8,0.570087712549569,2500,OLS_iid,iid,False,5
8,0,1,19,190001,True,22,False,100,0.6700104930430736,0.508158802986145,0.4003594240425207,0.2901778973919202,0.9300045033464585,1.0087405997807,0.63713542163069,0.14989282991258956,13,8,0.570087712549569,2500,OLS_iid,iid,False,5
8,0,1,21,210001,True,21,False,100,0.7431400910314013,0.4968288210220635,0.47400375175615694,0.37033528340253785,1.257431259417406,1.6050331719699376,0.4840863398454608,0.14801996603656012,13,8,0.570087712549569,2500,OLS_iid,iid,False,5
8,0,1,18,180001,True,22,False,100,0.7280983049752222,0.5265068998560309,0.4171482651541245,0.30362610579212485,0.9685481892977565,1.0564217114571484,0.6273438906270912,0.1473835638786548,13,8,0.570087712549569,2500,OLS_iid,iid,False,5
7,5,5001,12,120001,True,73,False,100,0.718277789532749,1.512598249129951,0.13600436246490588,0.11054941390666104,0.27006544439486285,0.5130539551760436,0.8646784228019831,0.10999192785200018,13,8,0.570087712549569,2500,OLS_iid,iid,False,5
7,7,7001,29,290001,True,50,False,100,0.5567230085850808,0.9876603479497135,0.4629032519093016,0.3646045608412592,1.3405505591701272,1.2158774247149193,0.5612868110424573,0.1124333475009456,13,8,0.570087712549569,2500,OLS_iid,iid,False,5
7,9,9001,27,270001,True,28,False,100,0.6548752527436544,0.6616495633497834,0.3875035120737034,0.3010397621563787,1.2108966817315112,1.002405077528577,0.5960645902990725,0.11326937365081771,13,8,0.570087712549569,2500,OLS_iid,iid,False,5
8,0,1,3,30001,True,33,False,100,0.930410464698022,0.6183175891637802,0.34761828661450417,0.25016937213228957,0.9297545820949988,0.9684240467149067,0.5673055042273696,0.1527095020918628,13,8,0.570087712549569,2500,OLS_iid,iid,False,5
8,0,1,29,290001,True,22,False,100,0.45909267645915386,0.4394842949695885,0.39404573066571114,0.28347856716610065,1.0875444689967015,0.9965569515895478,0.6849733505920202,0.1469935969201522,13,8,0.570087712549569,2500,OLS_iid,iid,False,5
8,0,1,15,150001,True,25,False,100,0.6532913944757328,0.5601994101889431,0.3043216441534509,0.2083162084835826,1.0649162793141123,0.7638838880993056,0.7289771215964231,0.15657777280449098,13,8,0.570087712549569,2500,OLS_iid,iid,False,5
7,7,7001,4,40001,True,62,False,100,0.6497839792320272,1.2023128541186452,0.4074401367483927,0.3138480158570725,0.8240966109052804,0.9967887278935345,0.6200316492769864,0.11394327931823113,13,8,0.570087712549569,2500,OLS_iid,iid,False,5
7,9,9001,19,190001,True,29,False,100,0.6700104930430736,0.7407533111982048,0.3600898251130233,0.2722006106481144,0.7581698621406222,0.8138761973339902,0.7222653749911848,0.10947670611079598,13,8,0.570087712549569,2500,OLS_iid,iid,False,5
7,9,9001,21,210001,True,32,False,100,0.7431400910314013,0.7418350018560886,0.4452347999394501,0.35599870758608165,1.0616587049823316,1.003997725686036,0.6129880272139117,0.11961093301255164,13,8,0.570087712549569,2500,OLS_iid,iid,False,5
8,1,1001,1,10001,True,22,False,100,0.7952954463559883,0.45823154877871275,0.3989226994489179,0.3096733494775066,0.7914144881674693,0.9976954666543632,0.6790301708051054,0.1550313504846665,13,8,0.570087712549569,2500,OLS_iid,iid,False,5
8,0,1,8,80001,True,25,False,100,0.7378021846205323,0.6130606299266219,0.3738350333421568,0.28080025150854226,1.3146185997720856,1.098855528868346,0.6675911755863458,0.14866128434429762,13,8,0.570087712549569,2500,OLS_iid,iid,False,5
7,7,7001,20,200001,True,43,False,100,0.6590887302757289,1.1123493611812592,0.34301335250795084,0.24089241983028367,1.1041198932294785,1.4130414754789997,0.714591470661195,0.10985614625311568,13,8,0.570087712549569,2500,OLS_iid,iid,False,5
8,1,1001,2,20001,True,25,False,100,0.5694174310539274,0.4540293621830642,0.37271626952260917,0.27178410290013844,1.2245053095516765,1.0424396182790348,0.6360256110270172,0.15347090149231774,13,8,0.570087712549569,2500,OLS_iid,iid,False,5
8,1,1001,4,40001,True,27,False,100,0.6434745812917716,0.4558602967299521,0.34673760791905955,0.24518564836339915,1.2111410837114536,0.9150786985105007,0.6061071321169283,0.1551282220600868,13,8,0.570087712549569,2500,OLS_iid,iid,False,5
8,1,1001,10,100001,True,24,False,100,0.6838385837225557,0.4121486768126488,0.392437928590201,0.28564097028402313,1.1691103757333396,1.0366712081676321,0.5953410723130459,0.1512447307631588,13,8,0.570087712549569,2500,OLS_iid,iid,False,5
7,6,6001,3,30001,True,74,False,100,0.930410464698022,1.3877893169410527,0.4416974675985276,0.35413945698111016,1.1320416726216056,1.048419157340546,0.5909950691592631,0.11354374015515131,13,8,0.570087712549569,2500,OLS_iid,iid,False,5
8,1,1001,6,60001,True,22,False,100,0.6355162989249991,0.4431091961450875,0.44469893092817725,0.3341926730626049,0.9563486145157835,1.1053766162019367,0.6144982975809729,0.1486452030109515,13,8,0.570087712549569,2500,OLS_iid,iid,False,5
8,1,1001,16,160001,True,23,False,100,0.5478028847764859,0.3860800382681191,0.3305642691375236,0.22375131522971897,0.9138693974940233,0.8094593029321817,0.7475686881527268,0.1504486383903833,13,8,0.570087712549569,2500,OLS_iid,iid,False,5
8,1,1001,14,140001,True,21,False,100,0.6695629475617095,0.40221470315009356,0.3938914862110621,0.3185860784071262,0.8530271394551399,1.1340794697685026,0.6741178107875078,0.14971323462076547,13,8,0.570087712549569,2500,OLS_iid,iid,False,5
8,1,1001,7,70001,True,21,False,100,0.5246864878925127,0.46369274659082294,0.3457348026004614,0.2507661700786695,0.8635425841520934,0.8327616910475392,0.6982428716471394,0.14145878072793722,13,8,0.570087712549569,2500,OLS_iid,iid,False,5
8,1,1001,8,80001,True,24,False,100,0.7378021846205323,0.4627232449129224,0.4058233497560511,0.3075247737842062,1.3053545343253934,1.0343212606407062,0.6620657465617406,0.15102087411711868,13,8,0.570087712549569,2500,OLS_iid,iid,False,5
7,9,9001,28,280001,True,34,False,100,0.8304813982898618,0.747135111130774,0.39184960605919494,0.29492346382750734,0.9983427180838588,0.9433294033042233,0.6585302445488835,0.1141130124530987,13,8,0.570087712549569,2500,OLS_iid,iid,False,5
8,1,1001,22,220001,True,22,False,100,0.6775365161035468,0.35855603078380227,0.43338244356780226,0.325261494228719,1.0016264614395198,1.0134111488443538,0.6721077039982445,0.14648885285901517,13,8,0.570087712549569,2500,OLS_iid,iid,False,5
8,0,1,17,170001,True,29,False,100,0.6675444134378812,0.6486317939125001,0.2555206358556257,0.17816212897149242,0.6098745818090033,0.6068866380618209,0.8228270735821347,0.14529132828712676,13,8,0.570087712549569,2500,OLS_iid,iid,False,5
8,0,1,24,240001,True,23,False,100,0.8573263233675178,0.5901443073526025,0.42318591266355504,0.31942364428171177,1.1023323504985132,1.092775735819806,0.5789113650837455,0.148706605020718,13,8,0.570087712549569,2500,OLS_iid,iid,False,5
8,1,1001,12,120001,True,28,False,100,0.552852424906546,0.4520895374007523,0.3337233569966531,0.22952805925766928,1.0672409802015261,0.7831328789403178,0.7332798052769123,0.14624020115098796,13,8,0.570087712549569,2500,OLS_iid,iid,False,5
7,7,7001,1,10001,True,63,False,100,0.7952954463559883,1.3091753362677991,0.3034916157694931,0.23494330671683186,0.7615388829985114,0.7794424470356995,0.7218928757173173,0.11183434106449162,13,8,0.570087712549569,2500,OLS_iid,iid,False,5
8,1,1001,15,150001,True,25,False,100,0.6532913944757328,0.44527952978387475,0.4477244029837291,0.33803761662205767,0.9220275570611474,1.205528726720639,0.4800596126891478,0.1560841672132351,13,8,0.570087712549569,2500,OLS_iid,iid,False,5
8,1,1001,20,200001,True,23,False,100,0.5199905400817861,0.40533445915207267,0.409373416470966,0.30761096695508583,1.0088235804311076,1.1041215684670607,0.653440635379319,0.14778120416108118,13,8,0.570087712549569,2500,OLS_iid,iid,False,5
7,8,8001,13,130001,True,50,False,100,0.7622937846217469,1.0494413380511105,0.43596976676747123,0.3465286982217381,0.9189494175544717,1.0606811373818676,0.6259310095464948,0.1168485193983874,13,8,0.570087712549569,2500,OLS_iid,iid,False,5
8,1,1001,24,240001,True,25,False,100,0.8573263233675178,0.3958533429540694,0.3377877465801823,0.24866993929542502,0.6614433950030552,0.8371195511983371,0.6877590457390856,0.1508734515997568,13,8,0.570087712549569,2500,OLS_iid,iid,False,5
8,1,1001,21,210001,True,24,False,100,0.7431400910314013,0.4064819300547242,0.38847445992502594,0.2873640258666328,0.9388069677133314,0.913581501119622,0.6671002594283626,0.1497989143784471,13,8,0.570087712549569,2500,OLS_iid,iid,False,5
8,1,1001,26,260001,True,24,False,100,0.5627541537636492,0.4108195868320763,0.31967540401306094,0.22072804812116897,0.9580570757983156,0.7530910756879244,0.7438662273892822,0.14336396340727348,13,8,0.570087712549569,2500,OLS_iid,iid,False,5
8,2,2001,0,1,True,22,False,100,0.6390713786786839,0.3800740148872137,0.40948994465038957,0.3054804530673849,1.118060696797425,1.1101460532125034,0.5931355613512506,0.14451305878013906,13,8,0.570087712549569,2500,OLS_iid,iid,False,5
8,2,2001,9,90001,True,22,False,100,0.4781193988631633,0.36057596607133746,0.39865120971067447,0.28184056840223437,0.8400384800872519,0.9291117831601404,0.6952527730225853,0.14437771331849536,13,8,0.570087712549569,2500,OLS_iid,iid,False,5
8,1,1001,13,130001,True,27,False,100,0.7622937846217469,0.5122734610922635,0.42598630355731026,0.32169435093517057,1.0600586963557748,1.3405108314624192,0.5199791999018882,0.1567718449426801,13,8,0.570087712549569,2500,OLS_iid,iid,False,5
7,9,9001,13,130001,True,49,False,100,0.7622937846217469,0.9400572762824595,0.432862631771919,0.3443743043641204,1.196496008264564,1.5731886734318206,0.5875127007023634,0.11652890733064933,13,8,0.570087712549569,2500,OLS_iid,iid,False,5
8,1,1001,23,230001,True,26,False,100,0.5698607146438263,0.4572193971835077,0.38676519481182026,0.27598219251784994,0.903338615722418,0.9040942729625,0.7177219360440834,0.1482854587704983,13,8,0.570087712549569,2500,OLS_iid,iid,False,5
8,1,1001,29,290001,True,22,False,100,0.45909267645915386,0.4341996656730771,0.349031146701599,0.2460041695056483,1.0842746895325095,0.8280349946314175,0.7102683540005318,0.14883733558573523,13,8,0.570087712549569,2500,OLS_iid,iid,False,5
8,2,2001,17,170001,True,22,False,100,0.6675444134378812,0.3653226289898157,0.39863465871330733,0.29301170769302715,0.8259243240910661,0.9423545106210401,0.6489002555185197,0.14607847994161977,13,8,0.570087712549569,2500,OLS_iid,iid,False,5
8,0,1,1,10001,True,51,False,100,0.7952954463559883,0.8558225892484188,0.2538952425509125,0.17726534187270593,0.6359287055981411,0.7092074889222354,0.7561814725861523,0.14863487763949365,13,8,0.570087712549569,2500,OLS_iid,iid,False,5
7,8,8001,19,190001,True,28,False,100,0.6700104930430736,1.1102975271642208,0.34315700439388575,0.25653256540580827,0.7150735851239073,0.7497504567971957,0.7480576258735826,0.10825273820839584,13,8,0.570087712549569,2500,OLS_iid,iid,False,5
8,2,2001,10,100001,True,25,False,100,0.6838385837225557,0.42062925081700087,0.28493020073106357,0.1922161318768208,0.6712259091212094,0.7314433234590438,0.7636802722963338,0.14774269513653626,13,8,0.570087712549569,2500,OLS_iid,iid,False,5
8,2,2001,8,80001,True,24,False,100,0.7378021846205323,0.4243759918026626,0.4377381834415955,0.33085814597468216,1.042065865215679,1.1904065884217672,0.5637084226876468,0.14034152063836758,13,8,0.570087712549569,2500,OLS_iid,iid,False,5
7,9,9001,14,140001,True,49,False,100,0.7565004818916076,0.9894726825878024,0.38669406457347033,0.29566040583797587,0.9233199048103303,0.9060708863269248,0.6709245084364897,0.10948877218210563,13,8,0.570087712549569,2500,OLS_iid,iid,False,5
8,1,1001,27,270001,True,28,False,100,0.6548752527436544,0.48526776023209095,0.3906952606105803,0.28264743785185253,1.0482303635831212,0.9453350641798801,0.669410988825906,0.14808491263621135,13,8,0.570087712549569,2500,OLS_iid,iid,False,5
7,8,8001,28,280001,True,55,False,100,0.8304813982898618,1.0658232122659683,0.387746983129546,0.28310064374515237,0.9786708898393341,0.8794181817937426,0.6568443947580382,0.11247721387373048,13,8,0.570087712549569,2500,OLS_iid,iid,False,5
8,0,1,22,220001,True,46,False,100,0.6775365161035468,0.7497894009575248,0.22509396136115392,0.16377170074405833,0.4998113231304717,0.603244760699847,0.8233132995175996,0.14903890808025985,13,8,0.570087712549569,2500,OLS_iid,iid,False,5
8,2,2001,2,20001,True,27,False,100,0.5694174310539274,0.45542407128959894,0.35626718327083967,0.24737614226168125,1.0999494419377809,0.8895667730530376,0.640975845642614,0.14932439819546126,13,8,0.570087712549569,2500,OLS_iid,iid,False,5
7,6,6001,21,210001,True,69,False,100,0.7431400910314013,1.495859398972243,0.34977909479872493,0.2648874203210837,1.0721976148124368,0.8043691748923485,0.685503484964035,0.11473859215396799,13,8,0.570087712549569,2500,OLS_iid,iid,False,5
8,2,2001,4,40001,True,28,False,100,0.6434745812917716,0.4618371520191431,0.38184467128775224,0.27955367634965905,1.0857529575556648,0.9227263528750902,0.6684431141442053,0.14953547812697096,13,8,0.570087712549569,2500,OLS_iid,iid,False,5
8,1,1001,19,190001,True,31,False,100,0.6700104930430736,0.558067656122148,0.33237895278899,0.23380170112480686,1.086947489171498,0.8350380615474984,0.7449667316246031,0.14795947918102825,13,8,0.570087712549569,2500,OLS_iid,iid,False,5
8,2,2001,22,220001,True,22,False,100,0.6775365161035468,0.3810335770249367,0.38892684091172636,0.28892981356501646,1.1849945691265602,1.0101106250754328,0.6131841594102092,0.1469130439128135,13,8,0.570087712549569,2500,OLS_iid,iid,False,5
7,9,9001,5,50001,True,47,False,100,0.7981756372625675,1.04560998827219,0.318390458292762,0.23382006936099897,0.7811678136109081,0.7644810634060342,0.7327558645203768,0.10857514966835072,13,8,0.570087712549569,2500,OLS_iid,iid,False,5
8,2,2001,15,150001,True,27,False,100,0.6532913944757328,0.4447688437066972,0.4327846232663862,0.32145414434024594,1.0693471956823277,1.030362742239681,0.628479736440634,0.1551509504223907,13,8,0.570087712549569,2500,OLS_iid,iid,False,5
7,4,4001,2,20001,True,94,False,100,0.5694174310539274,2.06284232577309,0.27322622061534196,0.20361578674015302,0.5892240904426588,0.6585053522583558,0.7959503641456886,0.11019323557580435,13,8,0.570087712549569,2500,OLS_iid,iid,False,5
8,2,2001,11,110001,True,23,False,100,0.5452943238107938,0.49279641080647707,0.32222972200090866,0.2203965229757383,0.7981357131444339,0.8056415067939973,0.7237733797129223,0.1494760129594781,13,8,0.570087712549569,2500,OLS_iid,iid,False,5
8,0,1,0,1,True,60,False,100,0.6390713786786839,0.9554246878251433,0.23546042648456808,0.1498736517928091,0.6818534540472752,0.5961313571838562,0.8222426984065381,0.14700502924367262,13,8,0.570087712549569,2500,OLS_iid,iid,False,5
7,9,9001,10,100001,True,58,False,100,0.6838385837225557,1.0839057811535895,0.2909748073666009,0.2114490150088692,0.7498657454835538,0.6771973438610984,0.7831018564327419,0.10967105381100573,13,8,0.570087712549569,2500,OLS_iid,iid,False,5
7,9,9001,20,200001,True,48,False,100,0.6590887302757289,1.044332267716527,0.20656282330661085,0.1565314714125134,0.4246690941592401,0.594807090812591,0.8231305683894162,0.11064103724170304,13,8,0.570087712549569,2500,OLS_iid,iid,False,5
7,9,9001,12,120001,True,51,False,100,0.718277789532749,1.0801402712240815,0.39950893975168894,0.29121131666881284,0.9572219455334782,0.9248461587096325,0.6342477103676228,0.10857861261244853,13,8,0.570087712549569,2500,OLS_iid,iid,False,5
8,1,1001,11,110001,True,42,False,100,0.5452943238107938,0.6822917531244457,0.10672543196016138,0.08462926203857278,0.2298536907700341,0.4753705659663824,0.8847706245042346,0.14675130730915806,13,8,0.570087712549569,2500,OLS_iid,iid,False,5
8,3,3001,9,90001,True,21,False,100,0.4781193988631633,0.3531222939491272,0.42030153006361193,0.30699936478414186,1.0517669139445163,1.1123415823894596,0.6365410514003895,0.14725534942596788,13,8,0.570087712549569,2500,OLS_iid,iid,False,5
8,2,2001,16,160001,True,25,False,100,0.5478028847764859,0.4920707973651588,0.3999233487853885,0.29041223025246954,1.0383240717746267,0.9040342596013418,0.6813391895086447,0.15073689799585718,13,8,0.570087712549569,2500,OLS_iid,iid,False,5
8,2,2001,29,290001,True,25,False,100,0.45909267645915386,0.42772300634533167,0.36469762905852837,0.261432666870992,0.8768698127174828,0.9961328628096233,0.5747975889489119,0.15023997043698165,13,8,0.570087712549569,2500,OLS_iid,iid,False,5
7,6,6001,17,170001,True,80,False,100,0.6675444134378812,1.6181193529628217,0.3406236042122205,0.25281912217769115,1.2076696247754461,0.7015685516863468,0.7566597599976285,0.10903344720999157,13,8,0.570087712549569,2500,OLS_iid,iid,False,5
8,3,3001,0,1,True,23,False,100,0.6390713786786839,0.43851294182240963,0.35981790433005056,0.25796527601370856,0.8959634972240759,0.851581637257641,0.7076418533522585,0.14711136546504708,13,8,0.570087712549569,2500,OLS_iid,iid,False,5
8,3,3001,10,100001,True,22,False,100,0.6838385837225557,0.3825856647454202,0.4222817424817492,0.3083213052438214,1.1176895790056398,1.0843327698215302,0.5368713515219398,0.15295665714681767,13,8,0.570087712549569,2500,OLS_iid,iid,False,5
8,2,2001,19,190001,True,23,False,100,0.6700104930430736,0.5191210880875587,0.39880371618759475,0.2889558013430362,0.9969133760164557,1.0512354326879942,0.5565181926839631,0.15156278829947037,13,8,0.570087712549569,2500,OLS_iid,iid,False,5
7,7,7001,15,150001,True,43,False,100,0.6532913944757328,1.5000216169282794,0.389052186698558,0.2930116070961739,1.165391056391008,0.9102112210919082,0.6659442218489368,0.11548934334781612,13,8,0.570087712549569,2500,OLS_iid,iid,False,5
8,2,2001,18,180001,True,24,False,100,0.7280983049752222,0.5430193231441081,0.32725152106257444,0.22732007328183618,0.7965729067639151,0.8794036261622645,0.6381752718469713,0.14282403270222485,13,8,0.570087712549569,2500,OLS_iid,iid,False,5
8,1,1001,28,280001,True,31,False,100,0.8304813982898618,0.6373105817474425,0.35821031604635395,0.25256274510180154,0.8150511821118304,0.8755141004563669,0.7006850446572057,0.1571311222733703,13,8,0.570087712549569,2500,OLS_iid,iid,False,5
8,3,3001,8,80001,True,24,False,100,0.7378021846205323,0.4218068909831345,0.3781575736050518,0.2811022233213756,0.8859564344877084,0.9041331306730376,0.6746775918533727,0.14484685438451475,13,8,0.570087712549569,2500,OLS_iid,iid,False,5
8,3,3001,13,130001,True,24,False,100,0.7622937846217469,0.4139845031313598,0.29774053107956194,0.2160689255392259,0.7491196917973418,0.7404878660838363,0.7281135285063591,0.15141216694224646,13,8,0.570087712549569,2500,OLS_iid,iid,False,5
7,9,9001,23,230001,True,52,False,100,0.5902109172571883,1.1224985332228243,0.28784590825160333,0.21711944529212623,0.549935929462658,0.6225445125711287,0.8136275730366913,0.11032476462891089,13,8,0.570087712549569,2500,OLS_iid,iid,False,5
8,3,3001,19,190001,True,23,False,100,0.6700104930430736,0.3859122898429632,0.433156902093997,0.32158070192413146,1.0933700688028245,1.1732112896475968,0.5492683676778077,0.14979418545927792,13,8,0.570087712549569,2500,OLS_iid,iid,False,5
8,2,2001,13,130001,True,24,False,100,0.7622937846217469,0.5896521820686758,0.40648915755047493,0.28913984569835266,0.9352453235775213,5.618619263309563,0.5123311904053751,0.15548222232057413,13,8,0.570087712549569,2500,OLS_iid,iid,False,5
8,3,3001,11,110001,True,25,False,100,0.5452943238107938,0.42895270604640245,0.3944513679133308,0.2828814836494977,1.0056626042318804,7.905372271017825,0.6140378014619119,0.14807754712412746,13,8,0.570087712549569,2500,OLS_iid,iid,False,5
8,2,2001,21,210001,True,24,False,100,0.7431400910314013,0.5504154548980296,0.32364393036782496,0.2335983584698999,1.061049968435977,0.7850175658820817,0.7267437246388436,0.1494009382823479,13,8,0.570087712549569,2500,OLS_iid,iid,False,5
8,3,3001,22,220001,True,23,False,100,0.6775365161035468,0.3972891019657254,0.33644946328587105,0.23581572173635618,0.7430982013644618,0.7680712465919594,0.7403434979850035,0.1459103421331742,13,8,0.570087712549569,2500,OLS_iid,iid,False,5
7,7,7001,9,90001,True,78,False,100,0.6443683002655874,1.5834555909968913,0.2696546008664798,0.1915991467488623,0.6715324275726466,0.6070365135620777,0.8238919988113564,0.10799999005531745,13,8,0.570087712549569,2500,OLS_iid,iid,False,5
7,5,5001,16,160001,True,105,False,100,0.6213926441787622,1.974448832217604,0.20430836252992834,0.15169997909967742,0.5084462229057789,0.5380115117600178,0.8529671294628011,0.10726681203734097,13,8,0.570087712549569,2500,OLS_iid,iid,False,5
8,2,2001,26,260001,True,35,False,100,0.5627541537636492,0.5714806420728564,0.2551469739589637,0.18217743575713957,0.5835644492719244,0.8238668017100867,0.6461103844885813,0.15292945379116846,13,8,0.570087712549569,2500,OLS_iid,iid,False,5
7,8,8001,4,40001,True,77,False,100,0.6497839792320272,1.4478960810229182,0.3076580678242093,0.21065110342453378,1.3090603611932878,0.7404651278490061,0.7211837979719312,0.11548539168317727,13,8,0.570087712549569,2500,OLS_iid,iid,False,5
8,3,3001,26,260001,True,24,False,100,0.5627541537636492,0.4165179319679737,0.39666031543113306,0.3023009896340889,1.0241638445183407,75.91978938634989,0.6331155192519273,0.1495562806406771,13,8,0.570087712549569,2500,OLS_iid,iid,False,5
7,7,7001,17,170001,True,80,False,100,0.6675444134378812,1.5735903671011329,0.3536733003956912,0.26884997914124936,0.7221613241726754,0.8271565960554929,0.6852351643335207,0.10869886974190822,13,8,0.570087712549569,2500,OLS_iid,iid,False,5
8,2,2001,23,230001,True,23,False,100,0.5698607146438263,0.600306058768183,0.4077382937027065,0.29811201898364514,0.8744024090945121,0.9471882410789216,0.6927646799045415,0.14939625264749892,13,8,0.570087712549569,2500,OLS_iid,iid,False,5
8,3,3001,5,50001,True,27,False,100,0.7981756372625675,0.538340229075402,0.4478101159236894,0.3426174014917422,1.2274310788027054,1.1267601266240463,0.5330037484411971,0.1523023647552662,13,8,0.570087712549569,2500,OLS_iid,iid,False,5
8,3,3001,12,120001,True,22,False,100,0.552852424906546,0.4905305588617921,0.36140842019196295,0.2770347531230682,1.0922091893858066,8.344840119468756,0.6867807019351636,0.152111746381405,13,8,0.570087712549569,2500,OLS_iid,iid,False,5
8,4,4001,10,100001,True,23,False,100,0.6838385837225557,0.3474430781789124,0.4167118196647213,0.30512527379036114,1.0210525472571945,1.0466270488250142,0.5914820545061794,0.15205945499908727,13,8,0.570087712549569,2500,OLS_iid,iid,False,5
8,3,3001,20,200001,True,24,False,100,0.5199905400817861,0.46232382813468575,0.29648337450619205,0.21213715860537602,0.696721856221803,0.6944327740696605,0.7712757140144605,0.14973666858934018,13,8,0.570087712549569,2500,OLS_iid,iid,False,5
8,3,3001,27,270001,True,22,False,100,0.6548752527436544,0.44181613717228174,0.3874183770490019,0.27526305781570437,0.9471445454064136,0.9735594387472432,0.6035592671858264,0.1527004410246695,13,8,0.570087712549569,2500,OLS_iid,iid,False,5
8,2,2001,27,270001,True,36,False,100,0.6548752527436544,0.6094681969843805,0.3324826642558021,0.23280926896959256,0.8567852866529472,0.8292179753387409,0.6784260965248327,0.14733423462022296,13,8,0.570087712549569,2500,OLS_iid,iid,False,5
8,3,3001,18,180001,True,23,False,100,0.7280983049752222,0.5049259779043496,0.36721113420041457,0.2666595856298822,0.8521075060559755,0.8566164070569211,0.6865347318149035,0.15491387600470766,13,8,0.570087712549569,2500,OLS_iid,iid,False,5
8,3,3001,21,210001,True,26,False,100,0.7431400910314013,0.4934199173003435,0.3889674655710808,0.3148724761937519,0.8541593150729896,21.99260263814345,0.5509704875913372,0.1464897268542703,13,8,0.570087712549569,2500,OLS_iid,iid,False,5
8,4,4001,14,140001,True,21,False,100,0.6695629475617095,0.36196250608190894,0.3877054435221769,0.2810873609627036,0.8565540933065544,1.069584358164499,0.5694509142551406,0.14521743750051966,13,8,0.570087712549569,2500,OLS_iid,iid,False,5
7,6,6001,27,270001,True,83,False,100,0.6548752527436544,1.748593790922314,0.21917569174477744,0.17411225991753404,0.4753941666308356,0.6013786539060483,0.8129695197912868,0.11452765972730045,13,8,0.570087712549569,2500,OLS_iid,iid,False,5
8,4,4001,20,200001,True,23,False,100,0.5199905400817861,0.31398454727604985,0.400393367745201,0.2958083164407724,0.791844832328607,0.9569127066863216,0.6428088427720194,0.15303672630408624,13,8,0.570087712549569,2500,OLS_iid,iid,False,5
8,4,4001,9,90001,True,20,False,100,0.4781193988631633,0.40523539995774627,0.42922365956945663,0.31589081611226166,1.1721060144616602,1.126276804590762,0.6169033506438907,0.14564360549356134,13,8,0.570087712549569,2500,OLS_iid,iid,False,5
7,7,7001,2,20001,True,92,False,100,0.5694174310539274,1.7408489417284727,0.3170142827055864,0.23756305060359922,0.8519883350737525,0.7267412410255482,0.7530192985913517,0.113410984907388,13,8,0.570087712549569,2500,OLS_iid,iid,False,5
8,3,3001,15,150001,True,27,False,100,0.6532913944757328,0.533248589374125,0.2707108162062371,0.18730511193158958,0.7819058055894188,0.7008306007611675,0.7693971944121959,0.1570186963206609,13,8,0.570087712549569,2500,OLS_iid,iid,False,5
8,1,1001,5,50001,True,57,False,100,0.7981756372625675,0.939076563809067,0.1787230954033866,0.13480108765944726,0.36899008187309157,0.5943799466310983,0.8196949988532823,0.14849573610478514,13,8,0.570087712549569,2500,OLS_iid,iid,False,5
8,4,4001,1,10001,True,23,False,100,0.7952954463559883,0.4545823382213712,0.38518532191834254,0.27851758085736084,0.9308239664785315,1.0159961058277962,0.5604339746004896,0.15267931947803826,13,8,0.570087712549569,2500,OLS_iid,iid,False,5
8,1,1001,9,90001,True,56,False,100,0.4781193988631633,0.924162139184773,0.09716712512263141,0.0759804717668195,0.20749713520502677,0.4375565599127561,0.9020102392926498,0.14536367656617308,13,8,0.570087712549569,2500,OLS_iid,iid,False,5
8,4,4001,16,160001,True,21,False,100,0.5478028847764859,0.3700032331980765,0.424821952775143,0.3117342147367494,0.8907736646542789,0.9427960999374065,0.691796763331341,0.14831658358897584,13,8,0.570087712549569,2500,OLS_iid,iid,False,5
7,8,8001,20,200001,True,84,False,100,0.6590887302757289,1.462386129423976,0.2837154017385145,0.20929564890272273,0.694739621893191,0.66922291707476,0.7888324317354897,0.10707829126426566,13,8,0.570087712549569,2500,OLS_iid,iid,False,5
8,4,4001,22,220001,True,21,False,100,0.6775365161035468,0.358077515847981,0.39059370799535337,0.30092671671158194,0.7998060374691197,1.325324848851714,0.6525952723004674,0.14964007081753755,13,8,0.570087712549569,2500,OLS_iid,iid,False,5
8,2,2001,6,60001,True,51,False,100,0.6355162989249991,0.8127330732531846,0.14009490599580782,0.10698826708227228,0.3104291048885251,0.5182812449291404,0.8625715151000165,0.1480829092555274,13,8,0.570087712549569,2500,OLS_iid,iid,False,5
8,1,1001,17,170001,True,54,False,100,0.6675444134378812,0.9141150480136275,0.2156290013529167,0.14656819426215695,0.6670079166262559,0.5533236111314473,0.8421807685812379,0.15020946759106482,13,8,0.570087712549569,2500,OLS_iid,iid,False,5
8,4,4001,17,170001,True,23,False,100,0.6675444134378812,0.40224254271015525,0.3839372285439289,0.2834187197335425,0.800024204207582,0.9283635403889405,0.6616545031729217,0.14878847653016677,13,8,0.570087712549569,2500,OLS_iid,iid,False,5
8,0,1,28,280001,True,34,False,100,0.8304813982898618,1.0699817789718509,0.31320425036086685,0.21815969938306717,0.7488280782029512,0.7669688944470091,0.746101749495634,0.14664887770734192,13,8,0.570087712549569,2500,OLS_iid,iid,False,5
8,4,4001,26,260001,True,21,False,100,0.5627541537636492,0.36640322068706155,0.4409884513771568,0.3278005702846531,0.8846137385311263,1.0248760563620258,0.6486201096579343,0.14955030270615222,13,8,0.570087712549569,2500,OLS_iid,iid,False,5
8,4,4001,23,230001,True,21,False,100,0.5698607146438263,0.375593519769609,0.4534749202877343,0.3384280340670228,0.8766396716351341,1.03520759328279,0.6651969214436761,0.1453693595779084,13,8,0.570087712549569,2500,OLS_iid,iid,False,5
8,3,3001,25,250001,True,27,False,100,0.7621655752320462,0.5582155743613839,0.3241354550992433,0.2287226919558915,0.9686250098407589,0.7659472313906157,0.7485150307798758,0.14796699028661447,13,8,0.570087712549569,2500,OLS_iid,iid,False,5
8,4,4001,8,80001,True,28,False,100,0.7378021846205323,0.4918637587688863,0.30434594298303974,0.2214153139446338,0.7460417236290581,0.7341264530241924,0.7669056932261495,0.150573216979936,13,8,0.570087712549569,2500,OLS_iid,iid,False,5
8,4,4001,5,50001,True,24,False,100,0.7981756372625675,0.5243121678940952,0.32194951253663745,0.23626209032122222,0.7183184138963746,0.8558953944058298,0.677943837468855,0.1486814212666134,13,8,0.570087712549569,2500,OLS_iid,iid,False,5
8,4,4001,27,270001,True,23,False,100,0.6548752527436544,0.3968127849511802,0.3626438396925934,0.26252338369792394,0.8056965503687222,0.8635490983392223,0.6841739718050215,0.14673928411539813,13,8,0.570087712549569,2500,OLS_iid,iid,False,5
8,2,2001,5,50001,True,45,False,100,0.7981756372625675,0.8528768909163773,0.2711097336166806,0.18915053964220957,0.7840559104346724,0.6845080832258499,0.7707894488184144,0.15582080338559795,13,8,0.570087712549569,2500,OLS_iid,iid,False,5
8,4,4001,18,180001,True,23,False,100,0.7280983049752222,0.4327165870927274,0.38514869472005414,0.27909393155638423,0.8873624962839269,1.0210498469818123,0.5718801366177414,0.14584242477823428,13,8,0.570087712549569,2500,OLS_iid,iid,False,5
8,4,4001,29,290001,True,21,False,100,0.45909267645915386,0.40790520003065467,0.44156716387124717,0.3308160990092626,1.0578306848734447,1.1105724780745887,0.5826917431676407,0.14593304960157105,13,8,0.570087712549569,2500,OLS_iid,iid,False,5
8,4,4001,24,240001,True,22,False,100,0.8573263233675178,0.4215351343154907,0.440706043136871,0.33124533353588803,1.0025313502224507,1.0587252051658589,0.628429529266859,0.14987249044534887,13,8,0.570087712549569,2500,OLS_iid,iid,False,5
8,4,4001,2,20001,True,27,False,100,0.5694174310539274,0.5863153669051826,0.33869731962260624,0.2431411332851525,0.8517897674893066,0.8048953628145645,0.7164705202018231,0.15218246182404566,13,8,0.570087712549569,2500,OLS_iid,iid,False,5
7,6,6001,19,190001,True,104,False,100,0.6700104930430736,1.9509238530881703,0.325063946897591,0.23275882031535639,0.8501867378080753,0.6917032958675282,0.7715519583234164,0.10919355026747694,13,8,0.570087712549569,2500,OLS_iid,iid,False,5
8,0,1,14,140001,True,76,False,100,0.6695629475617095,1.2745801541022956,0.17802779048138276,0.12323878181641336,0.5265022840671647,0.5373539887952988,0.8539341908614795,0.14628163901168628,13,8,0.570087712549569,2500,OLS_iid,iid,False,5
8,4,4001,12,120001,True,21,False,100,0.552852424906546,0.5458003110252321,0.4032224190256051,0.3045172278781168,1.0692580855364284,0.9319840221026057,0.686006134964139,0.14603558209356307,13,8,0.570087712549569,2500,OLS_iid,iid,False,5
8,4,4001,15,150001,True,27,False,100,0.6532913944757328,0.5452476451173425,0.3186873734933952,0.22576552793585153,0.7425493631898417,0.9001686657596568,0.5966590774444535,0.14926554415828056,13,8,0.570087712549569,2500,OLS_iid,iid,False,5
8,1,1001,18,180001,True,60,False,100,0.7280983049752222,1.0342845260165632,0.14261936507609765,0.111236485236576,0.2637618023460861,0.5201596443248638,0.8574986947491345,0.1463835355961913,13,8,0.570087712549569,2500,OLS_iid,iid,False,5
7,3,3001,17,170001,True,108,False,100,0.6675444134378812,2.579611461609602,0.17488276682332002,0.1362072662420259,0.3628434287894372,0.5448130134429426,0.847144209955013,0.10900181555176439,13,8,0.570087712549569,2500,OLS_iid,iid,False,5
8,5,5001,10,100001,True,23,False,100,0.6838385837225557,0.3964896183460951,0.4103194054563605,0.29927416310842747,1.101783435641587,1.1132582505708057,0.531521572400008,0.15718844281807973,13,8,0.570087712549569,2500,OLS_iid,iid,False,5
8,5,5001,14,140001,True,22,False,100,0.6695629475617095,0.3820740091614425,0.4168212511432482,0.3022332208936175,1.173563898256521,1.041819348381819,0.6119993335110792,0.14970392479532296,13,8,0.570087712549569,2500,OLS_iid,iid,False,5
8,4,4001,19,190001,True,26,False,100,0.6700104930430736,0.5107591818086803,0.3362724375178606,0.2411649476980077,0.8605430051313393,0.8194933012815788,0.7037220283891514,0.15026552983070793,13,8,0.570087712549569,2500,OLS_iid,iid,False,5
8,5,5001,8,80001,True,25,False,100,0.7378021846205323,0.4261522782035172,0.4065919195113704,0.30855573990144614,0.9512818017721999,1.0739013192087572,0.5467924461179356,0.146274261225984,13,8,0.570087712549569,2500,OLS_iid,iid,False,5
7,9,9001,24,240001,True,75,False,100,0.8573263233675178,1.4593108729459345,0.3468731308855366,0.26046475474467107,1.0558748349799205,0.7315251772679958,0.7600385883499113,0.11028915895886093,13,8,0.570087712549569,2500,OLS_iid,iid,False,5
7,9,9001,11,110001,True,66,False,100,0.5452943238107938,1.5140592893585563,0.23795697035456106,0.17153359144266866,0.5355612755024595,0.5692686379441182,0.8363875802078099,0.10818247944852599,13,8,0.570087712549569,2500,OLS_iid,iid,False,5
7,9,9001,25,250001,True,72,False,100,0.7621655752320462,1.4460743558593094,0.34918383868218744,0.2712637323973371,0.7006723994577777,0.7644058197518541,0.7658302981983849,0.10351254261035056,13,8,0.570087712549569,2500,OLS_iid,iid,False,5
8,2,2001,3,30001,True,46,False,100,0.930410464698022,0.9727053628303111,0.33410649883037435,0.22256415467328353,0.8415869564594973,0.7840845756833339,0.7128909542018025,0.15778947403445004,13,8,0.570087712549569,2500,OLS_iid,iid,False,5
8,4,4001,13,130001,True,27,False,100,0.7622937846217469,0.598860839381814,0.34888437254632465,0.24836980202126904,1.206225019520008,0.8181197802050348,0.7094145731535815,0.15824794909126744,13,8,0.570087712549569,2500,OLS_iid,iid,False,5
8,4,4001,28,280001,True,26,False,100,0.8304813982898618,0.5209348029457033,0.3314944142424945,0.23275546325827637,0.953055334249451,0.8852717881322084,0.674871728543614,0.14693902320992386,13,8,0.570087712549569,2500,OLS_iid,iid,False,5
8,5,5001,1,10001,True,28,False,100,0.7952954463559883,0.5085188997909427,0.32529864558637867,0.22452625382302352,0.8429592007884681,0.936602634786062,0.6277778509352366,0.15616519952154717,13,8,0.570087712549569,2500,OLS_iid,iid,False,5
8,5,5001,6,60001,True,26,False,100,0.6355162989249991,0.46411808440461755,0.3873856866063955,0.2836167070287629,0.8283203349824793,1.0548018579879108,0.5598532733485113,0.14681417240995107,13,8,0.570087712549569,2500,OLS_iid,iid,False,5
8,5,5001,0,1,True,22,False,100,0.6390713786786839,0.5217230678535998,0.39868083095159296,0.2909629411446409,1.136089309736555,0.9033341717039296,0.702445210836141,0.14611984781622445,13,8,0.570087712549569,2500,OLS_iid,iid,False,5
8,5,5001,23,230001,True,22,False,100,0.5698607146438263,0.36516752000898123,0.439284366865937,0.32534757199802794,1.0949582668997373,1.2541778511206474,0.5079048929441894,0.147504514188287,13,8,0.570087712549569,2500,OLS_iid,iid,False,5
8,0,1,26,260001,True,61,False,100,0.5627541537636492,1.2551821237429976,0.18867741160399418,0.12623873749125752,0.498376719008083,0.569431808254101,0.8373738333188909,0.14842744557200419,13,8,0.570087712549569,2500,OLS_iid,iid,False,5
8,4,4001,21,210001,True,24,False,100,0.7431400910314013,0.554165355861187,0.41046181050875064,0.3027293131801127,0.9112720937688373,0.9608085699484533,0.6490856065705295,0.149497027017437,13,8,0.570087712549569,2500,OLS_iid,iid,False,5
8,3,3001,6,60001,True,52,False,100,0.6355162989249991,0.839691303204745,0.3342975268220228,0.23595539870632878,0.8674427643165594,0.7614970588688947,0.7427415890307855,0.14833900882087042,13,8,0.570087712549569,2500,OLS_iid,iid,False,5
8,4,4001,0,1,True,43,False,100,0.6390713786786839,0.7000396149232984,0.3962206188472314,0.2823725499180445,0.977729930504962,1.741417100204377,0.5783070597167264,0.14378033382932548,13,8,0.570087712549569,2500,OLS_iid,iid,False,5
7,9,9001,29,290001,True,39,False,100,0.5567230085850808,1.4392797877080739,0.4094469549584016,0.3284477024514975,0.9736023499429565,1.0535739332432028,0.6571496930480101,0.11498650497495305,13,8,0.570087712549569,2500,OLS_iid,iid,False,5
8,5,5001,27,270001,True,22,False,100,0.6548752527436544,0.3745439681224525,0.4314177538445894,0.32089766477693554,0.8865325822562266,1.1507805557896509,0.5362491704691765,0.15068078294269094,13,8,0.570087712549569,2500,OLS_iid,iid,False,5
8,5,5001,16,160001,True,23,False,100,0.5478028847764859,0.45706653920933604,0.3779338222301137,0.25567976270150694,0.9463538399805406,0.885863376383387,0.705306465563631,0.14925706476235204,13,8,0.570087712549569,2500,OLS_iid,iid,False,5
8,1,1001,25,250001,True,63,False,100,0.7621655752320462,1.0729767768643796,0.22382009989405244,0.15371627357646064,0.6542150286637679,0.5789388787131287,0.8384321471700129,0.14998880758321867,13,8,0.570087712549569,2500,OLS_iid,iid,False,5
8,5,5001,25,250001,True,24,False,100,0.7621655752320462,0.41556955967098475,0.3713110530841258,0.26415142595146385,0.8849518325715564,0.8713440173343712,0.684290156566785,0.14385267773664626,13,8,0.570087712549569,2500,OLS_iid,iid,False,5
8,3,3001,2,20001,True,49,False,100,0.5694174310539274,0.8998892172239721,0.3138263968358135,0.21129775919355417,1.14949330916616,0.7766212631287098,0.7029029918834581,0.14822568951811932,13,8,0.570087712549569,2500,OLS_iid,iid,False,5
8,5,5001,13,130001,True,25,False,100,0.7622937846217469,0.49206911819055676,0.3276554010517479,0.2375309884953284,0.7965143715844369,0.8408840846966867,0.6898276484495371,0.15655061374756105,13,8,0.570087712549569,2500,OLS_iid,iid,False,5
8,3,3001,1,10001,True,53,False,100,0.7952954463559883,0.9065523962490261,0.16247392028102872,0.12244562552682733,0.32941656475673897,0.5681035740028557,0.8378825697313278,0.14517750112471903,13,8,0.570087712549569,2500,OLS_iid,iid,False,5
8,5,5001,20,200001,True,26,False,100,0.5199905400817861,0.43525384785607457,0.42585450756034166,0.3064841561012393,0.9671586057911368,1.2201883689337811,0.4992790449651981,0.1486345849466747,13,8,0.570087712549569,2500,OLS_iid,iid,False,5
8,5,5001,12,120001,True,21,False,100,0.552852424906546,0.5035684476606548,0.43089720192414177,0.3185955615397017,0.8719469528877283,1.0869509552308803,0.5713065143706456,0.14836542435496677,13,8,0.570087712549569,2500,OLS_iid,iid,False,5
8,5,5001,7,70001,True,23,False,100,0.5246864878925127,0.5263679306954145,0.3657369974080924,0.2617766343149165,0.9591531060308801,0.8142105106647639,0.7426711902573252,0.1488247275508433,13,8,0.570087712549569,2500,OLS_iid,iid,False,5
8,5,5001,11,110001,True,29,False,100,0.5452943238107938,0.5107966922223568,0.44880026068042417,0.3308137022505069,1.09576749683623,73.02296566998402,0.5560655751275897,0.14673019753134306,13,8,0.570087712549569,2500,OLS_iid,iid,False,5
8,0,1,12,120001,True,74,False,100,0.552852424906546,1.4173569777049124,0.1299972386979592,0.09853472898968814,0.2868680173727849,0.4886207416420805,0.881185618371533,0.14760997882139124,13,8,0.570087712549569,2500,OLS_iid,iid,False,5
8,5,5001,3,30001,True,37,False,100,0.930410464698022,0.5889753559604287,0.3072946648249716,0.21926266400638747,0.910755070673262,0.7828123323169767,0.7215201057449145,0.15078092514111358,13,8,0.570087712549569,2500,OLS_iid,iid,False,5
8,3,3001,17,170001,True,44,False,100,0.6675444134378812,0.8497827062383294,0.23694819441673198,0.16806721386574083,0.6590411050760884,0.6387523329617114,0.8001764983977561,0.14918275220619256,13,8,0.570087712549569,2500,OLS_iid,iid,False,5
8,5,5001,18,180001,True,23,False,100,0.7280983049752222,0.4825512310490012,0.38301386289396816,0.2750361344229189,0.9948119774433972,0.9554794546954535,0.6416629657903147,0.14880098481514725,13,8,0.570087712549569,2500,OLS_iid,iid,False,5
8,5,5001,9,90001,True,24,False,100,0.4781193988631633,0.5513569680042565,0.31685443251179835,0.2135302192136695,0.8124008085898767,0.7515885157717309,0.7786853450665249,0.14517568274909032,13,8,0.570087712549569,2500,OLS_iid,iid,False,5
8,5,5001,26,260001,True,24,False,100,0.5627541537636492,0.45475685596466064,0.3757442846216228,0.2706431827151311,0.9782259194565294,0.9091863449754817,0.6464062947023849,0.15214699820706806,13,8,0.570087712549569,2500,OLS_iid,iid,False,5
8,5,5001,19,190001,True,28,False,100,0.6700104930430736,0.48061357578262687,0.25845444378178944,0.1785223976636068,0.6300688227104416,0.673021180469058,0.7965927598694331,0.1462074793125748,13,8,0.570087712549569,2500,OLS_iid,iid,False,5
8,6,6001,12,120001,True,22,False,100,0.552852424906546,0.3833677601069212,0.37725072708700613,0.2590764652073456,0.947212472586181,1.072662486904603,0.5508955369721693,0.1491408580382164,13,8,0.570087712549569,2500,OLS_iid,iid,False,5
8,2,2001,1,10001,True,54,False,100,0.7952954463559883,1.1253166301175952,0.23958256121224883,0.16011796545879303,0.5629233448195375,0.6603707842234077,0.7861173956500933,0.15229672781775375,13,8,0.570087712549569,2500,OLS_iid,iid,False,5
8,6,6001,3,30001,True,27,False,100,0.930410464698022,0.43851190293207765,0.28884866810685755,0.2022065489931703,0.7851103014069752,0.7991520521083038,0.6533212433624387,0.14984537055120217,13,8,0.570087712549569,2500,OLS_iid,iid,False,5
8,6,6001,14,140001,True,22,False,100,0.6695629475617095,0.37862875685095787,0.42527660301842785,0.3250992366469874,1.0026988282674294,1.7453819560586037,0.49088536014716266,0.15124376711474535,13,8,0.570087712549569,2500,OLS_iid,iid,False,5
8,6,6001,10,100001,True,21,False,100,0.6838385837225557,0.42253302596509457,0.4295939333981517,0.32027297012879363,1.1426947377786605,1.2130689739122897,0.5177900301122416,0.15193474590142458,13,8,0.570087712549569,2500,OLS_iid,iid,False,5
8,2,2001,12,120001,True,64,False,100,0.552852424906546,1.1064884359948337,0.20702416314960442,0.1431426068068712,0.5529273595815888,0.5510319470186671,0.853451932245411,0.14650553393119162,13,8,0.570087712549569,2500,OLS_iid,iid,False,5
8,6,6001,15,150001,True,24,False,100,0.6532913944757328,0.4018305870704353,0.3597290902589335,0.25012253380270666,0.9162336753985735,0.907549059831504,0.6517156879717451,0.15115877007901804,13,8,0.570087712549569,2500,OLS_iid,iid,False,5
8,3,3001,16,160001,True,53,False,100,0.5478028847764859,0.928013569675386,0.24921504406737072,0.17451077170365548,0.6599370533710731,0.6166488681180036,0.8185026943710462,0.14701174383590196,13,8,0.570087712549569,2500,OLS_iid,iid,False,5
8,3,3001,4,40001,True,37,False,100,0.6434745812917716,1.0089848721399903,0.31062870161946254,0.21666790019968293,0.7809317869725086,0.82415389856204,0.7073205237370045,0.15352033106835178,13,8,0.570087712549569,2500,OLS_iid,iid,False,5
8,6,6001,19,190001,True,23,False,100,0.6700104930430736,0.39813239499926567,0.2294861213847729,0.15552668736596567,0.6370187506970761,0.5927442901136866,0.8207908984264065,0.14554687680233114,13,8,0.570087712549569,2500,OLS_iid,iid,False,5
8,6,6001,13,130001,True,23,False,100,0.7622937846217469,0.4216986931860447,0.3670447002433771,0.27168185172058484,0.7453582059690882,0.9936448309772963,0.5767764196109182,0.14756480094512395,13,8,0.570087712549569,2500,OLS_iid,iid,False,5
8,6,6001,22,220001,True,22,False,100,0.6775365161035468,0.4016536772251129,0.44361801931171024,0.33307159745812165,1.0482870933815307,1.1426248134224872,0.6158365165531821,0.15286332033025565,13,8,0.570087712549569,2500,OLS_iid,iid,False,5
8,6,6001,24,240001,True,23,False,100,0.8573263233675178,0.39577745273709297,0.41185999728411854,0.30928186756596676,0.9925119826704267,0.9640134732092862,0.6382398227686635,0.1510677826741882,13,8,0.570087712549569,2500,OLS_iid,iid,False,5
8,6,6001,8,80001,True,23,False,100,0.7378021846205323,0.4755514459684491,0.2763897534399899,0.20297260850299195,0.7606509441462026,0.714993827273515,0.7606281512022603,0.15366408167832582,13,8,0.570087712549569,2500,OLS_iid,iid,False,5
8,4,4001,11,110001,True,50,False,100,0.5452943238107938,0.82553406432271,0.17126426015973553,0.12459977796163499,0.41984949484873957,0.5112132632316604,0.8689109024110413,0.1418943278989249,13,8,0.570087712549569,2500,OLS_iid,iid,False,5
8,6,6001,20,200001,True,27,False,100,0.5199905400817861,0.42872999841347337,0.3142027656701348,0.22136444307326805,0.7390027645621507,0.7459537138304075,0.7695415103623231,0.149248509556643,13,8,0.570087712549569,2500,OLS_iid,iid,False,5
7,8,8001,12,120001,True,100,False,100,0.718277789532749,1.908493242226541,0.13865225938118547,0.10508480196356505,0.3276594058904154,0.5145711469542749,0.8615033467934886,0.1074322259483009,13,8,0.570087712549569,2500,OLS_iid,iid,False,5
8,5,5001,4,40001,True,35,False,100,0.6434745812917716,0.7081823828630149,0.3769578255643985,0.27638720717730003,0.9341468955920801,0.9181432795130509,0.674442442571277,0.15228587493085866,13,8,0.570087712549569,2500,OLS_iid,iid,False,5
8,1,1001,3,30001,True,73,False,100,0.930410464698022,1.411025457084179,0.27469985283195847,0.1987427153330323,0.7104202828317945,0.756784466765966,0.6933008287057276,0.15694434369999605,13,8,0.570087712549569,2500,OLS_iid,iid,False,5
8,6,6001,29,290001,True,25,False,100,0.45909267645915386,0.4009275930002332,0.35804693031023105,0.2585276749080553,0.8385453182543586,0.8317567942877695,0.7244256646101527,0.14406883274287657,13,8,0.570087712549569,2500,OLS_iid,iid,False,5
8,6,6001,25,250001,True,24,False,100,0.7621655752320462,0.41902632266283035,0.4023324261771554,0.296299775707564,1.1847463732177577,1.2788512496245916,0.6688667822912433,0.14868387877976527,13,8,0.570087712549569,2500,OLS_iid,iid,False,5
8,6,6001,17,170001,True,23,False,100,0.6675444134378812,0.464185853023082,0.3510654331281573,0.2517117021190201,0.8873956541662968,0.8438125438329692,0.681418769355165,0.14664806221537857,13,8,0.570087712549569,2500,OLS_iid,iid,False,5
8,3,3001,14,140001,True,62,False,100,0.6695629475617095,1.0216514337807894,0.3061156876386339,0.20970266923895042,0.957886934640463,0.7657633684765998,0.7173394233908179,0.15010537423276887,13,8,0.570087712549569,2500,OLS_iid,iid,False,5
8,5,5001,15,150001,True,31,False,100,0.6532913944757328,0.6882692370563745,0.3090627080804939,0.20760415641256774,0.8988715920285316,0.7577316035539259,0.7553349690583626,0.15091409630850683,13,8,0.570087712549569,2500,OLS_iid,iid,False,5
8,3,3001,23,230001,True,60,False,100,0.5698607146438263,0.9892908348701894,0.14200201228650047,0.10736043157441105,0.3061291135806664,0.48676587851903247,0.8798780225780947,0.1485045973377765,13,8,0.570087712549569,2500,OLS_iid,iid,False,5
8,6,6001,16,160001,True,21,False,100,0.5478028847764859,0.5021242797374725,0.38961385966771156,0.2812410499616107,1.0805760647886902,0.9665614280616197,0.6920720556636809,0.14991213647052148,13,8,0.570087712549569,2500,OLS_iid,iid,False,5
7,8,8001,2,20001,True,106,False,100,0.5694174310539274,2.033697542268783,0.1492845072453674,0.12408709125412473,0.26952229059202815,0.5405082620351065,0.8457274876601796,0.10974523220379306,13,8,0.570087712549569,2500,OLS_iid,iid,False,5
8,2,2001,24,240001,True,68,False,100,0.8573263233675178,1.159769733902067,0.21637269317392285,0.14467492655867048,0.6042467660191337,0.5594162946097414,0.8329461645697412,0.14856066595556763,13,8,0.570087712549569,2500,OLS_iid,iid,False,5
8,4,4001,4,40001,True,52,False,100,0.6434745812917716,0.9384951982647181,0.38072374653674845,0.2730211790239476,0.9236705547602899,0.914643619583696,0.6314944763227806,0.15762786526385397,13,8,0.570087712549569,2500,OLS_iid,iid,False,5
8,6,6001,23,230001,True,23,False,100,0.5698607146438263,0.5078378650359809,0.36165390469236247,0.2547523962243876,0.8391163425227575,0.8506968400478054,0.7042757787044022,0.15050390445747744,13,8,0.570087712549569,2500,OLS_iid,iid,False,5
8,6,6001,18,180001,True,25,False,100,0.7280983049752222,0.5232043461874127,0.40249123682467886,0.293308987216573,1.071468327245622,0.9511038910370049,0.6157892953961219,0.15531304298903859,13,8,0.570087712549569,2500,OLS_iid,iid,False,5
8,4,4001,3,30001,True,47,False,100,0.930410464698022,0.9684116360731423,0.2782865082547477,0.18972802487873167,0.8189744954375938,0.7429845765765956,0.7125921176306741,0.15068985426486142,13,8,0.570087712549569,2500,OLS_iid,iid,False,5
8,6,6001,21,210001,True,22,False,100,0.7431400910314013,0.5312596843577921,0.41222176085126067,0.3045947060568593,1.0142233531580471,1.0513319834844608,0.58999184771887,0.14745862863079226,13,8,0.570087712549569,2500,OLS_iid,iid,False,5
8,7,7001,3,30001,True,29,False,100,0.930410464698022,0.46810764307156205,0.20758604537950504,0.149213677382814,0.5467380837622625,0.6406111408971452,0.7800230500380013,0.15115901972591547,13,8,0.570087712549569,2500,OLS_iid,iid,False,5
8,2,2001,20,200001,True,74,False,100,0.5199905400817861,1.231630516704172,0.1555241899064804,0.11711875206448209,0.3942383263261558,0.5421847925927036,0.8474876238750089,0.14486485936733223,13,8,0.570087712549569,2500,OLS_iid,iid,False,5
7,9,9001,6,60001,True,81,False,100,0.6355162989249991,1.8849270050413907,0.2360180981036946,0.1791537372469076,0.4792358550209631,0.6059438853217929,0.8233052581609709,0.10708768295699644,13,8,0.570087712549569,2500,OLS_iid,iid,False,5
7,7,7001,28,280001,True,108,False,100,0.8304813982898618,2.116511169821024,0.2792517437882258,0.20141021792689726,0.7660074853220353,0.6462519321826254,0.7835689512230691,0.1128412794358931,13,8,0.570087712549569,2500,OLS_iid,iid,False,5
8,6,6001,4,40001,True,32,False,100,0.6434745812917716,0.6363073498941958,0.19797323913551862,0.14604254927045102,0.40376613666508465,0.6175804328935799,0.795922200405398,0.1539075792410679,13,8,0.570087712549569,2500,OLS_iid,iid,False,5
8,6,6001,11,110001,True,32,False,100,0.5452943238107938,0.607154285069555,0.31871425203046283,0.21778829377553294,0.9683294101481859,0.7373469530613341,0.7765913015868218,0.14828035473082754,13,8,0.570087712549569,2500,OLS_iid,iid,False,5
7,8,8001,7,70001,True,114,False,100,0.5246864878925127,2.0809656158089638,0.16485357493220826,0.12677866858462045,0.3721824682481156,0.4838096586204445,0.8814246816490933,0.1038114437711135,13,8,0.570087712549569,2500,OLS_iid,iid,False,5
8,7,7001,8,80001,True,26,False,100,0.7378021846205323,0.48155382880941033,0.335241671493438,0.24621300171152885,0.7546311669049988,0.7918340764336174,0.7253878908361872,0.15165889966940432,13,8,0.570087712549569,2500,OLS_iid,iid,False,5
8,3,3001,7,70001,True,62,False,100,0.5246864878925127,1.1618749676272273,0.3070328250625249,0.20996512074758059,0.8298445413832867,0.7324512549833677,0.7782345124509134,0.14992049346229222,13,8,0.570087712549569,2500,OLS_iid,iid,False,5
8,7,7001,7,70001,True,22,False,100,0.5246864878925127,0.5001241345889866,0.31174982514535937,0.21506105608990453,1.0046256117353223,0.7301918893176125,0.7597576952544998,0.14639042128565774,13,8,0.570087712549569,2500,OLS_iid,iid,False,5
8,7,7001,11,110001,True,25,False,100,0.5452943238107938,0.47385169891640544,0.1383270132513294,0.10373606016141655,0.3079349867309725,0.4959075721678506,0.873054233650001,0.14161825145004733,13,8,0.570087712549569,2500,OLS_iid,iid,False,5
8,7,7001,9,90001,True,22,False,100,0.4781193988631633,0.5018397918902338,0.41806418950282237,0.3025556747121386,0.8892932515251327,0.9289711610441813,0.7190299261659742,0.14677713646270948,13,8,0.570087712549569,2500,OLS_iid,iid,False,5
8,7,7001,15,150001,True,24,False,100,0.6532913944757328,0.44482336286455393,0.37249706657457377,0.26628917633855426,0.8513430382782249,0.9285177189207084,0.6507499043426836,0.15346657139058584,13,8,0.570087712549569,2500,OLS_iid,iid,False,5
8,3,3001,29,290001,True,70,False,100,0.45909267645915386,1.0923436861485243,0.22475771086491328,0.15111136365170522,0.5872411899498389,0.5777767692306934,0.8421144909935983,0.14058223465344855,13,8,0.570087712549569,2500,OLS_iid,iid,False,5
8,7,7001,16,160001,True,23,False,100,0.5478028847764859,0.451185273937881,0.40534340045398976,0.2954343908160726,1.0380925188721237,0.9489423522492796,0.6712903366804304,0.14647187531383657,13,8,0.570087712549569,2500,OLS_iid,iid,False,5
8,7,7001,0,1,True,23,False,100,0.6390713786786839,0.5755880507640541,0.3190321207400907,0.2334789613531752,0.7591334442504616,0.7424155672315718,0.7650534696455795,0.14925121434409724,13,8,0.570087712549569,2500,OLS_iid,iid,False,5
8,7,7001,25,250001,True,22,False,100,0.7621655752320462,0.4276238256134093,0.33760059717106267,0.24153899773909043,0.8505973145543085,0.8057215849472422,0.7071810510842537,0.1456899232338772,13,8,0.570087712549569,2500,OLS_iid,iid,False,5
8,7,7001,26,260001,True,25,False,100,0.5627541537636492,0.42187795089557767,0.2919805214879266,0.2057525064517052,0.6864507690354805,0.7105262347943497,0.7628678980948985,0.1494555801013581,13,8,0.570087712549569,2500,OLS_iid,iid,False,5
8,7,7001,12,120001,True,22,False,100,0.552852424906546,0.49939844105392694,0.3537965185595865,0.2515709329557378,0.9195663780406027,0.8650628735980682,0.6890288281328364,0.1454237151026429,13,8,0.570087712549569,2500,OLS_iid,iid,False,5
8,7,7001,20,200001,True,27,False,100,0.5199905400817861,0.4574911352247,0.40605924433672874,0.2958486819318053,1.0176169620687983,1.0784147117389455,0.5812743334254493,0.14596510514883462,13,8,0.570087712549569,2500,OLS_iid,iid,False,5
8,6,6001,28,280001,True,33,False,100,0.8304813982898618,0.5963645288720727,0.40025160045662794,0.2895544299910998,1.1451927740236134,0.9054055360372869,0.6492718841094667,0.1523407791659087,13,8,0.570087712549569,2500,OLS_iid,iid,False,5
8,8,8001,0,1,True,21,False,100,0.6390713786786839,0.42847275035455823,0.43073278604818077,0.32058744619901325,0.8855137546371884,1.0200875781694312,0.6389558130390087,0.14492884337901143,13,8,0.570087712549569,2500,OLS_iid,iid,False,5
8,7,7001,1,10001,True,37,False,100,0.7952954463559883,0.6060463641770184,0.32298317819388506,0.22458336639356352,0.8202406903898253,0.8315864067059499,0.6948763604242635,0.15391732571330183,13,8,0.570087712549569,2500,OLS_iid,iid,False,5
8,8,8001,9,90001,True,21,False,100,0.4781193988631633,0.40642845118418336,0.40642138074955336,0.29201170062802484,0.8585277495867571,0.9793026124948281,0.6585623903959739,0.1438526578327499,13,8,0.570087712549569,2500,OLS_iid,iid,False,5
8,7,7001,22,220001,True,22,False,100,0.6775365161035468,0.4697425998747349,0.42649338000232545,0.3219974695079108,0.9970263152252558,0.9571296943715183,0.6825576433413783,0.14763174071349383,13,8,0.570087712549569,2500,OLS_iid,iid,False,5
8,7,7001,13,130001,True,36,False,100,0.7622937846217469,0.5208395048975945,0.34443798736332065,0.2457738219691589,1.1332638243459496,1.4705042340486718,0.6381790459324085,0.15841031643795428,13,8,0.570087712549569,2500,OLS_iid,iid,False,5
8,7,7001,27,270001,True,24,False,100,0.6548752527436544,0.46837766095995903,0.3825442044900279,0.272155287875106,0.9785186155550716,0.8657368188033919,0.6975967798666394,0.14993924881133966,13,8,0.570087712549569,2500,OLS_iid,iid,False,5
8,3,3001,3,30001,True,75,False,100,0.930410464698022,1.309988550376147,0.2961680364024905,0.1968188147943709,1.0133847893564125,0.7725257713248073,0.6795132832309015,0.14902550229145528,13,8,0.570087712549569,2500,OLS_iid,iid,False,5
8,8,8001,2,20001,True,26,False,100,0.5694174310539274,0.4644696116447449,0.3580925095410892,0.2594439908724943,0.8724708988261133,0.9688618805556677,0.5874079341036119,0.15109435580580466,13,8,0.570087712549569,2500,OLS_iid,iid,False,5
8,8,8001,17,170001,True,23,False,100,0.6675444134378812,0.3964184378273785,0.4130159877334872,0.3044080425497956,1.0934601202270777,1.0533743489836016,0.672012593145914,0.15005906200781155,13,8,0.570087712549569,2500,OLS_iid,iid,False,5
8,8,8001,25,250001,True,22,False,100,0.7621655752320462,0.371367571875453,0.4324536555846603,0.32379745666032267,1.0675342651503401,1.187181566773423,0.5540462731099689,0.14968498292236132,13,8,0.570087712549569,2500,OLS_iid,iid,False,5
8,8,8001,20,200001,True,24,False,100,0.5199905400817861,0.4074792927131057,0.36563662095698823,0.26677320284613776,0.9160363161003657,0.8558881538189572,0.6702107389339802,0.15021289805856985,13,8,0.570087712549569,2500,OLS_iid,iid,False,5
8,5,5001,21,210001,True,46,False,100,0.7431400910314013,0.8796035749837756,0.2382842430777157,0.16483808825888324,0.7047860892417236,0.6245488123897424,0.7950333064838819,0.14982461804813388,13,8,0.570087712549569,2500,OLS_iid,iid,False,5
8,8,8001,1,10001,True,23,False,100,0.7952954463559883,0.5074302880093455,0.31946381904812965,0.2231132657953259,0.8113728792751823,0.818729340069547,0.6957912696754078,0.15143699770989466,13,8,0.570087712549569,2500,OLS_iid,iid,False,5
8,9,9001,0,1,True,22,False,100,0.6390713786786839,0.36766568198800087,0.4119965748345278,0.32819119846822276,1.0257050119461737,1.0082488588924268,0.6343760151919767,0.14737648828112584,13,8,0.570087712549569,2500,OLS_iid,iid,False,5
8,7,7001,5,50001,True,26,False,100,0.7981756372625675,0.658886294811964,0.42156535025312303,0.3124884362090545,1.0349751603058623,1.0179692465212002,0.5847836089441648,0.14769911923779813,13,8,0.570087712549569,2500,OLS_iid,iid,False,5
8,7,7001,23,230001,True,24,False,100,0.5698607146438263,0.5482155922800303,0.41380994600790677,0.30088565005471357,1.1196898701203466,1.1973492229812233,0.5155248371833768,0.14664455491308076,13,8,0.570087712549569,2500,OLS_iid,iid,False,5
8,7,7001,24,240001,True,27,False,100,0.8573263233675178,0.548472199589014,0.22832902655097584,0.15775597464343546,0.6473481539926527,0.6334558943959198,0.7861981891563781,0.14709691550621923,13,8,0.570087712549569,2500,OLS_iid,iid,False,5
8,8,8001,5,50001,True,31,False,100,0.7981756372625675,0.5167502257972956,0.39804926422833814,0.2950626822088135,0.9471860632589634,1.0202703392925365,0.5653117349170504,0.15126821097415855,13,8,0.570087712549569,2500,OLS_iid,iid,False,5
8,3,3001,28,280001,True,40,False,100,0.8304813982898618,1.2396811451762915,0.32876356479160607,0.23489489757779627,0.7880315691337612,0.7793953939613245,0.7461114419339336,0.14913191914092203,13,8,0.570087712549569,2500,OLS_iid,iid,False,5
8,8,8001,3,30001,True,25,False,100,0.930410464698022,0.5339926327578723,0.3328960950444372,0.23892106151072381,0.7995219032880692,0.7773628815717026,0.7184970105960871,0.1566840999302893,13,8,0.570087712549569,2500,OLS_iid,iid,False,5
8,8,8001,10,100001,True,22,False,100,0.6838385837225557,0.4993452010676265,0.3555062292667589,0.24808396596878818,0.9156109909888205,0.8537701509771587,0.6928190899465344,0.1475046462160019,13,8,0.570087712549569,2500,OLS_iid,iid,False,5
8,9,9001,2,20001,True,23,False,100,0.5694174310539274,0.38477662904188037,0.16583557927864803,0.12685383097260636,0.30939598089503767,0.5323484332915533,0.852494586810927,0.1508811263286872,13,8,0.570087712549569,2500,OLS_iid,iid,False,5
8,7,7001,17,170001,True,34,False,100,0.6675444134378812,0.6086232443340123,0.28960481850548164,0.19985415607298407,0.7088003289976423,0.679889580974064,0.7856101536654398,0.14669961440394533,13,8,0.570087712549569,2500,OLS_iid,iid,False,5
8,8,8001,15,150001,True,30,False,100,0.6532913944757328,0.4947311161085963,0.34654124494117045,0.2515654292286121,0.897268338524218,0.9004692238012172,0.6309778726270501,0.15632678631803457,13,8,0.570087712549569,2500,OLS_iid,iid,False,5
8,4,4001,6,60001,True,72,False,100,0.6355162989249991,1.2293635541573167,0.15777741046568183,0.11765233218771173,0.3980578373798217,0.4904037266302181,0.8776498569909179,0.14758875129116572,13,8,0.570087712549569,2500,OLS_iid,iid,False,5
8,2,2001,14,140001,True,88,False,100,0.6695629475617095,1.5115757379680872,0.21853324500011365,0.15126138344475523,0.5311344367666747,0.5906226545527707,0.8292172664689239,0.1469077669061148,13,8,0.570087712549569,2500,OLS_iid,iid,False,5
8,8,8001,8,80001,True,23,False,100,0.7378021846205323,0.5295267570763826,0.4076335145426574,0.3073149675725028,0.8591069903202607,0.9724033043925168,0.6292954146681697,0.15006222374655168,13,8,0.570087712549569,2500,OLS_iid,iid,False,5
8,6,6001,6,60001,True,25,False,100,0.6355162989249991,0.8697503712028265,0.3165891184751559,0.22619538445814164,0.6715386656800346,0.7425472845049108,0.7412200447957337,0.14968888221261487,13,8,0.570087712549569,2500,OLS_iid,iid,False,5
8,7,7001,4,40001,True,47,False,100,0.6434745812917716,0.7334027769975364,0.3559945701885979,0.25198722414992625,1.2242440740364722,0.8211164379223428,0.6687319410590646,0.15497162336013393,13,8,0.570087712549569,2500,OLS_iid,iid,False,5
8,8,8001,7,70001,True,25,False,100,0.5246864878925127,0.5652182209305465,0.4002161446606038,0.2876036812061447,0.9722243874468016,0.9430074995468434,0.6625183759190357,0.14786701235300725,13,8,0.570087712549569,2500,OLS_iid,iid,False,5
8,8,8001,23,230001,True,26,False,100,0.5698607146438263,0.4913330031558871,0.34821108713613885,0.24134985756136923,1.1267029571576594,0.9004909048297808,0.7197496162672864,0.14097052769806775,13,8,0.570087712549569,2500,OLS_iid,iid,False,5
8,9,9001,12,120001,True,21,False,100,0.552852424906546,0.3710027653723955,0.4277473014568635,0.319038401852445,1.3634705036939767,1.3522355286555992,0.5192104912607193,0.14816178983588515,13,8,0.570087712549569,2500,OLS_iid,iid,False,5
8,2,2001,28,280001,True,81,False,100,0.8304813982898618,1.467581738717854,0.20188298407171812,0.1373031121906042,0.5559305275653594,0.635928085186828,0.7846287751268671,0.15306548214677412,13,8,0.570087712549569,2500,OLS_iid,iid,False,5
8,9,9001,11,110001,True,23,False,100,0.5452943238107938,0.38798387441784143,0.38552481515946785,0.281118705343801,0.8975964755282716,0.9234956196160933,0.6590295990052011,0.1511505001300506,13,8,0.570087712549569,2500,OLS_iid,iid,False,5
8,6,6001,5,50001,True,40,False,100,0.7981756372625675,0.9038003967143595,0.4216216888733869,0.3182463606204363,1.3056229928124319,1.1242165844104464,0.5915386541642937,0.15226521985274946,13,8,0.570087712549569,2500,OLS_iid,iid,False,5
8,9,9001,14,140001,True,22,False,100,0.6695629475617095,0.3747851261869073,0.38364482250133963,0.2795069610310112,0.9488790746163162,0.8965347304666565,0.6612570645841519,0.15094036979261005,13,8,0.570087712549569,2500,OLS_iid,iid,False,5
8,9,9001,13,130001,True,23,False,100,0.7622937846217469,0.3938752277754247,0.3517339107348557,0.24176159296736627,0.9597913304377316,0.9601867064837425,0.6667919050649089,0.15667756952899145,13,8,0.570087712549569,2500,OLS_iid,iid,False,5
8,7,7001,18,180001,True,27,False,100,0.7280983049752222,0.6679048053920269,0.29247701530529013,0.202062298551369,0.8239170689304782,0.7528263445534195,0.7500283695112814,0.1532397786833141,13,8,0.570087712549569,2500,OLS_iid,iid,False,5
8,6,6001,26,260001,True,51,False,100,0.5627541537636492,0.8064820412546396,0.21750736999807738,0.1432656285719027,0.5436992618812715,0.5807138295973286,0.8275906640464189,0.1502515315143529,13,8,0.570087712549569,2500,OLS_iid,iid,False,5
8,8,8001,4,40001,True,35,False,100,0.6434745812917716,0.6157498289830983,0.3925433259907458,0.2847669304356706,0.8794017332440033,1.015265690862148,0.5964790230302187,0.15083171722436037,13,8,0.570087712549569,2500,OLS_iid,iid,False,5
8,5,5001,5,50001,True,62,False,100,0.7981756372625675,1.1264342819340527,0.19197810420594316,0.14326338843315203,0.4465884823240422,0.5948215289760519,0.819702224535316,0.15086448685522813,13,8,0.570087712549569,2500,OLS_iid,iid,False,5
8,8,8001,11,110001,True,25,False,100,0.5452943238107938,0.5877274358645082,0.3506843876295141,0.24689975860739927,0.8006008605242328,0.8344112115694031,0.7045019085337696,0.14746439393783647,13,8,0.570087712549569,2500,OLS_iid,iid,False,5
8,5,5001,28,280001,True,55,False,100,0.8304813982898618,0.996513478923589,0.3096550549620693,0.20380257037624952,0.9591767842624109,0.7341815719352849,0.7386322921475453,0.14998433059775684,13,8,0.570087712549569,2500,OLS_iid,iid,False,5
8,6,6001,2,20001,True,60,False,100,0.5694174310539274,0.9588210410438478,0.15018609348959305,0.11029090533381053,0.39054841218201125,0.5301824458261567,0.8563053892458822,0.1486420602123048,13,8,0.570087712549569,2500,OLS_iid,iid,False,5
8,8,8001,12,120001,True,34,False,100,0.552852424906546,0.5931673836894333,0.1968039041754559,0.12831066910274191,0.6329119211232799,0.5310356402274576,0.8555479066461171,0.14628443680387804,13,8,0.570087712549569,2500,OLS_iid,iid,False,5
8,8,8001,6,60001,True,24,False,100,0.6355162989249991,0.6359843732789159,0.39124336987268166,0.2805355709417973,0.9471397114556996,0.8804736910010226,0.7138362536229882,0.14685109271483954,13,8,0.570087712549569,2500,OLS_iid,iid,False,5
9,0,1,5,50001,True,21,False,100,0.5603261707165156,0.29568098904564977,0.35333488094838533,0.23899100481373367,1.229094838180556,1.135819717060513,0.6704872850702045,0.1847994035660754,13,8,0.570087712549569,2500,OLS_iid,iid,False,5
9,0,1,8,80001,True,21,False,100,0.7378021846205323,0.271219658665359,0.30056573833006156,0.19433693985564393,0.874516395619109,0.8110328200573428,0.7173950354056726,0.18747222241578887,13,8,0.570087712549569,2500,OLS_iid,iid,False,5
8,5,5001,22,220001,True,63,False,100,0.6775365161035468,1.0298326900228858,0.15282200066627258,0.11726682289236937,0.35890354745289643,0.5262131953252627,0.8594050920274618,0.14738965616756813,13,8,0.570087712549569,2500,OLS_iid,iid,False,5
8,9,9001,20,200001,True,23,False,100,0.5199905400817861,0.393478631041944,0.45532923296496264,0.34385131729488505,1.020585930378294,1.1429821152658952,0.6070002439665647,0.14453226508272682,13,8,0.570087712549569,2500,OLS_iid,iid,False,5
8,8,8001,21,210001,True,23,False,100,0.7431400910314013,0.5651867506094277,0.41031162538863347,0.3067998818117452,0.8942236782073877,1.1058009971995475,0.5322396913536119,0.15123941212032535,13,8,0.570087712549569,2500,OLS_iid,iid,False,5
8,9,9001,4,40001,True,31,False,100,0.6434745812917716,0.4970396989956498,0.3513175548853198,0.2500602669806259,0.8263521730654658,0.9645463896234988,0.5847540556027946,0.1508376105161079,13,8,0.570087712549569,2500,OLS_iid,iid,False,5
8,9,9001,7,70001,True,24,False,100,0.5246864878925127,0.4905575388111174,0.40013938220188144,0.2947600913109691,0.8493780945094525,0.9108371094586806,0.7206083051468759,0.14558984292111624,13,8,0.570087712549569,2500,OLS_iid,iid,False,5
8,9,9001,8,80001,True,21,False,100,0.7378021846205323,0.48796060867607594,0.3994975611184683,0.29981111951485434,0.8578426011091649,0.9566575431179596,0.651194076449986,0.15457919794040012,13,8,0.570087712549569,2500,OLS_iid,iid,False,5
8,6,6001,27,270001,True,53,False,100,0.6548752527436544,0.8500680229626596,0.18398522234871453,0.12557148867015358,0.5742321564394774,0.5587945588972522,0.8408986499694251,0.14458181192291197,13,8,0.570087712549569,2500,OLS_iid,iid,False,5
8,1,1001,0,1,True,104,False,100,0.6390713786786839,1.886102634947747,0.13921697796952093,0.10528283600148673,0.35621466455124173,0.490861514698462,0.8792129498112156,0.14930004258623653,13,8,0.570087712549569,2500,OLS_iid,iid,False,5
8,9,9001,23,230001,True,24,False,100,0.5698607146438263,0.3977043889462948,0.3392724709057959,0.23434171977923374,0.9073579870343569,0.822091935692003,0.7190946121121435,0.14127759588016106,13,8,0.570087712549569,2500,OLS_iid,iid,False,5
9,0,1,3,30001,True,21,False,100,0.6506048500087855,0.34158718306571245,0.2994639597110718,0.2047716691725818,0.6921701690413227,0.7572337867520952,0.7527059906347329,0.1844587004848025,13,8,0.570087712549569,2500,OLS_iid,iid,False,5
8,9,9001,24,240001,True,23,False,100,0.8573263233675178,0.3922916301526129,0.38001201529385686,0.2795086863291149,0.823594068254206,0.9868270201337209,0.6129601522130781,0.15071215137732188,13,8,0.570087712549569,2500,OLS_iid,iid,False,5
9,0,1,14,140001,True,19,False,100,0.5661545048139004,0.27934752497822046,0.3647906663281226,0.25125410771718876,1.194646849023575,1.049439121438486,0.6409798208220916,0.18813201965467083,13,8,0.570087712549569,2500,OLS_iid,iid,False,5
9,0,1,0,1,True,19,False,100,0.6390713786786839,0.36737866420298815,0.4038206757583085,0.2806694817125499,0.9412248809365978,1.1422996818712157,0.58008035792967,0.18146865993413414,13,8,0.570087712549569,2500,OLS_iid,iid,False,5
9,0,1,6,60001,True,20,False,100,0.6355162989249991,0.3311177850700915,0.401095098572642,0.27522257615944057,1.0646019072336959,1.1278766158027704,0.5757294791113319,0.1902668538906532,13,8,0.570087712549569,2500,OLS_iid,iid,False,5
8,9,9001,15,150001,True,25,False,100,0.6532913944757328,0.46523054502904415,0.3814876834575798,0.277527104125092,1.0444487183875437,0.9713618201742023,0.6465189930311974,0.14673661731325824,13,8,0.570087712549569,2500,OLS_iid,iid,False,5
8,8,8001,26,260001,True,23,False,100,0.5627541537636492,0.5679294387809932,0.41119483537615875,0.3045999426202629,0.8820833348756842,0.9925582734923795,0.632369561092182,0.14602390555295613,13,8,0.570087712549569,2500,OLS_iid,iid,False,5
8,9,9001,10,100001,True,22,False,100,0.6838385837225557,0.5123176202178001,0.30316865720458375,0.21353227435004682,0.9276714952536047,0.7518469160822017,0.7545656286337782,0.15277112732344958,13,8,0.570087712549569,2500,OLS_iid,iid,False,5
8,9,9001,6,60001,True,23,False,100,0.6355162989249991,0.5323051153682172,0.3411651562410711,0.2477705737101686,0.7228227499926633,0.8164668409152295,0.7299756205291498,0.14978339531455084,13,8,0.570087712549569,2500,OLS_iid,iid,False,5
8,8,8001,16,160001,True,24,False,100,0.5478028847764859,0.6456912569701672,0.3452683981287151,0.2379568439978595,1.007135954486152,0.8018258503316407,0.7725552839338908,0.14829530818013356,13,8,0.570087712549569,2500,OLS_iid,iid,False,5
8,7,7001,19,190001,True,26,False,100,0.6700104930430736,0.7659140047617257,0.3544023221842264,0.24175115560400465,0.9835666180150319,0.8734206157076869,0.6929061138583421,0.1482970231629198,13,8,0.570087712549569,2500,OLS_iid,iid,False,5
8,2,2001,7,70001,True,101,False,100,0.5246864878925127,1.7034378219395876,0.18766893256065253,0.13035526346607587,0.491933136498633,0.5099611654239833,0.8675831703779682,0.14905544190029146,13,8,0.570087712549569,2500,OLS_iid,iid,False,5
8,5,5001,2,20001,True,71,False,100,0.5694174310539274,1.2412976319901645,0.15792546387686476,0.12185559177063424,0.3114419192662749,0.5280400571493059,0.8538987614215519,0.1464056166111724,13,8,0.570087712549569,2500,OLS_iid,iid,False,5
8,6,6001,0,1,True,61,False,100,0.6390713786786839,1.0499372049234807,0.3575304558208479,0.26118459379084086,0.9528136424018117,0.7928500139829362,0.7519314954755091,0.14506590941083816,13,8,0.570087712549569,2500,OLS_iid,iid,False,5
8,5,5001,17,170001,True,71,False,100,0.6675444134378812,1.1370064201764762,0.194230558219583,0.1210269776930453,0.6568956483335587,0.5577278592528141,0.8355108093949969,0.14585809981268727,13,8,0.570087712549569,2500,OLS_iid,iid,False,5
9,0,1,11,110001,True,22,False,100,0.5452943238107938,0.33522656187415123,0.348864220359539,0.22789953525779566,1.1247345851043906,0.9005873271571289,0.7021752979090748,0.1843427508797829,13,8,0.570087712549569,2500,OLS_iid,iid,False,5
8,9,9001,3,30001,True,35,False,100,0.930410464698022,0.5758515577763319,0.3887898646889824,0.30771217646541227,0.8780502689117953,1.0738900302763899,0.47636527646424154,0.1620092433194567,13,8,0.570087712549569,2500,OLS_iid,iid,False,5
8,0,1,7,70001,True,126,False,100,0.5246864878925127,2.120147722773254,0.12104426305290812,0.09210877405780105,0.2706981668701389,0.4603549677974844,0.8936875178495185,0.14782974732939277,13,8,0.570087712549569,2500,OLS_iid,iid,False,5
8,8,8001,18,180001,True,29,False,100,0.7280983049752222,0.6701548569835722,0.3160655254576176,0.21803560774438324,0.9782793516075335,0.7430067232858472,0.736982845282595,0.15374904843379272,13,8,0.570087712549569,2500,OLS_iid,iid,False,5
8,4,4001,25,250001,True,79,False,100,0.7621655752320462,1.282931569032371,0.2816353472721031,0.19425913589897917,0.8413428668511501,0.6924725096829303,0.7907008470123029,0.15054227975082,13,8,0.570087712549569,2500,OLS_iid,iid,False,5
8,4,4001,7,70001,True,90,False,100,0.5246864878925127,1.4097813460975885,0.20006587080814545,0.13837021796921392,0.5042308988799651,0.5104270552581002,0.8704018446703496,0.14483966602307216,13,8,0.570087712549569,2500,OLS_iid,iid,False,5
8,9,9001,17,170001,True,26,False,100,0.6675444134378812,0.5165657079778612,0.3668441911270696,0.258078368088279,1.003979572957914,0.8416851950648061,0.7152063723318918,0.14994512156556347,13,8,0.570087712549569,2500,OLS_iid,iid,False,5
8,9,9001,22,220001,True,22,False,100,0.6775365161035468,0.4940540920943022,0.37705707327472976,0.27429643603530407,0.9029887916816016,1.0412135398685367,0.5522854364588857,0.15152657919011478,13,8,0.570087712549569,2500,OLS_iid,iid,False,5
9,0,1,22,220001,True,20,False,100,0.6775365161035468,0.31593556236475706,0.36425280564896495,0.2520466490513217,0.865154856648633,1.0491962615989479,0.5973744580545948,0.19027356142756324,13,8,0.570087712549569,2500,OLS_iid,iid,False,5
8,8,8001,13,130001,True,38,False,100,0.7622937846217469,0.7156236846931279,0.36617226420869964,0.26620618855893,0.884164656604133,0.963718315639422,0.6196317587673063,0.15355986873251737,13,8,0.570087712549569,2500,OLS_iid,iid,False,5
9,0,1,25,250001,True,22,False,100,0.7621655752320462,0.30833073100075126,0.12461789144263079,0.09098357993261125,0.3273967525667943,0.5011958981949414,0.8716742038883627,0.18479822498321746,13,8,0.570087712549569,2500,OLS_iid,iid,False,5
8,7,7001,6,60001,True,49,False,100,0.6355162989249991,0.9091087258420885,0.24238624178683668,0.15312948831024725,0.798086757873017,0.5868613199105017,0.8327659830105218,0.1460384819967946,13,8,0.570087712549569,2500,OLS_iid,iid,False,5
8,7,7001,10,100001,True,37,False,100,0.6838385837225557,0.89174900110811,0.24807276931288433,0.17661281581598703,0.5318624657386314,0.6180764124272258,0.8169606056409421,0.1488526977499914,13,8,0.570087712549569,2500,OLS_iid,iid,False,5
8,9,9001,16,160001,True,21,False,100,0.5478028847764859,0.5488814571872354,0.3988302580785041,0.28700455564018373,0.8958270941310271,0.9468396700493601,0.6703342066066473,0.14738312924237534,13,8,0.570087712549569,2500,OLS_iid,iid,False,5
9,0,1,24,240001,True,22,False,100,0.8573263233675178,0.3338548429310322,0.3537483940038537,0.24019156419792267,0.975408188434592,1.3177565890933163,0.616200848416323,0.19048945216015478,13,8,0.570087712549569,2500,OLS_iid,iid,False,5
8,8,8001,22,220001,True,34,False,100,0.6775365161035468,0.7007579412311316,0.2877958448823296,0.1948913094099371,0.9391793912032819,0.7069121012078776,0.7862100890800124,0.14744696626317397,13,8,0.570087712549569,2500,OLS_iid,iid,False,5
8,9,9001,1,10001,True,38,False,100,0.7952954463559883,0.6405384466052055,0.14875154956652878,0.10227163045811985,0.4411581964847922,0.5486182976536148,0.8418743143022265,0.1495397505642967,13,8,0.570087712549569,2500,OLS_iid,iid,False,5
9,0,1,21,210001,True,23,False,100,0.5411518247151154,0.38411777280271053,0.34254014733405924,0.233744302025913,0.8063988600892267,0.9145179799187365,0.656178964597069,0.17711259172896013,13,8,0.570087712549569,2500,OLS_iid,iid,False,5
8,6,6001,7,70001,True,61,False,100,0.5246864878925127,1.1250529829412699,0.16948710627746036,0.12096118278645235,0.37652379567393984,0.4972542545826114,0.8752487084076004,0.14841118139156856,13,8,0.570087712549569,2500,OLS_iid,iid,False,5
9,1,1001,17,170001,True,17,False,100,0.34956139265708774,0.2514738324098289,0.42224261619666775,0.29552371614766915,1.0323834155996263,1.2344857811641097,0.6055299096754475,0.18262967860869178,13,8,0.570087712549569,2500,OLS_iid,iid,False,5
8,3,3001,24,240001,True,91,False,100,0.8573263233675178,1.5682983077131212,0.2175780272781336,0.16046587569046403,0.46429447799367213,0.5848853052157278,0.8304641301018234,0.14840676129775535,13,8,0.570087712549569,2500,OLS_iid,iid,False,5
9,0,1,18,180001,True,24,False,100,0.7280983049752222,0.42164556309580803,0.16771620527484007,0.11065891674670368,0.48972197433133885,0.5743839660627973,0.8299104297195357,0.18832748224028145,13,8,0.570087712549569,2500,OLS_iid,iid,False,5
9,0,1,15,150001,True,33,False,100,0.6532913944757328,0.43501295894384384,0.14206835654978814,0.09935352814314789,0.3667828346497899,0.5314134949026562,0.8613711910164363,0.19295086916806597,13,8,0.570087712549569,2500,OLS_iid,iid,False,5
8,9,9001,18,180001,True,27,False,100,0.7280983049752222,0.5887291692197323,0.35858304258149304,0.2528047689796754,0.8014173226793881,0.8595198577438378,0.7049128245538594,0.14948362852713884,13,8,0.570087712549569,2500,OLS_iid,iid,False,5
8,5,5001,24,240001,True,80,False,100,0.8573263233675178,1.2164513347670436,0.1111704815159803,0.09318524710779362,0.22673946975961987,0.4949003833259694,0.8700355441353407,0.1477592534563191,13,8,0.570087712549569,2500,OLS_iid,iid,False,5
8,9,9001,26,260001,True,27,False,100,0.5627541537636492,0.5571825429797173,0.440440855391712,0.3288959091253165,0.9394274293698124,1.1877644691880194,0.5395976384654674,0.1507775231011787,13,8,0.570087712549569,2500,OLS_iid,iid,False,5
8,9,9001,27,270001,True,22,False,100,0.6548752527436544,0.547498838044703,0.3711721040542753,0.26908935083027524,1.1193911065242976,0.8842734548188533,0.7151892192132256,0.15085821362143415,13,8,0.570087712549569,2500,OLS_iid,iid,False,5
9,1,1001,6,60001,True,23,False,100,0.6355162989249991,0.3243172066286206,0.277652872397534,0.1869386612399032,0.6007112850471984,0.7472580993561811,0.7631855798662931,0.18535109768599986,13,8,0.570087712549569,2500,OLS_iid,iid,False,5
8,9,9001,5,50001,True,27,False,100,0.7981756372625675,0.7024013181217015,0.3646681974019868,0.2517435631972103,0.8527228018302596,0.9624291695972694,0.6405371925836004,0.15095063637781062,13,8,0.570087712549569,2500,OLS_iid,iid,False,5
8,9,9001,21,210001,True,23,False,100,0.7431400910314013,0.6146965669468045,0.31158324791761416,0.21400834978921301,0.8051521114241617,0.7821618929222762,0.7433379015384276,0.14959429536251936,13,8,0.570087712549569,2500,OLS_iid,iid,False,5
9,1,1001,23,230001,True,20,False,100,0.5698607146438263,0.27466826187446713,0.34301492322077737,0.22961636591823312,0.7783349683196447,0.8832325654087853,0.6919372587674505,0.1835319264905781,13,8,0.570087712549569,2500,OLS_iid,iid,False,5
8,9,9001,29,290001,True,24,False,100,0.45909267645915386,0.5577058489434421,0.37620399817187444,0.27061153626682805,0.8992910804973544,0.9058986603580899,0.6813707743106494,0.1488290173070689,13,8,0.570087712549569,2500,OLS_iid,iid,False,5
8,2,2001,25,250001,True,105,False,100,0.7621655752320462,1.7763066068291664,0.1750518704712703,0.12414654512833757,0.45106840188288777,0.5070115783472009,0.8666659343285439,0.15228282780463978,13,8,0.570087712549569,2500,OLS_iid,iid,False,5
9,1,1001,0,1,True,18,False,100,0.6390713786786839,0.38416838366538286,0.3471671352493666,0.23620195084833892,0.8019419728781091,0.8662373363065112,0.7301375210932397,0.17990728351338306,13,8,0.570087712549569,2500,OLS_iid,iid,False,5
9,1,1001,21,210001,True,21,False,100,0.5411518247151154,0.30201630014926195,0.29128592471459,0.18716608726065684,1.0092871951019837,0.704757929385481,0.7777818778426155,0.18435990575844274,13,8,0.570087712549569,2500,OLS_iid,iid,False,5
8,5,5001,29,290001,True,80,False,100,0.45909267645915386,1.2413785508833826,0.1261255923852388,0.09937952510214473,0.2384639377483454,0.4773084562228577,0.8815861610035037,0.14954084989610328,13,8,0.570087712549569,2500,OLS_iid,iid,False,5
9,0,1,4,40001,True,36,False,100,0.5471739269525809,0.5687911729328334,0.08742620296456949,0.07104622085528259,0.22026172711894773,0.44043532510939476,0.8995270013342803,0.17914335468923664,13,8,0.570087712549569,2500,OLS_iid,iid,False,5
9,1,1001,29,290001,True,19,False,100,0.45909267645915386,0.2696198313497007,0.3269240213358138,0.21396541662744226,0.9066767777888682,0.8663681356194334,0.721346805038874,0.1844211195790101,13,8,0.570087712549569,2500,OLS_iid,iid,False,5
9,1,1001,3,30001,True,27,False,100,0.6506048500087855,0.3942087460309267,0.29333205424705955,0.19339707418893595,0.9617125281516765,0.7506382676620338,0.7714167799680126,0.18639035364306034,13,8,0.570087712549569,2500,OLS_iid,iid,False,5
9,0,1,26,260001,True,20,False,100,0.5627541537636492,0.447932468727231,0.27290836862165674,0.16893837040056586,0.9446822924524962,0.7348074726266388,0.7286246970658267,0.18752204970862094,13,8,0.570087712549569,2500,OLS_iid,iid,False,5
9,1,1001,24,240001,True,20,False,100,0.8573263233675178,0.309976268094033,0.3534195472878798,0.23698775834277497,0.7917574812818581,1.0450077026338864,0.6808933915941955,0.18542533594703253,13,8,0.570087712549569,2500,OLS_iid,iid,False,5
9,0,1,13,130001,True,23,False,100,0.6584203205589951,0.5184389729984105,0.2726090142602524,0.17920039091013423,0.7455970446383748,0.7566104335515755,0.7478827691654258,0.1903623311978042,13,8,0.570087712549569,2500,OLS_iid,iid,False,5
8,7,7001,14,140001,True,62,False,100,0.6695629475617095,0.9935265518724918,0.19126499063723557,0.1316476372288564,0.518721040113803,0.5654284424823433,0.8423182354260854,0.15179043713958848,13,8,0.570087712549569,2500,OLS_iid,iid,False,5
9,0,1,23,230001,True,23,False,100,0.5698607146438263,0.47885582922026515,0.2815090488848932,0.18186181075634658,0.7273647639842027,0.7214729817023039,0.781405261979788,0.18451007405086436,13,8,0.570087712549569,2500,OLS_iid,iid,False,5
9,1,1001,11,110001,True,24,False,100,0.5452943238107938,0.3647496937774122,0.1941018014855534,0.12216915833718421,0.5449125498596602,0.555786956178967,0.8531883676037731,0.18556296607735626,13,8,0.570087712549569,2500,OLS_iid,iid,False,5
8,6,6001,1,10001,True,82,False,100,0.7952954463559883,1.275180159136653,0.1985225395836426,0.13886206308303856,0.4866458727574658,0.5878885384475642,0.8236009998485534,0.150266364470376,13,8,0.570087712549569,2500,OLS_iid,iid,False,5
9,0,1,29,290001,True,20,False,100,0.45909267645915386,0.4564270540140569,0.3231524049262501,0.2153283951111496,0.751855289922115,0.7589078495280585,0.7697014684297865,0.19014270877550615,13,8,0.570087712549569,2500,OLS_iid,iid,False,5
8,9,9001,19,190001,True,40,False,100,0.6700104930430736,0.7006715810857713,0.13941150692802007,0.10610838954588707,0.3028915413435893,0.5169204418557275,0.8647488558581349,0.14521808160531466,13,8,0.570087712549569,2500,OLS_iid,iid,False,5
9,2,2001,15,150001,True,21,False,100,0.6532913944757328,0.2855906682088971,0.30776607788565086,0.1857153505424131,0.8678073080718226,0.8120727803757353,0.7243301257740198,0.18740829594379937,13,8,0.570087712549569,2500,OLS_iid,iid,False,5
9,1,1001,8,80001,True,22,False,100,0.7378021846205323,0.42334799002856016,0.3111410406595815,0.2144162147363246,0.6699006079061725,0.7691182974212389,0.7357078083093771,0.19076991384805114,13,8,0.570087712549569,2500,OLS_iid,iid,False,5
8,8,8001,29,290001,True,24,False,100,0.45909267645915386,0.8251555771566927,0.3936809317015167,0.3174833297950738,0.9255859857920049,1.493681693035759,0.6518676244736761,0.14766020639106142,13,8,0.570087712549569,2500,OLS_iid,iid,False,5
9,1,1001,25,250001,True,25,False,100,0.7621655752320462,0.34787039505317807,0.217303897420489,0.13798250528407097,0.6820765528407049,0.5998775606804323,0.8251414193569397,0.1831500941667808,13,8,0.570087712549569,2500,OLS_iid,iid,False,5
9,1,1001,16,160001,True,22,False,100,0.5478028847764859,0.40044052712619305,0.28623267021680676,0.17737794207184437,0.8726152030342635,0.7193348476959713,0.766477240395673,0.18727488113661556,13,8,0.570087712549569,2500,OLS_iid,iid,False,5
9,0,1,1,10001,True,48,False,100,0.7952954463559883,0.6505930791608989,0.11243440757709237,0.08172792743630668,0.26813821831519846,0.5592888841520922,0.8307769716538268,0.18844496314743625,13,8,0.570087712549569,2500,OLS_iid,iid,False,5
8,9,9001,28,280001,True,42,False,100,0.8304813982898618,0.6742173959501088,0.41004636597384386,0.3008435858002097,0.9849663796759964,1.0984679978232534,0.5116503465963519,0.15191706209898356,13,8,0.570087712549569,2500,OLS_iid,iid,False,5
9,2,2001,23,230001,True,19,False,100,0.5698607146438263,0.27356190979480743,0.40749584017356655,0.28132241577875516,1.0426284415481144,1.3251658406306517,0.4296014053324585,0.18178810502583198,13,8,0.570087712549569,2500,OLS_iid,iid,False,5
9,3,3001,3,30001,True,19,False,100,0.6506048500087855,0.24338606419041753,0.28030796524112245,0.18895826576591274,0.6972065825632334,0.7540325943932501,0.7414717127877654,0.18478355853995912,13,8,0.570087712549569,2500,OLS_iid,iid,False,5
9,1,1001,20,200001,True,23,False,100,0.5199905400817861,0.4006529962643981,0.2994960180927737,0.1911078672268679,1.0538518215294652,0.7771148773665231,0.7534854455294275,0.18759670480906954,13,8,0.570087712549569,2500,OLS_iid,iid,False,5
7,7,7001,25,250001,True,142,False,100,0.7621655752320462,2.8094168920069933,0.14274625532925292,0.1064899646233379,0.3913770744446031,0.4796167212823826,0.8833639330529964,0.10648652372081112,13,8,0.570087712549569,2500,OLS_iid,iid,False,5
9,0,1,20,200001,True,23,False,100,0.5199905400817861,0.5540867364034057,0.36990314466340973,0.24760866879431362,0.9940180330561192,0.9484150872705541,0.6668075254958945,0.18788731249722757,13,8,0.570087712549569,2500,OLS_iid,iid,False,5
8,8,8001,28,280001,True,40,False,100,0.8304813982898618,0.8707072138786316,0.3367929398401221,0.25070050771927793,1.0640561540538673,6.082630234653157,0.6649881351651717,0.15365945437287065,13,8,0.570087712549569,2500,OLS_iid,iid,False,5
9,1,1001,9,90001,True,20,False,100,0.4781193988631633,0.44907142128795385,0.3707807212636424,0.25102368330815744,1.1292079742004995,1.003044452947428,0.6568867999754724,0.1864754205900658,13,8,0.570087712549569,2500,OLS_iid,iid,False,5
9,2,2001,9,90001,True,21,False,100,0.4781193988631633,0.3509578709490597,0.3541552595176565,0.23447291633601705,1.1260268559875304,1.0175064193891339,0.6728812769002522,0.18337778024253554,13,8,0.570087712549569,2500,OLS_iid,iid,False,5
9,2,2001,10,100001,True,21,False,100,0.6718206347998593,0.34076219890266657,0.36248145572005686,0.24175993550554503,0.9061399944103944,0.8991987188404763,0.6885140546266137,0.18442444453889156,13,8,0.570087712549569,2500,OLS_iid,iid,False,5
9,1,1001,28,280001,True,25,False,100,0.8304813982898618,0.39052960416302085,0.2650921017096241,0.16616185426579563,0.728348666798761,0.7684072329586685,0.7325514191840559,0.18451279573547252,13,8,0.570087712549569,2500,OLS_iid,iid,False,5
9,1,1001,22,220001,True,19,False,100,0.6775365161035468,0.41392481280490756,0.33791753919156753,0.23206543080244668,1.1849542326519535,1.0190006472530848,0.7026557275178842,0.18379445535276395,13,8,0.570087712549569,2500,OLS_iid,iid,False,5
9,1,1001,14,140001,True,19,False,100,0.5661545048139004,0.4524674639105797,0.33728993767517684,0.22172845693751328,0.7247192620274323,1.0793317916406349,0.5027550671159142,0.18560027945010002,13,8,0.570087712549569,2500,OLS_iid,iid,False,5
9,2,2001,18,180001,True,21,False,100,0.7280983049752222,0.33447288908064365,0.27600058470030353,0.17031996571623187,1.0440763621367533,0.7165620421280675,0.7405976212651317,0.19279253913693284,13,8,0.570087712549569,2500,OLS_iid,iid,False,5
9,1,1001,18,180001,True,21,False,100,0.7280983049752222,0.44508474227041006,0.31359532432087733,0.20961910010758383,0.747460692413166,0.8165278418929893,0.7293480395301427,0.184074424020524,13,8,0.570087712549569,2500,OLS_iid,iid,False,5
9,1,1001,2,20001,True,26,False,100,0.5694174310539274,0.5227790689095855,0.28129142261684736,0.17323488021842678,0.8335588851342204,0.8165735892491237,0.7367245017310899,0.19379961946601948,13,8,0.570087712549569,2500,OLS_iid,iid,False,5
9,1,1001,13,130001,True,34,False,100,0.6584203205589951,0.46962524112313986,0.2980778867182211,0.19643003489297411,0.986062226315004,0.9038528328081212,0.5610083301404303,0.18965317505795273,13,8,0.570087712549569,2500,OLS_iid,iid,False,5
9,2,2001,3,30001,True,22,False,100,0.6506048500087855,0.38657648488879204,0.3110368053931739,0.20705697483268432,0.8700211589441792,0.762735372298061,0.761437784700219,0.1849230624779964,13,8,0.570087712549569,2500,OLS_iid,iid,False,5
9,2,2001,4,40001,True,21,False,100,0.5471739269525809,0.3847638377919793,0.25828121658134895,0.1694908581576265,0.7078371109696063,0.6422951322367673,0.8132847135153164,0.18122675937620342,13,8,0.570087712549569,2500,OLS_iid,iid,False,5
9,1,1001,26,260001,True,30,False,100,0.5627541537636492,0.42000442557036877,0.1560818375577371,0.09702835594683692,0.4707036795274463,0.5455829642865236,0.8465208761317862,0.18373731782197042,13,8,0.570087712549569,2500,OLS_iid,iid,False,5
9,0,1,9,90001,True,38,False,100,0.4781193988631633,0.6691355360671878,0.09825700880796069,0.0723340987382253,0.2349370002995311,0.44977975563850603,0.8978133113296013,0.18596658340623387,13,8,0.570087712549569,2500,OLS_iid,iid,False,5
8,8,8001,24,240001,True,50,False,100,0.8573263233675178,0.9517215159721673,0.2841999872271721,0.19640372770041564,0.8251410532002271,0.6913365115328032,0.7781000817225984,0.14857469818408459,13,8,0.570087712549569,2500,OLS_iid,iid,False,5
8,7,7001,29,290001,True,66,False,100,0.45909267645915386,1.0651168669573963,0.136279421306294,0.10362480396125527,0.3230872753577719,0.4899086409283875,0.8779440320750259,0.1449294308835065,13,8,0.570087712549569,2500,OLS_iid,iid,False,5
9,1,1001,7,70001,True,19,False,100,0.5246864878925127,0.5247302139177918,0.4089996541537141,0.28350333979821735,1.0562876429144472,1.1510492360476543,0.6186354685389153,0.1820004196838558,13,8,0.570087712549569,2500,OLS_iid,iid,False,5
9,1,1001,27,270001,True,20,False,100,0.5937458092218517,0.45008395332843065,0.3877549237889814,0.2570587460362188,1.0265406771345236,1.036838615071792,0.6296421205911928,0.1848693230144373,13,8,0.570087712549569,2500,OLS_iid,iid,False,5
9,2,2001,6,60001,True,22,False,100,0.6355162989249991,0.41788783203810453,0.29285742433014267,0.19647159748780352,0.6738953610727986,0.7926819622261959,0.7322169153310794,0.18656911640858664,13,8,0.570087712549569,2500,OLS_iid,iid,False,5
8,7,7001,2,20001,True,77,False,100,0.5694174310539274,1.228750720154494,0.19193939617418088,0.14327114692318343,0.40553942004185195,0.5730000461670298,0.8359887202799273,0.1500274106184083,13,8,0.570087712549569,2500,OLS_iid,iid,False,5
8,8,8001,27,270001,True,61,False,100,0.6548752527436544,0.949684901162982,0.1761793985281947,0.12446585356924397,0.4722033489964855,0.5534450960508994,0.8446280095450938,0.14694566012643764,13,8,0.570087712549569,2500,OLS_iid,iid,False,5
9,3,3001,14,140001,True,20,False,100,0.5661545048139004,0.2938943626359105,0.3216217375368512,0.20648817623526972,1.0420896106656576,0.8068061328035381,0.7484294069985601,0.18687771108042817,13,8,0.570087712549569,2500,OLS_iid,iid,False,5
9,2,2001,22,220001,True,20,False,100,0.6775365161035468,0.38934496277943254,0.3548478372631569,0.23891339049640112,0.834083909654532,1.0121339494181087,0.581965449029386,0.19129045687414253,13,8,0.570087712549569,2500,OLS_iid,iid,False,5
9,2,2001,27,270001,True,19,False,100,0.5937458092218517,0.3732943581417203,0.32951299715287474,0.2211024706579561,0.7325721545300821,0.9524868927098978,0.6423997907028358,0.18361031732691532,13,8,0.570087712549569,2500,OLS_iid,iid,False,5
9,3,3001,21,210001,True,19,False,100,0.5411518247151154,0.2523615746758878,0.337202154429845,0.22901527925263457,1.0160628020835583,0.9345798785418902,0.6587383236080822,0.18908834043389267,13,8,0.570087712549569,2500,OLS_iid,iid,False,5
9,3,3001,17,170001,True,21,False,100,0.34956139265708774,0.293161537963897,0.31777921765607314,0.21208961502743578,1.0309528235297611,0.8366416655182418,0.7349548384635101,0.18316848299538696,13,8,0.570087712549569,2500,OLS_iid,iid,False,5
9,0,1,16,160001,True,53,False,100,0.5478028847764859,0.6816519079729915,0.12154303555837666,0.0904727711407351,0.2402060110610787,0.45385755031483643,0.8940245515763265,0.18274028020303862,13,8,0.570087712549569,2500,OLS_iid,iid,False,5
9,3,3001,10,100001,True,20,False,100,0.6718206347998593,0.32923418935388327,0.32120007829776154,0.20769094532279053,0.746881736725346,0.8323462679764102,0.7141648131969667,0.18784986501298243,13,8,0.570087712549569,2500,OLS_iid,iid,False,5
9,2,2001,2,20001,True,21,False,100,0.5694174310539274,0.46127492608502507,0.24536310171940362,0.15291086546141786,0.6724420886194579,0.6977905949402968,0.7662087564413571,0.1913959285670955,13,8,0.570087712549569,2500,OLS_iid,iid,False,5
9,3,3001,20,200001,True,19,False,100,0.5199905400817861,0.27356347953900695,0.3526064795170731,0.23649856235914843,1.0310173309573158,0.9581127985268332,0.669399852219184,0.18887417916506102,13,8,0.570087712549569,2500,OLS_iid,iid,False,5
9,2,2001,11,110001,True,20,False,100,0.5452943238107938,0.4411444622091949,0.37640765596610837,0.25300413393680254,1.0171297758745728,0.9541042173158358,0.6880852940673092,0.18259072503148058,13,8,0.570087712549569,2500,OLS_iid,iid,False,5
9,0,1,7,70001,True,48,False,100,0.5246864878925127,0.7488488671369851,0.2521172809007567,0.16703101728539538,0.7350209351208804,0.6281918324364026,0.8158241013619094,0.18462727868287274,13,8,0.570087712549569,2500,OLS_iid,iid,False,5
9,2,2001,26,260001,True,24,False,100,0.5627541537636492,0.396886695176363,0.20212219280717447,0.13357622533080954,0.493048002439803,0.6160768714174789,0.8166551943120178,0.18809246148238767,13,8,0.570087712549569,2500,OLS_iid,iid,False,5
9,1,1001,10,100001,True,42,False,100,0.6718206347998593,0.5671936562284827,0.2084091182502541,0.1252240381497672,0.6792826944561318,0.587289713375782,0.8230936306839617,0.186261190334277,13,8,0.570087712549569,2500,OLS_iid,iid,False,5
9,1,1001,15,150001,True,40,False,100,0.6532913944757328,0.5653020697645843,0.0950481598742361,0.0676921586646611,0.26660341767478135,0.46657819196196704,0.886715399869127,0.18618991358911163,13,8,0.570087712549569,2500,OLS_iid,iid,False,5
9,2,2001,13,130001,True,22,False,100,0.6584203205589951,0.4593024807982147,0.10974611478665429,0.08745137301113927,0.21673580497887385,0.5295674050515421,0.8489211809368005,0.18439172112774124,13,8,0.570087712549569,2500,OLS_iid,iid,False,5
9,2,2001,8,80001,True,25,False,100,0.7378021846205323,0.47822238504886627,0.33644593240771226,0.22748739722452044,0.8793285669186286,0.8803854433488473,0.6745382545296291,0.1822497840041363,13,8,0.570087712549569,2500,OLS_iid,iid,False,5
9,3,3001,18,180001,True,22,False,100,0.7280983049752222,0.30879514710977674,0.24337874768519366,0.1516259053833309,0.7604526665269314,0.6873231701550906,0.7836496612771653,0.18774893369192297,13,8,0.570087712549569,2500,OLS_iid,iid,False,5
9,3,3001,7,70001,True,19,False,100,0.5246864878925127,0.39105803007259965,0.3520692187055882,0.23888606689879077,1.1280985075295018,0.9322066346991332,0.6955161091467484,0.18352659064075452,13,8,0.570087712549569,2500,OLS_iid,iid,False,5
8,9,9001,9,90001,True,63,False,100,0.4781193988631633,0.9688299433328211,0.24673241947090932,0.1636249439289814,0.6046174257642023,0.5898668221508738,0.8388167502582526,0.1436345305680437,13,8,0.570087712549569,2500,OLS_iid,iid,False,5
9,2,2001,16,160001,True,20,False,100,0.5478028847764859,0.4880567588843405,0.37185698486086677,0.24777690775899067,0.8336111849406098,0.9725511398639334,0.6838449741637126,0.18015032645438178,13,8,0.570087712549569,2500,OLS_iid,iid,False,5
9,3,3001,11,110001,True,31,False,100,0.5452943238107938,0.39897002931684256,0.08653317213892665,0.06684384034636545,0.21591868357586166,0.44468074980829786,0.8984086136102603,0.1833292153800101,13,8,0.570087712549569,2500,OLS_iid,iid,False,5
9,2,2001,17,170001,True,21,False,100,0.34956139265708774,0.49875627597793937,0.34694141910706333,0.2288631570920924,1.054284916434156,0.9218063366314122,0.6896058026099474,0.18082355285650456,13,8,0.570087712549569,2500,OLS_iid,iid,False,5
9,2,2001,20,200001,True,24,False,100,0.5199905400817861,0.484850044362247,0.2968879062198994,0.19480029857810724,0.8034892050386754,0.7962101943147055,0.7305556410505682,0.1872971224318179,13,8,0.570087712549569,2500,OLS_iid,iid,False,5
9,2,2001,28,280001,True,21,False,100,0.8304813982898618,0.45496062468737364,0.3634179202447603,0.24362733324141475,1.2922151193699132,1.0327724799215157,0.6631756395287498,0.18959664844860277,13,8,0.570087712549569,2500,OLS_iid,iid,False,5
9,4,4001,9,90001,True,21,False,100,0.4781193988631633,0.28251112112775445,0.30918551421877555,0.19870580793558706,0.9904609833963721,0.8624958448106721,0.7301601860489988,0.18673965888553126,13,8,0.570087712549569,2500,OLS_iid,iid,False,5
9,3,3001,13,130001,True,26,False,100,0.6584203205589951,0.4174865451641381,0.2964042838147461,0.19080660937991117,0.9999606416568431,0.7734560129112016,0.7018692100019369,0.1925748134067528,13,8,0.570087712549569,2500,OLS_iid,iid,False,5
9,4,4001,10,100001,True,20,False,100,0.6718206347998593,0.29569391906261444,0.33300628132435733,0.21492635849236252,1.0661964398795476,0.9513023719940136,0.6767540905701838,0.1884923786206087,13,8,0.570087712549569,2500,OLS_iid,iid,False,5
9,3,3001,9,90001,True,20,False,100,0.4781193988631633,0.4483932461589575,0.3301773280675531,0.2331071330648579,0.6903276996531716,0.9249718100195128,0.6916265950018862,0.181907521100644,13,8,0.570087712549569,2500,OLS_iid,iid,False,5
9,4,4001,4,40001,True,20,False,100,0.5471739269525809,0.3231963161379099,0.33142198838672043,0.21760191162050146,0.8158444707206257,0.8733214727904712,0.6947096912350232,0.1813562394253037,13,8,0.570087712549569,2500,OLS_iid,iid,False,5
9,3,3001,27,270001,True,19,False,100,0.5937458092218517,0.37105649523437023,0.3372681380605148,0.2229911264957361,1.1154774187189376,1.0140945398559595,0.6101794167875849,0.1865971713456569,13,8,0.570087712549569,2500,OLS_iid,iid,False,5
9,3,3001,19,190001,True,22,False,100,0.4448255876713577,0.3924681688658893,0.29068082754141206,0.18506659032449832,0.933499566218084,0.7013225112118066,0.7855114356560238,0.1791245676378343,13,8,0.570087712549569,2500,OLS_iid,iid,False,5
9,3,3001,24,240001,True,23,False,100,0.8573263233675178,0.3927906258031726,0.3024099667324544,0.20407940378869982,0.6731854107166174,0.740555840909072,0.7489478054490626,0.1879930285742177,13,8,0.570087712549569,2500,OLS_iid,iid,False,5
9,3,3001,2,20001,True,24,False,100,0.5694174310539274,0.49649134324863553,0.2693476854525627,0.17716287348556287,0.7405485367793015,0.7478207592668213,0.7645534567939198,0.19155275527454213,13,8,0.570087712549569,2500,OLS_iid,iid,False,5
9,2,2001,5,50001,True,31,False,100,0.5603261707165156,0.5979352570138872,0.2692565977851069,0.16561857323056106,0.9658913966637788,0.654880458311159,0.7962998372465401,0.17982034937502359,13,8,0.570087712549569,2500,OLS_iid,iid,False,5
9,4,4001,1,10001,True,21,False,100,0.7952954463559883,0.36908869026228786,0.32757779979082885,0.20009104600127137,1.104498345779346,0.8626671140485899,0.6763523461876236,0.1874031173135374,13,8,0.570087712549569,2500,OLS_iid,iid,False,5
9,4,4001,23,230001,True,21,False,100,0.5698607146438263,0.30032962281256914,0.36087282784110075,0.24187499236490834,0.9800218196773183,0.977989587773335,0.664577562531214,0.18521665897382217,13,8,0.570087712549569,2500,OLS_iid,iid,False,5
9,0,1,10,100001,True,63,False,100,0.6718206347998593,0.8919064197689295,0.19472845407907605,0.12924266541544088,0.47666202641395894,0.5658837565703172,0.8406392230759029,0.1834162637835941,13,8,0.570087712549569,2500,OLS_iid,iid,False,5
9,3,3001,26,260001,True,21,False,100,0.5627541537636492,0.4371546031907201,0.18420244280124784,0.12506704751383446,0.42036791885899366,0.5955159134428504,0.8264497879270838,0.18989978819627923,13,8,0.570087712549569,2500,OLS_iid,iid,False,5
9,3,3001,25,250001,True,22,False,100,0.7621655752320462,0.4395387638360262,0.2527951226855533,0.16339844031463674,0.6885789673794785,0.6777104282170063,0.7816335692071632,0.18405830459666553,13,8,0.570087712549569,2500,OLS_iid,iid,False,5
9,3,3001,28,280001,True,20,False,100,0.8304813982898618,0.44453800562769175,0.36912722979543805,0.24917218986653972,0.9427745743137864,1.0771626782509087,0.6413211198467346,0.18890308002392003,13,8,0.570087712549569,2500,OLS_iid,iid,False,5
9,4,4001,24,240001,True,22,False,100,0.8573263233675178,0.32844501500949264,0.14673811379150184,0.10303595166651447,0.4201380177807263,0.5365938578959295,0.8546474951439246,0.1894608506586726,13,8,0.570087712549569,2500,OLS_iid,iid,False,5
9,5,5001,7,70001,True,21,False,100,0.5246864878925127,0.2854213882237673,0.33558201942322574,0.22480081589865047,0.9049536651116304,0.8839299623829311,0.694091222028935,0.18221239828681993,13,8,0.570087712549569,2500,OLS_iid,iid,False,5
9,4,4001,8,80001,True,23,False,100,0.7378021846205323,0.39491923013702035,0.33313249914636933,0.22646010464367716,0.8613453629207748,0.8853244239707767,0.7074718900293255,0.18741546364560305,13,8,0.570087712549569,2500,OLS_iid,iid,False,5
9,3,3001,4,40001,True,21,False,100,0.5471739269525809,0.5641482388600707,0.28376246776606906,0.18470518910589656,0.7199472285792456,0.7198467566740043,0.7631022587423608,0.18543657819739578,13,8,0.570087712549569,2500,OLS_iid,iid,False,5
9,3,3001,22,220001,True,21,False,100,0.6775365161035468,0.4692747639492154,0.2832158567471472,0.17609492776085314,1.1277206995491178,0.7761998485889985,0.7540153789763625,0.1870362912833405,13,8,0.570087712549569,2500,OLS_iid,iid,False,5
9,4,4001,6,60001,True,23,False,100,0.6355162989249991,0.4214915041811764,0.3005036847373803,0.19313199261088712,0.8743513384260476,0.7437833660446332,0.7686666058238648,0.1850988635034412,13,8,0.570087712549569,2500,OLS_iid,iid,False,5
9,4,4001,0,1,True,22,False,100,0.6390713786786839,0.4442541771568358,0.3329794386349139,0.22454309148125395,0.8147246727020149,0.8520084076454496,0.7068837679237271,0.18561892999754795,13,8,0.570087712549569,2500,OLS_iid,iid,False,5
8,8,8001,19,190001,True,74,False,100,0.6700104930430736,1.2503739520907402,0.21768644848656166,0.14950510919291266,0.5345365147224054,0.5880336166414523,0.8282421900632692,0.15230766022688494,13,8,0.570087712549569,2500,OLS_iid,iid,False,5
9,0,1,2,20001,True,75,False,100,0.5694174310539274,0.9961644508875906,0.15855890547729684,0.11159039944170941,0.36142127957523545,0.5781073846837648,0.833099573372458,0.18972790220437238,13,8,0.570087712549569,2500,OLS_iid,iid,False,5
9,0,1,27,270001,True,62,False,100,0.5937458092218517,0.8587908460758626,0.10773775446912992,0.08241311035391236,0.2468786102587808,0.4862271234220889,0.8760530595952666,0.1780867438299162,13,8,0.570087712549569,2500,OLS_iid,iid,False,5
8,7,7001,28,280001,True,56,False,100,0.8304813982898618,1.3459983598440886,0.3214131202691444,0.22191628461426574,1.1829654959241824,0.7200199976318198,0.7266407720641643,0.15135958220163717,13,8,0.570087712549569,2500,OLS_iid,iid,False,5
9,4,4001,3,30001,True,21,False,100,0.6506048500087855,0.4483345258049667,0.34164425447540026,0.234323827260293,0.9947313724401219,0.9448233189619796,0.7283736407270345,0.1909132850810839,13,8,0.570087712549569,2500,OLS_iid,iid,False,5
9,5,5001,13,130001,True,22,False,100,0.6584203205589951,0.297551394905895,0.14964363759578367,0.10418781982087699,0.418958300676425,0.5828511384260026,0.8281790953229378,0.18583329785786387,13,8,0.570087712549569,2500,OLS_iid,iid,False,5
9,5,5001,21,210001,True,18,False,100,0.5411518247151154,0.2653894838877022,0.31940527079550174,0.22122713432564425,0.9099967544522448,0.7918756105514867,0.7411910115521949,0.17924952000187028,13,8,0.570087712549569,2500,OLS_iid,iid,False,5
9,3,3001,1,10001,True,34,False,100,0.7952954463559883,0.6127378027886152,0.14335517559538796,0.09792509072974827,0.3787789219927423,0.5805856676237042,0.8244499985448404,0.1860130352180839,13,8,0.570087712549569,2500,OLS_iid,iid,False,5
8,6,6001,9,90001,True,94,False,100,0.4781193988631633,1.6373176532797515,0.12474932241683938,0.09179878737611485,0.31071995082755394,0.4540461543003187,0.8956937107845204,0.14591412033684745,13,8,0.570087712549569,2500,OLS_iid,iid,False,5
9,4,4001,19,190001,True,30,False,100,0.4448255876713577,0.3823703578673303,0.16215737963750518,0.10991000967806898,0.3722508250819343,0.5081875985650581,0.8708113260626487,0.18161421833654368,13,8,0.570087712549569,2500,OLS_iid,iid,False,5
9,4,4001,2,20001,True,23,False,100,0.5694174310539274,0.4715599361807108,0.36203193358478,0.2436290238436394,0.9015201043969571,0.9940339211069854,0.6260391224615112,0.18728851172395583,13,8,0.570087712549569,2500,OLS_iid,iid,False,5
9,0,1,12,120001,True,76,False,100,0.5047990305552702,0.9641671390272677,0.08737831742856077,0.07081782223846418,0.18932874878445033,0.43320058387270316,0.9033889491556096,0.18407103464628163,13,8,0.570087712549569,2500,OLS_iid,iid,False,5
9,5,5001,27,270001,True,23,False,100,0.5937458092218517,0.26285014394670725,0.3713543200305213,0.25282255894649885,0.9258457702119431,0.9869476388447846,0.6514977057494253,0.18221764341294316,13,8,0.570087712549569,2500,OLS_iid,iid,False,5
9,4,4001,27,270001,True,22,False,100,0.5937458092218517,0.3796846382319927,0.30511673636719777,0.19838445000358446,0.7967474570569395,0.7738370793111892,0.7393022599988999,0.18718163391657403,13,8,0.570087712549569,2500,OLS_iid,iid,False,5
9,2,2001,21,210001,True,52,False,100,0.5411518247151154,0.6837976411916316,0.13201992832894452,0.09528091242350839,0.3479825010392857,0.47023583570571814,0.88629455133153,0.17660630783318088,13,8,0.570087712549569,2500,OLS_iid,iid,False,5
9,5,5001,0,1,True,19,False,100,0.6390713786786839,0.3833038001321256,0.3338860097585057,0.20841543929030662,0.8846438203934378,0.8663140589262833,0.704494402326773,0.18477023983322405,13,8,0.570087712549569,2500,OLS_iid,iid,False,5
9,4,4001,11,110001,True,25,False,100,0.5452943238107938,0.46801781421527267,0.08802763757359051,0.06947568743559213,0.16847341051289824,0.44581328584215213,0.8976500340469948,0.18715414565174365,13,8,0.570087712549569,2500,OLS_iid,iid,False,5
9,4,4001,14,140001,True,21,False,100,0.5661545048139004,0.4594682599417865,0.29194643367575246,0.1827592189926587,1.0345742483443061,0.7903347485147009,0.7195110578332279,0.18706058675400378,13,8,0.570087712549569,2500,OLS_iid,iid,False,5
9,4,4001,7,70001,True,21,False,100,0.5246864878925127,0.4852512599900365,0.3446826210211671,0.2296831916374131,0.9812821318443824,0.9416978172789254,0.7093748571216935,0.1802543923015865,13,8,0.570087712549569,2500,OLS_iid,iid,False,5
9,5,5001,22,220001,True,20,False,100,0.6775365161035468,0.3111850689165294,0.32528782965149194,0.2239711095172483,0.8621566079514149,0.9984905115510938,0.5810694350547931,0.18573004327083892,13,8,0.570087712549569,2500,OLS_iid,iid,False,5
9,5,5001,26,260001,True,22,False,100,0.5627541537636492,0.2984181782230735,0.2994311545035897,0.19346694396282332,0.8237965410798446,0.7488023137177636,0.744007122763716,0.18224369832768558,13,8,0.570087712549569,2500,OLS_iid,iid,False,5
9,4,4001,13,130001,True,35,False,100,0.6584203205589951,0.4753173468634486,0.2620863204139659,0.1742876093596064,0.782409823906558,0.8644402476858795,0.5723189969280935,0.18950524016201567,13,8,0.570087712549569,2500,OLS_iid,iid,False,5
9,1,1001,4,40001,True,52,False,100,0.5471739269525809,0.8772008731029928,0.09641340816875477,0.08005463088057388,0.203385059024073,0.4410187422363109,0.8992380177073784,0.1852035977572292,13,8,0.570087712549569,2500,OLS_iid,iid,False,5
9,4,4001,16,160001,True,21,False,100,0.5478028847764859,0.4548971150070429,0.3573497206795592,0.23577560981706,0.9742894216104733,0.9829400657064449,0.6924344152920343,0.17986522014063117,13,8,0.570087712549569,2500,OLS_iid,iid,False,5
9,0,1,28,280001,True,67,False,100,0.8304813982898618,0.9310055058449507,0.16017559417526014,0.11033211196125316,0.4232679694390679,0.5979942700408972,0.8279807505030622,0.19029033395453707,13,8,0.570087712549569,2500,OLS_iid,iid,False,5
9,2,2001,25,250001,True,46,False,100,0.7621655752320462,0.7111744093708694,0.2589044373146646,0.164298384546194,0.8319362101333495,0.6426449124539921,0.8076532259876972,0.18504682380453974,13,8,0.570087712549569,2500,OLS_iid,iid,False,5
9,5,5001,14,140001,True,24,False,100,0.5661545048139004,0.3893724330700934,0.2941126700014307,0.18684039194558263,0.7805246298187712,0.8077415255983271,0.7390490803013432,0.18533143314361264,13,8,0.570087712549569,2500,OLS_iid,iid,False,5
9,4,4001,18,180001,True,24,False,100,0.7280983049752222,0.4787025307305157,0.35233990093326856,0.23811615588564256,0.8714322325901677,0.9117435985030253,0.6367472110134224,0.18870288755985923,13,8,0.570087712549569,2500,OLS_iid,iid,False,5
9,5,5001,3,30001,True,19,False,100,0.6506048500087855,0.42765939608216286,0.36894981792721343,0.254978143710905,1.0416662864467734,0.9413341437413087,0.688465861443608,0.18173739211925044,13,8,0.570087712549569,2500,OLS_iid,iid,False,5
9,1,1001,1,10001,True,65,False,100,0.7952954463559883,0.9559870329685509,0.21562805766792356,0.13278012441553688,0.7228484784434914,0.6426541205497067,0.7948559231018605,0.19580902826986452,13,8,0.570087712549569,2500,OLS_iid,iid,False,5
9,5,5001,24,240001,True,24,False,100,0.8573263233675178,0.36854407377541065,0.2548576724914818,0.17300849912965338,0.6083877377679789,0.7085051841610148,0.7767039799015548,0.18653803834858929,13,8,0.570087712549569,2500,OLS_iid,iid,False,5
9,6,6001,7,70001,True,20,False,100,0.5246864878925127,0.3317811000160873,0.22674824029263865,0.13980977307574116,0.6777531546317058,0.5750637501100645,0.8369903174266492,0.1810525874273421,13,8,0.570087712549569,2500,OLS_iid,iid,False,5
8,8,8001,14,140001,True,91,False,100,0.6695629475617095,1.415043065790087,0.14480980111594083,0.10667925789694423,0.3791446803259945,0.5120884334654325,0.8653083657180887,0.1475427664192601,13,8,0.570087712549569,2500,OLS_iid,iid,False,5
9,5,5001,29,290001,True,22,False,100,0.45909267645915386,0.37357346527278423,0.3389860351797992,0.22885459682904907,1.1728151308071404,0.8693801937681421,0.7330228360752018,0.18058281066418022,13,8,0.570087712549569,2500,OLS_iid,iid,False,5
9,5,5001,10,100001,True,21,False,100,0.6718206347998593,0.45248921401798725,0.335211430650691,0.22405801892836633,0.878316113254992,0.8835730945305893,0.6995008838094796,0.18317059583670509,13,8,0.570087712549569,2500,OLS_iid,iid,False,5
9,6,6001,16,160001,True,21,False,100,0.5478028847764859,0.32023022789508104,0.35759350509281684,0.23380741469910157,0.8947736787282604,1.5107350523105993,0.6715687876819139,0.18272743058240012,13,8,0.570087712549569,2500,OLS_iid,iid,False,5
9,6,6001,15,150001,True,19,False,100,0.6532913944757328,0.32506847102195024,0.37577495739836253,0.2517718815606509,1.1287049747959013,1.0318988009988885,0.6493817466759212,0.18947080046362175,13,8,0.570087712549569,2500,OLS_iid,iid,False,5
9,4,4001,28,280001,True,23,False,100,0.8304813982898618,0.5162494801916182,0.2602164805996296,0.17131002832821182,0.5785977536560573,0.7033677316918894,0.7814145086023935,0.18685856336075518,13,8,0.570087712549569,2500,OLS_iid,iid,False,5
9,5,5001,15,150001,True,21,False,100,0.6532913944757328,0.4650074769742787,0.2931993003184734,0.1921098210028781,0.8330559431719653,0.7404226514499608,0.7789614411743199,0.19196859853868592,13,8,0.570087712549569,2500,OLS_iid,iid,False,5
9,6,6001,1,10001,True,22,False,100,0.7952954463559883,0.4126950530335307,0.3616873832988465,0.23840171585166053,1.2212651428216121,0.922687318674194,0.6424191848831644,0.19650154301385048,13,8,0.570087712549569,2500,OLS_iid,iid,False,5
9,6,6001,22,220001,True,20,False,100,0.6775365161035468,0.3106961129233241,0.37559161427216936,0.259777184442331,0.8404778996064217,1.1491072087901528,0.4949048383143184,0.19116993100039012,13,8,0.570087712549569,2500,OLS_iid,iid,False,5
9,4,4001,15,150001,True,39,False,100,0.6532913944757328,0.6025753812864423,0.1129723937195241,0.08156147261368513,0.22682092010506735,0.49158606698378127,0.8744754861029623,0.18401442084881373,13,8,0.570087712549569,2500,OLS_iid,iid,False,5
9,6,6001,24,240001,True,21,False,100,0.8573263233675178,0.2994086197577417,0.3562475878935433,0.24234261756782974,0.9534093571888458,1.0353413037684347,0.6178745836009905,0.18289306145346362,13,8,0.570087712549569,2500,OLS_iid,iid,False,5
9,3,3001,5,50001,True,43,False,100,0.5603261707165156,0.7960800318978727,0.2860892186141486,0.1781177435084806,0.757176677970033,0.7670378771920996,0.7346927164291,0.18135086721903998,13,8,0.570087712549569,2500,OLS_iid,iid,False,5
9,6,6001,3,30001,True,19,False,100,0.6506048500087855,0.42867240915074944,0.35137254329858897,0.24020229210499294,1.1522900298600423,1.029481171899818,0.6353237337132903,0.1848170414715033,13,8,0.570087712549569,2500,OLS_iid,iid,False,5
9,6,6001,27,270001,True,19,False,100,0.5937458092218517,0.2904144390486181,0.29318061374734417,0.1888391247310454,0.8102783774851707,0.7274610590710233,0.7764932790636665,0.18336919500754412,13,8,0.570087712549569,2500,OLS_iid,iid,False,5
9,6,6001,29,290001,True,20,False,100,0.45909267645915386,0.2603477528318763,0.3723156375241421,0.2517447169596314,1.0140947028646423,0.975415536532349,0.6663692866595536,0.1817740207698626,13,8,0.570087712549569,2500,OLS_iid,iid,False,5
9,6,6001,26,260001,True,22,False,100,0.5627541537636492,0.29385247314348817,0.35256011281579797,0.23450960843129856,0.7213794113596322,0.9179491148669214,0.6759389255418891,0.18631786360752992,13,8,0.570087712549569,2500,OLS_iid,iid,False,5
9,4,4001,21,210001,True,21,False,100,0.5411518247151154,0.5827174037694931,0.371064419973566,0.25435840125951037,0.8659321188503748,0.9962610631640321,0.6541143341859258,0.18152055643689738,13,8,0.570087712549569,2500,OLS_iid,iid,False,5
9,5,5001,8,80001,True,25,False,100,0.7378021846205323,0.5249292333610356,0.24276895246492994,0.1686288111190124,0.5394597641444824,0.629919354201304,0.8039516623048238,0.18992518402418793,13,8,0.570087712549569,2500,OLS_iid,iid,False,5
9,6,6001,4,40001,True,19,False,100,0.5471739269525809,0.44281692896038294,0.36167677888716415,0.2439782662537893,0.998411517189603,1.0307391713841803,0.6380524965103362,0.18398758289707592,13,8,0.570087712549569,2500,OLS_iid,iid,False,5
9,4,4001,22,220001,True,20,False,100,0.6775365161035468,0.5964554781094193,0.3315796622570288,0.2244307694007106,1.2446997017271153,1.0541106512049958,0.6576695142995378,0.18316825390177083,13,8,0.570087712549569,2500,OLS_iid,iid,False,5
9,3,3001,8,80001,True,48,False,100,0.7378021846205323,0.8018049681559205,0.21243777248494755,0.14370485253376097,0.5696085654071674,0.6141052279499287,0.81129578874065,0.1861296266550713,13,8,0.570087712549569,2500,OLS_iid,iid,False,5
9,3,3001,29,290001,True,18,False,100,0.45909267645915386,0.6854983791708946,0.2960997596649603,0.18785128549701208,0.7472168592545186,0.7676040223779664,0.7476286890829243,0.18430088778887727,13,8,0.570087712549569,2500,OLS_iid,iid,False,5
9,5,5001,18,180001,True,25,False,100,0.7280983049752222,0.5015740441158414,0.3681766464632401,0.25181394074311514,0.8081538930687153,1.0790407038795227,0.6254367030548068,0.1864202529936228,13,8,0.570087712549569,2500,OLS_iid,iid,False,5
9,5,5001,20,200001,True,21,False,100,0.5199905400817861,0.49589815735816956,0.2687154378629923,0.1614839020126143,0.8160208577180376,0.7344684666775694,0.7724970424235382,0.18777993033889237,13,8,0.570087712549569,2500,OLS_iid,iid,False,5
9,3,3001,12,120001,True,59,False,100,0.5047990305552702,0.8044303869828582,0.11481402981599574,0.08843020095027126,0.26451012576152994,0.45340157897667005,0.8948516549598663,0.1870591119823311,13,8,0.570087712549569,2500,OLS_iid,iid,False,5
9,7,7001,4,40001,True,20,False,100,0.5471739269525809,0.2769897738471627,0.3246194385361933,0.21615166411063716,1.1050635685011398,0.893033532890753,0.6866247033143691,0.18491246843394807,13,8,0.570087712549569,2500,OLS_iid,iid,False,5
9,2,2001,24,240001,True,55,False,100,0.8573263233675178,0.870505175087601,0.15109558460975342,0.10677993377369442,0.45741544182357585,0.5430830942265514,0.8493598432779303,0.18763829941915225,13,8,0.570087712549569,2500,OLS_iid,iid,False,5
9,7,7001,1,10001,True,25,False,100,0.7952954463559883,0.29551056027412415,0.3122398655202775,0.19601863058855462,1.1068651425526344,1.7701271811724022,0.6937334632133973,0.19209875627471792,13,8,0.570087712549569,2500,OLS_iid,iid,False,5
9,5,5001,28,280001,True,20,False,100,0.8304813982898618,0.49353531608358026,0.33878185848133513,0.2240038999219782,1.038085085791767,0.9551149758987039,0.656192094636159,0.1833120057772636,13,8,0.570087712549569,2500,OLS_iid,iid,False,5
9,7,7001,0,1,True,21,False,100,0.6390713786786839,0.3056043330579996,0.3392058390913635,0.23002829283948276,0.6977093652460866,0.8064043460471921,0.7429608778900854,0.18624061959127197,13,8,0.570087712549569,2500,OLS_iid,iid,False,5
9,6,6001,6,60001,True,22,False,100,0.6355162989249991,0.4620173699222505,0.331236906843594,0.22097767371568372,0.7750236032103256,0.8258207066438309,0.7344065609758824,0.18359842818563044,13,8,0.570087712549569,2500,OLS_iid,iid,False,5
9,5,5001,5,50001,True,43,False,100,0.5603261707165156,0.5818835920654237,0.24448711655551927,0.1537257990926561,0.7829902924548237,0.606803435865038,0.8228842822855991,0.18231795678542695,13,8,0.570087712549569,2500,OLS_iid,iid,False,5
9,3,3001,15,150001,True,45,False,100,0.6532913944757328,0.8073219740763307,0.12251976758733489,0.08989413014670997,0.26167772209931395,0.5124066094097718,0.8690362342659823,0.18394236928239383,13,8,0.570087712549569,2500,OLS_iid,iid,False,5
9,7,7001,10,100001,True,19,False,100,0.6718206347998593,0.2772809718735516,0.2820262649981217,0.17467676722559256,0.7183078383326397,0.7830213278520164,0.7125993064063059,0.1802080639897077,13,8,0.570087712549569,2500,OLS_iid,iid,False,5
9,6,6001,20,200001,True,22,False,100,0.5199905400817861,0.39774056803435087,0.36675754153302087,0.249399139418473,1.1081314102850723,1.3404637155728998,0.5621135631401496,0.1837051116372661,13,8,0.570087712549569,2500,OLS_iid,iid,False,5
9,6,6001,25,250001,True,24,False,100,0.7621655752320462,0.37605844577774405,0.328885032534212,0.21552784414869966,1.1389265411016387,0.8849091555822872,0.6795975900748997,0.18461226795190758,13,8,0.570087712549569,2500,OLS_iid,iid,False,5
9,6,6001,14,140001,True,20,False,100,0.5661545048139004,0.4460139540024102,0.3321971162484701,0.21973747491075402,1.0932733230365164,0.9851272807153861,0.7144623850750447,0.19060832752516513,13,8,0.570087712549569,2500,OLS_iid,iid,False,5
9,6,6001,11,110001,True,21,False,100,0.5452943238107938,0.4629768328741193,0.2634006515844175,0.17491332508019353,0.6105523046938008,0.6917482027683977,0.7983308099206026,0.18106894869988419,13,8,0.570087712549569,2500,OLS_iid,iid,False,5
9,7,7001,20,200001,True,20,False,100,0.5199905400817861,0.26836615102365613,0.3284461210051413,0.22161773897479092,1.1003083057141732,1.0379110463526176,0.5194330882659658,0.1879530112017528,13,8,0.570087712549569,2500,OLS_iid,iid,False,5
9,5,5001,25,250001,True,37,False,100,0.7621655752320462,0.5306725879199803,0.08146861542381123,0.06469939106961678,0.19341720084473463,0.46953741694508117,0.8851384295905933,0.1820378754742658,13,8,0.570087712549569,2500,OLS_iid,iid,False,5
9,6,6001,19,190001,True,20,False,100,0.4448255876713577,0.4181682402268052,0.2960103770534806,0.19426131341782948,0.7333576656013758,0.7799793607643667,0.7446153559792252,0.1848464414691905,13,8,0.570087712549569,2500,OLS_iid,iid,False,5
9,1,1001,12,120001,True,46,False,100,0.5047990305552702,1.072810417972505,0.11815973835768089,0.087702703427954,0.26434904505726164,0.45037333123907075,0.8961797755591878,0.18558463910823353,13,8,0.570087712549569,2500,OLS_iid,iid,False,5
9,7,7001,7,70001,True,21,False,100,0.5246864878925127,0.3100222279317677,0.34989068230294706,0.22855414242292119,1.085472052294033,0.9464817234606944,0.6966671180860282,0.1793648601052341,13,8,0.570087712549569,2500,OLS_iid,iid,False,5
9,7,7001,22,220001,True,22,False,100,0.6775365161035468,0.268945116084069,0.27363292150499313,0.18701516307254668,0.632188443800771,0.7298382796970012,0.772170260739504,0.190927488103633,13,8,0.570087712549569,2500,OLS_iid,iid,False,5
9,6,6001,10,100001,True,19,False,100,0.6718206347998593,0.48702866584062576,0.29516869846708016,0.19107692185213204,0.7727453251225412,0.8103931454872211,0.7198844469095291,0.18617767231948334,13,8,0.570087712549569,2500,OLS_iid,iid,False,5
9,7,7001,3,30001,True,23,False,100,0.6506048500087855,0.3391048018820584,0.17011663510932176,0.12192835585188504,0.4418265722231699,0.526876620570423,0.8615724391629502,0.18032887464530278,13,8,0.570087712549569,2500,OLS_iid,iid,False,5
9,7,7001,8,80001,True,21,False,100,0.7378021846205323,0.33256823336705565,0.3674130049173809,0.250752546445817,1.168045422934405,1.2198176579372033,0.5028892694036263,0.1863810863893983,13,8,0.570087712549569,2500,OLS_iid,iid,False,5
9,5,5001,2,20001,True,30,False,100,0.5694174310539274,0.653669754974544,0.20469921292991827,0.13776010362964478,0.5116680881647963,0.6256837183440775,0.8066789731455596,0.18627773675203826,13,8,0.570087712549569,2500,OLS_iid,iid,False,5
9,4,4001,5,50001,True,61,False,100,0.5603261707165156,0.7685363050550222,0.16879045147136856,0.11666598161946412,0.42628687584583236,0.5118647244112582,0.8719077757830935,0.18775060779666194,13,8,0.570087712549569,2500,OLS_iid,iid,False,5
9,0,1,17,170001,True,92,False,100,0.34956139265708774,1.2585198180750012,0.11698043245440191,0.08950040341861872,0.2637371642461683,0.4371140149909645,0.9021293049736997,0.18108548263094168,13,8,0.570087712549569,2500,OLS_iid,iid,False,5
9,1,1001,5,50001,True,87,False,100,0.5603261707165156,1.152679649181664,0.09933470623383092,0.07697068706895006,0.21472226005941347,0.43836657569554727,0.900444513581615,0.18459533946800263,13,8,0.570087712549569,2500,OLS_iid,iid,False,5
9,7,7001,5,50001,True,21,False,100,0.5603261707165156,0.3675286923535168,0.35919574487349426,0.22935970925495042,0.9323782523622265,0.9324350682932558,0.7031569485322281,0.18413738980514177,13,8,0.570087712549569,2500,OLS_iid,iid,False,5
9,7,7001,19,190001,True,25,False,100,0.4448255876713577,0.32832113606855273,0.2785100454977888,0.1734651234230837,0.9160014130265239,0.7370830353189306,0.7846152185708488,0.1804218750389989,13,8,0.570087712549569,2500,OLS_iid,iid,False,5
9,6,6001,13,130001,True,22,False,100,0.6584203205589951,0.5061332476325333,0.20035467092606637,0.13787324847111587,0.4691035049308282,0.6840548167709584,0.7720656919985288,0.18932002711909057,13,8,0.570087712549569,2500,OLS_iid,iid,False,5
9,6,6001,21,210001,True,22,False,100,0.5411518247151154,0.46336850989609957,0.35001126703691676,0.23729846573836078,0.8415467172818952,0.9032318968595852,0.6714335232228614,0.1833817893518213,13,8,0.570087712549569,2500,OLS_iid,iid,False,5
9,2,2001,1,10001,True,69,False,100,0.7952954463559883,1.0494464789517224,0.08504371974563206,0.06612863810228004,0.1862239180665336,0.5338048098941188,0.8465048927892789,0.19179249588627897,13,8,0.570087712549569,2500,OLS_iid,iid,False,5
9,5,5001,17,170001,True,48,False,100,0.34956139265708774,0.6334143429994583,0.09750670790492284,0.07973991627726608,0.19763332247526363,0.42521960800522485,0.9065723549496773,0.18274297847630863,13,8,0.570087712549569,2500,OLS_iid,iid,False,5
9,8,8001,0,1,True,22,False,100,0.6390713786786839,0.30638143606483936,0.3270286640584307,0.2261600511698631,0.7475612350122007,0.8706105609067006,0.6810254393768965,0.18092867879513186,13,8,0.570087712549569,2500,OLS_iid,iid,False,5
9,7,7001,6,60001,True,20,False,100,0.6355162989249991,0.39588861213997006,0.3930558407167083,0.26891287472581493,0.8905298977862951,1.1426046525771172,0.5986669935686718,0.18168737494196566,13,8,0.570087712549569,2500,OLS_iid,iid,False,5
9,7,7001,14,140001,True,19,False,100,0.5661545048139004,0.3780193608254194,0.35477220170181617,0.23725939444845145,1.2650400489718345,0.9881547895960865,0.6618234050696223,0.18317149029858357,13,8,0.570087712549569,2500,OLS_iid,iid,False,5
9,6,6001,2,20001,True,25,False,100,0.5694174310539274,0.6056753168813884,0.32258063358716915,0.21540692414891238,1.2832762827225106,0.9663145698886753,0.6299032915398376,0.18813066333937417,13,8,0.570087712549569,2500,OLS_iid,iid,False,5
9,4,4001,25,250001,True,54,False,100,0.7621655752320462,0.7396773179061711,0.10266423002286677,0.07968928715627954,0.24163010749590033,0.48030914752581566,0.882080440257063,0.18363440493667907,13,8,0.570087712549569,2500,OLS_iid,iid,False,5
9,3,3001,23,230001,True,66,False,100,0.5698607146438263,0.8789095799438655,0.09590733533978653,0.07181700366076951,0.2062425539179439,0.4590506214816966,0.8930322652835536,0.17996301799501807,13,8,0.570087712549569,2500,OLS_iid,iid,False,5
9,6,6001,18,180001,True,20,False,100,0.7280983049752222,0.5282143768854439,0.39580700880887687,0.2756107961045381,0.9476835154902687,1.2038048354484427,0.5050344130748589,0.18984119899428598,13,8,0.570087712549569,2500,OLS_iid,iid,False,5
9,6,6001,8,80001,True,28,False,100,0.7378021846205323,0.5960875111632049,0.2911054760522956,0.1920307382435188,0.8479752036433866,0.7384336847676988,0.7476749163845935,0.18936914119335244,13,8,0.570087712549569,2500,OLS_iid,iid,False,5
9,6,6001,28,280001,True,24,False,100,0.8304813982898618,0.45286715077236295,0.3188468327626393,0.20783054266172118,0.9675751831372515,0.9187081559932189,0.6339192546947896,0.19031280215907143,13,8,0.570087712549569,2500,OLS_iid,iid,False,5
9,4,4001,29,290001,True,51,False,100,0.45909267645915386,0.7409769780933857,0.11085035664337133,0.08316947258112223,0.2604349422061044,0.444987608728769,0.8991518905768859,0.18074444912163468,13,8,0.570087712549569,2500,OLS_iid,iid,False,5
9,8,8001,11,110001,True,19,False,100,0.5452943238107938,0.2719983817078173,0.3645817966939731,0.24715704452812914,1.0661684814516645,0.9727495314051973,0.6648083552368413,0.1817876511952624,13,8,0.570087712549569,2500,OLS_iid,iid,False,5
9,8,8001,9,90001,True,20,False,100,0.4781193988631633,0.27946273470297456,0.3509363688884884,0.23326140003342904,0.9283470406980617,0.917652168692521,0.7070797012135385,0.18476196483947716,13,8,0.570087712549569,2500,OLS_iid,iid,False,5
9,8,8001,3,30001,True,19,False,100,0.6506048500087855,0.3322044559754431,0.3293376678000128,0.22742882655747124,0.8606904443596408,0.8651433015456567,0.6819054800850703,0.18201981531876144,13,8,0.570087712549569,2500,OLS_iid,iid,False,5
9,8,8001,6,60001,True,20,False,100,0.6355162989249991,0.3084868900477886,0.34661342437590353,0.2310834058858876,0.9658181104786464,0.8344024691744821,0.7161835983287647,0.18413243158239642,13,8,0.570087712549569,2500,OLS_iid,iid,False,5
9,3,3001,0,1,True,82,False,100,0.6390713786786839,1.0256990427151322,0.14013385594510935,0.10658522475339013,0.2818715266426798,0.4912853149682555,0.8824231890506531,0.18084840878749783,13,8,0.570087712549569,2500,OLS_iid,iid,False,5
9,5,5001,1,10001,True,46,False,100,0.7952954463559883,0.7594690956175327,0.1034983003966166,0.07601268241861839,0.23670018809653837,0.5387828608321441,0.8457966202230637,0.18669063272842168,13,8,0.570087712549569,2500,OLS_iid,iid,False,5
9,7,7001,15,150001,True,19,False,100,0.6532913944757328,0.4232420208863914,0.3870770974293791,0.25577523075677894,0.981099145667965,1.0719931324853376,0.6473519627931694,0.18191613737279827,13,8,0.570087712549569,2500,OLS_iid,iid,False,5
9,7,7001,27,270001,True,20,False,100,0.5937458092218517,0.3737013442441821,0.3410022153671215,0.22584993029225614,0.9082932579045503,0.8650030711979773,0.6972571868585343,0.18356944637520564,13,8,0.570087712549569,2500,OLS_iid,iid,False,5
9,7,7001,26,260001,True,22,False,100,0.5627541537636492,0.3765284917317331,0.3489676936592651,0.22947234054194932,0.8630187515115048,0.9695585089161258,0.6600650444669129,0.18398469522115943,13,8,0.570087712549569,2500,OLS_iid,iid,False,5
9,0,1,19,190001,True,86,False,100,0.4448255876713577,1.3399284980259836,0.12175247595743438,0.08216586524666815,0.2996381880931993,0.46410996681703365,0.8889445237305015,0.1790698242177256,13,8,0.570087712549569,2500,OLS_iid,iid,False,5
9,7,7001,2,20001,True,22,False,100,0.5694174310539274,0.47747364081442356,0.31333172342540555,0.2044608944709663,0.8272284725131935,0.8264726722137004,0.7003001919894185,0.18608052208325251,13,8,0.570087712549569,2500,OLS_iid,iid,False,5
9,7,7001,28,280001,True,31,False,100,0.8304813982898618,0.3875845968723297,0.33389808476462896,0.22098213261283223,1.2029943123006548,0.7871075330588669,0.7263156766611898,0.19322838601319306,13,8,0.570087712549569,2500,OLS_iid,iid,False,5
9,2,2001,19,190001,True,68,False,100,0.4448255876713577,1.0930839399807155,0.1294799619992956,0.0864143029168622,0.32400125846466815,0.4663223105247494,0.8890701637892228,0.18016529218079835,13,8,0.570087712549569,2500,OLS_iid,iid,False,5
9,7,7001,11,110001,True,34,False,100,0.5452943238107938,0.45930565102025867,0.1873905116747522,0.12455923642194094,0.4502399578652301,0.555176379353079,0.8509855439733955,0.1847143066415976,13,8,0.570087712549569,2500,OLS_iid,iid,False,5
9,7,7001,9,90001,True,21,False,100,0.4781193988631633,0.46052057202905416,0.3371209896472603,0.22317491234099585,1.0952963453763997,0.9584482931954783,0.7155467068164743,0.18857298306838485,13,8,0.570087712549569,2500,OLS_iid,iid,False,5
9,2,2001,7,70001,True,76,False,100,0.5246864878925127,1.1385949780233204,0.10691819378870109,0.0836544867027659,0.25774901592113286,0.43772210748492063,0.9018508676419063,0.18070150990066305,13,8,0.570087712549569,2500,OLS_iid,iid,False,5
9,2,2001,14,140001,True,52,False,100,0.5661545048139004,1.1254060100764036,0.2447196299747231,0.14915648492146621,0.6713725794071455,0.6620337873385002,0.7829137633477861,0.18560395207811153,13,8,0.570087712549569,2500,OLS_iid,iid,False,5
9,5,5001,9,90001,True,54,False,100,0.4781193988631633,0.7719210679642856,0.1299898718990041,0.09011364466282425,0.3389953360590238,0.4556320889540214,0.8942881893658058,0.18228592728264834,13,8,0.570087712549569,2500,OLS_iid,iid,False,5
9,8,8001,16,160001,True,21,False,100,0.5478028847764859,0.2954750107601285,0.4008444760927715,0.27081192700649415,1.044872186535571,1.105018492505437,0.6255101902974449,0.18009946105970012,13,8,0.570087712549569,2500,OLS_iid,iid,False,5
9,2,2001,12,120001,True,88,False,100,0.5047990305552702,1.1419239221140742,0.09750981914979301,0.07453319655652392,0.20934759944204376,0.43959786988040045,0.9015197655633242,0.18208904227776201,13,8,0.570087712549569,2500,OLS_iid,iid,False,5
9,1,1001,19,190001,True,86,False,100,0.4448255876713577,1.2246470311656594,0.076968014961135,0.06356828417813441,0.15795175764370906,0.428446795273544,0.9055294780663494,0.17805922829128618,13,8,0.570087712549569,2500,OLS_iid,iid,False,5
9,2,2001,29,290001,True,64,False,100,0.45909267645915386,1.0903218020685017,0.10071650566510248,0.07496516577210581,0.2555712016109175,0.44244277985787145,0.8996433764154675,0.1810657481308739,13,8,0.570087712549569,2500,OLS_iid,iid,False,5
9,7,7001,13,130001,True,36,False,100,0.6584203205589951,0.4958421275950968,0.22624567824548328,0.14689748388566434,0.5823410947945128,0.7067121246748533,0.7528746409951904,0.18994268069349024,13,8,0.570087712549569,2500,OLS_iid,iid,False,5
9,8,8001,12,120001,True,24,False,100,0.5047990305552702,0.3604976967908442,0.24690789120978482,0.15809288924066095,0.7134642069860981,0.6262821567668395,0.8167659266154621,0.18658739065686913,13,8,0.570087712549569,2500,OLS_iid,iid,False,5
9,8,8001,13,130001,True,24,False,100,0.6584203205589951,0.3555937251076102,0.35167663527776083,0.240098520013204,1.130118124813937,1.1495131796134344,0.625476265718828,0.18580726286182803,13,8,0.570087712549569,2500,OLS_iid,iid,False,5
9,8,8001,20,200001,True,21,False,100,0.5199905400817861,0.30257093580439687,0.36006853609432826,0.2429460791415092,0.8823335511485756,0.9974062567546308,0.6509751620526023,0.18917911470128285,13,8,0.570087712549569,2500,OLS_iid,iid,False,5
9,4,4001,26,260001,True,61,False,100,0.5627541537636492,0.8558501889929175,0.18108775076573264,0.1243873770952008,0.46048704213867403,0.5664750985218746,0.8382304727077654,0.18421864540485866,13,8,0.570087712549569,2500,OLS_iid,iid,False,5
9,2,2001,0,1,True,76,False,100,0.6390713786786839,1.1967800771817565,0.10123447316427879,0.07814668502876508,0.23243775981148826,0.44976175733298784,0.8954979137082704,0.17877544551644156,13,8,0.570087712549569,2500,OLS_iid,iid,False,5
9,6,6001,5,50001,True,59,False,100,0.5603261707165156,0.7284875148907304,0.07803083074955469,0.06300312720045914,0.16639252126218138,0.43187714511243425,0.9035061326288579,0.18397720733987885,13,8,0.570087712549569,2500,OLS_iid,iid,False,5
9,8,8001,19,190001,True,23,False,100,0.4448255876713577,0.3251195210032165,0.25389127954820306,0.15536320505463247,0.7311618279905046,0.668921004834631,0.8031721806054458,0.18481429248895662,13,8,0.570087712549569,2500,OLS_iid,iid,False,5
9,8,8001,7,70001,True,20,False,100,0.5246864878925127,0.4214267651550472,0.3022174932645735,0.19060758608234446,0.7385892294256822,0.7334525017371316,0.7753386909637527,0.18269617214190093,13,8,0.570087712549569,2500,OLS_iid,iid,False,5
9,8,8001,4,40001,True,19,False,100,0.5471739269525809,0.436641997192055,0.38135810733640557,0.2635650775832253,1.0933805331022615,1.0722083922443735,0.6792012008306584,0.18405807385354675,13,8,0.570087712549569,2500,OLS_iid,iid,False,5
9,8,8001,23,230001,True,20,False,100,0.5698607146438263,0.3164617968723178,0.33463566968932756,0.22340091104734852,0.8167658225829828,0.8434541269370575,0.708139951856501,0.18228930832483473,13,8,0.570087712549569,2500,OLS_iid,iid,False,5
9,8,8001,15,150001,True,26,False,100,0.6532913944757328,0.36093305284157395,0.25245909873036854,0.15402809692350866,0.75383917317502,0.6593794012945189,0.8018828675829061,0.18388850229493206,13,8,0.570087712549569,2500,OLS_iid,iid,False,5
9,6,6001,12,120001,True,39,False,100,0.5047990305552702,0.7000383059494197,0.23156263184022308,0.14341291122748473,0.7675891866643534,0.6053291021364882,0.8226501125139292,0.1834680147227039,13,8,0.570087712549569,2500,OLS_iid,iid,False,5
9,7,7001,12,120001,True,37,False,100,0.5047990305552702,0.5386726660653949,0.29373440344883306,0.18623597036390097,0.9532024932331145,0.7329500480715555,0.7666424314845157,0.18225639557363296,13,8,0.570087712549569,2500,OLS_iid,iid,False,5
9,7,7001,16,160001,True,22,False,100,0.5478028847764859,0.5406481907702982,0.20379810419566777,0.12468682724289376,0.6180425827806747,0.5521736709306525,0.8467991446002854,0.1807221898565436,13,8,0.570087712549569,2500,OLS_iid,iid,False,5
10,0,1,3,30001,True,17,False,100,0.4345652210863855,0.20453693578019738,0.24365889366920537,0.1384579136814536,0.8431757030534099,0.6682749739723449,0.7907240105306342,0.21289084427194913,13,8,0.570087712549569,2500,OLS_iid,iid,False,5
9,9,9001,2,20001,True,22,False,100,0.5694174310539274,0.31891965912654996,0.28478691598334155,0.17392238227361126,1.2042366856738043,0.7212621525193921,0.7360657494929084,0.1878330920230179,13,8,0.570087712549569,2500,OLS_iid,iid,False,5
9,7,7001,18,180001,True,27,False,100,0.7280983049752222,0.5403921534307301,0.17125442530790053,0.11990777424866583,0.37184258475503124,0.5860806518858895,0.8264891487048993,0.18543855044086782,13,8,0.570087712549569,2500,OLS_iid,iid,False,5
9,3,3001,16,160001,True,72,False,100,0.5478028847764859,1.094409331213683,0.12531928814716617,0.08793669972588453,0.2613409085473413,0.46596604581494894,0.8880484756616687,0.18437285574721785,13,8,0.570087712549569,2500,OLS_iid,iid,False,5
10,0,1,2,20001,True,18,False,100,0.5694174310539274,0.21661539189517498,0.30226440259407406,0.1818815232064358,0.9336383630334487,0.9404441161127345,0.6721628259744036,0.2207611085027913,13,8,0.570087712549569,2500,OLS_iid,iid,False,5
9,8,8001,8,80001,True,22,False,100,0.7378021846205323,0.4584352383390069,0.3045591496137421,0.19909057269421748,1.072885072530927,0.8479224685446152,0.7095497081693685,0.18204550382828155,13,8,0.570087712549569,2500,OLS_iid,iid,False,5
9,8,8001,2,20001,True,24,False,100,0.5694174310539274,0.49765889532864094,0.32735813387102475,0.22066860862285761,0.8132282757249445,0.8806306242094307,0.6658629393491572,0.18582975551074174,13,8,0.570087712549569,2500,OLS_iid,iid,False,5
9,9,9001,6,60001,True,22,False,100,0.6355162989249991,0.31734614120796323,0.2849516872983605,0.17283932795978157,0.8128687560635024,0.7361395238569194,0.7686319009226366,0.1875905542302179,13,8,0.570087712549569,2500,OLS_iid,iid,False,5
9,9,9001,1,10001,True,24,False,100,0.7952954463559883,0.33671057084575295,0.3326820905608385,0.22123091686902205,0.876215598414405,0.8987972160052683,0.6331401875350481,0.1912550764973606,13,8,0.570087712549569,2500,OLS_iid,iid,False,5
9,8,8001,26,260001,True,20,False,100,0.5627541537636492,0.35999291110783815,0.3346792996017895,0.21767895221311248,0.9185043022125153,0.9104165105991788,0.6807736280958664,0.18787174715621036,13,8,0.570087712549569,2500,OLS_iid,iid,False,5
10,0,1,4,40001,True,19,False,100,0.32711411102733673,0.2246598289348185,0.2986861029707187,0.18369661775043983,0.8961561569095849,0.9028981228613167,0.7250356830702068,0.2208746192843401,13,8,0.570087712549569,2500,OLS_iid,iid,False,5
9,9,9001,16,160001,True,21,False,100,0.5478028847764859,0.291119443718344,0.3464097984140468,0.2269293499867087,0.8581900836005695,0.8330121757869513,0.7446634663666418,0.18351720633320825,13,8,0.570087712549569,2500,OLS_iid,iid,False,5
9,8,8001,21,210001,True,21,False,100,0.5411518247151154,0.36800078907981515,0.35095066628036764,0.23679230216318542,0.867859925829599,0.8735126939026385,0.7033569761822164,0.1847064642186147,13,8,0.570087712549569,2500,OLS_iid,iid,False,5
9,8,8001,17,170001,True,18,False,100,0.34956139265708774,0.4013958596624434,0.2917541445174083,0.18988732125243268,0.6623875899554865,0.7319884117357599,0.7620691207626359,0.18299949366412857,13,8,0.570087712549569,2500,OLS_iid,iid,False,5
10,0,1,11,110001,True,19,False,100,0.4534722227045135,0.1969694742001593,0.24898896561305567,0.15108985855762305,0.6399216200075846,0.7309836385725266,0.7516733047769204,0.2211005168114712,13,8,0.570087712549569,2500,OLS_iid,iid,False,5
10,0,1,5,50001,True,19,False,100,0.5603261707165156,0.23807548498734832,0.3074886752119896,0.18905385531319882,1.185555014084592,1.0062018249377698,0.6806565001933967,0.21910392747714263,13,8,0.570087712549569,2500,OLS_iid,iid,False,5
9,7,7001,24,240001,True,41,False,100,0.8573263233675178,0.5389373740181327,0.13326213233138232,0.10538350023519955,0.2775300167231755,0.5172067016659163,0.8566835707198766,0.18241017123852774,13,8,0.570087712549569,2500,OLS_iid,iid,False,5
9,4,4001,20,200001,True,72,False,100,0.5199905400817861,0.956413310021162,0.1815484655475982,0.12624249744388855,0.3735160232341073,0.5499770034976097,0.8481964713705944,0.18653122176191855,13,8,0.570087712549569,2500,OLS_iid,iid,False,5
9,4,4001,17,170001,True,61,False,100,0.34956139265708774,0.9685096750035882,0.2641014865517661,0.16206399040409042,0.8494287695356613,0.654826327723141,0.7990888197869882,0.1871923257931695,13,8,0.570087712549569,2500,OLS_iid,iid,False,5
9,7,7001,25,250001,True,29,False,100,0.7621655752320462,0.5424069771543145,0.26950512091392853,0.17217608233474938,0.7426672452681262,0.7229813855043039,0.769169683719553,0.18367608540273428,13,8,0.570087712549569,2500,OLS_iid,iid,False,5
9,8,8001,28,280001,True,23,False,100,0.8304813982898618,0.37699101911857724,0.21933735983410355,0.14365308307875263,0.5672903684251261,0.6656654272166054,0.7856566499511968,0.18732612263752604,13,8,0.570087712549569,2500,OLS_iid,iid,False,5
9,9,9001,9,90001,True,21,False,100,0.4781193988631633,0.3449396067298949,0.3493750088532466,0.22846106142057612,1.1505311575845718,0.968139002307818,0.695521488040343,0.18047302541611313,13,8,0.570087712549569,2500,OLS_iid,iid,False,5
10,0,1,8,80001,True,21,False,100,0.7378021846205323,0.23664449574425817,0.20741193353003426,0.1384706996872547,0.5037432228447043,0.7186842822668997,0.7731961047203296,0.2228134960131315,13,8,0.570087712549569,2500,OLS_iid,iid,False,5
9,9,9001,17,170001,True,20,False,100,0.34956139265708774,0.3135915300808847,0.3464680347411752,0.2370736699732502,0.8048161711817907,0.8721565304021074,0.7282508571432216,0.17426114747457322,13,8,0.570087712549569,2500,OLS_iid,iid,False,5
9,8,8001,29,290001,True,19,False,100,0.45909267645915386,0.3815776640549302,0.3407485894474929,0.21583419263842613,1.030131697968747,0.8847607155656059,0.6989555145851591,0.18370798494239057,13,8,0.570087712549569,2500,OLS_iid,iid,False,5
10,0,1,14,140001,True,18,False,100,0.5661545048139004,0.2176513341255486,0.24111904785438934,0.14065268638983336,0.6765816085379995,0.7531704700802361,0.7627157689178157,0.21784424706844602,13,8,0.570087712549569,2500,OLS_iid,iid,False,5
9,9,9001,15,150001,True,24,False,100,0.6532913944757328,0.3404235620982945,0.08846762863393982,0.07094217283939651,0.19787479198421093,0.4789243553225948,0.883651862273505,0.18153754089674634,13,8,0.570087712549569,2500,OLS_iid,iid,False,5
9,6,6001,9,90001,True,50,False,100,0.4781193988631633,0.8088635527528822,0.11636360747421076,0.08396377535825013,0.26087483853051907,0.4457748894560635,0.8997022623182794,0.18577774447893589,13,8,0.570087712549569,2500,OLS_iid,iid,False,5
10,0,1,0,1,True,25,False,100,0.6390713786786839,0.28158682817593217,0.122032830801588,0.08276453879105304,0.34019965501656485,0.5090168936478592,0.8717031787418038,0.21906013948206027,13,8,0.570087712549569,2500,OLS_iid,iid,False,5
9,9,9001,22,220001,True,20,False,100,0.6775365161035468,0.3223114521242678,0.28739600214184147,0.1896368193450548,0.8005625790220818,0.7849916602170661,0.7367882918776496,0.18019647954759058,13,8,0.570087712549569,2500,OLS_iid,iid,False,5
9,5,5001,4,40001,True,51,False,100,0.5471739269525809,0.944629950914532,0.13263168562829247,0.09695474029135222,0.32403586334327605,0.47432772151603697,0.8852795509838756,0.18330319122558242,13,8,0.570087712549569,2500,OLS_iid,iid,False,5
9,8,8001,27,270001,True,19,False,100,0.5937458092218517,0.421948220115155,0.3526045482257862,0.2375664770261374,1.1022266754523264,0.9239298054905168,0.6955051953899987,0.17991308051428026,13,8,0.570087712549569,2500,OLS_iid,iid,False,5
9,9,9001,27,270001,True,20,False,100,0.5937458092218517,0.3241887278854847,0.32074283832735784,0.20127508178503223,0.9543885273157375,0.8474416277299565,0.6842505475351959,0.18964971595950783,13,8,0.570087712549569,2500,OLS_iid,iid,False,5
10,0,1,20,200001,True,20,False,100,0.5199905400817861,0.22955819126218557,0.199503371743775,0.12185736443016812,0.5859932976728882,0.6266591633189286,0.815145539770591,0.21508576978948732,13,8,0.570087712549569,2500,OLS_iid,iid,False,5
9,8,8001,22,220001,True,21,False,100,0.6775365161035468,0.4330524350516498,0.23974217606744558,0.1639270907035449,0.5752505775822759,0.7154943969788259,0.7611916175396001,0.1912429866983166,13,8,0.570087712549569,2500,OLS_iid,iid,False,5
10,0,1,26,260001,True,19,False,100,0.5627541537636492,0.21276610204949975,0.31767202834888125,0.19443491646114366,1.1170671734760584,0.9961391532747793,0.6753059428657457,0.21881011487227256,13,8,0.570087712549569,2500,OLS_iid,iid,False,5
10,0,1,15,150001,True,20,False,100,0.6532913944757328,0.2540324106812477,0.19416434578983904,0.11480434668053133,0.5045080518174708,0.5792272120762317,0.8338152755953395,0.21981974324478384,13,8,0.570087712549569,2500,OLS_iid,iid,False,5
9,8,8001,18,180001,True,21,False,100,0.7280983049752222,0.4624505168758333,0.33277125762079446,0.20854200106216192,1.1271886856519227,0.8436471159278304,0.69667714909242,0.186365676481438,13,8,0.570087712549569,2500,OLS_iid,iid,False,5
9,8,8001,25,250001,True,21,False,100,0.7621655752320462,0.44051913684234023,0.3667813642132843,0.24765849690515032,1.0218822604608124,0.8706883434766616,0.7080455859410677,0.1849224150015694,13,8,0.570087712549569,2500,OLS_iid,iid,False,5
9,9,9001,18,180001,True,25,False,100,0.7280983049752222,0.37039093021303415,0.33973332857140787,0.22772810232336177,0.9412002376597829,0.9869363224691883,0.5378015454197257,0.18683838722713636,13,8,0.570087712549569,2500,OLS_iid,iid,False,5
9,7,7001,17,170001,True,34,False,100,0.34956139265708774,0.652309765573591,0.2941339851796338,0.19196308318137859,0.8206983231917675,0.7355944868335372,0.7669959944448453,0.1789850069378635,13,8,0.570087712549569,2500,OLS_iid,iid,False,5
9,9,9001,7,70001,True,19,False,100,0.5246864878925127,0.41331364773213863,0.33605669709431996,0.21969470519555462,0.8755612419257272,0.9124327913535806,0.6899745835153809,0.18239906605674533,13,8,0.570087712549569,2500,OLS_iid,iid,False,5
10,0,1,18,180001,True,20,False,100,0.7280983049752222,0.2643237607553601,0.270516131584613,0.15520249008211165,0.744167883548913,0.8217751194173243,0.7075610749834255,0.223066407248964,13,8,0.570087712549569,2500,OLS_iid,iid,False,5
9,8,8001,24,240001,True,21,False,100,0.8573263233675178,0.461125907022506,0.27630980759134716,0.16610285094232197,0.985778967017348,0.7036812930604868,0.7660210749387444,0.18714941023930987,13,8,0.570087712549569,2500,OLS_iid,iid,False,5
9,9,9001,13,130001,True,30,False,100,0.6584203205589951,0.40613101283088326,0.3273336088107467,0.22302616996975733,0.8120024007286648,0.8461790078818935,0.6818047487656017,0.19245616882690356,13,8,0.570087712549569,2500,OLS_iid,iid,False,5
9,9,9001,21,210001,True,21,False,100,0.5411518247151154,0.3804506827145815,0.35838097569479144,0.2600276652057261,0.7317356476461377,0.9159799006093844,0.6684837097615787,0.18213615644720832,13,8,0.570087712549569,2500,OLS_iid,iid,False,5
10,0,1,13,130001,True,20,False,100,0.5677230449105167,0.29109311383217573,0.054622589300569326,0.05032950734795039,0.09857021207173751,0.43166882449542054,0.9028917230083667,0.2156808449606826,13,8,0.570087712549569,2500,OLS_iid,iid,False,5
10,0,1,23,230001,True,19,False,100,0.2801670759747659,0.2551110228523612,0.2817494728361521,0.16570035862363858,0.685088606247379,0.7697679109266273,0.7545046181272306,0.21603939974906722,13,8,0.570087712549569,2500,OLS_iid,iid,False,5
9,9,9001,28,280001,True,23,False,100,0.8304813982898618,0.36038448801264167,0.20666388266745517,0.1343961182655243,0.4669008040389922,0.6525760147858398,0.7782410831515187,0.19042580716129856,13,8,0.570087712549569,2500,OLS_iid,iid,False,5
8,9,9001,25,250001,True,108,False,100,0.7621655752320462,1.7392426440492272,0.1594810862266549,0.1244206966355162,0.2723128970221457,0.490789952800233,0.8765476137457128,0.14981906424770797,13,8,0.570087712549569,2500,OLS_iid,iid,False,5
9,9,9001,0,1,True,22,False,100,0.6390713786786839,0.4694447428919375,0.3355231235715599,0.2176503380687489,0.9101381485329828,7.715497398306633,0.6711489541271802,0.18346529305722936,13,8,0.570087712549569,2500,OLS_iid,iid,False,5
10,0,1,19,190001,True,22,False,100,0.4448255876713577,0.29068071814253926,0.05094510117103418,0.04200633194367305,0.12466570016402898,0.3966525742970961,0.9186492730903116,0.2165145595665265,13,8,0.570087712549569,2500,OLS_iid,iid,False,5
9,5,5001,23,230001,True,73,False,100,0.5698607146438263,0.9611212126910686,0.11062151500537304,0.08019243869534114,0.28145855685217935,0.46003836422928684,0.8898129879259586,0.17707111660389427,13,8,0.570087712549569,2500,OLS_iid,iid,False,5
10,1,1001,0,1,True,18,False,100,0.6390713786786839,0.2675277669914067,0.3284639737867058,0.20185749584835883,0.9305827367823123,1.0402412241983836,0.6213297996812833,0.22089319475530975,13,8,0.570087712549569,2500,OLS_iid,iid,False,5
10,1,1001,1,10001,True,20,False,100,0.781094886713299,0.2686626478098333,0.1972450748372837,0.11350362419230967,0.6330286143677342,0.6827462368784838,0.7982337918142992,0.21722509415331678,13,8,0.570087712549569,2500,OLS_iid,iid,False,5
9,9,9001,8,80001,True,23,False,100,0.7378021846205323,0.4736385797150433,0.3028195078259772,0.20158629180346882,0.8415430529526393,0.8477388313669862,0.7180498913338967,0.18673331710072535,13,8,0.570087712549569,2500,OLS_iid,iid,False,5
10,1,1001,8,80001,True,21,False,100,0.7378021846205323,0.2471443652175367,0.07488086109843668,0.06305714812012869,0.14880058888266637,0.5203735967245081,0.8538430791563769,0.22545121186176803,13,8,0.570087712549569,2500,OLS_iid,iid,False,5
10,1,1001,7,70001,True,18,False,100,0.2558789635973784,0.25673153111711144,0.26211521660654236,0.15839189695441264,0.7311080408937592,0.7343985813914387,0.7643791747431034,0.216890262964189,13,8,0.570087712549569,2500,OLS_iid,iid,False,5
10,1,1001,22,220001,True,18,False,100,0.3908236145136817,0.19908700697124004,0.2981509004757803,0.18601609218265092,0.8959914713999627,0.9157813217461103,0.6830876420172495,0.21708662943377943,13,8,0.570087712549569,2500,OLS_iid,iid,False,5
10,0,1,6,60001,True,19,False,100,0.14772923374098243,0.3911659698933363,0.3143734325420888,0.18952897166572946,0.8597106521220234,0.9383415550332531,0.6895377401301769,0.22335406582054138,13,8,0.570087712549569,2500,OLS_iid,iid,False,5
9,9,9001,25,250001,True,24,False,100,0.7621655752320462,0.44735066406428814,0.2727027477181016,0.1834547442741685,0.6227992909037435,0.7200641517010078,0.7572882192265211,0.18239623585394849,13,8,0.570087712549569,2500,OLS_iid,iid,False,5
10,0,1,21,210001,True,18,False,100,0.4827392144993206,0.34240931598469615,0.3554956710667004,0.22424518357282627,1.1007424149911702,1.2291500126738528,0.5319869667071037,0.22358030204915777,13,8,0.570087712549569,2500,OLS_iid,iid,False,5
9,9,9001,10,100001,True,19,False,100,0.6718206347998593,0.49941361974924803,0.3448049438087106,0.21802307445500385,0.9051327642844035,0.8657678256851267,0.70279766890423,0.18646583871650355,13,8,0.570087712549569,2500,OLS_iid,iid,False,5
10,0,1,27,270001,True,20,False,100,0.5754744049649864,0.3279735492542386,0.24063557547022574,0.1460114756173539,0.5709756577686405,0.7423300044105551,0.7426019500200813,0.22145677633426758,13,8,0.570087712549569,2500,OLS_iid,iid,False,5
9,5,5001,6,60001,True,57,False,100,0.6355162989249991,1.0705172051675618,0.11268009089777936,0.08373118203007521,0.28915650788300756,0.4791626652006203,0.883658912870295,0.1914722897747155,13,8,0.570087712549569,2500,OLS_iid,iid,False,5
9,9,9001,3,30001,True,19,False,100,0.6506048500087855,0.526202252600342,0.32318659381948567,0.22876371547052848,0.715617629801168,0.759389267012865,0.7664042558593475,0.18489513015315226,13,8,0.570087712549569,2500,OLS_iid,iid,False,5
10,0,1,22,220001,True,19,False,100,0.3908236145136817,0.35149863734841347,0.21008107227974449,0.13303226118686323,0.6070849887313537,0.6100380270168332,0.8297846443092625,0.21868425080833795,13,8,0.570087712549569,2500,OLS_iid,iid,False,5
10,1,1001,14,140001,True,21,False,100,0.5661545048139004,0.2599254259839654,0.09338002921740049,0.06732925029388094,0.229696058201579,0.49462264596123817,0.8738250473982618,0.22015521066016278,13,8,0.570087712549569,2500,OLS_iid,iid,False,5
10,2,2001,0,1,True,17,False,100,0.6390713786786839,0.2045991849154234,0.23508556357961533,0.13285846297474826,0.761797025627123,0.6726847564726737,0.7888803174749857,0.21903845895083027,13,8,0.570087712549569,2500,OLS_iid,iid,False,5
10,0,1,7,70001,True,20,False,100,0.2558789635973784,0.41226281598210335,0.08725120174095226,0.06555527175976272,0.17304024858975375,0.4150047098713589,0.9115307882385806,0.22099863365528782,13,8,0.570087712549569,2500,OLS_iid,iid,False,5
10,1,1001,26,260001,True,20,False,100,0.5627541537636492,0.22127426601946354,0.25841012982655776,0.15211010039698253,0.691665173021367,0.7588527734881291,0.7551636427273319,0.22003724670308603,13,8,0.570087712549569,2500,OLS_iid,iid,False,5
9,5,5001,11,110001,True,76,False,100,0.5452943238107938,1.0712360497564077,0.08937999913843758,0.07096249979866794,0.18898360159273045,0.44459373314504846,0.8974001699780534,0.18260862288858784,13,8,0.570087712549569,2500,OLS_iid,iid,False,5
10,1,1001,27,270001,True,17,False,100,0.5754744049649864,0.23308325419202447,0.3041528324330614,0.1724251433372172,0.813403889690776,1.0951541232539224,0.678561326783424,0.22347279671704168,13,8,0.570087712549569,2500,OLS_iid,iid,False,5
10,2,2001,10,100001,True,18,False,100,0.6718206347998593,0.2104315389879048,0.21543412185330976,0.12014997306083307,0.7633839082081473,0.6817484968919052,0.7761417863871083,0.22256658147862635,13,8,0.570087712549569,2500,OLS_iid,iid,False,5
10,1,1001,9,90001,True,23,False,100,0.4021297030478624,0.3118036640807986,0.09086952944407127,0.06176890839434124,0.24761206703172536,0.43718693452758145,0.9040256242512942,0.21769290150144624,13,8,0.570087712549569,2500,OLS_iid,iid,False,5
9,8,8001,14,140001,True,38,False,100,0.5661545048139004,0.6411332720890641,0.08666358138740218,0.07077480031237143,0.17979584962855263,0.46437854270062207,0.8868277249267683,0.1893996918851016,13,8,0.570087712549569,2500,OLS_iid,iid,False,5
10,2,2001,6,60001,True,19,False,100,0.14772923374098243,0.2248731181025505,0.26435006205316447,0.1591596780619213,0.7164450527572765,0.7334879949784234,0.7697418417840775,0.22068171604918999,13,8,0.570087712549569,2500,OLS_iid,iid,False,5
10,0,1,10,100001,True,20,False,100,0.6718206347998593,0.43051571398973465,0.3074065607630496,0.1895863682506054,0.9069879161824348,0.8558377989277046,0.6966888748202864,0.22478577295875665,13,8,0.570087712549569,2500,OLS_iid,iid,False,5
10,1,1001,10,100001,True,20,False,100,0.6718206347998593,0.3346412368118763,0.0830343661392562,0.060469379214367264,0.2076232961308395,0.49645056128454385,0.8746841167828118,0.22363723685028516,13,8,0.570087712549569,2500,OLS_iid,iid,False,5
10,2,2001,12,120001,True,19,False,100,0.4526435842227972,0.23133023781701922,0.2597938972550537,0.155313856830359,0.742634204513389,0.7608649226623013,0.740819594043332,0.21995607096900516,13,8,0.570087712549569,2500,OLS_iid,iid,False,5
10,1,1001,19,190001,True,23,False,100,0.4448255876713577,0.2975640441291034,0.20428129342262108,0.11710685922873441,0.6254265062471261,0.5978588875175,0.8370363784330066,0.21732167885333425,13,8,0.570087712549569,2500,OLS_iid,iid,False,5
10,2,2001,21,210001,True,18,False,100,0.4827392144993206,0.21782821230590343,0.25951760761024556,0.15967810910997463,0.6498999241302973,0.743274888523943,0.7664661463385568,0.2165067565619046,13,8,0.570087712549569,2500,OLS_iid,iid,False,5
10,1,1001,17,170001,True,25,False,100,0.34956139265708774,0.30772776575759053,0.07252445492631057,0.058926321015458034,0.16817738484390543,0.41898385035178975,0.9092359745936346,0.21617536230249854,13,8,0.570087712549569,2500,OLS_iid,iid,False,5
10,1,1001,25,250001,True,19,False,100,0.7621655752320462,0.27761318907141685,0.2388143232199773,0.13791440453835288,0.6530152655534925,0.687945127975622,0.7681975617437321,0.22192433618887397,13,8,0.570087712549569,2500,OLS_iid,iid,False,5
10,0,1,16,160001,True,20,False,100,0.29627203221708387,0.4296075510792434,0.19345058082890335,0.1082506250212444,0.5862895624690134,0.556515698944529,0.8507530039255232,0.2189328179506646,13,8,0.570087712549569,2500,OLS_iid,iid,False,5
10,2,2001,14,140001,True,21,False,100,0.5661545048139004,0.24738533282652497,0.13341217539300987,0.08523221696180065,0.38407114715170476,0.5454874516169697,0.8562967984117096,0.21592231989565444,13,8,0.570087712549569,2500,OLS_iid,iid,False,5
10,3,3001,1,10001,True,17,False,100,0.781094886713299,0.19693932402879,0.2062196171962274,0.12284452601625066,0.5736367445726308,0.7574571524856903,0.7126977584097275,0.22372063403969145,13,8,0.570087712549569,2500,OLS_iid,iid,False,5
9,6,6001,0,1,True,71,False,100,0.6390713786786839,1.0706220450811088,0.10564545605803753,0.08390760376793235,0.20027531226145484,0.4624126680411659,0.8893815125767788,0.18346545236955086,13,8,0.570087712549569,2500,OLS_iid,iid,False,5
10,1,1001,5,50001,True,17,False,100,0.5603261707165156,0.3794329799711704,0.28751247547733316,0.16976519937651569,0.7466593615030337,0.8066945028965051,0.7329487653552708,0.2206226770480912,13,8,0.570087712549569,2500,OLS_iid,iid,False,5
10,2,2001,8,80001,True,23,False,100,0.7378021846205323,0.2714918269775808,0.27070707559205226,0.1654738737498144,0.8400273709190267,0.9491881422365913,0.6471442958584056,0.22033305909073925,13,8,0.570087712549569,2500,OLS_iid,iid,False,5
9,8,8001,1,10001,True,49,False,100,0.7952954463559883,0.7854305040091276,0.2924626900949644,0.18116589226483196,1.2171500457115525,0.7381228978463488,0.7564243586789298,0.19146778582401494,13,8,0.570087712549569,2500,OLS_iid,iid,False,5
10,2,2001,22,220001,True,17,False,100,0.3908236145136817,0.24294148804619908,0.2886110901058888,0.18599233870615856,0.6945039081223501,0.8126951967941992,0.7293383051954111,0.21812269969945827,13,8,0.570087712549569,2500,OLS_iid,iid,False,5
10,2,2001,13,130001,True,18,False,100,0.5677230449105167,0.2700450881384313,0.06450119159745545,0.054902708507242166,0.13264580774945975,0.44169729946517694,0.8982896984732446,0.21655631315400492,13,8,0.570087712549569,2500,OLS_iid,iid,False,5
10,1,1001,11,110001,True,18,False,100,0.4534722227045135,0.3584003131836653,0.24315750839151645,0.14754996202602438,0.6172940398166618,0.6788964832480708,0.7992175308907369,0.22007884643426795,13,8,0.570087712549569,2500,OLS_iid,iid,False,5
10,2,2001,9,90001,True,20,False,100,0.4021297030478624,0.27642648899927735,0.19707493255233224,0.11141520324511668,0.5807589850217196,0.591908043448628,0.8360804061164125,0.21331699970045764,13,8,0.570087712549569,2500,OLS_iid,iid,False,5
10,3,3001,0,1,True,18,False,100,0.6390713786786839,0.21829807944595814,0.34588326276234055,0.21326304034799054,1.06268043811137,1.0850961202181117,0.5810741235315023,0.21826664075167226,13,8,0.570087712549569,2500,OLS_iid,iid,False,5
10,1,1001,3,30001,True,19,False,100,0.4345652210863855,0.40772486105561256,0.1486945242760672,0.0926553792142203,0.44660633477789297,0.5076546015232685,0.8724355903347375,0.22280158337022585,13,8,0.570087712549569,2500,OLS_iid,iid,False,5
9,9,9001,29,290001,True,20,False,100,0.45909267645915386,0.5388730643317103,0.34442105274368995,0.22404393743213089,1.1364697514255822,0.9305472025389856,0.6828466649348874,0.18729920361640906,13,8,0.570087712549569,2500,OLS_iid,iid,False,5
10,0,1,28,280001,True,22,False,100,0.8304813982898618,0.43311764393001795,0.28277347829590344,0.1695268077824189,0.8508017357827738,0.9421001747473552,0.6635820423008708,0.22431998864338465,13,8,0.570087712549569,2500,OLS_iid,iid,False,5
9,9,9001,19,190001,True,45,False,100,0.4448255876713577,0.5761851849965751,0.26447101781135796,0.15910678393254254,0.8601486938282542,0.664105878583969,0.7800435174149698,0.18762532940345167,13,8,0.570087712549569,2500,OLS_iid,iid,False,5
10,3,3001,2,20001,True,18,False,100,0.5694174310539274,0.21843781787902117,0.35363669181165336,0.22311717890274618,1.0695868845199157,1.3620180981040544,0.38125952472091623,0.2185099257416458,13,8,0.570087712549569,2500,OLS_iid,iid,False,5
8,7,7001,21,210001,True,100,False,100,0.7431400910314013,2.241468611638993,0.190600249065077,0.13284760306399068,0.4316315039482872,0.5382033552565331,0.854211537675377,0.1452757337107924,13,8,0.570087712549569,2500,OLS_iid,iid,False,5
10,1,1001,18,180001,True,26,False,100,0.7280983049752222,0.357722579035908,0.2257208993826561,0.13943859247188922,0.5571614673656555,0.8146959966822095,0.7325493212683805,0.22314457058009152,13,8,0.570087712549569,2500,OLS_iid,iid,False,5
10,2,2001,15,150001,True,22,False,100,0.6532913944757328,0.28695992613211274,0.33604195407849724,0.2034048294988879,1.0701035661308875,1.0817957765200437,0.6477078970830403,0.21847932039164672,13,8,0.570087712549569,2500,OLS_iid,iid,False,5
10,1,1001,21,210001,True,19,False,100,0.4827392144993206,0.3536795098334551,0.07975923290901794,0.06223014132789076,0.2226394974302258,0.41705547739476484,0.910452790974738,0.21944686976327712,13,8,0.570087712549569,2500,OLS_iid,iid,False,5
10,3,3001,14,140001,True,17,False,100,0.5661545048139004,0.20116945076733828,0.31612148321556827,0.19108654144321852,1.211995712830618,0.9972397361356569,0.6321259943589735,0.21781716465919668,13,8,0.570087712549569,2500,OLS_iid,iid,False,5
10,2,2001,1,10001,True,22,False,100,0.781094886713299,0.3287922418676317,0.2544377664608537,0.14319276588059607,0.9787013984803427,0.7234076561242926,0.7543022196206217,0.22521463938573488,13,8,0.570087712549569,2500,OLS_iid,iid,False,5
9,6,6001,23,230001,True,78,False,100,0.5698607146438263,1.00146903982386,0.15347528194559415,0.1063551031933623,0.35636336535005503,0.5027486285577558,0.8737500900056823,0.1845661841914115,13,8,0.570087712549569,2500,OLS_iid,iid,False,5
10,0,1,12,120001,True,19,False,100,0.4526435842227972,0.5084742698818445,0.3401222217485662,0.20753131066353006,0.8411047782769715,0.9811392366563269,0.6687854969620087,0.2194678955824701,13,8,0.570087712549569,2500,OLS_iid,iid,False,5
10,0,1,1,10001,True,20,False,100,0.781094886713299,0.558404294308275,0.2614908475807763,0.14356491444465494,0.9783044280933515,0.7415613780790301,0.7457314638341516,0.21722347598510044,13,8,0.570087712549569,2500,OLS_iid,iid,False,5
9,7,7001,21,210001,True,68,False,100,0.5411518247151154,0.8725792090408504,0.1370435475221467,0.10278931997199871,0.2765854571232337,0.4725331337623659,0.8874641720053431,0.1855792278151053,13,8,0.570087712549569,2500,OLS_iid,iid,False,5
9,9,9001,26,260001,True,42,False,100,0.5627541537636492,0.5980283264070749,0.16188698832682233,0.10737077094749359,0.39501842197871556,0.5585278552679053,0.8440444690073552,0.18764986664061878,13,8,0.570087712549569,2500,OLS_iid,iid,False,5
10,1,1001,16,160001,True,19,False,100,0.29627203221708387,0.3915226957760751,0.2603406919877112,0.14653569783613668,0.7992983662581564,0.7207750366198372,0.7788856857820541,0.21953211556767938,13,8,0.570087712549569,2500,OLS_iid,iid,False,5
10,3,3001,11,110001,True,17,False,100,0.4534722227045135,0.22831588005647063,0.35829510376563856,0.22121740081123925,0.999584676908022,1.0813194120069964,0.6445286900103935,0.21613846000576278,13,8,0.570087712549569,2500,OLS_iid,iid,False,5
9,9,9001,11,110001,True,23,False,100,0.5452943238107938,0.6506539089605212,0.363566690623552,0.23714478982618065,1.0002723292561213,0.9199217820695523,0.7157506903459969,0.18708873765578743,13,8,0.570087712549569,2500,OLS_iid,iid,False,5
10,3,3001,10,100001,True,20,False,100,0.6718206347998593,0.23721852200105786,0.2908247498723352,0.17175793018402488,1.034342546745582,0.8156604374400898,0.7100916626147722,0.22074369549688708,13,8,0.570087712549569,2500,OLS_iid,iid,False,5
9,7,7001,23,230001,True,52,False,100,0.5698607146438263,0.8712842389941216,0.08340706718420643,0.06927680076600767,0.17432623262426758,0.44004012371607143,0.8994681251516993,0.18149049099990341,13,8,0.570087712549569,2500,OLS_iid,iid,False,5
9,5,5001,12,120001,True,71,False,100,0.5047990305552702,1.2231031730771065,0.1305672824538625,0.0906348238082586,0.35628000427961004,0.4576128941971894,0.8922127879213871,0.18246802605694612,13,8,0.570087712549569,2500,OLS_iid,iid,False,5
9,3,3001,6,60001,True,68,False,100,0.6355162989249991,1.5122581631876528,0.24014702101760646,0.15287293166102325,0.6067405412101737,0.6415565325032981,0.8110974149837884,0.19093114662951938,13,8,0.570087712549569,2500,OLS_iid,iid,False,5
10,2,2001,27,270001,True,18,False,100,0.5754744049649864,0.30785412387922406,0.2220113588874443,0.13456338459178388,0.6638953357918588,0.6262853924172976,0.8129534213266482,0.22317963377774985,13,8,0.570087712549569,2500,OLS_iid,iid,False,5
10,1,1001,2,20001,True,19,False,100,0.5694174310539274,0.49167421041056514,0.1802408415705704,0.11263618303684371,0.5067858699109322,0.5807697383226712,0.84494649904433,0.22219660128449736,13,8,0.570087712549569,2500,OLS_iid,iid,False,5
10,2,2001,2,20001,True,17,False,100,0.5694174310539274,0.38027095375582576,0.10832265892048844,0.07517544586493949,0.2725093554336197,0.4678210400093157,0.887634540508485,0.220132208683001,13,8,0.570087712549569,2500,OLS_iid,iid,False,5
10,2,2001,19,190001,True,17,False,100,0.4448255876713577,0.34649363486096263,0.2978596937527686,0.17585444857411042,1.0696245763602366,0.956887379029499,0.7182904335073029,0.21419521403798103,13,8,0.570087712549569,2500,OLS_iid,iid,False,5
10,3,3001,8,80001,True,20,False,100,0.7378021846205323,0.28342557419091463,0.1611235171500474,0.11094401962256353,0.36974253729729495,0.6551260159853409,0.8030677161185257,0.2244283917523842,13,8,0.570087712549569,2500,OLS_iid,iid,False,5
10,3,3001,22,220001,True,19,False,100,0.3908236145136817,0.22748031793162227,0.2918340163099132,0.18211001494418488,0.6889080115335279,0.7986771219249881,0.741783278733887,0.21956934343207368,13,8,0.570087712549569,2500,OLS_iid,iid,False,5
10,2,2001,28,280001,True,26,False,100,0.8304813982898618,0.3211374320089817,0.13456500933872,0.0845014505150525,0.3432176567600195,0.5979747426364126,0.8167921964979774,0.220937163452476,13,8,0.570087712549569,2500,OLS_iid,iid,False,5
10,4,4001,6,60001,True,16,False,100,0.14772923374098243,0.18886605743318796,0.35676251158280636,0.22124206845732516,0.9894064633250768,1.117557445363535,0.6252912654324434,0.2194358999284644,13,8,0.570087712549569,2500,OLS_iid,iid,False,5
10,0,1,17,170001,True,23,False,100,0.34956139265708774,0.5601585586555302,0.11849505443623179,0.08284196178464757,0.3063252986108359,0.4648791241475187,0.8911404697244668,0.2230118668591939,13,8,0.570087712549569,2500,OLS_iid,iid,False,5
10,3,3001,23,230001,True,20,False,100,0.2801670759747659,0.235692854039371,0.30976080926043753,0.18371393299948763,1.0077912227757406,0.9148031153640385,0.7094796175173999,0.2187165219478122,13,8,0.570087712549569,2500,OLS_iid,iid,False,5
9,9,9001,20,200001,True,32,False,100,0.5199905400817861,0.6827332298271358,0.11444471739092656,0.08283140371805388,0.27320689091451783,0.5175733952728776,0.8655189826906159,0.18707870808275615,13,8,0.570087712549569,2500,OLS_iid,iid,False,5
10,4,4001,4,40001,True,17,False,100,0.32711411102733673,0.20530621893703938,0.28867749052721137,0.1785968690001038,0.856922098196731,0.8430138859018416,0.7102449122336716,0.21193468019086603,13,8,0.570087712549569,2500,OLS_iid,iid,False,5
10,1,1001,4,40001,True,29,False,100,0.32711411102733673,0.5223508332856,0.07543193491297738,0.0589519250802705,0.17862121466451025,0.41275843327061396,0.9120545723528141,0.21766830472738274,13,8,0.570087712549569,2500,OLS_iid,iid,False,5
10,1,1001,13,130001,True,20,False,100,0.5677230449105167,0.4912428641691804,0.07774899508053397,0.06394879464461081,0.19631640687853982,0.4604990952066739,0.8928554384011372,0.2204106630621223,13,8,0.570087712549569,2500,OLS_iid,iid,False,5
10,1,1001,28,280001,True,22,False,100,0.8304813982898618,0.44092517299577594,0.13082504402142311,0.0883540228820421,0.34439664378774937,0.5782156746920312,0.8300475339256095,0.2257057106204059,13,8,0.570087712549569,2500,OLS_iid,iid,False,5
10,2,2001,17,170001,True,17,False,100,0.34956139265708774,0.39667121693491936,0.2993525443261534,0.1831437228049279,0.8054068468070025,0.8873796861284768,0.6895253786241944,0.2205334829431002,13,8,0.570087712549569,2500,OLS_iid,iid,False,5
9,4,4001,12,120001,True,89,False,100,0.5047990305552702,1.408882784191519,0.127751866275902,0.09148373237285493,0.33055265124605204,0.4534237923889327,0.8941705196275995,0.18595649845797926,13,8,0.570087712549569,2500,OLS_iid,iid,False,5
10,4,4001,3,30001,True,18,False,100,0.4345652210863855,0.23172212485224009,0.275246609559252,0.16411521524828343,0.7451746130555109,0.7907907366684902,0.7296751589135045,0.21873884518898826,13,8,0.570087712549569,2500,OLS_iid,iid,False,5
10,2,2001,11,110001,True,20,False,100,0.4534722227045135,0.42128979600965977,0.2976696646847502,0.1811295673768174,0.9953027121406279,0.9499870901762136,0.6766223846965325,0.21840403704204595,13,8,0.570087712549569,2500,OLS_iid,iid,False,5
10,2,2001,3,30001,True,18,False,100,0.4345652210863855,0.43984583066776395,0.26175379266827015,0.15419053130859475,0.881736198018504,0.7240952198641627,0.7706709958837229,0.2169909404080122,13,8,0.570087712549569,2500,OLS_iid,iid,False,5
10,4,4001,9,90001,True,18,False,100,0.4021297030478624,0.21318671805784106,0.16947312596362166,0.1029427329458614,0.4822200200593847,0.5199320616812625,0.8689013572046633,0.2197515454592533,13,8,0.570087712549569,2500,OLS_iid,iid,False,5
10,3,3001,24,240001,True,18,False,100,0.3222156882498047,0.27748756017535925,0.2802368381634565,0.168324447996186,0.8396287673107921,0.8077182238258676,0.7454818306956249,0.2202694432723545,13,8,0.570087712549569,2500,OLS_iid,iid,False,5
10,3,3001,28,280001,True,21,False,100,0.8304813982898618,0.2521607568487525,0.27898922771462403,0.16812341377681256,0.7405997486895063,0.9723047694263839,0.6020730552396486,0.22233793689679665,13,8,0.570087712549569,2500,OLS_iid,iid,False,5
10,3,3001,17,170001,True,29,False,100,0.34956139265708774,0.31554408464580774,0.11197010614537849,0.0798491793972776,0.3008757266966851,0.45548896288912943,0.894330581076809,0.22316579259645772,13,8,0.570087712549569,2500,OLS_iid,iid,False,5
10,3,3001,26,260001,True,23,False,100,0.5627541537636492,0.26307985093444586,0.13370143989947345,0.08548798968767822,0.3968070970998838,0.4906223756501848,0.8804962281364802,0.225335681994983,13,8,0.570087712549569,2500,OLS_iid,iid,False,5
10,3,3001,20,200001,True,18,False,100,0.5199905400817861,0.29651424288749695,0.2822319915380896,0.17123396122992462,0.7178553195913515,0.7890528270292197,0.7459360039377901,0.2205232416577578,13,8,0.570087712549569,2500,OLS_iid,iid,False,5
10,3,3001,18,180001,True,24,False,100,0.7280983049752222,0.3115006359294057,0.2524983548661609,0.14816445400560344,0.8699034854966493,0.795752318054524,0.7043997990666058,0.22128703655794188,13,8,0.570087712549569,2500,OLS_iid,iid,False,5
9,8,8001,10,100001,True,58,False,100,0.6718206347998593,0.8969381302595139,0.10247248660269967,0.07200203531895538,0.24130390979412902,0.48258421470203133,0.8770176218485977,0.18400450053991813,13,8,0.570087712549569,2500,OLS_iid,iid,False,5
10,4,4001,14,140001,True,18,False,100,0.5661545048139004,0.2131124292500317,0.25684484425731935,0.14868800999799828,0.9110502407481358,0.7693988574159419,0.7237062805388406,0.22081033572112083,13,8,0.570087712549569,2500,OLS_iid,iid,False,5
9,9,9001,12,120001,True,57,False,100,0.5047990305552702,0.7753032227046788,0.13884886156030204,0.10128853708738335,0.31060097096042927,0.4716214208523894,0.8876544355777283,0.1810872744513337,13,8,0.570087712549569,2500,OLS_iid,iid,False,5
10,4,4001,2,20001,True,23,False,100,0.5694174310539274,0.2785461721941829,0.2550598265101428,0.15165798998430935,0.857619058538266,0.7099448392643248,0.7694036968181625,0.22086822012530666,13,8,0.570087712549569,2500,OLS_iid,iid,False,5
10,3,3001,7,70001,True,16,False,100,0.2558789635973784,0.38253021612763405,0.3437679082376275,0.2099709085590337,0.9737675360013062,1.0959212982150859,0.6172918975868694,0.21867853219598757,13,8,0.570087712549569,2500,OLS_iid,iid,False,5
9,5,5001,19,190001,True,91,False,100,0.4448255876713577,1.3105230862274766,0.11433299393039918,0.07902566698415753,0.3047249363199166,0.4588259685416655,0.8926380973257868,0.18254621117810743,13,8,0.570087712549569,2500,OLS_iid,iid,False,5
10,2,2001,29,290001,True,19,False,100,0.45909267645915386,0.4068314367905259,0.2439616416406749,0.14429647498003156,0.661780236413541,0.7099459945642566,0.7624412697432325,0.21769158417846843,13,8,0.570087712549569,2500,OLS_iid,iid,False,5
10,0,1,29,290001,True,39,False,100,0.45909267645915386,0.6136589655652642,0.08444487252186522,0.06311586429159576,0.21564867927766238,0.43841983928843004,0.9009869067625481,0.22737897257700734,13,8,0.570087712549569,2500,OLS_iid,iid,False,5
10,2,2001,25,250001,True,23,False,100,0.7621655752320462,0.4384479518048465,0.33903737449650734,0.20628806175614972,1.1601779986355014,0.9523353523017422,0.6599635469807841,0.21974498414311952,13,8,0.570087712549569,2500,OLS_iid,iid,False,5
10,2,2001,18,180001,True,27,False,100,0.7280983049752222,0.4627821547910571,0.2545379239754167,0.14220948854018947,0.7415954720967299,0.781337085505624,0.7000176165191729,0.22534254434348294,13,8,0.570087712549569,2500,OLS_iid,iid,False,5
10,4,4001,15,150001,True,19,False,100,0.6532913944757328,0.2372882911004126,0.26355428084133703,0.15245949616134247,0.8423402869746067,0.7296306381825101,0.759982513185772,0.22167496111720147,13,8,0.570087712549569,2500,OLS_iid,iid,False,5
10,2,2001,26,260001,True,21,False,100,0.5627541537636492,0.43590901186689734,0.13924067679528146,0.08606604120528051,0.4453152887370892,0.4965018149723733,0.8790656789550937,0.22169162736435577,13,8,0.570087712549569,2500,OLS_iid,iid,False,5
10,0,1,25,250001,True,21,False,100,0.7621655752320462,0.6348438812419772,0.25012068686689787,0.1452563359005901,0.6874645580666072,0.7851338874768742,0.7128403234656289,0.22683241387234324,13,8,0.570087712549569,2500,OLS_iid,iid,False,5
10,4,4001,11,110001,True,24,False,100,0.4534722227045135,0.26829781057313085,0.15399890565615465,0.09050477497000113,0.5075915232907703,0.4980117534115029,0.8746460979449237,0.21610728665450124,13,8,0.570087712549569,2500,OLS_iid,iid,False,5
10,1,1001,12,120001,True,44,False,100,0.4526435842227972,0.5640891897492111,0.12042501372966012,0.0792694004866061,0.3314467577977952,0.46753686199511063,0.8880662746091404,0.2130003515482268,13,8,0.570087712549569,2500,OLS_iid,iid,False,5
10,4,4001,25,250001,True,18,False,100,0.7621655752320462,0.21432238863781095,0.2664127148400516,0.15451342149747843,0.8445192104937946,0.7520113140600516,0.73860996948615,0.21921291168129156,13,8,0.570087712549569,2500,OLS_iid,iid,False,5
9,6,6001,17,170001,True,98,False,100,0.34956139265708774,1.205911895725876,0.0902201504627773,0.07106537628318997,0.21461554679538233,0.4216405289016211,0.9079429003169721,0.18129523082697135,13,8,0.570087712549569,2500,OLS_iid,iid,False,5
10,5,5001,4,40001,True,18,False,100,0.32711411102733673,0.20115061197429895,0.24762249547235476,0.14820572076561328,0.7375238750023447,0.6884400336534098,0.7960147280570492,0.21725559150667414,13,8,0.570087712549569,2500,OLS_iid,iid,False,5
10,4,4001,29,290001,True,17,False,100,0.45909267645915386,0.20950576709583402,0.18573958435344548,0.10293591112519491,0.5661712406947328,0.5746579219179878,0.8358653206958974,0.2197534245184964,13,8,0.570087712549569,2500,OLS_iid,iid,False,5
10,4,4001,7,70001,True,17,False,100,0.2558789635973784,0.29503250401467085,0.28416200666848546,0.16949764336128254,0.8946616564161116,0.8119752631063974,0.743348322334541,0.22379075544105717,13,8,0.570087712549569,2500,OLS_iid,iid,False,5
9,7,7001,29,290001,True,69,False,100,0.45909267645915386,1.0135812261141837,0.11569049730915584,0.08076645722051888,0.2825272744442317,0.4720186930921689,0.8902067898665655,0.18270112105262673,13,8,0.570087712549569,2500,OLS_iid,iid,False,5
10,4,4001,12,120001,True,18,False,100,0.4526435842227972,0.2798854219727218,0.2854312718016788,0.1681019829886147,0.7237323685416205,0.7831071733700897,0.7446599030401128,0.2187321380945848,13,8,0.570087712549569,2500,OLS_iid,iid,False,5
10,3,3001,29,290001,True,19,False,100,0.45909267645915386,0.312037271913141,0.283844005921723,0.16788618507582748,0.8962783924004089,0.8762114868224398,0.6892401459855607,0.22269925086616904,13,8,0.570087712549569,2500,OLS_iid,iid,False,5
10,4,4001,21,210001,True,17,False,100,0.4827392144993206,0.23858099104836583,0.2713974218194594,0.1694424907859065,0.7412772841743518,0.7390700240155081,0.7625357636973901,0.22231490795666187,13,8,0.570087712549569,2500,OLS_iid,iid,False,5
10,3,3001,16,160001,True,16,False,100,0.29627203221708387,0.38646718580275774,0.31910216830903554,0.1911889484423663,1.0111771419931086,0.9862814148193566,0.6693037611528885,0.22066817431763666,13,8,0.570087712549569,2500,OLS_iid,iid,False,5
10,5,5001,13,130001,True,17,False,100,0.5677230449105167,0.18911518389359117,0.31385480959651113,0.1931116983316367,0.8975390618138706,0.9566928116056159,0.6407543764097062,0.22320289482193967,13,8,0.570087712549569,2500,OLS_iid,iid,False,5
10,1,1001,15,150001,True,50,False,100,0.6532913944757328,0.5756726902909577,0.10481142400702231,0.07055917906320654,0.2985547988909655,0.5029082581343051,0.8746501250203321,0.22051524075139808,13,8,0.570087712549569,2500,OLS_iid,iid,False,5
10,2,2001,5,50001,True,50,False,100,0.5603261707165156,0.5173804713413119,0.11855014328693984,0.07910837760179763,0.31630813276626535,0.47453838488125855,0.8876199440163318,0.2183112148869388,13,8,0.570087712549569,2500,OLS_iid,iid,False,5
10,2,2001,4,40001,True,25,False,100,0.32711411102733673,0.5201432500034571,0.23741949981183383,0.14302960103006254,0.7963094735920688,0.6475313876466552,0.8077192161568442,0.21673811219422887,13,8,0.570087712549569,2500,OLS_iid,iid,False,5
10,5,5001,0,1,True,20,False,100,0.6390713786786839,0.23473625117912889,0.11145549262079474,0.07678195608350712,0.29263269731054453,0.4840305160035025,0.8818018224505529,0.22079881220513717,13,8,0.570087712549569,2500,OLS_iid,iid,False,5
10,1,1001,6,60001,True,42,False,100,0.14772923374098243,0.6297574108466506,0.07811533534270887,0.06195249072847388,0.1887049042521372,0.3980491509645689,0.9187313787708927,0.21976248325539086,13,8,0.570087712549569,2500,OLS_iid,iid,False,5
10,5,5001,19,190001,True,18,False,100,0.4448255876713577,0.19798289611935616,0.23841686831397685,0.1408882028450209,0.5739405954396175,0.695149877336752,0.7793378167019321,0.22058707895868965,13,8,0.570087712549569,2500,OLS_iid,iid,False,5
10,3,3001,3,30001,True,24,False,100,0.4345652210863855,0.46113568684086204,0.06763829426230494,0.05548432899824108,0.14323694607216692,0.42208945874541154,0.9081085203867127,0.22131884461098647,13,8,0.570087712549569,2500,OLS_iid,iid,False,5
10,4,4001,8,80001,True,23,False,100,0.7378021846205323,0.33366302493959665,0.11140518919144561,0.07665444904781078,0.3353489694962741,0.5723809750330564,0.8345208375863429,0.22235378149611335,13,8,0.570087712549569,2500,OLS_iid,iid,False,5
10,3,3001,5,50001,True,19,False,100,0.5603261707165156,0.46015530498698354,0.09963682072210893,0.07283465677645085,0.2519218932841597,0.44706502337704546,0.89835138583411,0.22390346249129162,13,8,0.570087712549569,2500,OLS_iid,iid,False,5
10,3,3001,21,210001,True,29,False,100,0.4827392144993206,0.40407598903402686,0.23396875270034218,0.14199010266313106,0.6202229687504998,0.6807816984439325,0.7958497077816494,0.22090946649336649,13,8,0.570087712549569,2500,OLS_iid,iid,False,5
10,5,5001,1,10001,True,19,False,100,0.781094886713299,0.2772427210584283,0.09304723545243128,0.06286552680532996,0.24788910867196876,0.5366618124210709,0.8518984597640252,0.22325232487079458,13,8,0.570087712549569,2500,OLS_iid,iid,False,5
10,1,1001,20,200001,True,38,False,100,0.5199905400817861,0.6117021096870303,0.11018650960378519,0.0762453207843529,0.282812489506419,0.5059782785065067,0.8716702487243309,0.22127332496123558,13,8,0.570087712549569,2500,OLS_iid,iid,False,5
10,4,4001,18,180001,True,29,False,100,0.7280983049752222,0.3151678675785661,0.2513667725839564,0.13680585850254848,1.0050444579196907,0.7593189057137596,0.7099813766252132,0.22062485565934295,13,8,0.570087712549569,2500,OLS_iid,iid,False,5
10,3,3001,15,150001,True,23,False,100,0.6532913944757328,0.4550371044315398,0.17947516432155028,0.10361677471675802,0.5579966070281579,0.5828386760572363,0.8384517115581529,0.22160797723403403,13,8,0.570087712549569,2500,OLS_iid,iid,False,5
10,6,6001,6,60001,True,16,False,100,0.14772923374098243,0.17715434776619077,0.3506037393989674,0.21588149981056576,0.9103581693218646,1.114669707023982,0.6471751816894474,0.21781299953240404,13,8,0.570087712549569,2500,OLS_iid,iid,False,5
10,4,4001,13,130001,True,17,False,100,0.5677230449105167,0.34344256902113557,0.06961226422816341,0.05904264459546279,0.1734638489092596,0.45046441757724237,0.8948063552901634,0.22413445292592687,13,8,0.570087712549569,2500,OLS_iid,iid,False,5
10,0,1,24,240001,True,50,False,100,0.3222156882498047,0.7341228621080518,0.10331520171624813,0.074062822699116,0.2435302423678658,0.4329766995757973,0.9029071178063659,0.2149001383520016,13,8,0.570087712549569,2500,OLS_iid,iid,False,5
9,8,8001,5,50001,True,61,False,100,0.5603261707165156,1.07427864568308,0.055366305014832466,0.05032986356678858,0.11418725028912523,0.4175249952856601,0.9084751427966603,0.18081390351159732,13,8,0.570087712549569,2500,OLS_iid,iid,False,5
10,4,4001,5,50001,True,19,False,100,0.5603261707165156,0.4116542502306402,0.22736370451019464,0.1332830446069573,0.7479774612610679,0.6639126257954304,0.8005035717639707,0.22183258006739448,13,8,0.570087712549569,2500,OLS_iid,iid,False,5
10,3,3001,13,130001,True,29,False,100,0.5677230449105167,0.5032170410268009,0.14498704255330752,0.10032238270296705,0.3108958381763697,0.5173590280065491,0.8663448078948021,0.22018637113144413,13,8,0.570087712549569,2500,OLS_iid,iid,False,5
10,6,6001,1,10001,True,20,False,100,0.781094886713299,0.23043964430689812,0.15101779609911906,0.09344629069334072,0.41599216265201605,0.6259677769937363,0.8261354774598324,0.21931759272478535,13,8,0.570087712549569,2500,OLS_iid,iid,False,5
10,4,4001,1,10001,True,19,False,100,0.781094886713299,0.43455470306798816,0.2961676748435068,0.16448515896856183,0.9613095223370891,0.9399296303690766,0.706311126961292,0.2277312179210383,13,8,0.570087712549569,2500,OLS_iid,iid,False,5
10,6,6001,7,70001,True,18,False,100,0.2558789635973784,0.2132381978444755,0.3203990552738419,0.19674389039430976,0.8839200892190497,0.9731426741609871,0.6575219693901274,0.21482525865617758,13,8,0.570087712549569,2500,OLS_iid,iid,False,5
10,5,5001,29,290001,True,18,False,100,0.45909267645915386,0.24376798095181584,0.22224292865554596,0.13149000947671402,0.6019100676403479,0.6902752331649501,0.7763724460155966,0.22003312617836782,13,8,0.570087712549569,2500,OLS_iid,iid,False,5
10,5,5001,10,100001,True,18,False,100,0.6718206347998593,0.3123638997785747,0.2560581718795977,0.14971473386877043,0.7182123097144717,0.8001875965189656,0.7029989779023532,0.22247884949316582,13,8,0.570087712549569,2500,OLS_iid,iid,False,5
10,3,3001,27,270001,True,18,False,100,0.5754744049649864,0.4439797499217093,0.25600191634803116,0.15265309220556056,0.7529698528523098,0.7612224177181187,0.7355307040763762,0.22178444820577878,13,8,0.570087712549569,2500,OLS_iid,iid,False,5
10,3,3001,9,90001,True,32,False,100,0.4021297030478624,0.5311207943595946,0.06065578983538344,0.04811654665204807,0.1354953079931274,0.4084084375512574,0.9142011727701215,0.21794929719076261,13,8,0.570087712549569,2500,OLS_iid,iid,False,5
10,4,4001,20,200001,True,20,False,100,0.5199905400817861,0.37261087307706475,0.286814555313854,0.17354678192841846,0.9571797644205602,0.950134538205432,0.7111363513617008,0.2241378469117414,13,8,0.570087712549569,2500,OLS_iid,iid,False,5
10,4,4001,22,220001,True,16,False,100,0.3908236145136817,0.36306953709572554,0.27745596704887127,0.17432281182355908,0.8037651420623256,0.7710494132241377,0.7565773788991111,0.21724416095838764,13,8,0.570087712549569,2500,OLS_iid,iid,False,5
10,6,6001,10,100001,True,18,False,100,0.6718206347998593,0.21419003093615174,0.20591069983329915,0.12007883436127784,0.6831204894679368,0.646219207609663,0.8091786406081242,0.2209982495634038,13,8,0.570087712549569,2500,OLS_iid,iid,False,5
10,4,4001,10,100001,True,21,False,100,0.6718206347998593,0.43184324400499463,0.2538719920972977,0.14350170144176094,0.9471548130938459,0.7250862997013274,0.745700682349758,0.2240556467623016,13,8,0.570087712549569,2500,OLS_iid,iid,False,5
10,6,6001,15,150001,True,19,False,100,0.6532913944757328,0.22275669360533357,0.1575138310125588,0.09318795111193162,0.48095461289455244,0.5673642705991212,0.8439406294507323,0.2172671854501768,13,8,0.570087712549569,2500,OLS_iid,iid,False,5
10,4,4001,23,230001,True,17,False,100,0.2801670759747659,0.3900072476826608,0.289436305664402,0.16844327902326567,0.7897085681600947,0.8154319865586137,0.7276201661222353,0.21805297760101475,13,8,0.570087712549569,2500,OLS_iid,iid,False,5
10,6,6001,5,50001,True,21,False,100,0.5603261707165156,0.2574805747717619,0.2839732710965485,0.16633912109443516,1.0464780956755977,0.8465828428773768,0.7068403912472946,0.21897891572425332,13,8,0.570087712549569,2500,OLS_iid,iid,False,5
10,6,6001,21,210001,True,16,False,100,0.4827392144993206,0.20825371611863375,0.31593351484504895,0.19672211905707046,0.8069230075349743,0.8852139960039533,0.7168803387507786,0.21816926680218957,13,8,0.570087712549569,2500,OLS_iid,iid,False,5
10,3,3001,6,60001,True,49,False,100,0.14772923374098243,0.5757665089331567,0.11479560675778941,0.07805593715355354,0.29034126580089575,0.4411816762226431,0.9003513471207419,0.21706252089386288,13,8,0.570087712549569,2500,OLS_iid,iid,False,5
10,4,4001,19,190001,True,20,False,100,0.4448255876713577,0.41136613208800554,0.30952257719586684,0.21255455458417238,0.7686019706530788,0.9780077316947873,0.6451841871508291,0.22007558228849267,13,8,0.570087712549569,2500,OLS_iid,iid,False,5
10,4,4001,17,170001,True,17,False,100,0.34956139265708774,0.41167119005694985,0.313424217714654,0.18979884494415916,0.9633254996970316,0.9453719188666597,0.7032689361957355,0.2139079993791499,13,8,0.570087712549569,2500,OLS_iid,iid,False,5
10,7,7001,0,1,True,18,False,100,0.6390713786786839,0.18272511381655931,0.25267741490740386,0.15620716972318124,0.645847161466275,0.7298624855859993,0.7812381263388767,0.22022781470843947,13,8,0.570087712549569,2500,OLS_iid,iid,False,5
10,5,5001,18,180001,True,20,False,100,0.7280983049752222,0.34549675276502967,0.3284291895090052,0.2320420720707627,1.244491149008127,2.5727078837170527,0.49200100380896195,0.22438598667026632,13,8,0.570087712549569,2500,OLS_iid,iid,False,5
10,5,5001,8,80001,True,26,False,100,0.7378021846205323,0.37143921200186014,0.22734740108750043,0.13470437892116988,0.8191856715555662,0.7367722036032504,0.7356418404040475,0.2271037843168455,13,8,0.570087712549569,2500,OLS_iid,iid,False,5
10,5,5001,2,20001,True,17,False,100,0.5694174310539274,0.392267941031605,0.20751779751967056,0.12573766403038047,0.6381866795853894,0.6338931286651791,0.8087418113735069,0.22104410082343393,13,8,0.570087712549569,2500,OLS_iid,iid,False,5
10,5,5001,7,70001,True,16,False,100,0.2558789635973784,0.3865282852202654,0.2830081227653086,0.16866423621915325,0.7915055637181027,0.8238254513403792,0.7392464464330559,0.21699745805413195,13,8,0.570087712549569,2500,OLS_iid,iid,False,5
10,6,6001,2,20001,True,19,False,100,0.5694174310539274,0.29815694876015186,0.27969226280796833,0.16556418740208373,0.8602874236463481,0.8614873129890256,0.7357092513948423,0.22632981953664638,13,8,0.570087712549569,2500,OLS_iid,iid,False,5
10,7,7001,4,40001,True,18,False,100,0.32711411102733673,0.20098812319338322,0.3040460136406318,0.18691904922080008,1.086729398328758,0.9201074106518498,0.7163826862131785,0.21929901989386102,13,8,0.570087712549569,2500,OLS_iid,iid,False,5
10,7,7001,2,20001,True,19,False,100,0.5694174310539274,0.20324462512508035,0.2902411643773962,0.17412285783347484,0.9873161993965597,0.8065214230660569,0.7282895314144294,0.2202607292783645,13,8,0.570087712549569,2500,OLS_iid,iid,False,5
10,6,6001,17,170001,True,20,False,100,0.34956139265708774,0.2551796021871269,0.15316879346562587,0.09458842249740747,0.4038311335188943,0.5034914132045186,0.8726326257188667,0.22022612924947557,13,8,0.570087712549569,2500,OLS_iid,iid,False,5
10,5,5001,15,150001,True,17,False,100,0.6532913944757328,0.37084682704880834,0.29444776884066676,0.17014444612088755,0.8279876863356259,0.855069986440676,0.7251692749211075,0.22187518267354017,13,8,0.570087712549569,2500,OLS_iid,iid,False,5
10,2,2001,20,200001,True,53,False,100,0.5199905400817861,0.668558550067246,0.08022377836425143,0.062183488736621426,0.19722568294669662,0.46770248599002917,0.8873213551932014,0.22187039898090688,13,8,0.570087712549569,2500,OLS_iid,iid,False,5
10,1,1001,24,240001,True,45,False,100,0.3222156882498047,0.7397365276701748,0.0951781857054248,0.075943122972458,0.2093186491582302,0.41830233904314146,0.909591078124038,0.21698563904621615,13,8,0.570087712549569,2500,OLS_iid,iid,False,5
10,6,6001,0,1,True,20,False,100,0.6390713786786839,0.3207774539478123,0.20874802685568442,0.1292080021428136,0.5277684371767821,0.6854912034574417,0.7713455714437266,0.2169775040454794,13,8,0.570087712549569,2500,OLS_iid,iid,False,5
10,5,5001,11,110001,True,17,False,100,0.4534722227045135,0.3921325420960784,0.212929046565396,0.11886934842877503,0.6961769987641252,0.6327092249542794,0.8158477539794416,0.21234802711776396,13,8,0.570087712549569,2500,OLS_iid,iid,False,5
10,4,4001,27,270001,True,18,False,100,0.5754744049649864,0.4233911298215389,0.16465573537256753,0.10157684634893226,0.4903546865659852,0.5275230179655811,0.8583261241034918,0.2209902401547327,13,8,0.570087712549569,2500,OLS_iid,iid,False,5
10,5,5001,14,140001,True,18,False,100,0.5661545048139004,0.3868046230636537,0.23157017674710773,0.13278276205143322,0.8090756390740447,0.6686814234929348,0.7776505374904538,0.22288019423539054,13,8,0.570087712549569,2500,OLS_iid,iid,False,5
10,7,7001,5,50001,True,18,False,100,0.5603261707165156,0.21781018190085888,0.3634752746967339,0.2232801969702108,1.0024654071058667,1.1208133799134103,0.6135026447507167,0.21916147498258978,13,8,0.570087712549569,2500,OLS_iid,iid,False,5
10,5,5001,16,160001,True,16,False,100,0.29627203221708387,0.3938012490980327,0.3442941392987662,0.20929245501097032,1.0552249877832334,1.0741872950369507,0.6679258854143226,0.22030600158054858,13,8,0.570087712549569,2500,OLS_iid,iid,False,5
10,5,5001,25,250001,True,31,False,100,0.7621655752320462,0.3563111489638686,0.1796169550896438,0.1037436365007726,0.5974118618877555,0.5951596673439682,0.827145704794476,0.22189844256062888,13,8,0.570087712549569,2500,OLS_iid,iid,False,5
10,5,5001,9,90001,True,20,False,100,0.4021297030478624,0.4176112739369273,0.25690522259244875,0.150798182649478,0.6446687693830173,0.75902051876745,0.7591352807931285,0.2161172315684643,13,8,0.570087712549569,2500,OLS_iid,iid,False,5
10,6,6001,25,250001,True,21,False,100,0.7621655752320462,0.2552825720049441,0.16457305531410765,0.09984209881349745,0.47593183379740894,0.5704761097460928,0.8401861359980601,0.22309705998179796,13,8,0.570087712549569,2500,OLS_iid,iid,False,5
10,7,7001,12,120001,True,20,False,100,0.4526435842227972,0.23308532312512398,0.21899844325641893,0.13971882032097757,0.4560970771856684,0.5940616083591629,0.8326679242985913,0.2165635763940316,13,8,0.570087712549569,2500,OLS_iid,iid,False,5
10,2,2001,7,70001,True,64,False,100,0.2558789635973784,0.7434268887154758,0.09249101584797254,0.07037121503149656,0.2018874830332452,0.4220193518572731,0.908647503249827,0.2162464572993128,13,8,0.570087712549569,2500,OLS_iid,iid,False,5
10,7,7001,17,170001,True,16,False,100,0.34956139265708774,0.22918888414278626,0.2605395103798664,0.15343873797041163,0.7097153673153017,0.7288807754597485,0.7802082376417733,0.22307096700955326,13,8,0.570087712549569,2500,OLS_iid,iid,False,5
10,2,2001,24,240001,True,68,False,100,0.3222156882498047,0.6983686690218747,0.06473173871746393,0.05535131073001206,0.13798807836467014,0.4017638962191299,0.9167507928739497,0.2181815176083296,13,8,0.570087712549569,2500,OLS_iid,iid,False,5
10,0,1,9,90001,True,69,False,100,0.4021297030478624,0.9463243084028363,0.08732734664683868,0.06465500994918333,0.19532801205622313,0.4298394759493403,0.9070858080470989,0.21880584160560484,13,8,0.570087712549569,2500,OLS_iid,iid,False,5
10,6,6001,27,270001,True,18,False,100,0.5754744049649864,0.27347890101373196,0.3561467348119925,0.2214327064416886,1.072089643458558,1.369297351770064,0.37094749904679764,0.22031232790721697,13,8,0.570087712549569,2500,OLS_iid,iid,False,5
10,7,7001,19,190001,True,18,False,100,0.4448255876713577,0.23510285886004567,0.2687044519884192,0.15064807552253792,0.8968591003781782,0.7732079548151347,0.7575639408710204,0.22245275552285024,13,8,0.570087712549569,2500,OLS_iid,iid,False,5
10,7,7001,15,150001,True,20,False,100,0.6532913944757328,0.24832016602158546,0.11170270574371882,0.07228431648979344,0.26292043673171506,0.4839113997848458,0.8809460015607727,0.22001393742455203,13,8,0.570087712549569,2500,OLS_iid,iid,False,5
10,3,3001,25,250001,True,49,False,100,0.7621655752320462,0.5940293180756271,0.09060631217145462,0.06456248993712678,0.21754492731390382,0.4749120806501308,0.8822904088904101,0.21908074563272043,13,8,0.570087712549569,2500,OLS_iid,iid,False,5
10,5,5001,22,220001,True,17,False,100,0.3908236145136817,0.4200272560119629,0.26098331825485277,0.15560102120723054,0.8211738120618534,0.7173507068500359,0.7718133515172761,0.21921858989653423,13,8,0.570087712549569,2500,OLS_iid,iid,False,5
10,7,7001,18,180001,True,20,False,100,0.7280983049752222,0.24926990875974298,0.176340429554894,0.10242608753415434,0.6015159946248528,0.6019515668379015,0.8107111129626005,0.22660333289091777,13,8,0.570087712549569,2500,OLS_iid,iid,False,5
10,7,7001,23,230001,True,20,False,100,0.2801670759747659,0.23474666103720665,0.22567739146568697,0.1255447133085775,0.6809344324484615,0.6406933344680524,0.8141041082966476,0.2199282466148598,13,8,0.570087712549569,2500,OLS_iid,iid,False,5
10,7,7001,7,70001,True,24,False,100,0.2558789635973784,0.2772478717379272,0.2474256244123503,0.1503757358136378,0.6555024785634717,0.6848752565849366,0.7956539716000895,0.2171820415367802,13,8,0.570087712549569,2500,OLS_iid,iid,False,5
10,7,7001,9,90001,True,17,False,100,0.4021297030478624,0.2729562050662935,0.3573596328675572,0.21796038355174385,0.9300142455979259,1.1440003509322907,0.5878819746714757,0.22161035044342162,13,8,0.570087712549569,2500,OLS_iid,iid,False,5
10,8,8001,0,1,True,19,False,100,0.6390713786786839,0.19845927180722356,0.11938074287158384,0.08213376927542382,0.27931988392752377,0.49919577674869425,0.8750526826616906,0.22164508532478122,13,8,0.570087712549569,2500,OLS_iid,iid,False,5
10,5,5001,17,170001,True,42,False,100,0.34956139265708774,0.4406886650249362,0.07917010991197969,0.06443461899716117,0.1707081728336084,0.4216339064923628,0.9082254798399746,0.22313514851349697,13,8,0.570087712549569,2500,OLS_iid,iid,False,5
10,1,1001,23,230001,True,74,False,100,0.2801670759747659,0.8140625129453838,0.09184520297933123,0.06360233250870206,0.25279871330948145,0.41240319335256115,0.9130327115675477,0.21954052258563578,13,8,0.570087712549569,2500,OLS_iid,iid,False,5
10,6,6001,28,280001,True,22,False,100,0.8304813982898618,0.30009359400719404,0.2715695383711133,0.15209593083764109,0.9472671789843867,0.8839030034406615,0.6422623155495429,0.2289371133409115,13,8,0.570087712549569,2500,OLS_iid,iid,False,5
10,5,5001,24,240001,True,18,False,100,0.3222156882498047,0.4246045802719891,0.3202798353166694,0.20177030841004287,0.9164411656457385,0.937546016533927,0.6675750476368303,0.21880063604921143,13,8,0.570087712549569,2500,OLS_iid,iid,False,5
10,7,7001,3,30001,True,19,False,100,0.4345652210863855,0.29680455988273025,0.23225553837313598,0.13802374907447493,0.7430898668056161,0.6627364765095415,0.8004255654158463,0.2245402134852278,13,8,0.570087712549569,2500,OLS_iid,iid,False,5
10,7,7001,14,140001,True,19,False,100,0.5661545048139004,0.2820064350962639,0.30229589639644683,0.17694372693710408,1.177762128998384,0.969508934589994,0.6233461151599994,0.2220064148579233,13,8,0.570087712549569,2500,OLS_iid,iid,False,5
10,5,5001,27,270001,True,19,False,100,0.5754744049649864,0.4145117779262364,0.23651873701098983,0.14243025113558264,0.721239246821161,0.6660737572301088,0.7973434614335301,0.22071541584089374,13,8,0.570087712549569,2500,OLS_iid,iid,False,5
10,7,7001,26,260001,True,21,False,100,0.5627541537636492,0.2402114076539874,0.2509450837826625,0.1456910634675203,0.7318908545541672,0.6863620045612654,0.799548946388765,0.21721305350909897,13,8,0.570087712549569,2500,OLS_iid,iid,False,5
10,2,2001,23,230001,True,51,False,100,0.2801670759747659,0.7492006151005626,0.07108202946224015,0.05351531412797626,0.18402943002112823,0.40035868702871796,0.9172185827338438,0.21793066909335385,13,8,0.570087712549569,2500,OLS_iid,iid,False,5
10,4,4001,28,280001,True,21,False,100,0.8304813982898618,0.5067309127189219,0.24912300673446247,0.13448656734756448,1.0119760714859025,0.7198846021661791,0.7410113853889017,0.2191767583094609,13,8,0.570087712549569,2500,OLS_iid,iid,False,5
10,6,6001,4,40001,True,20,False,100,0.32711411102733673,0.40552284801378846,0.29124780581453447,0.1798173902978028,0.8739194363700693,0.8430149355318389,0.7352422256714854,0.22069508437897922,13,8,0.570087712549569,2500,OLS_iid,iid,False,5
9,9,9001,14,140001,True,74,False,100,0.5661545048139004,1.0960890767164528,0.1888709796244144,0.12243559043238632,0.5447480662627596,0.5713404862073734,0.8394087896876051,0.18526845362662425,13,8,0.570087712549569,2500,OLS_iid,iid,False,5
10,7,7001,28,280001,True,21,False,100,0.8304813982898618,0.23410714603960514,0.2594877965828084,0.1461723082467554,1.0308944554915975,0.7592633156107206,0.7241933596702808,0.2197115842099548,13,8,0.570087712549569,2500,OLS_iid,iid,False,5
10,7,7001,10,100001,True,21,False,100,0.6718206347998593,0.3114202367141843,0.1146498816348681,0.07896173027082927,0.2754202066222459,0.4962341105399622,0.8732249452129831,0.2213167254018026,13,8,0.570087712549569,2500,OLS_iid,iid,False,5
10,6,6001,9,90001,True,18,False,100,0.4021297030478624,0.38621738692745566,0.2766937822326536,0.15818961991689218,0.95158725758324,0.7806279152316874,0.7481380188412033,0.2137205920836249,13,8,0.570087712549569,2500,OLS_iid,iid,False,5
10,7,7001,25,250001,True,21,False,100,0.7621655752320462,0.26094890804961324,0.16239967880615375,0.09018983765556779,0.5588225099152299,0.6115998905983405,0.8212411141617695,0.2227794474682556,13,8,0.570087712549569,2500,OLS_iid,iid,False,5
10,6,6001,12,120001,True,19,False,100,0.4526435842227972,0.39375700941309333,0.16638572818889236,0.09497635287193266,0.5087348165985489,0.5244665289821213,0.8632793865055786,0.21471379356685816,13,8,0.570087712549569,2500,OLS_iid,iid,False,5
10,7,7001,20,200001,True,18,False,100,0.5199905400817861,0.30323554994538426,0.29339734524384264,0.17813614211027107,0.7890507610751117,1.1632595265728327,0.42159346410532383,0.21904529853261576,13,8,0.570087712549569,2500,OLS_iid,iid,False,5
10,6,6001,24,240001,True,25,False,100,0.3222156882498047,0.36245405208319426,0.17633399531051527,0.11029435723189367,0.503588699163656,0.5314454532250489,0.8584066680914441,0.22213281461877085,13,8,0.570087712549569,2500,OLS_iid,iid,False,5
10,6,6001,13,130001,True,24,False,100,0.5677230449105167,0.3955872352235019,0.11101020369290518,0.08439594047073985,0.24984471649609286,0.49537895899421036,0.8759603465224625,0.21148009167631135,13,8,0.570087712549569,2500,OLS_iid,iid,False,5
10,5,5001,6,60001,True,36,False,100,0.14772923374098243,0.5379614322446287,0.08915348794744772,0.06501585897222019,0.22227059095085286,0.4212936652935351,0.9083301608434703,0.21607385246476501,13,8,0.570087712549569,2500,OLS_iid,iid,False,5
10,6,6001,19,190001,True,17,False,100,0.4448255876713577,0.3901366968639195,0.3134022532548122,0.18829215514944686,0.8346399113201554,0.8816877266489738,0.7133469496835886,0.21785892395699033,13,8,0.570087712549569,2500,OLS_iid,iid,False,5
10,6,6001,8,80001,True,21,False,100,0.7378021846205323,0.41707018902525306,0.2318509129850974,0.14663658130314178,0.6354252500265691,0.7515916701723037,0.7560783480187574,0.2276168141273382,13,8,0.570087712549569,2500,OLS_iid,iid,False,5
10,3,3001,12,120001,True,32,False,100,0.4526435842227972,0.728239637799561,0.07699076503394986,0.0608703569727787,0.17354000354857133,0.42745596989409745,0.9055071952564743,0.21566478791354962,13,8,0.570087712549569,2500,OLS_iid,iid,False,5
10,5,5001,26,260001,True,17,False,100,0.5627541537636492,0.46809677267447114,0.31346052215796527,0.19075768802687054,1.0091000665416863,0.9618173776200217,0.6546771002399677,0.21989223824835039,13,8,0.570087712549569,2500,OLS_iid,iid,False,5
9,9,9001,24,240001,True,77,False,100,0.8573263233675178,1.1097150719724596,0.14161044388251456,0.10528766723449613,0.3563920657331633,0.5164110191391706,0.8573614357929038,0.18880136881058207,13,8,0.570087712549569,2500,OLS_iid,iid,False,5
10,6,6001,16,160001,True,20,False,100,0.29627203221708387,0.3961706403642893,0.2589632254894148,0.13994246262479848,0.8398387992941826,0.7271976296938455,0.7771279499248837,0.2128312046773044,13,8,0.570087712549569,2500,OLS_iid,iid,False,5
10,5,5001,28,280001,True,20,False,100,0.8304813982898618,0.46772371605038643,0.12949599524069344,0.07190204510752726,0.45384462115987684,0.5953153777270431,0.8277475613719009,0.219181020023709,13,8,0.570087712549569,2500,OLS_iid,iid,False,5
10,6,6001,23,230001,True,19,False,100,0.2801670759747659,0.3886194992810488,0.2103484451060355,0.11774073959494567,0.6108928587480661,0.5901507053761123,0.8311802656100822,0.21528446579572288,13,8,0.570087712549569,2500,OLS_iid,iid,False,5
10,5,5001,5,50001,True,53,False,100,0.5603261707165156,0.5603157090954483,0.09014938569943691,0.0670630983263891,0.23682827001052456,0.44879534165150714,0.895674423752102,0.21889449751318052,13,8,0.570087712549569,2500,OLS_iid,iid,False,5
10,6,6001,3,30001,True,20,False,100,0.4345652210863855,0.4672064590267837,0.21320805978836116,0.11756398180606267,0.6793181073422438,0.6181409463929763,0.8161398440920326,0.2196121500877848,13,8,0.570087712549569,2500,OLS_iid,iid,False,5
10,8,8001,3,30001,True,23,False,100,0.4345652210863855,0.2656370117329061,0.14879095140635978,0.09548155652078603,0.4519411715698472,0.49402426923527964,0.878252231309023,0.2174725392222284,13,8,0.570087712549569,2500,OLS_iid,iid,False,5
10,5,5001,20,200001,True,18,False,100,0.5199905400817861,0.5184062831103802,0.2548128111642585,0.14956949805252,0.7501035266894336,0.7724494568568088,0.7564839967834628,0.22080292781034422,13,8,0.570087712549569,2500,OLS_iid,iid,False,5
9,9,9001,5,50001,True,80,False,100,0.5603261707165156,1.2024422329850495,0.12154861850499439,0.08800389097683421,0.3390872923666379,0.45142136931243765,0.8950050889534068,0.18198330589157405,13,8,0.570087712549569,2500,OLS_iid,iid,False,5
10,7,7001,13,130001,True,22,False,100,0.5677230449105167,0.3621918330900371,0.11479790154765866,0.0809282703666533,0.3058662547731036,0.47876226007737444,0.8813494529610191,0.2199842561777393,13,8,0.570087712549569,2500,OLS_iid,iid,False,5
10,8,8001,21,210001,True,20,False,100,0.4827392144993206,0.2063737907446921,0.23060124842811555,0.1422550414700503,0.7107902294256744,0.628029195379049,0.8118585681243392,0.21591002588009184,13,8,0.570087712549569,2500,OLS_iid,iid,False,5
10,6,6001,20,200001,True,18,False,100,0.5199905400817861,0.4227373539470136,0.2190109784046821,0.13200848948103155,0.5893757482100528,0.6717465258008244,0.7984655988909907,0.2198020310403642,13,8,0.570087712549569,2500,OLS_iid,iid,False,5
10,8,8001,23,230001,True,18,False,100,0.2801670759747659,0.20332646369934082,0.33388741922915155,0.20730367207777542,0.90569195625905,1.1872913685042288,0.6714889294932717,0.21591471209705032,13,8,0.570087712549569,2500,OLS_iid,iid,False,5
10,8,8001,19,190001,True,20,False,100,0.4448255876713577,0.21602977579459548,0.10539003940684884,0.07015480485868522,0.27280074006834143,0.4485024183026436,0.8982015494187136,0.22144751829749762,13,8,0.570087712549569,2500,OLS_iid,iid,False,5
10,7,7001,21,210001,True,23,False,100,0.4827392144993206,0.35550297563895583,0.2532474579589548,0.15783224675055404,0.637508480048252,0.6999208620091574,0.7862957542393613,0.2172580810862177,13,8,0.570087712549569,2500,OLS_iid,iid,False,5
9,9,9001,4,40001,True,86,False,100,0.5471739269525809,1.2201803657226264,0.12793614513215434,0.09114028652224733,0.3522908501050341,0.4718635858947626,0.8873539090713773,0.18348289721886984,13,8,0.570087712549569,2500,OLS_iid,iid,False,5
10,8,8001,27,270001,True,19,False,100,0.5754744049649864,0.2049253019504249,0.1516371049626344,0.09453994595129203,0.4722257722715759,0.5442971870483985,0.8571312222388018,0.2241745513716116,13,8,0.570087712549569,2500,OLS_iid,iid,False,5
10,8,8001,17,170001,True,20,False,100,0.34956139265708774,0.24598910426720977,0.11779791114264675,0.08476092200903639,0.30318424366829166,0.4602084519334273,0.8930002353312361,0.2205124960089371,13,8,0.570087712549569,2500,OLS_iid,iid,False,5
10,6,6001,22,220001,True,22,False,100,0.3908236145136817,0.4353268872946501,0.22852525564661927,0.14519383204335837,0.6161096060961908,0.6523331463050369,0.7963871884095823,0.2239067428320298,13,8,0.570087712549569,2500,OLS_iid,iid,False,5
10,6,6001,18,180001,True,21,False,100,0.7280983049752222,0.4502575322985649,0.22175934164645414,0.12263626783083444,0.6694966075544091,0.7299303375059333,0.7230497906597328,0.22252284496853403,13,8,0.570087712549569,2500,OLS_iid,iid,False,5
10,4,4001,26,260001,True,35,False,100,0.5627541537636492,0.6166182616725564,0.0913632182859121,0.06595807212019002,0.2278126944281992,0.4460275299909348,0.899808035115369,0.21505177711556053,13,8,0.570087712549569,2500,OLS_iid,iid,False,5
10,7,7001,16,160001,True,17,False,100,0.29627203221708387,0.3857304509729147,0.28140060076785023,0.16390781076140015,0.8875382185818406,0.8075477501188887,0.7389537151776868,0.21420732868227188,13,8,0.570087712549569,2500,OLS_iid,iid,False,5
10,7,7001,1,10001,True,21,False,100,0.781094886713299,0.41288993088528514,0.21938880028815178,0.11845588825715157,0.8269562572011829,0.661627438488115,0.794924282793068,0.21969154406018387,13,8,0.570087712549569,2500,OLS_iid,iid,False,5
10,8,8001,24,240001,True,19,False,100,0.3222156882498047,0.24900841992348433,0.24518088589582604,0.15492480156484842,0.6445698825164081,0.6772913214740542,0.7961652952625523,0.21337618874794917,13,8,0.570087712549569,2500,OLS_iid,iid,False,5
10,8,8001,11,110001,True,22,False,100,0.4534722227045135,0.29078839579597116,0.25199033968887835,0.1503217321861831,0.787521091501669,0.7348362628649566,0.7686740108860558,0.21855083454876548,13,8,0.570087712549569,2500,OLS_iid,iid,False,5
10,7,7001,6,60001,True,23,False,100,0.14772923374098243,0.42998805781826377,0.3043979112649737,0.18524546525083027,0.8483938094881625,0.879967425721063,0.7124550364342138,0.218744802854229,13,8,0.570087712549569,2500,OLS_iid,iid,False,5
10,6,6001,26,260001,True,23,False,100,0.5627541537636492,0.4468068880960345,0.09557688689929204,0.06762817026138776,0.22051909426314636,0.4423167189754596,0.9008839746612716,0.2140468797480315,13,8,0.570087712549569,2500,OLS_iid,iid,False,5
11,0,1,10,100001,True,15,False,100,0.049720196824565785,0.13053127797320485,0.27334507225358934,0.14424652538094607,0.804013550518553,0.9919835860780489,0.6673054332230476,0.25684460916068047,13,8,0.570087712549569,2500,OLS_iid,iid,False,5
10,9,9001,5,50001,True,18,False,100,0.5603261707165156,0.22588527016341686,0.25133574326770974,0.15071416878689123,0.6978369147137594,0.7685768819936478,0.7338704570067408,0.21282277881816936,13,8,0.570087712549569,2500,OLS_iid,iid,False,5
10,8,8001,15,150001,True,20,False,100,0.6532913944757328,0.2960735559463501,0.09666000760374846,0.06674576580653448,0.2461530416264633,0.4705417419822699,0.8852122582520604,0.21931299947951424,13,8,0.570087712549569,2500,OLS_iid,iid,False,5
10,9,9001,16,160001,True,17,False,100,0.29627203221708387,0.20153463864699006,0.21471476875263693,0.12066353230595077,0.6472708976556707,0.6065495143243979,0.8279126562826861,0.22079639734542203,13,8,0.570087712549569,2500,OLS_iid,iid,False,5
11,0,1,4,40001,True,17,False,100,0.32711411102733673,0.1536332699470222,0.04235848013003034,0.039972140006236404,0.06744462624953831,0.3954632913504771,0.9188387052865321,0.25560176507772475,13,8,0.570087712549569,2500,OLS_iid,iid,False,5
11,0,1,7,70001,True,15,False,100,0.09446287305346808,0.14704840118065476,0.03852749478707172,0.03614049651160259,0.07089647684732805,0.3866711091896092,0.9225502878540595,0.2537917721750984,13,8,0.570087712549569,2500,OLS_iid,iid,False,5
10,7,7001,27,270001,True,19,False,100,0.5754744049649864,0.3907646923325956,0.267415372724774,0.1635697957668537,0.7433343942264776,0.8365080858323974,0.6927948066016469,0.22277514706452647,13,8,0.570087712549569,2500,OLS_iid,iid,False,5
10,7,7001,8,80001,True,26,False,100,0.7378021846205323,0.45736801670864224,0.14560419191133017,0.10259701797159314,0.32734125192362334,0.5946095222258373,0.8202427716773605,0.22548333927530684,13,8,0.570087712549569,2500,OLS_iid,iid,False,5
11,0,1,24,240001,True,14,False,100,0.23431211068135716,0.11071910196915269,0.042954764395132884,0.04098855048627358,0.06703503089841231,0.38096403885560626,0.9246538808470981,0.25134687587494053,13,8,0.570087712549569,2500,OLS_iid,iid,False,5
10,9,9001,2,20001,True,22,False,100,0.5694174310539274,0.2634280691854656,0.12911569998507036,0.0823192791488049,0.3266855338189117,0.4906655871203888,0.876047044671273,0.2195944452069702,13,8,0.570087712549569,2500,OLS_iid,iid,False,5
10,9,9001,13,130001,True,23,False,100,0.5677230449105167,0.23301553400233388,0.2003413089537436,0.11813084851694243,0.6584612266982445,0.6004235919162317,0.8214208334983941,0.22000649533943198,13,8,0.570087712549569,2500,OLS_iid,iid,False,5
10,7,7001,22,220001,True,22,False,100,0.3908236145136817,0.436200391035527,0.28150233544812314,0.16565359098960591,0.9129391858914387,0.8316598251702318,0.7166393681341606,0.21828285060487065,13,8,0.570087712549569,2500,OLS_iid,iid,False,5
11,0,1,12,120001,True,16,False,100,0.4526435842227972,0.1633418840356171,0.26685119524561846,0.1587045733490847,0.8489837261070745,0.9333893838644602,0.6824067778339311,0.2515543486195761,13,8,0.570087712549569,2500,OLS_iid,iid,False,5
10,8,8001,4,40001,True,23,False,100,0.32711411102733673,0.375066583044827,0.0593558166290131,0.05061282882305054,0.11918113366785907,0.39472269455531656,0.9191438554496337,0.2220360172345091,13,8,0.570087712549569,2500,OLS_iid,iid,False,5
10,8,8001,20,200001,True,19,False,100,0.5199905400817861,0.306750763207674,0.06359348360183144,0.05271963405727632,0.13800986397893783,0.46246381110623425,0.8883669335921464,0.21953837247885302,13,8,0.570087712549569,2500,OLS_iid,iid,False,5
9,5,5001,16,160001,True,75,False,100,0.5478028847764859,1.832381121814251,0.13352961114438297,0.08945202714316684,0.3725194026987537,0.46635493987790577,0.8897912615936292,0.17920196525464777,13,8,0.570087712549569,2500,OLS_iid,iid,False,5
10,8,8001,28,280001,True,21,False,100,0.8304813982898618,0.30528175411745906,0.3159970417950924,0.19269377371779556,1.1234454109990395,1.184547302308977,0.41254388922859264,0.22524737889973612,13,8,0.570087712549569,2500,OLS_iid,iid,False,5
10,8,8001,18,180001,True,20,False,100,0.7280983049752222,0.3321159356273711,0.28272529285241144,0.16401127089349693,1.0644547561391355,1.0293659483087199,0.45951078201939993,0.22488484804844922,13,8,0.570087712549569,2500,OLS_iid,iid,False,5
10,8,8001,5,50001,True,18,False,100,0.5603261707165156,0.4008750640787184,0.18093626981563762,0.09933305462945936,0.6028958916667074,0.560873893676443,0.8452936793378765,0.2191703640748716,13,8,0.570087712549569,2500,OLS_iid,iid,False,5
10,8,8001,7,70001,True,17,False,100,0.2558789635973784,0.3823065981268883,0.27408909804452125,0.1641668878319723,0.7180091060519694,0.7814486988972082,0.7469698863484022,0.2181041884460783,13,8,0.570087712549569,2500,OLS_iid,iid,False,5
10,8,8001,2,20001,True,27,False,100,0.5694174310539274,0.4138138936832547,0.12270490867617287,0.08521572366177109,0.2853924439218909,0.47778800108537417,0.8838739119473368,0.22292798572859002,13,8,0.570087712549569,2500,OLS_iid,iid,False,5
10,3,3001,19,190001,True,57,False,100,0.4448255876713577,0.8593887011520565,0.09281496730675341,0.06414029593166737,0.26223311375864333,0.43291443496697424,0.9056908947080872,0.22096391673946783,13,8,0.570087712549569,2500,OLS_iid,iid,False,5
10,6,6001,14,140001,True,21,False,100,0.5661545048139004,0.5785216768272221,0.2968824189194329,0.17302931777066546,1.1142624906427774,0.8348657617026731,0.7085134918387402,0.21840415223074588,13,8,0.570087712549569,2500,OLS_iid,iid,False,5
11,0,1,1,10001,True,16,False,100,0.48212861832472625,0.24660881888121367,0.21178892649922468,0.10903587322465279,0.7119856683331989,0.7306938112142203,0.7648180723151612,0.2523038685248748,13,8,0.570087712549569,2500,OLS_iid,iid,False,5
11,1,1001,7,70001,True,15,False,100,0.09446287305346808,0.15127877704799175,0.08995796574568656,0.05863602250847704,0.23506894411789347,0.4359731818790198,0.9037520793614056,0.25470034012370657,13,8,0.570087712549569,2500,OLS_iid,iid,False,5
10,7,7001,11,110001,True,29,False,100,0.4534722227045135,0.5192836266942322,0.1352364843682106,0.08262136569110937,0.42215329840805704,0.47130338291141277,0.8867674917925591,0.21921228092939746,13,8,0.570087712549569,2500,OLS_iid,iid,False,5
10,3,3001,4,40001,True,74,False,100,0.32711411102733673,0.9483568617142737,0.09640924383783689,0.07378772205662745,0.24172628901185783,0.4293929165889603,0.9062267305737967,0.2201957992733202,13,8,0.570087712549569,2500,OLS_iid,iid,False,5
10,8,8001,1,10001,True,23,False,100,0.781094886713299,0.44936114829033613,0.17385806623015582,0.10637829111727762,0.4592418399844079,0.6593017124057451,0.7824781347839963,0.22393685022609405,13,8,0.570087712549569,2500,OLS_iid,iid,False,5
11,0,1,21,210001,True,15,False,100,0.029148679313564206,0.19563050428405404,0.04902201671620284,0.044167480145703694,0.09230713931855425,0.3834360921973834,0.9243069039886795,0.2503089488895107,13,8,0.570087712549569,2500,OLS_iid,iid,False,5
10,9,9001,22,220001,True,27,False,100,0.3908236145136817,0.278450442943722,0.09823809234089675,0.0768369906011786,0.21363650159014524,0.44428808419275084,0.9002499842346102,0.21306060136003144,13,8,0.570087712549569,2500,OLS_iid,iid,False,5
11,0,1,27,270001,True,16,False,100,0.4122273002434732,0.19154194509610534,0.14816527554410353,0.08480831812065098,0.45198100251456436,0.562339574775245,0.846929125205353,0.2564852166572551,13,8,0.570087712549569,2500,OLS_iid,iid,False,5
11,1,1001,14,140001,True,15,False,100,0.5661545048139004,0.15120021905750036,0.25563767379949515,0.134691700988993,0.9563499744805,0.8634592170535424,0.6987337275956971,0.2576860343453401,13,8,0.570087712549569,2500,OLS_iid,iid,False,5
11,0,1,15,150001,True,19,False,100,0.6532913944757328,0.22911904379725456,0.10909365794395856,0.06711584564570311,0.34737107528186906,0.5577945685738982,0.8544521960275344,0.2556696592592958,13,8,0.570087712549569,2500,OLS_iid,iid,False,5
10,9,9001,27,270001,True,19,False,100,0.5754744049649864,0.2750481478869915,0.1114189188058617,0.0767327031818096,0.3228141260318558,0.48437341566952874,0.8790623307745639,0.21655456722934424,13,8,0.570087712549569,2500,OLS_iid,iid,False,5
11,1,1001,1,10001,True,19,False,100,0.48212861832472625,0.18636726588010788,0.11349085665180449,0.06964430359022036,0.3366003017852968,0.5145482065609115,0.8708236934156725,0.2548888206170659,13,8,0.570087712549569,2500,OLS_iid,iid,False,5
10,9,9001,8,80001,True,23,False,100,0.7378021846205323,0.3409289177507162,0.21109755144235526,0.1363643006908549,0.46922088054624733,0.7067294199114297,0.7742379952176511,0.2230527301167367,13,8,0.570087712549569,2500,OLS_iid,iid,False,5
10,8,8001,10,100001,True,20,False,100,0.6718206347998593,0.42372177680954337,0.34335178699438723,0.20959806338498646,1.2311548383239566,1.144930732259602,0.5454916633434977,0.21937920741691397,13,8,0.570087712549569,2500,OLS_iid,iid,False,5
11,1,1001,20,200001,True,15,False,100,0.5199905400817861,0.14853115007281303,0.0856752169625121,0.058459634717531336,0.24589604119322817,0.45823065107471744,0.8970013925803217,0.254374189634366,13,8,0.570087712549569,2500,OLS_iid,iid,False,5
10,9,9001,19,190001,True,18,False,100,0.4448255876713577,0.3196181640960276,0.29670999113367524,0.17535318975459396,0.7986220913241959,0.9143325554387106,0.6663967030771968,0.21932856158883032,13,8,0.570087712549569,2500,OLS_iid,iid,False,5
10,9,9001,20,200001,True,19,False,100,0.5199905400817861,0.3249718421138823,0.22466777287327064,0.13961339410843987,0.5907298863143293,0.7058530772546594,0.7622825010056813,0.22000809598977272,13,8,0.570087712549569,2500,OLS_iid,iid,False,5
10,8,8001,12,120001,True,18,False,100,0.4526435842227972,0.44333653477951884,0.2638424160109264,0.15581452059239134,0.7435050105054922,0.7863672428888053,0.7274379199512069,0.21643376556739405,13,8,0.570087712549569,2500,OLS_iid,iid,False,5
10,8,8001,8,80001,True,22,False,100,0.7378021846205323,0.45332611817866564,0.3191409218686542,0.1941121656894105,1.075451640922139,1.144253309242823,0.4473415240813042,0.2293451142307021,13,8,0.570087712549569,2500,OLS_iid,iid,False,5
10,8,8001,22,220001,True,20,False,100,0.3908236145136817,0.410742926876992,0.2449414317001826,0.13928488139750822,0.7813904997296987,0.6936138766653608,0.7818265843579089,0.22126323585716967,13,8,0.570087712549569,2500,OLS_iid,iid,False,5
10,8,8001,14,140001,True,23,False,100,0.5661545048139004,0.44646693021059036,0.06173237241162586,0.04927954658674678,0.1586977234172344,0.4555994416832334,0.8919710936303181,0.21696273548679487,13,8,0.570087712549569,2500,OLS_iid,iid,False,5
11,0,1,0,1,True,15,False,100,0.3084351953887205,0.3054780326783657,0.2231427308317601,0.11949643453393205,0.7032884648843999,0.7601345162653252,0.7579265653606435,0.251096818715257,13,8,0.570087712549569,2500,OLS_iid,iid,False,5
10,9,9001,24,240001,True,27,False,100,0.3222156882498047,0.31776997772976756,0.08331454316185168,0.07025325799159503,0.18811041754191912,0.4239675040362368,0.9070635984071137,0.21763209850152,13,8,0.570087712549569,2500,OLS_iid,iid,False,5
11,1,1001,26,260001,True,15,False,100,0.5627541537636492,0.1489811660721898,0.04768919600138827,0.04087420907386793,0.1140013241278091,0.42242835281617414,0.9075379981741938,0.25530543124911786,13,8,0.570087712549569,2500,OLS_iid,iid,False,5
10,9,9001,0,1,True,20,False,100,0.6390713786786839,0.3920742026530206,0.2573716618114424,0.15268209270146949,0.8680711593560932,0.7801320538984462,0.7230391396794923,0.22026290381934782,13,8,0.570087712549569,2500,OLS_iid,iid,False,5
11,1,1001,24,240001,True,16,False,100,0.23431211068135716,0.15849227225407958,0.17443943246967067,0.09839915068585242,0.5213832313362508,0.5945514051948295,0.8311078903169575,0.2539462281701569,13,8,0.570087712549569,2500,OLS_iid,iid,False,5
10,9,9001,3,30001,True,19,False,100,0.4345652210863855,0.3900772277265787,0.05773440014886456,0.050916217057666455,0.12213586747605175,0.41604345076361576,0.9103327441093901,0.22276812126124396,13,8,0.570087712549569,2500,OLS_iid,iid,False,5
10,9,9001,1,10001,True,21,False,100,0.781094886713299,0.40146205900236964,0.10779756300919109,0.06874248433075685,0.3091151778394483,0.5274518172813607,0.8579087890075335,0.2237462892471153,13,8,0.570087712549569,2500,OLS_iid,iid,False,5
11,1,1001,18,180001,True,15,False,100,0.055993815810415314,0.19069965230301023,0.03989938167689964,0.035995335548395346,0.06400486718032387,0.38140518933845546,0.9249329713939283,0.25259189136794474,13,8,0.570087712549569,2500,OLS_iid,iid,False,5
11,0,1,28,280001,True,15,False,100,0.5497524938266714,0.24801146890968084,0.06407281403249894,0.048054179906940275,0.16896539231153426,0.4554313723319656,0.8966762062529883,0.25282989666425804,13,8,0.570087712549569,2500,OLS_iid,iid,False,5
10,9,9001,23,230001,True,25,False,100,0.2801670759747659,0.3376403939910233,0.2249144005868048,0.1327120821604069,0.5646585931523583,0.650287733019387,0.8147609820417937,0.2188036836419189,13,8,0.570087712549569,2500,OLS_iid,iid,False,5
10,9,9001,29,290001,True,22,False,100,0.45909267645915386,0.32333420496433973,0.25575247370237625,0.14343713463687485,0.8223051802563477,0.7123073686960287,0.7706314443603682,0.21572902233955651,13,8,0.570087712549569,2500,OLS_iid,iid,False,5
10,9,9001,7,70001,True,20,False,100,0.2558789635973784,0.3882337622344494,0.3343247836688933,0.20525428990279518,0.8234623870623771,1.0016950705508376,0.666337819219564,0.21465054869297473,13,8,0.570087712549569,2500,OLS_iid,iid,False,5
11,1,1001,28,280001,True,16,False,100,0.5497524938266714,0.16252449108287692,0.22942426174326103,0.11939014134007173,0.7985956027643384,0.7842565790422313,0.7404849291609217,0.25574978030614004,13,8,0.570087712549569,2500,OLS_iid,iid,False,5
10,6,6001,11,110001,True,46,False,100,0.4534722227045135,0.6749959602020681,0.14207841382478548,0.09319699445067207,0.38323071317383134,0.5002786307115361,0.8778916750080031,0.21688746415666146,13,8,0.570087712549569,2500,OLS_iid,iid,False,5
10,8,8001,25,250001,True,18,False,100,0.7621655752320462,0.4224430569447577,0.21729237283152217,0.12715364684584446,0.6749767531377169,0.711878796003475,0.7548027314695062,0.22196151183911392,13,8,0.570087712549569,2500,OLS_iid,iid,False,5
11,1,1001,17,170001,True,20,False,100,0.2717992727286835,0.20118022104725242,0.07550513251185985,0.05780588050325038,0.18442548297799424,0.4277078612643821,0.906453018398738,0.2560229885291308,13,8,0.570087712549569,2500,OLS_iid,iid,False,5
11,1,1001,2,20001,True,17,False,100,0.5694174310539274,0.23974388279020786,0.20160603436065214,0.10964583569937811,0.6904200144163104,0.7086317596091065,0.77428372741648,0.2603321145077725,13,8,0.570087712549569,2500,OLS_iid,iid,False,5
10,9,9001,10,100001,True,19,False,100,0.6718206347998593,0.39279560605064034,0.10207131727742746,0.06929894838669877,0.312513963402555,0.4979951618811924,0.871096400905254,0.2184097731462095,13,8,0.570087712549569,2500,OLS_iid,iid,False,5
10,5,5001,3,30001,True,53,False,100,0.4345652210863855,0.8130190595984459,0.12205770996456494,0.08155375944382708,0.34295898982405976,0.46898890926561193,0.8885248012428223,0.22335812710625222,13,8,0.570087712549569,2500,OLS_iid,iid,False,5
11,2,2001,4,40001,True,17,False,100,0.32711411102733673,0.14642175612971187,0.2719656656228835,0.1473521567806275,0.923708219288181,0.9736583148342037,0.6671932996347663,0.25193424289325883,13,8,0.570087712549569,2500,OLS_iid,iid,False,5
10,9,9001,14,140001,True,17,False,100,0.5661545048139004,0.3825324163772166,0.07655705911501594,0.054101672244580554,0.21183272266090913,0.4751310341186197,0.8850316478644885,0.220936484719282,13,8,0.570087712549569,2500,OLS_iid,iid,False,5
11,1,1001,29,290001,True,17,False,100,0.45909267645915386,0.17104860488325357,0.04486170759233239,0.03684358502327165,0.11516375802106471,0.41799080648391174,0.9108549533155501,0.2567250864391801,13,8,0.570087712549569,2500,OLS_iid,iid,False,5
11,0,1,14,140001,True,18,False,100,0.5661545048139004,0.30662772385403514,0.19173201163730297,0.10476703973963632,0.6394025170080848,0.703745860260711,0.7848362827370986,0.256821141992406,13,8,0.570087712549569,2500,OLS_iid,iid,False,5
10,8,8001,29,290001,True,18,False,100,0.45909267645915386,0.4294271431863308,0.2976788804955808,0.18054353502381223,0.8203835764908068,0.9350119499239629,0.6533877265226601,0.22128991827400352,13,8,0.570087712549569,2500,OLS_iid,iid,False,5
11,1,1001,27,270001,True,18,False,100,0.4122273002434732,0.1840833341702819,0.09973563571531413,0.06208505243832312,0.2882569052939541,0.4795463346263744,0.8877241545418643,0.25351121503129764,13,8,0.570087712549569,2500,OLS_iid,iid,False,5
11,2,2001,7,70001,True,15,False,100,0.09446287305346808,0.14898767601698637,0.2735025457335194,0.1443824124417887,0.7991459058689635,1.004357455620577,0.6611869887903421,0.24965222439504478,13,8,0.570087712549569,2500,OLS_iid,iid,False,5
10,9,9001,12,120001,True,21,False,100,0.4526435842227972,0.4079474890604615,0.3084831249934577,0.1862294181581021,0.8564606523764728,0.9726242460688542,0.6460523937569165,0.21929134312367032,13,8,0.570087712549569,2500,OLS_iid,iid,False,5
10,9,9001,18,180001,True,26,False,100,0.7280983049752222,0.37884948402643204,0.2701121895316657,0.14808864209037959,0.9433760685951417,0.8611925690580869,0.709649979074197,0.23006841136701622,13,8,0.570087712549569,2500,OLS_iid,iid,False,5
11,0,1,25,250001,True,15,False,100,0.7621655752320462,0.2837224523536861,0.2730060697221729,0.1407605035101474,1.1647508505085344,0.9678795837353668,0.6288982524617562,0.2582394686513058,13,8,0.570087712549569,2500,OLS_iid,iid,False,5
11,2,2001,3,30001,True,15,False,100,0.3112730090233723,0.16655298881232738,0.06239774465536115,0.04939154707662832,0.14867632119316707,0.4084238481215625,0.9148427741990328,0.25157354935039183,13,8,0.570087712549569,2500,OLS_iid,iid,False,5
10,9,9001,21,210001,True,17,False,100,0.4827392144993206,0.39115486899390817,0.051280713261994494,0.04681189612566447,0.08446743344955111,0.3975647505000042,0.9177613705666325,0.2248794284341282,13,8,0.570087712549569,2500,OLS_iid,iid,False,5
10,9,9001,17,170001,True,19,False,100,0.34956139265708774,0.4042657781392336,0.22547606455171662,0.14037119881825938,0.6515319292378401,0.6614804014440594,0.8020061656595772,0.21737207713737522,13,8,0.570087712549569,2500,OLS_iid,iid,False,5
11,1,1001,3,30001,True,22,False,100,0.3112730090233723,0.28444744599983096,0.27065388413149577,0.14071646515502031,0.9187219708514556,0.9730735045633476,0.6647696252058227,0.25358333262446403,13,8,0.570087712549569,2500,OLS_iid,iid,False,5
11,0,1,26,260001,True,15,False,100,0.5627541537636492,0.306135777849704,0.26370714631615916,0.13814151695000704,1.0013700900299038,0.9171304225263543,0.676831712135849,0.2563603173413465,13,8,0.570087712549569,2500,OLS_iid,iid,False,5
11,0,1,2,20001,True,16,False,100,0.5694174310539274,0.37577984808012843,0.1105589959836834,0.07004585777543385,0.34142055251201286,0.5225202700095501,0.8676335957153547,0.2524892781831701,13,8,0.570087712549569,2500,OLS_iid,iid,False,5
10,9,9001,9,90001,True,21,False,100,0.4021297030478624,0.44320897571742535,0.06510487545700384,0.05284410189221482,0.13686859387070946,0.4079254782936454,0.9146144198381378,0.21433874203099385,13,8,0.570087712549569,2500,OLS_iid,iid,False,5
11,0,1,6,60001,True,32,False,100,0.14772923374098243,0.36513415025547147,0.10182063584319168,0.06619655117939277,0.27295096981811795,0.4593069648986194,0.8936934619117831,0.250482739492928,13,8,0.570087712549569,2500,OLS_iid,iid,False,5
10,5,5001,23,230001,True,70,False,100,0.2801670759747659,0.801896037068218,0.08760270259813763,0.06474266559139501,0.21377558151046988,0.41967418987186167,0.9093731330733168,0.218971924268691,13,8,0.570087712549569,2500,OLS_iid,iid,False,5
11,1,1001,16,160001,True,16,False,100,0.14097023425476438,0.26164629170671105,0.1986621551201135,0.10372050451798158,0.56203583885113,0.6642974813177333,0.803606770276653,0.24922620730998815,13,8,0.570087712549569,2500,OLS_iid,iid,False,5
11,1,1001,4,40001,True,18,False,100,0.32711411102733673,0.294112591072917,0.07050256770319684,0.05584717035362459,0.17953879700495773,0.41901949534636657,0.9096325547338044,0.2548601478184036,13,8,0.570087712549569,2500,OLS_iid,iid,False,5
11,1,1001,13,130001,True,19,False,100,0.24306915790932587,0.2716589947231114,0.21204387484243825,0.11341782785763346,0.6316005583568217,0.7114933738871432,0.7785487501392625,0.24966748534618008,13,8,0.570087712549569,2500,OLS_iid,iid,False,5
11,0,1,11,110001,True,15,False,100,0.4534722227045135,0.3508536210283637,0.10479172406464735,0.06417062411481397,0.30363660447068896,0.4969395854845128,0.8815998632330571,0.2558209262714652,13,8,0.570087712549569,2500,OLS_iid,iid,False,5
11,2,2001,0,1,True,18,False,100,0.3084351953887205,0.2078818790614605,0.2172306959530555,0.11481834198872486,0.6780071019428084,0.7370006614752723,0.7673919251942001,0.24970382241147887,13,8,0.570087712549569,2500,OLS_iid,iid,False,5
11,0,1,23,230001,True,18,False,100,0.1593288732375229,0.3309842860326171,0.03025294577354594,0.029022066749560597,0.04413991268723039,0.37250870833898786,0.9283204933337972,0.24868028603537667,13,8,0.570087712549569,2500,OLS_iid,iid,False,5
10,6,6001,29,290001,True,43,False,100,0.45909267645915386,0.6856130282394588,0.0801467505879045,0.06165381639843327,0.16224569762102298,0.43699169006451916,0.901540797000726,0.21768857790413412,13,8,0.570087712549569,2500,OLS_iid,iid,False,5
10,1,1001,29,290001,True,64,False,100,0.45909267645915386,1.1905446550808847,0.10765260475348558,0.07639181577681561,0.2889038892953325,0.4738701914407382,0.8896007161075934,0.21427009220199625,13,8,0.570087712549569,2500,OLS_iid,iid,False,5
11,2,2001,1,10001,True,19,False,100,0.48212861832472625,0.21952702896669507,0.19653204720332995,0.09785661560644923,0.648744760007438,0.6975994000756025,0.7840056226303644,0.2569584795624137,13,8,0.570087712549569,2500,OLS_iid,iid,False,5
11,2,2001,17,170001,True,15,False,100,0.2717992727286835,0.1557848327793181,0.09464332511938482,0.06722482325854706,0.26196741267288665,0.44824430835254025,0.8980877261316166,0.2547845719891836,13,8,0.570087712549569,2500,OLS_iid,iid,False,5
11,1,1001,12,120001,True,18,False,100,0.4526435842227972,0.29464121675118804,0.14245038531475568,0.0810210645449585,0.4353235244639927,0.562706208213603,0.8490384378532496,0.2644832571304626,13,8,0.570087712549569,2500,OLS_iid,iid,False,5
11,2,2001,2,20001,True,16,False,100,0.5694174310539274,0.2302913456223905,0.044879457888009254,0.03954995012798544,0.0943564932890656,0.4333523045118667,0.9018825497245394,0.25593954927261975,13,8,0.570087712549569,2500,OLS_iid,iid,False,5
11,0,1,8,80001,True,18,False,100,0.7378021846205323,0.3937347992323339,0.05167186812978849,0.04485891189482964,0.0933658839637243,0.47390542824644205,0.8806825134734417,0.252942769539281,13,8,0.570087712549569,2500,OLS_iid,iid,False,5
11,2,2001,12,120001,True,15,False,100,0.4526435842227972,0.19214775087311864,0.03861258851664257,0.035817494991999335,0.0649780306898891,0.3992727221601874,0.9174081846696622,0.25318109575228703,13,8,0.570087712549569,2500,OLS_iid,iid,False,5
11,0,1,17,170001,True,18,False,100,0.2717992727286835,0.37347634695470333,0.12289170601817262,0.0779308035614053,0.35081902058261993,0.49769288363332875,0.8761648222445451,0.2541883672369149,13,8,0.570087712549569,2500,OLS_iid,iid,False,5
11,2,2001,18,180001,True,17,False,100,0.055993815810415314,0.17057960759848356,0.20296252733223227,0.10687808606481806,0.5601649198984052,0.6816364661577369,0.7987926222097749,0.24508005983379616,13,8,0.570087712549569,2500,OLS_iid,iid,False,5
11,2,2001,20,200001,True,17,False,100,0.5199905400817861,0.16970235481858253,0.19194024659825887,0.10078140414654663,0.6334596867428618,0.6707872876751296,0.7956962212048952,0.25732996639279737,13,8,0.570087712549569,2500,OLS_iid,iid,False,5
11,0,1,9,90001,True,15,False,100,0.2438247309269786,0.40256734006106853,0.23051968565043437,0.11857220102958259,0.7142109005915294,0.7689328669694135,0.7562498989391652,0.25114777865737814,13,8,0.570087712549569,2500,OLS_iid,iid,False,5
11,0,1,16,160001,True,16,False,100,0.14097023425476438,0.3806631909683347,0.04548094929039767,0.03602336512298076,0.10914247288200521,0.3818895711679259,0.9248189469814487,0.2532113114975896,13,8,0.570087712549569,2500,OLS_iid,iid,False,5
11,2,2001,8,80001,True,18,False,100,0.7378021846205323,0.22902412619441748,0.0752647033702418,0.05864148205177401,0.19535359940920716,0.5045382936484437,0.8721519455996654,0.2544959432629845,13,8,0.570087712549569,2500,OLS_iid,iid,False,5
11,0,1,19,190001,True,18,False,100,0.05131007329246667,0.3770490582101047,0.0788257621988693,0.055927312720849616,0.19254009059617838,0.4105184013130335,0.913956472974657,0.2530930658396337,13,8,0.570087712549569,2500,OLS_iid,iid,False,5
11,2,2001,25,250001,True,17,False,100,0.7621655752320462,0.16764671122655272,0.035610489136268166,0.03083885441661729,0.08659412204401369,0.47356045628951043,0.8814901960003371,0.25762657859068266,13,8,0.570087712549569,2500,OLS_iid,iid,False,5
11,1,1001,21,210001,True,22,False,100,0.029148679313564206,0.2945059579797089,0.0766477165107835,0.05658163498844441,0.1873492113243542,0.40835079533350505,0.9144779780336714,0.25461731511934094,13,8,0.570087712549569,2500,OLS_iid,iid,False,5
10,7,7001,29,290001,True,48,False,100,0.45909267645915386,0.6490999306552112,0.11975520930026365,0.07770432782694091,0.3140531752750101,0.479547487335834,0.8843498571899294,0.22436401914511075,13,8,0.570087712549569,2500,OLS_iid,iid,False,5
11,2,2001,22,220001,True,16,False,100,0.3908236145136817,0.18826761096715927,0.22585618830899926,0.1262878322368238,0.7383626286946211,0.7598853865295851,0.7545597984728898,0.25093303355828844,13,8,0.570087712549569,2500,OLS_iid,iid,False,5
11,0,1,5,50001,True,46,False,100,0.05717049244591603,0.4336458002217114,0.049403957792113797,0.04171580250391117,0.10350523376606698,0.383438324817729,0.9241431274214367,0.2533048541256743,13,8,0.570087712549569,2500,OLS_iid,iid,False,5
11,1,1001,9,90001,True,24,False,100,0.2438247309269786,0.3444828107021749,0.0853339916285318,0.058211667527601575,0.23292428265387807,0.42699336121546067,0.9066883461124925,0.2521817188203948,13,8,0.570087712549569,2500,OLS_iid,iid,False,5
11,2,2001,11,110001,True,19,False,100,0.4534722227045135,0.22572971088811755,0.06811570897860987,0.04776630776715112,0.18449247166161428,0.4405388071345572,0.9022424931994588,0.25272538154906216,13,8,0.570087712549569,2500,OLS_iid,iid,False,5
11,3,3001,10,100001,True,15,False,100,0.049720196824565785,0.14153245324268937,0.13650036913156297,0.07702583651948078,0.3673347841431349,0.5172147913901609,0.8681146972230613,0.2504490120478503,13,8,0.570087712549569,2500,OLS_iid,iid,False,5
11,1,1001,15,150001,True,17,False,100,0.6532913944757328,0.33259126264601946,0.053003443933987614,0.04098079280595304,0.15276488689820458,0.47307648172716527,0.8851518122953785,0.25067756584971324,13,8,0.570087712549569,2500,OLS_iid,iid,False,5
11,3,3001,8,80001,True,16,False,100,0.7378021846205323,0.1459080702625215,0.05410286966005843,0.04524143112180823,0.10449975536167412,0.4790433954504696,0.878989165906273,0.26030756784843345,13,8,0.570087712549569,2500,OLS_iid,iid,False,5
10,5,5001,12,120001,True,67,False,100,0.4526435842227972,0.9114052182994783,0.08749408309811146,0.06459885464507181,0.2111468767796402,0.4373834031124897,0.9017519471087093,0.2099516994791068,13,8,0.570087712549569,2500,OLS_iid,iid,False,5
10,8,8001,13,130001,True,25,False,100,0.5677230449105167,0.6016476876102388,0.21200648361851893,0.13538705971417214,0.5719731009570003,0.6517394298195692,0.807015211038816,0.2176912773734125,13,8,0.570087712549569,2500,OLS_iid,iid,False,5
10,9,9001,28,280001,True,44,False,100,0.8304813982898618,0.4660319588147104,0.1583979111730671,0.09925364401699835,0.3934732355795247,0.6712090033955217,0.7871116316350584,0.2284261481384192,13,8,0.570087712549569,2500,OLS_iid,iid,False,5
10,4,4001,16,160001,True,70,False,100,0.29627203221708387,0.9864985155873001,0.09527038515983693,0.0657356622265262,0.23755123913215664,0.414074146339432,0.911794082515461,0.21491826363091882,13,8,0.570087712549569,2500,OLS_iid,iid,False,5
10,4,4001,0,1,True,57,False,100,0.6390713786786839,1.050037964247167,0.11055321505926846,0.07218233484973835,0.2838194564525462,0.4926254531072855,0.8744384069153764,0.222517175148249,13,8,0.570087712549569,2500,OLS_iid,iid,False,5
10,9,9001,25,250001,True,23,False,100,0.7621655752320462,0.4802752579562366,0.10693429244647795,0.07264973117234944,0.2854866696906865,0.4912513447676659,0.8771262183727289,0.22139205262502856,13,8,0.570087712549569,2500,OLS_iid,iid,False,5
11,0,1,20,200001,True,16,False,100,0.5199905400817861,0.41522997291758657,0.03813061805314597,0.034323856446618964,0.07236398319767569,0.4048710099959577,0.915195270866553,0.24939738765252997,13,8,0.570087712549569,2500,OLS_iid,iid,False,5
11,3,3001,27,270001,True,17,False,100,0.4122273002434732,0.139411139767617,0.09384280619129493,0.06118894687736279,0.2732955986197397,0.4633767727148632,0.8914965891866784,0.25303735173957687,13,8,0.570087712549569,2500,OLS_iid,iid,False,5
11,1,1001,5,50001,True,15,False,100,0.05717049244591603,0.3843951211310923,0.23661614191909458,0.12460252664662673,0.6518847165062547,0.8069500223401349,0.7417271278339451,0.2546303479378269,13,8,0.570087712549569,2500,OLS_iid,iid,False,5
11,0,1,18,180001,True,18,False,100,0.055993815810415314,0.4193247901275754,0.0373583635173991,0.03537038871708817,0.06253733442887263,0.3735979003578999,0.9276934617623315,0.25890552723718263,13,8,0.570087712549569,2500,OLS_iid,iid,False,5
11,0,1,29,290001,True,19,False,100,0.45909267645915386,0.4022003342397511,0.03741723230511511,0.03371250305590986,0.07857661379276477,0.41187118312049015,0.9121806290449652,0.2567115930879734,13,8,0.570087712549569,2500,OLS_iid,iid,False,5
11,2,2001,15,150001,True,18,False,100,0.6532913944757328,0.24013767903670669,0.08601226961534486,0.05974114229924469,0.25685370261393276,0.5164238310951619,0.8689081023936036,0.25439304499416115,13,8,0.570087712549569,2500,OLS_iid,iid,False,5
10,5,5001,21,210001,True,76,False,100,0.4827392144993206,0.9195945048704743,0.07801567544938202,0.06478069254568354,0.14498558373984688,0.4176562834804678,0.9095411887909179,0.21480464489566684,13,8,0.570087712549569,2500,OLS_iid,iid,False,5
11,0,1,3,30001,True,19,False,100,0.3112730090233723,0.4800822101533413,0.049290916992790604,0.04000449746719376,0.12194750524090454,0.4082652081970079,0.9142635611845583,0.2507343882477655,13,8,0.570087712549569,2500,OLS_iid,iid,False,5
11,3,3001,16,160001,True,16,False,100,0.14097023425476438,0.16676268819719553,0.2526530921924831,0.13161699117191772,0.7414194878844745,0.8874106777469997,0.7052908808689522,0.2533756875057399,13,8,0.570087712549569,2500,OLS_iid,iid,False,5
10,9,9001,26,260001,True,30,False,100,0.5627541537636492,0.499110362958163,0.0776065134578954,0.058446230967540716,0.19260445593329498,0.4254882473613488,0.9061322544525181,0.21615028019284763,13,8,0.570087712549569,2500,OLS_iid,iid,False,5
11,2,2001,16,160001,True,21,False,100,0.14097023425476438,0.24479931313544512,0.08169805742485872,0.05365847974317792,0.19950544193928121,0.41009858537249844,0.9138054832005698,0.2545508803368378,13,8,0.570087712549569,2500,OLS_iid,iid,False,5
10,9,9001,15,150001,True,25,False,100,0.6532913944757328,0.5365534028969705,0.18891657421646496,0.10841023567983525,0.5554815102646777,0.608580953083656,0.8212685990771126,0.22177991548948522,13,8,0.570087712549569,2500,OLS_iid,iid,False,5
11,2,2001,23,230001,True,24,False,100,0.1593288732375229,0.23739509098231792,0.08306726819059515,0.05534707922702268,0.20052210364756928,0.4250257999160618,0.9076015279965706,0.2554827116485821,13,8,0.570087712549569,2500,OLS_iid,iid,False,5
11,2,2001,9,90001,True,15,False,100,0.2438247309269786,0.2793359849601984,0.25919151909041643,0.1348223834246441,0.8178989475479884,0.9052645598227882,0.6945952516470633,0.25656873794964474,13,8,0.570087712549569,2500,OLS_iid,iid,False,5
10,7,7001,24,240001,True,53,False,100,0.3222156882498047,0.7298121452331543,0.10675007218467855,0.07399964808420796,0.3077018640221926,0.44296959423427756,0.8989216999640828,0.22239666779362802,13,8,0.570087712549569,2500,OLS_iid,iid,False,5
11,1,1001,8,80001,True,16,False,100,0.7378021846205323,0.408391245175153,0.1779709626367821,0.10054428086378878,0.6213873656083401,0.6902994778645795,0.7817050400212329,0.25738706380158183,13,8,0.570087712549569,2500,OLS_iid,iid,False,5
11,0,1,22,220001,True,21,False,100,0.3908236145136817,0.4418271272443235,0.10314442449901026,0.07307374984436737,0.2910320767583415,0.46892775006797194,0.8899547990835608,0.2573964029610137,13,8,0.570087712549569,2500,OLS_iid,iid,False,5
11,4,4001,9,90001,True,16,False,100,0.2438247309269786,0.1421457389369607,0.05277539448233411,0.042474569286163735,0.12820123806749034,0.38852143533603156,0.9223463931030611,0.2546851633674425,13,8,0.570087712549569,2500,OLS_iid,iid,False,5
11,3,3001,14,140001,True,16,False,100,0.5661545048139004,0.19733088091015816,0.07709906982224382,0.05359291027309657,0.22109443776536153,0.4832082021526298,0.8847243589902181,0.25256207408559417,13,8,0.570087712549569,2500,OLS_iid,iid,False,5
11,3,3001,7,70001,True,16,False,100,0.09446287305346808,0.21380814304575324,0.05050487344221796,0.04055410598949695,0.10726669455268258,0.39903275107429437,0.9180216631727864,0.25379099124568627,13,8,0.570087712549569,2500,OLS_iid,iid,False,5
11,2,2001,29,290001,True,17,False,100,0.45909267645915386,0.2472127047367394,0.027552307589260562,0.026872940814503758,0.03562473852514806,0.39967794100697973,0.9170775334075809,0.25468914883229515,13,8,0.570087712549569,2500,OLS_iid,iid,False,5
11,2,2001,13,130001,True,34,False,100,0.24306915790932587,0.29900048300623894,0.07725152373008988,0.056746363330773764,0.19933930903416178,0.427443446789035,0.9062613046975196,0.2542294213793129,13,8,0.570087712549569,2500,OLS_iid,iid,False,5
11,2,2001,6,60001,True,16,False,100,0.14772923374098243,0.33392364205792546,0.036882554903865196,0.03542302023789183,0.058414817979651174,0.37622476866511656,0.9268465868628977,0.25019368517476753,13,8,0.570087712549569,2500,OLS_iid,iid,False,5
11,1,1001,23,230001,True,18,False,100,0.1593288732375229,0.37881122482940555,0.05592290508215734,0.04231428730107386,0.15253858220056807,0.3995251866830868,0.9179229079948119,0.25166810152562613,13,8,0.570087712549569,2500,OLS_iid,iid,False,5
11,1,1001,22,220001,True,17,False,100,0.3908236145136817,0.38098049769178033,0.1768875180575094,0.1066668068403582,0.5432354404400752,0.6224090841079502,0.8198829056642584,0.26106856814990176,13,8,0.570087712549569,2500,OLS_iid,iid,False,5
11,1,1001,25,250001,True,17,False,100,0.7621655752320462,0.3758457079529762,0.12237538889117791,0.06542168898919616,0.4123705324005485,0.6362523808972622,0.8174258394568146,0.25645810760924703,13,8,0.570087712549569,2500,OLS_iid,iid,False,5
10,9,9001,4,40001,True,55,False,100,0.32711411102733673,0.6122013470157981,0.09066364237625478,0.07412076437372071,0.2082255863797058,0.42160866607534464,0.9093061380384019,0.21828762870804194,13,8,0.570087712549569,2500,OLS_iid,iid,False,5
11,3,3001,0,1,True,20,False,100,0.3084351953887205,0.26133889611810446,0.1838383877437329,0.09982347451800924,0.5541924750998788,0.6307041925672089,0.8144406824692874,0.2522917493251159,13,8,0.570087712549569,2500,OLS_iid,iid,False,5
11,3,3001,9,90001,True,25,False,100,0.2438247309269786,0.2352572767995298,0.0938006790599215,0.05689100543860851,0.2637942479610902,0.4477959414257051,0.898578626964453,0.2514902976944982,13,8,0.570087712549569,2500,OLS_iid,iid,False,5
10,8,8001,26,260001,True,64,False,100,0.5627541537636492,0.6437162030488253,0.07178850218896433,0.057160303541861586,0.17859081213730893,0.4163534016542103,0.9103474225286444,0.21217408024177029,13,8,0.570087712549569,2500,OLS_iid,iid,False,5
11,4,4001,26,260001,True,16,False,100,0.5627541537636492,0.1394227589480579,0.2637837301427583,0.13876620553225202,0.9834427549275838,0.9201920377917395,0.6750905931863083,0.25721094178231435,13,8,0.570087712549569,2500,OLS_iid,iid,False,5
11,1,1001,6,60001,True,26,False,100,0.14772923374098243,0.45210612704977393,0.06044005298649738,0.05059040718355555,0.1358924085262658,0.3995164805013991,0.9173916910095057,0.25561642321467354,13,8,0.570087712549569,2500,OLS_iid,iid,False,5
11,3,3001,5,50001,True,31,False,100,0.05717049244591603,0.24643039098009467,0.06931742454857391,0.04928504745238444,0.16334933868583892,0.3989376875906927,0.9179838305370378,0.2540381709543663,13,8,0.570087712549569,2500,OLS_iid,iid,False,5
10,8,8001,6,60001,True,51,False,100,0.14772923374098243,0.7118685939349234,0.0949326827471956,0.06831173766395278,0.24930935451273598,0.4202029336559458,0.9100184835384143,0.21213953669339172,13,8,0.570087712549569,2500,OLS_iid,iid,False,5
11,2,2001,5,50001,True,15,False,100,0.05717049244591603,0.35842192312702537,0.05199141063189734,0.0414812445196889,0.11303988450776639,0.3801247018372637,0.9254981065948318,0.24971186087714145,13,8,0.570087712549569,2500,OLS_iid,iid,False,5
11,3,3001,18,180001,True,15,False,100,0.055993815810415314,0.23095785081386566,0.05151845418493727,0.04300733007309869,0.11399696826520474,0.39039166962187727,0.9218352418096039,0.24753092911335733,13,8,0.570087712549569,2500,OLS_iid,iid,False,5
11,3,3001,24,240001,True,15,False,100,0.23431211068135716,0.22169757168740034,0.1603531302946462,0.09285630920046896,0.47524736050751315,0.5501346476553388,0.8521889795347126,0.24980522901497207,13,8,0.570087712549569,2500,OLS_iid,iid,False,5
11,3,3001,2,20001,True,22,False,100,0.5694174310539274,0.2548901247791946,0.1383568812886333,0.08306779180509635,0.43364378383347485,0.5723808700122661,0.8474543425038483,0.2601865908023122,13,8,0.570087712549569,2500,OLS_iid,iid,False,5
11,0,1,13,130001,True,23,False,100,0.24306915790932587,0.5286160036921501,0.26852656174374706,0.14252196456926736,0.8699345112000613,0.9532726494393082,0.6745649296291543,0.2513317390813057,13,8,0.570087712549569,2500,OLS_iid,iid,False,5
11,1,1001,10,100001,True,55,False,100,0.049720196824565785,0.45533627178519964,0.06786031316161376,0.04793428968964474,0.17805823622347758,0.4065197957190299,0.9147749894009756,0.2507018062251742,13,8,0.570087712549569,2500,OLS_iid,iid,False,5
11,4,4001,21,210001,True,17,False,100,0.029148679313564206,0.164787654299289,0.1733801182085893,0.09974897573850904,0.4516470464050181,0.585580985211781,0.8371806965651087,0.2559762175328179,13,8,0.570087712549569,2500,OLS_iid,iid,False,5
11,4,4001,20,200001,True,15,False,100,0.5199905400817861,0.1761089158244431,0.26785284069243703,0.13800493944079747,0.9982144466774715,0.951069924244861,0.6700367359076274,0.254791849599281,13,8,0.570087712549569,2500,OLS_iid,iid,False,5
11,2,2001,10,100001,True,32,False,100,0.049720196824565785,0.35186796402558684,0.09743812097551773,0.060944937950658,0.24179308633014562,0.44866163283708316,0.8977956812651313,0.2574494876378826,13,8,0.570087712549569,2500,OLS_iid,iid,False,5
11,5,5001,3,30001,True,15,False,100,0.3112730090233723,0.14080786891281605,0.05346941199988306,0.04469203263911259,0.12136145283279068,0.4094242798993902,0.9138130653609671,0.25116929824310674,13,8,0.570087712549569,2500,OLS_iid,iid,False,5
11,1,1001,0,1,True,17,False,100,0.3084351953887205,0.4891928299330175,0.03315653721841642,0.0312161816748369,0.05666645363848528,0.3845440859843697,0.9234734520804261,0.2567498364481687,13,8,0.570087712549569,2500,OLS_iid,iid,False,5
11,3,3001,25,250001,True,17,False,100,0.7621655752320462,0.23568331403657794,0.06719716899760503,0.048008787006631866,0.20132313512522906,0.5342262498625522,0.859510491156967,0.25619719318165396,13,8,0.570087712549569,2500,OLS_iid,iid,False,5
11,2,2001,14,140001,True,17,False,100,0.5661545048139004,0.3402896230109036,0.17427297266560393,0.09366158504712527,0.5715156794746982,0.664906673942208,0.8034196399170898,0.25770404153976517,13,8,0.570087712549569,2500,OLS_iid,iid,False,5
11,3,3001,20,200001,True,15,False,100,0.5199905400817861,0.24868445377796888,0.2026991422165421,0.10865073257958387,0.667618477665289,0.7179896976716437,0.774528366464422,0.2540155812979702,13,8,0.570087712549569,2500,OLS_iid,iid,False,5
11,4,4001,5,50001,True,22,False,100,0.05717049244591603,0.23006941797211766,0.055532705698420295,0.045078039201787753,0.11854440076678599,0.3835206654281836,0.9244651523793994,0.25185425027485714,13,8,0.570087712549569,2500,OLS_iid,iid,False,5
10,9,9001,11,110001,True,51,False,100,0.4534722227045135,0.6477769711054862,0.11752002218607745,0.07862106058025874,0.3199240488671094,0.48066415146500113,0.88660217614642,0.2130649746597765,13,8,0.570087712549569,2500,OLS_iid,iid,False,5
11,3,3001,13,130001,True,28,False,100,0.24306915790932587,0.2766810259781778,0.10181377364904019,0.0647580729548234,0.274858820933589,0.4676641061027792,0.88910121000511,0.2540683850085881,13,8,0.570087712549569,2500,OLS_iid,iid,False,5
11,4,4001,2,20001,True,18,False,100,0.5694174310539274,0.24648299999535084,0.04664189853946111,0.038279042961691316,0.11144105763401531,0.43730648602903055,0.9005704954307385,0.24973168016541816,13,8,0.570087712549569,2500,OLS_iid,iid,False,5
11,4,4001,24,240001,True,23,False,100,0.23431211068135716,0.1939736669883132,0.09492044315625689,0.06715652659879023,0.2557685988845778,0.4404261667949846,0.9010918109702076,0.2571320089112923,13,8,0.570087712549569,2500,OLS_iid,iid,False,5
11,4,4001,18,180001,True,25,False,100,0.055993815810415314,0.21455470705404878,0.08169047522996074,0.05763874840050731,0.19540524557262468,0.4196160608366182,0.9097249490674482,0.2509703574967416,13,8,0.570087712549569,2500,OLS_iid,iid,False,5
11,3,3001,21,210001,True,24,False,100,0.029148679313564206,0.2728508058935404,0.08688679502450634,0.06402377634746367,0.20635458207758453,0.4153749946291216,0.91134337034008,0.2516240501658644,13,8,0.570087712549569,2500,OLS_iid,iid,False,5
11,5,5001,17,170001,True,15,False,100,0.2717992727286835,0.14120870595797896,0.07369360327310544,0.056203345545976086,0.19173451832428287,0.4203824227822631,0.9105414995692475,0.24944700842572198,13,8,0.570087712549569,2500,OLS_iid,iid,False,5
11,5,5001,14,140001,True,16,False,100,0.5661545048139004,0.15546484617516398,0.17118365814117664,0.09342845046479373,0.5686606744617636,0.6346229590894847,0.8128633806047523,0.2603262630797144,13,8,0.570087712549569,2500,OLS_iid,iid,False,5
11,3,3001,29,290001,True,16,False,100,0.45909267645915386,0.2713925470598042,0.2538097406760045,0.13030674398320286,0.8882999054996479,0.8751385086427483,0.7012090301713243,0.2575779830391332,13,8,0.570087712549569,2500,OLS_iid,iid,False,5
10,8,8001,9,90001,True,56,False,100,0.4021297030478624,0.7615922992117703,0.11152948113875302,0.07673723240521116,0.24177507401734788,0.44045034511711817,0.9025666046484132,0.21621873641361272,13,8,0.570087712549569,2500,OLS_iid,iid,False,5
11,4,4001,29,290001,True,17,False,100,0.45909267645915386,0.19729870092123747,0.05502240813791371,0.04327786226377295,0.1394581571975953,0.43329673302597316,0.9054969142933891,0.24873370049089516,13,8,0.570087712549569,2500,OLS_iid,iid,False,5
11,4,4001,6,60001,True,26,False,100,0.14772923374098243,0.2734426208771765,0.08571808226843328,0.05870804804868086,0.21982712330511647,0.42567329267922815,0.9072658033119871,0.25523596420794076,13,8,0.570087712549569,2500,OLS_iid,iid,False,5
11,5,5001,29,290001,True,15,False,100,0.45909267645915386,0.13804251980036497,0.03091913026679188,0.02980337878038649,0.04303200812927631,0.4060352566190654,0.9147155844917398,0.254579299698084,13,8,0.570087712549569,2500,OLS_iid,iid,False,5
11,3,3001,28,280001,True,17,False,100,0.5497524938266714,0.28943295683711767,0.04229433545658868,0.039048496624488324,0.08104200533101293,0.42004147920694274,0.90868158966858,0.25575281801663025,13,8,0.570087712549569,2500,OLS_iid,iid,False,5
11,2,2001,21,210001,True,18,False,100,0.029148679313564206,0.3756314995698631,0.1761284111367408,0.09952052595620876,0.4597111090001934,0.6026793418508842,0.83319963166732,0.25083768002286494,13,8,0.570087712549569,2500,OLS_iid,iid,False,5
11,2,2001,19,190001,True,20,False,100,0.05131007329246667,0.3776928731240332,0.0736926901591577,0.05289330838723489,0.18049216381157374,0.398970810112673,0.9187809073734783,0.2535960663066495,13,8,0.570087712549569,2500,OLS_iid,iid,False,5
11,3,3001,17,170001,True,15,False,100,0.2717992727286835,0.3126488868147135,0.08334319202341006,0.059866430450460625,0.22291787326733672,0.42805018767961617,0.9064357103806078,0.2523265113601403,13,8,0.570087712549569,2500,OLS_iid,iid,False,5
10,2,2001,16,160001,True,52,False,100,0.29627203221708387,1.3799722883850336,0.12795447433703214,0.08321911444191439,0.3318587497169998,0.46086087462062336,0.8931956435079389,0.21603237551128224,13,8,0.570087712549569,2500,OLS_iid,iid,False,5
11,5,5001,16,160001,True,17,False,100,0.14097023425476438,0.18108245730400085,0.036348183260513284,0.033680681084056856,0.06237159833734268,0.37199097836585343,0.9284140123964857,0.2547975009463139,13,8,0.570087712549569,2500,OLS_iid,iid,False,5
11,2,2001,27,270001,True,15,False,100,0.4122273002434732,0.36496442183852196,0.2694917094008209,0.14097903076785942,0.9460337699476705,0.9534606359006075,0.6696953078010726,0.25119035949123925,13,8,0.570087712549569,2500,OLS_iid,iid,False,5
11,5,5001,7,70001,True,21,False,100,0.09446287305346808,0.2029155078344047,0.033250209040954215,0.03085335204761388,0.06451930660824012,0.37481359707029005,0.9275303861276212,0.2567094693158092,13,8,0.570087712549569,2500,OLS_iid,iid,False,5
11,4,4001,12,120001,True,16,False,100,0.4526435842227972,0.26374199613928795,0.09727936460202938,0.06539364817039701,0.2846279857207064,0.4731559008121564,0.8888895845017004,0.254070769216052,13,8,0.570087712549569,2500,OLS_iid,iid,False,5
11,6,6001,3,30001,True,15,False,100,0.3112730090233723,0.15715879295021296,0.0410736720426875,0.036329689557807424,0.08763372578042876,0.39794742189136373,0.9178804361341661,0.256457032514751,13,8,0.570087712549569,2500,OLS_iid,iid,False,5
11,3,3001,26,260001,True,16,False,100,0.5627541537636492,0.3143571252003312,0.2508820429021207,0.13187317714361682,0.9215981805015061,0.8527907857795691,0.7051435074195234,0.2516166144297269,13,8,0.570087712549569,2500,OLS_iid,iid,False,5
11,5,5001,22,220001,True,19,False,100,0.3908236145136817,0.18491802690550685,0.08887100762391285,0.06674326209150706,0.2395786944922262,0.4458965343720258,0.8991290164768848,0.2535088548575279,13,8,0.570087712549569,2500,OLS_iid,iid,False,5
11,5,5001,12,120001,True,17,False,100,0.4526435842227972,0.20691576600074768,0.03615407171748689,0.033047106970845216,0.06737739605457836,0.40503810273881613,0.9145350132584991,0.2555100242174257,13,8,0.570087712549569,2500,OLS_iid,iid,False,5
11,3,3001,4,40001,True,15,False,100,0.32711411102733673,0.35768156917765737,0.2787884578844154,0.1534859484159618,0.9314235948358935,1.0086450504634163,0.6540234529893181,0.2503451777817721,13,8,0.570087712549569,2500,OLS_iid,iid,False,5
11,3,3001,3,30001,True,15,False,100,0.3112730090233723,0.3608182040043175,0.2439670729522732,0.1278254990882626,0.7824452718284706,0.8396124998669866,0.7211616047780505,0.2518492765654627,13,8,0.570087712549569,2500,OLS_iid,iid,False,5
11,3,3001,1,10001,True,16,False,100,0.48212861832472625,0.3615353889763355,0.2779918758437762,0.16764644045298624,0.7042974711022075,1.0277861853699393,0.6431747033245752,0.2556296846075282,13,8,0.570087712549569,2500,OLS_iid,iid,False,5
11,5,5001,24,240001,True,22,False,100,0.23431211068135716,0.1911907782778144,0.06454191300188511,0.05002142958258401,0.16039206175084136,0.40121449817136673,0.9169291192,0.25632697955231704,13,8,0.570087712549569,2500,OLS_iid,iid,False,5
11,6,6001,20,200001,True,15,False,100,0.5199905400817861,0.12535690795630217,0.2201381478921338,0.11031601558331085,0.7658689807653183,0.7551250766007629,0.7561544658392222,0.2557482791738361,13,8,0.570087712549569,2500,OLS_iid,iid,False,5
11,3,3001,12,120001,True,34,False,100,0.4526435842227972,0.3550409092567861,0.08648761127218285,0.057890424419349,0.2469588932190182,0.45888514607996533,0.8944624840107154,0.2603483348661789,13,8,0.570087712549569,2500,OLS_iid,iid,False,5
11,4,4001,25,250001,True,18,False,100,0.7621655752320462,0.26392922503873706,0.0654345856466731,0.04459679990775585,0.2033000884818709,0.5176421276514949,0.8665141892362181,0.25603793402879194,13,8,0.570087712549569,2500,OLS_iid,iid,False,5
11,5,5001,4,40001,True,15,False,100,0.32711411102733673,0.2416693982668221,0.207762503028871,0.11387181822620719,0.6388685852842568,0.7055896816832523,0.7809455351226267,0.25282742650853113,13,8,0.570087712549569,2500,OLS_iid,iid,False,5
10,9,9001,6,60001,True,78,False,100,0.14772923374098243,0.7449971768073738,0.08440233635590412,0.06658174479100391,0.16914577462822034,0.4091988733895118,0.9135867176759828,0.21366408641632978,13,8,0.570087712549569,2500,OLS_iid,iid,False,5
11,5,5001,15,150001,True,18,False,100,0.6532913944757328,0.21899066399782896,0.12371966866131599,0.06780978875592467,0.4094370764161818,0.5755593339300646,0.8479155403564262,0.25332660562217124,13,8,0.570087712549569,2500,OLS_iid,iid,False,5
11,5,5001,20,200001,True,18,False,100,0.5199905400817861,0.2128089708276093,0.258106319734268,0.13151550975825693,0.9388508509838437,0.8966229738130707,0.6899502895786851,0.2523608468066204,13,8,0.570087712549569,2500,OLS_iid,iid,False,5
10,4,4001,24,240001,True,54,False,100,0.3222156882498047,1.1790039748884737,0.07145029148933728,0.06128143892346362,0.15061412077263983,0.40962820030905506,0.913072207039041,0.22157487024510297,13,8,0.570087712549569,2500,OLS_iid,iid,False,5
11,2,2001,26,260001,True,20,False,100,0.5627541537636492,0.41178755881264806,0.06732018939243635,0.0501780864109392,0.19561783168775895,0.4442848875155089,0.900435541138373,0.2546473064717246,13,8,0.570087712549569,2500,OLS_iid,iid,False,5
11,1,1001,19,190001,True,38,False,100,0.05131007329246667,0.5594198750331998,0.078555557831825,0.0545452944428147,0.19315426930204244,0.413793084829007,0.9122856488482749,0.2521800103069332,13,8,0.570087712549569,2500,OLS_iid,iid,False,5
11,3,3001,19,190001,True,17,False,100,0.05131007329246667,0.36681860825046897,0.2724174288286596,0.14302431303749308,0.8076216602534656,0.9727792494104927,0.6756944943235388,0.25448051234514524,13,8,0.570087712549569,2500,OLS_iid,iid,False,5
11,6,6001,11,110001,True,18,False,100,0.4534722227045135,0.17370432382449508,0.2739080861594768,0.14252374182249472,0.9699467273292428,0.9964012410102945,0.651286213644272,0.2542088696824607,13,8,0.570087712549569,2500,OLS_iid,iid,False,5
11,6,6001,2,20001,True,19,False,100,0.5694174310539274,0.2040069098584354,0.13352960615512677,0.07987265665726243,0.42066274685226335,0.5692522285143725,0.8472133051758192,0.2584868119168422,13,8,0.570087712549569,2500,OLS_iid,iid,False,5
11,4,4001,10,100001,True,23,False,100,0.049720196824565785,0.3211311521008611,0.07978356291473754,0.0541606526035108,0.20186404888445136,0.42436433276784824,0.9075559402196292,0.25232646847647194,13,8,0.570087712549569,2500,OLS_iid,iid,False,5
11,4,4001,23,230001,True,16,False,100,0.1593288732375229,0.2931944392621517,0.03719686343876717,0.03461050192257619,0.07419887748293576,0.37510526412614065,0.9272106146310595,0.25260119288602956,13,8,0.570087712549569,2500,OLS_iid,iid,False,5
11,7,7001,2,20001,True,16,False,100,0.5694174310539274,0.13969560666009784,0.2068386524756161,0.11124008409565113,0.703737437495433,0.7149591356019683,0.7705300694362537,0.2574108628197365,13,8,0.570087712549569,2500,OLS_iid,iid,False,5
11,6,6001,5,50001,True,18,False,100,0.05717049244591603,0.20615682331845164,0.20989262419516444,0.11440975275378097,0.5732781049837132,0.6876676664137025,0.7930377841182151,0.2523954914831983,13,8,0.570087712549569,2500,OLS_iid,iid,False,5
11,3,3001,15,150001,True,18,False,100,0.6532913944757328,0.38625693740323186,0.031436597656006905,0.029746494791203757,0.052194944193624526,0.4459168149756169,0.8956124915785665,0.25391429258913345,13,8,0.570087712549569,2500,OLS_iid,iid,False,5
11,4,4001,3,30001,True,17,False,100,0.3112730090233723,0.3621533536352217,0.20472540382494253,0.10585641531806642,0.6312892369482445,0.6957658321355953,0.7867100580624315,0.25219749296057414,13,8,0.570087712549569,2500,OLS_iid,iid,False,5
11,6,6001,14,140001,True,17,False,100,0.5661545048139004,0.18503218609839678,0.12414799801281495,0.07529318044870022,0.3780766844915663,0.5572256191411302,0.8555048802443492,0.2570626154350216,13,8,0.570087712549569,2500,OLS_iid,iid,False,5
11,3,3001,6,60001,True,19,False,100,0.14772923374098243,0.41418799106031656,0.04701640225088367,0.04302355645681945,0.09788722607988808,0.37922227909544604,0.9259477961330222,0.2564838652465016,13,8,0.570087712549569,2500,OLS_iid,iid,False,5
11,7,7001,3,30001,True,16,False,100,0.3112730090233723,0.15515872789546847,0.037965459533345604,0.03392233052485211,0.07723339484236282,0.39433720005570394,0.9193369411788507,0.25561617747495413,13,8,0.570087712549569,2500,OLS_iid,iid,False,5
11,7,7001,5,50001,True,15,False,100,0.05717049244591603,0.14851127890869975,0.05011315901886283,0.041331360490417704,0.1073459892224659,0.3831814171755685,0.924499715006414,0.25217766557124094,13,8,0.570087712549569,2500,OLS_iid,iid,False,5
11,6,6001,28,280001,True,17,False,100,0.5497524938266714,0.16795700881630182,0.06297078393968687,0.048894825612835965,0.16263078900491992,0.4524987139070705,0.8968048109525889,0.2569741854984064,13,8,0.570087712549569,2500,OLS_iid,iid,False,5
11,4,4001,14,140001,True,15,False,100,0.5661545048139004,0.34159411303699017,0.27167556475887594,0.14229918645870343,1.0534074639117113,0.9718743708333772,0.6544175868080169,0.252490105440579,13,8,0.570087712549569,2500,OLS_iid,iid,False,5
11,6,6001,25,250001,True,17,False,100,0.7621655752320462,0.17556177964434028,0.08310435498443529,0.05255622515766015,0.2660569109726471,0.5649097516274517,0.8493000851993706,0.26023521949743184,13,8,0.570087712549569,2500,OLS_iid,iid,False,5
11,6,6001,23,230001,True,17,False,100,0.1593288732375229,0.17923032073304057,0.18356352622070227,0.09834773064635262,0.5036352711029877,0.631353850913068,0.8163374866921085,0.2552585284330292,13,8,0.570087712549569,2500,OLS_iid,iid,False,5
11,4,4001,17,170001,True,15,False,100,0.2717992727286835,0.3483439409174025,0.2545231035323527,0.13775852101729075,0.8244530866526987,0.8790187515465904,0.7048078368723385,0.25620805638157046,13,8,0.570087712549569,2500,OLS_iid,iid,False,5
11,7,7001,8,80001,True,18,False,100,0.7378021846205323,0.16872548311948776,0.06245240289917349,0.049650794441368655,0.15211304664715652,0.4914023239981722,0.8751224685726715,0.26162806406815975,13,8,0.570087712549569,2500,OLS_iid,iid,False,5
11,4,4001,7,70001,True,20,False,100,0.09446287305346808,0.3883805312216282,0.055922006079764816,0.04435527981997504,0.13582432485248663,0.3992292152385581,0.9174515276245488,0.25109765337458456,13,8,0.570087712549569,2500,OLS_iid,iid,False,5
11,6,6001,8,80001,True,21,False,100,0.7378021846205323,0.23455322301015258,0.06823400213202939,0.054597494953084476,0.17019404375249744,0.4889329204721494,0.8768070104474472,0.2575899514785671,13,8,0.570087712549569,2500,OLS_iid,iid,False,5
11,4,4001,19,190001,True,15,False,100,0.05131007329246667,0.3541703959926963,0.027879198037930666,0.0269397731499848,0.04463659041413236,0.36817179496206975,0.929959582383453,0.26014535978912257,13,8,0.570087712549569,2500,OLS_iid,iid,False,5
11,4,4001,4,40001,True,21,False,100,0.32711411102733673,0.39492390025407076,0.04245016105044831,0.03967399214508818,0.07796838856747729,0.38855823471302914,0.9215841069764106,0.2537704001595549,13,8,0.570087712549569,2500,OLS_iid,iid,False,5
11,6,6001,10,100001,True,27,False,100,0.049720196824565785,0.22783664520829916,0.07699852314621387,0.05213667385369639,0.19621581015257686,0.4224273752950608,0.9084990228432581,0.24797657584827903,13,8,0.570087712549569,2500,OLS_iid,iid,False,5
11,7,7001,1,10001,True,19,False,100,0.48212861832472625,0.18584229098632932,0.25385617880260664,0.1306064413558669,0.8998529609234772,0.8645135254300809,0.7027291552675713,0.2537832771884753,13,8,0.570087712549569,2500,OLS_iid,iid,False,5
11,4,4001,8,80001,True,16,False,100,0.7378021846205323,0.38028509402647614,0.05235510990957976,0.04682895717644115,0.08689466982839321,0.4690638044320712,0.8833372208502535,0.2555602502252081,13,8,0.570087712549569,2500,OLS_iid,iid,False,5
11,5,5001,25,250001,True,17,False,100,0.7621655752320462,0.27023704582825303,0.21237425714382832,0.1046828854552244,0.795624076383155,0.7716188374688375,0.7301643519769857,0.26240720334237605,13,8,0.570087712549569,2500,OLS_iid,iid,False,5
11,5,5001,27,270001,True,15,False,100,0.4122273002434732,0.2718422939069569,0.2547237985620653,0.13260293072867996,0.8750969597068082,0.8881163479920166,0.6959455683368352,0.25079108312638143,13,8,0.570087712549569,2500,OLS_iid,iid,False,5
11,7,7001,19,190001,True,15,False,100,0.05131007329246667,0.1515044760890305,0.06714130059289905,0.050532276479092836,0.16363717623140883,0.39420606928690216,0.9204328006302638,0.2524396126985029,13,8,0.570087712549569,2500,OLS_iid,iid,False,5
11,5,5001,13,130001,True,19,False,100,0.24306915790932587,0.3103457959368825,0.029078245797775397,0.027579998551841338,0.043077341743039094,0.38218429309402646,0.9247920891987484,0.2536283335319527,13,8,0.570087712549569,2500,OLS_iid,iid,False,5
11,7,7001,17,170001,True,17,False,100,0.2717992727286835,0.1614895979873836,0.09523472011630522,0.06478774315334354,0.24373313614731912,0.4500297436995002,0.8979754708801471,0.2526168981576652,13,8,0.570087712549569,2500,OLS_iid,iid,False,5
11,2,2001,28,280001,True,16,False,100,0.5497524938266714,0.4935306659899652,0.05572689302840302,0.04530766231490102,0.1373220392654258,0.43161138609341265,0.9056135390380997,0.2563593260004273,13,8,0.570087712549569,2500,OLS_iid,iid,False,5
11,6,6001,1,10001,True,16,False,100,0.48212861832472625,0.2805729662068188,0.031199499173996115,0.030350119179811143,0.046757645889480864,0.40957231788193826,0.9123153093938741,0.26076478559053545,13,8,0.570087712549569,2500,OLS_iid,iid,False,5
11,3,3001,11,110001,True,17,False,100,0.4534722227045135,0.462777363602072,0.20224859545325882,0.10329825490772968,0.6869399270533486,0.667888120605648,0.7925222280132282,0.2524262901761644,13,8,0.570087712549569,2500,OLS_iid,iid,False,5
11,5,5001,28,280001,True,16,False,100,0.5497524938266714,0.2950677340850234,0.07214477062628784,0.05265949324793206,0.19841696074085566,0.45870097137094407,0.896661662067372,0.25565284275905176,13,8,0.570087712549569,2500,OLS_iid,iid,False,5
11,7,7001,4,40001,True,22,False,100,0.32711411102733673,0.21117032412439585,0.11307588234395334,0.0728254272677473,0.3278668170215095,0.4794068252387659,0.8845727142432178,0.25614834850028867,13,8,0.570087712549569,2500,OLS_iid,iid,False,5
11,3,3001,23,230001,True,52,False,100,0.1593288732375229,0.45578356785699725,0.05689752317135666,0.042291602569885026,0.13930872314928128,0.3947078780505644,0.9195597128574342,0.25524961368638893,13,8,0.570087712549569,2500,OLS_iid,iid,False,5
11,8,8001,3,30001,True,15,False,100,0.3112730090233723,0.14271566411480308,0.03175095531383614,0.03005423838464207,0.056940078064442005,0.4006126515621218,0.91680013502848,0.2548095607972085,13,8,0.570087712549569,2500,OLS_iid,iid,False,5
11,4,4001,11,110001,True,16,False,100,0.4534722227045135,0.4082025168463588,0.26282723041212624,0.1347651899457642,0.9210824579045831,0.9395004537548952,0.6748386582432664,0.257203203571649,13,8,0.570087712549569,2500,OLS_iid,iid,False,5
11,7,7001,11,110001,True,18,False,100,0.4534722227045135,0.205225579906255,0.1763210510278644,0.09233935374794268,0.5812148971416555,0.610898202195076,0.8212124639138314,0.25901387730304337,13,8,0.570087712549569,2500,OLS_iid,iid,False,5
11,4,4001,27,270001,True,18,False,100,0.4122273002434732,0.3695367160253227,0.1540086092431091,0.08749227290079592,0.4735808012760895,0.5705807160151437,0.843390167264201,0.2513857201419171,13,8,0.570087712549569,2500,OLS_iid,iid,False,5
11,5,5001,1,10001,True,21,False,100,0.48212861832472625,0.36720580514520407,0.06617065996867492,0.046044859620155296,0.18651437837640686,0.4292958830215491,0.907075936659265,0.2539805534957827,13,8,0.570087712549569,2500,OLS_iid,iid,False,5
11,4,4001,1,10001,True,15,False,100,0.48212861832472625,0.44259257009252906,0.2614540055744021,0.13434406095676307,0.952703719931698,0.9198516646613359,0.6832278734916192,0.2508079046543988,13,8,0.570087712549569,2500,OLS_iid,iid,False,5
11,5,5001,2,20001,True,17,False,100,0.5694174310539274,0.3635202730074525,0.10430310940853527,0.06415424014145475,0.3201131216224005,0.5142972390481124,0.8731406041967522,0.25314078250631694,13,8,0.570087712549569,2500,OLS_iid,iid,False,5
11,4,4001,28,280001,True,17,False,100,0.5497524938266714,0.374905776232481,0.0627084090538861,0.05036621405873119,0.15991313676189517,0.44110514383233596,0.9018063167901296,0.25869224204936975,13,8,0.570087712549569,2500,OLS_iid,iid,False,5
11,8,8001,12,120001,True,15,False,100,0.4526435842227972,0.12211241386830807,0.04844918139122831,0.04084211128611364,0.11950040132824014,0.40400738062447517,0.9157736389583875,0.26049584891862526,13,8,0.570087712549569,2500,OLS_iid,iid,False,5
11,5,5001,6,60001,True,15,False,100,0.14772923374098243,0.3623646222986281,0.04078384672181653,0.03761784791039342,0.07628929948797106,0.3814232487731365,0.9248833003344787,0.2568819922643917,13,8,0.570087712549569,2500,OLS_iid,iid,False,5
11,7,7001,9,90001,True,21,False,100,0.2438247309269786,0.2234094087034464,0.03679258964775376,0.0340418962153201,0.06578599842792654,0.3711231054856087,0.9290643585622129,0.2548033500747842,13,8,0.570087712549569,2500,OLS_iid,iid,False,5
11,8,8001,5,50001,True,15,False,100,0.05717049244591603,0.155114128254354,0.21845608581248893,0.1170250062183912,0.607605491677609,0.7235485568724215,0.778008055815579,0.25213147632034055,13,8,0.570087712549569,2500,OLS_iid,iid,False,5
11,6,6001,29,290001,True,17,False,100,0.45909267645915386,0.2517024087719619,0.06639194015071673,0.04576539239396666,0.1827400923698468,0.43565180517333124,0.905161165151208,0.25739474499231374,13,8,0.570087712549569,2500,OLS_iid,iid,False,5
11,5,5001,19,190001,True,15,False,100,0.05131007329246667,0.34882255690172315,0.047549725324260037,0.04241479979822308,0.0944922158750449,0.3752689280404835,0.9273289922406707,0.2560683067601442,13,8,0.570087712549569,2500,OLS_iid,iid,False,5
10,8,8001,16,160001,True,75,False,100,0.29627203221708387,0.9535389416851103,0.08766542071550126,0.06104224216602183,0.2344373944163361,0.41368018678215335,0.9121450051476919,0.219793592461271,13,8,0.570087712549569,2500,OLS_iid,iid,False,5
11,5,5001,21,210001,True,16,False,100,0.029148679313564206,0.34847061010077596,0.06333468736204699,0.050025167353438475,0.13868829952737002,0.3903861699218988,0.9216374800837999,0.25666409652108413,13,8,0.570087712549569,2500,OLS_iid,iid,False,5
11,8,8001,2,20001,True,18,False,100,0.5694174310539274,0.17240516422316432,0.1173250175554647,0.07318712517263858,0.3584387595578241,0.5282690324000734,0.8649833659616408,0.2530534820346584,13,8,0.570087712549569,2500,OLS_iid,iid,False,5
11,5,5001,11,110001,True,17,False,100,0.4534722227045135,0.37753412406891584,0.034148708634077055,0.03329890203683901,0.046039083692272574,0.3997828570245314,0.9166268661794834,0.2590675153655541,13,8,0.570087712549569,2500,OLS_iid,iid,False,5
11,7,7001,18,180001,True,17,False,100,0.055993815810415314,0.22178967110812664,0.04613425428754005,0.03989495889198191,0.10378311807533863,0.3826577160859603,0.9241088445525744,0.2530562080620081,13,8,0.570087712549569,2500,OLS_iid,iid,False,5
11,8,8001,16,160001,True,16,False,100,0.14097023425476438,0.15325243212282658,0.03611782485883431,0.03239302025327104,0.06475878154120056,0.3699106210764854,0.9295688241891635,0.2490052252567045,13,8,0.570087712549569,2500,OLS_iid,iid,False,5
11,6,6001,18,180001,True,16,False,100,0.055993815810415314,0.2961993948556483,0.26509504971556547,0.13906846304218445,0.755300422446045,0.9379438245296119,0.6841388502197925,0.25619427648103077,13,8,0.570087712549569,2500,OLS_iid,iid,False,5
11,8,8001,17,170001,True,15,False,100,0.2717992727286835,0.1564320377074182,0.12142946846263744,0.0782196434082726,0.3161752592313594,0.49220916158314054,0.8809854292803208,0.24773462618544287,13,8,0.570087712549569,2500,OLS_iid,iid,False,5
11,8,8001,15,150001,True,17,False,100,0.6532913944757328,0.1635578628629446,0.1878206958290099,0.09778357496374585,0.6511006173140118,0.6984592812507304,0.782189431016925,0.2552420584813438,13,8,0.570087712549569,2500,OLS_iid,iid,False,5
11,8,8001,19,190001,True,16,False,100,0.05131007329246667,0.1585803609341383,0.12635770908927718,0.07540498752487267,0.32078943172028423,0.4844091613237894,0.882640802748969,0.24699920787444024,13,8,0.570087712549569,2500,OLS_iid,iid,False,5
11,8,8001,27,270001,True,15,False,100,0.4122273002434732,0.14074640860781074,0.04788096468676486,0.040601759681224675,0.11714476289081516,0.40594141360864094,0.9149245853959798,0.2584151422216835,13,8,0.570087712549569,2500,OLS_iid,iid,False,5
11,6,6001,22,220001,True,15,False,100,0.3908236145136817,0.2970948279835284,0.16743268981264214,0.10150130072209865,0.5062314998020957,0.6015257025315439,0.828917866017934,0.2509796513023266,13,8,0.570087712549569,2500,OLS_iid,iid,False,5
11,5,5001,18,180001,True,19,False,100,0.055993815810415314,0.37914127204567194,0.03577437723978962,0.033198093102483464,0.057355748028512475,0.3784865154642414,0.9261084952336578,0.2469383592241653,13,8,0.570087712549569,2500,OLS_iid,iid,False,5
11,5,5001,8,80001,True,18,False,100,0.7378021846205323,0.4025063309818506,0.1870674123775017,0.10549382603766694,0.6468614976792217,0.7350894752391132,0.7654634013689812,0.25183138932958365,13,8,0.570087712549569,2500,OLS_iid,iid,False,5
11,7,7001,22,220001,True,21,False,100,0.3908236145136817,0.22491371678188443,0.25795919561700364,0.1427504414634036,0.878688440284805,0.8860005750484039,0.6956762354340983,0.2614272439270909,13,8,0.570087712549569,2500,OLS_iid,iid,False,5
11,4,4001,0,1,True,30,False,100,0.3084351953887205,0.5070830709300935,0.09180843962530694,0.06426068650650628,0.23581637861886387,0.4480977281173654,0.9001504796542074,0.24906425183157826,13,8,0.570087712549569,2500,OLS_iid,iid,False,5
11,8,8001,22,220001,True,16,False,100,0.3908236145136817,0.15627085929736495,0.1836420296330968,0.10724310854030633,0.5677260125689818,0.6350674824702022,0.8136680505386595,0.25441621270400794,13,8,0.570087712549569,2500,OLS_iid,iid,False,5
11,6,6001,17,170001,True,15,False,100,0.2717992727286835,0.3208776037208736,0.17273937990318858,0.10275102136299362,0.5196611603599014,0.5818111846386425,0.8395719854605865,0.2543520603573348,13,8,0.570087712549569,2500,OLS_iid,iid,False,5
11,6,6001,12,120001,True,21,False,100,0.4526435842227972,0.33243560371920466,0.07132240320260663,0.0523517593703299,0.20702609475764502,0.43331896293024763,0.905194952933554,0.25344753239698686,13,8,0.570087712549569,2500,OLS_iid,iid,False,5
11,4,4001,13,130001,True,36,False,100,0.24306915790932587,0.4735011509619653,0.08194200555038571,0.05825918964686356,0.21240256924939602,0.4353052307741144,0.9037279712950865,0.2519699102988449,13,8,0.570087712549569,2500,OLS_iid,iid,False,5
11,8,8001,11,110001,True,21,False,100,0.4534722227045135,0.18741932790726423,0.07999286071875472,0.05403044628625685,0.22271899016564367,0.456666342069473,0.8952902323910186,0.2606781430563426,13,8,0.570087712549569,2500,OLS_iid,iid,False,5
11,8,8001,25,250001,True,17,False,100,0.7621655752320462,0.16001954022794962,0.03847410192905583,0.03310363558851914,0.09874028996350001,0.48672391848599483,0.8757199140391316,0.25732951815557087,13,8,0.570087712549569,2500,OLS_iid,iid,False,5
11,9,9001,5,50001,True,16,False,100,0.05717049244591603,0.1312933317385614,0.06340095256704051,0.045787066430509685,0.14831012499802412,0.39319099191492957,0.920295474874053,0.25638417478476794,13,8,0.570087712549569,2500,OLS_iid,iid,False,5
11,7,7001,15,150001,True,17,False,100,0.6532913944757328,0.25994031596928835,0.04532165005151084,0.03729631278696524,0.11800729918116683,0.4510450661378883,0.8959947165818399,0.2528897373640855,13,8,0.570087712549569,2500,OLS_iid,iid,False,5
11,8,8001,4,40001,True,22,False,100,0.32711411102733673,0.2121721557341516,0.16391283711644306,0.09697124863993495,0.500996241652109,0.5764164616721068,0.8410856687092514,0.25019188908875123,13,8,0.570087712549569,2500,OLS_iid,iid,False,5
11,4,4001,15,150001,True,17,False,100,0.6532913944757328,0.477989305742085,0.14316333352016825,0.07722546714132553,0.4752496753123793,0.6209509639005472,0.8247382466447027,0.2585465052640031,13,8,0.570087712549569,2500,OLS_iid,iid,False,5
11,8,8001,1,10001,True,17,False,100,0.48212861832472625,0.23106784000992775,0.11862545889858114,0.07196226140523342,0.35518272814470314,0.520368153624879,0.8682417971815262,0.2524334211236925,13,8,0.570087712549569,2500,OLS_iid,iid,False,5
11,9,9001,3,30001,True,16,False,100,0.3112730090233723,0.15158243523910642,0.09133944469986412,0.05950808951317583,0.24690345023798785,0.4460264475646618,0.9003010418023913,0.2510713258216919,13,8,0.570087712549569,2500,OLS_iid,iid,False,5
11,4,4001,22,220001,True,21,False,100,0.3908236145136817,0.47019531577825546,0.06332753248714129,0.05336424296646729,0.15879256407563927,0.4203737853082504,0.909594476286097,0.2522827301699176,13,8,0.570087712549569,2500,OLS_iid,iid,False,5
11,6,6001,0,1,True,16,False,100,0.3084351953887205,0.3835490392521024,0.07479679627961425,0.05603315936473057,0.19231411235670634,0.42655090953093483,0.9071912313589969,0.2546900557624569,13,8,0.570087712549569,2500,OLS_iid,iid,False,5
11,9,9001,4,40001,True,16,False,100,0.32711411102733673,0.15996606973931193,0.057108591716260655,0.049469978608976395,0.11846650780947475,0.40335403272560577,0.9162325391977268,0.25034211383082106,13,8,0.570087712549569,2500,OLS_iid,iid,False,5
11,7,7001,27,270001,True,17,False,100,0.4122273002434732,0.2515734606422484,0.18044696953182152,0.0968737957160528,0.5766990738278055,0.622535095411616,0.8189532135499212,0.2574493034064308,13,8,0.570087712549569,2500,OLS_iid,iid,False,5
11,6,6001,15,150001,True,18,False,100,0.6532913944757328,0.3598442021757364,0.053348489967022385,0.04156604055085337,0.15050009874818873,0.47192951392197924,0.8851212098188894,0.2558543172471064,13,8,0.570087712549569,2500,OLS_iid,iid,False,5
11,4,4001,16,160001,True,50,False,100,0.14097023425476438,0.504586361348629,0.07929563229096809,0.05446650858145392,0.2033960056658995,0.4222570460929529,0.9085194066345798,0.2545519216915318,13,8,0.570087712549569,2500,OLS_iid,iid,False,5
11,6,6001,19,190001,True,16,False,100,0.05131007329246667,0.35733484104275703,0.16631193313273393,0.09035521309820084,0.45921320515281255,0.5773351104193594,0.8423356829111376,0.2500992922078356,13,8,0.570087712549569,2500,OLS_iid,iid,False,5
11,7,7001,29,290001,True,19,False,100,0.45909267645915386,0.2639444749802351,0.1446729883128692,0.08139718488405913,0.44178490562540756,0.5808518904731601,0.8436696225933409,0.2526884086131731,13,8,0.570087712549569,2500,OLS_iid,iid,False,5
11,7,7001,24,240001,True,17,False,100,0.23431211068135716,0.27186887292191386,0.19981111973185903,0.11451237265796073,0.6012538064812633,0.6579064155004845,0.8025095425135648,0.2518568348902766,13,8,0.570087712549569,2500,OLS_iid,iid,False,5
11,9,9001,9,90001,True,17,False,100,0.2438247309269786,0.1643864461220801,0.25646921504098474,0.13424075078400127,0.8114798609012948,0.8881079875616011,0.7031671764261876,0.2511143084116702,13,8,0.570087712549569,2500,OLS_iid,iid,False,5
11,6,6001,16,160001,True,16,False,100,0.14097023425476438,0.36959298606961966,0.05118734079702988,0.0443048514265363,0.1038971092012227,0.3777672549513603,0.9262573093753413,0.2566590159822452,13,8,0.570087712549569,2500,OLS_iid,iid,False,5
11,7,7001,0,1,True,22,False,100,0.3084351953887205,0.3474308783188462,0.21852168549185721,0.11709840196466811,0.6833987908638706,0.7384639717385422,0.7668046193054467,0.2515462719878131,13,8,0.570087712549569,2500,OLS_iid,iid,False,5
11,1,1001,11,110001,True,39,False,100,0.4534722227045135,0.7960220528766513,0.08654632661315009,0.057134996226832414,0.2630693447187095,0.45531837312076257,0.894661131680741,0.2545948844865202,13,8,0.570087712549569,2500,OLS_iid,iid,False,5
11,5,5001,10,100001,True,20,False,100,0.049720196824565785,0.46046844217926264,0.2077528119706346,0.10927157363883899,0.5536690794059309,0.6985611738101137,0.7855276267968031,0.25574904531844306,13,8,0.570087712549569,2500,OLS_iid,iid,False,5
11,6,6001,24,240001,True,19,False,100,0.23431211068135716,0.36101342272013426,0.07814587615826342,0.05902543585465895,0.20312033179103922,0.41505478426375547,0.9115314476879617,0.2506311219440372,13,8,0.570087712549569,2500,OLS_iid,iid,False,5
11,6,6001,6,60001,True,23,False,100,0.14772923374098243,0.41488985531032085,0.2037829057792885,0.11091798629765777,0.5796451951349061,0.6866981013929156,0.7914972320171081,0.2491089872802364,13,8,0.570087712549569,2500,OLS_iid,iid,False,5
12,0,1,3,30001,True,14,False,100,0.0,0.12542076781392097,0.025549600567124544,0.02511803251431878,0.03454483903301577,0.3786298900556507,0.925909734257698,0.2908177706561647,13,8,0.570087712549569,2500,OLS_iid,iid,False,5
12,0,1,7,70001,True,19,False,100,0.0,0.12788017932325602,0.0230373469993907,0.02205494361086577,0.03599851105886957,0.3725217326303137,0.9283597011830438,0.283463518518584,13,8,0.570087712549569,2500,OLS_iid,iid,False,5
11,5,5001,23,230001,True,46,False,100,0.1593288732375229,0.4497374352067709,0.0965937165893145,0.060248428735960785,0.28318566401616385,0.4380792013009138,0.9016784423839908,0.2544209330345562,13,8,0.570087712549569,2500,OLS_iid,iid,False,5
11,9,9001,15,150001,True,18,False,100,0.6532913944757328,0.1773144262842834,0.17977384341418984,0.09223912042800811,0.616927590718966,0.6968962725401284,0.7851498890853563,0.25898220980824765,13,8,0.570087712549569,2500,OLS_iid,iid,False,5
11,5,5001,26,260001,True,17,False,100,0.5627541537636492,0.4506550980731845,0.052312396653727215,0.043940148578089984,0.1347906821551635,0.43082268654891476,0.9050911781592088,0.2545551076754832,13,8,0.570087712549569,2500,OLS_iid,iid,False,5
11,9,9001,7,70001,True,21,False,100,0.09446287305346808,0.20202104514464736,0.18992751588450404,0.10292753594367253,0.5319751916870075,0.6509596731717092,0.8084447673176169,0.25110388879642753,13,8,0.570087712549569,2500,OLS_iid,iid,False,5
11,7,7001,10,100001,True,16,False,100,0.049720196824565785,0.353874578140676,0.10230099830639479,0.06288149010642916,0.2673135748754025,0.4566673068259268,0.894228645919273,0.2522159505183775,13,8,0.570087712549569,2500,OLS_iid,iid,False,5
11,7,7001,13,130001,True,15,False,100,0.24306915790932587,0.3413110850378871,0.041694965262973754,0.03840068548777393,0.07547718874079701,0.39013084568235823,0.9213535752578778,0.25058481487174633,13,8,0.570087712549569,2500,OLS_iid,iid,False,5
11,7,7001,14,140001,True,21,False,100,0.5661545048139004,0.3376200939528644,0.2292331583247511,0.11985558256637857,0.8069615656767481,0.7919082570206072,0.7361279543371753,0.254534359097733,13,8,0.570087712549569,2500,OLS_iid,iid,False,5
12,0,1,24,240001,True,14,False,100,0.0,0.0898390538059175,0.033778450691024614,0.032455526214090084,0.04643372306702922,0.38342358665186815,0.923778832915621,0.2899319618708856,13,8,0.570087712549569,2500,OLS_iid,iid,False,5
11,7,7001,23,230001,True,38,False,100,0.1593288732375229,0.30801671277731657,0.07886461855522618,0.05292771357080227,0.20400532405842628,0.4239871941822191,0.9085701962697419,0.24566666063904385,13,8,0.570087712549569,2500,OLS_iid,iid,False,5
11,9,9001,0,1,True,17,False,100,0.3084351953887205,0.22497481666505337,0.21639444548301873,0.11442458796675359,0.676478287800745,0.7317717201894793,0.7724299125549038,0.2533135389345661,13,8,0.570087712549569,2500,OLS_iid,iid,False,5
11,7,7001,21,210001,True,15,False,100,0.029148679313564206,0.32110734237357974,0.040497671658109614,0.037360693155176684,0.06833039260098796,0.3765684694272198,0.9267243209078695,0.25483836232187546,13,8,0.570087712549569,2500,OLS_iid,iid,False,5
11,6,6001,13,130001,True,22,False,100,0.24306915790932587,0.41300178039819,0.07164730154046235,0.05148992888012667,0.1759829499352479,0.41384864336133953,0.912511124412885,0.25425988218731416,13,8,0.570087712549569,2500,OLS_iid,iid,False,5
12,0,1,2,20001,True,14,False,100,0.0,0.14620106713846326,0.03047490678846083,0.02721123710284679,0.056691457050636995,0.37722233790946497,0.9261765213584138,0.2900483810588554,13,8,0.570087712549569,2500,OLS_iid,iid,False,5
12,0,1,13,130001,True,14,False,100,0.0,0.12666344875469804,0.030461881284825264,0.029301636802670332,0.04410101048016646,0.36622813017960737,0.9307687144304229,0.28657742426997074,13,8,0.570087712549569,2500,OLS_iid,iid,False,5
12,0,1,12,120001,True,14,False,100,0.0,0.129800524096936,0.033251226368139826,0.03099015971306936,0.05423954671340572,0.3675083020222874,0.9302082369412971,0.2914127889808868,13,8,0.570087712549569,2500,OLS_iid,iid,False,5
11,6,6001,27,270001,True,24,False,100,0.4122273002434732,0.3933027731254697,0.09056473366726127,0.059165423307307306,0.2605209711929404,0.46023182909566573,0.8940780124563278,0.2571548547910195,13,8,0.570087712549569,2500,OLS_iid,iid,False,5
11,6,6001,26,260001,True,17,False,100,0.5627541537636492,0.39416304510086775,0.04359266239275767,0.03786845543824416,0.10644223324628618,0.41891252095644627,0.9089814414425743,0.2578445223135718,13,8,0.570087712549569,2500,OLS_iid,iid,False,5
9,9,9001,23,230001,True,105,False,100,0.5698607146438263,1.9949659621343017,0.1302103786782453,0.08769281937114205,0.31028286480374834,0.47343812197821034,0.8857125050036555,0.18258625895179015,13,8,0.570087712549569,2500,OLS_iid,iid,False,5
12,0,1,15,150001,True,14,False,100,0.0,0.1289960602298379,0.028274394198403316,0.025633968881011604,0.04678021402614474,0.3810778494152786,0.924784955001543,0.2884304630811868,13,8,0.570087712549569,2500,OLS_iid,iid,False,5
11,6,6001,21,210001,True,15,False,100,0.029148679313564206,0.40602408396080136,0.03528155851187412,0.033077627518596456,0.06421051719337621,0.3691404767018376,0.9296920765298944,0.2539765959113235,13,8,0.570087712549569,2500,OLS_iid,iid,False,5
11,9,9001,24,240001,True,16,False,100,0.23431211068135716,0.17290739016607404,0.06436613923337194,0.05409806946294722,0.15363136629924418,0.397627856113289,0.9187441113985273,0.255916923212735,13,8,0.570087712549569,2500,OLS_iid,iid,False,5
11,8,8001,24,240001,True,17,False,100,0.23431211068135716,0.2537490138784051,0.06337290016938268,0.05282547999713373,0.15103699518627553,0.3948330935033899,0.919600361317058,0.25057994706371545,13,8,0.570087712549569,2500,OLS_iid,iid,False,5
11,9,9001,16,160001,True,22,False,100,0.14097023425476438,0.2043449361808598,0.09954986650709705,0.06074375893841411,0.2628276338910342,0.4352402719876572,0.903723029868924,0.2504863995136343,13,8,0.570087712549569,2500,OLS_iid,iid,False,5
12,0,1,20,200001,True,14,False,100,0.0,0.11858998099341989,0.02885014033665874,0.02686422228665761,0.05047179249877207,0.36797340769191866,0.9298900042337704,0.28313784796705704,13,8,0.570087712549569,2500,OLS_iid,iid,False,5
11,7,7001,6,60001,True,19,False,100,0.14772923374098243,0.38845862029120326,0.26300468477159006,0.14096420636557647,0.7974882828591278,0.922608053167212,0.6920936243967946,0.25098612284931554,13,8,0.570087712549569,2500,OLS_iid,iid,False,5
11,7,7001,7,70001,True,19,False,100,0.09446287305346808,0.3872936791740358,0.10696027695504723,0.06614642031416663,0.28184561305256156,0.4664931803577176,0.890118080165041,0.24977710897519656,13,8,0.570087712549569,2500,OLS_iid,iid,False,5
12,0,1,18,180001,True,18,False,100,0.0,0.12620849208906293,0.02579550457380541,0.02437730921653091,0.041399741311432973,0.36395898943025656,0.9315262754295511,0.28637031147408204,13,8,0.570087712549569,2500,OLS_iid,iid,False,5
11,9,9001,20,200001,True,16,False,100,0.5199905400817861,0.19751258892938495,0.2275807351960875,0.11930835870214469,0.7814321914813683,0.7820440027889461,0.7434533112232575,0.2548647159282416,13,8,0.570087712549569,2500,OLS_iid,iid,False,5
12,1,1001,3,30001,True,14,False,100,0.0,0.1025700056925416,0.028556882934279482,0.026237529616069635,0.05004527144538291,0.38721858979600904,0.922065709196971,0.291967671378673,13,8,0.570087712549569,2500,OLS_iid,iid,False,5
11,7,7001,28,280001,True,16,False,100,0.5497524938266714,0.32916703913360834,0.11952767258027269,0.07243801268194748,0.3546661807396422,0.5511717162499653,0.8588344763985387,0.254663721587649,13,8,0.570087712549569,2500,OLS_iid,iid,False,5
11,7,7001,16,160001,True,17,False,100,0.14097023425476438,0.3625443410128355,0.19774746603874613,0.10530763916693489,0.5563851857177458,0.6638003067487255,0.802512484285214,0.2553462218771096,13,8,0.570087712549569,2500,OLS_iid,iid,False,5
12,0,1,22,220001,True,13,False,100,0.0,0.11979393195360899,0.03277621176253528,0.03087203831702377,0.050462042958699986,0.37714624298915206,0.9263770267516476,0.2865930370242137,13,8,0.570087712549569,2500,OLS_iid,iid,False,5
11,9,9001,14,140001,True,16,False,100,0.5661545048139004,0.2214336940087378,0.0668711129983699,0.05027677098738585,0.19152697623554354,0.46083028484640465,0.8927952841638056,0.2534298543930194,13,8,0.570087712549569,2500,OLS_iid,iid,False,5
12,1,1001,2,20001,True,14,False,100,0.0,0.11232321010902524,0.03288698447002495,0.029046054412192126,0.0767528649562341,0.38215508437913753,0.9241967884161711,0.287582231448937,13,8,0.570087712549569,2500,OLS_iid,iid,False,5
12,0,1,11,110001,True,13,False,100,0.0,0.155185058247298,0.028213389588725723,0.02766695644468076,0.042804909018911395,0.3846976909259533,0.9229207887179095,0.29116915434938817,13,8,0.570087712549569,2500,OLS_iid,iid,False,5
12,1,1001,5,50001,True,14,False,100,0.0,0.11170778423547745,0.0265006741087297,0.02540535025786727,0.0397774162698982,0.37855488509614504,0.9256217760742839,0.2933174148937892,13,8,0.570087712549569,2500,OLS_iid,iid,False,5
11,5,5001,0,1,True,16,False,100,0.3084351953887205,0.546487235929817,0.2175955721068256,0.11651466722241667,0.6862820232369434,0.727837951028909,0.773069346667922,0.2532058084005815,13,8,0.570087712549569,2500,OLS_iid,iid,False,5
12,0,1,23,230001,True,14,False,100,0.0,0.12470870278775692,0.027149168170963158,0.025625386104777596,0.04571110783944485,0.36109365432252766,0.9330443916321082,0.2903643276080693,13,8,0.570087712549569,2500,OLS_iid,iid,False,5
12,1,1001,0,1,True,19,False,100,0.0,0.11956290295347571,0.02843857648057379,0.027513359255436652,0.038034548919112086,0.36688637099885957,0.930641735460039,0.29114343843916995,13,8,0.570087712549569,2500,OLS_iid,iid,False,5
11,9,9001,22,220001,True,19,False,100,0.3908236145136817,0.20597776398062706,0.13269243852835347,0.08488547825515787,0.39550298735661177,0.5244751087419257,0.8650904930894227,0.25717171397313915,13,8,0.570087712549569,2500,OLS_iid,iid,False,5
12,1,1001,10,100001,True,14,False,100,0.0,0.1057023610919714,0.023255706766497436,0.022600656191051196,0.02969866277189732,0.3926525034130063,0.9201829043614145,0.2911783696660901,13,8,0.570087712549569,2500,OLS_iid,iid,False,5
11,9,9001,8,80001,True,17,False,100,0.7378021846205323,0.25097479531541467,0.06270395945866912,0.04972099070886283,0.15591329151437933,0.4988811106519804,0.8732382546203288,0.2584014198346639,13,8,0.570087712549569,2500,OLS_iid,iid,False,5
11,9,9001,29,290001,True,17,False,100,0.45909267645915386,0.19421608513221145,0.23002065117265544,0.11586528724169196,0.7864171502480707,0.7762255694585953,0.7475377680106261,0.25252033594733103,13,8,0.570087712549569,2500,OLS_iid,iid,False,5
12,0,1,0,1,True,14,False,100,0.0,0.19247660785913467,0.027580550795441708,0.025457130167595605,0.04928542987610065,0.36883114464015515,0.9300482723490449,0.28804725001287473,13,8,0.570087712549569,2500,OLS_iid,iid,False,5
12,0,1,28,280001,True,14,False,100,0.0,0.13824627920985222,0.028995606244757777,0.026906077862927084,0.052676863432377846,0.36283919672683296,0.9319145261323099,0.2872299608739027,13,8,0.570087712549569,2500,OLS_iid,iid,False,5
12,0,1,1,10001,True,14,False,100,0.0,0.20077560422942042,0.0270684298916191,0.025167512450180077,0.05118352414919649,0.369757943293065,0.9293586703390463,0.2850693254407245,13,8,0.570087712549569,2500,OLS_iid,iid,False,5
11,7,7001,26,260001,True,16,False,100,0.5627541537636492,0.35760993929579854,0.06616072738195816,0.0489670375940164,0.1935216756521806,0.44932215615108506,0.8983428918875169,0.2517727203346637,13,8,0.570087712549569,2500,OLS_iid,iid,False,5
11,3,3001,22,220001,True,28,False,100,0.3908236145136817,0.6618273123167455,0.08909788599190181,0.06941390149774396,0.23342269539446472,0.4492150587679682,0.897298534244773,0.25370493550412393,13,8,0.570087712549569,2500,OLS_iid,iid,False,5
11,7,7001,20,200001,True,19,False,100,0.5199905400817861,0.3799476558342576,0.1593410945377908,0.0834172841335782,0.5224192166825599,0.5960188098487662,0.8366378544181693,0.25572658020178163,13,8,0.570087712549569,2500,OLS_iid,iid,False,5
12,0,1,29,290001,True,14,False,100,0.0,0.15228850999847054,0.031899804329094915,0.03059193916963932,0.04764162152152661,0.3735898654242495,0.9281170948406082,0.28268357446940834,13,8,0.570087712549569,2500,OLS_iid,iid,False,5
12,1,1001,13,130001,True,15,False,100,0.0,0.1221194239333272,0.02604454234791163,0.02465444520331828,0.042472590847604144,0.37654061426900504,0.9270061941614024,0.29040732492663157,13,8,0.570087712549569,2500,OLS_iid,iid,False,5
12,1,1001,27,270001,True,14,False,100,0.0,0.08944612694904208,0.032007032003559956,0.03099030226777135,0.043084823136959056,0.38018231597300844,0.925102177038709,0.2910291056658254,13,8,0.570087712549569,2500,OLS_iid,iid,False,5
12,1,1001,7,70001,True,15,False,100,0.0,0.14385184599086642,0.024635419076007564,0.02387862779473456,0.03587745245028461,0.37292393818380903,0.928199013260855,0.2855578282634553,13,8,0.570087712549569,2500,OLS_iid,iid,False,5
11,8,8001,6,60001,True,15,False,100,0.14772923374098243,0.35241467924788594,0.2165066979269915,0.11842055386733688,0.6337887793716388,0.7224028597128436,0.773059558310101,0.2548623274805246,13,8,0.570087712549569,2500,OLS_iid,iid,False,5
12,0,1,9,90001,True,14,False,100,0.0,0.20605516294017434,0.03551654281821708,0.03250099113474368,0.06764379490753832,0.36796962189925536,0.9301042218706458,0.288880231894703,13,8,0.570087712549569,2500,OLS_iid,iid,False,5
12,1,1001,28,280001,True,14,False,100,0.0,0.09608958475291729,0.028282449599587003,0.026856799508425986,0.04297075137989565,0.35041039150025843,0.9365169547118298,0.2879449608017694,13,8,0.570087712549569,2500,OLS_iid,iid,False,5
11,8,8001,14,140001,True,17,False,100,0.5661545048139004,0.347815774846822,0.23847436544719383,0.12229502874454865,0.8683366116831525,0.8068982372831345,0.7214038534002736,0.252943278909072,13,8,0.570087712549569,2500,OLS_iid,iid,False,5
12,2,2001,6,60001,True,14,False,100,0.0,0.08878949237987399,0.027394433918674643,0.026046498323763455,0.041871054417854374,0.36816428932923284,0.9298759880762975,0.29314374967794476,13,8,0.570087712549569,2500,OLS_iid,iid,False,5
12,1,1001,23,230001,True,14,False,100,0.0,0.11728426115587354,0.02840515202000387,0.026747315622627284,0.04416402437309726,0.3574536512317805,0.934120078041377,0.2845780758658898,13,8,0.570087712549569,2500,OLS_iid,iid,False,5
11,8,8001,9,90001,True,16,False,100,0.2438247309269786,0.3653136999346316,0.05376477749045709,0.044624442441049635,0.12712042177936067,0.3904530573557763,0.9213138773670291,0.25112040034165045,13,8,0.570087712549569,2500,OLS_iid,iid,False,5
11,8,8001,18,180001,True,16,False,100,0.055993815810415314,0.3467529732733965,0.2159559939296176,0.11567729150273463,0.6050204648662192,0.7194961980402277,0.7791666119612217,0.24856340589323708,13,8,0.570087712549569,2500,OLS_iid,iid,False,5
11,8,8001,0,1,True,19,False,100,0.3084351953887205,0.3905114238150418,0.2209452482530386,0.11872613081018588,0.7015027357141926,0.7535289391524855,0.7599392311178771,0.25249022789908077,13,8,0.570087712549569,2500,OLS_iid,iid,False,5
11,7,7001,12,120001,True,19,False,100,0.4526435842227972,0.44686778681352735,0.08333828190300134,0.05540317692964987,0.24448096260163335,0.4567868752214308,0.895407614401369,0.2509156745554081,13,8,0.570087712549569,2500,OLS_iid,iid,False,5
11,7,7001,25,250001,True,17,False,100,0.7621655752320462,0.40488482266664505,0.03495243511151447,0.032149427374847446,0.05883590069558552,0.48052143643184914,0.8774956825837872,0.26168454272325326,13,8,0.570087712549569,2500,OLS_iid,iid,False,5
12,0,1,21,210001,True,14,False,100,0.0,0.20276389876380563,0.03169763337494251,0.029418918621092312,0.06068755638053609,0.3700504038183587,0.929381818345411,0.2843876127831579,13,8,0.570087712549569,2500,OLS_iid,iid,False,5
12,2,2001,19,190001,True,14,False,100,0.0,0.09563742903992534,0.028575711924234814,0.02578843009642101,0.06142679162205377,0.3682220766539951,0.9298098420017953,0.28758681107050216,13,8,0.570087712549569,2500,OLS_iid,iid,False,5
12,2,2001,0,1,True,16,False,100,0.0,0.12032545730471611,0.028397144155167912,0.026788518039372693,0.05437946887521169,0.3667762267386997,0.930477456636327,0.29208261635054955,13,8,0.570087712549569,2500,OLS_iid,iid,False,5
12,0,1,26,260001,True,14,False,100,0.0,0.19741315115243196,0.025702421772562822,0.024172496668600493,0.043327016280513365,0.3621339165005468,0.9323678451272229,0.28711505407735877,13,8,0.570087712549569,2500,OLS_iid,iid,False,5
11,6,6001,7,70001,True,22,False,100,0.09446287305346808,0.5447339303791523,0.07631179915161793,0.05444141582462795,0.1841848254790572,0.4123292501567324,0.9126363374486546,0.2555079624165312,13,8,0.570087712549569,2500,OLS_iid,iid,False,5
12,2,2001,2,20001,True,14,False,100,0.0,0.10436270199716091,0.02979188000943733,0.027591143043900996,0.056871002213523335,0.3685023774831572,0.9298774823875,0.28677712665000943,13,8,0.570087712549569,2500,OLS_iid,iid,False,5
12,2,2001,14,140001,True,14,False,100,0.0,0.09219517605379224,0.028315263184495204,0.027620647811067926,0.043493717914429256,0.3683337551799526,0.9300562465920276,0.28586903116702894,13,8,0.570087712549569,2500,OLS_iid,iid,False,5
12,1,1001,29,290001,True,14,False,100,0.0,0.12461507506668568,0.030170962370259208,0.02864058264961788,0.045578141478382135,0.3528507294315997,0.9359044925473972,0.2853514430146953,13,8,0.570087712549569,2500,OLS_iid,iid,False,5
11,9,9001,11,110001,True,18,False,100,0.4534722227045135,0.3039147253148258,0.23770422226003338,0.12242954086003438,0.7963268586430075,0.8382574122182616,0.719824343095284,0.25325429944389755,13,8,0.570087712549569,2500,OLS_iid,iid,False,5
12,0,1,16,160001,True,14,False,100,0.0,0.2246798388659954,0.024714375188577557,0.02353602602212475,0.03800441589692851,0.3582459679128004,0.9338553852049031,0.28854323134763843,13,8,0.570087712549569,2500,OLS_iid,iid,False,5
11,8,8001,8,80001,True,18,False,100,0.7378021846205323,0.3909669201821089,0.1745478591044204,0.10127922311386492,0.598167440286496,0.704860560427837,0.7808315538716695,0.25300826642205676,13,8,0.570087712549569,2500,OLS_iid,iid,False,5
12,1,1001,4,40001,True,14,False,100,0.0,0.19378431886434555,0.0315477321976009,0.029330468372232396,0.05496281002863084,0.3699009461705905,0.9291786245262391,0.2879283356153492,13,8,0.570087712549569,2500,OLS_iid,iid,False,5
12,0,1,17,170001,True,14,False,100,0.0,0.22064968990162015,0.03587495240932248,0.03465918009800895,0.055386917626757605,0.364515613246072,0.9311816085294956,0.29219773880986954,13,8,0.570087712549569,2500,OLS_iid,iid,False,5
11,2,2001,24,240001,True,44,False,100,0.23431211068135716,0.7876547072082758,0.07244989509248312,0.0561072900874792,0.18813228952290217,0.4037480034183021,0.9162089795248891,0.2607445899523138,13,8,0.570087712549569,2500,OLS_iid,iid,False,5
11,8,8001,10,100001,True,20,False,100,0.049720196824565785,0.3929125461727381,0.17893327333341746,0.0956875382820581,0.491825635990278,0.6141680356361015,0.8236622080003629,0.25333293573639476,13,8,0.570087712549569,2500,OLS_iid,iid,False,5
11,8,8001,20,200001,True,21,False,100,0.5199905400817861,0.3711738339625299,0.07440796009894005,0.050691189055237666,0.21810872367883702,0.44591093210052,0.9018017979125328,0.25681820515998616,13,8,0.570087712549569,2500,OLS_iid,iid,False,5
12,2,2001,25,250001,True,14,False,100,0.0,0.10824369080364704,0.026965968022305515,0.025826408159161537,0.04024464971117388,0.358888862464542,0.9337826650792783,0.29229392592579795,13,8,0.570087712549569,2500,OLS_iid,iid,False,5
12,2,2001,22,220001,True,15,False,100,0.0,0.10455939034000039,0.03207632872533225,0.030689152306240204,0.04334347991045827,0.3751883355304187,0.9270984716724938,0.2937170544269228,13,8,0.570087712549569,2500,OLS_iid,iid,False,5
12,1,1001,6,60001,True,14,False,100,0.0,0.19855507090687752,0.02571188826397871,0.024672654243924078,0.042363266540094965,0.37443199173856545,0.9278609147159184,0.28215991648862676,13,8,0.570087712549569,2500,OLS_iid,iid,False,5
11,6,6001,9,90001,True,38,False,100,0.2438247309269786,0.5516333649866283,0.0902695999952638,0.05997131368294146,0.24234694477593732,0.4261753229659304,0.908102134888123,0.2527236447137313,13,8,0.570087712549569,2500,OLS_iid,iid,False,5
12,2,2001,27,270001,True,14,False,100,0.0,0.10673171328380704,0.028304200726499227,0.026985173065499135,0.04629388982156327,0.3765128711429769,0.9267408219425165,0.28799608035903157,13,8,0.570087712549569,2500,OLS_iid,iid,False,5
12,1,1001,11,110001,True,14,False,100,0.0,0.19639337807893753,0.026509170760131904,0.026028849245388317,0.03970491651498992,0.38956813611920416,0.9211501547418807,0.2878507867441446,13,8,0.570087712549569,2500,OLS_iid,iid,False,5
11,8,8001,29,290001,True,15,False,100,0.45909267645915386,0.35508253797888756,0.22110123292164718,0.1147370252282655,0.7511133805023101,0.7403730264292225,0.7645409760446942,0.24860215682302308,13,8,0.570087712549569,2500,OLS_iid,iid,False,5
11,9,9001,1,10001,True,17,False,100,0.48212861832472625,0.3585528922267258,0.21011998276281102,0.1102210947636976,0.7046119898167456,0.7112828464685184,0.775491336707788,0.2518243272963174,13,8,0.570087712549569,2500,OLS_iid,iid,False,5
12,0,1,27,270001,True,14,False,100,0.0,0.22128573525696993,0.030584743569194616,0.028587082786716272,0.05153928573134195,0.37373488970543856,0.9275043079494185,0.284573276522129,13,8,0.570087712549569,2500,OLS_iid,iid,False,5
12,3,3001,6,60001,True,15,False,100,0.0,0.10179197089746594,0.03182506565299386,0.02929802229892442,0.05714435029697334,0.37359304484551814,0.9276826359355886,0.2908344549991804,13,8,0.570087712549569,2500,OLS_iid,iid,False,5
12,2,2001,11,110001,True,13,False,100,0.0,0.13032671995460987,0.026933859509067976,0.02472069687747734,0.05034537742336842,0.3911952179185522,0.9206108558143671,0.28956269769472903,13,8,0.570087712549569,2500,OLS_iid,iid,False,5
11,9,9001,19,190001,True,19,False,100,0.05131007329246667,0.31982740201056004,0.20682355274970107,0.11217864117519093,0.5831291647113422,0.6902897231574605,0.794978414107371,0.2498953452924588,13,8,0.570087712549569,2500,OLS_iid,iid,False,5
12,2,2001,3,30001,True,14,False,100,0.0,0.14601616794243455,0.025520043846414823,0.024261891100995726,0.038357752368249315,0.38401160588294597,0.9234105790066143,0.2901476652835424,13,8,0.570087712549569,2500,OLS_iid,iid,False,5
11,8,8001,26,260001,True,16,False,100,0.5627541537636492,0.3802294540219009,0.07350411546424217,0.05305973696359078,0.21966760972246283,0.4480429862982193,0.900355294347792,0.25253090896108016,13,8,0.570087712549569,2500,OLS_iid,iid,False,5
12,3,3001,13,130001,True,14,False,100,0.0,0.0899242926388979,0.03343887106007673,0.031208681981192803,0.05909096838733217,0.3778063786149823,0.9261176242968461,0.28575878708372265,13,8,0.570087712549569,2500,OLS_iid,iid,False,5
12,3,3001,3,30001,True,14,False,100,0.0,0.11390839703381062,0.024752061815661662,0.02394256769943714,0.03536888382860106,0.3825026606554181,0.924341051483443,0.28651366661691063,13,8,0.570087712549569,2500,OLS_iid,iid,False,5
12,3,3001,7,70001,True,14,False,100,0.0,0.11089726025238633,0.0273537480614015,0.026730626291831875,0.03990977973142259,0.3761701050707044,0.9268218168026502,0.2875501372060301,13,8,0.570087712549569,2500,OLS_iid,iid,False,5
12,2,2001,17,170001,True,16,False,100,0.0,0.14043194195255637,0.03057350810639189,0.028587151560846517,0.05079782030778537,0.3784152371351051,0.9259222753432692,0.29087143093072493,13,8,0.570087712549569,2500,OLS_iid,iid,False,5
11,8,8001,28,280001,True,15,False,100,0.5497524938266714,0.380818338599056,0.1751152464965178,0.09728384755158528,0.5704873309109286,0.6500354014362613,0.8088641600285607,0.25308182418449954,13,8,0.570087712549569,2500,OLS_iid,iid,False,5
11,9,9001,23,230001,True,34,False,100,0.1593288732375229,0.32913751993328333,0.0735072283616271,0.05086817947418632,0.18481969670981016,0.41824336246995386,0.9103216536423178,0.25274909707731075,13,8,0.570087712549569,2500,OLS_iid,iid,False,5
11,9,9001,28,280001,True,18,False,100,0.5497524938266714,0.31381145818158984,0.25644910700392487,0.13365709172955192,0.9466572204387038,0.8816225001332585,0.6893260712567166,0.25327052892483454,13,8,0.570087712549569,2500,OLS_iid,iid,False,5
12,3,3001,8,80001,True,19,False,100,0.0,0.12204108433797956,0.027599017510323495,0.02575952540160239,0.04671926141627721,0.3729443468735624,0.9281999966726097,0.28553869022034634,13,8,0.570087712549569,2500,OLS_iid,iid,False,5
11,9,9001,17,170001,True,15,False,100,0.2717992727286835,0.3553668358363211,0.16725969348929293,0.09425641310634637,0.47880024670994104,0.5946562026504811,0.8351475576843811,0.2587431129038845,13,8,0.570087712549569,2500,OLS_iid,iid,False,5
12,3,3001,0,1,True,14,False,100,0.0,0.1377612929791212,0.030823609518976485,0.028274163519181675,0.05598347494037078,0.3713912577191019,0.92874152638951,0.2868259078231643,13,8,0.570087712549569,2500,OLS_iid,iid,False,5
12,3,3001,2,20001,True,15,False,100,0.0,0.1351966429501772,0.03058143184247883,0.028349587069794832,0.052673158350980485,0.37328460343240616,0.9278676951837663,0.2830984072686409,13,8,0.570087712549569,2500,OLS_iid,iid,False,5
12,3,3001,23,230001,True,14,False,100,0.0,0.0967294410802424,0.028838554302487066,0.026473180655365407,0.047147915951454455,0.3612770913878717,0.9324629734326021,0.2863101589151395,13,8,0.570087712549569,2500,OLS_iid,iid,False,5
11,9,9001,10,100001,True,17,False,100,0.049720196824565785,0.36916149873286486,0.08567665571539732,0.05759305270940084,0.2146754508428774,0.43091470181722435,0.9046205380433243,0.2523068639730175,13,8,0.570087712549569,2500,OLS_iid,iid,False,5
12,2,2001,1,10001,True,15,False,100,0.0,0.18094491818919778,0.02430880555278204,0.023590368418029174,0.03730741879845232,0.38129369296811666,0.9250378829526098,0.2847386013064794,13,8,0.570087712549569,2500,OLS_iid,iid,False,5
11,8,8001,13,130001,True,17,False,100,0.24306915790932587,0.44390502013266087,0.16049062713779405,0.09191773893971078,0.46146843763494927,0.5764266737673004,0.8420576032627951,0.2569405698325422,13,8,0.570087712549569,2500,OLS_iid,iid,False,5
12,3,3001,9,90001,True,19,False,100,0.0,0.13520453264936805,0.032312058402370454,0.030126114603156316,0.057391283573216156,0.3787339427947643,0.9255872074206639,0.2905553479034015,13,8,0.570087712549569,2500,OLS_iid,iid,False,5
12,1,1001,22,220001,True,14,False,100,0.0,0.2103931400924921,0.035073238724458264,0.03311972336982116,0.05326933681286341,0.37481341905172777,0.9274087389969274,0.29038351217725655,13,8,0.570087712549569,2500,OLS_iid,iid,False,5
12,1,1001,26,260001,True,14,False,100,0.0,0.20312317740172148,0.025533334706125174,0.024213263434504903,0.042996062054824105,0.3658799513315274,0.9308385897935713,0.2853166192573373,13,8,0.570087712549569,2500,OLS_iid,iid,False,5
11,9,9001,12,120001,True,15,False,100,0.4526435842227972,0.37157111102715135,0.04809296588318419,0.04079840416281352,0.11144925025898335,0.40832715830958954,0.9136258825587655,0.254738524203494,13,8,0.570087712549569,2500,OLS_iid,iid,False,5
12,0,1,5,50001,True,14,False,100,0.0,0.32898635137826204,0.03107785562153051,0.02963802123885441,0.049792130465587184,0.3717139806950184,0.9284504701050583,0.2846964788993759,13,8,0.570087712549569,2500,OLS_iid,iid,False,5
12,1,1001,1,10001,True,16,False,100,0.0,0.26371193630620837,0.02982152076793088,0.02753163556648373,0.054746655847055625,0.37157431093051546,0.9288447746506312,0.29374750512442843,13,8,0.570087712549569,2500,OLS_iid,iid,False,5
12,1,1001,20,200001,True,14,False,100,0.0,0.22473275801166892,0.023899655207831196,0.02292876083054413,0.040182622757300154,0.3660026496696399,0.9310967828223086,0.2845918583401301,13,8,0.570087712549569,2500,OLS_iid,iid,False,5
11,5,5001,9,90001,True,39,False,100,0.2438247309269786,0.6810902832075953,0.07678613095035919,0.0513177732087972,0.2119091443139222,0.4184307073197632,0.9106391680539025,0.2495095180412087,13,8,0.570087712549569,2500,OLS_iid,iid,False,5
11,8,8001,23,230001,True,54,False,100,0.1593288732375229,0.4343692339025438,0.09237374806338627,0.05828475583235438,0.26142030177633013,0.43429572966688634,0.9036187987227557,0.25306821459998335,13,8,0.570087712549569,2500,OLS_iid,iid,False,5
12,4,4001,1,10001,True,14,False,100,0.0,0.09329418698325753,0.02759309966430048,0.025635153045823107,0.05294327490857272,0.37135515432465915,0.9288489412182306,0.2907651386297528,13,8,0.570087712549569,2500,OLS_iid,iid,False,5
12,3,3001,10,100001,True,18,False,100,0.0,0.14904188504442573,0.025025386956021266,0.023578471029638413,0.04773261167582685,0.39659587501368765,0.9183066412879144,0.2876558509664631,13,8,0.570087712549569,2500,OLS_iid,iid,False,5
12,0,1,6,60001,True,17,False,100,0.0,0.3379108812659979,0.030005612737588852,0.02821845983419287,0.04857660621652738,0.3718427940332274,0.9286168330350095,0.282941561538526,13,8,0.570087712549569,2500,OLS_iid,iid,False,5
11,8,8001,7,70001,True,20,False,100,0.09446287305346808,0.4727956266142428,0.050158035354229746,0.04288095271034596,0.1156918261389649,0.3903229682889119,0.9215271438518715,0.2547100537800268,13,8,0.570087712549569,2500,OLS_iid,iid,False,5
12,2,2001,28,280001,True,15,False,100,0.0,0.17376063391566277,0.029530152241388295,0.02862126832170294,0.04689578884029336,0.36561149552779576,0.9310674376643959,0.28971671245352254,13,8,0.570087712549569,2500,OLS_iid,iid,False,5
12,3,3001,1,10001,True,15,False,100,0.0,0.17103336518630385,0.024511834422899007,0.023290177421473948,0.037796636567578576,0.3719316039032976,0.9285534635758935,0.2885559571023965,13,8,0.570087712549569,2500,OLS_iid,iid,False,5
12,4,4001,3,30001,True,14,False,100,0.0,0.09276849124580622,0.027571814191028294,0.025341672111968822,0.04246486940284068,0.380489705146645,0.9250044048359034,0.291988995863342,13,8,0.570087712549569,2500,OLS_iid,iid,False,5
12,0,1,10,100001,True,14,False,100,0.0,0.331603751052171,0.027375518832680343,0.026126732190959803,0.038641235052257104,0.3828126158238659,0.9238907150933227,0.28731701065053467,13,8,0.570087712549569,2500,OLS_iid,iid,False,5
12,0,1,4,40001,True,14,False,100,0.0,0.3498903186991811,0.03416729163360092,0.031883045484064745,0.05383251332538689,0.3700550297479593,0.9293935737782701,0.2871213184891338,13,8,0.570087712549569,2500,OLS_iid,iid,False,5
12,3,3001,26,260001,True,14,False,100,0.0,0.11935932515189052,0.02416745500193018,0.023521088244392696,0.03553106648879961,0.353580520652509,0.9356474308731196,0.2901566873477201,13,8,0.570087712549569,2500,OLS_iid,iid,False,5
12,4,4001,5,50001,True,14,False,100,0.0,0.10027227271348238,0.02663832239894652,0.025437768424961798,0.0391516930459562,0.370411273130129,0.9288821206660579,0.2851599605867248,13,8,0.570087712549569,2500,OLS_iid,iid,False,5
11,9,9001,27,270001,True,18,False,100,0.4122273002434732,0.37012068228796124,0.07949440271137188,0.05482741796682108,0.23234860694131626,0.44036327066908587,0.9014141082939005,0.25883633139736023,13,8,0.570087712549569,2500,OLS_iid,iid,False,5
12,1,1001,25,250001,True,14,False,100,0.0,0.23604460107162595,0.028676479830161163,0.026617027065136262,0.053994785013505804,0.35050708660682245,0.936649509225835,0.29077740785553935,13,8,0.570087712549569,2500,OLS_iid,iid,False,5
12,2,2001,20,200001,True,14,False,100,0.0,0.20576714491471648,0.025681776822544185,0.024337719779759664,0.03803421964421255,0.3639888454135809,0.9314241167170699,0.28950354951228563,13,8,0.570087712549569,2500,OLS_iid,iid,False,5
11,9,9001,2,20001,True,17,False,100,0.5694174310539274,0.4399625612422824,0.04234815797342591,0.03773791180702876,0.0764130454871802,0.420925845940029,0.9079215502392615,0.25655076080753336,13,8,0.570087712549569,2500,OLS_iid,iid,False,5
11,9,9001,6,60001,True,26,False,100,0.14772923374098243,0.4317998350597918,0.059696790981327644,0.04917858347432203,0.14295950189638215,0.3925918205688386,0.9205403107789638,0.2584708163791622,13,8,0.570087712549569,2500,OLS_iid,iid,False,5
12,4,4001,23,230001,True,14,False,100,0.0,0.09698726888746023,0.02728831113770558,0.026186935227811493,0.0403380734825273,0.35572894200336863,0.9346566878092993,0.28860820668795517,13,8,0.570087712549569,2500,OLS_iid,iid,False,5
12,2,2001,8,80001,True,14,False,100,0.0,0.22961813118308783,0.03194115763367572,0.030014545518556035,0.05204357902522485,0.3693661967732978,0.9294147940427294,0.2898462036542933,13,8,0.570087712549569,2500,OLS_iid,iid,False,5
12,4,4001,19,190001,True,14,False,100,0.0,0.10075250873342156,0.025304672618494176,0.02378746677849527,0.04951232298409366,0.36239713355469666,0.9322962163843442,0.2906868646176527,13,8,0.570087712549569,2500,OLS_iid,iid,False,5
12,2,2001,9,90001,True,14,False,100,0.0,0.23623510915786028,0.03011506843055988,0.027386226461484073,0.0618326275297266,0.3559496647351173,0.934537362064979,0.29200586498980535,13,8,0.570087712549569,2500,OLS_iid,iid,False,5
12,3,3001,27,270001,True,14,False,100,0.0,0.14682658342644572,0.02921610465236217,0.02703267763362593,0.0475663959115884,0.37189396832690486,0.9284551381440261,0.29237089218569834,13,8,0.570087712549569,2500,OLS_iid,iid,False,5
12,4,4001,11,110001,True,16,False,100,0.0,0.12329735513776541,0.026199794025709256,0.025228928897484806,0.040071325856615984,0.387534200479149,0.9217721591952918,0.29311575074122664,13,8,0.570087712549569,2500,OLS_iid,iid,False,5
12,3,3001,11,110001,True,18,False,100,0.0,0.19448763318359852,0.02282572899057678,0.02204851027998783,0.032544899641434484,0.3884009710966998,0.9215732320726473,0.28887711725064785,13,8,0.570087712549569,2500,OLS_iid,iid,False,5
12,5,5001,1,10001,True,14,False,100,0.0,0.10087998816743493,0.024882297560667427,0.022769160109160105,0.04866950507702963,0.36871880369248844,0.9296225885784899,0.2863341513718532,13,8,0.570087712549569,2500,OLS_iid,iid,False,5
12,2,2001,15,150001,True,15,False,100,0.0,0.23667521588504314,0.03038250549266088,0.028905933413420112,0.05371443746765563,0.3769811396513894,0.9262690045803215,0.28627810774347445,13,8,0.570087712549569,2500,OLS_iid,iid,False,5
12,3,3001,21,210001,True,20,False,100,0.0,0.17766633303835988,0.029551255517744877,0.026364601127685773,0.0642197778318984,0.35915077682077773,0.933323222529502,0.2877163933707648,13,8,0.570087712549569,2500,OLS_iid,iid,False,5
11,9,9001,18,180001,True,15,False,100,0.055993815810415314,0.4374386011622846,0.22575172886173459,0.12042898816625715,0.6327948084667013,0.7568741877025337,0.7637974811956675,0.2559253540270275,13,8,0.570087712549569,2500,OLS_iid,iid,False,5
12,0,1,25,250001,True,14,False,100,0.0,0.3427011142484844,0.02610993244512618,0.024644380242665073,0.046021990957788646,0.36257603637521085,0.9319936894203648,0.2889553823020658,13,8,0.570087712549569,2500,OLS_iid,iid,False,5
12,5,5001,10,100001,True,14,False,100,0.0,0.08993452321738005,0.029279894130444916,0.02774194755133687,0.053730992538283624,0.3839769218964271,0.9238325233735971,0.2989254731346522,13,8,0.570087712549569,2500,OLS_iid,iid,False,5
12,0,1,8,80001,True,14,False,100,0.0,0.3992441869340837,0.026953638549052958,0.025733975723497324,0.04159558008380188,0.3658075532322237,0.9307887056749891,0.29476836968727577,13,8,0.570087712549569,2500,OLS_iid,iid,False,5
12,5,5001,3,30001,True,14,False,100,0.0,0.1148556899279356,0.025664513481557027,0.024716014278094937,0.03324980588920785,0.3862539416216723,0.9225879867127597,0.2846605498928478,13,8,0.570087712549569,2500,OLS_iid,iid,False,5
12,3,3001,19,190001,True,15,False,100,0.0,0.19446296337991953,0.02709191894497387,0.026061362083690368,0.0402391288076987,0.36525891800281457,0.9318038526528816,0.28957404094705336,13,8,0.570087712549569,2500,OLS_iid,iid,False,5
12,3,3001,18,180001,True,14,False,100,0.0,0.1976040587760508,0.02370018900569807,0.02285190427117276,0.03432032479001077,0.3606321337093868,0.9328644441177567,0.28451186749560803,13,8,0.570087712549569,2500,OLS_iid,iid,False,5
12,4,4001,17,170001,True,14,False,100,0.0,0.1416031727567315,0.03384232991297686,0.032222888867351966,0.051658956113714,0.36633531636614136,0.9305875711365919,0.28565312166174733,13,8,0.570087712549569,2500,OLS_iid,iid,False,5
12,3,3001,17,170001,True,14,False,100,0.0,0.20305351726710796,0.03235073193609154,0.031151988427124112,0.044150703532994655,0.370677764775845,0.9288309232399732,0.28172671767121,13,8,0.570087712549569,2500,OLS_iid,iid,False,5
12,3,3001,4,40001,True,14,False,100,0.0,0.23639815906062722,0.03179781393397553,0.02999307047491934,0.0514835496038209,0.3778043121853839,0.9260920422129735,0.285250818706856,13,8,0.570087712549569,2500,OLS_iid,iid,False,5
12,3,3001,24,240001,True,15,False,100,0.0,0.18962816102430224,0.03547971046790558,0.03363988886035528,0.05510693152548049,0.3727224354670491,0.9283085193450935,0.2904526560941459,13,8,0.570087712549569,2500,OLS_iid,iid,False,5
12,5,5001,18,180001,True,14,False,100,0.0,0.09407102083787322,0.02641200758912195,0.025590312859142397,0.04191262218217766,0.3646866460766986,0.9316890404701939,0.28691646710633517,13,8,0.570087712549569,2500,OLS_iid,iid,False,5
11,9,9001,26,260001,True,19,False,100,0.5627541537636492,0.43242261931300163,0.2662252672164349,0.1403714503138527,1.0156659271607058,0.9416594823810194,0.672351662243877,0.25093414485206833,13,8,0.570087712549569,2500,OLS_iid,iid,False,5
12,4,4001,22,220001,True,16,False,100,0.0,0.14170738216489553,0.03157924620439244,0.030212318347582607,0.04556749079682764,0.37004178706533575,0.929044215361537,0.2910520671964396,13,8,0.570087712549569,2500,OLS_iid,iid,False,5
12,4,4001,9,90001,True,13,False,100,0.0,0.16281902883201838,0.03180363538804898,0.02942801564280649,0.06666562869317516,0.37445540558091023,0.927433557599786,0.28913471376919364,13,8,0.570087712549569,2500,OLS_iid,iid,False,5
12,3,3001,29,290001,True,14,False,100,0.0,0.18358489824458957,0.035063663882114175,0.033821490230978586,0.049509894357498536,0.369999599347614,0.9292935748070879,0.28793680122722354,13,8,0.570087712549569,2500,OLS_iid,iid,False,5
12,2,2001,26,260001,True,15,False,100,0.0,0.2547842958010733,0.024338839339026457,0.022458522197708712,0.04352331887986631,0.36126862292135187,0.9328594980494537,0.2908681610668104,13,8,0.570087712549569,2500,OLS_iid,iid,False,5
12,4,4001,2,20001,True,14,False,100,0.0,0.17450044816359878,0.03349437958078806,0.031586874339203014,0.057117910466982974,0.36945415399094134,0.9296864884525288,0.29197284681387464,13,8,0.570087712549569,2500,OLS_iid,iid,False,5
11,5,5001,5,50001,True,54,False,100,0.05717049244591603,0.7869864921085536,0.07670281491863737,0.05278912913531076,0.1849618969284959,0.41072520299008064,0.9135197934695061,0.2506406354248887,13,8,0.570087712549569,2500,OLS_iid,iid,False,5
12,1,1001,14,140001,True,14,False,100,0.0,0.33214047690853477,0.02680825552989557,0.025924125628799706,0.038089346252797106,0.3620482612370133,0.9327268039258774,0.28793124363748174,13,8,0.570087712549569,2500,OLS_iid,iid,False,5
11,9,9001,25,250001,True,20,False,100,0.7621655752320462,0.44746564282104373,0.14841281792599775,0.07659100436888085,0.516991736250559,0.6717715024190927,0.7966236553385304,0.25766452395437334,13,8,0.570087712549569,2500,OLS_iid,iid,False,5
12,5,5001,27,270001,True,14,False,100,0.0,0.09270235197618604,0.03358744931973832,0.030068404652969442,0.0679448918793793,0.37778496531036393,0.926074971055235,0.2829807031355401,13,8,0.570087712549569,2500,OLS_iid,iid,False,5
12,5,5001,26,260001,True,14,False,100,0.0,0.09529179101809859,0.027393320049220512,0.026076020985744727,0.0464574164210703,0.3499364959609218,0.9370244816127543,0.28692115936139906,13,8,0.570087712549569,2500,OLS_iid,iid,False,5
12,4,4001,20,200001,True,14,False,100,0.0,0.15784841729328036,0.027377963731611332,0.025930438852265307,0.0443770458644708,0.3639183851759619,0.9316781471312194,0.28716549210664244,13,8,0.570087712549569,2500,OLS_iid,iid,False,5
12,1,1001,18,180001,True,14,False,100,0.0,0.329940102994442,0.02694231588346461,0.02550814678624375,0.045000949952805236,0.36095724862068895,0.9327408487484404,0.2880952679054448,13,8,0.570087712549569,2500,OLS_iid,iid,False,5
12,2,2001,29,290001,True,14,False,100,0.0,0.2608329993672669,0.027341194762153492,0.026151226508437844,0.04938388829511217,0.36930798928112946,0.9293548832262759,0.2864242545421521,13,8,0.570087712549569,2500,OLS_iid,iid,False,5
12,1,1001,17,170001,True,14,False,100,0.0,0.33081741677597165,0.031266458623353165,0.029668548830760387,0.05023555357739652,0.37560498377442086,0.9268776465708733,0.2924041252355701,13,8,0.570087712549569,2500,OLS_iid,iid,False,5
12,4,4001,18,180001,True,18,False,100,0.0,0.16423536837100983,0.02720678944980549,0.02528465624340057,0.043645593102058594,0.36616985123975226,0.9307215182659281,0.2878800846647729,13,8,0.570087712549569,2500,OLS_iid,iid,False,5
12,4,4001,8,80001,True,15,False,100,0.0,0.17933306004852057,0.029542278122550853,0.027905256968114526,0.04871237974482775,0.35325871389816327,0.9357468422157899,0.29269165241938105,13,8,0.570087712549569,2500,OLS_iid,iid,False,5
12,5,5001,5,50001,True,13,False,100,0.0,0.14313185075297952,0.02969115145230507,0.027876926959626538,0.0449029640060852,0.3698934108085212,0.9293212311537179,0.2915298155879498,13,8,0.570087712549569,2500,OLS_iid,iid,False,5
12,5,5001,16,160001,True,14,False,100,0.0,0.11568241426721215,0.02971426804922297,0.027344646505641182,0.05469671234368713,0.3670164386020147,0.9306648141347681,0.2903450121083654,13,8,0.570087712549569,2500,OLS_iid,iid,False,5
12,5,5001,13,130001,True,14,False,100,0.0,0.12651533028110862,0.03379250114080737,0.032333235399430886,0.048174921546115745,0.37517768991182093,0.9270447408790312,0.29278993723468555,13,8,0.570087712549569,2500,OLS_iid,iid,False,5
12,4,4001,25,250001,True,14,False,100,0.0,0.1598991109058261,0.02743412904733258,0.025858000422792068,0.044354430295209274,0.3557496599549629,0.934895205401108,0.2847260958824252,13,8,0.570087712549569,2500,OLS_iid,iid,False,5
12,1,1001,19,190001,True,14,False,100,0.0,0.3334309468045831,0.027425693623247857,0.025936756397448055,0.04341903362010295,0.3687652597592031,0.9295301060746604,0.2898807964863527,13,8,0.570087712549569,2500,OLS_iid,iid,False,5
12,4,4001,26,260001,True,14,False,100,0.0,0.16039310675114393,0.023938131025044756,0.022251014776832913,0.03980114643018567,0.356799771881308,0.934252376939422,0.285120319613573,13,8,0.570087712549569,2500,OLS_iid,iid,False,5
12,4,4001,13,130001,True,14,False,100,0.0,0.18279995303601027,0.032088984893169914,0.03056240537319991,0.05088653952980828,0.3809155527246857,0.9246175613914537,0.2870600448037249,13,8,0.570087712549569,2500,OLS_iid,iid,False,5
12,4,4001,24,240001,True,14,False,100,0.0,0.1663021221756935,0.032860595828224905,0.03098101076481879,0.05481206778687909,0.368311413269191,0.9298366250272824,0.28844496801207187,13,8,0.570087712549569,2500,OLS_iid,iid,False,5
12,4,4001,29,290001,True,16,False,100,0.0,0.15870999079197645,0.03207750570812653,0.029632067652962227,0.050847110559688845,0.3802650029955107,0.9251220861697071,0.2876732472968436,13,8,0.570087712549569,2500,OLS_iid,iid,False,5
12,2,2001,18,180001,True,15,False,100,0.0,0.2923363852314651,0.024660963453759743,0.023850976100902657,0.036168142422808566,0.3581260222226144,0.9340030580761233,0.2873838479549483,13,8,0.570087712549569,2500,OLS_iid,iid,False,5
12,5,5001,4,40001,True,21,False,100,0.0,0.15797568624839187,0.029981181368553794,0.027536589234539444,0.05026696032374501,0.36308252402935576,0.93181868587378,0.28236489038982915,13,8,0.570087712549569,2500,OLS_iid,iid,False,5
12,0,1,19,190001,True,14,False,100,0.0,0.41069692792370915,0.027203230645896193,0.02566144843669665,0.04760048678977791,0.36832576926331656,0.9297999418598684,0.292765972130608,13,8,0.570087712549569,2500,OLS_iid,iid,False,5
12,4,4001,6,60001,True,18,False,100,0.0,0.20030913827940822,0.029367991222292406,0.02827697443714881,0.04628340227477141,0.3677090806939533,0.9302074274445264,0.28862473483464335,13,8,0.570087712549569,2500,OLS_iid,iid,False,5
12,5,5001,20,200001,True,14,False,100,0.0,0.12879318231716752,0.027404666689048056,0.026752963847398854,0.03580889560809159,0.3690880147539143,0.9296896319822272,0.28774473971832043,13,8,0.570087712549569,2500,OLS_iid,iid,False,5
12,6,6001,3,30001,True,14,False,100,0.0,0.1087286570109427,0.027840597372135525,0.027008993441521096,0.039582308855760494,0.3761499216279094,0.9270877875184764,0.29035369245096554,13,8,0.570087712549569,2500,OLS_iid,iid,False,5
12,5,5001,14,140001,True,14,False,100,0.0,0.13798546139150858,0.02676199465577232,0.0261581217313793,0.04043052607190032,0.3709617980710519,0.928804952005553,0.2877253424227452,13,8,0.570087712549569,2500,OLS_iid,iid,False,5
12,5,5001,29,290001,True,14,False,100,0.0,0.11752043990418315,0.02591788716018788,0.024128933647463578,0.04815112397557181,0.372879961730387,0.9281408285850294,0.2938936586388513,13,8,0.570087712549569,2500,OLS_iid,iid,False,5
12,3,3001,16,160001,True,14,False,100,0.0,0.25678929034620523,0.02829342914821671,0.02629938446124957,0.04666171124670836,0.3639272044094459,0.9319300789653238,0.28387537390532225,13,8,0.570087712549569,2500,OLS_iid,iid,False,5
12,4,4001,21,210001,True,14,False,100,0.0,0.1822862778790295,0.03134888451892396,0.02842991179876148,0.06182951669228692,0.36942611146972015,0.9293022680115713,0.29650047925711553,13,8,0.570087712549569,2500,OLS_iid,iid,False,5
12,6,6001,7,70001,True,15,False,100,0.0,0.11071853199973702,0.023341793181793476,0.022027951132409997,0.04584237386251025,0.3736017295998614,0.9281680433666799,0.2947056311981456,13,8,0.570087712549569,2500,OLS_iid,iid,False,5
12,1,1001,15,150001,True,14,False,100,0.0,0.37117906380444765,0.02975989456853431,0.026841343915785496,0.06376664853236852,0.38238515185838445,0.9241144845334668,0.28789771695393357,13,8,0.570087712549569,2500,OLS_iid,iid,False,5
12,6,6001,2,20001,True,15,False,100,0.0,0.12259310111403465,0.03230547770894597,0.028689829348977104,0.06272373274116265,0.3763937757392255,0.9267423311524303,0.2934926502092422,13,8,0.570087712549569,2500,OLS_iid,iid,False,5
12,5,5001,8,80001,True,15,False,100,0.0,0.16066685505211353,0.028006730142778262,0.026791475824368756,0.03883969579589166,0.3743257819670646,0.9275417913182747,0.287404042107811,13,8,0.570087712549569,2500,OLS_iid,iid,False,5
11,8,8001,21,210001,True,43,False,100,0.029148679313564206,0.5767031419090927,0.09683352641663863,0.06554035278592568,0.24391675377822847,0.4364867209110333,0.9027684975603645,0.24924147722713605,13,8,0.570087712549569,2500,OLS_iid,iid,False,5
12,1,1001,21,210001,True,13,False,100,0.0,0.3643076973967254,0.03004951568971396,0.027774480142490378,0.05411103954132678,0.3668802764422768,0.9304042724243187,0.290004807823284,13,8,0.570087712549569,2500,OLS_iid,iid,False,5
12,2,2001,4,40001,True,14,False,100,0.0,0.3353980523534119,0.029782591409725917,0.027517464200745648,0.05014220498551559,0.3693666273349446,0.9293497232663257,0.2830795140766148,13,8,0.570087712549569,2500,OLS_iid,iid,False,5
12,2,2001,5,50001,True,18,False,100,0.0,0.33525602193549275,0.03162445573462568,0.029919513361964797,0.05302894191990839,0.36625646888784,0.9305034040783687,0.2889346913999737,13,8,0.570087712549569,2500,OLS_iid,iid,False,5
12,6,6001,17,170001,True,14,False,100,0.0,0.09570808801800013,0.03492601546240095,0.031458118700398816,0.06336086350575233,0.38009648584293526,0.9252068911727883,0.2846698481952162,13,8,0.570087712549569,2500,OLS_iid,iid,False,5
12,6,6001,15,150001,True,14,False,100,0.0,0.10179409198462963,0.025839147118914777,0.024211085886577128,0.05081459329548386,0.3649680241712837,0.9311440637604902,0.2873454209425485,13,8,0.570087712549569,2500,OLS_iid,iid,False,5
12,4,4001,4,40001,True,14,False,100,0.0,0.22583201015368104,0.03183964562613897,0.03112486533797301,0.04405863922643176,0.36320322492326496,0.9320329853808264,0.28717553388719214,13,8,0.570087712549569,2500,OLS_iid,iid,False,5
12,6,6001,13,130001,True,14,False,100,0.0,0.1090227048844099,0.03346261570091957,0.0314898869848629,0.0627012559948211,0.38552385331944733,0.9230012478328852,0.2878684026586041,13,8,0.570087712549569,2500,OLS_iid,iid,False,5
11,9,9001,21,210001,True,15,False,100,0.029148679313564206,0.5156255443580449,0.2626257860003022,0.14182766583303508,0.7405377804635622,0.9203321584076405,0.6941984244130817,0.24804602282171517,13,8,0.570087712549569,2500,OLS_iid,iid,False,5
12,1,1001,12,120001,True,16,False,100,0.0,0.40546405920758843,0.02840883413225208,0.02702051321459357,0.041853625746975855,0.37206596471191167,0.9283724482944854,0.2912189942598861,13,8,0.570087712549569,2500,OLS_iid,iid,False,5
12,6,6001,18,180001,True,14,False,100,0.0,0.10895849531516433,0.02731855954844583,0.025749925385933056,0.04001251545135207,0.37045350741221084,0.9291014163537912,0.2864577683372799,13,8,0.570087712549569,2500,OLS_iid,iid,False,5
12,1,1001,9,90001,True,14,False,100,0.0,0.41193005815148354,0.030343977099490424,0.02806610899289797,0.04584483256777698,0.37285182604563993,0.9279613033548667,0.2891714174397523,13,8,0.570087712549569,2500,OLS_iid,iid,False,5
12,2,2001,13,130001,True,14,False,100,0.0,0.33588008722290397,0.029747497338274958,0.027687372301807615,0.05695595092393008,0.37716980256015814,0.9262299258354335,0.2847768465104367,13,8,0.570087712549569,2500,OLS_iid,iid,False,5
12,0,1,14,140001,True,22,False,100,0.0,0.4696818511001766,0.02455052780489307,0.023736466567042477,0.0374370065221017,0.3557030304230923,0.934650964088851,0.28617401518332963,13,8,0.570087712549569,2500,OLS_iid,iid,False,5
12,2,2001,10,100001,True,15,False,100,0.0,0.3449242077767849,0.02831873952102969,0.02764608020857318,0.040843437298627994,0.3787567785674788,0.9256785338365309,0.29066760187604634,13,8,0.570087712549569,2500,OLS_iid,iid,False,5
12,1,1001,16,160001,True,14,False,100,0.0,0.3998592309653759,0.027647011913082,0.02695212075476503,0.0372729073069309,0.35918790126199324,0.9337685136623468,0.29065761204423596,13,8,0.570087712549569,2500,OLS_iid,iid,False,5
12,3,3001,12,120001,True,15,False,100,0.0,0.3096501207910478,0.0260852223925057,0.02504483878033287,0.04165225835846967,0.3721315861408888,0.9284699990951093,0.2896093337295459,13,8,0.570087712549569,2500,OLS_iid,iid,False,5
12,2,2001,7,70001,True,16,False,100,0.0,0.35630397871136665,0.0271508247292325,0.02565982060047606,0.0468635031621592,0.3670358435354488,0.9303938750239672,0.2924264692128174,13,8,0.570087712549569,2500,OLS_iid,iid,False,5
12,5,5001,12,120001,True,14,False,100,0.0,0.18852907884866,0.02697035247468066,0.025511293245893837,0.043610715169649816,0.3698089251433311,0.9292171988462778,0.29289728538431903,13,8,0.570087712549569,2500,OLS_iid,iid,False,5
12,5,5001,19,190001,True,14,False,100,0.0,0.1660409332253039,0.024883826465250086,0.024232007176735945,0.03783322204714319,0.37178811555009705,0.9286722164025519,0.28413945775196736,13,8,0.570087712549569,2500,OLS_iid,iid,False,5
12,5,5001,2,20001,True,14,False,100,0.0,0.21520317299291492,0.028522994767889016,0.026684635868787256,0.052358687373805404,0.3717181104519186,0.9284963308138469,0.2867217460361303,13,8,0.570087712549569,2500,OLS_iid,iid,False,5
12,4,4001,28,280001,True,14,False,100,0.0,0.22114147618412971,0.025302391949229848,0.023603385894659958,0.038226327903650624,0.3662510806224378,0.9305763510320637,0.2864728403700683,13,8,0.570087712549569,2500,OLS_iid,iid,False,5
12,3,3001,14,140001,True,14,False,100,0.0,0.3101042667403817,0.024791872331963265,0.023632099538655034,0.03477912314047034,0.36202125890302295,0.9322332235678341,0.29429732978787854,13,8,0.570087712549569,2500,OLS_iid,iid,False,5
12,2,2001,12,120001,True,14,False,100,0.0,0.35668944707140326,0.025874930950641025,0.024244005235829477,0.047928301445416537,0.3598457991215485,0.9332546209278341,0.28717652517148856,13,8,0.570087712549569,2500,OLS_iid,iid,False,5
12,2,2001,23,230001,True,14,False,100,0.0,0.34427265310660005,0.029666590078842123,0.02814236833401839,0.050052579470764864,0.35655484186069614,0.9343156216774496,0.292687938157395,13,8,0.570087712549569,2500,OLS_iid,iid,False,5
12,7,7001,4,40001,True,14,False,100,0.0,0.09483704483136535,0.030303714837641077,0.027876428938733204,0.057783704407820186,0.3680091072063942,0.9302901928564786,0.2860994996139929,13,8,0.570087712549569,2500,OLS_iid,iid,False,5
12,6,6001,20,200001,True,18,False,100,0.0,0.12305282615125179,0.026071623644295605,0.0252022882381184,0.03186003121369454,0.36364778662447794,0.9316778863435904,0.287026284328325,13,8,0.570087712549569,2500,OLS_iid,iid,False,5
12,6,6001,27,270001,True,15,False,100,0.0,0.11000098707154393,0.029900890621245485,0.02893581562384726,0.049093348320048545,0.3690876105773599,0.9296018833496282,0.28343396078043404,13,8,0.570087712549569,2500,OLS_iid,iid,False,5
12,6,6001,29,290001,True,14,False,100,0.0,0.10821700235828757,0.030413647576551503,0.029217815708783602,0.040831753129364566,0.37680262026743716,0.9263920244124694,0.28629034606247916,13,8,0.570087712549569,2500,OLS_iid,iid,False,5
12,6,6001,19,190001,True,19,False,100,0.0,0.13394908234477043,0.026511508269879736,0.025171751265051764,0.04030309584640501,0.3665739711511979,0.930426908808256,0.28988850826318024,13,8,0.570087712549569,2500,OLS_iid,iid,False,5
12,5,5001,0,1,True,14,False,100,0.0,0.2349517298862338,0.03208176544665046,0.030123624642991006,0.06287961852308135,0.3740567657880188,0.92750845209781,0.2881439757112388,13,8,0.570087712549569,2500,OLS_iid,iid,False,5
12,6,6001,6,60001,True,15,False,100,0.0,0.16887735109776258,0.026487611288637868,0.025297381297934986,0.03954495988659194,0.3832471572977371,0.9239629246121895,0.2908166343313096,13,8,0.570087712549569,2500,OLS_iid,iid,False,5
12,6,6001,12,120001,True,14,False,100,0.0,0.15500707877799869,0.02604820829420626,0.025379915116063252,0.03660865267045211,0.3666670254524781,0.9308284219986799,0.2924545198935698,13,8,0.570087712549569,2500,OLS_iid,iid,False,5
12,5,5001,17,170001,True,15,False,100,0.0,0.2018041373230517,0.032224176890399504,0.029713753664651614,0.05515385112901704,0.37869215025367403,0.9256799974461314,0.2889882456865089,13,8,0.570087712549569,2500,OLS_iid,iid,False,5
12,6,6001,1,10001,True,14,False,100,0.0,0.17654588213190436,0.02806535106884681,0.026305965684854063,0.050540181403648576,0.3796375380400446,0.9257976991416269,0.2828126786875004,13,8,0.570087712549569,2500,OLS_iid,iid,False,5
12,7,7001,11,110001,True,15,False,100,0.0,0.10143382381647825,0.026799338484585485,0.02529415636465692,0.038788373766606855,0.38763273847813984,0.9224782811694958,0.28763443913827125,13,8,0.570087712549569,2500,OLS_iid,iid,False,5
12,2,2001,21,210001,True,14,False,100,0.0,0.370538298971951,0.02798369668406929,0.025955834332878656,0.052776616506672244,0.37458676899216353,0.927789796213943,0.294484327020991,13,8,0.570087712549569,2500,OLS_iid,iid,False,5
12,2,2001,24,240001,True,14,False,100,0.0,0.3650066922418773,0.03168081286090066,0.02898244448282259,0.05428484522683756,0.36653755472598737,0.9304614728643191,0.29090443543866557,13,8,0.570087712549569,2500,OLS_iid,iid,False,5
12,7,7001,1,10001,True,15,False,100,0.0,0.1185446921736002,0.02611459871298222,0.022930130143568504,0.06227089836525178,0.37856304245525385,0.9258113927493679,0.2834246042156433,13,8,0.570087712549569,2500,OLS_iid,iid,False,5
11,9,9001,13,130001,True,15,False,100,0.24306915790932587,0.5839828145690262,0.06471525880796584,0.04981822973344455,0.1713105545802202,0.407560886762241,0.9151621758429558,0.25966216048581425,13,8,0.570087712549569,2500,OLS_iid,iid,False,5
12,7,7001,16,160001,True,14,False,100,0.0,0.10109992604702711,0.029122416110112865,0.0266467979840526,0.05484741774913723,0.35878766509685267,0.9336681447769926,0.2884588295619078,13,8,0.570087712549569,2500,OLS_iid,iid,False,5
12,7,7001,24,240001,True,15,False,100,0.0,0.09574195789173245,0.03236910851400777,0.030812331879431627,0.04643501664533422,0.37241573927562555,0.928152013188349,0.288079566274823,13,8,0.570087712549569,2500,OLS_iid,iid,False,5
12,6,6001,4,40001,True,16,False,100,0.0,0.19147590594366193,0.03251218078145583,0.03076083136858435,0.047563659214459264,0.3775225124205874,0.9261012714606971,0.2881423512630177,13,8,0.570087712549569,2500,OLS_iid,iid,False,5
12,2,2001,16,160001,True,14,False,100,0.0,0.37936007091775537,0.028095182793573713,0.02664292330048109,0.04450753755527636,0.35801741766269723,0.933840269735763,0.2849304739487592,13,8,0.570087712549569,2500,OLS_iid,iid,False,5
12,5,5001,9,90001,True,14,False,100,0.0,0.22976673021912575,0.030542503065744953,0.027981619453072412,0.04921505784813431,0.36597164269895177,0.9309067961046609,0.2908196797692328,13,8,0.570087712549569,2500,OLS_iid,iid,False,5
12,7,7001,22,220001,True,14,False,100,0.0,0.1022277781739831,0.031491409267894205,0.029677065535536288,0.05739568307807147,0.368968098441825,0.9295833909968341,0.2877289364514098,13,8,0.570087712549569,2500,OLS_iid,iid,False,5
12,7,7001,14,140001,True,14,False,100,0.0,0.1091745737940073,0.024861334991926057,0.023040310586616406,0.04293005205269024,0.3616710709919546,0.9324454425406633,0.2861904850669275,13,8,0.570087712549569,2500,OLS_iid,iid,False,5
12,8,8001,0,1,True,14,False,100,0.0,0.09720791690051556,0.03055638935050031,0.029951773700955035,0.03984912406554565,0.36960131531927504,0.9292051653222706,0.2921240769143899,13,8,0.570087712549569,2500,OLS_iid,iid,False,5
12,8,8001,2,20001,True,14,False,100,0.0,0.09211584599688649,0.0338594787427484,0.03143640714744151,0.06164206420368519,0.37455978601109696,0.9273258678681837,0.29350022829241834,13,8,0.570087712549569,2500,OLS_iid,iid,False,5
13,0,1,1,10001,True,0,False,100,0.0,0.004609864205121994,0.02298316727383997,0.02212340616416015,0.03441208869238384,0.0,1.0,0.3254671268428434,13,8,0.570087712549569,2500,OLS_iid,iid,False,5
12,3,3001,20,200001,True,19,False,100,0.0,0.33437837939709425,0.02530298951986353,0.023877276702911912,0.04678240859463394,0.36150654102866236,0.9323670254078772,0.2809518983101104,13,8,0.570087712549569,2500,OLS_iid,iid,False,5
13,0,1,2,20001,True,0,False,100,0.0,0.0045653837732970715,0.0231976962133852,0.02182529153247698,0.038689348525268764,0.0,1.0,0.3204122767474354,13,8,0.570087712549569,2500,OLS_iid,iid,False,5
13,0,1,0,1,True,0,False,100,0.0,0.005492947064340115,0.021008735809001824,0.020202638129832102,0.033320503058768776,0.0,1.0,0.31938924646085504,13,8,0.570087712549569,2500,OLS_iid,iid,False,5
13,0,1,6,60001,True,0,False,100,0.0,0.004153178073465824,0.019757554135602855,0.01915349773285827,0.02564681365821954,0.0,1.0,0.32828220658422547,13,8,0.570087712549569,2500,OLS_iid,iid,False,5
13,0,1,5,50001,True,0,False,100,0.0,0.004956090822815895,0.019080561045856308,0.018389134767778613,0.026876218705394132,0.0,1.0,0.3250649640108054,13,8,0.570087712549569,2500,OLS_iid,iid,False,5
13,0,1,4,40001,True,0,False,100,0.0,0.008027067873626947,0.020140991878761436,0.019159889224747033,0.02756191907526614,0.0,1.0,0.3256514870800001,13,8,0.570087712549569,2500,OLS_iid,iid,False,5
12,6,6001,21,210001,True,21,False,100,0.0,0.16158255795016885,0.030531757331423628,0.028461305887848263,0.05114774766269423,0.3688150896363796,0.9302634487275158,0.28428836817238157,13,8,0.570087712549569,2500,OLS_iid,iid,False,5
13,0,1,9,90001,True,0,False,100,0.0,0.005011761095374823,0.023027750785604054,0.02210695300055093,0.03371366564250755,0.0,1.0,0.32611067239188585,13,8,0.570087712549569,2500,OLS_iid,iid,False,5
13,0,1,8,80001,True,0,False,100,0.0,0.004070239141583443,0.020905648371924202,0.020126823916338684,0.028721583314363495,0.0,1.0,0.3244898421712359,13,8,0.570087712549569,2500,OLS_iid,iid,False,5
12,6,6001,25,250001,True,14,False,100,0.0,0.161711267195642,0.02128086703553344,0.0201845612991533,0.03346930627965973,0.3599786895824708,0.9333298565930811,0.2864998970665264,13,8,0.570087712549569,2500,OLS_iid,iid,False,5
13,0,1,7,70001,True,0,False,100,0.0,0.012443004176020622,0.021791063210941965,0.021239071419026225,0.028942499224635532,0.0,1.0,0.3210113269346575,13,8,0.570087712549569,2500,OLS_iid,iid,False,5
12,3,3001,15,150001,True,22,False,100,0.0,0.3662448120303452,0.02888648694408057,0.027345140236327094,0.048190125733280936,0.36987665493982874,0.9291392026841537,0.2850146901820166,13,8,0.570087712549569,2500,OLS_iid,iid,False,5
12,8,8001,6,60001,True,14,False,100,0.0,0.1053790538571775,0.02769390818054999,0.026543848355822776,0.043760865355145034,0.37390528807586343,0.9277492382670921,0.2867756690585338,13,8,0.570087712549569,2500,OLS_iid,iid,False,5
13,0,1,10,100001,True,0,False,100,0.0,0.008210715837776661,0.018667085726366245,0.01778197404935903,0.027219637841460875,0.0,1.0,0.32576431138440887,13,8,0.570087712549569,2500,OLS_iid,iid,False,5
13,0,1,11,110001,True,0,False,100,0.0,0.00623363209888339,0.0220201538173076,0.021451980157766344,0.028702311500179642,0.0,1.0,0.32397853683987027,13,8,0.570087712549569,2500,OLS_iid,iid,False,5
12,7,7001,23,230001,True,14,False,100,0.0,0.12766809109598398,0.027785051799915837,0.026473921869571333,0.043612356581043496,0.3554376972370642,0.9349858560606233,0.28387817266902365,13,8,0.570087712549569,2500,OLS_iid,iid,False,5
13,0,1,12,120001,True,0,False,100,0.0,0.0062216222286224365,0.021863493406822802,0.021318400952695233,0.03224512897236076,0.0,1.0,0.326205985802289,13,8,0.570087712549569,2500,OLS_iid,iid,False,5
12,7,7001,3,30001,True,15,False,100,0.0,0.15215371176600456,0.02945822413684792,0.02829961710605849,0.04350436670899612,0.3846326209564845,0.9233744505979414,0.28797047322742225,13,8,0.570087712549569,2500,OLS_iid,iid,False,5
12,3,3001,28,280001,True,14,False,100,0.0,0.3280285783112049,0.03133526757513339,0.028564616578674117,0.05996430337182799,0.3586502579327374,0.9335605440743783,0.28200375738968314,13,8,0.570087712549569,2500,OLS_iid,iid,False,5
12,1,1001,24,240001,True,14,False,100,0.0,0.4545605177991092,0.034260040006406894,0.032233060742184336,0.04684091574504335,0.37802021520303203,0.9258897737345323,0.290873744304829,13,8,0.570087712549569,2500,OLS_iid,iid,False,5
13,0,1,14,140001,True,0,False,100,0.0,0.007348062936216593,0.01926675732875853,0.01857752774539968,0.028769204781568726,0.0,1.0,0.3192587162901321,13,8,0.570087712549569,2500,OLS_iid,iid,False,5
13,0,1,13,130001,True,0,False,100,0.0,0.0071174949407577515,0.021476938408843467,0.02081276042216296,0.0328879516758505,0.0,1.0,0.32362773676268536,13,8,0.570087712549569,2500,OLS_iid,iid,False,5
13,0,1,15,150001,True,0,False,100,0.0,0.010318060871213675,0.024491153436815957,0.0239179704996498,0.03325579838195344,0.0,1.0,0.32538038923773993,13,8,0.570087712549569,2500,OLS_iid,iid,False,5
13,0,1,19,190001,True,0,False,100,0.0,0.008282206021249294,0.021650886309483423,0.020813635637924693,0.03037683653446627,0.0,1.0,0.3227421944504472,13,8,0.570087712549569,2500,OLS_iid,iid,False,5
13,0,1,18,180001,True,0,False,100,0.0,0.008089127019047737,0.02174951295524256,0.021455122922085623,0.024862218109921015,0.0,1.0,0.3230183827221675,13,8,0.570087712549569,2500,OLS_iid,iid,False,5
13,0,1,25,250001,True,0,False,100,0.0,0.005357278045266867,0.022838061629088857,0.021878171882778723,0.03694630694363202,0.0,1.0,0.32294299954816286,13,8,0.570087712549569,2500,OLS_iid,iid,False,5
13,0,1,24,240001,True,0,False,100,0.0,0.007939777802675962,0.02192302083621089,0.021179473642627702,0.03688163683918038,0.0,1.0,0.32709460331300605,13,8,0.570087712549569,2500,OLS_iid,iid,False,5
12,4,4001,16,160001,True,14,False,100,0.0,0.31481686094775796,0.028026160401257313,0.02708459826354734,0.040866245046495685,0.3686836714874518,0.9296658264497573,0.2938988892076679,13,8,0.570087712549569,2500,OLS_iid,iid,False,5
13,0,1,17,170001,True,0,False,100,0.0,0.013578915037214756,0.021217689863149414,0.020847895604307384,0.027701791804659197,0.0,1.0,0.3278891348084844,13,8,0.570087712549569,2500,OLS_iid,iid,False,5
13,0,1,26,260001,True,0,False,100,0.0,0.007291463203728199,0.019131175800271905,0.018406741088227055,0.02807451861362357,0.0,1.0,0.31953977809346595,13,8,0.570087712549569,2500,OLS_iid,iid,False,5
12,6,6001,0,1,True,14,False,100,0.0,0.24126271111890674,0.031725243108275535,0.02874809833021374,0.058704562274226935,0.37308657303406967,0.9279222718070267,0.28553775603528736,13,8,0.570087712549569,2500,OLS_iid,iid,False,5
13,1,1001,0,1,True,0,False,100,0.0,0.004683743696659803,0.020210297444423424,0.019858173047827814,0.02582508782323276,0.0,1.0,0.32532942388088015,13,8,0.570087712549569,2500,OLS_iid,iid,False,5
13,0,1,27,270001,True,0,False,100,0.0,0.007964377757161856,0.022207887880741014,0.021755631380644444,0.028092719951389105,0.0,1.0,0.3240045164814941,13,8,0.570087712549569,2500,OLS_iid,iid,False,5
12,1,1001,8,80001,True,14,False,100,0.0,0.5100488080643117,0.027173499006107455,0.026251915601445977,0.03983014686887369,0.3677706962338768,0.9302131683638261,0.28517596291331665,13,8,0.570087712549569,2500,OLS_iid,iid,False,5
13,0,1,29,290001,True,0,False,100,0.0,0.007654289714992046,0.01915644782681646,0.018311118269503705,0.028059051160298765,0.0,1.0,0.3223767445664215,13,8,0.570087712549569,2500,OLS_iid,iid,False,5
13,0,1,28,280001,True,0,False,100,0.0,0.00785971898585558,0.019467057607910843,0.018737307106462448,0.02680690716508614,0.0,1.0,0.323936496225478,13,8,0.570087712549569,2500,OLS_iid,iid,False,5
12,4,4001,0,1,True,14,False,100,0.0,0.3474778179079294,0.029671199756947608,0.027846159756022157,0.04431716994029275,0.3767891408751682,0.9265216885271749,0.2938381407603998,13,8,0.570087712549569,2500,OLS_iid,iid,False,5
12,3,3001,25,250001,True,15,False,100,0.0,0.36319236597046256,0.021830343478733888,0.020460207215888097,0.035688540672158084,0.3555708070005966,0.9349538003119171,0.29380223033662817,13,8,0.570087712549569,2500,OLS_iid,iid,False,5
13,1,1001,1,10001,True,0,False,100,0.0,0.008087807334959507,0.020659700591735792,0.0198573909748802,0.030623475884486766,0.0,1.0,0.32044075476967127,13,8,0.570087712549569,2500,OLS_iid,iid,False,5
13,0,1,21,210001,True,0,False,100,0.0,0.017467064782977104,0.02494340836955952,0.02390545957796597,0.037431525334965486,0.0,1.0,0.32559833971098723,13,8,0.570087712549569,2500,OLS_iid,iid,False,5
13,0,1,20,200001,True,0,False,100,0.0,0.015721538104116917,0.020719674792275433,0.019819468611221247,0.03108420599177564,0.0,1.0,0.31835591058094115,13,8,0.570087712549569,2500,OLS_iid,iid,False,5
12,8,8001,9,90001,True,13,False,100,0.0,0.12796266889199615,0.028200755594001092,0.02657081264878131,0.053818791889616,0.3664575160852333,0.9305136542556296,0.28826554998313925,13,8,0.570087712549569,2500,OLS_iid,iid,False,5
12,5,5001,21,210001,True,16,False,100,0.0,0.2643319317139685,0.029095957457572107,0.026222255664508073,0.057597569925837325,0.3687960518901385,0.9296654819146114,0.2893719118060681,13,8,0.570087712549569,2500,OLS_iid,iid,False,5
13,1,1001,7,70001,True,0,False,100,0.0,0.005656166933476925,0.021713994109126576,0.02126874819840934,0.030587265185773278,0.0,1.0,0.32051035241770115,13,8,0.570087712549569,2500,OLS_iid,iid,False,5
13,1,1001,4,40001,True,0,False,100,0.0,0.010501558892428875,0.021950151340928155,0.021300025468259983,0.0306925446388847,0.0,1.0,0.3232417296869508,13,8,0.570087712549569,2500,OLS_iid,iid,False,5
12,4,4001,10,100001,True,14,False,100,0.0,0.3360739862546325,0.029047427135018133,0.02731188068113845,0.05032907836213143,0.38939543549444133,0.9214993219733797,0.28763128809631944,13,8,0.570087712549569,2500,OLS_iid,iid,False,5
13,1,1001,3,30001,True,0,False,100,0.0,0.011916648130863905,0.02176025013844059,0.021348300135520866,0.02995250065087943,0.0,1.0,0.32221762740652055,13,8,0.570087712549569,2500,OLS_iid,iid,False,5
12,6,6001,22,220001,True,24,False,100,0.0,0.19695892417803407,0.030422220484813453,0.029129209863610332,0.052131144279899386,0.3651276401344469,0.9309752620766217,0.2879216208997316,13,8,0.570087712549569,2500,OLS_iid,iid,False,5
12,9,9001,1,10001,True,14,False,100,0.0,0.0950765828602016,0.02746413718187649,0.025660248959493863,0.05075602389684875,0.3692594687320686,0.929430359406031,0.29146084150901913,13,8,0.570087712549569,2500,OLS_iid,iid,False,5
13,1,1001,6,60001,True,0,False,100,0.0,0.011059795040637255,0.023908360559914514,0.023310918987973415,0.03081607811537919,0.0,1.0,0.32974837172382443,13,8,0.570087712549569,2500,OLS_iid,iid,False,5
13,1,1001,10,100001,True,0,False,100,0.0,0.008008136879652739,0.01986725934843042,0.019407993951871757,0.03026611302496846,0.0,1.0,0.3219300809536921,13,8,0.570087712549569,2500,OLS_iid,iid,False,5
12,4,4001,27,270001,True,14,False,100,0.0,0.31484614033252,0.031405867549291554,0.030309133637265222,0.05405106651986638,0.373995524670798,0.9273644999236302,0.290200155166715,13,8,0.570087712549569,2500,OLS_iid,iid,False,5
13,1,1001,13,130001,True,0,False,100,0.0,0.00792670901864767,0.02237802562007432,0.02165979622629198,0.03246218203559991,0.0,1.0,0.322820754050621,13,8,0.570087712549569,2500,OLS_iid,iid,False,5
13,0,1,23,230001,True,0,False,100,0.0,0.028732007835060358,0.021126280464987605,0.019999504090371472,0.0300601415115671,0.0,1.0,0.3153793238870212,13,8,0.570087712549569,2500,OLS_iid,iid,False,5
13,1,1001,5,50001,True,0,False,100,0.0,0.019325039815157652,0.021213795800930038,0.020749398855935776,0.0288178056260173,0.0,1.0,0.32132743784286505,13,8,0.570087712549569,2500,OLS_iid,iid,False,5
13,1,1001,24,240001,True,0,False,100,0.0,0.006035693921148777,0.025201181083838925,0.024689466963591953,0.033351350051956004,0.0,1.0,0.31919060923852227,13,8,0.570087712549569,2500,OLS_iid,iid,False,5
13,1,1001,2,20001,True,0,False,100,0.0,0.020793958101421595,0.02012207584716642,0.019495406563189113,0.02728596463123785,0.0,1.0,0.31897119584707045,13,8,0.570087712549569,2500,OLS_iid,iid,False,5
13,1,1001,15,150001,True,0,False,100,0.0,0.012521013151854277,0.02260168649850983,0.022141953322104727,0.029696015865289107,0.0,1.0,0.3241833084567329,13,8,0.570087712549569,2500,OLS_iid,iid,False,5
13,1,1001,19,190001,True,0,False,100,0.0,0.010583317838609219,0.02104893655537931,0.02027109289906959,0.029036392491569914,0.0,1.0,0.32956281716045066,13,8,0.570087712549569,2500,OLS_iid,iid,False,5
13,1,1001,18,180001,True,0,False,100,0.0,0.010601168032735586,0.02080212930436816,0.02000600291122114,0.03393259914638489,0.0,1.0,0.3229662406594657,13,8,0.570087712549569,2500,OLS_iid,iid,False,5
13,1,1001,23,230001,True,0,False,100,0.0,0.008706063032150269,0.023426079194950652,0.02310318103635691,0.0317224122725639,0.0,1.0,0.3284603956412538,13,8,0.570087712549569,2500,OLS_iid,iid,False,5
13,1,1001,9,90001,True,0,False,100,0.0,0.01338387606665492,0.022618776344655263,0.021792456477564004,0.031033872590421823,0.0,1.0,0.32302248948640133,13,8,0.570087712549569,2500,OLS_iid,iid,False,5
13,1,1001,27,270001,True,0,False,100,0.0,0.007631461136043072,0.02212514287428817,0.02171270976317024,0.03278341023318428,0.0,1.0,0.3194372554275244,13,8,0.570087712549569,2500,OLS_iid,iid,False,5
13,1,1001,25,250001,True,0,False,100,0.0,0.008030608296394348,0.023092350020471903,0.02211343673641438,0.04038762197398191,0.0,1.0,0.33171054284945684,13,8,0.570087712549569,2500,OLS_iid,iid,False,5
13,2,2001,0,1,True,0,False,100,0.0,0.004014657810330391,0.019221506101797268,0.018802398411254674,0.02504003610520321,0.0,1.0,0.31857756651567554,13,8,0.570087712549569,2500,OLS_iid,iid,False,5
13,1,1001,17,170001,True,0,False,100,0.0,0.01242802431806922,0.022303353338035032,0.02174262853429148,0.03101221439193369,0.0,1.0,0.3180463446462132,13,8,0.570087712549569,2500,OLS_iid,iid,False,5
12,7,7001,7,70001,True,14,False,100,0.0,0.18722090916708112,0.025163922941924145,0.02427445381777243,0.0347191612305762,0.3687257341494824,0.9295426171557218,0.2849971157628965,13,8,0.570087712549569,2500,OLS_iid,iid,False,5
12,6,6001,24,240001,True,14,False,100,0.0,0.21277607092633843,0.033579906778869205,0.032395026671858014,0.055261851763887634,0.37114020090512634,0.9289838092423951,0.2850147823774234,13,8,0.570087712549569,2500,OLS_iid,iid,False,5
12,9,9001,19,190001,True,14,False,100,0.0,0.08604311291128397,0.030637638653435315,0.02931602864427263,0.04787783474198009,0.368932409035982,0.9297292572791881,0.291020060606466,13,8,0.570087712549569,2500,OLS_iid,iid,False,5
12,8,8001,29,290001,True,14,False,100,0.0,0.11485716002061963,0.027500611289773522,0.02581950921360454,0.04475708074739645,0.37268810623471643,0.9282234799072836,0.2905620103578936,13,8,0.570087712549569,2500,OLS_iid,iid,False,5
13,1,1001,21,210001,True,0,False,100,0.0,0.017173157073557377,0.022494438526907235,0.02178068253235332,0.032085474089932994,0.0,1.0,0.3235234480606225,13,8,0.570087712549569,2500,OLS_iid,iid,False,5
12,6,6001,5,50001,True,14,False,100,0.0,0.2636626372113824,0.02835068961841637,0.02613063443281618,0.05148879796624742,0.37260545198199374,0.9281446224316807,0.2905274108133609,13,8,0.570087712549569,2500,OLS_iid,iid,False,5
13,2,2001,9,90001,True,0,False,100,0.0,0.0037659211084246635,0.019101457468186908,0.018414509899150888,0.025921920906098916,0.0,1.0,0.31909073136670907,13,8,0.570087712549569,2500,OLS_iid,iid,False,5
11,6,6001,4,40001,True,48,False,100,0.32711411102733673,0.9109465521760285,0.07117310091161075,0.05560538307899716,0.17432459591711588,0.42005982311198975,0.9101151230703443,0.2528992350173378,13,8,0.570087712549569,2500,OLS_iid,iid,False,5
13,2,2001,4,40001,True,0,False,100,0.0,0.008569493889808655,0.020151268296229225,0.018867609648245635,0.030011384103434114,0.0,1.0,0.31980834294170485,13,8,0.570087712549569,2500,OLS_iid,iid,False,5
13,2,2001,5,50001,True,0,False,100,0.0,0.007951298728585243,0.01904940611691306,0.018063086625056825,0.026743754916993434,0.0,1.0,0.3220297767401141,13,8,0.570087712549569,2500,OLS_iid,iid,False,5
12,7,7001,25,250001,True,14,False,100,0.0,0.17456121696159244,0.024504773912491278,0.02360401023627137,0.036605654283514234,0.360850519938392,0.933247962304786,0.28423812019339983,13,8,0.570087712549569,2500,OLS_iid,iid,False,5
13,2,2001,7,70001,True,0,False,100,0.0,0.008121178019791842,0.01949331336357472,0.019049992655694313,0.027581366723145064,0.0,1.0,0.3170228737419995,13,8,0.570087712549569,2500,OLS_iid,iid,False,5
13,1,1001,14,140001,True,0,False,100,0.0,0.018166229128837585,0.02056410308236339,0.019654052001643087,0.031216475421603055,0.0,1.0,0.32144473716375577,13,8,0.570087712549569,2500,OLS_iid,iid,False,5
13,2,2001,14,140001,True,0,False,100,0.0,0.004501895979046822,0.020664457922569327,0.019960451574565077,0.029678463121564663,0.0,1.0,0.32131025776509275,13,8,0.570087712549569,2500,OLS_iid,iid,False,5
12,8,8001,20,200001,True,19,False,100,0.0,0.1360650546848774,0.026701387126187984,0.0249928269498456,0.04221834919328726,0.36368059905493566,0.9315678914748838,0.28686208670148494,13,8,0.570087712549569,2500,OLS_iid,iid,False,5
13,2,2001,8,80001,True,0,False,100,0.0,0.008030408062040806,0.018474940138245927,0.017653596083950708,0.028496236585717184,0.0,1.0,0.323697304473983,13,8,0.570087712549569,2500,OLS_iid,iid,False,5
13,2,2001,17,170001,True,0,False,100,0.0,0.00405089883133769,0.01866312030354593,0.018351148921017548,0.023500577697415544,0.0,1.0,0.32289955890193656,13,8,0.570087712549569,2500,OLS_iid,iid,False,5
13,1,1001,26,260001,True,0,False,100,0.0,0.015718787908554077,0.018418134072339453,0.01732320549290932,0.029952195049289934,0.0,1.0,0.3220092461886168,13,8,0.570087712549569,2500,OLS_iid,iid,False,5
12,9,9001,11,110001,True,13,False,100,0.0,0.10586351016536355,0.025357486272066538,0.023712241047585104,0.04589399212371339,0.3862708546682355,0.9225764363506332,0.2864354485097411,13,8,0.570087712549569,2500,OLS_iid,iid,False,5
13,2,2001,6,60001,True,0,False,100,0.0,0.011895596981048584,0.020619125185837226,0.019529075015284527,0.03013290607755151,0.0,1.0,0.32823702758426954,13,8,0.570087712549569,2500,OLS_iid,iid,False,5
12,9,9001,3,30001,True,14,False,100,0.0,0.11585436202585697,0.02414867668072224,0.02312115622730369,0.03458859636734722,0.37839003128473153,0.9262927952843585,0.2857438458631227,13,8,0.570087712549569,2500,OLS_iid,iid,False,5
13,2,2001,15,150001,True,0,False,100,0.0,0.009113950189203024,0.02048704793605291,0.020266190770355037,0.025492571285365133,0.0,1.0,0.32216205820435934,13,8,0.570087712549569,2500,OLS_iid,iid,False,5
13,2,2001,19,190001,True,0,False,100,0.0,0.0057210358791053295,0.022561573579934012,0.021687703186362,0.03893109728192399,0.0,1.0,0.32406624941405315,13,8,0.570087712549569,2500,OLS_iid,iid,False,5
13,2,2001,27,270001,True,0,False,100,0.0,0.00416964665055275,0.020612557675543996,0.020149112369892832,0.029186778511455732,0.0,1.0,0.3205514661913674,13,8,0.570087712549569,2500,OLS_iid,iid,False,5
13,2,2001,20,200001,True,0,False,100,0.0,0.007706919685006142,0.022162914384172203,0.020941567752669456,0.03911896327476283,0.0,1.0,0.32993221802934003,13,8,0.570087712549569,2500,OLS_iid,iid,False,5
13,1,1001,28,280001,True,0,False,100,0.0,0.019085542298853397,0.02422417057660377,0.023387836986163094,0.03155520224331337,0.0,1.0,0.32513528991560026,13,8,0.570087712549569,2500,OLS_iid,iid,False,5
12,7,7001,27,270001,True,14,False,100,0.0,0.18191813118755817,0.034557761814813,0.032669332939632145,0.057944217645790816,0.38174679058544664,0.9244518074596657,0.2939057027102452,13,8,0.570087712549569,2500,OLS_iid,iid,False,5
13,2,2001,2,20001,True,0,False,100,0.0,0.018872363958507776,0.021058112479172594,0.020696893843150748,0.027146833044636862,0.0,1.0,0.3272823119109688,13,8,0.570087712549569,2500,OLS_iid,iid,False,5
12,7,7001,0,1,True,14,False,100,0.0,0.21281147096306086,0.03259001643340606,0.030666427444385833,0.052738994083024966,0.37012444565428726,0.9294660928659801,0.2822555804966656,13,8,0.570087712549569,2500,OLS_iid,iid,False,5
12,5,5001,6,60001,True,14,False,100,0.0,0.3267848277464509,0.025797168109820898,0.02465593622496531,0.04454038567161775,0.3644142418923698,0.9314305164373501,0.2876182030058936,13,8,0.570087712549569,2500,OLS_iid,iid,False,5
13,2,2001,25,250001,True,0,False,100,0.0,0.00686416681855917,0.02202735319201997,0.021362761378293158,0.029693479607139073,0.0,1.0,0.3183076698147626,13,8,0.570087712549569,2500,OLS_iid,iid,False,5
13,1,1001,29,290001,True,0,False,100,0.0,0.022595175076276064,0.020942833655816402,0.02042124853869213,0.030363165610742097,0.0,1.0,0.3208273525240045,13,8,0.570087712549569,2500,OLS_iid,iid,False,5
13,2,2001,29,290001,True,0,False,100,0.0,0.00492419209331274,0.021410588652286126,0.020985151226097985,0.02742896512438386,0.0,1.0,0.317036503782518,13,8,0.570087712549569,2500,OLS_iid,iid,False,5
12,3,3001,22,220001,True,14,False,100,0.0,0.4108757758513093,0.03238677567838257,0.030686623268063276,0.04633079725556809,0.37246015871354154,0.9283023548280112,0.291367987545113,13,8,0.570087712549569,2500,OLS_iid,iid,False,5
13,2,2001,24,240001,True,0,False,100,0.0,0.008987171109765768,0.02123914858558053,0.02047645201669423,0.03149138819193316,0.0,1.0,0.32601210033597733,13,8,0.570087712549569,2500,OLS_iid,iid,False,5
12,9,9001,27,270001,True,14,False,100,0.0,0.08775370987132192,0.02820790551239349,0.026277299648836443,0.052253121547492884,0.3638985280655086,0.931474446152926,0.29516464360211314,13,8,0.570087712549569,2500,OLS_iid,iid,False,5
13,2,2001,26,260001,True,0,False,100,0.0,0.007898489013314247,0.020643802488340822,0.020385952236874665,0.025115921372266734,0.0,1.0,0.3205625353270382,13,8,0.570087712549569,2500,OLS_iid,iid,False,5
13,3,3001,4,40001,True,0,False,100,0.0,0.0038905697874724865,0.020942892541608773,0.020525498065978056,0.029054815662672845,0.0,1.0,0.31986493306056735,13,8,0.570087712549569,2500,OLS_iid,iid,False,5
13,2,2001,3,30001,True,0,False,100,0.0,0.022507355082780123,0.020674009628860342,0.019836748714078138,0.02837180117395108,0.0,1.0,0.3230531696758837,13,8,0.570087712549569,2500,OLS_iid,iid,False,5
13,1,1001,22,220001,True,0,False,100,0.0,0.03366549871861935,0.020587911821027163,0.019752626353294812,0.03022707726770928,0.0,1.0,0.3228111409807805,13,8,0.570087712549569,2500,OLS_iid,iid,False,5
13,2,2001,11,110001,True,0,False,100,0.0,0.011320732068270445,0.021885170925860942,0.02026209701878047,0.034171738546572024,0.0,1.0,0.32210066886131533,13,8,0.570087712549569,2500,OLS_iid,iid,False,5
13,3,3001,2,20001,True,0,False,100,0.0,0.005332589149475098,0.022605931918444355,0.02168887688658617,0.031972948880585716,0.0,1.0,0.3251948790409191,13,8,0.570087712549569,2500,OLS_iid,iid,False,5
12,9,9001,26,260001,True,15,False,100,0.0,0.09288258105516434,0.0232525637349396,0.021803068904591397,0.04390607343415938,0.3503863573632511,0.9368415074044517,0.29015650226581385,13,8,0.570087712549569,2500,OLS_iid,iid,False,5
13,3,3001,5,50001,True,0,False,100,0.0,0.006982916034758091,0.020020020281627915,0.019345856863642062,0.02731859111415093,0.0,1.0,0.3200636198701523,13,8,0.570087712549569,2500,OLS_iid,iid,False,5
12,8,8001,8,80001,True,19,False,100,0.0,0.1740491008386016,0.030041370751427404,0.029259769040077457,0.04190602377868783,0.36387236005037765,0.9317135364527855,0.28915871095703477,13,8,0.570087712549569,2500,OLS_iid,iid,False,5
12,8,8001,7,70001,True,14,False,100,0.0,0.1743905390612781,0.024618621677296434,0.023535188377521724,0.041762813895022295,0.3736197473995077,0.927677806983554,0.28383768071841936,13,8,0.570087712549569,2500,OLS_iid,iid,False,5
12,8,8001,5,50001,True,18,False,100,0.0,0.17639615386724472,0.028955972229666962,0.027532340707162522,0.054332732417784205,0.3851646134558561,0.9230440078841137,0.2828711378614975,13,8,0.570087712549569,2500,OLS_iid,iid,False,5
13,3,3001,15,150001,True,0,False,100,0.0,0.005496768280863762,0.02284400206495344,0.022242904614654443,0.03219845226861109,0.0,1.0,0.32009276342831383,13,8,0.570087712549569,2500,OLS_iid,iid,False,5
12,9,9001,25,250001,True,16,False,100,0.0,0.09672967065125704,0.02684222901106792,0.025712986362476757,0.038715617164688514,0.3635143740360171,0.9324468314766069,0.28976143602007526,13,8,0.570087712549569,2500,OLS_iid,iid,False,5
12,7,7001,15,150001,True,14,False,100,0.0,0.20073606399819255,0.028860010480479703,0.02609193689495238,0.06266226539073061,0.37130759957107057,0.9287652867455247,0.28924518457262527,13,8,0.570087712549569,2500,OLS_iid,iid,False,5
13,3,3001,16,160001,True,0,False,100,0.0,0.005912634078413248,0.019827579733805605,0.01954616775704028,0.025860800664796974,0.0,1.0,0.3239644014155496,13,8,0.570087712549569,2500,OLS_iid,iid,False,5
13,2,2001,13,130001,True,0,False,100,0.0,0.011381881777197123,0.022484796769698414,0.02195211746787879,0.03131927620053922,0.0,1.0,0.3228868412572535,13,8,0.570087712549569,2500,OLS_iid,iid,False,5
12,7,7001,26,260001,True,14,False,100,0.0,0.1910601700656116,0.02302704114819781,0.021854862030048255,0.03618999787500753,0.3564029250554728,0.9345135519671205,0.28790421341646244,13,8,0.570087712549569,2500,OLS_iid,iid,False,5
13,3,3001,18,180001,True,0,False,100,0.0,0.004089927766472101,0.024749256069709777,0.023664273352712237,0.03800132937424458,0.0,1.0,0.32259961014636895,13,8,0.570087712549569,2500,OLS_iid,iid,False,5
12,9,9001,18,180001,True,15,False,100,0.0,0.11259733699262142,0.02407003591938561,0.0226457764715021,0.04363284120511944,0.3667243481725396,0.9303672337521783,0.28664007045623424,13,8,0.570087712549569,2500,OLS_iid,iid,False,5
13,2,2001,28,280001,True,0,False,100,0.0,0.01770174317061901,0.022650159376429,0.021512770149213663,0.03574571790941025,0.0,1.0,0.3185967656343588,13,8,0.570087712549569,2500,OLS_iid,iid,False,5
13,3,3001,24,240001,True,0,False,100,0.0,0.005131620913743973,0.020804893974466106,0.020190606251018574,0.03113599629801693,0.0,1.0,0.31809914850607884,13,8,0.570087712549569,2500,OLS_iid,iid,False,5
13,3,3001,11,110001,True,0,False,100,0.0,0.010896944906562567,0.021975649732972634,0.02113732065915591,0.03261257521775448,0.0,1.0,0.32260910538543186,13,8,0.570087712549569,2500,OLS_iid,iid,False,5
13,3,3001,17,170001,True,0,False,100,0.0,0.007893739268183708,0.01987311284446646,0.01890340416557262,0.02788665641653026,0.0,1.0,0.3301445987708327,13,8,0.570087712549569,2500,OLS_iid,iid,False,5
13,2,2001,22,220001,True,0,False,100,0.0,0.01680391002446413,0.02368227134770334,0.02327342470464744,0.029623791371662864,0.0,1.0,0.32198669921663187,13,8,0.570087712549569,2500,OLS_iid,iid,False,5
12,9,9001,7,70001,True,21,False,100,0.0,0.12968309596180916,0.02572707205990366,0.024849973607821502,0.036375182901118366,0.38084976944604865,0.9251564264251867,0.29208738689042374,13,8,0.570087712549569,2500,OLS_iid,iid,False,5
13,3,3001,10,100001,True,0,False,100,0.0,0.012255985289812088,0.022744695699294885,0.021861473488639874,0.0348113750654151,0.0,1.0,0.3227022723921671,13,8,0.570087712549569,2500,OLS_iid,iid,False,5
13,2,2001,23,230001,True,0,False,100,0.0,0.016769359819591045,0.022459911195293825,0.021795921834365493,0.03164461831193858,0.0,1.0,0.3255786228740986,13,8,0.570087712549569,2500,OLS_iid,iid,False,5
13,3,3001,28,280001,True,0,False,100,0.0,0.008493704255670309,0.01915860904316869,0.018719497879855017,0.026300412607497766,0.0,1.0,0.32360689577381785,13,8,0.570087712549569,2500,OLS_iid,iid,False,5
13,4,4001,7,70001,True,0,False,100,0.0,0.004295306745916605,0.019918360323589842,0.019413342892914683,0.029972853680684433,0.0,1.0,0.32046643308687717,13,8,0.570087712549569,2500,OLS_iid,iid,False,5
13,4,4001,12,120001,True,0,False,100,0.0,0.0040192389860749245,0.020265881424836166,0.02004909643389267,0.02578004300944037,0.0,1.0,0.3225326343163348,13,8,0.570087712549569,2500,OLS_iid,iid,False,5
12,9,9001,20,200001,True,16,False,100,0.0,0.1106310929171741,0.029290738522413755,0.027379456088785562,0.056644366724613655,0.3644213337488382,0.9314270620114565,0.2886935828626154,13,8,0.570087712549569,2500,OLS_iid,iid,False,5
13,4,4001,8,80001,True,0,False,100,0.0,0.004925641696900129,0.021009012067841133,0.02067235414563976,0.02541719150102731,0.0,1.0,0.3294397384752895,13,8,0.570087712549569,2500,OLS_iid,iid,False,5
12,8,8001,23,230001,True,14,False,100,0.0,0.14821807108819485,0.028209045306134245,0.02728818194180516,0.04359854391046567,0.36215380034948264,0.9324237486184866,0.29102276525206006,13,8,0.570087712549569,2500,OLS_iid,iid,False,5
13,4,4001,0,1,True,0,False,100,0.0,0.00911081861704588,0.021156542187637833,0.020736644200524564,0.03254183418276498,0.0,1.0,0.324350101192914,13,8,0.570087712549569,2500,OLS_iid,iid,False,5
13,3,3001,13,130001,True,0,False,100,0.0,0.012650371063500643,0.019098160757609308,0.018244269395432923,0.02593086350261374,0.0,1.0,0.3256728989776035,13,8,0.570087712549569,2500,OLS_iid,iid,False,5
12,6,6001,23,230001,True,14,False,100,0.0,0.24189214501529932,0.02866337725171232,0.026515937849694467,0.05533234640396383,0.35591952926968823,0.9346049610400732,0.2906003658343176,13,8,0.570087712549569,2500,OLS_iid,iid,False,5
13,3,3001,3,30001,True,0,False,100,0.0,0.018742074724286795,0.022170697835790367,0.021631043643541646,0.02795907209452888,0.0,1.0,0.32188175111323575,13,8,0.570087712549569,2500,OLS_iid,iid,False,5
13,3,3001,20,200001,True,0,False,100,0.0,0.009251748211681843,0.018763713129779997,0.018020031059297868,0.02876141319776678,0.0,1.0,0.3266472359513089,13,8,0.570087712549569,2500,OLS_iid,iid,False,5
13,3,3001,1,10001,True,0,False,100,0.0,0.01239701360464096,0.02056654764267669,0.019139793378058507,0.03229715094651038,0.0,1.0,0.3257179964862849,13,8,0.570087712549569,2500,OLS_iid,iid,False,5
13,4,4001,11,110001,True,0,False,100,0.0,0.005646155681461096,0.019573729586867695,0.018833159553230085,0.03134537124690748,0.0,1.0,0.32301680354910006,13,8,0.570087712549569,2500,OLS_iid,iid,False,5
13,3,3001,12,120001,True,0,False,100,0.0,0.017554784193634987,0.02110219059966197,0.020431880069838152,0.027701640375366467,0.0,1.0,0.32475701686312625,13,8,0.570087712549569,2500,OLS_iid,iid,False,5
13,4,4001,10,100001,True,0,False,100,0.0,0.005955953616648912,0.022049978105313107,0.02139942552947009,0.03603668995444649,0.0,1.0,0.3209309785309771,13,8,0.570087712549569,2500,OLS_iid,iid,False,5
13,3,3001,29,290001,True,0,False,100,0.0,0.004592823795974255,0.019990997952606986,0.019357136326248605,0.028943788731156297,0.0,1.0,0.32299878789789954,13,8,0.570087712549569,2500,OLS_iid,iid,False,5
13,3,3001,25,250001,True,0,False,100,0.0,0.005870054941624403,0.02114781341180032,0.020243706925575176,0.033510503583670054,0.0,1.0,0.320971733865531,13,8,0.570087712549569,2500,OLS_iid,iid,False,5
13,3,3001,19,190001,True,0,False,100,0.0,0.012320274021476507,0.01884749562796362,0.01710048287721493,0.03576964456372115,0.0,1.0,0.3236707217341621,13,8,0.570087712549569,2500,OLS_iid,iid,False,5
12,3,3001,5,50001,True,15,False,100,0.0,0.4679397037252784,0.029128962068339623,0.027743074537705557,0.0457285018463041,0.3720657980646549,0.9286992219826402,0.28789550353666166,13,8,0.570087712549569,2500,OLS_iid,iid,False,5
12,8,8001,27,270001,True,14,False,100,0.0,0.15070145297795534,0.03245733573427403,0.029468399357095144,0.059941587010409435,0.3687748253863102,0.9296622334822232,0.28550480352728946,13,8,0.570087712549569,2500,OLS_iid,iid,False,5
13,2,2001,10,100001,True,0,False,100,0.0,0.029346612747758627,0.02404314470630053,0.022795283518500412,0.033916315497364416,0.0,1.0,0.3237604616087264,13,8,0.570087712549569,2500,OLS_iid,iid,False,5
12,9,9001,15,150001,True,16,False,100,0.0,0.12313573574647307,0.02591174170703799,0.02479969085260003,0.04205719189104321,0.3716257921275034,0.9288027411536668,0.28951917136044064,13,8,0.570087712549569,2500,OLS_iid,iid,False,5
13,4,4001,1,10001,True,0,False,100,0.0,0.007138014771044254,0.020542782646962382,0.020271139681103115,0.025608433615506375,0.0,1.0,0.3258789496242827,13,8,0.570087712549569,2500,OLS_iid,iid,False,5
13,4,4001,16,160001,True,0,False,100,0.0,0.0035001528449356556,0.0201916858388377,0.019890574882967978,0.02542075916410271,0.0,1.0,0.31771369504199004,13,8,0.570087712549569,2500,OLS_iid,iid,False,5
13,3,3001,8,80001,True,0,False,100,0.0,0.012714870739728212,0.02270807588397583,0.02203277456214534,0.03109863521043171,0.0,1.0,0.3248312326858435,13,8,0.570087712549569,2500,OLS_iid,iid,False,5
13,4,4001,2,20001,True,0,False,100,0.0,0.011968308128416538,0.022903830881660557,0.021730311242680714,0.03262511304644213,0.0,1.0,0.3237064499588152,13,8,0.570087712549569,2500,OLS_iid,iid,False,5
13,4,4001,9,90001,True,0,False,100,0.0,0.00818982720375061,0.018351134617814763,0.017798358209052758,0.02281651253057613,0.0,1.0,0.3252720444944335,13,8,0.570087712549569,2500,OLS_iid,iid,False,5
13,3,3001,22,220001,True,0,False,100,0.0,0.016247434075921774,0.02053964444181988,0.019752337409749045,0.02669518790956567,0.0,1.0,0.32538583153327055,13,8,0.570087712549569,2500,OLS_iid,iid,False,5
13,4,4001,15,150001,True,0,False,100,0.0,0.004315227270126343,0.02290447853378599,0.022271077399154588,0.03536969090489117,0.0,1.0,0.325279623463265,13,8,0.570087712549569,2500,OLS_iid,iid,False,5
13,3,3001,26,260001,True,0,False,100,0.0,0.015914735849946737,0.020718288497100383,0.020127655156274012,0.031935454890750906,0.0,1.0,0.3239681917120432,13,8,0.570087712549569,2500,OLS_iid,iid,False,5
12,7,7001,5,50001,True,14,False,100,0.0,0.23076618229970336,0.025712817440025026,0.024274517768326453,0.0390762508159023,0.3674194729006265,0.930396492359979,0.29151326954183604,13,8,0.570087712549569,2500,OLS_iid,iid,False,5
13,4,4001,20,200001,True,0,False,100,0.0,0.004139387980103493,0.020134223325509393,0.019345105874825127,0.030879376539658544,0.0,1.0,0.32326253398040306,13,8,0.570087712549569,2500,OLS_iid,iid,False,5
13,4,4001,26,260001,True,0,False,100,0.0,0.003963960334658623,0.023727482154194915,0.023325362897223662,0.03093124516772968,0.0,1.0,0.31958987979466996,13,8,0.570087712549569,2500,OLS_iid,iid,False,5
13,3,3001,23,230001,True,0,False,100,0.0,0.008178897202014923,0.016522636362070967,0.01596964735069076,0.023372804363382134,0.0,1.0,0.32219727496817413,13,8,0.570087712549569,2500,OLS_iid,iid,False,5
12,7,7001,21,210001,True,14,False,100,0.0,0.21071333764120936,0.030702529239241282,0.02735963659042872,0.06152654049300508,0.37116585120474943,0.9287126986590729,0.28713213614874594,13,8,0.570087712549569,2500,OLS_iid,iid,False,5
12,8,8001,21,210001,True,14,False,100,0.0,0.1659213351085782,0.027686953203984555,0.025345408906395653,0.05200710412040915,0.36578288784376733,0.9308499011792739,0.2897066403662705,13,8,0.570087712549569,2500,OLS_iid,iid,False,5
13,1,1001,8,80001,True,0,False,100,0.0,0.06278945272788405,0.024099832544804918,0.023502858278054886,0.03511924435166471,0.0,1.0,0.32261383260165305,13,8,0.570087712549569,2500,OLS_iid,iid,False,5
13,4,4001,6,60001,True,0,False,100,0.0,0.009126418735831976,0.022116792627278316,0.02149556564977628,0.029903701208868042,0.0,1.0,0.32729149204052144,13,8,0.570087712549569,2500,OLS_iid,iid,False,5
13,4,4001,23,230001,True,0,False,100,0.0,0.0066301291808485985,0.01912544943845933,0.018594836458286784,0.027889498476990144,0.0,1.0,0.3213057892044061,13,8,0.570087712549569,2500,OLS_iid,iid,False,5
12,9,9001,23,230001,True,14,False,100,0.0,0.11723816115409136,0.028490191542435404,0.02743825288110727,0.040690032680061244,0.36023103059893374,0.9331861583473948,0.2884016977895744,13,8,0.570087712549569,2500,OLS_iid,iid,False,5
13,4,4001,18,180001,True,0,False,100,0.0,0.008569743949919939,0.021158030156531612,0.020696202474089397,0.032614361264968125,0.0,1.0,0.32478363101387553,13,8,0.570087712549569,2500,OLS_iid,iid,False,5
12,5,5001,11,110001,True,14,False,100,0.0,0.3407412488013506,0.025997674429475315,0.02534577317158709,0.04116427704590814,0.38892840282145025,0.9213577951865528,0.29300349610320087,13,8,0.570087712549569,2500,OLS_iid,iid,False,5
13,4,4001,14,140001,True,0,False,100,0.0,0.009364986792206764,0.021218705057243804,0.020016844517712743,0.03653933234760044,0.0,1.0,0.32077502024716953,13,8,0.570087712549569,2500,OLS_iid,iid,False,5
13,5,5001,6,60001,True,0,False,100,0.0,0.0051559400744736195,0.026474601588551094,0.02568462185309145,0.03675600649322529,0.0,1.0,0.3237847666317651,13,8,0.570087712549569,2500,OLS_iid,iid,False,5
13,3,3001,6,60001,True,0,False,100,0.0,0.02870486816391349,0.01899498047772264,0.018553821546107192,0.02445376194967187,0.0,1.0,0.3227822201898175,13,8,0.570087712549569,2500,OLS_iid,iid,False,5
13,3,3001,21,210001,True,0,False,100,0.0,0.021849100943654776,0.01926897436342836,0.01872880826902836,0.026173638616610085,0.0,1.0,0.3260610826634055,13,8,0.570087712549569,2500,OLS_iid,iid,False,5
13,5,5001,11,110001,True,0,False,100,0.0,0.005531576927751303,0.02235777268442425,0.02198131337220455,0.02999955081847809,0.0,1.0,0.3254718450012701,13,8,0.570087712549569,2500,OLS_iid,iid,False,5
13,4,4001,21,210001,True,0,False,100,0.0,0.009522456210106611,0.020820350170725088,0.02014981763521492,0.02945467773206862,0.0,1.0,0.32818285682778997,13,8,0.570087712549569,2500,OLS_iid,iid,False,5
13,4,4001,28,280001,True,0,False,100,0.0,0.009221677668392658,0.02207506689025856,0.021199611644570578,0.037053475866302255,0.0,1.0,0.3212519639259608,13,8,0.570087712549569,2500,OLS_iid,iid,False,5
13,5,5001,12,120001,True,0,False,100,0.0,0.006332269869744778,0.02195956712840134,0.021444110203762714,0.03208963724792241,0.0,1.0,0.3230462346467323,13,8,0.570087712549569,2500,OLS_iid,iid,False,5
13,4,4001,4,40001,True,0,False,100,0.0,0.01914842100813985,0.01981038240254386,0.019391310794853473,0.028731365155021223,0.0,1.0,0.3221897130753464,13,8,0.570087712549569,2500,OLS_iid,iid,False,5
13,4,4001,24,240001,True,0,False,100,0.0,0.009721335023641586,0.02152220238065491,0.020919167819636215,0.03082789397482985,0.0,1.0,0.32548898684590555,13,8,0.570087712549569,2500,OLS_iid,iid,False,5
13,5,5001,9,90001,True,0,False,100,0.0,0.007227674126625061,0.024743082685503265,0.02400612193531569,0.03223667209355677,0.0,1.0,0.3219849129667676,13,8,0.570087712549569,2500,OLS_iid,iid,False,5
12,6,6001,9,90001,True,22,False,100,0.0,0.2990405629388988,0.030649812217903426,0.028532209509520415,0.05574016407756978,0.3692591221195973,0.929369672429165,0.29038859026072034,13,8,0.570087712549569,2500,OLS_iid,iid,False,5
13,5,5001,7,70001,True,0,False,100,0.0,0.008198265917599201,0.020129836316158816,0.019398355080140848,0.02672021072128921,0.0,1.0,0.3235752732268638,13,8,0.570087712549569,2500,OLS_iid,iid,False,5
12,5,5001,15,150001,True,14,False,100,0.0,0.3378099915571511,0.027512779624456134,0.02574354334076123,0.05573896472664381,0.3801940858669448,0.925035063714603,0.28986385704996526,13,8,0.570087712549569,2500,OLS_iid,iid,False,5
13,2,2001,18,180001,True,0,False,100,0.0,0.03993656067177653,0.020709182249666957,0.020352535497431264,0.0297523617667503,0.0,1.0,0.3245567136979284,13,8,0.570087712549569,2500,OLS_iid,iid,False,5
13,5,5001,0,1,True,0,False,100,0.0,0.011767138727009296,0.02043958814510982,0.019719912945868494,0.028589723460506658,0.0,1.0,0.3195457317673454,13,8,0.570087712549569,2500,OLS_iid,iid,False,5
13,3,3001,0,1,True,0,False,100,0.0,0.030638782773166895,0.019902337760046775,0.018884600408993982,0.03034479275487694,0.0,1.0,0.32375977289919233,13,8,0.570087712549569,2500,OLS_iid,iid,False,5
13,4,4001,22,220001,True,0,False,100,0.0,0.01343423593789339,0.019263566617840434,0.018590812777854605,0.028588549303743476,0.0,1.0,0.327890669817203,13,8,0.570087712549569,2500,OLS_iid,iid,False,5
13,0,1,16,160001,True,0,False,100,0.0,0.08270224882289767,0.02300700152325751,0.022089349667333266,0.03919873619064021,0.0,1.0,0.32123531578715886,13,8,0.570087712549569,2500,OLS_iid,iid,False,5
13,5,5001,8,80001,True,0,False,100,0.0,0.009263517800718546,0.021741958295983205,0.02121056582163019,0.030950969605767705,0.0,1.0,0.32434813464352713,13,8,0.570087712549569,2500,OLS_iid,iid,False,5
13,5,5001,5,50001,True,0,False,100,0.0,0.010158841032534838,0.022779698398537954,0.021761064967295025,0.03564654724226701,0.0,1.0,0.31543927314142195,13,8,0.570087712549569,2500,OLS_iid,iid,False,5
13,4,4001,29,290001,True,0,False,100,0.0,0.012517513241618872,0.0205144974556353,0.019889601905644316,0.03301297443283458,0.0,1.0,0.3274689901268996,13,8,0.570087712549569,2500,OLS_iid,iid,False,5
13,2,2001,1,10001,True,0,False,100,0.0,0.0471838447265327,0.021214197093233467,0.020538370017266758,0.027618819641674102,0.0,1.0,0.32702908808499526,13,8,0.570087712549569,2500,OLS_iid,iid,False,5
13,5,5001,15,150001,True,0,False,100,0.0,0.008355445694178343,0.02048571751758235,0.019833750237048194,0.028707547413220992,0.0,1.0,0.3165419097616948,13,8,0.570087712549569,2500,OLS_iid,iid,False,5
13,0,1,3,30001,True,0,False,100,0.0,0.11535020591691136,0.022599408133351675,0.021760573140259473,0.03620321096107149,0.0,1.0,0.3237362409390591,13,8,0.570087712549569,2500,OLS_iid,iid,False,5
12,8,8001,1,10001,True,14,False,100,0.0,0.21007871208712459,0.02885476962945377,0.026346937120936335,0.05266782291048625,0.37593834160704404,0.9271960415236695,0.286124218182518,13,8,0.570087712549569,2500,OLS_iid,iid,False,5
13,5,5001,21,210001,True,0,False,100,0.0,0.005295929033309221,0.021578307950564965,0.020780615000564013,0.03157589642996927,0.0,1.0,0.3229306902456644,13,8,0.570087712549569,2500,OLS_iid,iid,False,5
13,5,5001,14,140001,True,0,False,100,0.0,0.010225581005215645,0.022749052179045343,0.022453470217113233,0.028214454013519918,0.0,1.0,0.32410532816294607,13,8,0.570087712549569,2500,OLS_iid,iid,False,5
13,5,5001,13,130001,True,0,False,100,0.0,0.00921679800376296,0.023194403607713444,0.02198669237726035,0.03455729718421329,0.0,1.0,0.32699845001120686,13,8,0.570087712549569,2500,OLS_iid,iid,False,5
13,5,5001,10,100001,True,0,False,100,0.0,0.011530361138284206,0.022935574581728763,0.022259269114197587,0.03263956472433501,0.0,1.0,0.3174481006432287,13,8,0.570087712549569,2500,OLS_iid,iid,False,5
13,5,5001,4,40001,True,0,False,100,0.0,0.009425517171621323,0.021669594166987518,0.020886817149835042,0.03298695842873155,0.0,1.0,0.3282947144790979,13,8,0.570087712549569,2500,OLS_iid,iid,False,5
13,5,5001,22,220001,True,0,False,100,0.0,0.007239834405481815,0.022469382545450046,0.021841186637038053,0.029028908328783135,0.0,1.0,0.320507018104838,13,8,0.570087712549569,2500,OLS_iid,iid,False,5
12,5,5001,22,220001,True,14,False,100,0.0,0.3346917270682752,0.03064717709309994,0.028988464595823802,0.05141975890064756,0.3667553353163105,0.9305158232225934,0.2916789598466767,13,8,0.570087712549569,2500,OLS_iid,iid,False,5
13,4,4001,19,190001,True,0,False,100,0.0,0.018230919260531664,0.020830432727896996,0.020218622727175308,0.0276094021802329,0.0,1.0,0.3203088533669698,13,8,0.570087712549569,2500,OLS_iid,iid,False,5
12,6,6001,10,100001,True,14,False,100,0.0,0.30038542300462723,0.024283165000708054,0.023275444148913676,0.03807569795893434,0.38893520266495474,0.9219206695975811,0.2834901254246629,13,8,0.570087712549569,2500,OLS_iid,iid,False,5
13,6,6001,8,80001,True,0,False,100,0.0,0.004247917793691158,0.021755848936857558,0.021479243037346683,0.029158539790399313,0.0,1.0,0.3239906936779238,13,8,0.570087712549569,2500,OLS_iid,iid,False,5
13,5,5001,24,240001,True,0,False,100,0.0,0.01011860091239214,0.02476982603602168,0.023577066951787542,0.037948878464570214,0.0,1.0,0.3207020016751211,13,8,0.570087712549569,2500,OLS_iid,iid,False,5
13,5,5001,3,30001,True,0,False,100,0.0,0.01850472716614604,0.018998687069107907,0.01846581653286263,0.02572185848083996,0.0,1.0,0.3249791536745325,13,8,0.570087712549569,2500,OLS_iid,iid,False,5
13,4,4001,17,170001,True,0,False,100,0.0,0.017876821104437113,0.02179596945354814,0.02061363755256681,0.04019971773098151,0.0,1.0,0.3223275267736773,13,8,0.570087712549569,2500,OLS_iid,iid,False,5
13,6,6001,3,30001,True,0,False,100,0.0,0.006582218687981367,0.021113210290236828,0.020269335865623996,0.029809106386835406,0.0,1.0,0.32318223504315147,13,8,0.570087712549569,2500,OLS_iid,iid,False,5
13,4,4001,25,250001,True,0,False,100,0.0,0.02085520839318633,0.02216911886139711,0.021513025485491687,0.030557851512672995,0.0,1.0,0.3215946235735867,13,8,0.570087712549569,2500,OLS_iid,iid,False,5
13,6,6001,16,160001,True,0,False,100,0.0,0.005846885032951832,0.018921734357662905,0.01750307519153004,0.036151894059358626,0.0,1.0,0.3187434276576936,13,8,0.570087712549569,2500,OLS_iid,iid,False,5
12,8,8001,13,130001,True,14,False,100,0.0,0.19775830814614892,0.034230290318009685,0.03202141584180491,0.057023364408896604,0.3755066671970132,0.9269817642971454,0.28995690974371996,13,8,0.570087712549569,2500,OLS_iid,iid,False,5
13,6,6001,14,140001,True,0,False,100,0.0,0.006479690317064524,0.01979789043906918,0.01875353112482445,0.031216315595563798,0.0,1.0,0.32478498119692417,13,8,0.570087712549569,2500,OLS_iid,iid,False,5
13,5,5001,20,200001,True,0,False,100,0.0,0.00985192321240902,0.02399275432743757,0.023241121444516608,0.03592483132909888,0.0,1.0,0.3189040758284886,13,8,0.570087712549569,2500,OLS_iid,iid,False,5
13,6,6001,21,210001,True,0,False,100,0.0,0.005768544971942902,0.023439352326080545,0.02288305583315519,0.03174887452172265,0.0,1.0,0.32200142256242714,13,8,0.570087712549569,2500,OLS_iid,iid,False,5
13,6,6001,29,290001,True,0,False,100,0.0,0.0042701768688857555,0.020877445363635304,0.019928935214432047,0.030538329734515257,0.0,1.0,0.32667860270722365,13,8,0.570087712549569,2500,OLS_iid,iid,False,5
13,6,6001,10,100001,True,0,False,100,0.0,0.00887216068804264,0.023083748331986974,0.022043090276075757,0.03554974346385837,0.0,1.0,0.32704199016271385,13,8,0.570087712549569,2500,OLS_iid,iid,False,5
13,5,5001,25,250001,True,0,False,100,0.0,0.010487318970263004,0.020903395861763752,0.020286565611930145,0.031069894586940938,0.0,1.0,0.3239441766668958,13,8,0.570087712549569,2500,OLS_iid,iid,False,5
12,8,8001,14,140001,True,15,False,100,0.0,0.19958322308957577,0.026277676821154665,0.024922090860954815,0.045075544373803116,0.36980199820653326,0.9294040087453301,0.28749158216603166,13,8,0.570087712549569,2500,OLS_iid,iid,False,5
12,8,8001,11,110001,True,16,False,100,0.0,0.20304016722366214,0.024970877720487606,0.0239988481082209,0.03653402063223461,0.3857717598021423,0.9230536784908554,0.28930581828917823,13,8,0.570087712549569,2500,OLS_iid,iid,False,5
12,9,9001,22,220001,True,14,False,100,0.0,0.1365200523287058,0.03477696266903311,0.032462644150460754,0.055825872310535214,0.38226153576071226,0.9242938127997812,0.29115331844926196,13,8,0.570087712549569,2500,OLS_iid,iid,False,5
13,5,5001,26,260001,True,0,False,100,0.0,0.012868980877101421,0.02107088926849459,0.02067870335834983,0.02774698044406062,0.0,1.0,0.3204288053179405,13,8,0.570087712549569,2500,OLS_iid,iid,False,5
13,4,4001,27,270001,True,0,False,100,0.0,0.026373776141554117,0.020202689683302376,0.019936545442639786,0.024384344591307394,0.0,1.0,0.32659009291340657,13,8,0.570087712549569,2500,OLS_iid,iid,False,5
13,5,5001,27,270001,True,0,False,100,0.0,0.01213377621024847,0.02277870171139135,0.022358631334188084,0.029071298675529385,0.0,1.0,0.3239873477295158,13,8,0.570087712549569,2500,OLS_iid,iid,False,5
13,7,7001,7,70001,True,0,False,100,0.0,0.004178678151220083,0.021536357228539985,0.020957974750324678,0.02830181470141631,0.0,1.0,0.3192192805639172,13,8,0.570087712549569,2500,OLS_iid,iid,False,5
13,6,6001,25,250001,True,0,False,100,0.0,0.007544441614300013,0.01920418321405561,0.018244767544329372,0.03114956933399978,0.0,1.0,0.32571937524436545,13,8,0.570087712549569,2500,OLS_iid,iid,False,5
13,6,6001,20,200001,True,0,False,100,0.0,0.008725492283701897,0.02185226255728523,0.020891664504088487,0.029399762647656688,0.0,1.0,0.3254490183414075,13,8,0.570087712549569,2500,OLS_iid,iid,False,5
13,5,5001,28,280001,True,0,False,100,0.0,0.015218741726130247,0.02086726667341825,0.020678591759903935,0.025981954598823406,0.0,1.0,0.32603393592173796,13,8,0.570087712549569,2500,OLS_iid,iid,False,5
13,7,7001,11,110001,True,0,False,100,0.0,0.005595926195383072,0.023281941499905624,0.02229825037059959,0.03519047013614683,0.0,1.0,0.3323419535971245,13,8,0.570087712549569,2500,OLS_iid,iid,False,5
13,6,6001,17,170001,True,0,False,100,0.0,0.01386738196015358,0.0204353244247777,0.020067370647774755,0.025328051342982254,0.0,1.0,0.3272886355841018,13,8,0.570087712549569,2500,OLS_iid,iid,False,5
12,5,5001,28,280001,True,15,False,100,0.0,0.3385494570247829,0.02841178564359262,0.027030437675394623,0.05270876416105082,0.3637480401850112,0.9314631874576406,0.2891653550305247,13,8,0.570087712549569,2500,OLS_iid,iid,False,5
13,6,6001,19,190001,True,0,False,100,0.0,0.015357050579041243,0.02267862997933553,0.02169698133907229,0.04130869386068215,0.0,1.0,0.32366122326332963,13,8,0.570087712549569,2500,OLS_iid,iid,False,5
13,7,7001,9,90001,True,0,False,100,0.0,0.005340868607163429,0.018816280253101354,0.018409135135235986,0.027208668683389985,0.0,1.0,0.32379738849692996,13,8,0.570087712549569,2500,OLS_iid,iid,False,5
13,7,7001,12,120001,True,0,False,100,0.0,0.006930096074938774,0.020049853185062087,0.01927332907595193,0.03259165297984082,0.0,1.0,0.32298279081125386,13,8,0.570087712549569,2500,OLS_iid,iid,False,5
13,6,6001,6,60001,True,0,False,100,0.0,0.017437174916267395,0.021870417311556128,0.021117049995044664,0.03208952994578749,0.0,1.0,0.32179954399740957,13,8,0.570087712549569,2500,OLS_iid,iid,False,5
13,6,6001,28,280001,True,0,False,100,0.0,0.01306309923529625,0.02459734139664262,0.023824116718886536,0.03843736037930036,0.0,1.0,0.3266574479192872,13,8,0.570087712549569,2500,OLS_iid,iid,False,5
13,7,7001,0,1,True,0,False,100,0.0,0.008591582998633385,0.022107930934883408,0.021379337084077448,0.030644792635514746,0.0,1.0,0.31770632325776677,13,8,0.570087712549569,2500,OLS_iid,iid,False,5
13,7,7001,1,10001,True,0,False,100,0.0,0.011910676956176758,0.021525375707380865,0.02077676978052998,0.03343781117176499,0.0,1.0,0.3258323196194311,13,8,0.570087712549569,2500,OLS_iid,iid,False,5
12,9,9001,10,100001,True,14,False,100,0.0,0.16646537091583014,0.025281789952370078,0.02373081743590409,0.0376882541993109,0.3885664809583581,0.9216531058801661,0.2898007131212397,13,8,0.570087712549569,2500,OLS_iid,iid,False,5
13,5,5001,29,290001,True,0,False,100,0.0,0.011581449769437313,0.02071911499486532,0.019844908136978326,0.030076562013197344,0.0,1.0,0.32112290043103914,13,8,0.570087712549569,2500,OLS_iid,iid,False,5
13,6,6001,2,20001,True,0,False,100,0.0,0.02018658397719264,0.02212334147295685,0.02092893664955701,0.036666718684783245,0.0,1.0,0.3195071031960436,13,8,0.570087712549569,2500,OLS_iid,iid,False,5
13,6,6001,18,180001,True,0,False,100,0.0,0.014241660013794899,0.022302773170761177,0.021237770803503607,0.03836308288899637,0.0,1.0,0.3232547642767387,13,8,0.570087712549569,2500,OLS_iid,iid,False,5
13,4,4001,13,130001,True,0,False,100,0.0,0.031784082762897015,0.021441167840751053,0.020542508635770243,0.02979561310089222,0.0,1.0,0.32583527082412855,13,8,0.570087712549569,2500,OLS_iid,iid,False,5
13,2,2001,12,120001,True,0,False,100,0.0,0.06783031392842531,0.02200909427356662,0.021548497712969034,0.030164969920645133,0.0,1.0,0.3165287528386023,13,8,0.570087712549569,2500,OLS_iid,iid,False,5
13,6,6001,7,70001,True,0,False,100,0.0,0.020655290223658085,0.022053140587285216,0.02122786349118547,0.03630437582400646,0.0,1.0,0.3257923445456631,13,8,0.570087712549569,2500,OLS_iid,iid,False,5
13,6,6001,24,240001,True,0,False,100,0.0,0.011985218152403831,0.021123203574508854,0.020383586400458818,0.031989221757253994,0.0,1.0,0.3183300353156742,13,8,0.570087712549569,2500,OLS_iid,iid,False,5
13,6,6001,12,120001,True,0,False,100,0.0,0.015842017717659473,0.020385799819600686,0.019717202351441195,0.028843924665942832,0.0,1.0,0.3192660564054164,13,8,0.570087712549569,2500,OLS_iid,iid,False,5
13,6,6001,0,1,True,0,False,100,0.0,0.02217491762712598,0.021944067060553525,0.02162327170476595,0.029230269363670507,0.0,1.0,0.33132870817154036,13,8,0.570087712549569,2500,OLS_iid,iid,False,5
13,6,6001,11,110001,True,0,False,100,0.0,0.009490346070379019,0.020406524171984047,0.02011619831699036,0.025329984835566498,0.0,1.0,0.3203703761656888,13,8,0.570087712549569,2500,OLS_iid,iid,False,5
13,7,7001,17,170001,True,0,False,100,0.0,0.010603398084640503,0.022075365874265805,0.021285945748107868,0.03135348134435919,0.0,1.0,0.32321228713054845,13,8,0.570087712549569,2500,OLS_iid,iid,False,5
13,7,7001,20,200001,True,0,False,100,0.0,0.008665782865136862,0.022114670799666097,0.02142872809314818,0.03042638872625173,0.0,1.0,0.32441287319546197,13,8,0.570087712549569,2500,OLS_iid,iid,False,5
13,6,6001,4,40001,True,0,False,100,0.0,0.019123851787298918,0.01987885972282905,0.019049209232515487,0.030144258800146605,0.0,1.0,0.32518518008861136,13,8,0.570087712549569,2500,OLS_iid,iid,False,5
13,7,7001,21,210001,True,0,False,100,0.0,0.007445681840181351,0.022841911526828167,0.022379051202156632,0.03161998548753605,0.0,1.0,0.33166225668093346,13,8,0.570087712549569,2500,OLS_iid,iid,False,5
13,7,7001,22,220001,True,0,False,100,0.0,0.00992196286097169,0.020118110471482008,0.019789741156912087,0.025052810588587635,0.0,1.0,0.3151519930601661,13,8,0.570087712549569,2500,OLS_iid,iid,False,5
13,7,7001,2,20001,True,0,False,100,0.0,0.01776177203282714,0.021572934264645488,0.02104533074448525,0.027665352865742242,0.0,1.0,0.32770694537150474,13,8,0.570087712549569,2500,OLS_iid,iid,False,5
13,5,5001,23,230001,True,0,False,100,0.0,0.0257345512509346,0.01975675293553808,0.019270023670382233,0.02830426416127405,0.0,1.0,0.32438624169791846,13,8,0.570087712549569,2500,OLS_iid,iid,False,5
13,8,8001,6,60001,True,0,False,100,0.0,0.009069779887795448,0.019909808323815337,0.019631375122401908,0.024726599530928216,0.0,1.0,0.32890876070412617,13,8,0.570087712549569,2500,OLS_iid,iid,False,5
13,7,7001,3,30001,True,0,False,100,0.0,0.022731993813067675,0.020580384353709867,0.01994288089019144,0.031096504242776813,0.0,1.0,0.32262390335874336,13,8,0.570087712549569,2500,OLS_iid,iid,False,5
13,4,4001,5,50001,True,0,False,100,0.0,0.05300091998651624,0.019144777279556685,0.01841670152111255,0.023973982577939295,0.0,1.0,0.317180998900708,13,8,0.570087712549569,2500,OLS_iid,iid,False,5
13,7,7001,29,290001,True,0,False,100,0.0,0.007018884643912315,0.020950825035646752,0.020000533569740686,0.035444319642308555,0.0,1.0,0.32270840905675113,13,8,0.570087712549569,2500,OLS_iid,iid,False,5
13,7,7001,4,40001,True,0,False,100,0.0,0.017279505729675293,0.0222254866119657,0.021942181777594678,0.028934526350556204,0.0,1.0,0.32590947773927126,13,8,0.570087712549569,2500,OLS_iid,iid,False,5
13,8,8001,20,200001,True,0,False,100,0.0,0.005862794816493988,0.01881645271397067,0.018201631453321925,0.027057233893948183,0.0,1.0,0.3242656496548514,13,8,0.570087712549569,2500,OLS_iid,iid,False,5
13,8,8001,13,130001,True,0,False,100,0.0,0.008592063095420599,0.02235453851144422,0.021563401863526305,0.03569150372355542,0.0,1.0,0.3291948655986462,13,8,0.570087712549569,2500,OLS_iid,iid,False,5
13,8,8001,14,140001,True,0,False,100,0.0,0.00819217599928379,0.021064035201529052,0.020621465690082934,0.02917592885772791,0.0,1.0,0.32083930693968493,13,8,0.570087712549569,2500,OLS_iid,iid,False,5
13,1,1001,12,120001,True,0,False,100,0.0,0.09589208709076047,0.022877326111411016,0.022011158662861494,0.030406022578368958,0.0,1.0,0.3255754227670762,13,8,0.570087712549569,2500,OLS_iid,iid,False,5
13,7,7001,18,180001,True,0,False,100,0.0,0.014399288222193718,0.022796754100068605,0.022261271462720698,0.0307449876539505,0.0,1.0,0.31862575935683213,13,8,0.570087712549569,2500,OLS_iid,iid,False,5
13,8,8001,4,40001,True,0,False,100,0.0,0.008620033040642738,0.023122291698510673,0.022403005526544055,0.034803111845123504,0.0,1.0,0.326265848809948,13,8,0.570087712549569,2500,OLS_iid,iid,False,5
13,6,6001,5,50001,True,0,False,100,0.0,0.022826603148132563,0.020895457362148952,0.020268032062465937,0.029650051136918133,0.0,1.0,0.3234202072008361,13,8,0.570087712549569,2500,OLS_iid,iid,False,5
13,7,7001,24,240001,True,0,False,100,0.0,0.008832011371850967,0.022140605577815973,0.021790028273342203,0.029733334121656217,0.0,1.0,0.3250305247577419,13,8,0.570087712549569,2500,OLS_iid,iid,False,5
13,6,6001,27,270001,True,0,False,100,0.0,0.020549120847135782,0.02323758112710987,0.02220229392216394,0.03188944450812295,0.0,1.0,0.3213657768812475,13,8,0.570087712549569,2500,OLS_iid,iid,False,5
13,8,8001,5,50001,True,0,False,100,0.0,0.011005504988133907,0.019639926905354266,0.019068594031423088,0.026483406209852522,0.0,1.0,0.31903582178656553,13,8,0.570087712549569,2500,OLS_iid,iid,False,5
13,7,7001,13,130001,True,0,False,100,0.0,0.013760243076831102,0.021980227434057975,0.021692810153169043,0.029248766763630866,0.0,1.0,0.31919756430487034,13,8,0.570087712549569,2500,OLS_iid,iid,False,5
13,6,6001,15,150001,True,0,False,100,0.0,0.03097235132008791,0.023516856864461744,0.02284616436679808,0.033524890002998575,0.0,1.0,0.32278365759615063,13,8,0.570087712549569,2500,OLS_iid,iid,False,5
13,7,7001,23,230001,True,0,False,100,0.0,0.008937390986829996,0.02069927973163165,0.020363716547672536,0.02420908575710106,0.0,1.0,0.3268829723651765,13,8,0.570087712549569,2500,OLS_iid,iid,False,5
13,7,7001,10,100001,True,0,False,100,0.0,0.024043914396315813,0.02304891306566078,0.02263607131384474,0.03406905761562863,0.0,1.0,0.3178084411836491,13,8,0.570087712549569,2500,OLS_iid,iid,False,5
13,8,8001,11,110001,True,0,False,100,0.0,0.01151747116819024,0.023460614828511545,0.02299338829852058,0.02943534901795176,0.0,1.0,0.32321424002615984,13,8,0.570087712549569,2500,OLS_iid,iid,False,5
13,7,7001,26,260001,True,0,False,100,0.0,0.005139140412211418,0.019991966843117978,0.019416282731558925,0.028090789454379404,0.0,1.0,0.3220053979879988,13,8,0.570087712549569,2500,OLS_iid,iid,False,5
13,6,6001,26,260001,True,0,False,100,0.0,0.029515590984374285,0.02012404507880691,0.01958784414980536,0.027470236517861773,0.0,1.0,0.3228120173552168,13,8,0.570087712549569,2500,OLS_iid,iid,False,5
13,7,7001,15,150001,True,0,False,100,0.0,0.01360622514039278,0.02033605945014636,0.019932663471217846,0.027028667483191566,0.0,1.0,0.3230382652581341,13,8,0.570087712549569,2500,OLS_iid,iid,False,5
13,7,7001,25,250001,True,0,False,100,0.0,0.00830539595335722,0.018263080617077376,0.017621880967521597,0.029277782891052206,0.0,1.0,0.3274241284151466,13,8,0.570087712549569,2500,OLS_iid,iid,False,5
13,8,8001,17,170001,True,0,False,100,0.0,0.011520690750330687,0.02135138645447092,0.020715551306845884,0.0299688904298656,0.0,1.0,0.32278143347281074,13,8,0.570087712549569,2500,OLS_iid,iid,False,5
13,8,8001,19,190001,True,0,False,100,0.0,0.007455681916326284,0.021535409414395995,0.020451902393982715,0.029444626338702446,0.0,1.0,0.3211501022151392,13,8,0.570087712549569,2500,OLS_iid,iid,False,5
12,6,6001,8,80001,True,14,False,100,0.0,0.331547190900892,0.027874914901746244,0.025033656184598317,0.050495123009319874,0.3645813605747281,0.9313530513761283,0.2892536211609552,13,8,0.570087712549569,2500,OLS_iid,iid,False,5
13,8,8001,0,1,True,0,False,100,0.0,0.016697080805897713,0.0264910055212185,0.025516755249685677,0.0394321285236636,0.0,1.0,0.31979490676202865,13,8,0.570087712549569,2500,OLS_iid,iid,False,5
13,6,6001,23,230001,True,0,False,100,0.0,0.029917389154434204,0.024256201434932515,0.02325686483278259,0.040502923593379925,0.0,1.0,0.326075059437937,13,8,0.570087712549569,2500,OLS_iid,iid,False,5
13,8,8001,24,240001,True,0,False,100,0.0,0.00507305096834898,0.020243730569287677,0.019682074875994424,0.030027498625507517,0.0,1.0,0.3219312686743749,13,8,0.570087712549569,2500,OLS_iid,iid,False,5
12,4,4001,14,140001,True,14,False,100,0.0,0.43789329659193754,0.02966488993994142,0.027329312774483625,0.05408009357875632,0.3700150490251016,0.929182458178381,0.2891850057769922,13,8,0.570087712549569,2500,OLS_iid,iid,False,5
13,6,6001,1,10001,True,0,False,100,0.0,0.02643528487533331,0.02285484169744538,0.022340148360298413,0.029829612545623534,0.0,1.0,0.3237512490061833,13,8,0.570087712549569,2500,OLS_iid,iid,False,5
13,8,8001,3,30001,True,0,False,100,0.0,0.017336065880954266,0.022251376325218196,0.021978960902791382,0.027125742059226774,0.0,1.0,0.32176571598082454,13,8,0.570087712549569,2500,OLS_iid,iid,False,5
13,7,7001,28,280001,True,0,False,100,0.0,0.018833755049854517,0.020811009450717483,0.020024012228698613,0.030540576919031316,0.0,1.0,0.32481821586426074,13,8,0.570087712549569,2500,OLS_iid,iid,False,5
13,6,6001,9,90001,True,0,False,100,0.0,0.02885551657527685,0.02080272469089422,0.020188786583165995,0.03176701041446326,0.0,1.0,0.32270243150622707,13,8,0.570087712549569,2500,OLS_iid,iid,False,5
13,8,8001,18,180001,True,0,False,100,0.0,0.012820080853998661,0.023984745847447232,0.023311132486379026,0.03120809841861568,0.0,1.0,0.3223023947007638,13,8,0.570087712549569,2500,OLS_iid,iid,False,5
13,8,8001,1,10001,True,0,False,100,0.0,0.01873753499239683,0.020672142375307026,0.01978011237333824,0.030951558765235927,0.0,1.0,0.32449339693378654,13,8,0.570087712549569,2500,OLS_iid,iid,False,5
13,8,8001,23,230001,True,0,False,100,0.0,0.0049502309411764145,0.019965807347636415,0.019396549638848456,0.02697643810719588,0.0,1.0,0.32130570474251446,13,8,0.570087712549569,2500,OLS_iid,iid,False,5
13,7,7001,16,160001,True,0,False,100,0.0,0.024556810036301613,0.020572931337374166,0.01956677885261536,0.0290595686681861,0.0,1.0,0.32672025388113307,13,8,0.570087712549569,2500,OLS_iid,iid,False,5
13,9,9001,0,1,True,0,False,100,0.0,0.007364452816545963,0.02134983152358548,0.02097070013108667,0.026014457634355746,0.0,1.0,0.3170368955001476,13,8,0.570087712549569,2500,OLS_iid,iid,False,5
13,7,7001,5,50001,True,0,False,100,0.0,0.02140426402911544,0.018360219095983746,0.01806573834837791,0.0236831346008846,0.0,1.0,0.322136354631176,13,8,0.570087712549569,2500,OLS_iid,iid,False,5
13,7,7001,6,60001,True,0,False,100,0.0,0.02765867579728365,0.021622983038582504,0.02109743807055435,0.03112313609337449,0.0,1.0,0.32036992769835315,13,8,0.570087712549569,2500,OLS_iid,iid,False,5
12,9,9001,17,170001,True,14,False,100,0.0,0.17688083881512284,0.03334214290614709,0.0311082949981698,0.06208471307612068,0.3804492101160874,0.9247415278104276,0.29108403345612976,13,8,0.570087712549569,2500,OLS_iid,iid,False,5
13,8,8001,25,250001,True,0,False,100,0.0,0.009985152631998062,0.017566500150676415,0.016945344099718165,0.022622609041545522,0.0,1.0,0.3178952471859347,13,8,0.570087712549569,2500,OLS_iid,iid,False,5
13,8,8001,10,100001,True,0,False,100,0.0,0.01933508086949587,0.02278382614411418,0.02212704877190258,0.03532305646254018,0.0,1.0,0.3272700366535453,13,8,0.570087712549569,2500,OLS_iid,iid,False,5
13,8,8001,15,150001,True,0,False,100,0.0,0.015858247876167297,0.019607961639488226,0.019065529967198375,0.02697452031018564,0.0,1.0,0.3181177250566797,13,8,0.570087712549569,2500,OLS_iid,iid,False,5
13,9,9001,18,180001,True,0,False,100,0.0,0.005607306957244873,0.021193071361649204,0.020809324493976787,0.0256624185138047,0.0,1.0,0.3189272125590202,13,8,0.570087712549569,2500,OLS_iid,iid,False,5
13,8,8001,16,160001,True,0,False,100,0.0,0.018424856942147017,0.018344627950099036,0.017552453424886157,0.027184098293858545,0.0,1.0,0.32455533796325947,13,8,0.570087712549569,2500,OLS_iid,iid,False,5
13,9,9001,13,130001,True,0,False,100,0.0,0.006289011798799038,0.02028067598369004,0.019415414084023887,0.027923591222420503,0.0,1.0,0.3229508767623341,13,8,0.570087712549569,2500,OLS_iid,iid,False,5
12,8,8001,22,220001,True,14,False,100,0.0,0.21761070424690843,0.03340897586239834,0.03220143865283693,0.04814205325464261,0.3757848443714709,0.9270346290103559,0.29096447778090967,13,8,0.570087712549569,2500,OLS_iid,iid,False,5
13,8,8001,26,260001,True,0,False,100,0.0,0.011964427772909403,0.020021987526946144,0.019174756617942317,0.02828345343787132,0.0,1.0,0.3268502764063963,13,8,0.570087712549569,2500,OLS_iid,iid,False,5
13,5,5001,19,190001,True,0,False,100,0.0,0.04877091199159622,0.02319218085128437,0.022208818718333426,0.03743913061791026,0.0,1.0,0.32712008552674676,13,8,0.570087712549569,2500,OLS_iid,iid,False,5
13,8,8001,27,270001,True,0,False,100,0.0,0.011140843853354454,0.021255587995067396,0.020657843780538535,0.025363595566941996,0.0,1.0,0.32333314638233784,13,8,0.570087712549569,2500,OLS_iid,iid,False,5
13,9,9001,24,240001,True,0,False,100,0.0,0.006114832125604153,0.02173168470769073,0.020895173182249007,0.0317949767268232,0.0,1.0,0.32155885887567975,13,8,0.570087712549569,2500,OLS_iid,iid,False,5
13,8,8001,28,280001,True,0,False,100,0.0,0.011927257757633924,0.021679391743450554,0.021131179469228115,0.02800040605517112,0.0,1.0,0.32177480847835616,13,8,0.570087712549569,2500,OLS_iid,iid,False,5
13,8,8001,2,20001,True,0,False,100,0.0,0.02476409776136279,0.019505041268346405,0.01890309344814725,0.024647588855929596,0.0,1.0,0.32080378005066595,13,8,0.570087712549569,2500,OLS_iid,iid,False,5
13,8,8001,7,70001,True,0,False,100,0.0,0.023934984114021063,0.022687099823587197,0.02187665588091179,0.030442813865626646,0.0,1.0,0.3184445902993076,13,8,0.570087712549569,2500,OLS_iid,iid,False,5
13,9,9001,16,160001,True,0,False,100,0.0,0.008544194046407938,0.024199168075331137,0.02363115800312691,0.03338536462521955,0.0,1.0,0.33025532708513244,13,8,0.570087712549569,2500,OLS_iid,iid,False,5
13,9,9001,22,220001,True,0,False,100,0.0,0.007044435944408178,0.019632635268523418,0.019250665822682887,0.025529026131567104,0.0,1.0,0.3266660447188215,13,8,0.570087712549569,2500,OLS_iid,iid,False,5
13,9,9001,17,170001,True,0,False,100,0.0,0.007370393257588148,0.021658674243277193,0.021277430297685175,0.028083884834019,0.0,1.0,0.3187848717754299,13,8,0.570087712549569,2500,OLS_iid,iid,False,5
13,9,9001,11,110001,True,0,False,100,0.0,0.011558221187442541,0.020999358618719852,0.020182246903536125,0.027837473736572842,0.0,1.0,0.32595426965674507,13,8,0.570087712549569,2500,OLS_iid,iid,False,5
13,9,9001,12,120001,True,0,False,100,0.0,0.010853576008230448,0.019855566196725863,0.019488895505964707,0.027751244684251487,0.0,1.0,0.3238470511488774,13,8,0.570087712549569,2500,OLS_iid,iid,False,5
13,8,8001,8,80001,True,0,False,100,0.0,0.01934356987476349,0.02112955467421967,0.020235760926318364,0.0320454535182556,0.0,1.0,0.327003516208042,13,8,0.570087712549569,2500,OLS_iid,iid,False,5
13,9,9001,9,90001,True,0,False,100,0.0,0.007241243962198496,0.02047291051831168,0.019839323836771845,0.027723826117684074,0.0,1.0,0.3197700146429256,13,8,0.570087712549569,2500,OLS_iid,iid,False,5
12,7,7001,29,290001,True,14,False,100,0.0,0.26133677503094077,0.025899859963618092,0.024621339685890795,0.042284745400037016,0.36545832893437374,0.9308472555902502,0.28676422197496565,13,8,0.570087712549569,2500,OLS_iid,iid,False,5
13,9,9001,25,250001,True,0,False,100,0.0,0.008540352806448936,0.023483383728820428,0.023056193068607657,0.031486502115960074,0.0,1.0,0.32291552667108697,13,8,0.570087712549569,2500,OLS_iid,iid,False,5
13,1,1001,11,110001,True,0,False,100,0.0,0.11712729232385755,0.021058460114423777,0.020307663790316635,0.02925909466975081,0.0,1.0,0.31620482820285556,13,8,0.570087712549569,2500,OLS_iid,iid,False,5
13,8,8001,12,120001,True,0,False,100,0.0,0.02417228277772665,0.02135391503926991,0.020704744834552945,0.03245026071785685,0.0,1.0,0.3281285915752054,13,8,0.570087712549569,2500,OLS_iid,iid,False,5
13,9,9001,20,200001,True,0,False,100,0.0,0.004945212043821812,0.022078845523315516,0.021351573211239077,0.030143589913273556,0.0,1.0,0.3227749980638043,13,8,0.570087712549569,2500,OLS_iid,iid,False,5
13,9,9001,29,290001,True,0,False,100,0.0,0.008621093351393938,0.021703804956519232,0.0213732991791759,0.03016863236735054,0.0,1.0,0.3235811974856448,13,8,0.570087712549569,2500,OLS_iid,iid,False,5
13,9,9001,14,140001,True,0,False,100,0.0,0.008527153637260199,0.021185093792457543,0.0207234240003975,0.029726527277098354,0.0,1.0,0.3245398796528638,13,8,0.570087712549569,2500,OLS_iid,iid,False,5
12,9,9001,16,160001,True,14,False,100,0.0,0.18685140227898955,0.02770727623355849,0.026067185850998098,0.04515409707370317,0.3650838279935555,0.9313867007259867,0.29172824025958427,13,8,0.570087712549569,2500,OLS_iid,iid,False,5
13,9,9001,1,10001,True,0,False,100,0.0,0.012777940835803747,0.02337720387741551,0.021983939710333453,0.037309350248630364,0.0,1.0,0.32494653120159767,13,8,0.570087712549569,2500,OLS_iid,iid,False,5
13,8,8001,29,290001,True,0,False,100,0.0,0.01743229478597641,0.021134273899485575,0.020200921996353483,0.03042890175473895,0.0,1.0,0.32150663303979216,13,8,0.570087712549569,2500,OLS_iid,iid,False,5
13,9,9001,5,50001,True,0,False,100,0.0,0.015379939693957567,0.01958276333655555,0.01893644313430174,0.02867220985052294,0.0,1.0,0.3225261626125884,13,8,0.570087712549569,2500,OLS_iid,iid,False,5
12,8,8001,4,40001,True,14,False,100,0.0,0.25486011523753405,0.030259857237233647,0.028534332330234655,0.05044283203476438,0.36621850705426245,0.9306867266915267,0.2878669225288074,13,8,0.570087712549569,2500,OLS_iid,iid,False,5
13,9,9001,27,270001,True,0,False,100,0.0,0.009780753869563341,0.023211270586722812,0.02267829726411781,0.030796515262611526,0.0,1.0,0.3242628517943621,13,8,0.570087712549569,2500,OLS_iid,iid,False,5
13,3,3001,27,270001,True,0,False,100,0.0,0.0763946077786386,0.02037794996655803,0.019628475921768036,0.03035398251600698,0.0,1.0,0.32236661053793775,13,8,0.570087712549569,2500,OLS_iid,iid,False,5
13,9,9001,7,70001,True,0,False,100,0.0,0.01647554198279977,0.02053568926612736,0.019460207632341464,0.03689798202352472,0.0,1.0,0.3261889258276214,13,8,0.570087712549569,2500,OLS_iid,iid,False,5
13,1,1001,20,200001,True,0,False,100,0.0,0.12739474326372147,0.02217611183392106,0.021136749228419315,0.0317546605196676,0.0,1.0,0.3233388488415609,13,8,0.570087712549569,2500,OLS_iid,iid,False,5
13,7,7001,8,80001,True,0,False,100,0.0,0.04243517201393843,0.019528702537043263,0.019104500499136742,0.026732582835716216,0.0,1.0,0.3193264486967499,13,8,0.570087712549569,2500,OLS_iid,iid,False,5
13,7,7001,14,140001,True,0,False,100,0.0,0.035322816111147404,0.021748806826054998,0.020689375080615864,0.03636857962681979,0.0,1.0,0.31913697045828004,13,8,0.570087712549569,2500,OLS_iid,iid,False,5
13,9,9001,26,260001,True,0,False,100,0.0,0.01876418385654688,0.0211608034991894,0.020812832301864523,0.029756317939800263,0.0,1.0,0.321945467578501,13,8,0.570087712549569,2500,OLS_iid,iid,False,5
13,2,2001,21,210001,True,0,False,100,0.0,0.09419354982674122,0.019644448370454974,0.01924366482222761,0.026439274448967726,0.0,1.0,0.3166021271526384,13,8,0.570087712549569,2500,OLS_iid,iid,False,5
13,9,9001,19,190001,True,0,False,100,0.0,0.013891912996768951,0.022059583823564165,0.021188995262278486,0.03087216873985787,0.0,1.0,0.32279847856813954,13,8,0.570087712549569,2500,OLS_iid,iid,False,5
13,9,9001,21,210001,True,0,False,100,0.0,0.014656607061624527,0.021536537609770763,0.02104521307334643,0.029394203589345858,0.0,1.0,0.32109398923286075,13,8,0.570087712549569,2500,OLS_iid,iid,False,5
12,9,9001,29,290001,True,14,False,100,0.0,0.1709805652499199,0.02804177133861157,0.026357313808613527,0.051850992729665014,0.37275689924831856,0.9282680171107283,0.2908783542761289,13,8,0.570087712549569,2500,OLS_iid,iid,False,5
12,8,8001,3,30001,True,15,False,100,0.0,0.2610411378555,0.026937745252137907,0.025776034857970878,0.03898629793089524,0.3882283256511204,0.9219180938365933,0.2839462474765858,13,8,0.570087712549569,2500,OLS_iid,iid,False,5
13,9,9001,28,280001,True,0,False,100,0.0,0.011725118849426508,0.024274049814511988,0.023632198551013315,0.035743480799529465,0.0,1.0,0.3272020899201364,13,8,0.570087712549569,2500,OLS_iid,iid,False,5
13,9,9001,2,20001,True,0,False,100,0.0,0.020476050674915314,0.020043896571364763,0.01949001963964683,0.028679889694706664,0.0,1.0,0.32462969166869005,13,8,0.570087712549569,2500,OLS_iid,iid,False,5
13,9,9001,4,40001,True,0,False,100,0.0,0.01996634528040886,0.024704127629989546,0.02369686855334045,0.03347089873770327,0.0,1.0,0.3195790460627022,13,8,0.570087712549569,2500,OLS_iid,iid,False,5
13,1,1001,16,160001,True,0,False,100,0.0,0.13755228370428085,0.01987216019975038,0.01941375500199632,0.03048725906818492,0.0,1.0,0.3264886550002196,13,8,0.570087712549569,2500,OLS_iid,iid,False,5
13,8,8001,9,90001,True,0,False,100,0.0,0.030628003180027008,0.023382142676748655,0.022345321336794618,0.03199464209098068,0.0,1.0,0.3197992075629414,13,8,0.570087712549569,2500,OLS_iid,iid,False,5
13,3,3001,14,140001,True,0,False,100,0.0,0.087100924924016,0.0204501521271762,0.019212166760024206,0.028969457812169565,0.0,1.0,0.31806327167138315,13,8,0.570087712549569,2500,OLS_iid,iid,False,5
13,9,9001,8,80001,True,0,False,100,0.0,0.02075508888810873,0.023410425646994405,0.022455683277853904,0.030970556619109926,0.0,1.0,0.32585267487226,13,8,0.570087712549569,2500,OLS_iid,iid,False,5
12,9,9001,0,1,True,14,False,100,0.0,0.21651440300047398,0.03289734365480364,0.030768915357569017,0.05937602642146323,0.37503783743740954,0.9274489686495277,0.2942092584858998,13,8,0.570087712549569,2500,OLS_iid,iid,False,5
12,4,4001,12,120001,True,14,False,100,0.0,0.4580909009091556,0.029925499894190535,0.02789052341340467,0.057484179777634016,0.37349437716859846,0.9277519529595283,0.28931747475900405,13,8,0.570087712549569,2500,OLS_iid,iid,False,5
13,9,9001,6,60001,True,0,False,100,0.0,0.020292423199862242,0.01999972640552999,0.01934273844532352,0.024886089571795927,0.0,1.0,0.31744955643426165,13,8,0.570087712549569,2500,OLS_iid,iid,False,5
13,9,9001,10,100001,True,0,False,100,0.0,0.021320755127817392,0.019411281956626465,0.018484056602702435,0.028762273170739476,0.0,1.0,0.31982048014987186,13,8,0.570087712549569,2500,OLS_iid,iid,False,5
13,7,7001,19,190001,True,0,False,100,0.0,0.03278888622298837,0.022924679423242254,0.02243156097581557,0.029321637751451152,0.0,1.0,0.32001512751834005,13,8,0.570087712549569,2500,OLS_iid,iid,False,5
12,9,9001,6,60001,True,14,False,100,0.0,0.21380938403308392,0.02802050864375557,0.026036378414293015,0.04983313842193892,0.37224591997081136,0.9288096975221989,0.28745795415230946,13,8,0.570087712549569,2500,OLS_iid,iid,False,5
13,8,8001,22,220001,True,0,False,100,0.0,0.02281467290595174,0.021523443461066546,0.020663906897171767,0.029967747418570955,0.0,1.0,0.32885181318097395,13,8,0.570087712549569,2500,OLS_iid,iid,False,5
13,8,8001,21,210001,True,0,False,100,0.0,0.044908681884408,0.019508240588191936,0.018978323814724137,0.026199391732453607,0.0,1.0,0.32755164770475,13,8,0.570087712549569,2500,OLS_iid,iid,False,5
13,5,5001,17,170001,True,0,False,100,0.0,0.06681823218241334,0.02075918570943002,0.01988659368115838,0.032202892557845725,0.0,1.0,0.3239382009385294,13,8,0.570087712549569,2500,OLS_iid,iid,False,5
13,9,9001,23,230001,True,0,False,100,0.0,0.019627448171377182,0.021724289040772893,0.02025275924321011,0.03797143497573589,0.0,1.0,0.32490210750232984,13,8,0.570087712549569,2500,OLS_iid,iid,False,5
13,9,9001,3,30001,True,0,False,100,0.0,0.026690573897212744,0.020095938041625225,0.019654470276088538,0.027228033916717177,0.0,1.0,0.32333217194913944,13,8,0.570087712549569,2500,OLS_iid,iid,False,5
13,5,5001,1,10001,True,0,False,100,0.0,0.0688643860630691,0.02602918633250007,0.02518429811742912,0.03739132362764151,0.0,1.0,0.3263676573488493,13,8,0.570087712549569,2500,OLS_iid,iid,False,5
13,9,9001,15,150001,True,0,False,100,0.0,0.014695486053824425,0.02232960192131377,0.02181368135739277,0.02933864676548152,0.0,1.0,0.3245550040091657,13,8,0.570087712549569,2500,OLS_iid,iid,False,5
12,8,8001,26,260001,True,14,False,100,0.0,0.22718530986458063,0.027204474853627817,0.026858565409622302,0.034233361249628176,0.358961846166409,0.9336820799487385,0.285993346972829,13,8,0.570087712549569,2500,OLS_iid,iid,False,5
13,0,1,22,220001,True,0,False,100,0.0,0.13793838117271662,0.018944801878343902,0.01836991020404743,0.027919971202563815,0.0,1.0,0.3281467685501961,13,8,0.570087712549569,2500,OLS_iid,iid,False,5
13,3,3001,7,70001,True,0,False,100,0.0,0.08740774262696505,0.022775942287684287,0.02218639316166471,0.031080462860280947,0.0,1.0,0.32152901005802953,13,8,0.570087712549569,2500,OLS_iid,iid,False,5
12,9,9001,24,240001,True,14,False,100,0.0,0.18649722496047616,0.03127134849123317,0.030072346159053638,0.04608935881355034,0.37790715980456246,0.92608232797854,0.28677496412604253,13,8,0.570087712549569,2500,OLS_iid,iid,False,5
12,8,8001,19,190001,True,13,False,100,0.0,0.2467180280946195,0.028791525497316582,0.026673174237536536,0.045992702439452714,0.37259091108969167,0.9282269172822544,0.2858144140611564,13,8,0.570087712549569,2500,OLS_iid,iid,False,5
13,4,4001,3,30001,True,0,False,100,0.0,0.07766934763640165,0.019389897143515553,0.018742751977610727,0.028794665857249456,0.0,1.0,0.31688763535078174,13,8,0.570087712549569,2500,OLS_iid,iid,False,5
13,3,3001,9,90001,True,0,False,100,0.0,0.10440474096685648,0.023960013447315597,0.02238986865182815,0.0363841546946816,0.0,1.0,0.32522661845161044,13,8,0.570087712549569,2500,OLS_iid,iid,False,5
12,8,8001,25,250001,True,14,False,100,0.0,0.2240931740961969,0.028046669034670558,0.0270819591172438,0.0426197446587379,0.359190859146978,0.9333589288108594,0.29315324374171775,13,8,0.570087712549569,2500,OLS_iid,iid,False,5
12,8,8001,15,150001,True,15,False,100,0.0,0.2617647321894765,0.025597273378334437,0.023729483203862558,0.0491042408821717,0.37694004694384553,0.926233697114141,0.2859098437890923,13,8,0.570087712549569,2500,OLS_iid,iid,False,5
12,6,6001,16,160001,True,14,False,100,0.0,0.35390833811834455,0.028999124402881122,0.028146598730999665,0.04275395389207454,0.35626939205288155,0.9345123892719839,0.28603678500809293,13,8,0.570087712549569,2500,OLS_iid,iid,False,5
12,6,6001,28,280001,True,13,False,100,0.0,0.3255812767893076,0.025817437662018695,0.024403805185988812,0.044604263028620535,0.36353923920856446,0.9316052561732311,0.2871286708994217,13,8,0.570087712549569,2500,OLS_iid,iid,False,5
12,6,6001,14,140001,True,15,False,100,0.0,0.3642740580253303,0.024785325720480762,0.0237048598384926,0.04544185966362548,0.36205985768757865,0.9322242480474061,0.2846533331252416,13,8,0.570087712549569,2500,OLS_iid,iid,False,5
13,5,5001,18,180001,True,0,False,100,0.0,0.08874598331749439,0.02089767774503856,0.020346025365839022,0.03025668972140692,0.0,1.0,0.3254375270439029,13,8,0.570087712549569,2500,OLS_iid,iid,False,5
13,7,7001,27,270001,True,0,False,100,0.0,0.06253208639100194,0.02076332709448263,0.01999146850945908,0.02686352318890059,0.0,1.0,0.3298421960327788,13,8,0.570087712549569,2500,OLS_iid,iid,False,5
12,9,9001,5,50001,True,14,False,100,0.0,0.23881347011774778,0.028623832928745558,0.02703357312159245,0.05426989452017845,0.372795245539753,0.9281325022101189,0.290859119150674,13,8,0.570087712549569,2500,OLS_iid,iid,False,5
13,2,2001,16,160001,True,0,False,100,0.0,0.13033688999712467,0.02171841724821773,0.02105808231733862,0.02988282795538782,0.0,1.0,0.32015732755361337,13,8,0.570087712549569,2500,OLS_iid,iid,False,5
12,7,7001,9,90001,True,15,False,100,0.0,0.319978890940547,0.03450244375337957,0.031757565128893925,0.07275912460225613,0.37033081619240127,0.9290633642550772,0.2876883976292773,13,8,0.570087712549569,2500,OLS_iid,iid,False,5
13,6,6001,22,220001,True,0,False,100,0.0,0.08242617128416896,0.02082125971429178,0.020575472951414046,0.025326069887331184,0.0,1.0,0.32702819032086233,13,8,0.570087712549569,2500,OLS_iid,iid,False,5
13,5,5001,2,20001,True,0,False,100,0.0,0.10025571286678314,0.020932547587526017,0.0200805143629911,0.029680295020491503,0.0,1.0,0.3279088168417301,13,8,0.570087712549569,2500,OLS_iid,iid,False,5
12,7,7001,10,100001,True,15,False,100,0.0,0.3251306810416281,0.02292088388402663,0.02248521649312322,0.029256990198544667,0.38748242585680237,0.9219275109734079,0.28613769723687227,13,8,0.570087712549569,2500,OLS_iid,iid,False,5
13,5,5001,16,160001,True,0,False,100,0.0,0.0997698768042028,0.018897509021876244,0.01846494901360165,0.026391523754330022,0.0,1.0,0.32497685706621304,13,8,0.570087712549569,2500,OLS_iid,iid,False,5
12,6,6001,11,110001,True,14,False,100,0.0,0.3882445120252669,0.02523790467060152,0.024263188642911618,0.03861930120406976,0.39317299933522926,0.9196731532597457,0.2834475495115842,13,8,0.570087712549569,2500,OLS_iid,iid,False,5
12,8,8001,18,180001,True,14,False,100,0.0,0.2769277039915323,0.02558988172969041,0.02442561397947992,0.03709722744802316,0.37266775532238766,0.9283978553456642,0.28573933564869636,13,8,0.570087712549569,2500,OLS_iid,iid,False,5
12,9,9001,28,280001,True,14,False,100,0.0,0.2164875720627606,0.02690865754419842,0.025797407524819346,0.04136483244227,0.3561415023948713,0.9344659932290574,0.2892650942287732,13,8,0.570087712549569,2500,OLS_iid,iid,False,5
13,6,6001,13,130001,True,0,False,100,0.0,0.09573981817811728,0.022109880083141797,0.02142063316616821,0.033197226648850685,0.0,1.0,0.32003325602833405,13,8,0.570087712549569,2500,OLS_iid,iid,False,5
12,5,5001,7,70001,True,14,False,100,0.0,0.46307344222441316,0.023300725805311034,0.022588271208264905,0.030824873958949655,0.3735239650980573,0.9280234926093326,0.2880497638701771,13,8,0.570087712549569,2500,OLS_iid,iid,False,5
12,5,5001,23,230001,True,14,False,100,0.0,0.4368838551454246,0.027138881969831725,0.02594802659283102,0.040949345190260694,0.36050119660979474,0.9327844244834886,0.2898148099261306,13,8,0.570087712549569,2500,OLS_iid,iid,False,5
12,4,4001,15,150001,True,14,False,100,0.0,0.5076874466612935,0.02679033262695275,0.023920356454098065,0.051409034855457156,0.3745559984604596,0.9274779525471434,0.2961060784389878,13,8,0.570087712549569,2500,OLS_iid,iid,False,5
12,7,7001,8,80001,True,14,False,100,0.0,0.34387060487642884,0.027363382110721233,0.02580391180107224,0.04000439928072229,0.35970460844636604,0.9333743061852527,0.28674108797650305,13,8,0.570087712549569,2500,OLS_iid,iid,False,5
12,7,7001,19,190001,True,14,False,100,0.0,0.32940063811838627,0.027357137076130026,0.0252664291906923,0.05608851604238999,0.3630764303212101,0.9317656439804686,0.28282412553181574,13,8,0.570087712549569,2500,OLS_iid,iid,False,5
12,4,4001,7,70001,True,13,False,100,0.0,0.516795095987618,0.02706808524119936,0.026003491385132173,0.040720407230098406,0.37313549168238763,0.9284289929198152,0.2856353219650781,13,8,0.570087712549569,2500,OLS_iid,iid,False,5
12,5,5001,24,240001,True,15,False,100,0.0,0.4364313781261444,0.031983455196558715,0.030596466567841464,0.045533352447738144,0.3756088519366488,0.9270620093301271,0.2868751304536157,13,8,0.570087712549569,2500,OLS_iid,iid,False,5
12,9,9001,2,20001,True,15,False,100,0.0,0.2699040281586349,0.03225876330558927,0.030122955448894314,0.05405586880615806,0.3801924010455995,0.9252024453588132,0.292677102237673,13,8,0.570087712549569,2500,OLS_iid,iid,False,5
12,9,9001,9,90001,True,14,False,100,0.0,0.2639851551502943,0.032933857844247266,0.029786309259457563,0.06351899797712568,0.36902969107790035,0.9294284813308903,0.2845966820564956,13,8,0.570087712549569,2500,OLS_iid,iid,False,5
12,7,7001,2,20001,True,14,False,100,0.0,0.3618675456382334,0.03199022807641811,0.029486511351816222,0.060185090772607426,0.37010995542760683,0.929135147379289,0.2908361163045602,13,8,0.570087712549569,2500,OLS_iid,iid,False,5
12,7,7001,6,60001,True,17,False,100,0.0,0.36123195104300976,0.030106814466788576,0.028475996986605467,0.052977124690863645,0.3791627437276851,0.9256865601955027,0.28501916644961106,13,8,0.570087712549569,2500,OLS_iid,iid,False,5
12,6,6001,26,260001,True,14,False,100,0.0,0.37660586182028055,0.02867838905448657,0.026632151812326067,0.058680883451170424,0.35867704946071494,0.9340561315001578,0.29175885629803044,13,8,0.570087712549569,2500,OLS_iid,iid,False,5
12,7,7001,28,280001,True,14,False,100,0.0,0.3394291801378131,0.0261206582519671,0.02409385150419284,0.04358351982797123,0.3581150022590601,0.9337096040825154,0.28184981617980764,13,8,0.570087712549569,2500,OLS_iid,iid,False,5
12,5,5001,25,250001,True,15,False,100,0.0,0.44784147990867496,0.021189814579774018,0.02000594143056611,0.037199298556446034,0.3593474816707276,0.9333762006272442,0.28485055053755626,13,8,0.570087712549569,2500,OLS_iid,iid,False,5
12,7,7001,13,130001,True,15,False,100,0.0,0.35176634415984154,0.028300627372361692,0.02623217514641454,0.05180826897770311,0.37271548361952633,0.9282839409105557,0.28892337352132097,13,8,0.570087712549569,2500,OLS_iid,iid,False,5
12,9,9001,4,40001,True,21,False,100,0.0,0.2834824239835143,0.031747517341906735,0.02955904685991597,0.05259280116939283,0.3722623467083568,0.9282919159777223,0.293042125677858,13,8,0.570087712549569,2500,OLS_iid,iid,False,5
12,8,8001,12,120001,True,14,False,100,0.0,0.3197427121922374,0.025229480327244095,0.023537999172603605,0.042904006616438055,0.3710459614604396,0.9287610631146511,0.2900398270342456,13,8,0.570087712549569,2500,OLS_iid,iid,False,5
12,8,8001,16,160001,True,14,False,100,0.0,0.31333916168659925,0.02786308485874196,0.025719376418263645,0.04801023910647793,0.35791229077681835,0.9341264822548074,0.28701234710137113,13,8,0.570087712549569,2500,OLS_iid,iid,False,5
12,8,8001,28,280001,True,18,False,100,0.0,0.29703949810937047,0.02809442024204977,0.02678283856027982,0.045221130915392864,0.3645399065664147,0.9311071468463447,0.28968615639818246,13,8,0.570087712549569,2500,OLS_iid,iid,False,5
12,8,8001,17,170001,True,13,False,100,0.0,0.31463523209095,0.030934137030039242,0.029026725103255827,0.05738309122162288,0.38329611316435225,0.92386672220433,0.28338450333923354,13,8,0.570087712549569,2500,OLS_iid,iid,False,5
12,7,7001,18,180001,True,13,False,100,0.0,0.35334497271105647,0.02448416171043977,0.023214610250349287,0.03867540108463844,0.3609561284841259,0.9327318659268587,0.28916103680188326,13,8,0.570087712549569,2500,OLS_iid,iid,False,5
12,8,8001,10,100001,True,21,False,100,0.0,0.33477424643933773,0.02666106779981124,0.024343905559891004,0.054939836945129356,0.3909318072252267,0.9205005150103788,0.28601774493166643,13,8,0.570087712549569,2500,OLS_iid,iid,False,5
12,7,7001,20,200001,True,15,False,100,0.0,0.35706125292927027,0.027575108808034984,0.02596277091788442,0.047756994231641814,0.3596798018953807,0.9332584896853695,0.28850091871429556,13,8,0.570087712549569,2500,OLS_iid,iid,False,5
12,7,7001,12,120001,True,16,False,100,0.0,0.36815538769587874,0.0294511005174404,0.027780840556996127,0.04509028635776496,0.36906821802807754,0.9297696944175305,0.28981818555260025,13,8,0.570087712549569,2500,OLS_iid,iid,False,5
12,7,7001,17,170001,True,15,False,100,0.0,0.35888946894556284,0.0317304336853392,0.03071024001594325,0.04338541915019973,0.37813805677644885,0.9258834853596564,0.2873032093147667,13,8,0.570087712549569,2500,OLS_iid,iid,False,5
12,8,8001,24,240001,True,15,False,100,0.0,0.30552471289411187,0.036167709641985304,0.03417385096159835,0.058576400714378404,0.3700451413703189,0.9293024529300393,0.29329959333291444,13,8,0.570087712549569,2500,OLS_iid,iid,False,5
12,9,9001,8,80001,True,14,False,100,0.0,0.29082655627280474,0.027415982006787038,0.026242571855278077,0.041720754901367466,0.3687161140910827,0.9298089081239591,0.28642618360954863,13,8,0.570087712549569,2500,OLS_iid,iid,False,5
12,9,9001,14,140001,True,15,False,100,0.0,0.28106921212747693,0.025879158893189484,0.02535165099440294,0.03817459304878068,0.3667079752977762,0.9304387281923342,0.29545391486359956,13,8,0.570087712549569,2500,OLS_iid,iid,False,5
12,9,9001,12,120001,True,19,False,100,0.0,0.29631997365504503,0.028302351338594527,0.02767518117812254,0.03828827537238566,0.3686411147750392,0.929599817893642,0.2899150186607423,13,8,0.570087712549569,2500,OLS_iid,iid,False,5
12,9,9001,13,130001,True,14,False,100,0.0,0.30013620387762785,0.03016324473114238,0.028527934349847302,0.056806307760404844,0.3873685370259421,0.9222333430439763,0.28713983859449055,13,8,0.570087712549569,2500,OLS_iid,iid,False,5
12,9,9001,21,210001,True,15,False,100,0.0,0.3001444349065423,0.0288524778548214,0.02643051180656882,0.05917176904736025,0.3653555641808486,0.931265415310168,0.29004975849510883,13,8,0.570087712549569,2500,OLS_iid,iid,False,5
